OMNeT++ Discrete Event Simulation  (C) 1992-2018 Andras Varga, OpenSim Ltd.
Version: 5.4.1, build: 180629-5e28390, edition: Academic Public License -- NOT FOR COMMERCIAL USE
See the license for distribution terms and warranty disclaimer

Setting up Cmdenv...

Loading NED files from ..:  3
Loading NED files from ../../src:  21
Loading NED files from ../../../queueinglib:  20

Preparing for running configuration sim, run #6...
Scenario: $trace="traces/clarknet-http-105m-l70.delta", $latency=60, $repetition=0
Assigned runID=sim-6-20260921-17:39:29-307346
Setting up network "SWIM"...
Initializing...
t=0 addServer() complete

Running simulation...
** Event #0   t=0   Elapsed: 1.1e-05s (0m 00s)  0% completed  (0% total)
     Speed:     ev/sec=0   simsec/sec=0   ev/simsec=0
     Messages:  created: 7   present: 6   in FES: 5
** Event #512   t=3.153040419118   Elapsed: 3.09894s (0m 03s)  0% completed  (0% total)
     Speed:     ev/sec=165.541   simsec/sec=1.01746   ev/simsec=162.7
     Messages:  created: 93   present: 65   in FES: 6
** Event #1024   t=6.558648024753   Elapsed: 6.50455s (0m 06s)  0% completed  (0% total)
     Speed:     ev/sec=150.34   simsec/sec=1   ev/simsec=150.34
     Messages:  created: 183   present: 127   in FES: 6
** Event #1536   t=9.608838234552   Elapsed: 9.55474s (0m 09s)  0% completed  (0% total)
     Speed:     ev/sec=167.858   simsec/sec=1   ev/simsec=167.858
     Messages:  created: 292   present: 217   in FES: 6
** Event #2048   t=12.069939975123   Elapsed: 12.0158s (0m 12s)  0% completed  (0% total)
     Speed:     ev/sec=208.037   simsec/sec=1   ev/simsec=208.037
     Messages:  created: 369   present: 243   in FES: 6
** Event #2560   t=15.050423329854   Elapsed: 14.9963s (0m 14s)  0% completed  (0% total)
     Speed:     ev/sec=171.784   simsec/sec=0.999999   ev/simsec=171.784
     Messages:  created: 463   present: 303   in FES: 6
** Event #3072   t=17.634488522641   Elapsed: 17.5804s (0m 17s)  0% completed  (0% total)
     Speed:     ev/sec=198.138   simsec/sec=1   ev/simsec=198.137
     Messages:  created: 555   present: 359   in FES: 6
** Event #3584   t=19.753257288564   Elapsed: 19.6992s (0m 19s)  0% completed  (0% total)
     Speed:     ev/sec=241.65   simsec/sec=0.999999   ev/simsec=241.65
     Messages:  created: 659   present: 439   in FES: 6
** Event #4352   t=22.583802906319   Elapsed: 22.5297s (0m 22s)  0% completed  (0% total)
     Speed:     ev/sec=271.326   simsec/sec=1   ev/simsec=271.326
     Messages:  created: 797   present: 519   in FES: 6
** Event #4864   t=24.62308915939   Elapsed: 24.569s (0m 24s)  0% completed  (0% total)
     Speed:     ev/sec=251.066   simsec/sec=0.999992   ev/simsec=251.068
     Messages:  created: 879   present: 549   in FES: 7
** Event #5632   t=27.228306765615   Elapsed: 27.1742s (0m 27s)  0% completed  (0% total)
     Speed:     ev/sec=294.795   simsec/sec=1.00001   ev/simsec=294.793
     Messages:  created: 989   present: 559   in FES: 6
** Event #6400   t=29.927040210435   Elapsed: 29.873s (0m 29s)  0% completed  (0% total)
     Speed:     ev/sec=284.577   simsec/sec=0.999996   ev/simsec=284.578
     Messages:  created: 1071   present: 508   in FES: 7
** Event #7168   t=32.35017136019   Elapsed: 32.2961s (0m 32s)  0% completed  (0% total)
     Speed:     ev/sec=316.946   simsec/sec=1   ev/simsec=316.945
     Messages:  created: 1166   present: 485   in FES: 8
** Event #7936   t=35.166316737888   Elapsed: 35.1122s (0m 35s)  0% completed  (0% total)
     Speed:     ev/sec=272.714   simsec/sec=1   ev/simsec=272.713
     Messages:  created: 1271   present: 487   in FES: 6
** Event #8704   t=38.178310118357   Elapsed: 38.1242s (0m 38s)  0% completed  (0% total)
     Speed:     ev/sec=254.981   simsec/sec=1   ev/simsec=254.981
     Messages:  created: 1356   present: 444   in FES: 6
** Event #9472   t=40.66315536007   Elapsed: 40.6091s (0m 40s)  0% completed  (0% total)
     Speed:     ev/sec=309.072   simsec/sec=0.999996   ev/simsec=309.074
     Messages:  created: 1470   present: 467   in FES: 6
** Event #10240   t=43.179667242103   Elapsed: 43.1256s (0m 43s)  0% completed  (0% total)
     Speed:     ev/sec=305.185   simsec/sec=1   ev/simsec=305.184
     Messages:  created: 1581   present: 484   in FES: 7
** Event #11008   t=46.02622722959   Elapsed: 45.9722s (0m 45s)  0% completed  (0% total)
     Speed:     ev/sec=269.795   simsec/sec=0.999983   ev/simsec=269.799
     Messages:  created: 1693   present: 505   in FES: 7
** Event #11520   t=48.252557299064   Elapsed: 48.1985s (0m 48s)  0% completed  (0% total)
     Speed:     ev/sec=229.98   simsec/sec=1.00002   ev/simsec=229.975
     Messages:  created: 1767   present: 513   in FES: 7
** Event #12288   t=51.079571719967   Elapsed: 51.0255s (0m 51s)  0% completed  (0% total)
     Speed:     ev/sec=271.661   simsec/sec=0.999986   ev/simsec=271.665
     Messages:  created: 1867   present: 505   in FES: 7
** Event #13056   t=53.212044005321   Elapsed: 53.158s (0m 53s)  0% completed  (0% total)
     Speed:     ev/sec=360.146   simsec/sec=1   ev/simsec=360.145
     Messages:  created: 1965   present: 491   in FES: 7
** Event #13824   t=56.110273633873   Elapsed: 56.0562s (0m 56s)  0% completed  (0% total)
     Speed:     ev/sec=264.992   simsec/sec=1.00001   ev/simsec=264.989
     Messages:  created: 2060   present: 470   in FES: 6
** Event #14336   t=58.211167951453   Elapsed: 58.1571s (0m 58s)  0% completed  (0% total)
     Speed:     ev/sec=243.706   simsec/sec=1   ev/simsec=243.706
     Messages:  created: 2139   present: 491   in FES: 6
** Event #15104   t=61.043152098878   Elapsed: 60.9891s (1m 00s)  0% completed  (0% total)
     Speed:     ev/sec=271.188   simsec/sec=0.999999   ev/simsec=271.188
     Messages:  created: 2229   present: 465   in FES: 7
t=62.875275 executing addServer()
adding server with latency=60
** Event #15616   t=63.252542974636   Elapsed: 63.1984s (1m 03s)  1% completed  (1% total)
     Speed:     ev/sec=231.738   simsec/sec=0.999999   ev/simsec=231.738
     Messages:  created: 2275   present: 413   in FES: 7
** Event #16128   t=65.708973028506   Elapsed: 65.6549s (1m 05s)  1% completed  (1% total)
     Speed:     ev/sec=208.431   simsec/sec=0.999991   ev/simsec=208.433
     Messages:  created: 2336   present: 395   in FES: 9
** Event #16640   t=68.065500923866   Elapsed: 68.0133s (1m 08s)  1% completed  (1% total)
     Speed:     ev/sec=217.097   simsec/sec=0.999209   ev/simsec=217.269
     Messages:  created: 2392   present: 368   in FES: 6
** Event #17408   t=70.804815830703   Elapsed: 70.7507s (1m 10s)  1% completed  (1% total)
     Speed:     ev/sec=280.556   simsec/sec=1.00069   ev/simsec=280.362
     Messages:  created: 2502   present: 382   in FES: 7
** Event #17920   t=73.131321651679   Elapsed: 73.0813s (1m 13s)  1% completed  (1% total)
     Speed:     ev/sec=219.688   simsec/sec=0.998254   ev/simsec=220.073
     Messages:  created: 2585   present: 417   in FES: 6
** Event #18432   t=75.46019216938   Elapsed: 75.4206s (1m 15s)  1% completed  (1% total)
     Speed:     ev/sec=218.872   simsec/sec=0.995557   ev/simsec=219.849
     Messages:  created: 2664   present: 443   in FES: 6
** Event #18944   t=77.817801933854   Elapsed: 77.7689s (1m 17s)  1% completed  (1% total)
     Speed:     ev/sec=218.024   simsec/sec=1.00394   ev/simsec=217.169
     Messages:  created: 2740   present: 460   in FES: 6
** Event #19712   t=80.080749924017   Elapsed: 80.0267s (1m 20s)  1% completed  (1% total)
     Speed:     ev/sec=340.165   simsec/sec=1.00231   ev/simsec=339.38
     Messages:  created: 2862   present: 502   in FES: 7
** Event #20480   t=82.997633001086   Elapsed: 82.9437s (1m 22s)  1% completed  (1% total)
     Speed:     ev/sec=263.283   simsec/sec=0.999956   ev/simsec=263.295
     Messages:  created: 2962   present: 499   in FES: 9
** Event #21248   t=86.103505755526   Elapsed: 86.0494s (1m 26s)  1% completed  (1% total)
     Speed:     ev/sec=247.281   simsec/sec=1.00003   ev/simsec=247.273
     Messages:  created: 3064   present: 498   in FES: 9
** Event #22016   t=88.565759229481   Elapsed: 88.5117s (1m 28s)  1% completed  (1% total)
     Speed:     ev/sec=311.913   simsec/sec=1.00001   ev/simsec=311.909
     Messages:  created: 3172   present: 507   in FES: 7
** Event #22784   t=90.691775769124   Elapsed: 90.6377s (1m 30s)  1% completed  (1% total)
     Speed:     ev/sec=361.238   simsec/sec=0.999997   ev/simsec=361.239
     Messages:  created: 3273   present: 498   in FES: 8
** Event #23552   t=93.725418661905   Elapsed: 93.6717s (1m 33s)  1% completed  (1% total)
     Speed:     ev/sec=253.131   simsec/sec=0.999883   ev/simsec=253.161
     Messages:  created: 3369   present: 486   in FES: 6
** Event #24064   t=96.41090784828   Elapsed: 96.3568s (1m 36s)  1% completed  (1% total)
     Speed:     ev/sec=190.68   simsec/sec=1.00013   ev/simsec=190.654
     Messages:  created: 3427   present: 463   in FES: 7
** Event #24832   t=99.118108910244   Elapsed: 99.064s (1m 39s)  1% completed  (1% total)
     Speed:     ev/sec=283.688   simsec/sec=1   ev/simsec=283.688
     Messages:  created: 3504   present: 404   in FES: 8
** Event #25344   t=101.380223108773   Elapsed: 101.326s (1m 41s)  1% completed  (1% total)
     Speed:     ev/sec=226.337   simsec/sec=1   ev/simsec=226.337
     Messages:  created: 3555   present: 364   in FES: 7
** Event #25856   t=103.74218374178   Elapsed: 103.707s (1m 43s)  1% completed  (1% total)
     Speed:     ev/sec=215.032   simsec/sec=0.991988   ev/simsec=216.769
     Messages:  created: 3619   present: 356   in FES: 6
** Event #26368   t=106.292643250369   Elapsed: 106.239s (1m 46s)  1% completed  (1% total)
     Speed:     ev/sec=202.26   simsec/sec=1.00753   ev/simsec=200.748
     Messages:  created: 3696   present: 379   in FES: 7
** Event #26880   t=108.825858817378   Elapsed: 108.772s (1m 48s)  1% completed  (1% total)
     Speed:     ev/sec=202.115   simsec/sec=1   ev/simsec=202.115
     Messages:  created: 3761   present: 375   in FES: 7
** Event #27392   t=111.131353144752   Elapsed: 111.088s (1m 51s)  1% completed  (1% total)
     Speed:     ev/sec=221.087   simsec/sec=0.995538   ev/simsec=222.078
     Messages:  created: 3834   present: 389   in FES: 6
** Event #28160   t=114.05364721623   Elapsed: 114s (1m 53s)  1% completed  (1% total)
     Speed:     ev/sec=263.74   simsec/sec=1.00355   ev/simsec=262.807
     Messages:  created: 3954   present: 431   in FES: 7
** Event #28672   t=116.666099198455   Elapsed: 116.612s (1m 56s)  1% completed  (1% total)
     Speed:     ev/sec=195.983   simsec/sec=0.999993   ev/simsec=195.984
     Messages:  created: 4011   present: 411   in FES: 7
** Event #29184   t=119.102042640014   Elapsed: 119.048s (1m 59s)  1% completed  (1% total)
     Speed:     ev/sec=210.186   simsec/sec=1   ev/simsec=210.186
     Messages:  created: 4078   present: 413   in FES: 8
** Event #29696   t=121.728646501146   Elapsed: 121.694s (2m 01s)  1% completed  (1% total)
     Speed:     ev/sec=193.462   simsec/sec=0.992479   ev/simsec=194.929
     Messages:  created: 4132   present: 388   in FES: 6
t=122.875275 addServer() complete
t=123.054748 executing setDimmer(0.1)
** Event #30464   t=124.064104901338   Elapsed: 124.01s (2m 04s)  1% completed  (1% total)
     Speed:     ev/sec=331.671   simsec/sec=1.0086   ev/simsec=328.843
     Messages:  created: 4188   present: 295   in FES: 7
** Event #31744   t=126.914792927488   Elapsed: 126.861s (2m 06s)  2% completed  (2% total)
     Speed:     ev/sec=449.014   simsec/sec=0.999999   ev/simsec=449.014
     Messages:  created: 4238   present: 65   in FES: 7
** Event #32512   t=128.919549479162   Elapsed: 128.865s (2m 08s)  2% completed  (2% total)
     Speed:     ev/sec=383.089   simsec/sec=1   ev/simsec=383.089
     Messages:  created: 4314   present: 10   in FES: 7
** Event #33280   t=132.152741375506   Elapsed: 132.099s (2m 12s)  2% completed  (2% total)
     Speed:     ev/sec=237.536   simsec/sec=1   ev/simsec=237.536
     Messages:  created: 4409   present: 8   in FES: 5
** Event #33792   t=135.318396898106   Elapsed: 135.264s (2m 15s)  2% completed  (2% total)
     Speed:     ev/sec=161.736   simsec/sec=1   ev/simsec=161.736
     Messages:  created: 4473   present: 8   in FES: 5
** Event #34560   t=138.831405022415   Elapsed: 138.777s (2m 18s)  2% completed  (2% total)
     Speed:     ev/sec=218.618   simsec/sec=1.00001   ev/simsec=218.616
     Messages:  created: 4569   present: 8   in FES: 5
** Event #34816   t=140.972374152875   Elapsed: 140.918s (2m 20s)  2% completed  (2% total)
     Speed:     ev/sec=119.57   simsec/sec=0.999985   ev/simsec=119.572
     Messages:  created: 4601   present: 8   in FES: 5
** Event #35328   t=145.53792471539   Elapsed: 145.484s (2m 25s)  2% completed  (2% total)
     Speed:     ev/sec=112.144   simsec/sec=0.999997   ev/simsec=112.144
     Messages:  created: 4665   present: 8   in FES: 5
** Event #35584   t=147.605264808448   Elapsed: 147.551s (2m 27s)  2% completed  (2% total)
     Speed:     ev/sec=123.831   simsec/sec=1   ev/simsec=123.831
     Messages:  created: 4697   present: 8   in FES: 5
** Event #36096   t=150.452023339357   Elapsed: 150.398s (2m 30s)  2% completed  (2% total)
     Speed:     ev/sec=179.849   simsec/sec=0.999973   ev/simsec=179.854
     Messages:  created: 4761   present: 8   in FES: 5
** Event #36608   t=153.888938508374   Elapsed: 153.835s (2m 33s)  2% completed  (2% total)
     Speed:     ev/sec=148.974   simsec/sec=1.00002   ev/simsec=148.971
     Messages:  created: 4825   present: 8   in FES: 5
** Event #37120   t=156.193350341868   Elapsed: 156.139s (2m 36s)  2% completed  (2% total)
     Speed:     ev/sec=222.182   simsec/sec=1   ev/simsec=222.183
     Messages:  created: 4889   present: 8   in FES: 5
** Event #38144   t=159.347677238382   Elapsed: 159.294s (2m 39s)  2% completed  (2% total)
     Speed:     ev/sec=324.627   simsec/sec=0.999981   ev/simsec=324.633
     Messages:  created: 5017   present: 8   in FES: 5
** Event #38912   t=161.966221991778   Elapsed: 161.912s (2m 41s)  2% completed  (2% total)
     Speed:     ev/sec=293.299   simsec/sec=1.00002   ev/simsec=293.293
     Messages:  created: 5113   present: 8   in FES: 5
** Event #39680   t=165.239196394441   Elapsed: 165.185s (2m 45s)  2% completed  (2% total)
     Speed:     ev/sec=234.649   simsec/sec=1   ev/simsec=234.649
     Messages:  created: 5209   present: 8   in FES: 5
** Event #40192   t=167.282389304537   Elapsed: 167.228s (2m 47s)  2% completed  (2% total)
     Speed:     ev/sec=250.591   simsec/sec=1.00001   ev/simsec=250.588
     Messages:  created: 5273   present: 9   in FES: 6
** Event #40704   t=169.481555280704   Elapsed: 169.427s (2m 49s)  2% completed  (2% total)
     Speed:     ev/sec=232.814   simsec/sec=0.999992   ev/simsec=232.816
     Messages:  created: 5337   present: 8   in FES: 5
** Event #41216   t=171.592812190676   Elapsed: 171.539s (2m 51s)  2% completed  (2% total)
     Speed:     ev/sec=242.496   simsec/sec=0.999943   ev/simsec=242.51
     Messages:  created: 5401   present: 8   in FES: 5
** Event #41984   t=174.126473408997   Elapsed: 174.072s (2m 54s)  2% completed  (2% total)
     Speed:     ev/sec=303.133   simsec/sec=1.00005   ev/simsec=303.119
     Messages:  created: 5498   present: 10   in FES: 6
** Event #42496   t=176.553398552345   Elapsed: 176.499s (2m 56s)  2% completed  (2% total)
     Speed:     ev/sec=210.969   simsec/sec=1.00001   ev/simsec=210.967
     Messages:  created: 5561   present: 8   in FES: 5
** Event #43264   t=179.075190897267   Elapsed: 179.021s (2m 59s)  2% completed  (2% total)
     Speed:     ev/sec=304.542   simsec/sec=0.999991   ev/simsec=304.545
     Messages:  created: 5657   present: 8   in FES: 5
** Event #44032   t=181.739444435683   Elapsed: 181.685s (3m 01s)  2% completed  (2% total)
     Speed:     ev/sec=288.261   simsec/sec=0.999999   ev/simsec=288.261
     Messages:  created: 5752   present: 8   in FES: 5
t=183.32848 executing setDimmer(0.3)
** Event #44800   t=184.031138235388   Elapsed: 183.978s (3m 03s)  2% completed  (2% total)
     Speed:     ev/sec=334.934   simsec/sec=0.999436   ev/simsec=335.123
     Messages:  created: 5848   present: 8   in FES: 5
** Event #45824   t=186.397202632916   Elapsed: 186.343s (3m 06s)  2% completed  (2% total)
     Speed:     ev/sec=433.023   simsec/sec=1.00055   ev/simsec=432.786
     Messages:  created: 5977   present: 11   in FES: 6
** Event #46848   t=188.826381466808   Elapsed: 188.774s (3m 08s)  2% completed  (2% total)
     Speed:     ev/sec=421.236   simsec/sec=0.999274   ev/simsec=421.542
     Messages:  created: 6104   present: 8   in FES: 5
** Event #47360   t=191.500420855601   Elapsed: 191.454s (3m 11s)  3% completed  (3% total)
     Speed:     ev/sec=191.049   simsec/sec=0.997797   ev/simsec=191.471
     Messages:  created: 6168   present: 8   in FES: 5
** Event #47872   t=193.800888393472   Elapsed: 193.749s (3m 13s)  3% completed  (3% total)
     Speed:     ev/sec=223.13   simsec/sec=1.00255   ev/simsec=222.563
     Messages:  created: 6232   present: 8   in FES: 5
** Event #48640   t=196.772219927221   Elapsed: 196.726s (3m 16s)  3% completed  (3% total)
     Speed:     ev/sec=257.963   simsec/sec=0.998038   ev/simsec=258.47
     Messages:  created: 6328   present: 8   in FES: 5
** Event #49664   t=199.078655171657   Elapsed: 199.025s (3m 19s)  3% completed  (3% total)
     Speed:     ev/sec=445.455   simsec/sec=1.00333   ev/simsec=443.975
     Messages:  created: 6457   present: 10   in FES: 6
** Event #50176   t=201.307506526211   Elapsed: 201.259s (3m 21s)  3% completed  (3% total)
     Speed:     ev/sec=229.093   simsec/sec=0.997293   ev/simsec=229.715
     Messages:  created: 6520   present: 8   in FES: 5
** Event #50688   t=203.99645970344   Elapsed: 203.942s (3m 23s)  3% completed  (3% total)
     Speed:     ev/sec=190.838   simsec/sec=1.00226   ev/simsec=190.409
     Messages:  created: 6585   present: 10   in FES: 6
** Event #51200   t=206.657870367886   Elapsed: 206.605s (3m 26s)  3% completed  (3% total)
     Speed:     ev/sec=192.286   simsec/sec=0.999516   ev/simsec=192.379
     Messages:  created: 6648   present: 8   in FES: 5
** Event #51712   t=208.694851598693   Elapsed: 208.643s (3m 28s)  3% completed  (3% total)
     Speed:     ev/sec=251.287   simsec/sec=0.999741   ev/simsec=251.352
     Messages:  created: 6712   present: 8   in FES: 5
** Event #52224   t=210.980487425387   Elapsed: 210.927s (3m 30s)  3% completed  (3% total)
     Speed:     ev/sec=224.089   simsec/sec=1.00036   ev/simsec=224.008
     Messages:  created: 6776   present: 8   in FES: 5
** Event #53248   t=213.548242954764   Elapsed: 213.524s (3m 33s)  3% completed  (3% total)
     Speed:     ev/sec=394.319   simsec/sec=0.988783   ev/simsec=398.792
     Messages:  created: 6904   present: 8   in FES: 5
** Event #54016   t=216.503760028836   Elapsed: 216.451s (3m 36s)  3% completed  (3% total)
     Speed:     ev/sec=262.373   simsec/sec=1.0097   ev/simsec=259.853
     Messages:  created: 7000   present: 8   in FES: 5
** Event #54784   t=218.902761977673   Elapsed: 218.851s (3m 38s)  3% completed  (3% total)
     Speed:     ev/sec=320.119   simsec/sec=0.999956   ev/simsec=320.133
     Messages:  created: 7096   present: 8   in FES: 5
** Event #55296   t=221.074542998598   Elapsed: 221.021s (3m 41s)  3% completed  (3% total)
     Speed:     ev/sec=235.906   simsec/sec=1.00066   ev/simsec=235.751
     Messages:  created: 7160   present: 8   in FES: 5
** Event #55808   t=223.116776107531   Elapsed: 223.064s (3m 43s)  3% completed  (3% total)
     Speed:     ev/sec=250.653   simsec/sec=0.99979   ev/simsec=250.706
     Messages:  created: 7224   present: 8   in FES: 5
** Event #56576   t=225.418918436373   Elapsed: 225.372s (3m 45s)  3% completed  (3% total)
     Speed:     ev/sec=332.691   simsec/sec=0.997268   ev/simsec=333.602
     Messages:  created: 7320   present: 8   in FES: 5
** Event #57344   t=228.202605046301   Elapsed: 228.149s (3m 48s)  3% completed  (3% total)
     Speed:     ev/sec=276.542   simsec/sec=1.00235   ev/simsec=275.893
     Messages:  created: 7416   present: 8   in FES: 5
** Event #58112   t=230.689098161022   Elapsed: 230.635s (3m 50s)  3% completed  (3% total)
     Speed:     ev/sec=308.946   simsec/sec=1.00025   ev/simsec=308.869
     Messages:  created: 7514   present: 12   in FES: 7
** Event #58880   t=233.702247457371   Elapsed: 233.672s (3m 53s)  3% completed  (3% total)
     Speed:     ev/sec=252.886   simsec/sec=0.992164   ev/simsec=254.883
     Messages:  created: 7608   present: 8   in FES: 5
** Event #59392   t=235.934242396177   Elapsed: 235.884s (3m 55s)  3% completed  (3% total)
     Speed:     ev/sec=231.51   simsec/sec=1.00924   ev/simsec=229.391
     Messages:  created: 7672   present: 8   in FES: 5
** Event #59904   t=238.094469667694   Elapsed: 238.04s (3m 58s)  3% completed  (3% total)
     Speed:     ev/sec=237.382   simsec/sec=1.00156   ev/simsec=237.012
     Messages:  created: 7737   present: 10   in FES: 7
** Event #60416   t=240.993593212077   Elapsed: 240.939s (4m 00s)  3% completed  (3% total)
     Speed:     ev/sec=176.605   simsec/sec=1   ev/simsec=176.605
     Messages:  created: 7800   present: 9   in FES: 6
** Event #61184   t=243.378585429726   Elapsed: 243.324s (4m 03s)  3% completed  (3% total)
     Speed:     ev/sec=322.014   simsec/sec=1   ev/simsec=322.014
     Messages:  created: 7897   present: 11   in FES: 7
t=243.413257 executing setDimmer(0.5)
** Event #61952   t=245.932453985705   Elapsed: 245.878s (4m 05s)  3% completed  (3% total)
     Speed:     ev/sec=300.72   simsec/sec=1   ev/simsec=300.72
     Messages:  created: 7993   present: 12   in FES: 7
** Event #62720   t=248.814663424177   Elapsed: 248.761s (4m 08s)  3% completed  (3% total)
     Speed:     ev/sec=266.462   simsec/sec=1   ev/simsec=266.462
     Messages:  created: 8087   present: 8   in FES: 5
** Event #63488   t=251.820434191405   Elapsed: 251.772s (4m 11s)  3% completed  (3% total)
     Speed:     ev/sec=255.059   simsec/sec=0.998242   ev/simsec=255.509
     Messages:  created: 8184   present: 10   in FES: 6
** Event #64256   t=254.335755491041   Elapsed: 254.284s (4m 14s)  4% completed  (4% total)
     Speed:     ev/sec=305.708   simsec/sec=1.00124   ev/simsec=305.329
     Messages:  created: 8280   present: 10   in FES: 6
** Event #65024   t=256.414747661441   Elapsed: 256.361s (4m 16s)  4% completed  (4% total)
     Speed:     ev/sec=369.796   simsec/sec=1.00104   ev/simsec=369.41
     Messages:  created: 8376   present: 9   in FES: 6
** Event #65536   t=258.470888766217   Elapsed: 258.417s (4m 18s)  4% completed  (4% total)
     Speed:     ev/sec=249.01   simsec/sec=1   ev/simsec=249.01
     Messages:  created: 8440   present: 9   in FES: 6
** Event #66048   t=260.923995251432   Elapsed: 260.87s (4m 20s)  4% completed  (4% total)
     Speed:     ev/sec=208.715   simsec/sec=1   ev/simsec=208.715
     Messages:  created: 8503   present: 8   in FES: 5
** Event #66560   t=263.007671487102   Elapsed: 262.954s (4m 22s)  4% completed  (4% total)
     Speed:     ev/sec=245.719   simsec/sec=0.999999   ev/simsec=245.72
     Messages:  created: 8567   present: 8   in FES: 5
** Event #67328   t=266.679706451923   Elapsed: 266.626s (4m 26s)  4% completed  (4% total)
     Speed:     ev/sec=209.147   simsec/sec=0.999992   ev/simsec=209.148
     Messages:  created: 8664   present: 9   in FES: 6
** Event #67840   t=270.442824633153   Elapsed: 270.391s (4m 30s)  4% completed  (4% total)
     Speed:     ev/sec=135.987   simsec/sec=0.999482   ev/simsec=136.057
     Messages:  created: 8728   present: 10   in FES: 6
** Event #68352   t=273.915925780477   Elapsed: 273.862s (4m 33s)  4% completed  (4% total)
     Speed:     ev/sec=147.503   simsec/sec=1.00057   ev/simsec=147.419
     Messages:  created: 8791   present: 8   in FES: 5
** Event #68864   t=276.679536027927   Elapsed: 276.625s (4m 36s)  4% completed  (4% total)
     Speed:     ev/sec=185.265   simsec/sec=1   ev/simsec=185.265
     Messages:  created: 8856   present: 9   in FES: 6
** Event #69376   t=278.970208935643   Elapsed: 278.916s (4m 38s)  4% completed  (4% total)
     Speed:     ev/sec=223.515   simsec/sec=1   ev/simsec=223.515
     Messages:  created: 8919   present: 8   in FES: 5
** Event #69888   t=281.907962923806   Elapsed: 281.854s (4m 41s)  4% completed  (4% total)
     Speed:     ev/sec=174.283   simsec/sec=1   ev/simsec=174.283
     Messages:  created: 8984   present: 9   in FES: 6
** Event #70400   t=284.830077176512   Elapsed: 284.776s (4m 44s)  4% completed  (4% total)
     Speed:     ev/sec=175.216   simsec/sec=1   ev/simsec=175.216
     Messages:  created: 9048   present: 9   in FES: 6
** Event #70912   t=287.554833897752   Elapsed: 287.501s (4m 47s)  4% completed  (4% total)
     Speed:     ev/sec=187.907   simsec/sec=1   ev/simsec=187.907
     Messages:  created: 9111   present: 8   in FES: 5
** Event #71680   t=290.918096727949   Elapsed: 290.864s (4m 50s)  4% completed  (4% total)
     Speed:     ev/sec=228.349   simsec/sec=0.999997   ev/simsec=228.35
     Messages:  created: 9207   present: 8   in FES: 5
** Event #72192   t=293.78089754183   Elapsed: 293.727s (4m 53s)  4% completed  (4% total)
     Speed:     ev/sec=178.846   simsec/sec=1   ev/simsec=178.846
     Messages:  created: 9273   present: 13   in FES: 7
** Event #72960   t=296.145342444348   Elapsed: 296.091s (4m 56s)  4% completed  (4% total)
     Speed:     ev/sec=324.812   simsec/sec=1   ev/simsec=324.812
     Messages:  created: 9368   present: 9   in FES: 6
** Event #73472   t=298.878909299727   Elapsed: 298.825s (4m 58s)  4% completed  (4% total)
     Speed:     ev/sec=187.3   simsec/sec=0.999995   ev/simsec=187.301
     Messages:  created: 9431   present: 8   in FES: 5
** Event #73728   t=301.683965040018   Elapsed: 301.63s (5m 01s)  4% completed  (4% total)
     Speed:     ev/sec=91.2614   simsec/sec=0.999974   ev/simsec=91.2638
     Messages:  created: 9463   present: 8   in FES: 5
t=302.855258 executing setDimmer(0.9)
** Event #73984   t=303.835277231141   Elapsed: 303.781s (5m 03s)  4% completed  (4% total)
     Speed:     ev/sec=119.001   simsec/sec=1.00004   ev/simsec=118.997
     Messages:  created: 9495   present: 9   in FES: 6
** Event #74496   t=307.324491586416   Elapsed: 307.27s (5m 07s)  4% completed  (4% total)
     Speed:     ev/sec=146.736   simsec/sec=0.999985   ev/simsec=146.738
     Messages:  created: 9559   present: 8   in FES: 5
** Event #75008   t=310.050569095303   Elapsed: 309.997s (5m 09s)  4% completed  (4% total)
     Speed:     ev/sec=187.817   simsec/sec=1.00001   ev/simsec=187.816
     Messages:  created: 9623   present: 8   in FES: 5
** Event #75520   t=313.012063502555   Elapsed: 312.969s (5m 12s)  4% completed  (4% total)
     Speed:     ev/sec=172.264   simsec/sec=0.996402   ev/simsec=172.886
     Messages:  created: 9688   present: 12   in FES: 6
** Event #76032   t=315.880542353939   Elapsed: 315.826s (5m 15s)  5% completed  (5% total)
     Speed:     ev/sec=179.159   simsec/sec=1.00374   ev/simsec=178.492
     Messages:  created: 9751   present: 8   in FES: 5
** Event #76544   t=318.535724162891   Elapsed: 318.482s (5m 18s)  5% completed  (5% total)
     Speed:     ev/sec=192.834   simsec/sec=1.00002   ev/simsec=192.83
     Messages:  created: 9816   present: 11   in FES: 7
** Event #76800   t=320.725215901105   Elapsed: 320.671s (5m 20s)  5% completed  (5% total)
     Speed:     ev/sec=116.922   simsec/sec=1   ev/simsec=116.922
     Messages:  created: 9847   present: 10   in FES: 6
** Event #77568   t=324.014492967337   Elapsed: 323.96s (5m 23s)  5% completed  (5% total)
     Speed:     ev/sec=233.486   simsec/sec=1   ev/simsec=233.486
     Messages:  created: 9943   present: 8   in FES: 5
** Event #78080   t=327.065001186989   Elapsed: 327.011s (5m 27s)  5% completed  (5% total)
     Speed:     ev/sec=167.841   simsec/sec=0.999999   ev/simsec=167.841
     Messages:  created: 10007   present: 9   in FES: 6
** Event #78592   t=329.690309367093   Elapsed: 329.636s (5m 29s)  5% completed  (5% total)
     Speed:     ev/sec=195.025   simsec/sec=1   ev/simsec=195.025
     Messages:  created: 10074   present: 16   in FES: 7
** Event #79360   t=332.103032782497   Elapsed: 332.049s (5m 32s)  5% completed  (5% total)
     Speed:     ev/sec=318.312   simsec/sec=0.999999   ev/simsec=318.312
     Messages:  created: 10173   present: 24   in FES: 7
** Event #80128   t=334.88267627539   Elapsed: 334.838s (5m 34s)  5% completed  (5% total)
     Speed:     ev/sec=275.361   simsec/sec=0.996621   ev/simsec=276.294
     Messages:  created: 10264   present: 12   in FES: 6
** Event #80640   t=338.115131322978   Elapsed: 338.061s (5m 38s)  5% completed  (5% total)
     Speed:     ev/sec=158.857   simsec/sec=1.00292   ev/simsec=158.394
     Messages:  created: 10327   present: 10   in FES: 6
** Event #81152   t=340.490505837581   Elapsed: 340.436s (5m 40s)  5% completed  (5% total)
     Speed:     ev/sec=215.545   simsec/sec=1   ev/simsec=215.545
     Messages:  created: 10391   present: 8   in FES: 5
** Event #81664   t=344.018547304932   Elapsed: 343.964s (5m 43s)  5% completed  (5% total)
     Speed:     ev/sec=145.123   simsec/sec=1   ev/simsec=145.123
     Messages:  created: 10455   present: 8   in FES: 5
** Event #82176   t=346.729966328632   Elapsed: 346.676s (5m 46s)  5% completed  (5% total)
     Speed:     ev/sec=188.824   simsec/sec=0.999961   ev/simsec=188.831
     Messages:  created: 10519   present: 8   in FES: 5
** Event #82432   t=348.960063715058   Elapsed: 348.906s (5m 48s)  5% completed  (5% total)
     Speed:     ev/sec=114.799   simsec/sec=1.00005   ev/simsec=114.793
     Messages:  created: 10553   present: 14   in FES: 7
** Event #82944   t=351.506290360051   Elapsed: 351.452s (5m 51s)  5% completed  (5% total)
     Speed:     ev/sec=201.081   simsec/sec=0.999996   ev/simsec=201.082
     Messages:  created: 10615   present: 9   in FES: 6
** Event #83200   t=353.851219516889   Elapsed: 353.797s (5m 53s)  5% completed  (5% total)
     Speed:     ev/sec=109.171   simsec/sec=0.999996   ev/simsec=109.172
     Messages:  created: 10647   present: 8   in FES: 5
** Event #83712   t=356.916833951029   Elapsed: 356.863s (5m 56s)  5% completed  (5% total)
     Speed:     ev/sec=167.015   simsec/sec=1.00001   ev/simsec=167.014
     Messages:  created: 10711   present: 10   in FES: 6
** Event #84224   t=359.30667324905   Elapsed: 359.253s (5m 59s)  5% completed  (5% total)
     Speed:     ev/sec=214.24   simsec/sec=0.999999   ev/simsec=214.24
     Messages:  created: 10777   present: 14   in FES: 7
** Event #84992   t=362.313581522942   Elapsed: 362.26s (6m 02s)  5% completed  (5% total)
     Speed:     ev/sec=255.408   simsec/sec=0.999985   ev/simsec=255.412
     Messages:  created: 10870   present: 8   in FES: 5
** Event #85504   t=364.448438762252   Elapsed: 364.394s (6m 04s)  5% completed  (5% total)
     Speed:     ev/sec=239.834   simsec/sec=1.00002   ev/simsec=239.829
     Messages:  created: 10935   present: 10   in FES: 7
** Event #86272   t=367.147689869425   Elapsed: 367.094s (6m 07s)  5% completed  (5% total)
     Speed:     ev/sec=284.521   simsec/sec=0.999992   ev/simsec=284.523
     Messages:  created: 11031   present: 10   in FES: 6
** Event #86784   t=369.544120280306   Elapsed: 369.49s (6m 09s)  5% completed  (5% total)
     Speed:     ev/sec=213.653   simsec/sec=1.00001   ev/simsec=213.651
     Messages:  created: 11094   present: 8   in FES: 5
** Event #87296   t=371.799994041174   Elapsed: 371.746s (6m 11s)  5% completed  (5% total)
     Speed:     ev/sec=226.963   simsec/sec=1   ev/simsec=226.963
     Messages:  created: 11160   present: 14   in FES: 7
** Event #87808   t=374.224373129378   Elapsed: 374.17s (6m 14s)  5% completed  (5% total)
     Speed:     ev/sec=211.188   simsec/sec=0.999999   ev/simsec=211.188
     Messages:  created: 11222   present: 9   in FES: 6
** Event #88064   t=376.663323797524   Elapsed: 376.609s (6m 16s)  5% completed  (5% total)
     Speed:     ev/sec=104.963   simsec/sec=1   ev/simsec=104.963
     Messages:  created: 11254   present: 9   in FES: 6
** Event #88320   t=379.39179130058   Elapsed: 379.367s (6m 19s)  6% completed  (6% total)
     Speed:     ev/sec=92.828   simsec/sec=0.989367   ev/simsec=93.8256
     Messages:  created: 11287   present: 11   in FES: 6
** Event #88832   t=382.368972487802   Elapsed: 382.315s (6m 22s)  6% completed  (6% total)
     Speed:     ev/sec=173.685   simsec/sec=1.00995   ev/simsec=171.975
     Messages:  created: 11350   present: 9   in FES: 6
** Event #89600   t=385.139840170534   Elapsed: 385.086s (6m 25s)  6% completed  (6% total)
     Speed:     ev/sec=277.17   simsec/sec=1   ev/simsec=277.169
     Messages:  created: 11446   present: 9   in FES: 6
** Event #90112   t=387.957881443929   Elapsed: 387.904s (6m 27s)  6% completed  (6% total)
     Speed:     ev/sec=181.686   simsec/sec=0.999999   ev/simsec=181.686
     Messages:  created: 11510   present: 8   in FES: 5
** Event #90624   t=391.271546234752   Elapsed: 391.217s (6m 31s)  6% completed  (6% total)
     Speed:     ev/sec=154.512   simsec/sec=1   ev/simsec=154.512
     Messages:  created: 11575   present: 10   in FES: 7
** Event #91136   t=394.570309528193   Elapsed: 394.516s (6m 34s)  6% completed  (6% total)
     Speed:     ev/sec=155.207   simsec/sec=0.99998   ev/simsec=155.21
     Messages:  created: 11638   present: 8   in FES: 5
** Event #91648   t=397.903542147382   Elapsed: 397.849s (6m 37s)  6% completed  (6% total)
     Speed:     ev/sec=153.608   simsec/sec=1.00002   ev/simsec=153.605
     Messages:  created: 11702   present: 9   in FES: 6
** Event #92160   t=400.867339328138   Elapsed: 400.813s (6m 40s)  6% completed  (6% total)
     Speed:     ev/sec=172.751   simsec/sec=1   ev/simsec=172.751
     Messages:  created: 11766   present: 9   in FES: 6
** Event #92672   t=403.158587327843   Elapsed: 403.104s (6m 43s)  6% completed  (6% total)
     Speed:     ev/sec=223.459   simsec/sec=1   ev/simsec=223.459
     Messages:  created: 11832   present: 13   in FES: 7
** Event #93184   t=405.936271805955   Elapsed: 405.882s (6m 45s)  6% completed  (6% total)
     Speed:     ev/sec=184.326   simsec/sec=1   ev/simsec=184.326
     Messages:  created: 11894   present: 9   in FES: 6
** Event #93696   t=408.919467985443   Elapsed: 408.865s (6m 48s)  6% completed  (6% total)
     Speed:     ev/sec=171.628   simsec/sec=1   ev/simsec=171.628
     Messages:  created: 11959   present: 10   in FES: 7
** Event #94464   t=411.519903493591   Elapsed: 411.466s (6m 51s)  6% completed  (6% total)
     Speed:     ev/sec=295.282   simsec/sec=0.999821   ev/simsec=295.335
     Messages:  created: 12055   present: 11   in FES: 6
** Event #94976   t=413.671298782619   Elapsed: 413.643s (6m 53s)  6% completed  (6% total)
     Speed:     ev/sec=235.24   simsec/sec=0.988466   ev/simsec=237.985
     Messages:  created: 12119   present: 11   in FES: 6
** Event #95744   t=415.875110663329   Elapsed: 415.824s (6m 55s)  6% completed  (6% total)
     Speed:     ev/sec=352.146   simsec/sec=1.0105   ev/simsec=348.487
     Messages:  created: 12224   present: 35   in FES: 6
** Event #96512   t=418.729527562517   Elapsed: 418.675s (6m 58s)  6% completed  (6% total)
     Speed:     ev/sec=269.309   simsec/sec=1.00094   ev/simsec=269.057
     Messages:  created: 12310   present: 9   in FES: 6
** Event #97280   t=420.764956895045   Elapsed: 420.711s (7m 00s)  6% completed  (6% total)
     Speed:     ev/sec=377.316   simsec/sec=1   ev/simsec=377.316
     Messages:  created: 12417   present: 39   in FES: 7
** Event #98048   t=423.898368409716   Elapsed: 423.857s (7m 03s)  6% completed  (6% total)
     Speed:     ev/sec=244.096   simsec/sec=0.995903   ev/simsec=245.1
     Messages:  created: 12502   present: 10   in FES: 6
** Event #98560   t=426.917340552633   Elapsed: 426.863s (7m 06s)  6% completed  (6% total)
     Speed:     ev/sec=170.321   simsec/sec=1.00429   ev/simsec=169.594
     Messages:  created: 12566   present: 9   in FES: 6
** Event #99072   t=429.935211248588   Elapsed: 429.881s (7m 09s)  6% completed  (6% total)
     Speed:     ev/sec=169.656   simsec/sec=1   ev/simsec=169.656
     Messages:  created: 12629   present: 8   in FES: 5
** Event #99584   t=432.539835232122   Elapsed: 432.486s (7m 12s)  6% completed  (6% total)
     Speed:     ev/sec=196.573   simsec/sec=1   ev/simsec=196.573
     Messages:  created: 12694   present: 9   in FES: 6
** Event #100352   t=435.412953602526   Elapsed: 435.359s (7m 15s)  6% completed  (6% total)
     Speed:     ev/sec=267.305   simsec/sec=1   ev/simsec=267.305
     Messages:  created: 12792   present: 14   in FES: 7
** Event #100864   t=437.797466097735   Elapsed: 437.761s (7m 17s)  6% completed  (6% total)
     Speed:     ev/sec=213.156   simsec/sec=0.992721   ev/simsec=214.719
     Messages:  created: 12854   present: 10   in FES: 6
** Event #101376   t=440.436133414109   Elapsed: 440.382s (7m 20s)  6% completed  (6% total)
     Speed:     ev/sec=195.332   simsec/sec=1.00667   ev/simsec=194.037
     Messages:  created: 12917   present: 8   in FES: 5
** Event #101888   t=442.872334881603   Elapsed: 442.862s (7m 22s)  7% completed  (7% total)
     Speed:     ev/sec=206.457   simsec/sec=0.982365   ev/simsec=210.163
     Messages:  created: 12982   present: 10   in FES: 6
** Event #102400   t=445.924337821435   Elapsed: 445.881s (7m 25s)  7% completed  (7% total)
     Speed:     ev/sec=169.611   simsec/sec=1.01104   ev/simsec=167.759
     Messages:  created: 13046   present: 10   in FES: 6
** Event #103168   t=448.479178177852   Elapsed: 448.426s (7m 28s)  7% completed  (7% total)
     Speed:     ev/sec=301.749   simsec/sec=1.0038   ev/simsec=300.606
     Messages:  created: 13142   present: 10   in FES: 6
** Event #103680   t=450.580700437544   Elapsed: 450.527s (7m 30s)  7% completed  (7% total)
     Speed:     ev/sec=243.717   simsec/sec=1.00035   ev/simsec=243.633
     Messages:  created: 13205   present: 8   in FES: 5
** Event #104192   t=452.911817134906   Elapsed: 452.858s (7m 32s)  7% completed  (7% total)
     Speed:     ev/sec=219.637   simsec/sec=1   ev/simsec=219.637
     Messages:  created: 13270   present: 9   in FES: 6
** Event #104704   t=456.050854918557   Elapsed: 455.997s (7m 35s)  7% completed  (7% total)
     Speed:     ev/sec=163.107   simsec/sec=1   ev/simsec=163.107
     Messages:  created: 13333   present: 8   in FES: 5
** Event #105216   t=458.829319165046   Elapsed: 458.787s (7m 38s)  7% completed  (7% total)
     Speed:     ev/sec=183.497   simsec/sec=0.995779   ev/simsec=184.274
     Messages:  created: 13398   present: 10   in FES: 5
** Event #105728   t=462.73173352283   Elapsed: 462.678s (7m 42s)  7% completed  (7% total)
     Speed:     ev/sec=131.598   simsec/sec=1.00303   ev/simsec=131.201
     Messages:  created: 13462   present: 9   in FES: 6
** Event #105984   t=464.780424543853   Elapsed: 464.726s (7m 44s)  7% completed  (7% total)
     Speed:     ev/sec=124.958   simsec/sec=1   ev/simsec=124.958
     Messages:  created: 13493   present: 8   in FES: 5
** Event #106240   t=466.800741371121   Elapsed: 466.747s (7m 46s)  7% completed  (7% total)
     Speed:     ev/sec=126.713   simsec/sec=1   ev/simsec=126.713
     Messages:  created: 13525   present: 8   in FES: 5
** Event #106496   t=469.531230487609   Elapsed: 469.477s (7m 49s)  7% completed  (7% total)
     Speed:     ev/sec=93.756   simsec/sec=0.999999   ev/simsec=93.7561
     Messages:  created: 13557   present: 8   in FES: 5
** Event #107008   t=471.969079465634   Elapsed: 471.915s (7m 51s)  7% completed  (7% total)
     Speed:     ev/sec=210.021   simsec/sec=1   ev/simsec=210.021
     Messages:  created: 13624   present: 15   in FES: 7
** Event #107520   t=474.907643518853   Elapsed: 474.854s (7m 54s)  7% completed  (7% total)
     Speed:     ev/sec=174.235   simsec/sec=1   ev/simsec=174.235
     Messages:  created: 13685   present: 8   in FES: 5
** Event #107776   t=477.095470791338   Elapsed: 477.041s (7m 57s)  7% completed  (7% total)
     Speed:     ev/sec=117.011   simsec/sec=1   ev/simsec=117.011
     Messages:  created: 13717   present: 8   in FES: 5
** Event #108288   t=479.615658866106   Elapsed: 479.562s (7m 59s)  7% completed  (7% total)
     Speed:     ev/sec=203.159   simsec/sec=1   ev/simsec=203.159
     Messages:  created: 13787   present: 23   in FES: 7
** Event #108800   t=482.065076419777   Elapsed: 482.011s (8m 02s)  7% completed  (7% total)
     Speed:     ev/sec=209.029   simsec/sec=1   ev/simsec=209.029
     Messages:  created: 13845   present: 8   in FES: 5
** Event #109312   t=486.400968935029   Elapsed: 486.348s (8m 06s)  7% completed  (7% total)
     Speed:     ev/sec=118.054   simsec/sec=0.999744   ev/simsec=118.084
     Messages:  created: 13909   present: 9   in FES: 6
** Event #109824   t=490.065792275703   Elapsed: 490.012s (8m 10s)  7% completed  (7% total)
     Speed:     ev/sec=139.749   simsec/sec=1.0003   ev/simsec=139.707
     Messages:  created: 13973   present: 8   in FES: 5
** Event #110592   t=493.052082185189   Elapsed: 493.017s (8m 13s)  7% completed  (7% total)
     Speed:     ev/sec=255.538   simsec/sec=0.993634   ev/simsec=257.175
     Messages:  created: 14069   present: 9   in FES: 6
** Event #111360   t=496.354360067682   Elapsed: 496.3s (8m 16s)  7% completed  (7% total)
     Speed:     ev/sec=233.922   simsec/sec=1.00583   ev/simsec=232.567
     Messages:  created: 14167   present: 13   in FES: 7
** Event #111872   t=498.763087954662   Elapsed: 498.709s (8m 18s)  7% completed  (7% total)
     Speed:     ev/sec=212.56   simsec/sec=1   ev/simsec=212.56
     Messages:  created: 14229   present: 8   in FES: 5
** Event #112384   t=501.389038909842   Elapsed: 501.348s (8m 21s)  7% completed  (7% total)
     Speed:     ev/sec=194.041   simsec/sec=0.9952   ev/simsec=194.977
     Messages:  created: 14293   present: 9   in FES: 5
** Event #112640   t=503.509243008344   Elapsed: 503.455s (8m 23s)  7% completed  (7% total)
     Speed:     ev/sec=121.469   simsec/sec=1.00601   ev/simsec=120.743
     Messages:  created: 14325   present: 8   in FES: 5
** Event #113152   t=507.438312750415   Elapsed: 507.4s (8m 27s)  8% completed  (8% total)
     Speed:     ev/sec=129.805   simsec/sec=0.996116   ev/simsec=130.311
     Messages:  created: 14389   present: 9   in FES: 6
** Event #113664   t=510.66136324876   Elapsed: 510.607s (8m 30s)  8% completed  (8% total)
     Speed:     ev/sec=159.611   simsec/sec=1.00475   ev/simsec=158.856
     Messages:  created: 14453   present: 8   in FES: 5
** Event #114176   t=512.680561466121   Elapsed: 512.645s (8m 32s)  8% completed  (8% total)
     Speed:     ev/sec=251.209   simsec/sec=0.990704   ev/simsec=253.566
     Messages:  created: 14517   present: 9   in FES: 6
** Event #114944   t=515.289445772048   Elapsed: 515.259s (8m 35s)  8% completed  (8% total)
     Speed:     ev/sec=293.827   simsec/sec=0.998127   ev/simsec=294.379
     Messages:  created: 14613   present: 9   in FES: 5
** Event #115456   t=518.204924564451   Elapsed: 518.151s (8m 38s)  8% completed  (8% total)
     Speed:     ev/sec=177.067   simsec/sec=1.00827   ev/simsec=175.614
     Messages:  created: 14677   present: 8   in FES: 5
** Event #115968   t=520.562851875702   Elapsed: 520.512s (8m 40s)  8% completed  (8% total)
     Speed:     ev/sec=216.796   simsec/sec=0.998416   ev/simsec=217.14
     Messages:  created: 14741   present: 9   in FES: 5
** Event #116480   t=522.818633300831   Elapsed: 522.765s (8m 42s)  8% completed  (8% total)
     Speed:     ev/sec=227.344   simsec/sec=1.00164   ev/simsec=226.972
     Messages:  created: 14805   present: 8   in FES: 5
** Event #116992   t=525.24807425544   Elapsed: 525.194s (8m 45s)  8% completed  (8% total)
     Speed:     ev/sec=210.749   simsec/sec=1   ev/simsec=210.748
     Messages:  created: 14869   present: 8   in FES: 5
** Event #117504   t=527.728994359426   Elapsed: 527.675s (8m 47s)  8% completed  (8% total)
     Speed:     ev/sec=206.378   simsec/sec=1.00002   ev/simsec=206.375
     Messages:  created: 14934   present: 11   in FES: 7
** Event #118016   t=529.97641279534   Elapsed: 529.949s (8m 49s)  8% completed  (8% total)
     Speed:     ev/sec=225.153   simsec/sec=0.988306   ev/simsec=227.817
     Messages:  created: 14997   present: 9   in FES: 6
** Event #118528   t=533.202522232753   Elapsed: 533.16s (8m 53s)  8% completed  (8% total)
     Speed:     ev/sec=159.463   simsec/sec=1.00477   ev/simsec=158.705
     Messages:  created: 15061   present: 9   in FES: 6
** Event #119296   t=535.874019842954   Elapsed: 535.822s (8m 55s)  8% completed  (8% total)
     Speed:     ev/sec=288.491   simsec/sec=1.00352   ev/simsec=287.479
     Messages:  created: 15157   present: 9   in FES: 6
** Event #119808   t=537.965777650574   Elapsed: 537.918s (8m 57s)  8% completed  (8% total)
     Speed:     ev/sec=244.294   simsec/sec=0.998053   ev/simsec=244.77
     Messages:  created: 15221   present: 9   in FES: 5
** Event #120320   t=540.786778894727   Elapsed: 540.746s (9m 00s)  8% completed  (8% total)
     Speed:     ev/sec=181.021   simsec/sec=0.997384   ev/simsec=181.496
     Messages:  created: 15285   present: 10   in FES: 6
** Event #121088   t=543.927020728787   Elapsed: 543.881s (9m 03s)  8% completed  (8% total)
     Speed:     ev/sec=244.966   simsec/sec=1.00163   ev/simsec=244.567
     Messages:  created: 15380   present: 8   in FES: 5
** Event #121600   t=546.538014993894   Elapsed: 546.484s (9m 06s)  8% completed  (8% total)
     Speed:     ev/sec=196.716   simsec/sec=1.00317   ev/simsec=196.094
     Messages:  created: 15445   present: 10   in FES: 6
** Event #122112   t=548.557853377208   Elapsed: 548.504s (9m 08s)  8% completed  (8% total)
     Speed:     ev/sec=253.486   simsec/sec=1   ev/simsec=253.486
     Messages:  created: 15509   present: 10   in FES: 6
** Event #122624   t=550.749477558115   Elapsed: 550.695s (9m 10s)  8% completed  (8% total)
     Speed:     ev/sec=233.617   simsec/sec=1   ev/simsec=233.617
     Messages:  created: 15573   present: 11   in FES: 7
** Event #123392   t=553.469239833578   Elapsed: 553.416s (9m 13s)  8% completed  (8% total)
     Speed:     ev/sec=282.284   simsec/sec=0.999667   ev/simsec=282.378
     Messages:  created: 15668   present: 8   in FES: 5
** Event #123904   t=555.903327832971   Elapsed: 555.849s (9m 15s)  8% completed  (8% total)
     Speed:     ev/sec=210.424   simsec/sec=1.00037   ev/simsec=210.346
     Messages:  created: 15733   present: 11   in FES: 7
** Event #124416   t=558.629609663938   Elapsed: 558.584s (9m 18s)  8% completed  (8% total)
     Speed:     ev/sec=187.248   simsec/sec=0.997054   ev/simsec=187.802
     Messages:  created: 15796   present: 8   in FES: 5
** Event #124928   t=561.612587053853   Elapsed: 561.573s (9m 21s)  8% completed  (8% total)
     Speed:     ev/sec=171.291   simsec/sec=0.997963   ev/simsec=171.641
     Messages:  created: 15860   present: 8   in FES: 5
** Event #125440   t=564.137500614681   Elapsed: 564.099s (9m 24s)  8% completed  (8% total)
     Speed:     ev/sec=202.695   simsec/sec=0.999585   ev/simsec=202.779
     Messages:  created: 15924   present: 8   in FES: 5
** Event #126208   t=566.194971149352   Elapsed: 566.141s (9m 26s)  8% completed  (8% total)
     Speed:     ev/sec=376.051   simsec/sec=1.00744   ev/simsec=373.274
     Messages:  created: 16022   present: 14   in FES: 7
** Event #126720   t=568.529340689874   Elapsed: 568.475s (9m 28s)  9% completed  (9% total)
     Speed:     ev/sec=219.331   simsec/sec=1   ev/simsec=219.331
     Messages:  created: 16085   present: 10   in FES: 7
** Event #127232   t=571.125813829909   Elapsed: 571.072s (9m 31s)  9% completed  (9% total)
     Speed:     ev/sec=197.19   simsec/sec=0.999999   ev/simsec=197.191
     Messages:  created: 16149   present: 10   in FES: 7
** Event #128000   t=573.205748069147   Elapsed: 573.156s (9m 33s)  9% completed  (9% total)
     Speed:     ev/sec=368.534   simsec/sec=0.998081   ev/simsec=369.242
     Messages:  created: 16244   present: 8   in FES: 5
** Event #128512   t=576.445628316338   Elapsed: 576.411s (9m 36s)  9% completed  (9% total)
     Speed:     ev/sec=157.282   simsec/sec=0.995265   ev/simsec=158.031
     Messages:  created: 16308   present: 8   in FES: 5
** Event #129280   t=578.684237716782   Elapsed: 578.631s (9m 38s)  9% completed  (9% total)
     Speed:     ev/sec=345.903   simsec/sec=1.00826   ev/simsec=343.07
     Messages:  created: 16410   present: 24   in FES: 6
** Event #129536   t=580.835386884581   Elapsed: 580.784s (9m 40s)  9% completed  (9% total)
     Speed:     ev/sec=118.899   simsec/sec=0.999097   ev/simsec=119.006
     Messages:  created: 16436   present: 8   in FES: 5
** Event #129792   t=583.283798350182   Elapsed: 583.29s (9m 43s)  9% completed  (9% total)
     Speed:     ev/sec=102.18   simsec/sec=0.977258   ev/simsec=104.558
     Messages:  created: 16468   present: 8   in FES: 5
** Event #130304   t=587.542720008245   Elapsed: 587.522s (9m 47s)  9% completed  (9% total)
     Speed:     ev/sec=120.972   simsec/sec=1.00627   ev/simsec=120.218
     Messages:  created: 16532   present: 8   in FES: 5
** Event #130560   t=589.583771774019   Elapsed: 589.556s (9m 49s)  9% completed  (9% total)
     Speed:     ev/sec=125.88   simsec/sec=1.00362   ev/simsec=125.426
     Messages:  created: 16564   present: 8   in FES: 5
** Event #131072   t=591.736448154366   Elapsed: 591.684s (9m 51s)  9% completed  (9% total)
     Speed:     ev/sec=240.597   simsec/sec=1.01158   ev/simsec=237.843
     Messages:  created: 16628   present: 8   in FES: 5
** Event #131584   t=594.700855924117   Elapsed: 594.647s (9m 54s)  9% completed  (9% total)
     Speed:     ev/sec=172.8   simsec/sec=1.00049   ev/simsec=172.716
     Messages:  created: 16693   present: 10   in FES: 7
** Event #132096   t=596.840856530399   Elapsed: 596.805s (9m 56s)  9% completed  (9% total)
     Speed:     ev/sec=237.241   simsec/sec=0.991595   ev/simsec=239.252
     Messages:  created: 16756   present: 8   in FES: 5
** Event #132608   t=598.87155756753   Elapsed: 598.82s (9m 58s)  9% completed  (9% total)
     Speed:     ev/sec=254.027   simsec/sec=1.00753   ev/simsec=252.13
     Messages:  created: 16820   present: 8   in FES: 5
** Event #133120   t=603.305588562575   Elapsed: 603.251s (10m 03s)  9% completed  (9% total)
     Speed:     ev/sec=115.548   simsec/sec=1.00067   ev/simsec=115.471
     Messages:  created: 16884   present: 9   in FES: 6
** Event #133632   t=606.238816592395   Elapsed: 606.185s (10m 06s)  9% completed  (9% total)
     Speed:     ev/sec=174.552   simsec/sec=1   ev/simsec=174.552
     Messages:  created: 16949   present: 11   in FES: 7
** Event #134144   t=608.590935359952   Elapsed: 608.573s (10m 08s)  9% completed  (9% total)
     Speed:     ev/sec=214.347   simsec/sec=0.984706   ev/simsec=217.676
     Messages:  created: 17011   present: 7   in FES: 4
** Event #134400   t=610.742039080627   Elapsed: 610.688s (10m 10s)  9% completed  (9% total)
     Speed:     ev/sec=121.065   simsec/sec=1.01728   ev/simsec=119.009
     Messages:  created: 17044   present: 10   in FES: 6
** Event #134912   t=613.794429144068   Elapsed: 613.74s (10m 13s)  9% completed  (9% total)
     Speed:     ev/sec=167.737   simsec/sec=1   ev/simsec=167.737
     Messages:  created: 17108   present: 10   in FES: 7
** Event #135424   t=616.378793714114   Elapsed: 616.368s (10m 16s)  9% completed  (9% total)
     Speed:     ev/sec=194.84   simsec/sec=0.983472   ev/simsec=198.114
     Messages:  created: 17171   present: 7   in FES: 4
** Event #136192   t=619.316862820531   Elapsed: 619.263s (10m 19s)  9% completed  (9% total)
     Speed:     ev/sec=265.318   simsec/sec=1.015   ev/simsec=261.396
     Messages:  created: 17268   present: 9   in FES: 6
** Event #136704   t=621.472158623003   Elapsed: 621.446s (10m 21s)  9% completed  (9% total)
     Speed:     ev/sec=234.552   simsec/sec=0.987359   ev/simsec=237.554
     Messages:  created: 17331   present: 7   in FES: 4
** Event #137472   t=624.092481771471   Elapsed: 624.038s (10m 24s)  9% completed  (9% total)
     Speed:     ev/sec=296.213   simsec/sec=1.01064   ev/simsec=293.094
     Messages:  created: 17428   present: 9   in FES: 6
** Event #138240   t=626.532098511035   Elapsed: 626.478s (10m 26s)  9% completed  (9% total)
     Speed:     ev/sec=314.804   simsec/sec=1   ev/simsec=314.804
     Messages:  created: 17525   present: 11   in FES: 7
** Event #138752   t=628.630462705469   Elapsed: 628.58s (10m 28s)  9% completed  (9% total)
     Speed:     ev/sec=243.541   simsec/sec=0.998119   ev/simsec=244
     Messages:  created: 17587   present: 7   in FES: 4
** Event #139264   t=631.221089736116   Elapsed: 631.167s (10m 31s)  10% completed  (10% total)
     Speed:     ev/sec=197.938   simsec/sec=1.00153   ev/simsec=197.636
     Messages:  created: 17652   present: 9   in FES: 6
** Event #139776   t=634.421546205711   Elapsed: 634.469s (10m 34s)  10% completed  (10% total)
     Speed:     ev/sec=155.067   simsec/sec=0.969306   ev/simsec=159.977
     Messages:  created: 17715   present: 7   in FES: 4
** Event #140288   t=638.6460986127   Elapsed: 638.685s (10m 38s)  10% completed  (10% total)
     Speed:     ev/sec=121.443   simsec/sec=1.00204   ev/simsec=121.196
     Messages:  created: 17779   present: 7   in FES: 4
** Event #140544   t=640.761744637807   Elapsed: 640.708s (10m 40s)  10% completed  (10% total)
     Speed:     ev/sec=126.551   simsec/sec=1.04585   ev/simsec=121.003
     Messages:  created: 17812   present: 10   in FES: 7
** Event #141056   t=643.999888583786   Elapsed: 643.982s (10m 43s)  10% completed  (10% total)
     Speed:     ev/sec=156.371   simsec/sec=0.988967   ev/simsec=158.115
     Messages:  created: 17875   present: 7   in FES: 4
** Event #141568   t=647.6244881941   Elapsed: 647.626s (10m 47s)  10% completed  (10% total)
     Speed:     ev/sec=140.511   simsec/sec=0.994722   ev/simsec=141.257
     Messages:  created: 17939   present: 7   in FES: 4
** Event #142080   t=650.141674447502   Elapsed: 650.283s (10m 50s)  10% completed  (10% total)
     Speed:     ev/sec=192.657   simsec/sec=0.947174   ev/simsec=203.402
     Messages:  created: 18003   present: 7   in FES: 4
** Event #142592   t=652.84684159696   Elapsed: 652.793s (10m 52s)  10% completed  (10% total)
     Speed:     ev/sec=204.031   simsec/sec=1.078   ev/simsec=189.267
     Messages:  created: 18068   present: 10   in FES: 7
** Event #143104   t=656.017601856996   Elapsed: 655.964s (10m 55s)  10% completed  (10% total)
     Speed:     ev/sec=161.475   simsec/sec=1   ev/simsec=161.475
     Messages:  created: 18132   present: 9   in FES: 6
** Event #143616   t=658.75001003494   Elapsed: 658.696s (10m 58s)  10% completed  (10% total)
     Speed:     ev/sec=187.38   simsec/sec=0.999997   ev/simsec=187.38
     Messages:  created: 18196   present: 9   in FES: 6
** Event #144384   t=660.796931639079   Elapsed: 660.759s (11m 00s)  10% completed  (10% total)
     Speed:     ev/sec=372.199   simsec/sec=0.992007   ev/simsec=375.198
     Messages:  created: 18294   present: 16   in FES: 7
** Event #144896   t=663.453102808558   Elapsed: 663.399s (11m 03s)  10% completed  (10% total)
     Speed:     ev/sec=193.964   simsec/sec=1.00625   ev/simsec=192.759
     Messages:  created: 18356   present: 10   in FES: 6
** Event #145408   t=666.061878131526   Elapsed: 666.008s (11m 06s)  10% completed  (10% total)
     Speed:     ev/sec=196.261   simsec/sec=0.999999   ev/simsec=196.261
     Messages:  created: 18419   present: 9   in FES: 6
** Event #145920   t=668.602124985662   Elapsed: 668.548s (11m 08s)  10% completed  (10% total)
     Speed:     ev/sec=201.555   simsec/sec=1   ev/simsec=201.555
     Messages:  created: 18483   present: 9   in FES: 6
** Event #146432   t=671.477593814492   Elapsed: 671.423s (11m 11s)  10% completed  (10% total)
     Speed:     ev/sec=178.058   simsec/sec=1   ev/simsec=178.058
     Messages:  created: 18548   present: 10   in FES: 6
** Event #146944   t=673.490332715919   Elapsed: 673.436s (11m 13s)  10% completed  (10% total)
     Speed:     ev/sec=254.38   simsec/sec=0.999999   ev/simsec=254.38
     Messages:  created: 18612   present: 11   in FES: 7
** Event #147456   t=675.680129079591   Elapsed: 675.626s (11m 15s)  10% completed  (10% total)
     Speed:     ev/sec=233.812   simsec/sec=0.999999   ev/simsec=233.812
     Messages:  created: 18676   present: 11   in FES: 7
** Event #147968   t=678.033512649085   Elapsed: 677.979s (11m 17s)  10% completed  (10% total)
     Speed:     ev/sec=217.559   simsec/sec=1   ev/simsec=217.559
     Messages:  created: 18739   present: 9   in FES: 6
** Event #148480   t=680.709618446699   Elapsed: 680.656s (11m 20s)  10% completed  (10% total)
     Speed:     ev/sec=191.323   simsec/sec=1   ev/simsec=191.323
     Messages:  created: 18803   present: 9   in FES: 6
** Event #148992   t=683.153341053397   Elapsed: 683.099s (11m 23s)  10% completed  (10% total)
     Speed:     ev/sec=209.517   simsec/sec=1   ev/simsec=209.516
     Messages:  created: 18867   present: 8   in FES: 5
** Event #149504   t=686.439160377482   Elapsed: 686.385s (11m 26s)  10% completed  (10% total)
     Speed:     ev/sec=155.821   simsec/sec=0.999999   ev/simsec=155.821
     Messages:  created: 18931   present: 9   in FES: 6
** Event #149760   t=688.673281124532   Elapsed: 688.619s (11m 28s)  10% completed  (10% total)
     Speed:     ev/sec=114.585   simsec/sec=0.99999   ev/simsec=114.586
     Messages:  created: 18963   present: 8   in FES: 5
** Event #150016   t=691.595186647693   Elapsed: 691.541s (11m 31s)  10% completed  (10% total)
     Speed:     ev/sec=87.6145   simsec/sec=1   ev/simsec=87.6141
     Messages:  created: 18995   present: 8   in FES: 5
** Event #150528   t=694.391870401055   Elapsed: 694.338s (11m 34s)  11% completed  (11% total)
     Speed:     ev/sec=183.075   simsec/sec=1   ev/simsec=183.074
     Messages:  created: 19059   present: 8   in FES: 5
** Event #151040   t=696.646112872682   Elapsed: 696.592s (11m 36s)  11% completed  (11% total)
     Speed:     ev/sec=227.127   simsec/sec=1   ev/simsec=227.127
     Messages:  created: 19126   present: 17   in FES: 7
** Event #151552   t=699.244426300305   Elapsed: 699.19s (11m 39s)  11% completed  (11% total)
     Speed:     ev/sec=197.049   simsec/sec=0.999992   ev/simsec=197.051
     Messages:  created: 19187   present: 8   in FES: 5
** Event #152320   t=702.062934586797   Elapsed: 702.009s (11m 42s)  11% completed  (11% total)
     Speed:     ev/sec=272.487   simsec/sec=1.00001   ev/simsec=272.485
     Messages:  created: 19284   present: 11   in FES: 6
** Event #152832   t=704.752968562096   Elapsed: 704.752s (11m 44s)  11% completed  (11% total)
     Speed:     ev/sec=186.653   simsec/sec=0.980668   ev/simsec=190.332
     Messages:  created: 19349   present: 14   in FES: 6
** Event #153344   t=708.7251566942   Elapsed: 708.671s (11m 48s)  11% completed  (11% total)
     Speed:     ev/sec=130.64   simsec/sec=1.01353   ev/simsec=128.896
     Messages:  created: 19412   present: 10   in FES: 7
** Event #153856   t=711.97728697715   Elapsed: 711.923s (11m 51s)  11% completed  (11% total)
     Speed:     ev/sec=157.435   simsec/sec=1   ev/simsec=157.435
     Messages:  created: 19476   present: 12   in FES: 7
** Event #154368   t=715.081551149848   Elapsed: 715.028s (11m 55s)  11% completed  (11% total)
     Speed:     ev/sec=164.931   simsec/sec=0.999981   ev/simsec=164.934
     Messages:  created: 19539   present: 8   in FES: 5
** Event #154880   t=717.595248764182   Elapsed: 717.541s (11m 57s)  11% completed  (11% total)
     Speed:     ev/sec=203.689   simsec/sec=1.00002   ev/simsec=203.684
     Messages:  created: 19604   present: 10   in FES: 7
** Event #155392   t=720.715635320933   Elapsed: 720.742s (12m 00s)  11% completed  (11% total)
     Speed:     ev/sec=159.955   simsec/sec=0.974844   ev/simsec=164.082
     Messages:  created: 19666   present: 7   in FES: 4
** Event #155904   t=723.62747327105   Elapsed: 723.573s (12m 03s)  11% completed  (11% total)
     Speed:     ev/sec=180.835   simsec/sec=1.02844   ev/simsec=175.834
     Messages:  created: 19731   present: 9   in FES: 6
** Event #156416   t=726.830207076434   Elapsed: 726.776s (12m 06s)  11% completed  (11% total)
     Speed:     ev/sec=159.864   simsec/sec=1   ev/simsec=159.863
     Messages:  created: 19794   present: 8   in FES: 5
** Event #156928   t=730.067765974507   Elapsed: 730.014s (12m 10s)  11% completed  (11% total)
     Speed:     ev/sec=158.144   simsec/sec=1   ev/simsec=158.144
     Messages:  created: 19859   present: 9   in FES: 6
** Event #157440   t=732.88349688805   Elapsed: 732.829s (12m 12s)  11% completed  (11% total)
     Speed:     ev/sec=181.835   simsec/sec=0.999999   ev/simsec=181.836
     Messages:  created: 19923   present: 9   in FES: 6
** Event #158208   t=735.554542594669   Elapsed: 735.5s (12m 15s)  11% completed  (11% total)
     Speed:     ev/sec=287.528   simsec/sec=1   ev/simsec=287.528
     Messages:  created: 20020   present: 12   in FES: 6
** Event #158720   t=737.955673554233   Elapsed: 737.902s (12m 17s)  11% completed  (11% total)
     Speed:     ev/sec=213.233   simsec/sec=0.999999   ev/simsec=213.233
     Messages:  created: 20082   present: 8   in FES: 5
** Event #159488   t=740.253711847339   Elapsed: 740.2s (12m 20s)  11% completed  (11% total)
     Speed:     ev/sec=334.198   simsec/sec=1   ev/simsec=334.198
     Messages:  created: 20179   present: 10   in FES: 7
** Event #160256   t=742.551042716454   Elapsed: 742.497s (12m 22s)  11% completed  (11% total)
     Speed:     ev/sec=334.301   simsec/sec=1   ev/simsec=334.301
     Messages:  created: 20275   present: 11   in FES: 7
** Event #161024   t=745.463754714183   Elapsed: 745.417s (12m 25s)  11% completed  (11% total)
     Speed:     ev/sec=263.024   simsec/sec=0.997544   ev/simsec=263.672
     Messages:  created: 20372   present: 13   in FES: 6
** Event #161792   t=747.966987514019   Elapsed: 747.913s (12m 27s)  11% completed  (11% total)
     Speed:     ev/sec=307.685   simsec/sec=1.00287   ev/simsec=306.803
     Messages:  created: 20468   present: 12   in FES: 7
** Event #162304   t=750.357164087575   Elapsed: 750.303s (12m 30s)  11% completed  (11% total)
     Speed:     ev/sec=214.21   simsec/sec=1   ev/simsec=214.21
     Messages:  created: 20531   present: 10   in FES: 7
** Event #162816   t=752.585902563195   Elapsed: 752.532s (12m 32s)  11% completed  (11% total)
     Speed:     ev/sec=229.725   simsec/sec=0.999995   ev/simsec=229.726
     Messages:  created: 20595   present: 10   in FES: 6
** Event #163328   t=754.995281133877   Elapsed: 754.941s (12m 34s)  11% completed  (11% total)
     Speed:     ev/sec=212.503   simsec/sec=1   ev/simsec=212.503
     Messages:  created: 20659   present: 10   in FES: 7
** Event #164096   t=758.039737665637   Elapsed: 757.986s (12m 37s)  12% completed  (12% total)
     Speed:     ev/sec=252.262   simsec/sec=1   ev/simsec=252.262
     Messages:  created: 20755   present: 9   in FES: 6
** Event #164608   t=760.367848434564   Elapsed: 760.314s (12m 40s)  12% completed  (12% total)
     Speed:     ev/sec=219.921   simsec/sec=0.999999   ev/simsec=219.921
     Messages:  created: 20819   present: 9   in FES: 6
** Event #165120   t=763.291091450565   Elapsed: 763.237s (12m 43s)  12% completed  (12% total)
     Speed:     ev/sec=175.148   simsec/sec=1   ev/simsec=175.148
     Messages:  created: 20883   present: 9   in FES: 6
** Event #165376   t=766.832057052045   Elapsed: 766.778s (12m 46s)  12% completed  (12% total)
     Speed:     ev/sec=72.2967   simsec/sec=1   ev/simsec=72.2967
     Messages:  created: 20915   present: 9   in FES: 6
** Event #165888   t=770.589299105691   Elapsed: 770.535s (12m 50s)  12% completed  (12% total)
     Speed:     ev/sec=136.27   simsec/sec=0.999999   ev/simsec=136.27
     Messages:  created: 20978   present: 8   in FES: 5
** Event #166144   t=773.004721178025   Elapsed: 772.951s (12m 52s)  12% completed  (12% total)
     Speed:     ev/sec=105.986   simsec/sec=1   ev/simsec=105.986
     Messages:  created: 21010   present: 8   in FES: 5
** Event #166656   t=775.890147477696   Elapsed: 775.836s (12m 55s)  12% completed  (12% total)
     Speed:     ev/sec=177.444   simsec/sec=1   ev/simsec=177.443
     Messages:  created: 21074   present: 8   in FES: 5
** Event #167168   t=777.899991200105   Elapsed: 777.846s (12m 57s)  12% completed  (12% total)
     Speed:     ev/sec=254.746   simsec/sec=1   ev/simsec=254.746
     Messages:  created: 21142   present: 18   in FES: 6
** Event #167680   t=780.815977767656   Elapsed: 780.762s (13m 00s)  12% completed  (12% total)
     Speed:     ev/sec=175.584   simsec/sec=1   ev/simsec=175.584
     Messages:  created: 21202   present: 9   in FES: 6
** Event #167936   t=783.460046190652   Elapsed: 783.406s (13m 03s)  12% completed  (12% total)
     Speed:     ev/sec=96.8175   simsec/sec=0.99997   ev/simsec=96.8205
     Messages:  created: 21234   present: 8   in FES: 5
** Event #168448   t=785.604466912097   Elapsed: 785.55s (13m 05s)  12% completed  (12% total)
     Speed:     ev/sec=238.768   simsec/sec=1.00004   ev/simsec=238.759
     Messages:  created: 21298   present: 10   in FES: 7
** Event #168960   t=787.768012616825   Elapsed: 787.714s (13m 07s)  12% completed  (12% total)
     Speed:     ev/sec=236.645   simsec/sec=0.999986   ev/simsec=236.649
     Messages:  created: 21362   present: 8   in FES: 5
** Event #169472   t=790.530096420441   Elapsed: 790.476s (13m 10s)  12% completed  (12% total)
     Speed:     ev/sec=185.369   simsec/sec=1.00001   ev/simsec=185.367
     Messages:  created: 21426   present: 9   in FES: 6
** Event #170240   t=793.276222961908   Elapsed: 793.222s (13m 13s)  12% completed  (12% total)
     Speed:     ev/sec=279.667   simsec/sec=1   ev/simsec=279.667
     Messages:  created: 21522   present: 10   in FES: 7
** Event #170752   t=795.534921476972   Elapsed: 795.481s (13m 15s)  12% completed  (12% total)
     Speed:     ev/sec=226.679   simsec/sec=0.999999   ev/simsec=226.679
     Messages:  created: 21586   present: 9   in FES: 6
** Event #171264   t=799.008438088961   Elapsed: 798.954s (13m 18s)  12% completed  (12% total)
     Speed:     ev/sec=147.401   simsec/sec=1   ev/simsec=147.401
     Messages:  created: 21651   present: 11   in FES: 7
** Event #171520   t=801.384167671053   Elapsed: 801.33s (13m 21s)  12% completed  (12% total)
     Speed:     ev/sec=107.756   simsec/sec=1   ev/simsec=107.756
     Messages:  created: 21682   present: 9   in FES: 6
** Event #172032   t=804.394167203078   Elapsed: 804.357s (13m 24s)  12% completed  (12% total)
     Speed:     ev/sec=169.123   simsec/sec=0.994257   ev/simsec=170.1
     Messages:  created: 21747   present: 12   in FES: 6
** Event #172544   t=809.649450694789   Elapsed: 809.595s (13m 29s)  12% completed  (12% total)
     Speed:     ev/sec=97.7492   simsec/sec=1.00332   ev/simsec=97.4258
     Messages:  created: 21810   present: 10   in FES: 6
** Event #173056   t=812.315837497097   Elapsed: 812.262s (13m 32s)  12% completed  (12% total)
     Speed:     ev/sec=192.02   simsec/sec=1   ev/simsec=192.02
     Messages:  created: 21874   present: 10   in FES: 6
** Event #173568   t=814.663319851272   Elapsed: 814.609s (13m 34s)  12% completed  (12% total)
     Speed:     ev/sec=218.106   simsec/sec=1   ev/simsec=218.106
     Messages:  created: 21938   present: 9   in FES: 6
** Event #174080   t=818.968074816936   Elapsed: 818.914s (13m 38s)  12% completed  (12% total)
     Speed:     ev/sec=118.938   simsec/sec=1   ev/simsec=118.938
     Messages:  created: 22003   present: 11   in FES: 7
** Event #174592   t=822.2716932346   Elapsed: 822.218s (13m 42s)  13% completed  (13% total)
     Speed:     ev/sec=154.982   simsec/sec=1   ev/simsec=154.982
     Messages:  created: 22069   present: 17   in FES: 7
** Event #175360   t=826.079463736896   Elapsed: 826.025s (13m 46s)  13% completed  (13% total)
     Speed:     ev/sec=201.693   simsec/sec=1   ev/simsec=201.693
     Messages:  created: 22162   present: 8   in FES: 5
** Event #175872   t=829.154367688633   Elapsed: 829.1s (13m 49s)  13% completed  (13% total)
     Speed:     ev/sec=166.509   simsec/sec=0.999999   ev/simsec=166.509
     Messages:  created: 22226   present: 9   in FES: 6
** Event #176384   t=831.763331970459   Elapsed: 831.709s (13m 51s)  13% completed  (13% total)
     Speed:     ev/sec=196.247   simsec/sec=1   ev/simsec=196.246
     Messages:  created: 22291   present: 11   in FES: 7
** Event #176896   t=834.479112627249   Elapsed: 834.425s (13m 54s)  13% completed  (13% total)
     Speed:     ev/sec=188.528   simsec/sec=1   ev/simsec=188.528
     Messages:  created: 22357   present: 16   in FES: 7
** Event #177664   t=837.974577282057   Elapsed: 837.92s (13m 57s)  13% completed  (13% total)
     Speed:     ev/sec=219.713   simsec/sec=1   ev/simsec=219.713
     Messages:  created: 22450   present: 9   in FES: 6
** Event #178176   t=841.626662948336   Elapsed: 841.573s (14m 01s)  13% completed  (13% total)
     Speed:     ev/sec=140.194   simsec/sec=0.999999   ev/simsec=140.194
     Messages:  created: 22513   present: 8   in FES: 5
** Event #178688   t=844.500996588359   Elapsed: 844.448s (14m 04s)  13% completed  (13% total)
     Speed:     ev/sec=178.056   simsec/sec=0.999595   ev/simsec=178.128
     Messages:  created: 22578   present: 11   in FES: 6
** Event #178944   t=847.267314899354   Elapsed: 847.213s (14m 07s)  13% completed  (13% total)
     Speed:     ev/sec=92.5807   simsec/sec=1.00042   ev/simsec=92.5418
     Messages:  created: 22609   present: 8   in FES: 5
** Event #179456   t=852.652677574299   Elapsed: 852.602s (14m 12s)  13% completed  (13% total)
     Speed:     ev/sec=95.0169   simsec/sec=0.999415   ev/simsec=95.0725
     Messages:  created: 22674   present: 11   in FES: 6
** Event #179968   t=856.175549267841   Elapsed: 856.121s (14m 16s)  13% completed  (13% total)
     Speed:     ev/sec=145.466   simsec/sec=1.0009   ev/simsec=145.336
     Messages:  created: 22737   present: 9   in FES: 6
** Event #180480   t=858.85895310828   Elapsed: 858.805s (14m 18s)  13% completed  (13% total)
     Speed:     ev/sec=190.802   simsec/sec=0.999999   ev/simsec=190.802
     Messages:  created: 22801   present: 9   in FES: 6
** Event #181248   t=861.641588711463   Elapsed: 861.587s (14m 21s)  13% completed  (13% total)
     Speed:     ev/sec=275.998   simsec/sec=1   ev/simsec=275.997
     Messages:  created: 22897   present: 8   in FES: 5
** Event #182016   t=864.339955761118   Elapsed: 864.312s (14m 24s)  13% completed  (13% total)
     Speed:     ev/sec=281.836   simsec/sec=0.990231   ev/simsec=284.617
     Messages:  created: 22997   present: 19   in FES: 6
** Event #182784   t=866.790873321365   Elapsed: 866.737s (14m 26s)  13% completed  (13% total)
     Speed:     ev/sec=316.792   simsec/sec=1.01098   ev/simsec=313.352
     Messages:  created: 23091   present: 13   in FES: 7
** Event #183296   t=869.239384618669   Elapsed: 869.199s (14m 29s)  13% completed  (13% total)
     Speed:     ev/sec=207.901   simsec/sec=0.994235   ev/simsec=209.107
     Messages:  created: 23154   present: 11   in FES: 6
** Event #183808   t=871.677216078664   Elapsed: 871.623s (14m 31s)  13% completed  (13% total)
     Speed:     ev/sec=211.253   simsec/sec=1.00586   ev/simsec=210.023
     Messages:  created: 23218   present: 10   in FES: 7
** Event #184064   t=873.753131380988   Elapsed: 873.699s (14m 33s)  13% completed  (13% total)
     Speed:     ev/sec=123.319   simsec/sec=1   ev/simsec=123.319
     Messages:  created: 23249   present: 8   in FES: 5
** Event #184576   t=876.490829777785   Elapsed: 876.437s (14m 36s)  13% completed  (13% total)
     Speed:     ev/sec=187.019   simsec/sec=1   ev/simsec=187.018
     Messages:  created: 23313   present: 9   in FES: 6
** Event #185344   t=879.739632112642   Elapsed: 879.686s (14m 39s)  13% completed  (13% total)
     Speed:     ev/sec=236.395   simsec/sec=0.999999   ev/simsec=236.395
     Messages:  created: 23410   present: 10   in FES: 7
** Event #186112   t=882.424717617301   Elapsed: 882.371s (14m 42s)  14% completed  (14% total)
     Speed:     ev/sec=286.024   simsec/sec=1   ev/simsec=286.024
     Messages:  created: 23506   present: 10   in FES: 6
** Event #186624   t=886.090700014133   Elapsed: 886.037s (14m 46s)  14% completed  (14% total)
     Speed:     ev/sec=139.66   simsec/sec=0.999981   ev/simsec=139.662
     Messages:  created: 23569   present: 8   in FES: 5
** Event #186880   t=888.290774909853   Elapsed: 888.237s (14m 48s)  14% completed  (14% total)
     Speed:     ev/sec=116.363   simsec/sec=1.00003   ev/simsec=116.36
     Messages:  created: 23601   present: 9   in FES: 6
** Event #187136   t=890.540498729022   Elapsed: 890.486s (14m 50s)  14% completed  (14% total)
     Speed:     ev/sec=113.789   simsec/sec=0.999979   ev/simsec=113.792
     Messages:  created: 23633   present: 8   in FES: 5
** Event #187392   t=892.989279764739   Elapsed: 892.935s (14m 52s)  14% completed  (14% total)
     Speed:     ev/sec=104.544   simsec/sec=1.00002   ev/simsec=104.542
     Messages:  created: 23665   present: 9   in FES: 6
** Event #187648   t=896.007312896252   Elapsed: 895.953s (14m 55s)  14% completed  (14% total)
     Speed:     ev/sec=84.8235   simsec/sec=1   ev/simsec=84.8235
     Messages:  created: 23697   present: 9   in FES: 6
** Event #187904   t=898.394679279563   Elapsed: 898.341s (14m 58s)  14% completed  (14% total)
     Speed:     ev/sec=107.228   simsec/sec=0.999974   ev/simsec=107.231
     Messages:  created: 23729   present: 8   in FES: 5
** Event #188160   t=900.150759328585   Elapsed: 900.932s (15m 00s)  14% completed  (14% total)
     Speed:     ev/sec=98.7752   simsec/sec=0.677567   ev/simsec=145.779
     Messages:  created: 23761   present: 8   in FES: 5
** Event #188672   t=904.790671525265   Elapsed: 904.737s (15m 04s)  14% completed  (14% total)
     Speed:     ev/sec=134.587   simsec/sec=1.21967   ev/simsec=110.347
     Messages:  created: 23824   present: 8   in FES: 5
** Event #189184   t=907.742641511893   Elapsed: 907.689s (15m 07s)  14% completed  (14% total)
     Speed:     ev/sec=173.446   simsec/sec=1.00001   ev/simsec=173.443
     Messages:  created: 23888   present: 8   in FES: 5
** Event #189696   t=910.919676417552   Elapsed: 910.866s (15m 10s)  14% completed  (14% total)
     Speed:     ev/sec=161.156   simsec/sec=0.999999   ev/simsec=161.157
     Messages:  created: 23952   present: 8   in FES: 5
** Event #190208   t=914.15899222534   Elapsed: 914.126s (15m 14s)  14% completed  (14% total)
     Speed:     ev/sec=157.034   simsec/sec=0.99352   ev/simsec=158.058
     Messages:  created: 24017   present: 10   in FES: 6
** Event #190720   t=916.281830204799   Elapsed: 916.228s (15m 16s)  14% completed  (14% total)
     Speed:     ev/sec=243.611   simsec/sec=1.01005   ev/simsec=241.187
     Messages:  created: 24081   present: 9   in FES: 6
** Event #190976   t=918.82930882911   Elapsed: 918.775s (15m 18s)  14% completed  (14% total)
     Speed:     ev/sec=100.492   simsec/sec=1   ev/simsec=100.492
     Messages:  created: 24112   present: 8   in FES: 5
** Event #191232   t=921.288522466353   Elapsed: 921.234s (15m 21s)  14% completed  (14% total)
     Speed:     ev/sec=104.098   simsec/sec=0.999999   ev/simsec=104.098
     Messages:  created: 24145   present: 9   in FES: 6
** Event #191744   t=924.45054553091   Elapsed: 924.397s (15m 24s)  14% completed  (14% total)
     Speed:     ev/sec=161.879   simsec/sec=0.999739   ev/simsec=161.922
     Messages:  created: 24209   present: 10   in FES: 6
** Event #192256   t=926.56042306021   Elapsed: 926.506s (15m 26s)  14% completed  (14% total)
     Speed:     ev/sec=242.769   simsec/sec=1.00042   ev/simsec=242.668
     Messages:  created: 24275   present: 14   in FES: 7
** Event #192768   t=929.613428333018   Elapsed: 929.559s (15m 29s)  14% completed  (14% total)
     Speed:     ev/sec=167.701   simsec/sec=0.999984   ev/simsec=167.704
     Messages:  created: 24337   present: 9   in FES: 6
** Event #193280   t=932.514408273004   Elapsed: 932.46s (15m 32s)  14% completed  (14% total)
     Speed:     ev/sec=176.494   simsec/sec=1.00001   ev/simsec=176.492
     Messages:  created: 24400   present: 8   in FES: 5
** Event #194048   t=935.494824406515   Elapsed: 935.441s (15m 35s)  14% completed  (14% total)
     Speed:     ev/sec=257.679   simsec/sec=0.99999   ev/simsec=257.682
     Messages:  created: 24498   present: 13   in FES: 7
** Event #194560   t=938.189787634602   Elapsed: 938.136s (15m 38s)  14% completed  (14% total)
     Speed:     ev/sec=189.984   simsec/sec=0.999999   ev/simsec=189.984
     Messages:  created: 24561   present: 9   in FES: 6
** Event #195072   t=941.195107988875   Elapsed: 941.149s (15m 41s)  14% completed  (14% total)
     Speed:     ev/sec=169.913   simsec/sec=0.997352   ev/simsec=170.365
     Messages:  created: 24625   present: 10   in FES: 6
** Event #195584   t=944.432080591209   Elapsed: 944.378s (15m 44s)  14% completed  (14% total)
     Speed:     ev/sec=158.563   simsec/sec=1.00247   ev/simsec=158.172
     Messages:  created: 24688   present: 8   in FES: 5
** Event #196096   t=947.525399433169   Elapsed: 947.471s (15m 47s)  15% completed  (15% total)
     Speed:     ev/sec=165.518   simsec/sec=1   ev/simsec=165.518
     Messages:  created: 24752   present: 8   in FES: 5
** Event #196864   t=950.643710000186   Elapsed: 950.59s (15m 50s)  15% completed  (15% total)
     Speed:     ev/sec=246.287   simsec/sec=1   ev/simsec=246.287
     Messages:  created: 24849   present: 9   in FES: 6
** Event #197376   t=953.626318609279   Elapsed: 953.572s (15m 53s)  15% completed  (15% total)
     Speed:     ev/sec=171.662   simsec/sec=1   ev/simsec=171.662
     Messages:  created: 24912   present: 8   in FES: 5
** Event #197888   t=955.939988535155   Elapsed: 955.886s (15m 55s)  15% completed  (15% total)
     Speed:     ev/sec=221.293   simsec/sec=1   ev/simsec=221.293
     Messages:  created: 24976   present: 8   in FES: 5
** Event #198400   t=958.420493694905   Elapsed: 958.366s (15m 58s)  15% completed  (15% total)
     Speed:     ev/sec=206.409   simsec/sec=0.999998   ev/simsec=206.41
     Messages:  created: 25040   present: 8   in FES: 5
** Event #198912   t=961.19755998623   Elapsed: 961.143s (16m 01s)  15% completed  (15% total)
     Speed:     ev/sec=184.368   simsec/sec=1   ev/simsec=184.367
     Messages:  created: 25105   present: 11   in FES: 7
** Event #199424   t=963.557677488208   Elapsed: 963.504s (16m 03s)  15% completed  (15% total)
     Speed:     ev/sec=216.932   simsec/sec=0.999969   ev/simsec=216.938
     Messages:  created: 25168   present: 8   in FES: 5
** Event #199936   t=966.762861908954   Elapsed: 966.743s (16m 06s)  15% completed  (15% total)
     Speed:     ev/sec=158.032   simsec/sec=0.989301   ev/simsec=159.741
     Messages:  created: 25232   present: 9   in FES: 6
** Event #200448   t=970.651804075544   Elapsed: 970.605s (16m 10s)  15% completed  (15% total)
     Speed:     ev/sec=132.585   simsec/sec=1.00706   ev/simsec=131.655
     Messages:  created: 25296   present: 9   in FES: 6
** Event #200704   t=972.776512318702   Elapsed: 972.745s (16m 12s)  15% completed  (15% total)
     Speed:     ev/sec=119.65   simsec/sec=0.993054   ev/simsec=120.487
     Messages:  created: 25328   present: 9   in FES: 5
** Event #200960   t=974.935359966561   Elapsed: 974.881s (16m 14s)  15% completed  (15% total)
     Speed:     ev/sec=119.82   simsec/sec=1.01044   ev/simsec=118.582
     Messages:  created: 25360   present: 8   in FES: 5
** Event #201472   t=978.895786801063   Elapsed: 978.856s (16m 18s)  15% completed  (15% total)
     Speed:     ev/sec=128.819   simsec/sec=0.996438   ev/simsec=129.279
     Messages:  created: 25424   present: 9   in FES: 6
** Event #201984   t=982.219687675719   Elapsed: 982.166s (16m 22s)  15% completed  (15% total)
     Speed:     ev/sec=154.693   simsec/sec=1.00427   ev/simsec=154.036
     Messages:  created: 25488   present: 8   in FES: 5
** Event #202240   t=984.234974358888   Elapsed: 984.181s (16m 24s)  15% completed  (15% total)
     Speed:     ev/sec=127.032   simsec/sec=1.00002   ev/simsec=127.029
     Messages:  created: 25520   present: 8   in FES: 5
** Event #202752   t=988.794118272452   Elapsed: 988.74s (16m 28s)  15% completed  (15% total)
     Speed:     ev/sec=112.302   simsec/sec=1   ev/simsec=112.302
     Messages:  created: 25586   present: 13   in FES: 7
** Event #203520   t=991.878620026025   Elapsed: 991.841s (16m 31s)  15% completed  (15% total)
     Speed:     ev/sec=247.7   simsec/sec=0.994833   ev/simsec=248.987
     Messages:  created: 25680   present: 9   in FES: 5
** Event #204288   t=994.88616176636   Elapsed: 994.85s (16m 34s)  15% completed  (15% total)
     Speed:     ev/sec=255.17   simsec/sec=0.999265   ev/simsec=255.358
     Messages:  created: 25776   present: 9   in FES: 6
** Event #204800   t=997.013207932742   Elapsed: 996.959s (16m 36s)  15% completed  (15% total)
     Speed:     ev/sec=242.791   simsec/sec=1.00865   ev/simsec=240.709
     Messages:  created: 25840   present: 8   in FES: 5
** Event #205568   t=1000.139249259111   Elapsed: 1000.12s (16m 40s)  15% completed  (15% total)
     Speed:     ev/sec=243.258   simsec/sec=0.99015   ev/simsec=245.678
     Messages:  created: 25936   present: 9   in FES: 6
** Event #206080   t=1002.458958387733   Elapsed: 1002.4s (16m 42s)  15% completed  (15% total)
     Speed:     ev/sec=223.716   simsec/sec=1.01359   ev/simsec=220.717
     Messages:  created: 26002   present: 14   in FES: 7
** Event #206848   t=1005.57943582385   Elapsed: 1005.53s (16m 45s)  15% completed  (15% total)
     Speed:     ev/sec=246.116   simsec/sec=1   ev/simsec=246.116
     Messages:  created: 26096   present: 8   in FES: 5
** Event #207360   t=1008.081296257116   Elapsed: 1008.03s (16m 48s)  16% completed  (16% total)
     Speed:     ev/sec=204.648   simsec/sec=1   ev/simsec=204.648
     Messages:  created: 26160   present: 8   in FES: 5
** Event #207872   t=1010.111339040628   Elapsed: 1010.06s (16m 50s)  16% completed  (16% total)
     Speed:     ev/sec=252.211   simsec/sec=1   ev/simsec=252.211
     Messages:  created: 26226   present: 13   in FES: 7
** Event #208384   t=1012.240243600123   Elapsed: 1012.19s (16m 52s)  16% completed  (16% total)
     Speed:     ev/sec=240.116   simsec/sec=0.998408   ev/simsec=240.499
     Messages:  created: 26288   present: 9   in FES: 5
** Event #208896   t=1015.065178360683   Elapsed: 1015.01s (16m 55s)  16% completed  (16% total)
     Speed:     ev/sec=181.46   simsec/sec=1.0012   ev/simsec=181.243
     Messages:  created: 26352   present: 8   in FES: 5
** Event #209664   t=1017.388094647113   Elapsed: 1017.33s (16m 57s)  16% completed  (16% total)
     Speed:     ev/sec=330.62   simsec/sec=1   ev/simsec=330.619
     Messages:  created: 26457   present: 32   in FES: 7
** Event #210688   t=1020.181581586575   Elapsed: 1020.13s (17m 00s)  16% completed  (16% total)
     Speed:     ev/sec=366.391   simsec/sec=0.999519   ev/simsec=366.567
     Messages:  created: 26576   present: 10   in FES: 6
** Event #210944   t=1022.204364248806   Elapsed: 1022.15s (17m 02s)  16% completed  (16% total)
     Speed:     ev/sec=126.525   simsec/sec=0.999736   ev/simsec=126.558
     Messages:  created: 26607   present: 8   in FES: 5
** Event #211456   t=1024.692929719295   Elapsed: 1024.65s (17m 04s)  16% completed  (16% total)
     Speed:     ev/sec=205.002   simsec/sec=0.996406   ev/simsec=205.741
     Messages:  created: 26671   present: 8   in FES: 5
** Event #211712   t=1027.117706146972   Elapsed: 1027.07s (17m 07s)  16% completed  (16% total)
     Speed:     ev/sec=105.975   simsec/sec=1.00378   ev/simsec=105.577
     Messages:  created: 26703   present: 8   in FES: 5
** Event #211968   t=1029.559634734387   Elapsed: 1029.51s (17m 09s)  16% completed  (16% total)
     Speed:     ev/sec=104.889   simsec/sec=1.00051   ev/simsec=104.835
     Messages:  created: 26735   present: 8   in FES: 5
** Event #212480   t=1031.598594503757   Elapsed: 1031.54s (17m 11s)  16% completed  (16% total)
     Speed:     ev/sec=251.168   simsec/sec=1.00024   ev/simsec=251.108
     Messages:  created: 26800   present: 11   in FES: 6
** Event #212992   t=1035.628975376844   Elapsed: 1035.57s (17m 15s)  16% completed  (16% total)
     Speed:     ev/sec=127.035   simsec/sec=1   ev/simsec=127.035
     Messages:  created: 26864   present: 11   in FES: 6
** Event #213504   t=1039.962874818208   Elapsed: 1039.95s (17m 19s)  16% completed  (16% total)
     Speed:     ev/sec=117.064   simsec/sec=0.990907   ev/simsec=118.138
     Messages:  created: 26927   present: 8   in FES: 5
** Event #214016   t=1042.520118364003   Elapsed: 1042.51s (17m 22s)  16% completed  (16% total)
     Speed:     ev/sec=199.537   simsec/sec=0.99661   ev/simsec=200.216
     Messages:  created: 26991   present: 8   in FES: 5
** Event #214528   t=1046.348139667102   Elapsed: 1046.3s (17m 26s)  16% completed  (16% total)
     Speed:     ev/sec=135.242   simsec/sec=1.01115   ev/simsec=133.751
     Messages:  created: 27055   present: 8   in FES: 5
** Event #215040   t=1050.361050390371   Elapsed: 1050.31s (17m 30s)  16% completed  (16% total)
     Speed:     ev/sec=127.787   simsec/sec=1.00156   ev/simsec=127.588
     Messages:  created: 27121   present: 13   in FES: 7
** Event #215552   t=1053.666984547328   Elapsed: 1053.61s (17m 33s)  16% completed  (16% total)
     Speed:     ev/sec=154.806   simsec/sec=0.999567   ev/simsec=154.873
     Messages:  created: 27183   present: 8   in FES: 5
** Event #215808   t=1055.791349678144   Elapsed: 1055.74s (17m 35s)  16% completed  (16% total)
     Speed:     ev/sec=120.588   simsec/sec=1.00068   ev/simsec=120.507
     Messages:  created: 27216   present: 10   in FES: 7
** Event #216320   t=1059.682824128009   Elapsed: 1059.66s (17m 39s)  16% completed  (16% total)
     Speed:     ev/sec=130.613   simsec/sec=0.99273   ev/simsec=131.57
     Messages:  created: 27279   present: 8   in FES: 5
** Event #216832   t=1063.834504292865   Elapsed: 1063.78s (17m 43s)  16% completed  (16% total)
     Speed:     ev/sec=124.176   simsec/sec=1.00691   ev/simsec=123.324
     Messages:  created: 27344   present: 11   in FES: 6
** Event #217344   t=1067.293415606696   Elapsed: 1067.25s (17m 47s)  16% completed  (16% total)
     Speed:     ev/sec=147.592   simsec/sec=0.997087   ev/simsec=148.023
     Messages:  created: 27407   present: 8   in FES: 5
** Event #217856   t=1069.56303205421   Elapsed: 1069.51s (17m 49s)  16% completed  (16% total)
     Speed:     ev/sec=226.598   simsec/sec=1.00447   ev/simsec=225.589
     Messages:  created: 27472   present: 10   in FES: 7
** Event #218368   t=1071.989582113055   Elapsed: 1071.96s (17m 51s)  17% completed  (17% total)
     Speed:     ev/sec=209.162   simsec/sec=0.991292   ev/simsec=210.999
     Messages:  created: 27535   present: 8   in FES: 5
** Event #218880   t=1075.089916583829   Elapsed: 1075.06s (17m 55s)  17% completed  (17% total)
     Speed:     ev/sec=165.079   simsec/sec=0.999612   ev/simsec=165.143
     Messages:  created: 27599   present: 8   in FES: 5
** Event #219392   t=1077.944003817979   Elapsed: 1077.89s (17m 57s)  17% completed  (17% total)
     Speed:     ev/sec=180.819   simsec/sec=1.00795   ev/simsec=179.392
     Messages:  created: 27664   present: 10   in FES: 6
** Event #219904   t=1080.499702227928   Elapsed: 1080.45s (18m 00s)  17% completed  (17% total)
     Speed:     ev/sec=200.326   simsec/sec=0.999949   ev/simsec=200.337
     Messages:  created: 27727   present: 8   in FES: 5
** Event #220416   t=1083.500034551849   Elapsed: 1083.45s (18m 03s)  17% completed  (17% total)
     Speed:     ev/sec=170.655   simsec/sec=1.00004   ev/simsec=170.648
     Messages:  created: 27792   present: 12   in FES: 7
** Event #220928   t=1085.972032050031   Elapsed: 1085.99s (18m 05s)  17% completed  (17% total)
     Speed:     ev/sec=201.129   simsec/sec=0.971075   ev/simsec=207.12
     Messages:  created: 27854   present: 7   in FES: 4
** Event #221440   t=1088.482783681156   Elapsed: 1088.49s (18m 08s)  17% completed  (17% total)
     Speed:     ev/sec=204.984   simsec/sec=1.0052   ev/simsec=203.923
     Messages:  created: 27918   present: 7   in FES: 4
** Event #221952   t=1092.109933485751   Elapsed: 1092.21s (18m 12s)  17% completed  (17% total)
     Speed:     ev/sec=137.67   simsec/sec=0.975289   ev/simsec=141.158
     Messages:  created: 27982   present: 7   in FES: 4
** Event #222208   t=1094.631111363426   Elapsed: 1094.6s (18m 14s)  17% completed  (17% total)
     Speed:     ev/sec=107.025   simsec/sec=1.05402   ev/simsec=101.54
     Messages:  created: 28014   present: 7   in FES: 4
** Event #222720   t=1097.818801298433   Elapsed: 1097.76s (18m 17s)  17% completed  (17% total)
     Speed:     ev/sec=161.802   simsec/sec=1.00737   ev/simsec=160.618
     Messages:  created: 28080   present: 11   in FES: 7
** Event #222976   t=1100.410083313875   Elapsed: 1100.41s (18m 20s)  17% completed  (17% total)
     Speed:     ev/sec=96.8123   simsec/sec=0.979953   ev/simsec=98.7928
     Messages:  created: 28110   present: 7   in FES: 4
** Event #223232   t=1103.460084918264   Elapsed: 1103.57s (18m 23s)  17% completed  (17% total)
     Speed:     ev/sec=80.916   simsec/sec=0.964039   ev/simsec=83.9344
     Messages:  created: 28142   present: 7   in FES: 4
** Event #223488   t=1106.610232030053   Elapsed: 1106.58s (18m 26s)  17% completed  (17% total)
     Speed:     ev/sec=85.1877   simsec/sec=1.04826   ev/simsec=81.266
     Messages:  created: 28174   present: 7   in FES: 4
** Event #223744   t=1109.060165466813   Elapsed: 1109.01s (18m 29s)  17% completed  (17% total)
     Speed:     ev/sec=105.428   simsec/sec=1.00896   ev/simsec=104.493
     Messages:  created: 28207   present: 9   in FES: 6
** Event #224000   t=1112.394216328159   Elapsed: 1112.46s (18m 32s)  17% completed  (17% total)
     Speed:     ev/sec=74.0349   simsec/sec=0.964203   ev/simsec=76.7835
     Messages:  created: 28238   present: 7   in FES: 4
** Event #224256   t=1114.828742600857   Elapsed: 1114.78s (18m 34s)  17% completed  (17% total)
     Speed:     ev/sec=110.37   simsec/sec=1.04961   ev/simsec=105.154
     Messages:  created: 28270   present: 7   in FES: 4
** Event #224512   t=1117.164413515229   Elapsed: 1117.11s (18m 37s)  17% completed  (17% total)
     Speed:     ev/sec=110.016   simsec/sec=1.00375   ev/simsec=109.604
     Messages:  created: 28303   present: 10   in FES: 6
** Event #224768   t=1119.206385667221   Elapsed: 1119.24s (18m 39s)  17% completed  (17% total)
     Speed:     ev/sec=120.139   simsec/sec=0.958287   ev/simsec=125.369
     Messages:  created: 28334   present: 7   in FES: 4
** Event #225024   t=1122.719794862264   Elapsed: 1122.67s (18m 42s)  17% completed  (17% total)
     Speed:     ev/sec=74.7549   simsec/sec=1.02596   ev/simsec=72.8637
     Messages:  created: 28367   present: 9   in FES: 6
** Event #225280   t=1125.734677225536   Elapsed: 1125.68s (18m 45s)  17% completed  (17% total)
     Speed:     ev/sec=84.9121   simsec/sec=1   ev/simsec=84.9121
     Messages:  created: 28399   present: 9   in FES: 6
** Event #225792   t=1128.533833953874   Elapsed: 1128.58s (18m 48s)  17% completed  (17% total)
     Speed:     ev/sec=176.306   simsec/sec=0.963885   ev/simsec=182.912
     Messages:  created: 28462   present: 7   in FES: 4
** Event #226304   t=1131.760436927381   Elapsed: 1131.71s (18m 51s)  17% completed  (17% total)
     Speed:     ev/sec=163.762   simsec/sec=1.03202   ev/simsec=158.681
     Messages:  created: 28526   present: 7   in FES: 4
** Event #226560   t=1134.178978106216   Elapsed: 1134.12s (18m 54s)  18% completed  (18% total)
     Speed:     ev/sec=106.058   simsec/sec=1.00197   ev/simsec=105.849
     Messages:  created: 28559   present: 9   in FES: 6
** Event #226816   t=1136.417828646771   Elapsed: 1136.46s (18m 56s)  18% completed  (18% total)
     Speed:     ev/sec=109.695   simsec/sec=0.959338   ev/simsec=114.344
     Messages:  created: 28590   present: 7   in FES: 4
** Event #227072   t=1139.76417   Elapsed: 1139.84s (18m 59s)  18% completed  (18% total)
     Speed:     ev/sec=75.7193   simsec/sec=0.989776   ev/simsec=76.5015
     Messages:  created: 28622   present: 7   in FES: 4
** Event #227328   t=1142.331093289777   Elapsed: 1142.28s (19m 02s)  18% completed  (18% total)
     Speed:     ev/sec=105.027   simsec/sec=1.05311   ev/simsec=99.7303
     Messages:  created: 28654   present: 9   in FES: 6
** Event #227584   t=1145.703169482576   Elapsed: 1145.65s (19m 05s)  18% completed  (18% total)
     Speed:     ev/sec=75.9176   simsec/sec=1   ev/simsec=75.9176
     Messages:  created: 28686   present: 8   in FES: 5
** Event #228096   t=1148.435684741659   Elapsed: 1148.38s (19m 08s)  18% completed  (18% total)
     Speed:     ev/sec=187.373   simsec/sec=1   ev/simsec=187.373
     Messages:  created: 28752   present: 13   in FES: 7
** Event #228608   t=1152.705094057733   Elapsed: 1152.65s (19m 12s)  18% completed  (18% total)
     Speed:     ev/sec=119.923   simsec/sec=1   ev/simsec=119.923
     Messages:  created: 28814   present: 8   in FES: 5
** Event #229120   t=1154.973247361705   Elapsed: 1154.92s (19m 14s)  18% completed  (18% total)
     Speed:     ev/sec=225.734   simsec/sec=0.999999   ev/simsec=225.734
     Messages:  created: 28878   present: 8   in FES: 5
** Event #229888   t=1157.245284958023   Elapsed: 1157.19s (19m 17s)  18% completed  (18% total)
     Speed:     ev/sec=338.023   simsec/sec=1   ev/simsec=338.023
     Messages:  created: 28978   present: 18   in FES: 7
** Event #230400   t=1159.400467420724   Elapsed: 1159.35s (19m 19s)  18% completed  (18% total)
     Speed:     ev/sec=237.566   simsec/sec=0.999995   ev/simsec=237.567
     Messages:  created: 29038   present: 8   in FES: 5
** Event #230912   t=1162.577224994447   Elapsed: 1162.53s (19m 22s)  18% completed  (18% total)
     Speed:     ev/sec=160.979   simsec/sec=0.998809   ev/simsec=161.171
     Messages:  created: 29104   present: 14   in FES: 6
** Event #231424   t=1164.701192628722   Elapsed: 1164.65s (19m 24s)  18% completed  (18% total)
     Speed:     ev/sec=241.49   simsec/sec=1.00179   ev/simsec=241.058
     Messages:  created: 29166   present: 9   in FES: 6
** Event #231936   t=1167.25762113953   Elapsed: 1167.2s (19m 27s)  18% completed  (18% total)
     Speed:     ev/sec=200.279   simsec/sec=0.999999   ev/simsec=200.279
     Messages:  created: 29230   present: 8   in FES: 5
** Event #232448   t=1170.230384560682   Elapsed: 1170.18s (19m 30s)  18% completed  (18% total)
     Speed:     ev/sec=172.231   simsec/sec=1   ev/simsec=172.23
     Messages:  created: 29294   present: 8   in FES: 5
** Event #232960   t=1172.986298547288   Elapsed: 1172.93s (19m 32s)  18% completed  (18% total)
     Speed:     ev/sec=185.781   simsec/sec=0.999996   ev/simsec=185.782
     Messages:  created: 29359   present: 11   in FES: 7
** Event #233472   t=1176.142677152778   Elapsed: 1176.09s (19m 36s)  18% completed  (18% total)
     Speed:     ev/sec=162.208   simsec/sec=0.99998   ev/simsec=162.211
     Messages:  created: 29422   present: 8   in FES: 5
** Event #233984   t=1178.907750979144   Elapsed: 1178.85s (19m 38s)  18% completed  (18% total)
     Speed:     ev/sec=185.171   simsec/sec=1.00002   ev/simsec=185.167
     Messages:  created: 29487   present: 10   in FES: 7
** Event #234752   t=1182.166403690659   Elapsed: 1182.11s (19m 42s)  18% completed  (18% total)
     Speed:     ev/sec=235.68   simsec/sec=1   ev/simsec=235.68
     Messages:  created: 29583   present: 11   in FES: 7
** Event #235264   t=1184.397513362805   Elapsed: 1184.34s (19m 44s)  18% completed  (18% total)
     Speed:     ev/sec=229.482   simsec/sec=1   ev/simsec=229.482
     Messages:  created: 29648   present: 13   in FES: 7
** Event #235520   t=1186.676879241207   Elapsed: 1186.62s (19m 46s)  18% completed  (18% total)
     Speed:     ev/sec=112.311   simsec/sec=0.999991   ev/simsec=112.312
     Messages:  created: 29678   present: 8   in FES: 5
** Event #236032   t=1189.561031166966   Elapsed: 1189.51s (19m 49s)  18% completed  (18% total)
     Speed:     ev/sec=177.523   simsec/sec=1.00001   ev/simsec=177.522
     Messages:  created: 29744   present: 13   in FES: 7
** Event #236544   t=1192.427083660131   Elapsed: 1192.37s (19m 52s)  18% completed  (18% total)
     Speed:     ev/sec=178.643   simsec/sec=1   ev/simsec=178.643
     Messages:  created: 29806   present: 8   in FES: 5
** Event #236800   t=1195.60503458135   Elapsed: 1195.55s (19m 55s)  18% completed  (18% total)
     Speed:     ev/sec=80.5544   simsec/sec=0.999992   ev/simsec=80.5551
     Messages:  created: 29838   present: 8   in FES: 5
** Event #237056   t=1198.017463861577   Elapsed: 1197.96s (19m 57s)  19% completed  (19% total)
     Speed:     ev/sec=106.118   simsec/sec=1.00001   ev/simsec=106.117
     Messages:  created: 29870   present: 9   in FES: 6
** Event #237312   t=1201.173168660295   Elapsed: 1201.12s (20m 01s)  19% completed  (19% total)
     Speed:     ev/sec=81.123   simsec/sec=1   ev/simsec=81.1229
     Messages:  created: 29901   present: 8   in FES: 5
** Event #237568   t=1204.960504472302   Elapsed: 1204.91s (20m 04s)  19% completed  (19% total)
     Speed:     ev/sec=67.5936   simsec/sec=0.999999   ev/simsec=67.5937
     Messages:  created: 29934   present: 10   in FES: 7
** Event #237824   t=1207.397989760243   Elapsed: 1207.34s (20m 07s)  19% completed  (19% total)
     Speed:     ev/sec=105.026   simsec/sec=1   ev/simsec=105.026
     Messages:  created: 29965   present: 8   in FES: 5
** Event #238080   t=1210.480809761468   Elapsed: 1210.43s (20m 10s)  19% completed  (19% total)
     Speed:     ev/sec=83.0409   simsec/sec=1   ev/simsec=83.0409
     Messages:  created: 29998   present: 9   in FES: 6
** Event #238592   t=1214.718723133317   Elapsed: 1214.66s (20m 14s)  19% completed  (19% total)
     Speed:     ev/sec=120.813   simsec/sec=0.999994   ev/simsec=120.814
     Messages:  created: 30061   present: 8   in FES: 5
** Event #238848   t=1217.285399728411   Elapsed: 1217.23s (20m 17s)  19% completed  (19% total)
     Speed:     ev/sec=99.7408   simsec/sec=1.00001   ev/simsec=99.7399
     Messages:  created: 30094   present: 9   in FES: 6
** Event #239360   t=1220.390030164792   Elapsed: 1220.34s (20m 20s)  19% completed  (19% total)
     Speed:     ev/sec=164.915   simsec/sec=1   ev/simsec=164.915
     Messages:  created: 30158   present: 9   in FES: 6
** Event #239872   t=1223.701729796429   Elapsed: 1223.65s (20m 23s)  19% completed  (19% total)
     Speed:     ev/sec=154.603   simsec/sec=1   ev/simsec=154.603
     Messages:  created: 30222   present: 9   in FES: 6
** Event #240384   t=1228.259346408312   Elapsed: 1228.21s (20m 28s)  19% completed  (19% total)
     Speed:     ev/sec=112.339   simsec/sec=1   ev/simsec=112.339
     Messages:  created: 30285   present: 8   in FES: 5
** Event #240640   t=1231.740042866864   Elapsed: 1231.69s (20m 31s)  19% completed  (19% total)
     Speed:     ev/sec=73.5486   simsec/sec=1   ev/simsec=73.5485
     Messages:  created: 30317   present: 8   in FES: 5
** Event #240896   t=1234.130079613892   Elapsed: 1234.08s (20m 34s)  19% completed  (19% total)
     Speed:     ev/sec=107.111   simsec/sec=0.999999   ev/simsec=107.111
     Messages:  created: 30350   present: 9   in FES: 6
** Event #241152   t=1236.318198736306   Elapsed: 1236.26s (20m 36s)  19% completed  (19% total)
     Speed:     ev/sec=116.996   simsec/sec=1   ev/simsec=116.995
     Messages:  created: 30381   present: 8   in FES: 5
** Event #241408   t=1238.958558538457   Elapsed: 1238.9s (20m 38s)  19% completed  (19% total)
     Speed:     ev/sec=96.9565   simsec/sec=1   ev/simsec=96.9565
     Messages:  created: 30414   present: 9   in FES: 6
** Event #241664   t=1240.99530267656   Elapsed: 1240.94s (20m 40s)  19% completed  (19% total)
     Speed:     ev/sec=125.691   simsec/sec=1   ev/simsec=125.691
     Messages:  created: 30446   present: 9   in FES: 6
** Event #242176   t=1244.739204502708   Elapsed: 1244.69s (20m 44s)  19% completed  (19% total)
     Speed:     ev/sec=136.756   simsec/sec=1   ev/simsec=136.756
     Messages:  created: 30509   present: 8   in FES: 5
** Event #242688   t=1249.941234111038   Elapsed: 1249.89s (20m 49s)  19% completed  (19% total)
     Speed:     ev/sec=98.4231   simsec/sec=1   ev/simsec=98.4231
     Messages:  created: 30574   present: 10   in FES: 7
** Event #243200   t=1252.022436843222   Elapsed: 1251.97s (20m 51s)  19% completed  (19% total)
     Speed:     ev/sec=246.011   simsec/sec=0.999999   ev/simsec=246.012
     Messages:  created: 30638   present: 10   in FES: 6
** Event #243968   t=1254.979256996804   Elapsed: 1254.93s (20m 54s)  19% completed  (19% total)
     Speed:     ev/sec=259.739   simsec/sec=1   ev/simsec=259.738
     Messages:  created: 30736   present: 15   in FES: 7
** Event #244736   t=1258.673148686602   Elapsed: 1258.62s (20m 58s)  19% completed  (19% total)
     Speed:     ev/sec=207.909   simsec/sec=0.999991   ev/simsec=207.911
     Messages:  created: 30829   present: 8   in FES: 5
** Event #244992   t=1261.05330968648   Elapsed: 1261s (21m 00s)  20% completed  (20% total)
     Speed:     ev/sec=107.557   simsec/sec=1.00001   ev/simsec=107.556
     Messages:  created: 30861   present: 8   in FES: 5
** Event #245504   t=1266.075691720435   Elapsed: 1266.02s (21m 06s)  20% completed  (20% total)
     Speed:     ev/sec=101.942   simsec/sec=0.999983   ev/simsec=101.944
     Messages:  created: 30925   present: 8   in FES: 5
** Event #246016   t=1270.290205617318   Elapsed: 1270.24s (21m 10s)  20% completed  (20% total)
     Speed:     ev/sec=121.486   simsec/sec=1.00001   ev/simsec=121.485
     Messages:  created: 30989   present: 8   in FES: 5
** Event #246272   t=1272.72394829729   Elapsed: 1272.67s (21m 12s)  20% completed  (20% total)
     Speed:     ev/sec=105.189   simsec/sec=1.00001   ev/simsec=105.188
     Messages:  created: 31021   present: 8   in FES: 5
** Event #246784   t=1276.219188272078   Elapsed: 1276.17s (21m 16s)  20% completed  (20% total)
     Speed:     ev/sec=146.485   simsec/sec=1   ev/simsec=146.485
     Messages:  created: 31085   present: 8   in FES: 5
** Event #247296   t=1279.51863221177   Elapsed: 1279.46s (21m 19s)  20% completed  (20% total)
     Speed:     ev/sec=155.178   simsec/sec=1   ev/simsec=155.178
     Messages:  created: 31149   present: 9   in FES: 6
** Event #247808   t=1282.68234275014   Elapsed: 1282.63s (21m 22s)  20% completed  (20% total)
     Speed:     ev/sec=161.834   simsec/sec=0.999991   ev/simsec=161.835
     Messages:  created: 31213   present: 8   in FES: 5
** Event #248064   t=1284.790264133588   Elapsed: 1284.74s (21m 24s)  20% completed  (20% total)
     Speed:     ev/sec=121.448   simsec/sec=1.00001   ev/simsec=121.447
     Messages:  created: 31245   present: 9   in FES: 6
** Event #248320   t=1287.110107637347   Elapsed: 1287.06s (21m 27s)  20% completed  (20% total)
     Speed:     ev/sec=110.352   simsec/sec=1   ev/simsec=110.352
     Messages:  created: 31277   present: 9   in FES: 6
** Event #248576   t=1289.533300135195   Elapsed: 1289.48s (21m 29s)  20% completed  (20% total)
     Speed:     ev/sec=105.646   simsec/sec=1   ev/simsec=105.646
     Messages:  created: 31309   present: 8   in FES: 5
** Event #249088   t=1292.464840387612   Elapsed: 1292.41s (21m 32s)  20% completed  (20% total)
     Speed:     ev/sec=174.651   simsec/sec=0.999993   ev/simsec=174.652
     Messages:  created: 31373   present: 8   in FES: 5
** Event #249600   t=1296.48321916058   Elapsed: 1296.43s (21m 36s)  20% completed  (20% total)
     Speed:     ev/sec=127.415   simsec/sec=1   ev/simsec=127.415
     Messages:  created: 31437   present: 9   in FES: 6
** Event #250112   t=1298.885488061935   Elapsed: 1298.83s (21m 38s)  20% completed  (20% total)
     Speed:     ev/sec=213.132   simsec/sec=1   ev/simsec=213.132
     Messages:  created: 31502   present: 11   in FES: 7
** Event #250624   t=1302.055560866082   Elapsed: 1302s (21m 42s)  20% completed  (20% total)
     Speed:     ev/sec=161.51   simsec/sec=1   ev/simsec=161.51
     Messages:  created: 31565   present: 9   in FES: 6
** Event #250880   t=1304.299888091531   Elapsed: 1304.25s (21m 44s)  20% completed  (20% total)
     Speed:     ev/sec=114.065   simsec/sec=0.999997   ev/simsec=114.065
     Messages:  created: 31597   present: 9   in FES: 6
** Event #251392   t=1307.610084084629   Elapsed: 1307.56s (21m 47s)  20% completed  (20% total)
     Speed:     ev/sec=154.481   simsec/sec=0.998756   ev/simsec=154.674
     Messages:  created: 31662   present: 12   in FES: 6
** Event #251904   t=1311.303659314282   Elapsed: 1311.25s (21m 51s)  20% completed  (20% total)
     Speed:     ev/sec=138.774   simsec/sec=1.00112   ev/simsec=138.619
     Messages:  created: 31725   present: 9   in FES: 6
** Event #252416   t=1315.524933317387   Elapsed: 1315.47s (21m 55s)  20% completed  (20% total)
     Speed:     ev/sec=121.29   simsec/sec=1   ev/simsec=121.29
     Messages:  created: 31789   present: 8   in FES: 5
** Event #252672   t=1318.163709016874   Elapsed: 1318.11s (21m 58s)  20% completed  (20% total)
     Speed:     ev/sec=97.0147   simsec/sec=1   ev/simsec=97.0147
     Messages:  created: 31821   present: 8   in FES: 5
** Event #252928   t=1321.029628777761   Elapsed: 1320.98s (22m 00s)  20% completed  (20% total)
     Speed:     ev/sec=89.3255   simsec/sec=0.999999   ev/simsec=89.3256
     Messages:  created: 31853   present: 10   in FES: 6
** Event #253440   t=1324.530474864403   Elapsed: 1324.48s (22m 04s)  21% completed  (21% total)
     Speed:     ev/sec=146.251   simsec/sec=1   ev/simsec=146.25
     Messages:  created: 31916   present: 9   in FES: 6
** Event #253952   t=1326.600726980872   Elapsed: 1326.55s (22m 06s)  21% completed  (21% total)
     Speed:     ev/sec=247.313   simsec/sec=0.999999   ev/simsec=247.313
     Messages:  created: 31980   present: 8   in FES: 5
** Event #254208   t=1329.711176935005   Elapsed: 1329.66s (22m 09s)  21% completed  (21% total)
     Speed:     ev/sec=82.3033   simsec/sec=1   ev/simsec=82.3032
     Messages:  created: 32012   present: 9   in FES: 6
** Event #254464   t=1332.859384595321   Elapsed: 1332.81s (22m 12s)  21% completed  (21% total)
     Speed:     ev/sec=81.316   simsec/sec=0.999999   ev/simsec=81.3161
     Messages:  created: 32044   present: 9   in FES: 6
** Event #254976   t=1336.599936809272   Elapsed: 1336.55s (22m 16s)  21% completed  (21% total)
     Speed:     ev/sec=136.878   simsec/sec=1   ev/simsec=136.878
     Messages:  created: 32108   present: 8   in FES: 5
** Event #255488   t=1339.692991087352   Elapsed: 1339.64s (22m 19s)  21% completed  (21% total)
     Speed:     ev/sec=165.532   simsec/sec=1   ev/simsec=165.532
     Messages:  created: 32173   present: 10   in FES: 6
** Event #256000   t=1343.355886654665   Elapsed: 1343.3s (22m 23s)  21% completed  (21% total)
     Speed:     ev/sec=139.78   simsec/sec=1   ev/simsec=139.78
     Messages:  created: 32236   present: 8   in FES: 5
** Event #256256   t=1345.725172645294   Elapsed: 1345.67s (22m 25s)  21% completed  (21% total)
     Speed:     ev/sec=108.047   simsec/sec=0.999973   ev/simsec=108.049
     Messages:  created: 32268   present: 8   in FES: 5
** Event #256768   t=1348.403083114112   Elapsed: 1348.35s (22m 28s)  21% completed  (21% total)
     Speed:     ev/sec=191.198   simsec/sec=1.00002   ev/simsec=191.194
     Messages:  created: 32332   present: 8   in FES: 5
** Event #257024   t=1350.564246500229   Elapsed: 1350.51s (22m 30s)  21% completed  (21% total)
     Speed:     ev/sec=118.455   simsec/sec=1   ev/simsec=118.455
     Messages:  created: 32364   present: 8   in FES: 5
** Event #257280   t=1353.327316136766   Elapsed: 1353.27s (22m 33s)  21% completed  (21% total)
     Speed:     ev/sec=92.6507   simsec/sec=1   ev/simsec=92.6506
     Messages:  created: 32396   present: 9   in FES: 6
** Event #257536   t=1356.613536492625   Elapsed: 1356.56s (22m 36s)  21% completed  (21% total)
     Speed:     ev/sec=77.901   simsec/sec=0.999999   ev/simsec=77.901
     Messages:  created: 32428   present: 8   in FES: 5
** Event #257792   t=1359.637609144975   Elapsed: 1359.58s (22m 39s)  21% completed  (21% total)
     Speed:     ev/sec=84.6505   simsec/sec=0.999958   ev/simsec=84.6541
     Messages:  created: 32460   present: 8   in FES: 5
** Event #258048   t=1363.965230839888   Elapsed: 1363.91s (22m 43s)  21% completed  (21% total)
     Speed:     ev/sec=59.1556   simsec/sec=1.00001   ev/simsec=59.1549
     Messages:  created: 32492   present: 8   in FES: 5
** Event #258304   t=1368.72403391501   Elapsed: 1368.67s (22m 48s)  21% completed  (21% total)
     Speed:     ev/sec=53.7956   simsec/sec=1.00001   ev/simsec=53.795
     Messages:  created: 32524   present: 8   in FES: 5
** Event #258560   t=1372.247992776509   Elapsed: 1372.19s (22m 52s)  21% completed  (21% total)
     Speed:     ev/sec=72.646   simsec/sec=1.00001   ev/simsec=72.6456
     Messages:  created: 32556   present: 9   in FES: 6
** Event #259328   t=1375.097837073873   Elapsed: 1375.04s (22m 55s)  21% completed  (21% total)
     Speed:     ev/sec=269.488   simsec/sec=1   ev/simsec=269.488
     Messages:  created: 32653   present: 10   in FES: 7
** Event #260096   t=1378.005843694447   Elapsed: 1377.95s (22m 57s)  21% completed  (21% total)
     Speed:     ev/sec=264.099   simsec/sec=1   ev/simsec=264.098
     Messages:  created: 32750   present: 14   in FES: 7
** Event #260608   t=1380.993407119974   Elapsed: 1380.95s (23m 00s)  21% completed  (21% total)
     Speed:     ev/sec=170.907   simsec/sec=0.997256   ev/simsec=171.377
     Messages:  created: 32812   present: 10   in FES: 6
** Event #260864   t=1383.860842692899   Elapsed: 1383.81s (23m 03s)  21% completed  (21% total)
     Speed:     ev/sec=89.535   simsec/sec=1.00287   ev/simsec=89.2784
     Messages:  created: 32843   present: 8   in FES: 5
** Event #261120   t=1386.655533948565   Elapsed: 1386.6s (23m 06s)  22% completed  (22% total)
     Speed:     ev/sec=91.6022   simsec/sec=1   ev/simsec=91.6022
     Messages:  created: 32875   present: 8   in FES: 5
** Event #261376   t=1388.776782463108   Elapsed: 1388.72s (23m 08s)  22% completed  (22% total)
     Speed:     ev/sec=120.684   simsec/sec=1   ev/simsec=120.684
     Messages:  created: 32907   present: 8   in FES: 5
** Event #261632   t=1390.821625630796   Elapsed: 1390.77s (23m 10s)  22% completed  (22% total)
     Speed:     ev/sec=125.193   simsec/sec=1   ev/simsec=125.193
     Messages:  created: 32939   present: 8   in FES: 5
** Event #261888   t=1393.595948869425   Elapsed: 1393.54s (23m 13s)  22% completed  (22% total)
     Speed:     ev/sec=92.2747   simsec/sec=0.999999   ev/simsec=92.2748
     Messages:  created: 32971   present: 8   in FES: 5
** Event #262400   t=1396.949512867782   Elapsed: 1396.9s (23m 16s)  22% completed  (22% total)
     Speed:     ev/sec=152.29   simsec/sec=0.997486   ev/simsec=152.673
     Messages:  created: 33036   present: 10   in FES: 6
** Event #262912   t=1400.221983734154   Elapsed: 1400.18s (23m 20s)  22% completed  (22% total)
     Speed:     ev/sec=156.267   simsec/sec=0.998786   ev/simsec=156.457
     Messages:  created: 33100   present: 10   in FES: 6
** Event #263424   t=1404.386497805692   Elapsed: 1404.33s (23m 24s)  22% completed  (22% total)
     Speed:     ev/sec=123.311   simsec/sec=1.00299   ev/simsec=122.944
     Messages:  created: 33163   present: 8   in FES: 5
** Event #263680   t=1407.534525288395   Elapsed: 1407.48s (23m 27s)  22% completed  (22% total)
     Speed:     ev/sec=81.3211   simsec/sec=1   ev/simsec=81.3208
     Messages:  created: 33195   present: 8   in FES: 5
** Event #264192   t=1410.972139614138   Elapsed: 1410.94s (23m 30s)  22% completed  (22% total)
     Speed:     ev/sec=147.975   simsec/sec=0.993519   ev/simsec=148.941
     Messages:  created: 33260   present: 10   in FES: 6
** Event #264448   t=1413.408480691027   Elapsed: 1413.35s (23m 33s)  22% completed  (22% total)
     Speed:     ev/sec=106.052   simsec/sec=1.00929   ev/simsec=105.076
     Messages:  created: 33291   present: 8   in FES: 5
** Event #264960   t=1417.588916241277   Elapsed: 1417.53s (23m 37s)  22% completed  (22% total)
     Speed:     ev/sec=122.475   simsec/sec=1   ev/simsec=122.475
     Messages:  created: 33355   present: 8   in FES: 5
** Event #265216   t=1421.247530170773   Elapsed: 1421.19s (23m 41s)  22% completed  (22% total)
     Speed:     ev/sec=69.9719   simsec/sec=1   ev/simsec=69.9719
     Messages:  created: 33388   present: 9   in FES: 6
** Event #265472   t=1423.743620166023   Elapsed: 1423.69s (23m 43s)  22% completed  (22% total)
     Speed:     ev/sec=102.56   simsec/sec=1   ev/simsec=102.56
     Messages:  created: 33420   present: 9   in FES: 6
** Event #265728   t=1425.954248100216   Elapsed: 1425.9s (23m 45s)  22% completed  (22% total)
     Speed:     ev/sec=115.804   simsec/sec=1   ev/simsec=115.804
     Messages:  created: 33452   present: 9   in FES: 6
** Event #266240   t=1428.900822719739   Elapsed: 1428.85s (23m 48s)  22% completed  (22% total)
     Speed:     ev/sec=173.753   simsec/sec=0.999954   ev/simsec=173.761
     Messages:  created: 33516   present: 10   in FES: 6
** Event #266496   t=1432.54138453994   Elapsed: 1432.49s (23m 52s)  22% completed  (22% total)
     Speed:     ev/sec=70.3215   simsec/sec=1.00004   ev/simsec=70.3188
     Messages:  created: 33548   present: 9   in FES: 6
** Event #266752   t=1434.904097892389   Elapsed: 1434.85s (23m 54s)  22% completed  (22% total)
     Speed:     ev/sec=108.35   simsec/sec=1   ev/simsec=108.35
     Messages:  created: 33581   present: 12   in FES: 7
** Event #267520   t=1438.388028640625   Elapsed: 1438.33s (23m 58s)  22% completed  (22% total)
     Speed:     ev/sec=220.441   simsec/sec=1   ev/simsec=220.441
     Messages:  created: 33675   present: 8   in FES: 5
** Event #267776   t=1440.530519631309   Elapsed: 1440.48s (24m 00s)  22% completed  (22% total)
     Speed:     ev/sec=119.487   simsec/sec=1   ev/simsec=119.487
     Messages:  created: 33707   present: 9   in FES: 6
** Event #268288   t=1443.440127981912   Elapsed: 1443.39s (24m 03s)  22% completed  (22% total)
     Speed:     ev/sec=175.641   simsec/sec=0.998137   ev/simsec=175.969
     Messages:  created: 33771   present: 9   in FES: 6
** Event #268800   t=1445.702688345777   Elapsed: 1445.66s (24m 05s)  22% completed  (22% total)
     Speed:     ev/sec=225.708   simsec/sec=0.997418   ev/simsec=226.292
     Messages:  created: 33835   present: 9   in FES: 6
** Event #269312   t=1448.76779940215   Elapsed: 1448.76s (24m 08s)  22% completed  (22% total)
     Speed:     ev/sec=165.031   simsec/sec=0.987964   ev/simsec=167.041
     Messages:  created: 33899   present: 9   in FES: 6
** Event #269568   t=1451.344943142004   Elapsed: 1451.29s (24m 11s)  23% completed  (23% total)
     Speed:     ev/sec=101.247   simsec/sec=1.01925   ev/simsec=99.3348
     Messages:  created: 33932   present: 12   in FES: 7
** Event #269824   t=1455.422339608992   Elapsed: 1455.38s (24m 15s)  23% completed  (23% total)
     Speed:     ev/sec=62.5722   simsec/sec=0.996608   ev/simsec=62.7852
     Messages:  created: 33963   present: 9   in FES: 6
** Event #270080   t=1458.40043036265   Elapsed: 1458.35s (24m 18s)  23% completed  (23% total)
     Speed:     ev/sec=86.196   simsec/sec=1.00273   ev/simsec=85.9611
     Messages:  created: 33995   present: 9   in FES: 6
** Event #270336   t=1462.904352902358   Elapsed: 1462.85s (24m 22s)  23% completed  (23% total)
     Speed:     ev/sec=56.9026   simsec/sec=1.00111   ev/simsec=56.8393
     Messages:  created: 34027   present: 9   in FES: 6
** Event #270848   t=1465.407095557615   Elapsed: 1465.37s (24m 25s)  23% completed  (23% total)
     Speed:     ev/sec=203.516   simsec/sec=0.994819   ev/simsec=204.576
     Messages:  created: 34091   present: 9   in FES: 6
** Event #271360   t=1469.581580598104   Elapsed: 1469.53s (24m 29s)  23% completed  (23% total)
     Speed:     ev/sec=123.052   simsec/sec=1.00328   ev/simsec=122.65
     Messages:  created: 34155   present: 8   in FES: 5
** Event #271616   t=1472.647838219716   Elapsed: 1472.59s (24m 32s)  23% completed  (23% total)
     Speed:     ev/sec=83.4735   simsec/sec=0.999809   ev/simsec=83.4894
     Messages:  created: 34187   present: 9   in FES: 6
** Event #272128   t=1477.373199293792   Elapsed: 1477.33s (24m 37s)  23% completed  (23% total)
     Speed:     ev/sec=108.018   simsec/sec=0.99692   ev/simsec=108.352
     Messages:  created: 34251   present: 9   in FES: 6
** Event #272640   t=1481.455290276715   Elapsed: 1481.42s (24m 41s)  23% completed  (23% total)
     Speed:     ev/sec=125.206   simsec/sec=0.998249   ev/simsec=125.426
     Messages:  created: 34315   present: 9   in FES: 5
** Event #273152   t=1484.264192570884   Elapsed: 1484.21s (24m 44s)  23% completed  (23% total)
     Speed:     ev/sec=183.74   simsec/sec=1.00802   ev/simsec=182.278
     Messages:  created: 34379   present: 8   in FES: 5
** Event #273664   t=1486.586576120189   Elapsed: 1486.57s (24m 46s)  23% completed  (23% total)
     Speed:     ev/sec=217.145   simsec/sec=0.984951   ev/simsec=220.463
     Messages:  created: 34443   present: 9   in FES: 6
** Event #274176   t=1489.524203132172   Elapsed: 1489.47s (24m 49s)  23% completed  (23% total)
     Speed:     ev/sec=176.17   simsec/sec=1.01078   ev/simsec=174.29
     Messages:  created: 34507   present: 9   in FES: 6
** Event #274688   t=1492.548075949236   Elapsed: 1492.49s (24m 52s)  23% completed  (23% total)
     Speed:     ev/sec=169.557   simsec/sec=1.0014   ev/simsec=169.319
     Messages:  created: 34572   present: 11   in FES: 7
** Event #275200   t=1495.002184715367   Elapsed: 1494.95s (24m 54s)  23% completed  (23% total)
     Speed:     ev/sec=208.451   simsec/sec=0.999144   ev/simsec=208.63
     Messages:  created: 34635   present: 9   in FES: 6
** Event #275712   t=1498.140464270729   Elapsed: 1498.09s (24m 58s)  23% completed  (23% total)
     Speed:     ev/sec=163.239   simsec/sec=1.00057   ev/simsec=163.147
     Messages:  created: 34699   present: 9   in FES: 5
** Event #276224   t=1501.000870244106   Elapsed: 1500.97s (25m 00s)  23% completed  (23% total)
     Speed:     ev/sec=177.498   simsec/sec=0.991632   ev/simsec=178.996
     Messages:  created: 34762   present: 8   in FES: 5
** Event #276736   t=1503.696191579678   Elapsed: 1503.64s (25m 03s)  23% completed  (23% total)
     Speed:     ev/sec=191.699   simsec/sec=1.00916   ev/simsec=189.959
     Messages:  created: 34827   present: 11   in FES: 6
** Event #277504   t=1506.228397568047   Elapsed: 1506.21s (25m 06s)  23% completed  (23% total)
     Speed:     ev/sec=298.662   simsec/sec=0.984732   ev/simsec=303.293
     Messages:  created: 34922   present: 8   in FES: 5
** Event #278016   t=1508.846982384511   Elapsed: 1508.81s (25m 08s)  23% completed  (23% total)
     Speed:     ev/sec=197.157   simsec/sec=1.00835   ev/simsec=195.525
     Messages:  created: 34986   present: 8   in FES: 5
** Event #278784   t=1511.63035360319   Elapsed: 1511.58s (25m 11s)  23% completed  (23% total)
     Speed:     ev/sec=276.994   simsec/sec=1.00388   ev/simsec=275.924
     Messages:  created: 35082   present: 8   in FES: 5
** Event #279552   t=1514.921642835241   Elapsed: 1514.9s (25m 14s)  24% completed  (24% total)
     Speed:     ev/sec=231.722   simsec/sec=0.993054   ev/simsec=233.343
     Messages:  created: 35178   present: 8   in FES: 5
** Event #280064   t=1517.167163024382   Elapsed: 1517.13s (25m 17s)  24% completed  (24% total)
     Speed:     ev/sec=229.241   simsec/sec=1.0054   ev/simsec=228.01
     Messages:  created: 35242   present: 8   in FES: 5
** Event #280320   t=1519.774348642667   Elapsed: 1519.76s (25m 19s)  24% completed  (24% total)
     Speed:     ev/sec=97.2693   simsec/sec=0.990621   ev/simsec=98.1902
     Messages:  created: 35274   present: 8   in FES: 5
** Event #280576   t=1522.116146352126   Elapsed: 1522.06s (25m 22s)  24% completed  (24% total)
     Speed:     ev/sec=111.303   simsec/sec=1.01816   ev/simsec=109.318
     Messages:  created: 35306   present: 8   in FES: 5
** Event #280832   t=1524.192447299525   Elapsed: 1524.14s (25m 24s)  24% completed  (24% total)
     Speed:     ev/sec=123.338   simsec/sec=1.00034   ev/simsec=123.296
     Messages:  created: 35339   present: 10   in FES: 6
** Event #281344   t=1526.826985871458   Elapsed: 1526.78s (25m 26s)  24% completed  (24% total)
     Speed:     ev/sec=193.898   simsec/sec=0.997717   ev/simsec=194.341
     Messages:  created: 35402   present: 8   in FES: 5
** Event #282112   t=1529.408431148419   Elapsed: 1529.38s (25m 29s)  24% completed  (24% total)
     Speed:     ev/sec=295.713   simsec/sec=0.993966   ev/simsec=297.508
     Messages:  created: 35498   present: 8   in FES: 5
** Event #282880   t=1531.97741374252   Elapsed: 1531.92s (25m 31s)  24% completed  (24% total)
     Speed:     ev/sec=301.498   simsec/sec=1.00852   ev/simsec=298.951
     Messages:  created: 35599   present: 22   in FES: 7
** Event #283648   t=1534.522511292367   Elapsed: 1534.47s (25m 34s)  24% completed  (24% total)
     Speed:     ev/sec=301.072   simsec/sec=0.997732   ev/simsec=301.757
     Messages:  created: 35690   present: 8   in FES: 5
** Event #283904   t=1537.139032297584   Elapsed: 1537.09s (25m 37s)  24% completed  (24% total)
     Speed:     ev/sec=97.7105   simsec/sec=0.998678   ev/simsec=97.8398
     Messages:  created: 35722   present: 8   in FES: 5
** Event #284416   t=1539.515458450445   Elapsed: 1539.46s (25m 39s)  24% completed  (24% total)
     Speed:     ev/sec=216.291   simsec/sec=1.00391   ev/simsec=215.45
     Messages:  created: 35787   present: 10   in FES: 7
** Event #284928   t=1541.559383926348   Elapsed: 1541.51s (25m 41s)  24% completed  (24% total)
     Speed:     ev/sec=250.499   simsec/sec=1   ev/simsec=250.498
     Messages:  created: 35852   present: 12   in FES: 7
** Event #285440   t=1543.527216514589   Elapsed: 1543.52s (25m 43s)  24% completed  (24% total)
     Speed:     ev/sec=254.61   simsec/sec=0.978574   ev/simsec=260.185
     Messages:  created: 35914   present: 8   in FES: 5
** Event #285952   t=1545.979899709492   Elapsed: 1545.94s (25m 45s)  24% completed  (24% total)
     Speed:     ev/sec=211.237   simsec/sec=1.01191   ev/simsec=208.751
     Messages:  created: 35978   present: 8   in FES: 5
** Event #286208   t=1548.579361321097   Elapsed: 1548.53s (25m 48s)  24% completed  (24% total)
     Speed:     ev/sec=99.0234   simsec/sec=1.0055   ev/simsec=98.4819
     Messages:  created: 36011   present: 11   in FES: 7
** Event #286720   t=1551.743656115926   Elapsed: 1551.71s (25m 51s)  24% completed  (24% total)
     Speed:     ev/sec=161.016   simsec/sec=0.995122   ev/simsec=161.805
     Messages:  created: 36074   present: 8   in FES: 5
** Event #287232   t=1555.179398769177   Elapsed: 1555.13s (25m 55s)  24% completed  (24% total)
     Speed:     ev/sec=149.453   simsec/sec=1.00289   ev/simsec=149.022
     Messages:  created: 36138   present: 8   in FES: 5
** Event #287744   t=1557.454044324577   Elapsed: 1557.4s (25m 57s)  24% completed  (24% total)
     Speed:     ev/sec=225.48   simsec/sec=1.00173   ev/simsec=225.09
     Messages:  created: 36202   present: 8   in FES: 5
** Event #288256   t=1559.529015655295   Elapsed: 1559.51s (25m 59s)  24% completed  (24% total)
     Speed:     ev/sec=242.474   simsec/sec=0.98267   ev/simsec=246.75
     Messages:  created: 36266   present: 8   in FES: 5
** Event #288768   t=1562.932374573424   Elapsed: 1562.88s (26m 02s)  24% completed  (24% total)
     Speed:     ev/sec=152.15   simsec/sec=1.01137   ev/simsec=150.44
     Messages:  created: 36332   present: 14   in FES: 7
** Event #289280   t=1566.931859780139   Elapsed: 1566.88s (26m 06s)  24% completed  (24% total)
     Speed:     ev/sec=128.016   simsec/sec=1   ev/simsec=128.016
     Messages:  created: 36394   present: 9   in FES: 6
** Event #289792   t=1570.064772650444   Elapsed: 1570.01s (26m 10s)  24% completed  (24% total)
     Speed:     ev/sec=163.426   simsec/sec=1   ev/simsec=163.426
     Messages:  created: 36458   present: 10   in FES: 6
** Event #290048   t=1573.321122517124   Elapsed: 1573.3s (26m 13s)  24% completed  (24% total)
     Speed:     ev/sec=77.8424   simsec/sec=0.990165   ev/simsec=78.6156
     Messages:  created: 36489   present: 7   in FES: 4
** Event #290560   t=1576.271278444012   Elapsed: 1576.22s (26m 16s)  25% completed  (25% total)
     Speed:     ev/sec=175.474   simsec/sec=1.01109   ev/simsec=173.55
     Messages:  created: 36554   present: 10   in FES: 6
** Event #291328   t=1578.867150212524   Elapsed: 1578.81s (26m 18s)  25% completed  (25% total)
     Speed:     ev/sec=295.854   simsec/sec=1   ev/simsec=295.854
     Messages:  created: 36650   present: 9   in FES: 6
** Event #292096   t=1581.823015956412   Elapsed: 1581.79s (26m 21s)  25% completed  (25% total)
     Speed:     ev/sec=257.604   simsec/sec=0.991464   ev/simsec=259.822
     Messages:  created: 36745   present: 7   in FES: 4
** Event #292608   t=1584.917573001467   Elapsed: 1584.86s (26m 24s)  25% completed  (25% total)
     Speed:     ev/sec=166.824   simsec/sec=1.00829   ev/simsec=165.452
     Messages:  created: 36810   present: 9   in FES: 6
** Event #293120   t=1587.959928277826   Elapsed: 1587.91s (26m 27s)  25% completed  (25% total)
     Speed:     ev/sec=168.291   simsec/sec=1   ev/simsec=168.291
     Messages:  created: 36874   present: 9   in FES: 6
** Event #293376   t=1589.944312118018   Elapsed: 1589.97s (26m 29s)  25% completed  (25% total)
     Speed:     ev/sec=123.891   simsec/sec=0.960339   ev/simsec=129.007
     Messages:  created: 36905   present: 7   in FES: 4
** Event #293632   t=1592.187862433748   Elapsed: 1592.13s (26m 32s)  25% completed  (25% total)
     Speed:     ev/sec=118.431   simsec/sec=1.03791   ev/simsec=114.105
     Messages:  created: 36938   present: 9   in FES: 6
** Event #293888   t=1594.234642571378   Elapsed: 1594.21s (26m 34s)  25% completed  (25% total)
     Speed:     ev/sec=123.492   simsec/sec=0.98735   ev/simsec=125.074
     Messages:  created: 36969   present: 7   in FES: 4
** Event #294400   t=1597.726655850649   Elapsed: 1597.68s (26m 37s)  25% completed  (25% total)
     Speed:     ev/sec=147.327   simsec/sec=1.00482   ev/simsec=146.62
     Messages:  created: 37033   present: 7   in FES: 4
** Event #294912   t=1601.39843521552   Elapsed: 1601.34s (26m 41s)  25% completed  (25% total)
     Speed:     ev/sec=139.803   simsec/sec=1.00259   ev/simsec=139.442
     Messages:  created: 37098   present: 9   in FES: 6
** Event #295424   t=1604.949799669415   Elapsed: 1604.92s (26m 44s)  25% completed  (25% total)
     Speed:     ev/sec=143.388   simsec/sec=0.994574   ev/simsec=144.17
     Messages:  created: 37161   present: 7   in FES: 4
** Event #295680   t=1606.943094   Elapsed: 1607.03s (26m 47s)  25% completed  (25% total)
     Speed:     ev/sec=120.95   simsec/sec=0.941756   ev/simsec=128.431
     Messages:  created: 37193   present: 7   in FES: 4
** Event #295936   t=1609.384681053937   Elapsed: 1609.33s (26m 49s)  25% completed  (25% total)
     Speed:     ev/sec=111.356   simsec/sec=1.06205   ev/simsec=104.85
     Messages:  created: 37227   present: 11   in FES: 7
** Event #296192   t=1612.290559315282   Elapsed: 1612.24s (26m 52s)  25% completed  (25% total)
     Speed:     ev/sec=88.0973   simsec/sec=1   ev/simsec=88.0973
     Messages:  created: 37258   present: 9   in FES: 6
** Event #296704   t=1615.583021172459   Elapsed: 1615.54s (26m 55s)  25% completed  (25% total)
     Speed:     ev/sec=154.839   simsec/sec=0.995709   ev/simsec=155.507
     Messages:  created: 37321   present: 7   in FES: 4
** Event #297216   t=1617.849079444342   Elapsed: 1617.79s (26m 57s)  25% completed  (25% total)
     Speed:     ev/sec=227.367   simsec/sec=1.0063   ev/simsec=225.943
     Messages:  created: 37386   present: 9   in FES: 6
** Event #297728   t=1620.629571433048   Elapsed: 1620.62s (27m 00s)  25% completed  (25% total)
     Speed:     ev/sec=181.442   simsec/sec=0.985348   ev/simsec=184.14
     Messages:  created: 37449   present: 8   in FES: 5
** Event #297984   t=1623.143103901309   Elapsed: 1623.09s (27m 03s)  25% completed  (25% total)
     Speed:     ev/sec=103.551   simsec/sec=1.01672   ev/simsec=101.849
     Messages:  created: 37481   present: 8   in FES: 5
** Event #298240   t=1625.720869274205   Elapsed: 1625.67s (27m 05s)  25% completed  (25% total)
     Speed:     ev/sec=99.3114   simsec/sec=1.00001   ev/simsec=99.3108
     Messages:  created: 37513   present: 8   in FES: 5
** Event #298496   t=1628.180223858492   Elapsed: 1628.13s (27m 08s)  25% completed  (25% total)
     Speed:     ev/sec=104.092   simsec/sec=1   ev/simsec=104.092
     Messages:  created: 37545   present: 9   in FES: 6
** Event #299008   t=1631.840018811606   Elapsed: 1631.79s (27m 11s)  25% completed  (25% total)
     Speed:     ev/sec=139.899   simsec/sec=1   ev/simsec=139.899
     Messages:  created: 37610   present: 11   in FES: 7
** Event #299520   t=1635.721415674058   Elapsed: 1635.67s (27m 15s)  25% completed  (25% total)
     Speed:     ev/sec=131.913   simsec/sec=1.00001   ev/simsec=131.911
     Messages:  created: 37673   present: 8   in FES: 5
** Event #300032   t=1638.359879439651   Elapsed: 1638.31s (27m 18s)  26% completed  (26% total)
     Speed:     ev/sec=194.049   simsec/sec=0.999984   ev/simsec=194.052
     Messages:  created: 37738   present: 10   in FES: 6
** Event #300544   t=1641.001498156757   Elapsed: 1640.95s (27m 20s)  26% completed  (26% total)
     Speed:     ev/sec=193.817   simsec/sec=0.999983   ev/simsec=193.821
     Messages:  created: 37801   present: 8   in FES: 5
** Event #301056   t=1643.812463068806   Elapsed: 1643.76s (27m 23s)  26% completed  (26% total)
     Speed:     ev/sec=182.147   simsec/sec=1.00002   ev/simsec=182.144
     Messages:  created: 37865   present: 8   in FES: 5
** Event #301312   t=1647.203573615001   Elapsed: 1647.15s (27m 27s)  26% completed  (26% total)
     Speed:     ev/sec=75.4885   simsec/sec=0.99996   ev/simsec=75.4915
     Messages:  created: 37897   present: 8   in FES: 5
** Event #301568   t=1649.539106978074   Elapsed: 1649.49s (27m 29s)  26% completed  (26% total)
     Speed:     ev/sec=109.617   simsec/sec=1.00006   ev/simsec=109.611
     Messages:  created: 37929   present: 8   in FES: 5
** Event #302080   t=1653.544574046983   Elapsed: 1653.49s (27m 33s)  26% completed  (26% total)
     Speed:     ev/sec=127.825   simsec/sec=1   ev/simsec=127.825
     Messages:  created: 37994   present: 10   in FES: 7
** Event #302592   t=1657.060644540523   Elapsed: 1657.01s (27m 37s)  26% completed  (26% total)
     Speed:     ev/sec=145.617   simsec/sec=1   ev/simsec=145.617
     Messages:  created: 38057   present: 8   in FES: 5
** Event #303104   t=1660.189457224981   Elapsed: 1660.14s (27m 40s)  26% completed  (26% total)
     Speed:     ev/sec=163.64   simsec/sec=1   ev/simsec=163.64
     Messages:  created: 38122   present: 12   in FES: 7
** Event #303616   t=1662.283073249955   Elapsed: 1662.23s (27m 42s)  26% completed  (26% total)
     Speed:     ev/sec=244.553   simsec/sec=1   ev/simsec=244.553
     Messages:  created: 38186   present: 10   in FES: 7
** Event #304128   t=1665.236526775766   Elapsed: 1665.18s (27m 45s)  26% completed  (26% total)
     Speed:     ev/sec=173.356   simsec/sec=1   ev/simsec=173.356
     Messages:  created: 38256   present: 26   in FES: 7
** Event #304896   t=1667.534726138857   Elapsed: 1667.48s (27m 47s)  26% completed  (26% total)
     Speed:     ev/sec=334.174   simsec/sec=0.999999   ev/simsec=334.175
     Messages:  created: 38345   present: 8   in FES: 5
** Event #305408   t=1670.817316912518   Elapsed: 1670.76s (27m 50s)  26% completed  (26% total)
     Speed:     ev/sec=155.969   simsec/sec=0.999967   ev/simsec=155.974
     Messages:  created: 38409   present: 8   in FES: 5
** Event #305664   t=1672.974412102113   Elapsed: 1672.92s (27m 52s)  26% completed  (26% total)
     Speed:     ev/sec=118.684   simsec/sec=1.00005   ev/simsec=118.678
     Messages:  created: 38441   present: 8   in FES: 5
** Event #305920   t=1675.155938233256   Elapsed: 1675.1s (27m 55s)  26% completed  (26% total)
     Speed:     ev/sec=117.349   simsec/sec=1   ev/simsec=117.349
     Messages:  created: 38474   present: 12   in FES: 7
** Event #306432   t=1678.455754822009   Elapsed: 1678.4s (27m 58s)  26% completed  (26% total)
     Speed:     ev/sec=155.16   simsec/sec=1   ev/simsec=155.16
     Messages:  created: 38537   present: 9   in FES: 6
** Event #307200   t=1682.056011814791   Elapsed: 1682s (28m 02s)  26% completed  (26% total)
     Speed:     ev/sec=213.318   simsec/sec=1   ev/simsec=213.318
     Messages:  created: 38634   present: 12   in FES: 7
** Event #307968   t=1685.668904064416   Elapsed: 1685.61s (28m 05s)  26% completed  (26% total)
     Speed:     ev/sec=212.572   simsec/sec=1   ev/simsec=212.572
     Messages:  created: 38729   present: 9   in FES: 6
** Event #308480   t=1688.889947002261   Elapsed: 1688.84s (28m 08s)  26% completed  (26% total)
     Speed:     ev/sec=158.955   simsec/sec=1   ev/simsec=158.955
     Messages:  created: 38793   present: 10   in FES: 6
** Event #308992   t=1692.506987565857   Elapsed: 1692.45s (28m 12s)  26% completed  (26% total)
     Speed:     ev/sec=141.552   simsec/sec=1   ev/simsec=141.552
     Messages:  created: 38857   present: 9   in FES: 6
** Event #309248   t=1695.454125045633   Elapsed: 1695.4s (28m 15s)  26% completed  (26% total)
     Speed:     ev/sec=86.864   simsec/sec=1   ev/simsec=86.8639
     Messages:  created: 38888   present: 8   in FES: 5
** Event #309504   t=1697.714751241445   Elapsed: 1697.66s (28m 17s)  26% completed  (26% total)
     Speed:     ev/sec=113.243   simsec/sec=1   ev/simsec=113.243
     Messages:  created: 38920   present: 8   in FES: 5
** Event #310016   t=1701.024309297161   Elapsed: 1700.97s (28m 20s)  27% completed  (27% total)
     Speed:     ev/sec=154.703   simsec/sec=1   ev/simsec=154.703
     Messages:  created: 38985   present: 10   in FES: 6
** Event #310528   t=1705.536660499942   Elapsed: 1705.48s (28m 25s)  27% completed  (27% total)
     Speed:     ev/sec=113.466   simsec/sec=1   ev/simsec=113.466
     Messages:  created: 39048   present: 8   in FES: 5
** Event #311296   t=1708.039201094454   Elapsed: 1707.99s (28m 27s)  27% completed  (27% total)
     Speed:     ev/sec=306.888   simsec/sec=0.999999   ev/simsec=306.888
     Messages:  created: 39148   present: 18   in FES: 7
** Event #311808   t=1712.802265362486   Elapsed: 1712.75s (28m 32s)  27% completed  (27% total)
     Speed:     ev/sec=107.494   simsec/sec=1   ev/simsec=107.494
     Messages:  created: 39209   present: 10   in FES: 7
** Event #312320   t=1716.909102227292   Elapsed: 1716.86s (28m 36s)  27% completed  (27% total)
     Speed:     ev/sec=124.67   simsec/sec=1   ev/simsec=124.67
     Messages:  created: 39272   present: 8   in FES: 5
** Event #312832   t=1721.17480605064   Elapsed: 1721.12s (28m 41s)  27% completed  (27% total)
     Speed:     ev/sec=120.027   simsec/sec=1   ev/simsec=120.027
     Messages:  created: 39337   present: 11   in FES: 7
** Event #313344   t=1724.087434378001   Elapsed: 1724.03s (28m 44s)  27% completed  (27% total)
     Speed:     ev/sec=175.786   simsec/sec=0.999999   ev/simsec=175.786
     Messages:  created: 39400   present: 8   in FES: 5
** Event #313856   t=1727.940091065648   Elapsed: 1727.89s (28m 47s)  27% completed  (27% total)
     Speed:     ev/sec=132.895   simsec/sec=1   ev/simsec=132.895
     Messages:  created: 39464   present: 8   in FES: 5
** Event #314112   t=1732.286613091548   Elapsed: 1732.23s (28m 52s)  27% completed  (27% total)
     Speed:     ev/sec=58.8977   simsec/sec=1   ev/simsec=58.8977
     Messages:  created: 39496   present: 8   in FES: 5
** Event #314624   t=1735.893707590533   Elapsed: 1735.84s (28m 55s)  27% completed  (27% total)
     Speed:     ev/sec=141.943   simsec/sec=1   ev/simsec=141.942
     Messages:  created: 39560   present: 8   in FES: 5
** Event #315136   t=1738.449191134239   Elapsed: 1738.4s (28m 58s)  27% completed  (27% total)
     Speed:     ev/sec=200.353   simsec/sec=1   ev/simsec=200.353
     Messages:  created: 39624   present: 8   in FES: 5
** Event #315648   t=1741.404313745898   Elapsed: 1741.35s (29m 01s)  27% completed  (27% total)
     Speed:     ev/sec=173.258   simsec/sec=1   ev/simsec=173.258
     Messages:  created: 39689   present: 11   in FES: 7
** Event #316160   t=1744.861095738205   Elapsed: 1744.81s (29m 04s)  27% completed  (27% total)
     Speed:     ev/sec=148.115   simsec/sec=1   ev/simsec=148.115
     Messages:  created: 39752   present: 8   in FES: 5
** Event #316672   t=1747.462587679533   Elapsed: 1747.41s (29m 07s)  27% completed  (27% total)
     Speed:     ev/sec=196.81   simsec/sec=1   ev/simsec=196.81
     Messages:  created: 39816   present: 9   in FES: 6
** Event #317440   t=1750.800920942501   Elapsed: 1750.75s (29m 10s)  27% completed  (27% total)
     Speed:     ev/sec=230.047   simsec/sec=0.999967   ev/simsec=230.055
     Messages:  created: 39912   present: 8   in FES: 5
** Event #317696   t=1753.062002188966   Elapsed: 1753.01s (29m 13s)  27% completed  (27% total)
     Speed:     ev/sec=113.226   simsec/sec=1.00005   ev/simsec=113.22
     Messages:  created: 39944   present: 9   in FES: 6
** Event #317952   t=1756.507156981458   Elapsed: 1756.45s (29m 16s)  27% completed  (27% total)
     Speed:     ev/sec=74.3073   simsec/sec=1   ev/simsec=74.3073
     Messages:  created: 39976   present: 9   in FES: 6
** Event #318464   t=1760.334934132306   Elapsed: 1760.28s (29m 20s)  27% completed  (27% total)
     Speed:     ev/sec=133.759   simsec/sec=1   ev/simsec=133.759
     Messages:  created: 40040   present: 10   in FES: 7
** Event #318976   t=1763.273780190035   Elapsed: 1763.22s (29m 23s)  27% completed  (27% total)
     Speed:     ev/sec=174.218   simsec/sec=1   ev/simsec=174.218
     Messages:  created: 40104   present: 10   in FES: 6
** Event #319488   t=1766.86595551094   Elapsed: 1766.81s (29m 26s)  28% completed  (28% total)
     Speed:     ev/sec=142.532   simsec/sec=1   ev/simsec=142.532
     Messages:  created: 40168   present: 8   in FES: 5
** Event #320000   t=1770.066363707975   Elapsed: 1770.01s (29m 30s)  28% completed  (28% total)
     Speed:     ev/sec=159.98   simsec/sec=1   ev/simsec=159.98
     Messages:  created: 40232   present: 8   in FES: 5
** Event #320256   t=1772.851966080631   Elapsed: 1772.8s (29m 32s)  28% completed  (28% total)
     Speed:     ev/sec=91.8989   simsec/sec=0.999976   ev/simsec=91.9011
     Messages:  created: 40264   present: 8   in FES: 5
** Event #320768   t=1776.50896725693   Elapsed: 1776.45s (29m 36s)  28% completed  (28% total)
     Speed:     ev/sec=140.008   simsec/sec=1.00002   ev/simsec=140.005
     Messages:  created: 40328   present: 9   in FES: 6
** Event #321024   t=1778.771557783274   Elapsed: 1778.72s (29m 38s)  28% completed  (28% total)
     Speed:     ev/sec=113.145   simsec/sec=1   ev/simsec=113.145
     Messages:  created: 40361   present: 11   in FES: 7
** Event #321280   t=1781.221108772355   Elapsed: 1781.17s (29m 41s)  28% completed  (28% total)
     Speed:     ev/sec=104.509   simsec/sec=1   ev/simsec=104.509
     Messages:  created: 40392   present: 10   in FES: 6
** Event #322048   t=1783.221810425602   Elapsed: 1783.17s (29m 43s)  28% completed  (28% total)
     Speed:     ev/sec=383.865   simsec/sec=0.999999   ev/simsec=383.865
     Messages:  created: 40488   present: 10   in FES: 6
** Event #322304   t=1785.259441649515   Elapsed: 1785.21s (29m 45s)  28% completed  (28% total)
     Speed:     ev/sec=125.636   simsec/sec=1   ev/simsec=125.636
     Messages:  created: 40520   present: 8   in FES: 5
** Event #322816   t=1788.860459349633   Elapsed: 1788.81s (29m 48s)  28% completed  (28% total)
     Speed:     ev/sec=142.18   simsec/sec=0.999985   ev/simsec=142.182
     Messages:  created: 40584   present: 8   in FES: 5
** Event #323072   t=1791.270725236031   Elapsed: 1791.22s (29m 51s)  28% completed  (28% total)
     Speed:     ev/sec=106.215   simsec/sec=1.00002   ev/simsec=106.212
     Messages:  created: 40616   present: 9   in FES: 6
** Event #323584   t=1794.532134311069   Elapsed: 1794.48s (29m 54s)  28% completed  (28% total)
     Speed:     ev/sec=156.987   simsec/sec=1   ev/simsec=156.987
     Messages:  created: 40681   present: 11   in FES: 7
** Event #324096   t=1798.83137754062   Elapsed: 1798.78s (29m 58s)  28% completed  (28% total)
     Speed:     ev/sec=119.087   simsec/sec=0.999972   ev/simsec=119.091
     Messages:  created: 40744   present: 8   in FES: 5
** Event #324352   t=1802.607752113774   Elapsed: 1802.55s (30m 02s)  28% completed  (28% total)
     Speed:     ev/sec=67.7921   simsec/sec=1.00003   ev/simsec=67.7899
     Messages:  created: 40775   present: 9   in FES: 6
** Event #324864   t=1807.544969127353   Elapsed: 1807.49s (30m 07s)  28% completed  (28% total)
     Speed:     ev/sec=103.702   simsec/sec=1   ev/simsec=103.702
     Messages:  created: 40839   present: 8   in FES: 5
** Event #325376   t=1810.634783164524   Elapsed: 1810.58s (30m 10s)  28% completed  (28% total)
     Speed:     ev/sec=165.706   simsec/sec=0.999999   ev/simsec=165.706
     Messages:  created: 40906   present: 16   in FES: 6
** Event #325888   t=1813.106114852132   Elapsed: 1813.05s (30m 13s)  28% completed  (28% total)
     Speed:     ev/sec=207.176   simsec/sec=1   ev/simsec=207.176
     Messages:  created: 40968   present: 10   in FES: 6
** Event #326144   t=1815.361527414751   Elapsed: 1815.31s (30m 15s)  28% completed  (28% total)
     Speed:     ev/sec=113.505   simsec/sec=0.999999   ev/simsec=113.505
     Messages:  created: 40999   present: 9   in FES: 6
** Event #326912   t=1817.895508498686   Elapsed: 1817.85s (30m 17s)  28% completed  (28% total)
     Speed:     ev/sec=302.45   simsec/sec=0.99792   ev/simsec=303.08
     Messages:  created: 41099   present: 19   in FES: 6
** Event #327424   t=1820.009922371061   Elapsed: 1819.96s (30m 19s)  28% completed  (28% total)
     Speed:     ev/sec=242.754   simsec/sec=1.00251   ev/simsec=242.147
     Messages:  created: 41160   present: 10   in FES: 7
** Event #328192   t=1824.348057479434   Elapsed: 1824.29s (30m 24s)  28% completed  (28% total)
     Speed:     ev/sec=177.034   simsec/sec=0.999999   ev/simsec=177.035
     Messages:  created: 41256   present: 10   in FES: 7
** Event #328704   t=1829.960964012005   Elapsed: 1829.91s (30m 29s)  29% completed  (29% total)
     Speed:     ev/sec=91.2169   simsec/sec=0.999985   ev/simsec=91.2183
     Messages:  created: 41319   present: 8   in FES: 5
** Event #328960   t=1833.257382690141   Elapsed: 1833.2s (30m 33s)  29% completed  (29% total)
     Speed:     ev/sec=77.6623   simsec/sec=1.00003   ev/simsec=77.66
     Messages:  created: 41351   present: 8   in FES: 5
** Event #329216   t=1835.783822307666   Elapsed: 1835.73s (30m 35s)  29% completed  (29% total)
     Speed:     ev/sec=101.328   simsec/sec=0.999995   ev/simsec=101.328
     Messages:  created: 41384   present: 10   in FES: 7
** Event #329472   t=1838.170498382474   Elapsed: 1838.12s (30m 38s)  29% completed  (29% total)
     Speed:     ev/sec=107.262   simsec/sec=1   ev/simsec=107.262
     Messages:  created: 41416   present: 10   in FES: 6
** Event #329984   t=1841.988786427093   Elapsed: 1841.93s (30m 41s)  29% completed  (29% total)
     Speed:     ev/sec=134.092   simsec/sec=1   ev/simsec=134.092
     Messages:  created: 41479   present: 8   in FES: 5
** Event #330496   t=1844.620618185716   Elapsed: 1844.57s (30m 44s)  29% completed  (29% total)
     Speed:     ev/sec=194.541   simsec/sec=0.999999   ev/simsec=194.541
     Messages:  created: 41544   present: 10   in FES: 7
** Event #331008   t=1847.861684765652   Elapsed: 1847.81s (30m 47s)  29% completed  (29% total)
     Speed:     ev/sec=157.973   simsec/sec=1   ev/simsec=157.973
     Messages:  created: 41607   present: 8   in FES: 5
** Event #331520   t=1850.521592986552   Elapsed: 1850.47s (30m 50s)  29% completed  (29% total)
     Speed:     ev/sec=192.488   simsec/sec=1   ev/simsec=192.488
     Messages:  created: 41671   present: 9   in FES: 6
** Event #332032   t=1853.476023294364   Elapsed: 1853.42s (30m 53s)  29% completed  (29% total)
     Speed:     ev/sec=173.299   simsec/sec=0.999999   ev/simsec=173.299
     Messages:  created: 41735   present: 8   in FES: 5
** Event #332544   t=1855.823403095868   Elapsed: 1855.78s (30m 55s)  29% completed  (29% total)
     Speed:     ev/sec=216.772   simsec/sec=0.99384   ev/simsec=218.116
     Messages:  created: 41800   present: 11   in FES: 6
** Event #333568   t=1858.577814213178   Elapsed: 1858.52s (30m 58s)  29% completed  (29% total)
     Speed:     ev/sec=373.741   simsec/sec=1.00531   ev/simsec=371.767
     Messages:  created: 41929   present: 14   in FES: 7
** Event #334336   t=1861.780157950232   Elapsed: 1861.73s (31m 01s)  29% completed  (29% total)
     Speed:     ev/sec=239.827   simsec/sec=1.00001   ev/simsec=239.824
     Messages:  created: 42023   present: 9   in FES: 6
** Event #334848   t=1864.6604258618   Elapsed: 1864.61s (31m 04s)  29% completed  (29% total)
     Speed:     ev/sec=177.763   simsec/sec=1.00001   ev/simsec=177.761
     Messages:  created: 42087   present: 9   in FES: 6
** Event #335360   t=1867.184313812097   Elapsed: 1867.13s (31m 07s)  29% completed  (29% total)
     Speed:     ev/sec=202.687   simsec/sec=0.999139   ev/simsec=202.862
     Messages:  created: 42151   present: 10   in FES: 6
** Event #335616   t=1869.708751778992   Elapsed: 1869.65s (31m 09s)  29% completed  (29% total)
     Speed:     ev/sec=101.494   simsec/sec=1.00084   ev/simsec=101.409
     Messages:  created: 42182   present: 8   in FES: 5
** Event #336128   t=1872.969612323823   Elapsed: 1872.92s (31m 12s)  29% completed  (29% total)
     Speed:     ev/sec=157.014   simsec/sec=1   ev/simsec=157.014
     Messages:  created: 42247   present: 9   in FES: 6
** Event #336640   t=1876.205073855202   Elapsed: 1876.15s (31m 16s)  29% completed  (29% total)
     Speed:     ev/sec=158.246   simsec/sec=1   ev/simsec=158.246
     Messages:  created: 42311   present: 9   in FES: 6
** Event #336896   t=1878.454293948422   Elapsed: 1878.4s (31m 18s)  29% completed  (29% total)
     Speed:     ev/sec=113.817   simsec/sec=1   ev/simsec=113.817
     Messages:  created: 42342   present: 8   in FES: 5
** Event #337408   t=1880.984743051627   Elapsed: 1880.93s (31m 20s)  29% completed  (29% total)
     Speed:     ev/sec=202.037   simsec/sec=0.998524   ev/simsec=202.336
     Messages:  created: 42407   present: 10   in FES: 6
** Event #338176   t=1884.742577599107   Elapsed: 1884.69s (31m 24s)  29% completed  (29% total)
     Speed:     ev/sec=204.577   simsec/sec=1.001   ev/simsec=204.373
     Messages:  created: 42502   present: 8   in FES: 5
** Event #338688   t=1887.670189868113   Elapsed: 1887.62s (31m 27s)  29% completed  (29% total)
     Speed:     ev/sec=174.887   simsec/sec=1   ev/simsec=174.887
     Messages:  created: 42566   present: 8   in FES: 5
** Event #339200   t=1890.513554736824   Elapsed: 1890.47s (31m 30s)  30% completed  (30% total)
     Speed:     ev/sec=179.716   simsec/sec=0.998043   ev/simsec=180.068
     Messages:  created: 42631   present: 10   in FES: 6
** Event #339456   t=1892.601898057047   Elapsed: 1892.55s (31m 32s)  30% completed  (30% total)
     Speed:     ev/sec=122.913   simsec/sec=1.00268   ev/simsec=122.585
     Messages:  created: 42663   present: 9   in FES: 6
** Event #339968   t=1895.595570074592   Elapsed: 1895.54s (31m 35s)  30% completed  (30% total)
     Speed:     ev/sec=171.027   simsec/sec=1   ev/simsec=171.027
     Messages:  created: 42726   present: 8   in FES: 5
** Event #340480   t=1898.187404819566   Elapsed: 1898.13s (31m 38s)  30% completed  (30% total)
     Speed:     ev/sec=197.543   simsec/sec=1   ev/simsec=197.543
     Messages:  created: 42790   present: 8   in FES: 5
** Event #340992   t=1900.659837805766   Elapsed: 1900.61s (31m 40s)  30% completed  (30% total)
     Speed:     ev/sec=207.083   simsec/sec=1   ev/simsec=207.083
     Messages:  created: 42855   present: 9   in FES: 6
** Event #341504   t=1905.784677354452   Elapsed: 1905.73s (31m 45s)  30% completed  (30% total)
     Speed:     ev/sec=99.9056   simsec/sec=1   ev/simsec=99.9056
     Messages:  created: 42919   present: 9   in FES: 6
** Event #342272   t=1909.035504720187   Elapsed: 1908.98s (31m 48s)  30% completed  (30% total)
     Speed:     ev/sec=236.248   simsec/sec=1   ev/simsec=236.248
     Messages:  created: 43015   present: 9   in FES: 6
** Event #342784   t=1911.159673621062   Elapsed: 1911.11s (31m 51s)  30% completed  (30% total)
     Speed:     ev/sec=241.035   simsec/sec=0.999999   ev/simsec=241.035
     Messages:  created: 43081   present: 15   in FES: 7
** Event #343040   t=1913.231567031043   Elapsed: 1913.18s (31m 53s)  30% completed  (30% total)
     Speed:     ev/sec=123.436   simsec/sec=0.99901   ev/simsec=123.558
     Messages:  created: 43111   present: 10   in FES: 6
** Event #343296   t=1915.470888839888   Elapsed: 1915.42s (31m 55s)  30% completed  (30% total)
     Speed:     ev/sec=114.425   simsec/sec=1.00092   ev/simsec=114.32
     Messages:  created: 43142   present: 8   in FES: 5
** Event #343808   t=1918.904639836351   Elapsed: 1918.86s (31m 58s)  30% completed  (30% total)
     Speed:     ev/sec=148.887   simsec/sec=0.998515   ev/simsec=149.108
     Messages:  created: 43207   present: 10   in FES: 6
** Event #344320   t=1922.225152630506   Elapsed: 1922.17s (32m 02s)  30% completed  (30% total)
     Speed:     ev/sec=154.43   simsec/sec=1.00154   ev/simsec=154.193
     Messages:  created: 43271   present: 11   in FES: 7
** Event #344576   t=1924.277466664719   Elapsed: 1924.22s (32m 04s)  30% completed  (30% total)
     Speed:     ev/sec=124.737   simsec/sec=1   ev/simsec=124.737
     Messages:  created: 43304   present: 14   in FES: 7
** Event #345088   t=1927.531539463459   Elapsed: 1927.49s (32m 07s)  30% completed  (30% total)
     Speed:     ev/sec=156.975   simsec/sec=0.997671   ev/simsec=157.341
     Messages:  created: 43366   present: 9   in FES: 5
** Event #345856   t=1931.119237002935   Elapsed: 1931.07s (32m 11s)  30% completed  (30% total)
     Speed:     ev/sec=214.519   simsec/sec=1.00212   ev/simsec=214.065
     Messages:  created: 43463   present: 11   in FES: 6
** Event #346368   t=1934.027275427786   Elapsed: 1933.97s (32m 13s)  30% completed  (30% total)
     Speed:     ev/sec=176.061   simsec/sec=0.999984   ev/simsec=176.064
     Messages:  created: 43526   present: 8   in FES: 5
** Event #346880   t=1937.532802484466   Elapsed: 1937.48s (32m 17s)  30% completed  (30% total)
     Speed:     ev/sec=146.055   simsec/sec=0.999997   ev/simsec=146.055
     Messages:  created: 43590   present: 8   in FES: 5
** Event #347136   t=1939.864327045883   Elapsed: 1939.81s (32m 19s)  30% completed  (30% total)
     Speed:     ev/sec=109.802   simsec/sec=1.00002   ev/simsec=109.799
     Messages:  created: 43622   present: 8   in FES: 5
** Event #347648   t=1942.54962992899   Elapsed: 1942.5s (32m 22s)  30% completed  (30% total)
     Speed:     ev/sec=190.668   simsec/sec=1   ev/simsec=190.668
     Messages:  created: 43686   present: 8   in FES: 5
** Event #348160   t=1945.760564743173   Elapsed: 1945.73s (32m 25s)  30% completed  (30% total)
     Speed:     ev/sec=158.358   simsec/sec=0.993118   ev/simsec=159.455
     Messages:  created: 43750   present: 9   in FES: 6
** Event #348672   t=1948.440659548936   Elapsed: 1948.41s (32m 28s)  30% completed  (30% total)
     Speed:     ev/sec=191.061   simsec/sec=1.00012   ev/simsec=191.038
     Messages:  created: 43814   present: 9   in FES: 5
** Event #348928   t=1951.149297592367   Elapsed: 1951.1s (32m 31s)  30% completed  (30% total)
     Speed:     ev/sec=95.2839   simsec/sec=1.00816   ev/simsec=94.5124
     Messages:  created: 43846   present: 8   in FES: 5
** Event #349440   t=1953.459141731225   Elapsed: 1953.41s (32m 33s)  31% completed  (31% total)
     Speed:     ev/sec=221.659   simsec/sec=0.999995   ev/simsec=221.66
     Messages:  created: 43910   present: 8   in FES: 5
** Event #349696   t=1955.719169698819   Elapsed: 1955.67s (32m 35s)  31% completed  (31% total)
     Speed:     ev/sec=113.273   simsec/sec=1   ev/simsec=113.273
     Messages:  created: 43943   present: 11   in FES: 6
** Event #350208   t=1960.649207444108   Elapsed: 1960.6s (32m 40s)  31% completed  (31% total)
     Speed:     ev/sec=103.853   simsec/sec=1   ev/simsec=103.853
     Messages:  created: 44006   present: 8   in FES: 5
** Event #350720   t=1963.397402383759   Elapsed: 1963.35s (32m 43s)  31% completed  (31% total)
     Speed:     ev/sec=185.731   simsec/sec=0.996923   ev/simsec=186.304
     Messages:  created: 44070   present: 9   in FES: 6
** Event #350976   t=1965.514317849949   Elapsed: 1965.47s (32m 45s)  31% completed  (31% total)
     Speed:     ev/sec=121.071   simsec/sec=1.00116   ev/simsec=120.931
     Messages:  created: 44102   present: 9   in FES: 5
** Event #351488   t=1967.808075212908   Elapsed: 1967.79s (32m 47s)  31% completed  (31% total)
     Speed:     ev/sec=220.771   simsec/sec=0.989055   ev/simsec=223.215
     Messages:  created: 44166   present: 9   in FES: 6
** Event #352000   t=1970.119377837407   Elapsed: 1970.1s (32m 50s)  31% completed  (31% total)
     Speed:     ev/sec=221.13   simsec/sec=0.99824   ev/simsec=221.52
     Messages:  created: 44230   present: 9   in FES: 5
** Event #352768   t=1972.917143402752   Elapsed: 1972.86s (32m 52s)  31% completed  (31% total)
     Speed:     ev/sec=278.032   simsec/sec=1.01285   ev/simsec=274.505
     Messages:  created: 44327   present: 11   in FES: 7
** Event #353792   t=1975.52251117701   Elapsed: 1975.47s (32m 55s)  31% completed  (31% total)
     Speed:     ev/sec=392.85   simsec/sec=0.999531   ev/simsec=393.035
     Messages:  created: 44454   present: 9   in FES: 5
** Event #354560   t=1979.063019631849   Elapsed: 1979.01s (32m 59s)  31% completed  (31% total)
     Speed:     ev/sec=216.938   simsec/sec=1.00009   ev/simsec=216.918
     Messages:  created: 44550   present: 9   in FES: 6
** Event #355328   t=1982.110262367989   Elapsed: 1982.1s (33m 02s)  31% completed  (31% total)
     Speed:     ev/sec=248.799   simsec/sec=0.987177   ev/simsec=252.031
     Messages:  created: 44645   present: 8   in FES: 5
** Event #355840   t=1985.108956266681   Elapsed: 1985.06s (33m 05s)  31% completed  (31% total)
     Speed:     ev/sec=173.044   simsec/sec=1.01349   ev/simsec=170.741
     Messages:  created: 44709   present: 8   in FES: 5
** Event #356096   t=1988.068450678803   Elapsed: 1988.01s (33m 08s)  31% completed  (31% total)
     Speed:     ev/sec=86.5178   simsec/sec=1.00019   ev/simsec=86.5013
     Messages:  created: 44742   present: 10   in FES: 7
** Event #356608   t=1990.714531773402   Elapsed: 1990.7s (33m 10s)  31% completed  (31% total)
     Speed:     ev/sec=190.414   simsec/sec=0.984082   ev/simsec=193.494
     Messages:  created: 44805   present: 8   in FES: 5
** Event #357120   t=1993.851649717058   Elapsed: 1993.81s (33m 13s)  31% completed  (31% total)
     Speed:     ev/sec=164.967   simsec/sec=1.01078   ev/simsec=163.207
     Messages:  created: 44869   present: 8   in FES: 5
** Event #357632   t=1997.043892348148   Elapsed: 1997s (33m 17s)  31% completed  (31% total)
     Speed:     ev/sec=160.14   simsec/sec=0.998452   ev/simsec=160.389
     Messages:  created: 44933   present: 8   in FES: 5
** Event #358144   t=1999.583276406489   Elapsed: 1999.53s (33m 19s)  31% completed  (31% total)
     Speed:     ev/sec=202.764   simsec/sec=1.00566   ev/simsec=201.624
     Messages:  created: 44998   present: 10   in FES: 6
** Event #358656   t=2001.70294105879   Elapsed: 2001.66s (33m 21s)  31% completed  (31% total)
     Speed:     ev/sec=240.027   simsec/sec=0.993705   ev/simsec=241.548
     Messages:  created: 45061   present: 8   in FES: 5
** Event #359424   t=2004.316002232684   Elapsed: 2004.28s (33m 24s)  31% completed  (31% total)
     Speed:     ev/sec=293.516   simsec/sec=0.998667   ev/simsec=293.908
     Messages:  created: 45157   present: 8   in FES: 5
** Event #359936   t=2006.966030613185   Elapsed: 2006.92s (33m 26s)  31% completed  (31% total)
     Speed:     ev/sec=193.641   simsec/sec=1.00225   ev/simsec=193.205
     Messages:  created: 45221   present: 8   in FES: 5
** Event #360704   t=2009.456773025342   Elapsed: 2009.41s (33m 29s)  31% completed  (31% total)
     Speed:     ev/sec=309.256   simsec/sec=1.00296   ev/simsec=308.342
     Messages:  created: 45323   present: 24   in FES: 6
** Event #361984   t=2012.345560110618   Elapsed: 2012.29s (33m 32s)  31% completed  (31% total)
     Speed:     ev/sec=443.646   simsec/sec=1.00125   ev/simsec=443.093
     Messages:  created: 45481   present: 19   in FES: 7
** Event #362496   t=2014.772805908656   Elapsed: 2014.73s (33m 34s)  31% completed  (31% total)
     Speed:     ev/sec=210.36   simsec/sec=0.997255   ev/simsec=210.939
     Messages:  created: 45541   present: 8   in FES: 5
** Event #363008   t=2017.278052674251   Elapsed: 2017.22s (33m 37s)  32% completed  (32% total)
     Speed:     ev/sec=204.917   simsec/sec=1.00267   ev/simsec=204.371
     Messages:  created: 45606   present: 11   in FES: 6
** Event #363520   t=2021.490575764077   Elapsed: 2021.45s (33m 41s)  32% completed  (32% total)
     Speed:     ev/sec=121.177   simsec/sec=0.996992   ev/simsec=121.542
     Messages:  created: 45669   present: 8   in FES: 5
** Event #363776   t=2023.686941880064   Elapsed: 2023.63s (33m 43s)  32% completed  (32% total)
     Speed:     ev/sec=117.235   simsec/sec=1.00582   ev/simsec=116.556
     Messages:  created: 45702   present: 10   in FES: 7
** Event #364288   t=2027.255107873289   Elapsed: 2027.2s (33m 47s)  32% completed  (32% total)
     Speed:     ev/sec=143.454   simsec/sec=0.99974   ev/simsec=143.491
     Messages:  created: 45765   present: 8   in FES: 5
** Event #364800   t=2030.26124502078   Elapsed: 2030.21s (33m 50s)  32% completed  (32% total)
     Speed:     ev/sec=170.221   simsec/sec=0.999428   ev/simsec=170.318
     Messages:  created: 45829   present: 8   in FES: 5
** Event #365312   t=2033.210720475319   Elapsed: 2033.17s (33m 53s)  32% completed  (32% total)
     Speed:     ev/sec=173.016   simsec/sec=0.996691   ev/simsec=173.59
     Messages:  created: 45893   present: 8   in FES: 5
** Event #365824   t=2036.367173171546   Elapsed: 2036.32s (33m 56s)  32% completed  (32% total)
     Speed:     ev/sec=162.511   simsec/sec=1.00187   ev/simsec=162.207
     Messages:  created: 45957   present: 8   in FES: 5
** Event #366336   t=2040.283630930693   Elapsed: 2040.23s (34m 00s)  32% completed  (32% total)
     Speed:     ev/sec=130.949   simsec/sec=1.00167   ev/simsec=130.73
     Messages:  created: 46023   present: 13   in FES: 7
** Event #366848   t=2042.505456592772   Elapsed: 2042.45s (34m 02s)  32% completed  (32% total)
     Speed:     ev/sec=230.441   simsec/sec=1   ev/simsec=230.441
     Messages:  created: 46086   present: 11   in FES: 7
** Event #367360   t=2044.846580427319   Elapsed: 2044.79s (34m 04s)  32% completed  (32% total)
     Speed:     ev/sec=218.698   simsec/sec=1   ev/simsec=218.698
     Messages:  created: 46149   present: 9   in FES: 6
** Event #367872   t=2047.609239012235   Elapsed: 2047.56s (34m 07s)  32% completed  (32% total)
     Speed:     ev/sec=185.326   simsec/sec=0.999986   ev/simsec=185.329
     Messages:  created: 46213   present: 10   in FES: 6
** Event #368384   t=2049.756280519144   Elapsed: 2049.7s (34m 09s)  32% completed  (32% total)
     Speed:     ev/sec=238.472   simsec/sec=1.00002   ev/simsec=238.468
     Messages:  created: 46277   present: 9   in FES: 6
** Event #368896   t=2052.089227276518   Elapsed: 2052.04s (34m 12s)  32% completed  (32% total)
     Speed:     ev/sec=219.465   simsec/sec=1   ev/simsec=219.465
     Messages:  created: 46341   present: 10   in FES: 7
** Event #369408   t=2055.269004913824   Elapsed: 2055.22s (34m 15s)  32% completed  (32% total)
     Speed:     ev/sec=160.911   simsec/sec=0.99934   ev/simsec=161.018
     Messages:  created: 46404   present: 7   in FES: 4
** Event #369664   t=2058.513888   Elapsed: 2058.64s (34m 18s)  32% completed  (32% total)
     Speed:     ev/sec=74.8305   simsec/sec=0.948501   ev/simsec=78.8934
     Messages:  created: 46436   present: 7   in FES: 4
** Event #370176   t=2062.075448707487   Elapsed: 2062.03s (34m 22s)  32% completed  (32% total)
     Speed:     ev/sec=150.842   simsec/sec=1.04928   ev/simsec=143.757
     Messages:  created: 46500   present: 7   in FES: 4
** Event #370688   t=2064.9672371422   Elapsed: 2064.91s (34m 24s)  32% completed  (32% total)
     Speed:     ev/sec=177.73   simsec/sec=1.00382   ev/simsec=177.053
     Messages:  created: 46565   present: 9   in FES: 6
** Event #371200   t=2068.48336069527   Elapsed: 2068.43s (34m 28s)  32% completed  (32% total)
     Speed:     ev/sec=145.531   simsec/sec=0.999425   ev/simsec=145.615
     Messages:  created: 46628   present: 7   in FES: 4
** Event #371712   t=2071.395443129362   Elapsed: 2071.34s (34m 31s)  32% completed  (32% total)
     Speed:     ev/sec=175.941   simsec/sec=1.0007   ev/simsec=175.819
     Messages:  created: 46693   present: 10   in FES: 7
** Event #372480   t=2073.855029642483   Elapsed: 2073.87s (34m 33s)  32% completed  (32% total)
     Speed:     ev/sec=303.246   simsec/sec=0.971171   ev/simsec=312.248
     Messages:  created: 46788   present: 7   in FES: 4
** Event #372736   t=2076.178413720655   Elapsed: 2076.18s (34m 36s)  32% completed  (32% total)
     Speed:     ev/sec=110.892   simsec/sec=1.00642   ev/simsec=110.184
     Messages:  created: 46820   present: 7   in FES: 4
** Event #373248   t=2079.647837376814   Elapsed: 2079.6s (34m 39s)  33% completed  (33% total)
     Speed:     ev/sec=149.605   simsec/sec=1.01375   ev/simsec=147.575
     Messages:  created: 46884   present: 7   in FES: 4
** Event #373760   t=2081.950986398825   Elapsed: 2081.9s (34m 41s)  33% completed  (33% total)
     Speed:     ev/sec=223.382   simsec/sec=1.00485   ev/simsec=222.304
     Messages:  created: 46950   present: 12   in FES: 7
** Event #374528   t=2084.593818672297   Elapsed: 2084.54s (34m 44s)  33% completed  (33% total)
     Speed:     ev/sec=290.597   simsec/sec=1   ev/simsec=290.597
     Messages:  created: 47045   present: 10   in FES: 7
** Event #375040   t=2086.919573257261   Elapsed: 2086.87s (34m 46s)  33% completed  (33% total)
     Speed:     ev/sec=220.143   simsec/sec=0.999999   ev/simsec=220.144
     Messages:  created: 47109   present: 9   in FES: 6
** Event #375552   t=2089.506150558362   Elapsed: 2089.45s (34m 49s)  33% completed  (33% total)
     Speed:     ev/sec=197.945   simsec/sec=1   ev/simsec=197.945
     Messages:  created: 47173   present: 9   in FES: 6
** Event #376064   t=2092.448344295519   Elapsed: 2092.41s (34m 52s)  33% completed  (33% total)
     Speed:     ev/sec=173.039   simsec/sec=0.994364   ev/simsec=174.02
     Messages:  created: 47236   present: 7   in FES: 4
** Event #376320   t=2095.008163272695   Elapsed: 2094.95s (34m 54s)  33% completed  (33% total)
     Speed:     ev/sec=100.663   simsec/sec=1.00656   ev/simsec=100.007
     Messages:  created: 47270   present: 13   in FES: 7
** Event #376832   t=2097.291194212693   Elapsed: 2097.24s (34m 57s)  33% completed  (33% total)
     Speed:     ev/sec=224.263   simsec/sec=1   ev/simsec=224.263
     Messages:  created: 47333   present: 10   in FES: 7
** Event #377344   t=2099.461733846967   Elapsed: 2099.44s (34m 59s)  33% completed  (33% total)
     Speed:     ev/sec=232.249   simsec/sec=0.984581   ev/simsec=235.886
     Messages:  created: 47396   present: 7   in FES: 4
** Event #377856   t=2102.224909235827   Elapsed: 2102.17s (35m 02s)  33% completed  (33% total)
     Speed:     ev/sec=187.602   simsec/sec=1.01245   ev/simsec=185.294
     Messages:  created: 47460   present: 9   in FES: 6
** Event #378368   t=2104.703193074846   Elapsed: 2104.65s (35m 04s)  33% completed  (33% total)
     Speed:     ev/sec=206.595   simsec/sec=1   ev/simsec=206.595
     Messages:  created: 47524   present: 8   in FES: 5
** Event #378880   t=2107.326312119987   Elapsed: 2107.27s (35m 07s)  33% completed  (33% total)
     Speed:     ev/sec=195.188   simsec/sec=1   ev/simsec=195.187
     Messages:  created: 47589   present: 12   in FES: 7
** Event #379904   t=2109.611916591423   Elapsed: 2109.56s (35m 09s)  33% completed  (33% total)
     Speed:     ev/sec=448.022   simsec/sec=1   ev/simsec=448.022
     Messages:  created: 47719   present: 17   in FES: 7
** Event #380672   t=2112.018873000764   Elapsed: 2111.98s (35m 11s)  33% completed  (33% total)
     Speed:     ev/sec=316.697   simsec/sec=0.992545   ev/simsec=319.075
     Messages:  created: 47817   present: 22   in FES: 6
** Event #381184   t=2114.140794292298   Elapsed: 2114.09s (35m 14s)  33% completed  (33% total)
     Speed:     ev/sec=243.353   simsec/sec=1.00855   ev/simsec=241.291
     Messages:  created: 47876   present: 8   in FES: 5
** Event #381696   t=2118.029455356783   Elapsed: 2117.98s (35m 17s)  33% completed  (33% total)
     Speed:     ev/sec=131.668   simsec/sec=1.00002   ev/simsec=131.665
     Messages:  created: 47941   present: 10   in FES: 7
** Event #381952   t=2120.201517766666   Elapsed: 2120.15s (35m 20s)  33% completed  (33% total)
     Speed:     ev/sec=117.86   simsec/sec=1   ev/simsec=117.86
     Messages:  created: 47972   present: 8   in FES: 5
** Event #382464   t=2124.429790994024   Elapsed: 2124.38s (35m 24s)  33% completed  (33% total)
     Speed:     ev/sec=121.09   simsec/sec=1   ev/simsec=121.09
     Messages:  created: 48036   present: 8   in FES: 5
** Event #382976   t=2128.60440393706   Elapsed: 2128.55s (35m 28s)  33% completed  (33% total)
     Speed:     ev/sec=122.646   simsec/sec=1   ev/simsec=122.646
     Messages:  created: 48100   present: 9   in FES: 6
** Event #383488   t=2131.565617969148   Elapsed: 2131.51s (35m 31s)  33% completed  (33% total)
     Speed:     ev/sec=172.902   simsec/sec=1   ev/simsec=172.902
     Messages:  created: 48164   present: 8   in FES: 5
** Event #384000   t=2133.648979395829   Elapsed: 2133.59s (35m 33s)  33% completed  (33% total)
     Speed:     ev/sec=245.756   simsec/sec=0.999999   ev/simsec=245.757
     Messages:  created: 48229   present: 11   in FES: 7
** Event #384768   t=2136.142028205127   Elapsed: 2136.09s (35m 36s)  33% completed  (33% total)
     Speed:     ev/sec=308.057   simsec/sec=1   ev/simsec=308.057
     Messages:  created: 48324   present: 8   in FES: 5
** Event #385792   t=2138.613133230858   Elapsed: 2138.56s (35m 38s)  33% completed  (33% total)
     Speed:     ev/sec=414.39   simsec/sec=1   ev/simsec=414.39
     Messages:  created: 48453   present: 10   in FES: 6
** Event #386816   t=2141.026408663031   Elapsed: 2140.97s (35m 40s)  33% completed  (33% total)
     Speed:     ev/sec=424.32   simsec/sec=1   ev/simsec=424.32
     Messages:  created: 48581   present: 11   in FES: 6
** Event #387328   t=2143.132680984827   Elapsed: 2143.08s (35m 43s)  34% completed  (34% total)
     Speed:     ev/sec=243.083   simsec/sec=1   ev/simsec=243.083
     Messages:  created: 48646   present: 13   in FES: 7
** Event #388096   t=2147.038452361321   Elapsed: 2146.98s (35m 46s)  34% completed  (34% total)
     Speed:     ev/sec=196.628   simsec/sec=0.99998   ev/simsec=196.632
     Messages:  created: 48740   present: 8   in FES: 5
** Event #388608   t=2149.375578644658   Elapsed: 2149.32s (35m 49s)  34% completed  (34% total)
     Speed:     ev/sec=219.08   simsec/sec=1.00003   ev/simsec=219.072
     Messages:  created: 48804   present: 9   in FES: 6
** Event #389120   t=2151.637467660551   Elapsed: 2151.58s (35m 51s)  34% completed  (34% total)
     Speed:     ev/sec=226.359   simsec/sec=0.999999   ev/simsec=226.359
     Messages:  created: 48868   present: 8   in FES: 5
** Event #389632   t=2154.584179568772   Elapsed: 2154.53s (35m 54s)  34% completed  (34% total)
     Speed:     ev/sec=173.753   simsec/sec=1   ev/simsec=173.753
     Messages:  created: 48933   present: 11   in FES: 7
** Event #389888   t=2156.596539900703   Elapsed: 2156.54s (35m 56s)  34% completed  (34% total)
     Speed:     ev/sec=127.209   simsec/sec=0.999961   ev/simsec=127.214
     Messages:  created: 48964   present: 8   in FES: 5
** Event #390400   t=2159.584270469203   Elapsed: 2159.53s (35m 59s)  34% completed  (34% total)
     Speed:     ev/sec=171.372   simsec/sec=1.00003   ev/simsec=171.368
     Messages:  created: 49029   present: 12   in FES: 7
** Event #391168   t=2162.425150554284   Elapsed: 2162.37s (36m 02s)  34% completed  (34% total)
     Speed:     ev/sec=270.339   simsec/sec=1   ev/simsec=270.339
     Messages:  created: 49124   present: 10   in FES: 6
** Event #391680   t=2164.634007759909   Elapsed: 2164.58s (36m 04s)  34% completed  (34% total)
     Speed:     ev/sec=231.794   simsec/sec=1   ev/simsec=231.794
     Messages:  created: 49188   present: 9   in FES: 6
** Event #392448   t=2167.631734411   Elapsed: 2167.58s (36m 07s)  34% completed  (34% total)
     Speed:     ev/sec=256.109   simsec/sec=0.999669   ev/simsec=256.194
     Messages:  created: 49285   present: 13   in FES: 6
** Event #392960   t=2169.839701201125   Elapsed: 2169.79s (36m 09s)  34% completed  (34% total)
     Speed:     ev/sec=231.992   simsec/sec=1.00045   ev/simsec=231.888
     Messages:  created: 49347   present: 8   in FES: 5
** Event #393216   t=2172.153732715927   Elapsed: 2172.1s (36m 12s)  34% completed  (34% total)
     Speed:     ev/sec=110.629   simsec/sec=1   ev/simsec=110.629
     Messages:  created: 49379   present: 8   in FES: 5
** Event #393984   t=2175.183089460502   Elapsed: 2175.13s (36m 15s)  34% completed  (34% total)
     Speed:     ev/sec=253.519   simsec/sec=1   ev/simsec=253.519
     Messages:  created: 49475   present: 8   in FES: 5
** Event #394496   t=2178.491706059048   Elapsed: 2178.44s (36m 18s)  34% completed  (34% total)
     Speed:     ev/sec=154.747   simsec/sec=1   ev/simsec=154.747
     Messages:  created: 49540   present: 10   in FES: 7
** Event #395008   t=2180.702916798331   Elapsed: 2180.65s (36m 20s)  34% completed  (34% total)
     Speed:     ev/sec=231.547   simsec/sec=1   ev/simsec=231.547
     Messages:  created: 49608   present: 20   in FES: 7
** Event #395776   t=2183.690499226407   Elapsed: 2183.64s (36m 23s)  34% completed  (34% total)
     Speed:     ev/sec=257.064   simsec/sec=1   ev/simsec=257.064
     Messages:  created: 49700   present: 9   in FES: 6
** Event #396288   t=2186.179959141029   Elapsed: 2186.13s (36m 26s)  34% completed  (34% total)
     Speed:     ev/sec=205.666   simsec/sec=0.999994   ev/simsec=205.667
     Messages:  created: 49763   present: 8   in FES: 5
** Event #396800   t=2189.488465038721   Elapsed: 2189.43s (36m 29s)  34% completed  (34% total)
     Speed:     ev/sec=154.753   simsec/sec=1   ev/simsec=154.753
     Messages:  created: 49827   present: 8   in FES: 5
** Event #397312   t=2193.740453848234   Elapsed: 2193.69s (36m 33s)  34% completed  (34% total)
     Speed:     ev/sec=120.413   simsec/sec=0.999992   ev/simsec=120.414
     Messages:  created: 49891   present: 8   in FES: 5
** Event #397824   t=2195.999317378735   Elapsed: 2195.95s (36m 35s)  34% completed  (34% total)
     Speed:     ev/sec=226.666   simsec/sec=1.00001   ev/simsec=226.663
     Messages:  created: 49960   present: 20   in FES: 7
** Event #398592   t=2198.878477945771   Elapsed: 2198.82s (36m 38s)  34% completed  (34% total)
     Speed:     ev/sec=266.744   simsec/sec=1   ev/simsec=266.744
     Messages:  created: 50052   present: 11   in FES: 7
** Event #398848   t=2201.426767224862   Elapsed: 2201.37s (36m 41s)  34% completed  (34% total)
     Speed:     ev/sec=100.459   simsec/sec=0.999999   ev/simsec=100.46
     Messages:  created: 50083   present: 8   in FES: 5
** Event #399360   t=2204.069641083803   Elapsed: 2204.02s (36m 44s)  34% completed  (34% total)
     Speed:     ev/sec=193.728   simsec/sec=1   ev/simsec=193.729
     Messages:  created: 50148   present: 10   in FES: 7
** Event #399872   t=2208.08825231645   Elapsed: 2208.03s (36m 48s)  35% completed  (35% total)
     Speed:     ev/sec=127.407   simsec/sec=1   ev/simsec=127.407
     Messages:  created: 50212   present: 9   in FES: 6
** Event #400384   t=2211.234487568168   Elapsed: 2211.18s (36m 51s)  35% completed  (35% total)
     Speed:     ev/sec=162.734   simsec/sec=0.999999   ev/simsec=162.734
     Messages:  created: 50276   present: 10   in FES: 6
** Event #401152   t=2214.026622724554   Elapsed: 2213.97s (36m 53s)  35% completed  (35% total)
     Speed:     ev/sec=275.058   simsec/sec=1   ev/simsec=275.058
     Messages:  created: 50372   present: 9   in FES: 6
** Event #401664   t=2216.943128199363   Elapsed: 2216.89s (36m 56s)  35% completed  (35% total)
     Speed:     ev/sec=175.553   simsec/sec=1   ev/simsec=175.553
     Messages:  created: 50435   present: 8   in FES: 5
** Event #402176   t=2219.419054053203   Elapsed: 2219.36s (36m 59s)  35% completed  (35% total)
     Speed:     ev/sec=206.791   simsec/sec=1   ev/simsec=206.791
     Messages:  created: 50499   present: 8   in FES: 5
** Event #402688   t=2221.72065707876   Elapsed: 2221.7s (37m 01s)  35% completed  (35% total)
     Speed:     ev/sec=218.857   simsec/sec=0.983832   ev/simsec=222.454
     Messages:  created: 50564   present: 12   in FES: 6
** Event #403200   t=2225.037342506634   Elapsed: 2224.98s (37m 04s)  35% completed  (35% total)
     Speed:     ev/sec=156.152   simsec/sec=1.01154   ev/simsec=154.371
     Messages:  created: 50627   present: 8   in FES: 5
** Event #403712   t=2227.960412918521   Elapsed: 2227.91s (37m 07s)  35% completed  (35% total)
     Speed:     ev/sec=175.152   simsec/sec=0.999965   ev/simsec=175.158
     Messages:  created: 50691   present: 8   in FES: 5
** Event #404224   t=2230.772621784971   Elapsed: 2230.72s (37m 10s)  35% completed  (35% total)
     Speed:     ev/sec=182.07   simsec/sec=1.00004   ev/simsec=182.063
     Messages:  created: 50755   present: 9   in FES: 6
** Event #404736   t=2232.847206417956   Elapsed: 2232.79s (37m 12s)  35% completed  (35% total)
     Speed:     ev/sec=246.796   simsec/sec=1   ev/simsec=246.796
     Messages:  created: 50819   present: 8   in FES: 5
** Event #405248   t=2235.487987819078   Elapsed: 2235.43s (37m 15s)  35% completed  (35% total)
     Speed:     ev/sec=193.882   simsec/sec=1   ev/simsec=193.882
     Messages:  created: 50883   present: 10   in FES: 7
** Event #405760   t=2238.817219090788   Elapsed: 2238.76s (37m 18s)  35% completed  (35% total)
     Speed:     ev/sec=153.789   simsec/sec=0.999999   ev/simsec=153.789
     Messages:  created: 50947   present: 10   in FES: 6
** Event #406528   t=2242.02766433149   Elapsed: 2241.97s (37m 21s)  35% completed  (35% total)
     Speed:     ev/sec=239.219   simsec/sec=1   ev/simsec=239.219
     Messages:  created: 51043   present: 10   in FES: 7
** Event #407552   t=2244.319913687834   Elapsed: 2244.27s (37m 24s)  35% completed  (35% total)
     Speed:     ev/sec=446.723   simsec/sec=1   ev/simsec=446.723
     Messages:  created: 51183   present: 42   in FES: 7
** Event #408320   t=2246.830981377479   Elapsed: 2246.78s (37m 26s)  35% completed  (35% total)
     Speed:     ev/sec=305.627   simsec/sec=0.999284   ev/simsec=305.846
     Messages:  created: 51268   present: 12   in FES: 6
** Event #409088   t=2249.226720027218   Elapsed: 2249.17s (37m 29s)  35% completed  (35% total)
     Speed:     ev/sec=320.81   simsec/sec=1.00075   ev/simsec=320.569
     Messages:  created: 51363   present: 9   in FES: 6
** Event #409600   t=2251.24572206679   Elapsed: 2251.19s (37m 31s)  35% completed  (35% total)
     Speed:     ev/sec=253.591   simsec/sec=1   ev/simsec=253.591
     Messages:  created: 51427   present: 9   in FES: 6
** Event #410112   t=2253.500850290494   Elapsed: 2253.45s (37m 33s)  35% completed  (35% total)
     Speed:     ev/sec=226.665   simsec/sec=0.998359   ev/simsec=227.038
     Messages:  created: 51492   present: 12   in FES: 6
** Event #410880   t=2255.747630848948   Elapsed: 2255.69s (37m 35s)  35% completed  (35% total)
     Speed:     ev/sec=342.388   simsec/sec=1.00165   ev/simsec=341.822
     Messages:  created: 51590   present: 18   in FES: 7
** Event #411648   t=2258.389457938623   Elapsed: 2258.34s (37m 38s)  35% completed  (35% total)
     Speed:     ev/sec=290.708   simsec/sec=1   ev/simsec=290.708
     Messages:  created: 51683   present: 8   in FES: 5
** Event #412416   t=2260.700076975351   Elapsed: 2260.66s (37m 40s)  35% completed  (35% total)
     Speed:     ev/sec=330.177   simsec/sec=0.993377   ev/simsec=332.378
     Messages:  created: 51783   present: 20   in FES: 6
** Event #413440   t=2263.265488212588   Elapsed: 2263.21s (37m 43s)  35% completed  (35% total)
     Speed:     ev/sec=401.568   simsec/sec=1.00604   ev/simsec=399.156
     Messages:  created: 51912   present: 23   in FES: 7
** Event #414208   t=2265.438243205709   Elapsed: 2265.38s (37m 45s)  35% completed  (35% total)
     Speed:     ev/sec=353.468   simsec/sec=1   ev/simsec=353.468
     Messages:  created: 52009   present: 25   in FES: 7
** Event #414976   t=2268.253856702911   Elapsed: 2268.2s (37m 48s)  36% completed  (36% total)
     Speed:     ev/sec=272.765   simsec/sec=1   ev/simsec=272.765
     Messages:  created: 52099   present: 8   in FES: 5
** Event #415488   t=2270.474761314237   Elapsed: 2270.42s (37m 50s)  36% completed  (36% total)
     Speed:     ev/sec=230.542   simsec/sec=1.00002   ev/simsec=230.537
     Messages:  created: 52163   present: 9   in FES: 6
** Event #416000   t=2272.621363691253   Elapsed: 2272.57s (37m 52s)  36% completed  (36% total)
     Speed:     ev/sec=238.511   simsec/sec=0.999975   ev/simsec=238.516
     Messages:  created: 52227   present: 8   in FES: 5
** Event #416768   t=2274.873070927058   Elapsed: 2274.82s (37m 54s)  36% completed  (36% total)
     Speed:     ev/sec=341.075   simsec/sec=1   ev/simsec=341.075
     Messages:  created: 52323   present: 10   in FES: 6
** Event #417536   t=2278.382081219409   Elapsed: 2278.33s (37m 58s)  36% completed  (36% total)
     Speed:     ev/sec=218.865   simsec/sec=0.999999   ev/simsec=218.865
     Messages:  created: 52419   present: 8   in FES: 5
** Event #418048   t=2281.629496616359   Elapsed: 2281.58s (38m 01s)  36% completed  (36% total)
     Speed:     ev/sec=157.664   simsec/sec=1   ev/simsec=157.664
     Messages:  created: 52482   present: 9   in FES: 6
t=2283.177358 executing addServer()
adding server with latency=60
** Event #418560   t=2284.14556788885   Elapsed: 2284.09s (38m 04s)  36% completed  (36% total)
     Speed:     ev/sec=203.492   simsec/sec=1   ev/simsec=203.492
     Messages:  created: 52549   present: 13   in FES: 8
** Event #419072   t=2286.628327143494   Elapsed: 2286.57s (38m 06s)  36% completed  (36% total)
     Speed:     ev/sec=206.222   simsec/sec=1   ev/simsec=206.222
     Messages:  created: 52616   present: 22   in FES: 8
** Event #419584   t=2290.343906085957   Elapsed: 2290.29s (38m 10s)  36% completed  (36% total)
     Speed:     ev/sec=137.796   simsec/sec=0.999985   ev/simsec=137.798
     Messages:  created: 52676   present: 10   in FES: 6
** Event #420352   t=2292.57500011186   Elapsed: 2292.52s (38m 12s)  36% completed  (36% total)
     Speed:     ev/sec=344.234   simsec/sec=1.00003   ev/simsec=344.226
     Messages:  created: 52775   present: 18   in FES: 8
** Event #420864   t=2295.182845553553   Elapsed: 2295.13s (38m 15s)  36% completed  (36% total)
     Speed:     ev/sec=196.331   simsec/sec=1   ev/simsec=196.331
     Messages:  created: 52836   present: 11   in FES: 7
** Event #421632   t=2298.339112978632   Elapsed: 2298.29s (38m 18s)  36% completed  (36% total)
     Speed:     ev/sec=243.319   simsec/sec=0.999972   ev/simsec=243.325
     Messages:  created: 52932   present: 10   in FES: 6
** Event #422400   t=2301.139651818026   Elapsed: 2301.09s (38m 21s)  36% completed  (36% total)
     Speed:     ev/sec=274.242   simsec/sec=1.00003   ev/simsec=274.233
     Messages:  created: 53028   present: 10   in FES: 6
** Event #422912   t=2303.802987474283   Elapsed: 2303.75s (38m 23s)  36% completed  (36% total)
     Speed:     ev/sec=192.24   simsec/sec=1   ev/simsec=192.24
     Messages:  created: 53093   present: 12   in FES: 8
** Event #423424   t=2307.172853050193   Elapsed: 2307.12s (38m 27s)  36% completed  (36% total)
     Speed:     ev/sec=151.935   simsec/sec=0.999999   ev/simsec=151.935
     Messages:  created: 53156   present: 10   in FES: 6
** Event #424192   t=2310.526030087755   Elapsed: 2310.47s (38m 30s)  36% completed  (36% total)
     Speed:     ev/sec=229.037   simsec/sec=1   ev/simsec=229.037
     Messages:  created: 53253   present: 14   in FES: 8
** Event #424704   t=2312.630024339768   Elapsed: 2312.58s (38m 32s)  36% completed  (36% total)
     Speed:     ev/sec=243.347   simsec/sec=1   ev/simsec=243.347
     Messages:  created: 53316   present: 10   in FES: 6
** Event #425216   t=2315.195622465447   Elapsed: 2315.14s (38m 35s)  36% completed  (36% total)
     Speed:     ev/sec=199.564   simsec/sec=1   ev/simsec=199.564
     Messages:  created: 53381   present: 12   in FES: 7
** Event #425728   t=2317.40938576727   Elapsed: 2317.37s (38m 37s)  36% completed  (36% total)
     Speed:     ev/sec=230.016   simsec/sec=0.994532   ev/simsec=231.28
     Messages:  created: 53446   present: 16   in FES: 7
** Event #426496   t=2320.56643275808   Elapsed: 2320.51s (38m 40s)  36% completed  (36% total)
     Speed:     ev/sec=244.207   simsec/sec=1.00387   ev/simsec=243.265
     Messages:  created: 53540   present: 11   in FES: 7
** Event #427008   t=2323.350009541641   Elapsed: 2323.3s (38m 43s)  36% completed  (36% total)
     Speed:     ev/sec=183.906   simsec/sec=0.999836   ev/simsec=183.936
     Messages:  created: 53606   present: 16   in FES: 7
** Event #427776   t=2326.415883696637   Elapsed: 2326.36s (38m 46s)  36% completed  (36% total)
     Speed:     ev/sec=250.537   simsec/sec=1.00015   ev/simsec=250.5
     Messages:  created: 53701   present: 13   in FES: 8
** Event #428800   t=2328.886696400215   Elapsed: 2328.83s (38m 48s)  36% completed  (36% total)
     Speed:     ev/sec=414.438   simsec/sec=0.999999   ev/simsec=414.439
     Messages:  created: 53838   present: 38   in FES: 8
** Event #429568   t=2331.362055556372   Elapsed: 2331.31s (38m 51s)  37% completed  (37% total)
     Speed:     ev/sec=310.258   simsec/sec=1   ev/simsec=310.258
     Messages:  created: 53925   present: 14   in FES: 8
** Event #430080   t=2333.600684815263   Elapsed: 2333.55s (38m 53s)  37% completed  (37% total)
     Speed:     ev/sec=228.717   simsec/sec=1.00002   ev/simsec=228.711
     Messages:  created: 53992   present: 22   in FES: 8
** Event #430592   t=2336.382712718431   Elapsed: 2336.33s (38m 56s)  37% completed  (37% total)
     Speed:     ev/sec=184.035   simsec/sec=0.999982   ev/simsec=184.038
     Messages:  created: 54052   present: 11   in FES: 7
** Event #431104   t=2338.760337849325   Elapsed: 2338.71s (38m 58s)  37% completed  (37% total)
     Speed:     ev/sec=215.341   simsec/sec=0.999999   ev/simsec=215.341
     Messages:  created: 54116   present: 10   in FES: 6
** Event #431616   t=2341.008294220393   Elapsed: 2340.95s (39m 00s)  37% completed  (37% total)
     Speed:     ev/sec=227.762   simsec/sec=0.999999   ev/simsec=227.762
     Messages:  created: 54181   present: 14   in FES: 8
t=2343.177358 addServer() complete
** Event #432384   t=2343.52398184495   Elapsed: 2343.47s (39m 03s)  37% completed  (37% total)
     Speed:     ev/sec=305.284   simsec/sec=1   ev/simsec=305.284
     Messages:  created: 54277   present: 15   in FES: 8
** Event #433152   t=2345.824345900667   Elapsed: 2345.77s (39m 05s)  37% completed  (37% total)
     Speed:     ev/sec=333.86   simsec/sec=1   ev/simsec=333.86
     Messages:  created: 54375   present: 19   in FES: 6
** Event #433920   t=2348.747096807618   Elapsed: 2348.69s (39m 08s)  37% completed  (37% total)
     Speed:     ev/sec=262.766   simsec/sec=1   ev/simsec=262.766
     Messages:  created: 54470   present: 16   in FES: 6
** Event #434688   t=2351.195881323063   Elapsed: 2351.14s (39m 11s)  37% completed  (37% total)
     Speed:     ev/sec=313.625   simsec/sec=1   ev/simsec=313.625
     Messages:  created: 54568   present: 22   in FES: 8
** Event #435712   t=2353.704517543568   Elapsed: 2353.66s (39m 13s)  37% completed  (37% total)
     Speed:     ev/sec=407.124   simsec/sec=0.997389   ev/simsec=408.19
     Messages:  created: 54703   present: 41   in FES: 6
** Event #436480   t=2356.433964685444   Elapsed: 2356.38s (39m 16s)  37% completed  (37% total)
     Speed:     ev/sec=282.055   simsec/sec=1.00241   ev/simsec=281.376
     Messages:  created: 54795   present: 31   in FES: 6
** Event #436992   t=2359.216003900228   Elapsed: 2359.22s (39m 19s)  37% completed  (37% total)
     Speed:     ev/sec=180.255   simsec/sec=0.979446   ev/simsec=184.038
     Messages:  created: 54851   present: 9   in FES: 5
** Event #437504   t=2362.6901623193   Elapsed: 2362.64s (39m 22s)  37% completed  (37% total)
     Speed:     ev/sec=149.893   simsec/sec=1.01709   ev/simsec=147.374
     Messages:  created: 54916   present: 11   in FES: 7
** Event #438016   t=2365.696580213923   Elapsed: 2365.65s (39m 25s)  37% completed  (37% total)
     Speed:     ev/sec=170.108   simsec/sec=0.998861   ev/simsec=170.302
     Messages:  created: 54979   present: 9   in FES: 5
** Event #438784   t=2368.217098048846   Elapsed: 2368.16s (39m 28s)  37% completed  (37% total)
     Speed:     ev/sec=305.114   simsec/sec=1.00136   ev/simsec=304.699
     Messages:  created: 55076   present: 12   in FES: 6
** Event #439552   t=2370.985397219399   Elapsed: 2370.93s (39m 30s)  37% completed  (37% total)
     Speed:     ev/sec=277.427   simsec/sec=1   ev/simsec=277.427
     Messages:  created: 55174   present: 16   in FES: 8
** Event #440320   t=2373.895505650641   Elapsed: 2373.84s (39m 33s)  37% completed  (37% total)
     Speed:     ev/sec=263.908   simsec/sec=1   ev/simsec=263.908
     Messages:  created: 55268   present: 11   in FES: 6
** Event #441088   t=2376.778824807262   Elapsed: 2376.74s (39m 36s)  37% completed  (37% total)
     Speed:     ev/sec=265.195   simsec/sec=0.995629   ev/simsec=266.36
     Messages:  created: 55363   present: 9   in FES: 5
** Event #441856   t=2379.763369046202   Elapsed: 2379.71s (39m 39s)  37% completed  (37% total)
     Speed:     ev/sec=258.422   simsec/sec=1.00426   ev/simsec=257.326
     Messages:  created: 55460   present: 11   in FES: 6
** Event #442368   t=2382.220113725869   Elapsed: 2382.17s (39m 42s)  37% completed  (37% total)
     Speed:     ev/sec=208.406   simsec/sec=1   ev/simsec=208.406
     Messages:  created: 55524   present: 11   in FES: 7
** Event #443392   t=2384.984378100631   Elapsed: 2384.93s (39m 44s)  37% completed  (37% total)
     Speed:     ev/sec=370.442   simsec/sec=0.999999   ev/simsec=370.442
     Messages:  created: 55659   present: 31   in FES: 7
** Event #444160   t=2387.510489149596   Elapsed: 2387.46s (39m 47s)  37% completed  (37% total)
     Speed:     ev/sec=304.025   simsec/sec=1   ev/simsec=304.025
     Messages:  created: 55754   present: 28   in FES: 6
** Event #444928   t=2389.937806874033   Elapsed: 2389.88s (39m 49s)  37% completed  (37% total)
     Speed:     ev/sec=316.398   simsec/sec=0.999998   ev/simsec=316.399
     Messages:  created: 55851   present: 30   in FES: 6
** Event #445696   t=2392.168121892909   Elapsed: 2392.12s (39m 52s)  37% completed  (37% total)
     Speed:     ev/sec=342.902   simsec/sec=0.995805   ev/simsec=344.346
     Messages:  created: 55945   present: 25   in FES: 6
** Event #446464   t=2395.035595402097   Elapsed: 2395.04s (39m 55s)  38% completed  (38% total)
     Speed:     ev/sec=263.757   simsec/sec=0.984787   ev/simsec=267.832
     Messages:  created: 56035   present: 9   in FES: 5
** Event #447488   t=2397.29860552262   Elapsed: 2397.24s (39m 57s)  38% completed  (38% total)
     Speed:     ev/sec=463.492   simsec/sec=1.0243   ev/simsec=452.495
     Messages:  created: 56174   present: 39   in FES: 7
** Event #448256   t=2399.692482339536   Elapsed: 2399.64s (39m 59s)  38% completed  (38% total)
     Speed:     ev/sec=320.818   simsec/sec=1   ev/simsec=320.819
     Messages:  created: 56270   present: 37   in FES: 6
** Event #449024   t=2402.334472246327   Elapsed: 2402.28s (40m 02s)  38% completed  (38% total)
     Speed:     ev/sec=290.689   simsec/sec=0.999997   ev/simsec=290.69
     Messages:  created: 56356   present: 13   in FES: 8
** Event #449792   t=2404.881603861215   Elapsed: 2404.83s (40m 04s)  38% completed  (38% total)
     Speed:     ev/sec=301.517   simsec/sec=1   ev/simsec=301.516
     Messages:  created: 56451   present: 10   in FES: 6
** Event #450304   t=2406.972104181309   Elapsed: 2406.92s (40m 06s)  38% completed  (38% total)
     Speed:     ev/sec=244.386   simsec/sec=0.997829   ev/simsec=244.917
     Messages:  created: 56514   present: 8   in FES: 4
** Event #450816   t=2409.721181274675   Elapsed: 2409.67s (40m 09s)  38% completed  (38% total)
     Speed:     ev/sec=186.552   simsec/sec=1.00165   ev/simsec=186.244
     Messages:  created: 56579   present: 11   in FES: 6
** Event #451328   t=2412.803232636309   Elapsed: 2412.75s (40m 12s)  38% completed  (38% total)
     Speed:     ev/sec=166.124   simsec/sec=1   ev/simsec=166.123
     Messages:  created: 56643   present: 10   in FES: 6
** Event #451840   t=2415.472569999186   Elapsed: 2415.42s (40m 15s)  38% completed  (38% total)
     Speed:     ev/sec=191.663   simsec/sec=0.999245   ev/simsec=191.808
     Messages:  created: 56706   present: 8   in FES: 4
** Event #452352   t=2418.09870056332   Elapsed: 2418.04s (40m 18s)  38% completed  (38% total)
     Speed:     ev/sec=195.114   simsec/sec=1.00077   ev/simsec=194.964
     Messages:  created: 56772   present: 13   in FES: 7
** Event #452864   t=2420.250899924491   Elapsed: 2420.2s (40m 20s)  38% completed  (38% total)
     Speed:     ev/sec=237.896   simsec/sec=0.999999   ev/simsec=237.896
     Messages:  created: 56835   present: 11   in FES: 7
** Event #453632   t=2422.420711203255   Elapsed: 2422.38s (40m 22s)  38% completed  (38% total)
     Speed:     ev/sec=352.536   simsec/sec=0.99601   ev/simsec=353.948
     Messages:  created: 56936   present: 24   in FES: 7
** Event #454400   t=2425.594997018573   Elapsed: 2425.54s (40m 25s)  38% completed  (38% total)
     Speed:     ev/sec=242.609   simsec/sec=1.00275   ev/simsec=241.944
     Messages:  created: 57027   present: 10   in FES: 6
** Event #455168   t=2428.036772340468   Elapsed: 2427.98s (40m 27s)  38% completed  (38% total)
     Speed:     ev/sec=314.526   simsec/sec=1   ev/simsec=314.525
     Messages:  created: 57123   present: 11   in FES: 7
** Event #455936   t=2430.58828881681   Elapsed: 2430.54s (40m 30s)  38% completed  (38% total)
     Speed:     ev/sec=300.118   simsec/sec=0.997079   ev/simsec=300.997
     Messages:  created: 57218   present: 8   in FES: 4
** Event #456704   t=2432.963134635122   Elapsed: 2432.91s (40m 32s)  38% completed  (38% total)
     Speed:     ev/sec=324.41   simsec/sec=1.00316   ev/simsec=323.389
     Messages:  created: 57316   present: 13   in FES: 7
** Event #457472   t=2436.051647722111   Elapsed: 2436s (40m 35s)  38% completed  (38% total)
     Speed:     ev/sec=248.663   simsec/sec=1   ev/simsec=248.663
     Messages:  created: 57411   present: 10   in FES: 6
** Event #458240   t=2438.822213144394   Elapsed: 2438.77s (40m 38s)  38% completed  (38% total)
     Speed:     ev/sec=277.2   simsec/sec=1   ev/simsec=277.2
     Messages:  created: 57508   present: 12   in FES: 7
** Event #459008   t=2441.603984244731   Elapsed: 2441.62s (40m 41s)  38% completed  (38% total)
     Speed:     ev/sec=268.928   simsec/sec=0.974085   ev/simsec=276.083
     Messages:  created: 57602   present: 8   in FES: 4
** Event #459520   t=2444.97184661836   Elapsed: 2444.92s (40m 44s)  38% completed  (38% total)
     Speed:     ev/sec=155.441   simsec/sec=1.02247   ev/simsec=152.025
     Messages:  created: 57667   present: 10   in FES: 6
** Event #460032   t=2447.55059969119   Elapsed: 2447.5s (40m 47s)  38% completed  (38% total)
     Speed:     ev/sec=198.546   simsec/sec=1   ev/simsec=198.546
     Messages:  created: 57731   present: 11   in FES: 7
** Event #460544   t=2450.132248499691   Elapsed: 2450.08s (40m 50s)  38% completed  (38% total)
     Speed:     ev/sec=198.323   simsec/sec=0.999999   ev/simsec=198.323
     Messages:  created: 57796   present: 13   in FES: 7
** Event #461312   t=2452.809273278268   Elapsed: 2452.76s (40m 52s)  38% completed  (38% total)
     Speed:     ev/sec=286.886   simsec/sec=1   ev/simsec=286.886
     Messages:  created: 57891   present: 10   in FES: 6
** Event #461824   t=2455.148170478866   Elapsed: 2455.09s (40m 55s)  38% completed  (38% total)
     Speed:     ev/sec=218.907   simsec/sec=1   ev/simsec=218.907
     Messages:  created: 57955   present: 10   in FES: 6
** Event #462592   t=2457.207626953002   Elapsed: 2457.15s (40m 57s)  39% completed  (39% total)
     Speed:     ev/sec=372.914   simsec/sec=1   ev/simsec=372.914
     Messages:  created: 58054   present: 19   in FES: 7
** Event #463104   t=2459.350408030764   Elapsed: 2459.3s (40m 59s)  39% completed  (39% total)
     Speed:     ev/sec=238.941   simsec/sec=0.999999   ev/simsec=238.942
     Messages:  created: 58116   present: 12   in FES: 7
** Event #463872   t=2461.804690513631   Elapsed: 2461.75s (41m 01s)  39% completed  (39% total)
     Speed:     ev/sec=312.922   simsec/sec=1   ev/simsec=312.922
     Messages:  created: 58212   present: 14   in FES: 7
** Event #464640   t=2463.864747081542   Elapsed: 2463.81s (41m 03s)  39% completed  (39% total)
     Speed:     ev/sec=372.805   simsec/sec=1   ev/simsec=372.805
     Messages:  created: 58307   present: 12   in FES: 7
** Event #465408   t=2466.166307021717   Elapsed: 2466.11s (41m 06s)  39% completed  (39% total)
     Speed:     ev/sec=333.687   simsec/sec=1   ev/simsec=333.687
     Messages:  created: 58403   present: 13   in FES: 8
** Event #466176   t=2469.32202473948   Elapsed: 2469.27s (41m 09s)  39% completed  (39% total)
     Speed:     ev/sec=243.368   simsec/sec=1   ev/simsec=243.368
     Messages:  created: 58499   present: 12   in FES: 8
** Event #466944   t=2471.526129034297   Elapsed: 2471.47s (41m 11s)  39% completed  (39% total)
     Speed:     ev/sec=348.441   simsec/sec=1   ev/simsec=348.441
     Messages:  created: 58595   present: 12   in FES: 7
** Event #467712   t=2473.976448731294   Elapsed: 2473.92s (41m 13s)  39% completed  (39% total)
     Speed:     ev/sec=313.428   simsec/sec=0.999997   ev/simsec=313.428
     Messages:  created: 58690   present: 10   in FES: 6
** Event #468224   t=2476.418870660895   Elapsed: 2476.36s (41m 16s)  39% completed  (39% total)
     Speed:     ev/sec=209.628   simsec/sec=1   ev/simsec=209.628
     Messages:  created: 58754   present: 9   in FES: 5
** Event #468736   t=2479.825716075425   Elapsed: 2479.77s (41m 19s)  39% completed  (39% total)
     Speed:     ev/sec=150.286   simsec/sec=1   ev/simsec=150.286
     Messages:  created: 58818   present: 9   in FES: 5
** Event #469504   t=2482.830922420753   Elapsed: 2482.78s (41m 22s)  39% completed  (39% total)
     Speed:     ev/sec=255.557   simsec/sec=1   ev/simsec=255.556
     Messages:  created: 58914   present: 9   in FES: 5
** Event #470016   t=2484.988642434293   Elapsed: 2484.93s (41m 24s)  39% completed  (39% total)
     Speed:     ev/sec=237.288   simsec/sec=1   ev/simsec=237.288
     Messages:  created: 58978   present: 9   in FES: 5
** Event #470528   t=2487.044009605674   Elapsed: 2486.99s (41m 26s)  39% completed  (39% total)
     Speed:     ev/sec=249.104   simsec/sec=0.999999   ev/simsec=249.104
     Messages:  created: 59043   present: 13   in FES: 6
** Event #471296   t=2489.447601241022   Elapsed: 2489.39s (41m 29s)  39% completed  (39% total)
     Speed:     ev/sec=319.522   simsec/sec=1   ev/simsec=319.522
     Messages:  created: 59138   present: 9   in FES: 5
** Event #471808   t=2491.556542559471   Elapsed: 2491.5s (41m 31s)  39% completed  (39% total)
     Speed:     ev/sec=242.776   simsec/sec=1   ev/simsec=242.776
     Messages:  created: 59203   present: 12   in FES: 8
** Event #472320   t=2493.624690381029   Elapsed: 2493.57s (41m 33s)  39% completed  (39% total)
     Speed:     ev/sec=247.564   simsec/sec=1   ev/simsec=247.565
     Messages:  created: 59267   present: 11   in FES: 7
** Event #473088   t=2496.403346770125   Elapsed: 2496.35s (41m 36s)  39% completed  (39% total)
     Speed:     ev/sec=276.393   simsec/sec=1   ev/simsec=276.393
     Messages:  created: 59363   present: 12   in FES: 6
** Event #473600   t=2498.632667998686   Elapsed: 2498.58s (41m 38s)  39% completed  (39% total)
     Speed:     ev/sec=229.667   simsec/sec=1   ev/simsec=229.666
     Messages:  created: 59427   present: 11   in FES: 7
** Event #474368   t=2501.678911913566   Elapsed: 2501.62s (41m 41s)  39% completed  (39% total)
     Speed:     ev/sec=252.114   simsec/sec=0.999999   ev/simsec=252.114
     Messages:  created: 59522   present: 9   in FES: 5
** Event #474880   t=2503.767652430312   Elapsed: 2503.71s (41m 43s)  39% completed  (39% total)
     Speed:     ev/sec=245.124   simsec/sec=1   ev/simsec=245.124
     Messages:  created: 59586   present: 10   in FES: 6
** Event #475648   t=2506.023445934687   Elapsed: 2505.97s (41m 45s)  39% completed  (39% total)
     Speed:     ev/sec=340.457   simsec/sec=1   ev/simsec=340.457
     Messages:  created: 59683   present: 11   in FES: 7
** Event #476416   t=2509.756499433561   Elapsed: 2509.7s (41m 49s)  39% completed  (39% total)
     Speed:     ev/sec=205.73   simsec/sec=0.999999   ev/simsec=205.73
     Messages:  created: 59778   present: 10   in FES: 6
** Event #476928   t=2511.966204635329   Elapsed: 2511.91s (41m 51s)  39% completed  (39% total)
     Speed:     ev/sec=231.705   simsec/sec=1   ev/simsec=231.705
     Messages:  created: 59846   present: 19   in FES: 8
** Event #477696   t=2514.180895063862   Elapsed: 2514.13s (41m 54s)  39% completed  (39% total)
     Speed:     ev/sec=346.775   simsec/sec=1   ev/simsec=346.775
     Messages:  created: 59939   present: 11   in FES: 6
** Event #478720   t=2516.336155366991   Elapsed: 2516.28s (41m 56s)  39% completed  (39% total)
     Speed:     ev/sec=475.117   simsec/sec=1   ev/simsec=475.117
     Messages:  created: 60072   present: 26   in FES: 7
** Event #479488   t=2518.611345089423   Elapsed: 2518.56s (41m 58s)  39% completed  (39% total)
     Speed:     ev/sec=337.554   simsec/sec=1   ev/simsec=337.554
     Messages:  created: 60163   present: 11   in FES: 7
** Event #480256   t=2521.496729130592   Elapsed: 2521.44s (42m 01s)  40% completed  (40% total)
     Speed:     ev/sec=266.169   simsec/sec=1   ev/simsec=266.169
     Messages:  created: 60258   present: 10   in FES: 6
** Event #481024   t=2524.224705362986   Elapsed: 2524.17s (42m 04s)  40% completed  (40% total)
     Speed:     ev/sec=281.528   simsec/sec=1   ev/simsec=281.527
     Messages:  created: 60354   present: 10   in FES: 6
** Event #481792   t=2526.811657469788   Elapsed: 2526.76s (42m 06s)  40% completed  (40% total)
     Speed:     ev/sec=296.875   simsec/sec=1   ev/simsec=296.874
     Messages:  created: 60450   present: 10   in FES: 6
** Event #482560   t=2529.343707803292   Elapsed: 2529.29s (42m 09s)  40% completed  (40% total)
     Speed:     ev/sec=303.214   simsec/sec=0.999679   ev/simsec=303.312
     Messages:  created: 60547   present: 14   in FES: 7
** Event #483328   t=2532.009280159251   Elapsed: 2531.96s (42m 11s)  40% completed  (40% total)
     Speed:     ev/sec=288.206   simsec/sec=1.00031   ev/simsec=288.118
     Messages:  created: 60642   present: 10   in FES: 6
** Event #483840   t=2534.09211156952   Elapsed: 2534.04s (42m 14s)  40% completed  (40% total)
     Speed:     ev/sec=245.819   simsec/sec=0.999999   ev/simsec=245.819
     Messages:  created: 60706   present: 11   in FES: 7
** Event #484352   t=2536.235382644504   Elapsed: 2536.18s (42m 16s)  40% completed  (40% total)
     Speed:     ev/sec=238.888   simsec/sec=1   ev/simsec=238.887
     Messages:  created: 60770   present: 10   in FES: 6
** Event #484864   t=2539.007466777877   Elapsed: 2538.95s (42m 18s)  40% completed  (40% total)
     Speed:     ev/sec=184.698   simsec/sec=0.999997   ev/simsec=184.699
     Messages:  created: 60834   present: 10   in FES: 6
** Event #485376   t=2541.471161013672   Elapsed: 2541.42s (42m 21s)  40% completed  (40% total)
     Speed:     ev/sec=207.818   simsec/sec=0.999999   ev/simsec=207.818
     Messages:  created: 60898   present: 11   in FES: 7
** Event #486400   t=2543.89209613711   Elapsed: 2543.84s (42m 23s)  40% completed  (40% total)
     Speed:     ev/sec=422.771   simsec/sec=0.999513   ev/simsec=422.977
     Messages:  created: 61027   present: 14   in FES: 6
** Event #487168   t=2546.587310831303   Elapsed: 2546.53s (42m 26s)  40% completed  (40% total)
     Speed:     ev/sec=285.074   simsec/sec=1.00044   ev/simsec=284.949
     Messages:  created: 61123   present: 13   in FES: 8
** Event #487936   t=2548.610281458873   Elapsed: 2548.56s (42m 28s)  40% completed  (40% total)
     Speed:     ev/sec=379.639   simsec/sec=0.999999   ev/simsec=379.64
     Messages:  created: 61224   present: 28   in FES: 8
** Event #488960   t=2550.980721819687   Elapsed: 2550.93s (42m 30s)  40% completed  (40% total)
     Speed:     ev/sec=431.988   simsec/sec=1   ev/simsec=431.987
     Messages:  created: 61349   present: 20   in FES: 7
** Event #489984   t=2553.635554712382   Elapsed: 2553.58s (42m 33s)  40% completed  (40% total)
     Speed:     ev/sec=385.711   simsec/sec=1   ev/simsec=385.712
     Messages:  created: 61474   present: 11   in FES: 7
** Event #490752   t=2556.001425710974   Elapsed: 2555.95s (42m 35s)  40% completed  (40% total)
     Speed:     ev/sec=324.616   simsec/sec=1   ev/simsec=324.616
     Messages:  created: 61570   present: 10   in FES: 6
** Event #491264   t=2559.056792636099   Elapsed: 2559s (42m 39s)  40% completed  (40% total)
     Speed:     ev/sec=167.574   simsec/sec=0.999999   ev/simsec=167.574
     Messages:  created: 61634   present: 10   in FES: 6
** Event #492800   t=2561.257568504849   Elapsed: 2561.23s (42m 41s)  40% completed  (40% total)
     Speed:     ev/sec=690.91   simsec/sec=0.989934   ev/simsec=697.936
     Messages:  created: 61857   present: 94   in FES: 7
** Event #493824   t=2563.615833762554   Elapsed: 2563.56s (42m 43s)  40% completed  (40% total)
     Speed:     ev/sec=438.378   simsec/sec=1.00958   ev/simsec=434.217
     Messages:  created: 61975   present: 67   in FES: 8
** Event #494592   t=2566.413976220671   Elapsed: 2566.36s (42m 46s)  40% completed  (40% total)
     Speed:     ev/sec=274.468   simsec/sec=1   ev/simsec=274.468
     Messages:  created: 62056   present: 28   in FES: 6
** Event #495104   t=2568.738155605046   Elapsed: 2568.68s (42m 48s)  40% completed  (40% total)
     Speed:     ev/sec=220.293   simsec/sec=1   ev/simsec=220.293
     Messages:  created: 62114   present: 10   in FES: 6
** Event #495616   t=2571.498545590063   Elapsed: 2571.44s (42m 51s)  40% completed  (40% total)
     Speed:     ev/sec=185.481   simsec/sec=1   ev/simsec=185.481
     Messages:  created: 62178   present: 10   in FES: 6
** Event #496128   t=2574.03683889544   Elapsed: 2573.98s (42m 53s)  40% completed  (40% total)
     Speed:     ev/sec=201.711   simsec/sec=1   ev/simsec=201.71
     Messages:  created: 62242   present: 10   in FES: 6
** Event #496640   t=2576.649019801046   Elapsed: 2576.59s (42m 56s)  40% completed  (40% total)
     Speed:     ev/sec=196.005   simsec/sec=1   ev/simsec=196.005
     Messages:  created: 62306   present: 10   in FES: 6
** Event #497152   t=2578.931930697952   Elapsed: 2578.88s (42m 58s)  40% completed  (40% total)
     Speed:     ev/sec=224.275   simsec/sec=1   ev/simsec=224.275
     Messages:  created: 62369   present: 9   in FES: 5
** Event #497920   t=2581.462336309768   Elapsed: 2581.41s (43m 01s)  40% completed  (40% total)
     Speed:     ev/sec=303.509   simsec/sec=1   ev/simsec=303.509
     Messages:  created: 62465   present: 10   in FES: 6
** Event #498688   t=2584.519430689978   Elapsed: 2584.47s (43m 04s)  41% completed  (41% total)
     Speed:     ev/sec=251.219   simsec/sec=1   ev/simsec=251.219
     Messages:  created: 62561   present: 11   in FES: 7
** Event #499456   t=2587.54940363839   Elapsed: 2587.5s (43m 07s)  41% completed  (41% total)
     Speed:     ev/sec=253.251   simsec/sec=0.999146   ev/simsec=253.468
     Messages:  created: 62658   present: 13   in FES: 7
** Event #499968   t=2589.674878991703   Elapsed: 2589.62s (43m 09s)  41% completed  (41% total)
     Speed:     ev/sec=241.181   simsec/sec=1.00122   ev/simsec=240.887
     Messages:  created: 62722   present: 12   in FES: 8
** Event #500736   t=2591.838481267933   Elapsed: 2591.78s (43m 11s)  41% completed  (41% total)
     Speed:     ev/sec=354.964   simsec/sec=1   ev/simsec=354.964
     Messages:  created: 62817   present: 11   in FES: 7
** Event #501504   t=2594.170671457702   Elapsed: 2594.12s (43m 14s)  41% completed  (41% total)
     Speed:     ev/sec=329.304   simsec/sec=1   ev/simsec=329.304
     Messages:  created: 62914   present: 12   in FES: 8
** Event #502016   t=2596.440296951262   Elapsed: 2596.39s (43m 16s)  41% completed  (41% total)
     Speed:     ev/sec=225.59   simsec/sec=1.00001   ev/simsec=225.588
     Messages:  created: 62977   present: 9   in FES: 5
** Event #502784   t=2599.11100503808   Elapsed: 2599.06s (43m 19s)  41% completed  (41% total)
     Speed:     ev/sec=287.562   simsec/sec=0.999994   ev/simsec=287.564
     Messages:  created: 63073   present: 9   in FES: 5
** Event #503552   t=2601.292481530437   Elapsed: 2601.24s (43m 21s)  41% completed  (41% total)
     Speed:     ev/sec=352.055   simsec/sec=0.999999   ev/simsec=352.055
     Messages:  created: 63169   present: 9   in FES: 5
** Event #504320   t=2603.726354673983   Elapsed: 2603.67s (43m 23s)  41% completed  (41% total)
     Speed:     ev/sec=315.546   simsec/sec=1   ev/simsec=315.546
     Messages:  created: 63265   present: 9   in FES: 5
** Event #505344   t=2607.314599008886   Elapsed: 2607.26s (43m 27s)  41% completed  (41% total)
     Speed:     ev/sec=285.376   simsec/sec=0.999998   ev/simsec=285.376
     Messages:  created: 63393   present: 9   in FES: 5
** Event #505856   t=2609.49673174806   Elapsed: 2609.44s (43m 29s)  41% completed  (41% total)
     Speed:     ev/sec=234.634   simsec/sec=1   ev/simsec=234.633
     Messages:  created: 63459   present: 15   in FES: 8
** Event #507136   t=2611.911848450827   Elapsed: 2611.86s (43m 31s)  41% completed  (41% total)
     Speed:     ev/sec=529.995   simsec/sec=1   ev/simsec=529.995
     Messages:  created: 63619   present: 16   in FES: 8
** Event #507904   t=2614.186370058204   Elapsed: 2614.13s (43m 34s)  41% completed  (41% total)
     Speed:     ev/sec=337.653   simsec/sec=0.999999   ev/simsec=337.653
     Messages:  created: 63714   present: 12   in FES: 7
** Event #508416   t=2616.347988216189   Elapsed: 2616.29s (43m 36s)  41% completed  (41% total)
     Speed:     ev/sec=236.86   simsec/sec=1   ev/simsec=236.86
     Messages:  created: 63777   present: 11   in FES: 7
** Event #509440   t=2618.681041836107   Elapsed: 2618.63s (43m 38s)  41% completed  (41% total)
     Speed:     ev/sec=438.256   simsec/sec=0.99851   ev/simsec=438.91
     Messages:  created: 63906   present: 13   in FES: 7
** Event #510208   t=2621.012892117494   Elapsed: 2620.97s (43m 40s)  41% completed  (41% total)
     Speed:     ev/sec=328.431   simsec/sec=0.997203   ev/simsec=329.352
     Messages:  created: 64002   present: 13   in FES: 7
** Event #511232   t=2623.552577816631   Elapsed: 2623.5s (43m 43s)  41% completed  (41% total)
     Speed:     ev/sec=404.797   simsec/sec=1.00396   ev/simsec=403.199
     Messages:  created: 64129   present: 10   in FES: 6
** Event #511744   t=2625.674731646813   Elapsed: 2625.62s (43m 45s)  41% completed  (41% total)
     Speed:     ev/sec=241.198   simsec/sec=0.999727   ev/simsec=241.264
     Messages:  created: 64194   present: 13   in FES: 6
** Event #512512   t=2627.673791726364   Elapsed: 2627.64s (43m 47s)  41% completed  (41% total)
     Speed:     ev/sec=381.183   simsec/sec=0.992197   ev/simsec=384.181
     Messages:  created: 64293   present: 21   in FES: 7
** Event #513536   t=2630.322254378774   Elapsed: 2630.27s (43m 50s)  41% completed  (41% total)
     Speed:     ev/sec=389.034   simsec/sec=1.00619   ev/simsec=386.639
     Messages:  created: 64417   present: 10   in FES: 6
** Event #514304   t=2633.380865108676   Elapsed: 2633.33s (43m 53s)  41% completed  (41% total)
     Speed:     ev/sec=251.094   simsec/sec=1   ev/simsec=251.094
     Messages:  created: 64514   present: 12   in FES: 8
** Event #515072   t=2636.208404996599   Elapsed: 2636.15s (43m 56s)  41% completed  (41% total)
     Speed:     ev/sec=271.614   simsec/sec=1   ev/simsec=271.614
     Messages:  created: 64610   present: 12   in FES: 8
** Event #515584   t=2638.645675869166   Elapsed: 2638.59s (43m 58s)  41% completed  (41% total)
     Speed:     ev/sec=210.071   simsec/sec=1   ev/simsec=210.071
     Messages:  created: 64673   present: 9   in FES: 5
** Event #516352   t=2640.981868332587   Elapsed: 2640.93s (44m 00s)  41% completed  (41% total)
     Speed:     ev/sec=328.74   simsec/sec=0.999999   ev/simsec=328.74
     Messages:  created: 64768   present: 10   in FES: 6
** Event #517376   t=2643.283648650012   Elapsed: 2643.23s (44m 03s)  41% completed  (41% total)
     Speed:     ev/sec=444.873   simsec/sec=1   ev/simsec=444.873
     Messages:  created: 64896   present: 10   in FES: 6
** Event #518144   t=2646.137085620883   Elapsed: 2646.08s (44m 06s)  42% completed  (42% total)
     Speed:     ev/sec=269.149   simsec/sec=1   ev/simsec=269.149
     Messages:  created: 64993   present: 11   in FES: 7
** Event #518912   t=2648.3011489994   Elapsed: 2648.25s (44m 08s)  42% completed  (42% total)
     Speed:     ev/sec=354.888   simsec/sec=1   ev/simsec=354.888
     Messages:  created: 65090   present: 15   in FES: 7
** Event #519680   t=2650.652286611678   Elapsed: 2650.6s (44m 10s)  42% completed  (42% total)
     Speed:     ev/sec=326.65   simsec/sec=0.999999   ev/simsec=326.65
     Messages:  created: 65184   present: 10   in FES: 6
** Event #520192   t=2653.154230633359   Elapsed: 2653.1s (44m 13s)  42% completed  (42% total)
     Speed:     ev/sec=204.641   simsec/sec=1   ev/simsec=204.641
     Messages:  created: 65249   present: 11   in FES: 7
** Event #520960   t=2655.724700954046   Elapsed: 2655.67s (44m 15s)  42% completed  (42% total)
     Speed:     ev/sec=298.778   simsec/sec=1   ev/simsec=298.778
     Messages:  created: 65344   present: 10   in FES: 6
** Event #521472   t=2658.972328064712   Elapsed: 2658.92s (44m 18s)  42% completed  (42% total)
     Speed:     ev/sec=157.653   simsec/sec=0.999999   ev/simsec=157.654
     Messages:  created: 65409   present: 11   in FES: 7
** Event #522240   t=2661.391829836658   Elapsed: 2661.34s (44m 21s)  42% completed  (42% total)
     Speed:     ev/sec=317.421   simsec/sec=1   ev/simsec=317.421
     Messages:  created: 65504   present: 10   in FES: 6
** Event #523008   t=2664.032397051774   Elapsed: 2663.98s (44m 23s)  42% completed  (42% total)
     Speed:     ev/sec=290.846   simsec/sec=0.999999   ev/simsec=290.847
     Messages:  created: 65603   present: 17   in FES: 8
** Event #523776   t=2666.055724355618   Elapsed: 2666.01s (44m 26s)  42% completed  (42% total)
     Speed:     ev/sec=378.032   simsec/sec=0.995942   ev/simsec=379.573
     Messages:  created: 65697   present: 12   in FES: 7
** Event #524544   t=2668.246572816004   Elapsed: 2668.19s (44m 28s)  42% completed  (42% total)
     Speed:     ev/sec=351.874   simsec/sec=1.00378   ev/simsec=350.549
     Messages:  created: 65794   present: 14   in FES: 8
** Event #525568   t=2671.141932074715   Elapsed: 2671.09s (44m 31s)  42% completed  (42% total)
     Speed:     ev/sec=353.669   simsec/sec=1   ev/simsec=353.669
     Messages:  created: 65920   present: 9   in FES: 5
** Event #526336   t=2673.436587207819   Elapsed: 2673.38s (44m 33s)  42% completed  (42% total)
     Speed:     ev/sec=334.69   simsec/sec=0.999998   ev/simsec=334.691
     Messages:  created: 66017   present: 11   in FES: 7
** Event #527360   t=2675.749500313165   Elapsed: 2675.7s (44m 35s)  42% completed  (42% total)
     Speed:     ev/sec=442.733   simsec/sec=1   ev/simsec=442.732
     Messages:  created: 66144   present: 10   in FES: 6
** Event #528128   t=2678.366928496361   Elapsed: 2678.32s (44m 38s)  42% completed  (42% total)
     Speed:     ev/sec=292.558   simsec/sec=0.997069   ev/simsec=293.418
     Messages:  created: 66241   present: 12   in FES: 7
** Event #528640   t=2680.658222981589   Elapsed: 2680.6s (44m 40s)  42% completed  (42% total)
     Speed:     ev/sec=224.207   simsec/sec=1.00337   ev/simsec=223.454
     Messages:  created: 66304   present: 10   in FES: 6
** Event #529408   t=2683.150900447692   Elapsed: 2683.1s (44m 43s)  42% completed  (42% total)
     Speed:     ev/sec=308.102   simsec/sec=1   ev/simsec=308.102
     Messages:  created: 66401   present: 11   in FES: 7
** Event #529920   t=2686.110427852981   Elapsed: 2686.06s (44m 46s)  42% completed  (42% total)
     Speed:     ev/sec=173.001   simsec/sec=1   ev/simsec=173.001
     Messages:  created: 66465   present: 11   in FES: 7
** Event #530688   t=2688.481223679791   Elapsed: 2688.43s (44m 48s)  42% completed  (42% total)
     Speed:     ev/sec=323.087   simsec/sec=0.997361   ev/simsec=323.942
     Messages:  created: 66564   present: 20   in FES: 7
** Event #531456   t=2690.967229804549   Elapsed: 2690.91s (44m 50s)  42% completed  (42% total)
     Speed:     ev/sec=309.711   simsec/sec=1.00253   ev/simsec=308.929
     Messages:  created: 66656   present: 10   in FES: 6
** Event #532224   t=2693.202593783762   Elapsed: 2693.15s (44m 53s)  42% completed  (42% total)
     Speed:     ev/sec=343.568   simsec/sec=1   ev/simsec=343.568
     Messages:  created: 66753   present: 11   in FES: 7
** Event #533248   t=2695.633014556111   Elapsed: 2695.58s (44m 55s)  42% completed  (42% total)
     Speed:     ev/sec=421.327   simsec/sec=1   ev/simsec=421.326
     Messages:  created: 66883   present: 18   in FES: 8
** Event #534528   t=2697.94806869535   Elapsed: 2697.9s (44m 57s)  42% completed  (42% total)
     Speed:     ev/sec=551.21   simsec/sec=0.996938   ev/simsec=552.903
     Messages:  created: 67041   present: 12   in FES: 7
** Event #535552   t=2700.512225584915   Elapsed: 2700.46s (45m 00s)  42% completed  (42% total)
     Speed:     ev/sec=399.896   simsec/sec=1.00136   ev/simsec=399.352
     Messages:  created: 67169   present: 13   in FES: 6
** Event #536576   t=2702.758517526236   Elapsed: 2702.71s (45m 02s)  42% completed  (42% total)
     Speed:     ev/sec=455.54   simsec/sec=0.999292   ev/simsec=455.862
     Messages:  created: 67296   present: 11   in FES: 7
** Event #537600   t=2704.764451790793   Elapsed: 2704.71s (45m 04s)  42% completed  (42% total)
     Speed:     ev/sec=511.814   simsec/sec=1.0026   ev/simsec=510.485
     Messages:  created: 67431   present: 30   in FES: 8
** Event #538880   t=2706.963801801127   Elapsed: 2706.91s (45m 06s)  42% completed  (42% total)
     Speed:     ev/sec=581.99   simsec/sec=1   ev/simsec=581.99
     Messages:  created: 67589   present: 23   in FES: 8
** Event #539904   t=2709.411639006218   Elapsed: 2709.36s (45m 09s)  43% completed  (43% total)
     Speed:     ev/sec=418.329   simsec/sec=1   ev/simsec=418.328
     Messages:  created: 67714   present: 16   in FES: 8
** Event #541184   t=2711.778711567214   Elapsed: 2711.73s (45m 11s)  43% completed  (43% total)
     Speed:     ev/sec=540.275   simsec/sec=0.999117   ev/simsec=540.752
     Messages:  created: 67872   present: 11   in FES: 5
** Event #541952   t=2714.455481198425   Elapsed: 2714.41s (45m 14s)  43% completed  (43% total)
     Speed:     ev/sec=286.51   simsec/sec=0.998596   ev/simsec=286.913
     Messages:  created: 67968   present: 11   in FES: 7
** Event #542976   t=2717.167909526375   Elapsed: 2717.12s (45m 17s)  43% completed  (43% total)
     Speed:     ev/sec=377.559   simsec/sec=1.0001   ev/simsec=377.521
     Messages:  created: 68096   present: 11   in FES: 6
** Event #544000   t=2719.649873417187   Elapsed: 2719.6s (45m 19s)  43% completed  (43% total)
     Speed:     ev/sec=413.507   simsec/sec=1.00225   ev/simsec=412.577
     Messages:  created: 68227   present: 18   in FES: 8
** Event #545024   t=2721.825306105628   Elapsed: 2721.77s (45m 21s)  43% completed  (43% total)
     Speed:     ev/sec=470.711   simsec/sec=1   ev/simsec=470.711
     Messages:  created: 68354   present: 15   in FES: 8
** Event #546304   t=2724.167865469192   Elapsed: 2724.11s (45m 24s)  43% completed  (43% total)
     Speed:     ev/sec=546.411   simsec/sec=0.999999   ev/simsec=546.411
     Messages:  created: 68516   present: 22   in FES: 8
** Event #547328   t=2726.464778709574   Elapsed: 2726.42s (45m 26s)  43% completed  (43% total)
     Speed:     ev/sec=444.787   simsec/sec=0.997691   ev/simsec=445.816
     Messages:  created: 68643   present: 19   in FES: 6
** Event #548608   t=2728.71624468689   Elapsed: 2728.66s (45m 28s)  43% completed  (43% total)
     Speed:     ev/sec=569.864   simsec/sec=1.00237   ev/simsec=568.518
     Messages:  created: 68801   present: 13   in FES: 6
** Event #549632   t=2731.46486958525   Elapsed: 2731.42s (45m 31s)  43% completed  (43% total)
     Speed:     ev/sec=370.839   simsec/sec=0.995407   ev/simsec=372.55
     Messages:  created: 68928   present: 11   in FES: 7
** Event #550656   t=2733.927347595273   Elapsed: 2733.87s (45m 33s)  43% completed  (43% total)
     Speed:     ev/sec=417.994   simsec/sec=1.00518   ev/simsec=415.841
     Messages:  created: 69066   present: 37   in FES: 8
** Event #551680   t=2736.212566941082   Elapsed: 2736.16s (45m 36s)  43% completed  (43% total)
     Speed:     ev/sec=448.097   simsec/sec=1   ev/simsec=448.097
     Messages:  created: 69184   present: 10   in FES: 6
** Event #552448   t=2738.284358763497   Elapsed: 2738.23s (45m 38s)  43% completed  (43% total)
     Speed:     ev/sec=370.406   simsec/sec=0.999223   ev/simsec=370.694
     Messages:  created: 69283   present: 19   in FES: 7
** Event #553216   t=2740.51412411061   Elapsed: 2740.46s (45m 40s)  43% completed  (43% total)
     Speed:     ev/sec=344.68   simsec/sec=1.00072   ev/simsec=344.431
     Messages:  created: 69377   present: 13   in FES: 7
** Event #553728   t=2742.533157474804   Elapsed: 2742.48s (45m 42s)  43% completed  (43% total)
     Speed:     ev/sec=253.587   simsec/sec=1   ev/simsec=253.587
     Messages:  created: 69439   present: 9   in FES: 5
** Event #554240   t=2744.750131087   Elapsed: 2744.7s (45m 44s)  43% completed  (43% total)
     Speed:     ev/sec=230.945   simsec/sec=1   ev/simsec=230.945
     Messages:  created: 69503   present: 9   in FES: 5
** Event #554752   t=2746.834116152168   Elapsed: 2746.78s (45m 46s)  43% completed  (43% total)
     Speed:     ev/sec=245.683   simsec/sec=1   ev/simsec=245.683
     Messages:  created: 69568   present: 10   in FES: 6
** Event #555520   t=2749.156216252429   Elapsed: 2749.1s (45m 49s)  43% completed  (43% total)
     Speed:     ev/sec=330.735   simsec/sec=1   ev/simsec=330.735
     Messages:  created: 69666   present: 15   in FES: 8
** Event #556288   t=2751.450879226037   Elapsed: 2751.4s (45m 51s)  43% completed  (43% total)
     Speed:     ev/sec=334.69   simsec/sec=1   ev/simsec=334.69
     Messages:  created: 69760   present: 10   in FES: 6
** Event #557056   t=2753.537022841233   Elapsed: 2753.49s (45m 53s)  43% completed  (43% total)
     Speed:     ev/sec=367.325   simsec/sec=0.997778   ev/simsec=368.143
     Messages:  created: 69856   present: 11   in FES: 6
** Event #558080   t=2755.811290077202   Elapsed: 2755.76s (45m 55s)  43% completed  (43% total)
     Speed:     ev/sec=451.177   simsec/sec=1.00205   ev/simsec=450.255
     Messages:  created: 69983   present: 9   in FES: 5
** Event #558848   t=2757.98280458366   Elapsed: 2757.94s (45m 57s)  43% completed  (43% total)
     Speed:     ev/sec=352.502   simsec/sec=0.996697   ev/simsec=353.67
     Messages:  created: 70080   present: 11   in FES: 6
** Event #559616   t=2760.905347673757   Elapsed: 2760.85s (46m 00s)  43% completed  (43% total)
     Speed:     ev/sec=263.433   simsec/sec=1.00247   ev/simsec=262.785
     Messages:  created: 70175   present: 9   in FES: 5
** Event #560384   t=2763.023832190942   Elapsed: 2762.97s (46m 02s)  43% completed  (43% total)
     Speed:     ev/sec=362.523   simsec/sec=0.999998   ev/simsec=362.523
     Messages:  created: 70273   present: 15   in FES: 8
** Event #561664   t=2765.181797025854   Elapsed: 2765.13s (46m 05s)  43% completed  (43% total)
     Speed:     ev/sec=593.152   simsec/sec=1   ev/simsec=593.151
     Messages:  created: 70432   present: 13   in FES: 7
** Event #562432   t=2767.377050910253   Elapsed: 2767.32s (46m 07s)  43% completed  (43% total)
     Speed:     ev/sec=349.846   simsec/sec=1   ev/simsec=349.846
     Messages:  created: 70529   present: 15   in FES: 7
** Event #563456   t=2769.910376125547   Elapsed: 2769.88s (46m 09s)  43% completed  (43% total)
     Speed:     ev/sec=400.002   simsec/sec=0.989586   ev/simsec=404.212
     Messages:  created: 70655   present: 10   in FES: 6
** Event #564480   t=2772.177172526645   Elapsed: 2772.12s (46m 12s)  44% completed  (44% total)
     Speed:     ev/sec=457.115   simsec/sec=1.0119   ev/simsec=451.739
     Messages:  created: 70792   present: 33   in FES: 8
** Event #565504   t=2774.260836951125   Elapsed: 2774.22s (46m 14s)  44% completed  (44% total)
     Speed:     ev/sec=488.349   simsec/sec=0.993706   ev/simsec=491.442
     Messages:  created: 70914   present: 18   in FES: 7
** Event #566272   t=2776.671358758222   Elapsed: 2776.62s (46m 16s)  44% completed  (44% total)
     Speed:     ev/sec=320.357   simsec/sec=1.00551   ev/simsec=318.603
     Messages:  created: 71007   present: 9   in FES: 5
** Event #566784   t=2778.957726252318   Elapsed: 2778.91s (46m 18s)  44% completed  (44% total)
     Speed:     ev/sec=223.481   simsec/sec=0.997968   ev/simsec=223.936
     Messages:  created: 71071   present: 10   in FES: 6
** Event #568064   t=2781.076272684108   Elapsed: 2781.02s (46m 21s)  44% completed  (44% total)
     Speed:     ev/sec=605.518   simsec/sec=1.0022   ev/simsec=604.188
     Messages:  created: 71242   present: 38   in FES: 8
** Event #569088   t=2783.327480422299   Elapsed: 2783.27s (46m 23s)  44% completed  (44% total)
     Speed:     ev/sec=454.862   simsec/sec=0.99999   ev/simsec=454.867
     Messages:  created: 71359   present: 9   in FES: 5
** Event #569856   t=2785.386377890595   Elapsed: 2785.33s (46m 25s)  44% completed  (44% total)
     Speed:     ev/sec=373.02   simsec/sec=1.00001   ev/simsec=373.015
     Messages:  created: 71456   present: 12   in FES: 7
** Event #570624   t=2787.750186871069   Elapsed: 2787.7s (46m 27s)  44% completed  (44% total)
     Speed:     ev/sec=324.899   simsec/sec=1   ev/simsec=324.899
     Messages:  created: 71551   present: 9   in FES: 5
** Event #571392   t=2790.278494406387   Elapsed: 2790.22s (46m 30s)  44% completed  (44% total)
     Speed:     ev/sec=303.76   simsec/sec=0.999999   ev/simsec=303.761
     Messages:  created: 71647   present: 9   in FES: 5
** Event #572160   t=2793.081841154973   Elapsed: 2793.03s (46m 33s)  44% completed  (44% total)
     Speed:     ev/sec=273.958   simsec/sec=1   ev/simsec=273.958
     Messages:  created: 71743   present: 9   in FES: 5
** Event #573184   t=2795.4180020627   Elapsed: 2795.36s (46m 35s)  44% completed  (44% total)
     Speed:     ev/sec=438.326   simsec/sec=1   ev/simsec=438.326
     Messages:  created: 71873   present: 15   in FES: 7
** Event #573952   t=2797.526333921137   Elapsed: 2797.47s (46m 37s)  44% completed  (44% total)
     Speed:     ev/sec=364.269   simsec/sec=1   ev/simsec=364.269
     Messages:  created: 71972   present: 24   in FES: 8
** Event #574976   t=2799.575231515831   Elapsed: 2799.52s (46m 39s)  44% completed  (44% total)
     Speed:     ev/sec=499.781   simsec/sec=1   ev/simsec=499.781
     Messages:  created: 72098   present: 17   in FES: 7
** Event #576256   t=2802.210684544797   Elapsed: 2802.16s (46m 42s)  44% completed  (44% total)
     Speed:     ev/sec=485.653   simsec/sec=0.999934   ev/simsec=485.685
     Messages:  created: 72255   present: 10   in FES: 6
** Event #577024   t=2804.418988395029   Elapsed: 2804.36s (46m 44s)  44% completed  (44% total)
     Speed:     ev/sec=347.805   simsec/sec=1.00008   ev/simsec=347.778
     Messages:  created: 72352   present: 12   in FES: 7
** Event #578048   t=2806.677963335417   Elapsed: 2806.64s (46m 46s)  44% completed  (44% total)
     Speed:     ev/sec=449.607   simsec/sec=0.991847   ev/simsec=453.303
     Messages:  created: 72479   present: 10   in FES: 6
** Event #579328   t=2809.110338892161   Elapsed: 2809.06s (46m 49s)  44% completed  (44% total)
     Speed:     ev/sec=530.282   simsec/sec=1.00769   ev/simsec=526.235
     Messages:  created: 72640   present: 13   in FES: 7
** Event #580352   t=2811.536237212925   Elapsed: 2811.49s (46m 51s)  44% completed  (44% total)
     Speed:     ev/sec=420.292   simsec/sec=0.995689   ev/simsec=422.112
     Messages:  created: 72767   present: 10   in FES: 6
** Event #581376   t=2813.739027492976   Elapsed: 2813.7s (46m 53s)  44% completed  (44% total)
     Speed:     ev/sec=464.88   simsec/sec=1.00003   ev/simsec=464.865
     Messages:  created: 72895   present: 10   in FES: 5
** Event #582144   t=2816.330199314556   Elapsed: 2816.28s (46m 56s)  44% completed  (44% total)
     Speed:     ev/sec=297.589   simsec/sec=1.00404   ev/simsec=296.391
     Messages:  created: 72992   present: 12   in FES: 7
** Event #583168   t=2818.381914949585   Elapsed: 2818.33s (46m 58s)  44% completed  (44% total)
     Speed:     ev/sec=498.458   simsec/sec=0.998725   ev/simsec=499.095
     Messages:  created: 73119   present: 10   in FES: 6
** Event #584448   t=2820.886702281707   Elapsed: 2820.83s (47m 00s)  44% completed  (44% total)
     Speed:     ev/sec=511.556   simsec/sec=1.00105   ev/simsec=511.021
     Messages:  created: 73280   present: 14   in FES: 7
** Event #585728   t=2823.407654521231   Elapsed: 2823.36s (47m 03s)  44% completed  (44% total)
     Speed:     ev/sec=506.768   simsec/sec=0.998077   ev/simsec=507.745
     Messages:  created: 73438   present: 9   in FES: 5
** Event #586496   t=2826.43450956858   Elapsed: 2826.38s (47m 06s)  44% completed  (44% total)
     Speed:     ev/sec=254.137   simsec/sec=1.00161   ev/simsec=253.729
     Messages:  created: 73535   present: 11   in FES: 7
** Event #587264   t=2829.105158738608   Elapsed: 2829.05s (47m 09s)  44% completed  (44% total)
     Speed:     ev/sec=287.571   simsec/sec=1   ev/simsec=287.571
     Messages:  created: 73631   present: 11   in FES: 7
** Event #587776   t=2831.698733262583   Elapsed: 2831.65s (47m 11s)  44% completed  (44% total)
     Speed:     ev/sec=196.658   simsec/sec=0.996186   ev/simsec=197.411
     Messages:  created: 73694   present: 9   in FES: 5
** Event #588544   t=2834.536279177631   Elapsed: 2834.48s (47m 14s)  44% completed  (44% total)
     Speed:     ev/sec=271.607   simsec/sec=1.00351   ev/simsec=270.656
     Messages:  created: 73791   present: 12   in FES: 8
** Event #589312   t=2836.716329130912   Elapsed: 2836.66s (47m 16s)  45% completed  (45% total)
     Speed:     ev/sec=352.285   simsec/sec=1   ev/simsec=352.286
     Messages:  created: 73888   present: 14   in FES: 8
** Event #590080   t=2838.739440429708   Elapsed: 2838.72s (47m 18s)  45% completed  (45% total)
     Speed:     ev/sec=373.987   simsec/sec=0.985178   ev/simsec=379.613
     Messages:  created: 73982   present: 9   in FES: 5
** Event #591104   t=2841.361888190092   Elapsed: 2841.32s (47m 21s)  45% completed  (45% total)
     Speed:     ev/sec=393.312   simsec/sec=1.00727   ev/simsec=390.475
     Messages:  created: 74110   present: 9   in FES: 5
** Event #591872   t=2843.9381695505   Elapsed: 2843.89s (47m 23s)  45% completed  (45% total)
     Speed:     ev/sec=298.557   simsec/sec=1.00152   ev/simsec=298.104
     Messages:  created: 74206   present: 9   in FES: 5
** Event #592896   t=2845.998544190395   Elapsed: 2845.94s (47m 25s)  45% completed  (45% total)
     Speed:     ev/sec=498.839   simsec/sec=1.00371   ev/simsec=496.997
     Messages:  created: 74335   present: 11   in FES: 7
** Event #593920   t=2848.345560529717   Elapsed: 2848.29s (47m 28s)  45% completed  (45% total)
     Speed:     ev/sec=436.057   simsec/sec=0.999446   ev/simsec=436.299
     Messages:  created: 74462   present: 9   in FES: 5
** Event #594688   t=2850.55840307633   Elapsed: 2850.52s (47m 30s)  45% completed  (45% total)
     Speed:     ev/sec=344.409   simsec/sec=0.992348   ev/simsec=347.065
     Messages:  created: 74558   present: 9   in FES: 5
** Event #595712   t=2852.82534037636   Elapsed: 2852.78s (47m 32s)  45% completed  (45% total)
     Speed:     ev/sec=454.32   simsec/sec=1.00578   ev/simsec=451.711
     Messages:  created: 74698   present: 41   in FES: 7
** Event #596992   t=2855.13799361942   Elapsed: 2855.09s (47m 35s)  45% completed  (45% total)
     Speed:     ev/sec=553.572   simsec/sec=1.00017   ev/simsec=553.477
     Messages:  created: 74858   present: 41   in FES: 7
** Event #598016   t=2857.288286092858   Elapsed: 2857.23s (47m 37s)  45% completed  (45% total)
     Speed:     ev/sec=477.313   simsec/sec=1.00231   ev/simsec=476.214
     Messages:  created: 74976   present: 14   in FES: 7
** Event #599552   t=2859.496227419686   Elapsed: 2859.44s (47m 39s)  45% completed  (45% total)
     Speed:     ev/sec=695.671   simsec/sec=1   ev/simsec=695.671
     Messages:  created: 75177   present: 37   in FES: 8
** Event #600320   t=2861.91671740316   Elapsed: 2861.86s (47m 41s)  45% completed  (45% total)
     Speed:     ev/sec=317.29   simsec/sec=0.999995   ev/simsec=317.291
     Messages:  created: 75263   present: 11   in FES: 7
** Event #600832   t=2863.928632538692   Elapsed: 2863.88s (47m 43s)  45% completed  (45% total)
     Speed:     ev/sec=253.499   simsec/sec=0.99613   ev/simsec=254.484
     Messages:  created: 75326   present: 9   in FES: 5
** Event #601600   t=2866.159317597933   Elapsed: 2866.11s (47m 46s)  45% completed  (45% total)
     Speed:     ev/sec=345.501   simsec/sec=1.00352   ev/simsec=344.289
     Messages:  created: 75423   present: 11   in FES: 7
** Event #602112   t=2868.453833974953   Elapsed: 2868.4s (47m 48s)  45% completed  (45% total)
     Speed:     ev/sec=223.141   simsec/sec=1   ev/simsec=223.141
     Messages:  created: 75488   present: 13   in FES: 7
** Event #603136   t=2870.785720724455   Elapsed: 2870.73s (47m 50s)  45% completed  (45% total)
     Speed:     ev/sec=439.129   simsec/sec=1   ev/simsec=439.129
     Messages:  created: 75616   present: 15   in FES: 8
** Event #603904   t=2873.318353249404   Elapsed: 2873.27s (47m 53s)  45% completed  (45% total)
     Speed:     ev/sec=302.01   simsec/sec=0.99594   ev/simsec=303.242
     Messages:  created: 75713   present: 17   in FES: 7
** Event #604672   t=2875.541380387824   Elapsed: 2875.49s (47m 55s)  45% completed  (45% total)
     Speed:     ev/sec=347.086   simsec/sec=1.00466   ev/simsec=345.475
     Messages:  created: 75809   present: 16   in FES: 8
** Event #605440   t=2878.37960701478   Elapsed: 2878.33s (47m 58s)  45% completed  (45% total)
     Speed:     ev/sec=270.592   simsec/sec=1   ev/simsec=270.591
     Messages:  created: 75903   present: 11   in FES: 7
** Event #605952   t=2880.425912379382   Elapsed: 2880.42s (48m 00s)  45% completed  (45% total)
     Speed:     ev/sec=244.332   simsec/sec=0.976519   ev/simsec=250.207
     Messages:  created: 75966   present: 10   in FES: 6
** Event #606720   t=2882.837459162882   Elapsed: 2882.78s (48m 02s)  45% completed  (45% total)
     Speed:     ev/sec=325.101   simsec/sec=1.02083   ev/simsec=318.468
     Messages:  created: 76062   present: 10   in FES: 6
** Event #607488   t=2885.508219960146   Elapsed: 2885.45s (48m 05s)  45% completed  (45% total)
     Speed:     ev/sec=287.559   simsec/sec=1   ev/simsec=287.559
     Messages:  created: 76159   present: 12   in FES: 7
** Event #608000   t=2887.52983723415   Elapsed: 2887.48s (48m 07s)  45% completed  (45% total)
     Speed:     ev/sec=252.753   simsec/sec=0.997989   ev/simsec=253.263
     Messages:  created: 76224   present: 16   in FES: 7
** Event #608768   t=2890.358540602632   Elapsed: 2890.3s (48m 10s)  45% completed  (45% total)
     Speed:     ev/sec=271.894   simsec/sec=1.00144   ev/simsec=271.502
     Messages:  created: 76318   present: 10   in FES: 6
** Event #609536   t=2892.657570211332   Elapsed: 2892.6s (48m 12s)  45% completed  (45% total)
     Speed:     ev/sec=334.054   simsec/sec=1   ev/simsec=334.054
     Messages:  created: 76414   present: 11   in FES: 6
** Event #610304   t=2894.856882988691   Elapsed: 2894.8s (48m 14s)  45% completed  (45% total)
     Speed:     ev/sec=349.2   simsec/sec=1   ev/simsec=349.2
     Messages:  created: 76510   present: 10   in FES: 6
** Event #611328   t=2897.023068418348   Elapsed: 2896.97s (48m 16s)  45% completed  (45% total)
     Speed:     ev/sec=472.72   simsec/sec=1   ev/simsec=472.72
     Messages:  created: 76638   present: 10   in FES: 6
** Event #612352   t=2899.505647223809   Elapsed: 2899.45s (48m 19s)  46% completed  (46% total)
     Speed:     ev/sec=412.474   simsec/sec=0.999999   ev/simsec=412.474
     Messages:  created: 76766   present: 10   in FES: 6
** Event #613120   t=2901.727369132577   Elapsed: 2901.68s (48m 21s)  46% completed  (46% total)
     Speed:     ev/sec=344.41   simsec/sec=0.996331   ev/simsec=345.678
     Messages:  created: 76861   present: 8   in FES: 4
** Event #613888   t=2904.063119645805   Elapsed: 2904.01s (48m 24s)  46% completed  (46% total)
     Speed:     ev/sec=329.96   simsec/sec=1.00352   ev/simsec=328.802
     Messages:  created: 76958   present: 11   in FES: 6
** Event #614912   t=2906.348787493042   Elapsed: 2906.29s (48m 26s)  46% completed  (46% total)
     Speed:     ev/sec=448.007   simsec/sec=0.999994   ev/simsec=448.009
     Messages:  created: 77095   present: 35   in FES: 8
** Event #616192   t=2908.481232048912   Elapsed: 2908.43s (48m 28s)  46% completed  (46% total)
     Speed:     ev/sec=600.25   simsec/sec=1   ev/simsec=600.25
     Messages:  created: 77252   present: 26   in FES: 8
** Event #617728   t=2910.844822155868   Elapsed: 2910.79s (48m 30s)  46% completed  (46% total)
     Speed:     ev/sec=649.858   simsec/sec=0.999999   ev/simsec=649.859
     Messages:  created: 77442   present: 21   in FES: 8
** Event #618752   t=2913.334353325087   Elapsed: 2913.28s (48m 33s)  46% completed  (46% total)
     Speed:     ev/sec=411.323   simsec/sec=1   ev/simsec=411.322
     Messages:  created: 77567   present: 12   in FES: 7
** Event #619520   t=2915.353985091095   Elapsed: 2915.3s (48m 35s)  46% completed  (46% total)
     Speed:     ev/sec=380.267   simsec/sec=1   ev/simsec=380.267
     Messages:  created: 77663   present: 13   in FES: 8
** Event #620800   t=2917.70242060533   Elapsed: 2917.66s (48m 37s)  46% completed  (46% total)
     Speed:     ev/sec=543.096   simsec/sec=0.996426   ev/simsec=545.044
     Messages:  created: 77830   present: 32   in FES: 7
** Event #621824   t=2920.22530972567   Elapsed: 2920.17s (48m 40s)  46% completed  (46% total)
     Speed:     ev/sec=407.244   simsec/sec=1.00335   ev/simsec=405.884
     Messages:  created: 77951   present: 12   in FES: 8
** Event #622848   t=2922.333665883388   Elapsed: 2922.28s (48m 42s)  46% completed  (46% total)
     Speed:     ev/sec=485.686   simsec/sec=0.999999   ev/simsec=485.686
     Messages:  created: 78082   present: 21   in FES: 8
** Event #624384   t=2924.757720586065   Elapsed: 2924.7s (48m 44s)  46% completed  (46% total)
     Speed:     ev/sec=633.648   simsec/sec=0.999999   ev/simsec=633.649
     Messages:  created: 78274   present: 22   in FES: 6
** Event #625664   t=2927.465061050638   Elapsed: 2927.41s (48m 47s)  46% completed  (46% total)
     Speed:     ev/sec=472.789   simsec/sec=1   ev/simsec=472.789
     Messages:  created: 78434   present: 20   in FES: 8
** Event #626944   t=2929.632266006748   Elapsed: 2929.58s (48m 49s)  46% completed  (46% total)
     Speed:     ev/sec=590.623   simsec/sec=1   ev/simsec=590.622
     Messages:  created: 78595   present: 23   in FES: 8
** Event #628224   t=2931.944468573061   Elapsed: 2931.89s (48m 51s)  46% completed  (46% total)
     Speed:     ev/sec=553.584   simsec/sec=0.999999   ev/simsec=553.585
     Messages:  created: 78754   present: 21   in FES: 8
** Event #629504   t=2934.424217617672   Elapsed: 2934.37s (48m 54s)  46% completed  (46% total)
     Speed:     ev/sec=516.181   simsec/sec=1   ev/simsec=516.181
     Messages:  created: 78910   present: 11   in FES: 7
** Event #630528   t=2936.724319937495   Elapsed: 2936.74s (48m 56s)  46% completed  (46% total)
     Speed:     ev/sec=431.582   simsec/sec=0.969418   ev/simsec=445.198
     Messages:  created: 79037   present: 8   in FES: 4
** Event #631552   t=2939.034149863377   Elapsed: 2938.98s (48m 58s)  46% completed  (46% total)
     Speed:     ev/sec=457.701   simsec/sec=1.03243   ev/simsec=443.323
     Messages:  created: 79171   present: 23   in FES: 8
** Event #632576   t=2941.54092390304   Elapsed: 2941.49s (49m 01s)  46% completed  (46% total)
     Speed:     ev/sec=408.493   simsec/sec=0.999999   ev/simsec=408.493
     Messages:  created: 79294   present: 11   in FES: 7
** Event #633344   t=2943.990382478776   Elapsed: 2943.95s (49m 03s)  46% completed  (46% total)
     Speed:     ev/sec=311.665   simsec/sec=0.994023   ev/simsec=313.539
     Messages:  created: 79391   present: 15   in FES: 7
** Event #634112   t=2946.281681895954   Elapsed: 2946.23s (49m 06s)  46% completed  (46% total)
     Speed:     ev/sec=337.35   simsec/sec=1.00647   ev/simsec=335.181
     Messages:  created: 79485   present: 10   in FES: 6
** Event #634880   t=2948.458320173486   Elapsed: 2948.4s (49m 08s)  46% completed  (46% total)
     Speed:     ev/sec=352.838   simsec/sec=1   ev/simsec=352.838
     Messages:  created: 79581   present: 10   in FES: 6
** Event #635904   t=2950.611259686838   Elapsed: 2950.56s (49m 10s)  46% completed  (46% total)
     Speed:     ev/sec=475.405   simsec/sec=0.999529   ev/simsec=475.629
     Messages:  created: 79714   present: 23   in FES: 7
** Event #637184   t=2952.795991162346   Elapsed: 2952.75s (49m 12s)  46% completed  (46% total)
     Speed:     ev/sec=582.686   simsec/sec=0.994541   ev/simsec=585.884
     Messages:  created: 79871   present: 15   in FES: 7
** Event #638208   t=2955.040654894985   Elapsed: 2954.99s (49m 14s)  46% completed  (46% total)
     Speed:     ev/sec=457.168   simsec/sec=1.00214   ev/simsec=456.193
     Messages:  created: 79999   present: 15   in FES: 7
** Event #638976   t=2957.173971179466   Elapsed: 2957.12s (49m 17s)  46% completed  (46% total)
     Speed:     ev/sec=361.394   simsec/sec=1.00386   ev/simsec=360.003
     Messages:  created: 80094   present: 12   in FES: 8
** Event #640000   t=2959.81696254999   Elapsed: 2959.76s (49m 19s)  46% completed  (46% total)
     Speed:     ev/sec=387.44   simsec/sec=1   ev/simsec=387.44
     Messages:  created: 80222   present: 12   in FES: 7
** Event #640768   t=2961.845335636192   Elapsed: 2961.79s (49m 21s)  47% completed  (47% total)
     Speed:     ev/sec=378.628   simsec/sec=0.999999   ev/simsec=378.629
     Messages:  created: 80317   present: 9   in FES: 5
** Event #641792   t=2963.938020214623   Elapsed: 2963.88s (49m 23s)  47% completed  (47% total)
     Speed:     ev/sec=489.324   simsec/sec=1   ev/simsec=489.324
     Messages:  created: 80452   present: 28   in FES: 8
** Event #643072   t=2966.452904596347   Elapsed: 2966.4s (49m 26s)  47% completed  (47% total)
     Speed:     ev/sec=508.97   simsec/sec=1   ev/simsec=508.97
     Messages:  created: 80606   present: 11   in FES: 7
** Event #643840   t=2968.469022686001   Elapsed: 2968.41s (49m 28s)  47% completed  (47% total)
     Speed:     ev/sec=380.93   simsec/sec=1   ev/simsec=380.93
     Messages:  created: 80702   present: 12   in FES: 7
** Event #645120   t=2971.397583815884   Elapsed: 2971.34s (49m 31s)  47% completed  (47% total)
     Speed:     ev/sec=437.075   simsec/sec=1   ev/simsec=437.075
     Messages:  created: 80861   present: 9   in FES: 5
** Event #646144   t=2973.407978600657   Elapsed: 2973.35s (49m 33s)  47% completed  (47% total)
     Speed:     ev/sec=509.353   simsec/sec=1   ev/simsec=509.353
     Messages:  created: 80990   present: 13   in FES: 7
** Event #647168   t=2975.547013929935   Elapsed: 2975.49s (49m 35s)  47% completed  (47% total)
     Speed:     ev/sec=478.72   simsec/sec=1   ev/simsec=478.72
     Messages:  created: 81120   present: 18   in FES: 8
** Event #648192   t=2978.071539621857   Elapsed: 2978.02s (49m 38s)  47% completed  (47% total)
     Speed:     ev/sec=405.621   simsec/sec=0.999999   ev/simsec=405.621
     Messages:  created: 81246   present: 11   in FES: 7
** Event #649472   t=2980.571122194998   Elapsed: 2980.52s (49m 40s)  47% completed  (47% total)
     Speed:     ev/sec=512.085   simsec/sec=0.999999   ev/simsec=512.086
     Messages:  created: 81405   present: 10   in FES: 6
** Event #650496   t=2983.131966290672   Elapsed: 2983.08s (49m 43s)  47% completed  (47% total)
     Speed:     ev/sec=399.868   simsec/sec=1   ev/simsec=399.868
     Messages:  created: 81534   present: 12   in FES: 8
** Event #651776   t=2985.412741347779   Elapsed: 2985.36s (49m 45s)  47% completed  (47% total)
     Speed:     ev/sec=561.212   simsec/sec=1   ev/simsec=561.213
     Messages:  created: 81693   present: 9   in FES: 5
** Event #652544   t=2987.491502849123   Elapsed: 2987.44s (49m 47s)  47% completed  (47% total)
     Speed:     ev/sec=369.45   simsec/sec=0.999999   ev/simsec=369.451
     Messages:  created: 81790   present: 12   in FES: 7
** Event #654080   t=2989.783931032072   Elapsed: 2989.73s (49m 49s)  47% completed  (47% total)
     Speed:     ev/sec=670.032   simsec/sec=1   ev/simsec=670.032
     Messages:  created: 82005   present: 74   in FES: 8
** Event #655360   t=2992.145444616645   Elapsed: 2992.09s (49m 52s)  47% completed  (47% total)
     Speed:     ev/sec=542.025   simsec/sec=1   ev/simsec=542.025
     Messages:  created: 82142   present: 11   in FES: 7
** Event #655872   t=2994.352413288997   Elapsed: 2994.3s (49m 54s)  47% completed  (47% total)
     Speed:     ev/sec=231.997   simsec/sec=1.00002   ev/simsec=231.992
     Messages:  created: 82205   present: 10   in FES: 6
** Event #656640   t=2997.060627212193   Elapsed: 2997.01s (49m 57s)  47% completed  (47% total)
     Speed:     ev/sec=283.577   simsec/sec=0.999985   ev/simsec=283.582
     Messages:  created: 82302   present: 11   in FES: 7
** Event #657408   t=2999.088194247511   Elapsed: 2999.03s (49m 59s)  47% completed  (47% total)
     Speed:     ev/sec=378.779   simsec/sec=1   ev/simsec=378.779
     Messages:  created: 82398   present: 11   in FES: 6
** Event #658176   t=3001.204787930163   Elapsed: 3001.15s (50m 01s)  47% completed  (47% total)
     Speed:     ev/sec=362.847   simsec/sec=1   ev/simsec=362.847
     Messages:  created: 82495   present: 17   in FES: 8
** Event #659200   t=3003.494362934069   Elapsed: 3003.44s (50m 03s)  47% completed  (47% total)
     Speed:     ev/sec=447.243   simsec/sec=0.999997   ev/simsec=447.245
     Messages:  created: 82621   present: 12   in FES: 6
** Event #660224   t=3005.587033349698   Elapsed: 3005.53s (50m 05s)  47% completed  (47% total)
     Speed:     ev/sec=489.328   simsec/sec=1   ev/simsec=489.327
     Messages:  created: 82749   present: 12   in FES: 7
** Event #661504   t=3008.495028009169   Elapsed: 3008.44s (50m 08s)  47% completed  (47% total)
     Speed:     ev/sec=440.166   simsec/sec=1   ev/simsec=440.166
     Messages:  created: 82909   present: 12   in FES: 7
** Event #662272   t=3010.963749218376   Elapsed: 3010.91s (50m 10s)  47% completed  (47% total)
     Speed:     ev/sec=311.092   simsec/sec=0.999999   ev/simsec=311.092
     Messages:  created: 83004   present: 9   in FES: 5
** Event #663040   t=3013.049739186818   Elapsed: 3013s (50m 12s)  47% completed  (47% total)
     Speed:     ev/sec=368.171   simsec/sec=1   ev/simsec=368.171
     Messages:  created: 83101   present: 10   in FES: 6
** Event #663808   t=3015.421954103571   Elapsed: 3015.37s (50m 15s)  47% completed  (47% total)
     Speed:     ev/sec=323.215   simsec/sec=0.998355   ev/simsec=323.748
     Messages:  created: 83198   present: 14   in FES: 7
** Event #664576   t=3017.74582834654   Elapsed: 3017.69s (50m 17s)  47% completed  (47% total)
     Speed:     ev/sec=331.04   simsec/sec=1.00169   ev/simsec=330.483
     Messages:  created: 83294   present: 13   in FES: 8
** Event #665344   t=3019.931070080741   Elapsed: 3019.88s (50m 19s)  47% completed  (47% total)
     Speed:     ev/sec=351.448   simsec/sec=0.999999   ev/simsec=351.449
     Messages:  created: 83389   present: 10   in FES: 6
** Event #666112   t=3022.308064991733   Elapsed: 3022.25s (50m 22s)  47% completed  (47% total)
     Speed:     ev/sec=323.097   simsec/sec=1   ev/simsec=323.097
     Messages:  created: 83485   present: 10   in FES: 6
** Event #666880   t=3024.93258486205   Elapsed: 3024.88s (50m 24s)  48% completed  (48% total)
     Speed:     ev/sec=292.625   simsec/sec=1   ev/simsec=292.625
     Messages:  created: 83581   present: 10   in FES: 6
** Event #667904   t=3027.504249391779   Elapsed: 3027.48s (50m 27s)  48% completed  (48% total)
     Speed:     ev/sec=393.262   simsec/sec=0.987635   ev/simsec=398.186
     Messages:  created: 83710   present: 14   in FES: 7
** Event #668928   t=3030.193676631415   Elapsed: 3030.14s (50m 30s)  48% completed  (48% total)
     Speed:     ev/sec=385.364   simsec/sec=1.01212   ev/simsec=380.75
     Messages:  created: 83836   present: 9   in FES: 5
** Event #670208   t=3032.926079577864   Elapsed: 3032.87s (50m 32s)  48% completed  (48% total)
     Speed:     ev/sec=468.452   simsec/sec=1   ev/simsec=468.452
     Messages:  created: 83997   present: 11   in FES: 7
** Event #670976   t=3035.493870871918   Elapsed: 3035.45s (50m 35s)  48% completed  (48% total)
     Speed:     ev/sec=298.308   simsec/sec=0.997387   ev/simsec=299.09
     Messages:  created: 84094   present: 14   in FES: 7
** Event #672512   t=3037.870340259508   Elapsed: 3037.82s (50m 37s)  48% completed  (48% total)
     Speed:     ev/sec=648.172   simsec/sec=1.00284   ev/simsec=646.337
     Messages:  created: 84291   present: 28   in FES: 7
** Event #673280   t=3039.90278896013   Elapsed: 3039.85s (50m 39s)  48% completed  (48% total)
     Speed:     ev/sec=377.869   simsec/sec=1   ev/simsec=377.869
     Messages:  created: 84381   present: 12   in FES: 7
** Event #674560   t=3042.087042579661   Elapsed: 3042.03s (50m 42s)  48% completed  (48% total)
     Speed:     ev/sec=586.013   simsec/sec=1   ev/simsec=586.013
     Messages:  created: 84551   present: 37   in FES: 8
** Event #676096   t=3044.239065344824   Elapsed: 3044.18s (50m 44s)  48% completed  (48% total)
     Speed:     ev/sec=713.747   simsec/sec=0.999999   ev/simsec=713.747
     Messages:  created: 84758   present: 77   in FES: 8
** Event #677120   t=3046.692954281268   Elapsed: 3046.64s (50m 46s)  48% completed  (48% total)
     Speed:     ev/sec=417.296   simsec/sec=0.999998   ev/simsec=417.297
     Messages:  created: 84861   present: 11   in FES: 7
** Event #678144   t=3048.916661681996   Elapsed: 3048.87s (50m 48s)  48% completed  (48% total)
     Speed:     ev/sec=459.26   simsec/sec=0.997324   ev/simsec=460.492
     Messages:  created: 84993   present: 22   in FES: 7
** Event #679168   t=3051.324696822955   Elapsed: 3051.28s (50m 51s)  48% completed  (48% total)
     Speed:     ev/sec=424.823   simsec/sec=0.999012   ev/simsec=425.243
     Messages:  created: 85118   present: 14   in FES: 7
** Event #679936   t=3053.444446017119   Elapsed: 3053.39s (50m 53s)  48% completed  (48% total)
     Speed:     ev/sec=363.74   simsec/sec=1.00396   ev/simsec=362.307
     Messages:  created: 85213   present: 11   in FES: 6
** Event #680704   t=3055.69655989867   Elapsed: 3055.64s (50m 55s)  48% completed  (48% total)
     Speed:     ev/sec=341.013   simsec/sec=1   ev/simsec=341.013
     Messages:  created: 85309   present: 11   in FES: 7
** Event #681472   t=3058.095044087309   Elapsed: 3058.04s (50m 58s)  48% completed  (48% total)
     Speed:     ev/sec=320.202   simsec/sec=0.999999   ev/simsec=320.202
     Messages:  created: 85408   present: 19   in FES: 8
** Event #682496   t=3060.473963120872   Elapsed: 3060.42s (51m 00s)  48% completed  (48% total)
     Speed:     ev/sec=430.448   simsec/sec=1   ev/simsec=430.448
     Messages:  created: 85535   present: 17   in FES: 8
** Event #683520   t=3063.032458244265   Elapsed: 3062.98s (51m 02s)  48% completed  (48% total)
     Speed:     ev/sec=400.235   simsec/sec=1   ev/simsec=400.235
     Messages:  created: 85660   present: 9   in FES: 5
** Event #684288   t=3065.129972711806   Elapsed: 3065.08s (51m 05s)  48% completed  (48% total)
     Speed:     ev/sec=366.148   simsec/sec=1   ev/simsec=366.148
     Messages:  created: 85759   present: 19   in FES: 8
** Event #685312   t=3067.540577102626   Elapsed: 3067.49s (51m 07s)  48% completed  (48% total)
     Speed:     ev/sec=424.79   simsec/sec=1   ev/simsec=424.79
     Messages:  created: 85884   present: 11   in FES: 7
** Event #686080   t=3069.699208895375   Elapsed: 3069.65s (51m 09s)  48% completed  (48% total)
     Speed:     ev/sec=355.781   simsec/sec=1   ev/simsec=355.781
     Messages:  created: 85980   present: 9   in FES: 5
** Event #686848   t=3071.721568505287   Elapsed: 3071.67s (51m 11s)  48% completed  (48% total)
     Speed:     ev/sec=379.755   simsec/sec=1   ev/simsec=379.754
     Messages:  created: 86076   present: 9   in FES: 5
** Event #687616   t=3074.032581594265   Elapsed: 3073.98s (51m 13s)  48% completed  (48% total)
     Speed:     ev/sec=332.322   simsec/sec=0.999999   ev/simsec=332.322
     Messages:  created: 86172   present: 11   in FES: 7
** Event #688640   t=3076.613621766818   Elapsed: 3076.56s (51m 16s)  48% completed  (48% total)
     Speed:     ev/sec=396.722   simsec/sec=0.999957   ev/simsec=396.739
     Messages:  created: 86300   present: 9   in FES: 5
** Event #689408   t=3079.351594605717   Elapsed: 3079.3s (51m 19s)  48% completed  (48% total)
     Speed:     ev/sec=280.511   simsec/sec=1.00004   ev/simsec=280.499
     Messages:  created: 86396   present: 11   in FES: 7
** Event #690176   t=3081.480274564199   Elapsed: 3081.43s (51m 21s)  48% completed  (48% total)
     Speed:     ev/sec=360.787   simsec/sec=1   ev/simsec=360.787
     Messages:  created: 86495   present: 18   in FES: 8
** Event #691200   t=3083.881781137226   Elapsed: 3083.83s (51m 23s)  48% completed  (48% total)
     Speed:     ev/sec=425.51   simsec/sec=0.997915   ev/simsec=426.399
     Messages:  created: 86621   present: 13   in FES: 5
** Event #692224   t=3086.564731512366   Elapsed: 3086.51s (51m 26s)  48% completed  (48% total)
     Speed:     ev/sec=381.815   simsec/sec=1.00038   ev/simsec=381.669
     Messages:  created: 86749   present: 13   in FES: 7
** Event #693248   t=3088.708344570723   Elapsed: 3088.65s (51m 28s)  49% completed  (49% total)
     Speed:     ev/sec=478.59   simsec/sec=1.00187   ev/simsec=477.698
     Messages:  created: 86878   present: 15   in FES: 7
** Event #694528   t=3090.793251087232   Elapsed: 3090.74s (51m 30s)  49% completed  (49% total)
     Speed:     ev/sec=613.936   simsec/sec=0.999999   ev/simsec=613.936
     Messages:  created: 87038   present: 16   in FES: 7
** Event #695808   t=3093.036233599054   Elapsed: 3092.98s (51m 32s)  49% completed  (49% total)
     Speed:     ev/sec=570.669   simsec/sec=1   ev/simsec=570.669
     Messages:  created: 87202   present: 26   in FES: 8
** Event #696832   t=3095.056357952196   Elapsed: 3095s (51m 35s)  49% completed  (49% total)
     Speed:     ev/sec=506.899   simsec/sec=1   ev/simsec=506.899
     Messages:  created: 87325   present: 12   in FES: 7
** Event #697600   t=3097.590563572784   Elapsed: 3097.54s (51m 37s)  49% completed  (49% total)
     Speed:     ev/sec=303.053   simsec/sec=0.999997   ev/simsec=303.054
     Messages:  created: 87420   present: 9   in FES: 5
** Event #698368   t=3099.603393100713   Elapsed: 3099.56s (51m 39s)  49% completed  (49% total)
     Speed:     ev/sec=379.811   simsec/sec=0.995435   ev/simsec=381.552
     Messages:  created: 87517   present: 13   in FES: 6
** Event #699392   t=3101.760437517117   Elapsed: 3101.71s (51m 41s)  49% completed  (49% total)
     Speed:     ev/sec=476.765   simsec/sec=1.0043   ev/simsec=474.724
     Messages:  created: 87644   present: 11   in FES: 7
** Event #700160   t=3103.841434319839   Elapsed: 3103.79s (51m 43s)  49% completed  (49% total)
     Speed:     ev/sec=369.054   simsec/sec=0.999999   ev/simsec=369.054
     Messages:  created: 87741   present: 12   in FES: 8
** Event #700928   t=3106.198293784661   Elapsed: 3106.14s (51m 46s)  49% completed  (49% total)
     Speed:     ev/sec=325.858   simsec/sec=1   ev/simsec=325.857
     Messages:  created: 87836   present: 11   in FES: 7
** Event #701696   t=3108.484638532806   Elapsed: 3108.43s (51m 48s)  49% completed  (49% total)
     Speed:     ev/sec=335.907   simsec/sec=1   ev/simsec=335.907
     Messages:  created: 87932   present: 10   in FES: 6
** Event #702464   t=3110.909678027626   Elapsed: 3110.86s (51m 50s)  49% completed  (49% total)
     Speed:     ev/sec=316.484   simsec/sec=0.99933   ev/simsec=316.696
     Messages:  created: 88029   present: 13   in FES: 7
** Event #702976   t=3113.023554394836   Elapsed: 3112.97s (51m 52s)  49% completed  (49% total)
     Speed:     ev/sec=242.396   simsec/sec=1.00077   ev/simsec=242.209
     Messages:  created: 88092   present: 9   in FES: 5
** Event #703744   t=3116.085324335504   Elapsed: 3116.03s (51m 56s)  49% completed  (49% total)
     Speed:     ev/sec=250.834   simsec/sec=0.999997   ev/simsec=250.835
     Messages:  created: 88188   present: 10   in FES: 6
** Event #704768   t=3118.609045470797   Elapsed: 3118.55s (51m 58s)  49% completed  (49% total)
     Speed:     ev/sec=405.755   simsec/sec=1.00001   ev/simsec=405.75
     Messages:  created: 88316   present: 10   in FES: 6
** Event #705792   t=3121.521139288339   Elapsed: 3121.47s (52m 01s)  49% completed  (49% total)
     Speed:     ev/sec=351.634   simsec/sec=0.999992   ev/simsec=351.637
     Messages:  created: 88443   present: 9   in FES: 5
** Event #706560   t=3123.615169756431   Elapsed: 3123.56s (52m 03s)  49% completed  (49% total)
     Speed:     ev/sec=366.757   simsec/sec=1   ev/simsec=366.757
     Messages:  created: 88543   present: 19   in FES: 8
** Event #707584   t=3125.643407589567   Elapsed: 3125.59s (52m 05s)  49% completed  (49% total)
     Speed:     ev/sec=504.88   simsec/sec=1.00002   ev/simsec=504.872
     Messages:  created: 88672   present: 22   in FES: 8
** Event #708864   t=3127.86483900983   Elapsed: 3127.81s (52m 07s)  49% completed  (49% total)
     Speed:     ev/sec=576.196   simsec/sec=0.999984   ev/simsec=576.205
     Messages:  created: 88831   present: 19   in FES: 7
** Event #710144   t=3130.117736933221   Elapsed: 3130.06s (52m 10s)  49% completed  (49% total)
     Speed:     ev/sec=568.157   simsec/sec=1   ev/simsec=568.157
     Messages:  created: 88995   present: 30   in FES: 8
** Event #711424   t=3132.791541254484   Elapsed: 3132.74s (52m 12s)  49% completed  (49% total)
     Speed:     ev/sec=478.719   simsec/sec=1   ev/simsec=478.719
     Messages:  created: 89147   present: 10   in FES: 6
** Event #712192   t=3134.852440363989   Elapsed: 3134.8s (52m 14s)  49% completed  (49% total)
     Speed:     ev/sec=372.653   simsec/sec=1   ev/simsec=372.653
     Messages:  created: 89244   present: 11   in FES: 7
** Event #712960   t=3137.7569019799   Elapsed: 3137.7s (52m 17s)  49% completed  (49% total)
     Speed:     ev/sec=264.421   simsec/sec=1   ev/simsec=264.421
     Messages:  created: 89340   present: 11   in FES: 6
** Event #713984   t=3140.362662181021   Elapsed: 3140.31s (52m 20s)  49% completed  (49% total)
     Speed:     ev/sec=392.236   simsec/sec=0.998118   ev/simsec=392.976
     Messages:  created: 89468   present: 12   in FES: 6
** Event #715264   t=3142.659721950143   Elapsed: 3142.61s (52m 22s)  49% completed  (49% total)
     Speed:     ev/sec=558.429   simsec/sec=1.00214   ev/simsec=557.234
     Messages:  created: 89641   present: 46   in FES: 8
** Event #716544   t=3144.718104738538   Elapsed: 3144.66s (52m 24s)  49% completed  (49% total)
     Speed:     ev/sec=621.844   simsec/sec=0.999995   ev/simsec=621.847
     Messages:  created: 89801   present: 47   in FES: 8
** Event #717824   t=3146.729712958872   Elapsed: 3146.68s (52m 26s)  49% completed  (49% total)
     Speed:     ev/sec=636.318   simsec/sec=1.00002   ev/simsec=636.307
     Messages:  created: 89962   present: 50   in FES: 8
** Event #719104   t=3148.758634943573   Elapsed: 3148.7s (52m 28s)  49% completed  (49% total)
     Speed:     ev/sec=630.869   simsec/sec=0.999988   ev/simsec=630.877
     Messages:  created: 90113   present: 25   in FES: 8
** Event #720128   t=3153.017701103366   Elapsed: 3152.96s (52m 32s)  50% completed  (50% total)
     Speed:     ev/sec=240.428   simsec/sec=1   ev/simsec=240.428
     Messages:  created: 90238   present: 17   in FES: 8
** Event #721664   t=3155.432011956179   Elapsed: 3155.38s (52m 35s)  50% completed  (50% total)
     Speed:     ev/sec=636.206   simsec/sec=1   ev/simsec=636.206
     Messages:  created: 90433   present: 26   in FES: 8
** Event #722944   t=3158.269903496937   Elapsed: 3158.22s (52m 38s)  50% completed  (50% total)
     Speed:     ev/sec=451.039   simsec/sec=1   ev/simsec=451.039
     Messages:  created: 90588   present: 11   in FES: 7
** Event #723968   t=3160.778269393901   Elapsed: 3160.72s (52m 40s)  50% completed  (50% total)
     Speed:     ev/sec=408.234   simsec/sec=0.999999   ev/simsec=408.234
     Messages:  created: 90715   present: 10   in FES: 6
** Event #724480   t=3163.125314617876   Elapsed: 3163.07s (52m 43s)  50% completed  (50% total)
     Speed:     ev/sec=218.147   simsec/sec=1   ev/simsec=218.147
     Messages:  created: 90780   present: 11   in FES: 7
** Event #724992   t=3165.243989788957   Elapsed: 3165.19s (52m 45s)  50% completed  (50% total)
     Speed:     ev/sec=241.661   simsec/sec=1   ev/simsec=241.66
     Messages:  created: 90843   present: 10   in FES: 6
** Event #725504   t=3167.688623943513   Elapsed: 3167.63s (52m 47s)  50% completed  (50% total)
     Speed:     ev/sec=209.438   simsec/sec=1   ev/simsec=209.438
     Messages:  created: 90909   present: 15   in FES: 8
** Event #726272   t=3170.265410113563   Elapsed: 3170.21s (52m 50s)  50% completed  (50% total)
     Speed:     ev/sec=298.045   simsec/sec=0.999999   ev/simsec=298.046
     Messages:  created: 91004   present: 11   in FES: 7
** Event #727296   t=3172.533127000407   Elapsed: 3172.48s (52m 52s)  50% completed  (50% total)
     Speed:     ev/sec=451.556   simsec/sec=1   ev/simsec=451.555
     Messages:  created: 91134   present: 16   in FES: 8
** Event #728320   t=3174.838114267881   Elapsed: 3174.78s (52m 54s)  50% completed  (50% total)
     Speed:     ev/sec=444.254   simsec/sec=1   ev/simsec=444.254
     Messages:  created: 91261   present: 14   in FES: 7
** Event #729088   t=3177.544291479209   Elapsed: 3177.49s (52m 57s)  50% completed  (50% total)
     Speed:     ev/sec=283.795   simsec/sec=0.999999   ev/simsec=283.795
     Messages:  created: 91356   present: 11   in FES: 7
** Event #729856   t=3179.892403281411   Elapsed: 3179.85s (52m 59s)  50% completed  (50% total)
     Speed:     ev/sec=325.048   simsec/sec=0.993813   ev/simsec=327.071
     Messages:  created: 91452   present: 12   in FES: 7
** Event #730880   t=3182.382243776814   Elapsed: 3182.33s (53m 02s)  50% completed  (50% total)
     Speed:     ev/sec=413.565   simsec/sec=1.00558   ev/simsec=411.271
     Messages:  created: 91579   present: 11   in FES: 7
** Event #731904   t=3184.460118559601   Elapsed: 3184.41s (53m 04s)  50% completed  (50% total)
     Speed:     ev/sec=491.748   simsec/sec=0.997843   ev/simsec=492.811
     Messages:  created: 91707   present: 11   in FES: 6
** Event #732928   t=3186.584881138174   Elapsed: 3186.53s (53m 06s)  50% completed  (50% total)
     Speed:     ev/sec=483.142   simsec/sec=1.0025   ev/simsec=481.936
     Messages:  created: 91837   present: 17   in FES: 7
** Event #734208   t=3188.639161125882   Elapsed: 3188.59s (53m 08s)  50% completed  (50% total)
     Speed:     ev/sec=623.035   simsec/sec=0.999913   ev/simsec=623.089
     Messages:  created: 91995   present: 11   in FES: 6
** Event #735488   t=3190.680021025927   Elapsed: 3190.63s (53m 10s)  50% completed  (50% total)
     Speed:     ev/sec=627.242   simsec/sec=1.00009   ev/simsec=627.187
     Messages:  created: 92162   present: 29   in FES: 8
** Event #736512   t=3192.916150811906   Elapsed: 3192.86s (53m 12s)  50% completed  (50% total)
     Speed:     ev/sec=457.934   simsec/sec=1   ev/simsec=457.934
     Messages:  created: 92283   present: 10   in FES: 6
** Event #737536   t=3194.955568449294   Elapsed: 3194.9s (53m 14s)  50% completed  (50% total)
     Speed:     ev/sec=502.104   simsec/sec=1   ev/simsec=502.104
     Messages:  created: 92413   present: 16   in FES: 8
** Event #739072   t=3197.344661112123   Elapsed: 3197.29s (53m 17s)  50% completed  (50% total)
     Speed:     ev/sec=642.923   simsec/sec=1   ev/simsec=642.922
     Messages:  created: 92603   present: 10   in FES: 6
** Event #740352   t=3199.557670569363   Elapsed: 3199.5s (53m 19s)  50% completed  (50% total)
     Speed:     ev/sec=578.397   simsec/sec=0.999999   ev/simsec=578.398
     Messages:  created: 92767   present: 21   in FES: 8
** Event #741632   t=3202.020946183899   Elapsed: 3201.97s (53m 21s)  50% completed  (50% total)
     Speed:     ev/sec=519.633   simsec/sec=1   ev/simsec=519.633
     Messages:  created: 92922   present: 9   in FES: 5
** Event #742656   t=3204.048299021191   Elapsed: 3203.99s (53m 23s)  50% completed  (50% total)
     Speed:     ev/sec=505.092   simsec/sec=1   ev/simsec=505.092
     Messages:  created: 93050   present: 9   in FES: 5
** Event #743680   t=3206.498453191926   Elapsed: 3206.45s (53m 26s)  50% completed  (50% total)
     Speed:     ev/sec=417.434   simsec/sec=0.998806   ev/simsec=417.933
     Messages:  created: 93179   present: 11   in FES: 7
** Event #744704   t=3208.717084741082   Elapsed: 3208.69s (53m 28s)  50% completed  (50% total)
     Speed:     ev/sec=457.565   simsec/sec=0.991375   ev/simsec=461.546
     Messages:  created: 93307   present: 11   in FES: 6
** Event #745728   t=3211.551921244834   Elapsed: 3211.5s (53m 31s)  50% completed  (50% total)
     Speed:     ev/sec=364.075   simsec/sec=1.0079   ev/simsec=361.22
     Messages:  created: 93437   present: 16   in FES: 8
** Event #746496   t=3213.958002422359   Elapsed: 3213.9s (53m 33s)  51% completed  (51% total)
     Speed:     ev/sec=319.191   simsec/sec=1   ev/simsec=319.191
     Messages:  created: 93532   present: 13   in FES: 7
** Event #747776   t=3215.999653595431   Elapsed: 3215.95s (53m 35s)  51% completed  (51% total)
     Speed:     ev/sec=625.049   simsec/sec=0.996979   ev/simsec=626.944
     Messages:  created: 93697   present: 27   in FES: 7
** Event #748800   t=3218.18552596877   Elapsed: 3218.14s (53m 38s)  51% completed  (51% total)
     Speed:     ev/sec=468.279   simsec/sec=0.999607   ev/simsec=468.463
     Messages:  created: 93825   present: 27   in FES: 7
** Event #750592   t=3220.683196574868   Elapsed: 3220.63s (53m 40s)  51% completed  (51% total)
     Speed:     ev/sec=719.499   simsec/sec=1.00283   ev/simsec=717.469
     Messages:  created: 94074   present: 94   in FES: 8
** Event #751872   t=3222.910765398719   Elapsed: 3222.86s (53m 42s)  51% completed  (51% total)
     Speed:     ev/sec=574.617   simsec/sec=0.999999   ev/simsec=574.617
     Messages:  created: 94220   present: 57   in FES: 8
** Event #752896   t=3225.053800795993   Elapsed: 3225s (53m 44s)  51% completed  (51% total)
     Speed:     ev/sec=477.827   simsec/sec=1   ev/simsec=477.827
     Messages:  created: 94338   present: 29   in FES: 8
** Event #754176   t=3228.114072209226   Elapsed: 3228.06s (53m 48s)  51% completed  (51% total)
     Speed:     ev/sec=418.263   simsec/sec=0.999999   ev/simsec=418.264
     Messages:  created: 94492   present: 13   in FES: 8
** Event #755200   t=3230.451796010949   Elapsed: 3230.4s (53m 50s)  51% completed  (51% total)
     Speed:     ev/sec=438.033   simsec/sec=1   ev/simsec=438.033
     Messages:  created: 94624   present: 25   in FES: 8
** Event #756224   t=3233.091959585838   Elapsed: 3233.04s (53m 53s)  51% completed  (51% total)
     Speed:     ev/sec=387.581   simsec/sec=0.999293   ev/simsec=387.855
     Messages:  created: 94747   present: 11   in FES: 7
** Event #756992   t=3235.394951851929   Elapsed: 3235.34s (53m 55s)  51% completed  (51% total)
     Speed:     ev/sec=333.75   simsec/sec=1.00081   ev/simsec=333.479
     Messages:  created: 94843   present: 10   in FES: 6
** Event #757760   t=3238.08693489023   Elapsed: 3238.05s (53m 58s)  51% completed  (51% total)
     Speed:     ev/sec=283.795   simsec/sec=0.994754   ev/simsec=285.292
     Messages:  created: 94939   present: 11   in FES: 6
** Event #758528   t=3240.156889381987   Elapsed: 3240.1s (54m 00s)  51% completed  (51% total)
     Speed:     ev/sec=373.585   simsec/sec=1.00691   ev/simsec=371.023
     Messages:  created: 95035   present: 11   in FES: 7
** Event #759296   t=3242.797548828053   Elapsed: 3242.74s (54m 02s)  51% completed  (51% total)
     Speed:     ev/sec=290.795   simsec/sec=0.999857   ev/simsec=290.836
     Messages:  created: 95130   present: 10   in FES: 6
** Event #760320   t=3244.869986657684   Elapsed: 3244.82s (54m 04s)  51% completed  (51% total)
     Speed:     ev/sec=494.194   simsec/sec=1.00018   ev/simsec=494.104
     Messages:  created: 95260   present: 14   in FES: 8
** Event #761088   t=3247.580930487661   Elapsed: 3247.53s (54m 07s)  51% completed  (51% total)
     Speed:     ev/sec=283.296   simsec/sec=1   ev/simsec=283.296
     Messages:  created: 95354   present: 9   in FES: 5
** Event #761856   t=3249.776751836308   Elapsed: 3249.72s (54m 09s)  51% completed  (51% total)
     Speed:     ev/sec=349.737   simsec/sec=0.999947   ev/simsec=349.755
     Messages:  created: 95450   present: 10   in FES: 5
** Event #762624   t=3252.2936260365   Elapsed: 3252.25s (54m 12s)  51% completed  (51% total)
     Speed:     ev/sec=303.897   simsec/sec=0.995924   ev/simsec=305.14
     Messages:  created: 95546   present: 10   in FES: 6
** Event #763904   t=3254.563234746054   Elapsed: 3254.51s (54m 14s)  51% completed  (51% total)
     Speed:     ev/sec=566.574   simsec/sec=1.00461   ev/simsec=563.974
     Messages:  created: 95706   present: 9   in FES: 5
** Event #764928   t=3256.787499909194   Elapsed: 3256.73s (54m 16s)  51% completed  (51% total)
     Speed:     ev/sec=460.376   simsec/sec=0.999999   ev/simsec=460.377
     Messages:  created: 95834   present: 9   in FES: 5
** Event #765696   t=3259.389787609642   Elapsed: 3259.34s (54m 19s)  51% completed  (51% total)
     Speed:     ev/sec=295.125   simsec/sec=1   ev/simsec=295.125
     Messages:  created: 95930   present: 9   in FES: 5
** Event #766208   t=3261.420371546284   Elapsed: 3261.37s (54m 21s)  51% completed  (51% total)
     Speed:     ev/sec=252.144   simsec/sec=1   ev/simsec=252.144
     Messages:  created: 95995   present: 13   in FES: 8
** Event #767488   t=3263.632246875235   Elapsed: 3263.58s (54m 23s)  51% completed  (51% total)
     Speed:     ev/sec=578.695   simsec/sec=1   ev/simsec=578.694
     Messages:  created: 96160   present: 25   in FES: 8
** Event #768768   t=3266.121532215929   Elapsed: 3266.08s (54m 26s)  51% completed  (51% total)
     Speed:     ev/sec=512.022   simsec/sec=0.995756   ev/simsec=514.204
     Messages:  created: 96314   present: 10   in FES: 6
** Event #769792   t=3268.360800455322   Elapsed: 3268.31s (54m 28s)  51% completed  (51% total)
     Speed:     ev/sec=458.875   simsec/sec=1.00346   ev/simsec=457.292
     Messages:  created: 96445   present: 18   in FES: 7
** Event #771072   t=3270.406890997221   Elapsed: 3270.35s (54m 30s)  51% completed  (51% total)
     Speed:     ev/sec=626.467   simsec/sec=1.00141   ev/simsec=625.583
     Messages:  created: 96607   present: 22   in FES: 8
** Event #772608   t=3272.965101601131   Elapsed: 3272.91s (54m 32s)  51% completed  (51% total)
     Speed:     ev/sec=600.42   simsec/sec=1   ev/simsec=600.42
     Messages:  created: 96796   present: 16   in FES: 6
** Event #773632   t=3275.226275335539   Elapsed: 3275.17s (54m 35s)  51% completed  (51% total)
     Speed:     ev/sec=452.862   simsec/sec=1   ev/simsec=452.862
     Messages:  created: 96927   present: 23   in FES: 7
** Event #774400   t=3277.471057065644   Elapsed: 3277.42s (54m 37s)  52% completed  (52% total)
     Speed:     ev/sec=341.991   simsec/sec=0.999604   ev/simsec=342.127
     Messages:  created: 97018   present: 10   in FES: 6
** Event #775424   t=3279.664165618114   Elapsed: 3279.62s (54m 39s)  52% completed  (52% total)
     Speed:     ev/sec=465.946   simsec/sec=0.99792   ev/simsec=466.917
     Messages:  created: 97146   present: 10   in FES: 6
** Event #776192   t=3281.84057293699   Elapsed: 3281.79s (54m 41s)  52% completed  (52% total)
     Speed:     ev/sec=353.763   simsec/sec=1.00252   ev/simsec=352.875
     Messages:  created: 97243   present: 12   in FES: 7
** Event #777472   t=3284.41030176593   Elapsed: 3284.36s (54m 44s)  52% completed  (52% total)
     Speed:     ev/sec=498.107   simsec/sec=1   ev/simsec=498.107
     Messages:  created: 97403   present: 12   in FES: 8
** Event #778240   t=3287.333954513524   Elapsed: 3287.28s (54m 47s)  52% completed  (52% total)
     Speed:     ev/sec=262.673   simsec/sec=0.999954   ev/simsec=262.685
     Messages:  created: 97498   present: 9   in FES: 5
** Event #779008   t=3289.738585414885   Elapsed: 3289.68s (54m 49s)  52% completed  (52% total)
     Speed:     ev/sec=319.384   simsec/sec=1   ev/simsec=319.384
     Messages:  created: 97594   present: 9   in FES: 5
** Event #780288   t=3292.305964056722   Elapsed: 3292.28s (54m 52s)  52% completed  (52% total)
     Speed:     ev/sec=493.562   simsec/sec=0.989969   ev/simsec=498.563
     Messages:  created: 97754   present: 10   in FES: 6
** Event #781056   t=3294.371431685877   Elapsed: 3294.32s (54m 54s)  52% completed  (52% total)
     Speed:     ev/sec=376.596   simsec/sec=1.01282   ev/simsec=371.829
     Messages:  created: 97850   present: 9   in FES: 5
** Event #782336   t=3296.778049451254   Elapsed: 3296.72s (54m 56s)  52% completed  (52% total)
     Speed:     ev/sec=531.867   simsec/sec=1   ev/simsec=531.867
     Messages:  created: 98013   present: 17   in FES: 8
** Event #783104   t=3299.284825518669   Elapsed: 3299.23s (54m 59s)  52% completed  (52% total)
     Speed:     ev/sec=306.044   simsec/sec=0.998937   ev/simsec=306.37
     Messages:  created: 98106   present: 10   in FES: 5
** Event #784128   t=3301.667407332809   Elapsed: 3301.61s (55m 01s)  52% completed  (52% total)
     Speed:     ev/sec=430.267   simsec/sec=1.00112   ev/simsec=429.786
     Messages:  created: 98234   present: 12   in FES: 6
** Event #784896   t=3303.815352764832   Elapsed: 3303.76s (55m 03s)  52% completed  (52% total)
     Speed:     ev/sec=357.551   simsec/sec=1   ev/simsec=357.551
     Messages:  created: 98330   present: 12   in FES: 6
** Event #785664   t=3306.087619016531   Elapsed: 3306.04s (55m 06s)  52% completed  (52% total)
     Speed:     ev/sec=337.524   simsec/sec=0.998627   ev/simsec=337.989
     Messages:  created: 98428   present: 17   in FES: 7
** Event #786944   t=3308.337224446101   Elapsed: 3308.28s (55m 08s)  52% completed  (52% total)
     Speed:     ev/sec=569.781   simsec/sec=1.00139   ev/simsec=568.989
     Messages:  created: 98590   present: 23   in FES: 7
** Event #787968   t=3310.785977680906   Elapsed: 3310.73s (55m 10s)  52% completed  (52% total)
     Speed:     ev/sec=418.172   simsec/sec=1   ev/simsec=418.172
     Messages:  created: 98715   present: 13   in FES: 8
** Event #788992   t=3312.789720463098   Elapsed: 3312.74s (55m 12s)  52% completed  (52% total)
     Speed:     ev/sec=510.122   simsec/sec=0.998197   ev/simsec=511.044
     Messages:  created: 98844   present: 17   in FES: 7
** Event #790528   t=3315.037826629542   Elapsed: 3314.99s (55m 14s)  52% completed  (52% total)
     Speed:     ev/sec=683.019   simsec/sec=0.999674   ev/simsec=683.242
     Messages:  created: 99054   present: 65   in FES: 7
** Event #791808   t=3317.275362732931   Elapsed: 3317.22s (55m 17s)  52% completed  (52% total)
     Speed:     ev/sec=572.798   simsec/sec=1.00129   ev/simsec=572.058
     Messages:  created: 99196   present: 17   in FES: 5
** Event #792832   t=3319.37242085448   Elapsed: 3319.32s (55m 19s)  52% completed  (52% total)
     Speed:     ev/sec=488.643   simsec/sec=1.0007   ev/simsec=488.303
     Messages:  created: 99322   present: 11   in FES: 7
** Event #793856   t=3321.399795739644   Elapsed: 3321.37s (55m 21s)  52% completed  (52% total)
     Speed:     ev/sec=499.407   simsec/sec=0.988755   ev/simsec=505.087
     Messages:  created: 99449   present: 9   in FES: 5
** Event #795136   t=3323.627915898829   Elapsed: 3323.57s (55m 23s)  52% completed  (52% total)
     Speed:     ev/sec=580.482   simsec/sec=1.01046   ev/simsec=574.475
     Messages:  created: 99617   present: 29   in FES: 8
** Event #795904   t=3325.957685664768   Elapsed: 3325.9s (55m 25s)  52% completed  (52% total)
     Speed:     ev/sec=329.646   simsec/sec=1   ev/simsec=329.646
     Messages:  created: 99707   present: 13   in FES: 8
** Event #796928   t=3328.206762266627   Elapsed: 3328.16s (55m 28s)  52% completed  (52% total)
     Speed:     ev/sec=453.267   simsec/sec=0.99554   ev/simsec=455.298
     Messages:  created: 99833   present: 9   in FES: 5
** Event #797952   t=3330.6030214425   Elapsed: 3330.55s (55m 30s)  52% completed  (52% total)
     Speed:     ev/sec=429.141   simsec/sec=1.00423   ev/simsec=427.333
     Messages:  created: 99963   present: 15   in FES: 8
** Event #798976   t=3332.741600653985   Elapsed: 3332.69s (55m 32s)  52% completed  (52% total)
     Speed:     ev/sec=478.818   simsec/sec=0.99999   ev/simsec=478.823
     Messages:  created: 100091   present: 13   in FES: 7
** Event #800000   t=3335.038859721446   Elapsed: 3335s (55m 34s)  52% completed  (52% total)
     Speed:     ev/sec=443.317   simsec/sec=0.994544   ev/simsec=445.749
     Messages:  created: 100220   present: 17   in FES: 7
** Event #801024   t=3337.188569546249   Elapsed: 3337.14s (55m 37s)  52% completed  (52% total)
     Speed:     ev/sec=478.777   simsec/sec=1.00511   ev/simsec=476.343
     Messages:  created: 100348   present: 17   in FES: 7
** Event #802048   t=3339.898254323207   Elapsed: 3339.86s (55m 39s)  53% completed  (53% total)
     Speed:     ev/sec=375.69   simsec/sec=0.994142   ev/simsec=377.904
     Messages:  created: 100473   present: 9   in FES: 5
** Event #803072   t=3342.155107668486   Elapsed: 3342.1s (55m 42s)  53% completed  (53% total)
     Speed:     ev/sec=457.304   simsec/sec=1.00788   ev/simsec=453.729
     Messages:  created: 100603   present: 14   in FES: 6
** Event #804096   t=3344.538215739707   Elapsed: 3344.48s (55m 44s)  53% completed  (53% total)
     Speed:     ev/sec=429.691   simsec/sec=1   ev/simsec=429.691
     Messages:  created: 100730   present: 11   in FES: 7
** Event #805120   t=3347.061291597945   Elapsed: 3347.01s (55m 47s)  53% completed  (53% total)
     Speed:     ev/sec=405.854   simsec/sec=1   ev/simsec=405.854
     Messages:  created: 100858   present: 11   in FES: 7
** Event #806400   t=3349.320823970854   Elapsed: 3349.27s (55m 49s)  53% completed  (53% total)
     Speed:     ev/sec=566.489   simsec/sec=1   ev/simsec=566.489
     Messages:  created: 101019   present: 13   in FES: 8
** Event #807424   t=3351.59178737449   Elapsed: 3351.54s (55m 51s)  53% completed  (53% total)
     Speed:     ev/sec=450.91   simsec/sec=0.999999   ev/simsec=450.91
     Messages:  created: 101148   present: 16   in FES: 7
** Event #808448   t=3354.431495540402   Elapsed: 3354.38s (55m 54s)  53% completed  (53% total)
     Speed:     ev/sec=360.59   simsec/sec=0.99997   ev/simsec=360.6
     Messages:  created: 101273   present: 9   in FES: 5
** Event #808960   t=3356.551130086   Elapsed: 3356.5s (55m 56s)  53% completed  (53% total)
     Speed:     ev/sec=241.561   simsec/sec=1.00004   ev/simsec=241.551
     Messages:  created: 101338   present: 11   in FES: 7
** Event #809728   t=3359.190807082943   Elapsed: 3359.16s (55m 59s)  53% completed  (53% total)
     Speed:     ev/sec=288.265   simsec/sec=0.990791   ev/simsec=290.945
     Messages:  created: 101433   present: 9   in FES: 5
** Event #810752   t=3361.48621685589   Elapsed: 3361.43s (56m 01s)  53% completed  (53% total)
     Speed:     ev/sec=450.928   simsec/sec=1.0108   ev/simsec=446.108
     Messages:  created: 101562   present: 12   in FES: 7
** Event #811776   t=3363.60321582376   Elapsed: 3363.55s (56m 03s)  53% completed  (53% total)
     Speed:     ev/sec=483.704   simsec/sec=1   ev/simsec=483.704
     Messages:  created: 101692   present: 19   in FES: 8
** Event #812800   t=3366.020403815391   Elapsed: 3365.97s (56m 05s)  53% completed  (53% total)
     Speed:     ev/sec=423.633   simsec/sec=1   ev/simsec=423.633
     Messages:  created: 101817   present: 10   in FES: 6
** Event #813824   t=3368.221756744788   Elapsed: 3368.17s (56m 08s)  53% completed  (53% total)
     Speed:     ev/sec=465.169   simsec/sec=1   ev/simsec=465.168
     Messages:  created: 101947   present: 15   in FES: 7
** Event #814592   t=3370.293792970181   Elapsed: 3370.24s (56m 10s)  53% completed  (53% total)
     Speed:     ev/sec=370.65   simsec/sec=1   ev/simsec=370.65
     Messages:  created: 102043   present: 15   in FES: 8
** Event #816128   t=3372.513164536734   Elapsed: 3372.46s (56m 12s)  53% completed  (53% total)
     Speed:     ev/sec=692.087   simsec/sec=0.999999   ev/simsec=692.088
     Messages:  created: 102242   present: 34   in FES: 8
** Event #817408   t=3374.823720370931   Elapsed: 3374.77s (56m 14s)  53% completed  (53% total)
     Speed:     ev/sec=553.979   simsec/sec=1   ev/simsec=553.979
     Messages:  created: 102394   present: 13   in FES: 8
** Event #818688   t=3377.033956427625   Elapsed: 3377.01s (56m 17s)  53% completed  (53% total)
     Speed:     ev/sec=572.13   simsec/sec=0.987924   ev/simsec=579.124
     Messages:  created: 102555   present: 16   in FES: 7
** Event #819712   t=3379.295819422776   Elapsed: 3379.24s (56m 19s)  53% completed  (53% total)
     Speed:     ev/sec=458.197   simsec/sec=1.01209   ev/simsec=452.724
     Messages:  created: 102682   present: 14   in FES: 7
** Event #820736   t=3381.338526993647   Elapsed: 3381.28s (56m 21s)  53% completed  (53% total)
     Speed:     ev/sec=501.295   simsec/sec=0.999999   ev/simsec=501.295
     Messages:  created: 102822   present: 45   in FES: 8
** Event #822272   t=3383.573926465246   Elapsed: 3383.52s (56m 23s)  53% completed  (53% total)
     Speed:     ev/sec=687.126   simsec/sec=1   ev/simsec=687.126
     Messages:  created: 103021   present: 63   in FES: 8
** Event #823552   t=3385.732199495173   Elapsed: 3385.68s (56m 25s)  53% completed  (53% total)
     Speed:     ev/sec=593.066   simsec/sec=1   ev/simsec=593.067
     Messages:  created: 103165   present: 21   in FES: 8
** Event #824832   t=3388.229411073198   Elapsed: 3388.18s (56m 28s)  53% completed  (53% total)
     Speed:     ev/sec=510.79   simsec/sec=0.996524   ev/simsec=512.572
     Messages:  created: 103320   present: 8   in FES: 4
** Event #825600   t=3390.437008979358   Elapsed: 3390.39s (56m 30s)  53% completed  (53% total)
     Speed:     ev/sec=348.267   simsec/sec=1.00109   ev/simsec=347.889
     Messages:  created: 103416   present: 8   in FES: 4
** Event #826624   t=3392.645992410383   Elapsed: 3392.59s (56m 32s)  53% completed  (53% total)
     Speed:     ev/sec=464.891   simsec/sec=1.00287   ev/simsec=463.562
     Messages:  created: 103546   present: 12   in FES: 8
** Event #828160   t=3395.10638361169   Elapsed: 3395.05s (56m 35s)  53% completed  (53% total)
     Speed:     ev/sec=624.291   simsec/sec=1   ev/simsec=624.291
     Messages:  created: 103741   present: 21   in FES: 7
** Event #829184   t=3397.551606434201   Elapsed: 3397.5s (56m 37s)  53% completed  (53% total)
     Speed:     ev/sec=418.776   simsec/sec=1   ev/simsec=418.776
     Messages:  created: 103868   present: 18   in FES: 8
** Event #829952   t=3399.665622515323   Elapsed: 3399.61s (56m 39s)  53% completed  (53% total)
     Speed:     ev/sec=363.29   simsec/sec=1   ev/simsec=363.29
     Messages:  created: 103962   present: 12   in FES: 7
** Event #830720   t=3401.739502073396   Elapsed: 3401.69s (56m 41s)  53% completed  (53% total)
     Speed:     ev/sec=370.32   simsec/sec=0.999999   ev/simsec=370.32
     Messages:  created: 104057   present: 11   in FES: 7
** Event #831744   t=3403.849096712466   Elapsed: 3403.79s (56m 43s)  54% completed  (54% total)
     Speed:     ev/sec=485.402   simsec/sec=1   ev/simsec=485.401
     Messages:  created: 104188   present: 18   in FES: 8
** Event #833280   t=3406.197336040226   Elapsed: 3406.14s (56m 46s)  54% completed  (54% total)
     Speed:     ev/sec=654.106   simsec/sec=0.999999   ev/simsec=654.107
     Messages:  created: 104378   present: 13   in FES: 7
** Event #834048   t=3408.325141988073   Elapsed: 3408.27s (56m 48s)  54% completed  (54% total)
     Speed:     ev/sec=360.936   simsec/sec=1   ev/simsec=360.935
     Messages:  created: 104473   present: 10   in FES: 6
** Event #834816   t=3410.818783098081   Elapsed: 3410.77s (56m 50s)  54% completed  (54% total)
     Speed:     ev/sec=307.31   simsec/sec=0.997812   ev/simsec=307.983
     Messages:  created: 104568   present: 8   in FES: 4
** Event #835584   t=3412.851944239298   Elapsed: 3412.8s (56m 52s)  54% completed  (54% total)
     Speed:     ev/sec=378.755   simsec/sec=1.0027   ev/simsec=377.737
     Messages:  created: 104665   present: 11   in FES: 6
** Event #836352   t=3414.988279814065   Elapsed: 3414.93s (56m 54s)  54% completed  (54% total)
     Speed:     ev/sec=359.494   simsec/sec=1   ev/simsec=359.494
     Messages:  created: 104761   present: 11   in FES: 7
** Event #836864   t=3417.051382917482   Elapsed: 3417s (56m 56s)  54% completed  (54% total)
     Speed:     ev/sec=248.17   simsec/sec=1   ev/simsec=248.17
     Messages:  created: 104826   present: 13   in FES: 8
** Event #837888   t=3419.447992408212   Elapsed: 3419.39s (56m 59s)  54% completed  (54% total)
     Speed:     ev/sec=427.27   simsec/sec=1   ev/simsec=427.27
     Messages:  created: 104953   present: 11   in FES: 6
** Event #838912   t=3421.896019454435   Elapsed: 3421.84s (57m 01s)  54% completed  (54% total)
     Speed:     ev/sec=418.295   simsec/sec=0.999998   ev/simsec=418.296
     Messages:  created: 105082   present: 14   in FES: 7
** Event #839936   t=3424.498467563632   Elapsed: 3424.44s (57m 04s)  54% completed  (54% total)
     Speed:     ev/sec=393.476   simsec/sec=1   ev/simsec=393.476
     Messages:  created: 105209   present: 12   in FES: 6
** Event #841472   t=3426.73910031172   Elapsed: 3426.69s (57m 06s)  54% completed  (54% total)
     Speed:     ev/sec=685.521   simsec/sec=1   ev/simsec=685.521
     Messages:  created: 105409   present: 33   in FES: 8
** Event #842752   t=3428.925761988232   Elapsed: 3428.87s (57m 08s)  54% completed  (54% total)
     Speed:     ev/sec=585.368   simsec/sec=1   ev/simsec=585.367
     Messages:  created: 105572   present: 42   in FES: 8
** Event #844032   t=3431.166217990213   Elapsed: 3431.11s (57m 11s)  54% completed  (54% total)
     Speed:     ev/sec=571.312   simsec/sec=1   ev/simsec=571.312
     Messages:  created: 105721   present: 13   in FES: 7
** Event #845056   t=3433.237571537297   Elapsed: 3433.18s (57m 13s)  54% completed  (54% total)
     Speed:     ev/sec=494.348   simsec/sec=0.999971   ev/simsec=494.363
     Messages:  created: 105850   present: 15   in FES: 7
** Event #846080   t=3435.313338174252   Elapsed: 3435.26s (57m 15s)  54% completed  (54% total)
     Speed:     ev/sec=493.326   simsec/sec=1.00003   ev/simsec=493.312
     Messages:  created: 105976   present: 9   in FES: 5
** Event #846848   t=3437.704354933565   Elapsed: 3437.65s (57m 17s)  54% completed  (54% total)
     Speed:     ev/sec=321.202   simsec/sec=1   ev/simsec=321.202
     Messages:  created: 106073   present: 11   in FES: 6
** Event #847616   t=3440.013999174304   Elapsed: 3439.96s (57m 19s)  54% completed  (54% total)
     Speed:     ev/sec=332.508   simsec/sec=0.999969   ev/simsec=332.519
     Messages:  created: 106168   present: 9   in FES: 5
** Event #848384   t=3442.312758886192   Elapsed: 3442.26s (57m 22s)  54% completed  (54% total)
     Speed:     ev/sec=334.104   simsec/sec=1.00003   ev/simsec=334.093
     Messages:  created: 106267   present: 18   in FES: 7
** Event #849408   t=3444.551026030878   Elapsed: 3444.5s (57m 24s)  54% completed  (54% total)
     Speed:     ev/sec=457.488   simsec/sec=0.99998   ev/simsec=457.497
     Messages:  created: 106392   present: 9   in FES: 5
** Event #850432   t=3446.771207412093   Elapsed: 3446.72s (57m 26s)  54% completed  (54% total)
     Speed:     ev/sec=459.832   simsec/sec=0.996983   ev/simsec=461.224
     Messages:  created: 106522   present: 15   in FES: 7
** Event #851456   t=3449.094480997826   Elapsed: 3449.04s (57m 29s)  54% completed  (54% total)
     Speed:     ev/sec=442.044   simsec/sec=1.00292   ev/simsec=440.757
     Messages:  created: 106653   present: 22   in FES: 8
** Event #852224   t=3451.174692545679   Elapsed: 3451.12s (57m 31s)  54% completed  (54% total)
     Speed:     ev/sec=369.193   simsec/sec=1   ev/simsec=369.193
     Messages:  created: 106745   present: 13   in FES: 7
** Event #853248   t=3453.579666948416   Elapsed: 3453.53s (57m 33s)  54% completed  (54% total)
     Speed:     ev/sec=425.784   simsec/sec=1   ev/simsec=425.784
     Messages:  created: 106872   present: 10   in FES: 6
** Event #854528   t=3455.58678776088   Elapsed: 3455.53s (57m 35s)  54% completed  (54% total)
     Speed:     ev/sec=637.455   simsec/sec=0.999569   ev/simsec=637.729
     Messages:  created: 107037   present: 23   in FES: 6
** Event #856064   t=3458.006024019755   Elapsed: 3457.95s (57m 37s)  54% completed  (54% total)
     Speed:     ev/sec=635.138   simsec/sec=1.00036   ev/simsec=634.911
     Messages:  created: 107228   present: 19   in FES: 8
** Event #857600   t=3460.267468347021   Elapsed: 3460.21s (57m 40s)  54% completed  (54% total)
     Speed:     ev/sec=679.219   simsec/sec=1.00001   ev/simsec=679.212
     Messages:  created: 107428   present: 42   in FES: 8
** Event #858880   t=3462.37007905617   Elapsed: 3462.32s (57m 42s)  54% completed  (54% total)
     Speed:     ev/sec=608.761   simsec/sec=0.999989   ev/simsec=608.767
     Messages:  created: 107597   present: 65   in FES: 8
** Event #860160   t=3464.752784905999   Elapsed: 3464.7s (57m 44s)  54% completed  (54% total)
     Speed:     ev/sec=537.205   simsec/sec=1   ev/simsec=537.204
     Messages:  created: 107737   present: 11   in FES: 7
** Event #861184   t=3467.113874856626   Elapsed: 3467.06s (57m 47s)  55% completed  (55% total)
     Speed:     ev/sec=433.698   simsec/sec=0.999999   ev/simsec=433.698
     Messages:  created: 107864   present: 9   in FES: 5
** Event #861952   t=3469.127638169611   Elapsed: 3469.07s (57m 49s)  55% completed  (55% total)
     Speed:     ev/sec=381.376   simsec/sec=1   ev/simsec=381.376
     Messages:  created: 107962   present: 14   in FES: 8
** Event #862720   t=3471.28534383674   Elapsed: 3471.23s (57m 51s)  55% completed  (55% total)
     Speed:     ev/sec=355.934   simsec/sec=1   ev/simsec=355.934
     Messages:  created: 108059   present: 18   in FES: 8
** Event #864256   t=3473.498233665106   Elapsed: 3473.44s (57m 53s)  55% completed  (55% total)
     Speed:     ev/sec=694.115   simsec/sec=0.999999   ev/simsec=694.115
     Messages:  created: 108273   present: 76   in FES: 8
** Event #865536   t=3475.829098691876   Elapsed: 3475.78s (57m 55s)  55% completed  (55% total)
     Speed:     ev/sec=549.153   simsec/sec=1   ev/simsec=549.152
     Messages:  created: 108420   present: 42   in FES: 8
** Event #866816   t=3478.212080013293   Elapsed: 3478.16s (57m 58s)  55% completed  (55% total)
     Speed:     ev/sec=537.142   simsec/sec=1   ev/simsec=537.142
     Messages:  created: 108569   present: 11   in FES: 7
** Event #868096   t=3480.305569269214   Elapsed: 3480.25s (58m 00s)  55% completed  (55% total)
     Speed:     ev/sec=611.419   simsec/sec=0.999999   ev/simsec=611.419
     Messages:  created: 108733   present: 23   in FES: 8
** Event #869376   t=3483.16656981713   Elapsed: 3483.11s (58m 03s)  55% completed  (55% total)
     Speed:     ev/sec=447.396   simsec/sec=1   ev/simsec=447.396
     Messages:  created: 108888   present: 10   in FES: 6
** Event #870656   t=3485.291379118652   Elapsed: 3485.24s (58m 05s)  55% completed  (55% total)
     Speed:     ev/sec=601.478   simsec/sec=0.998457   ev/simsec=602.407
     Messages:  created: 109058   present: 38   in FES: 7
** Event #871680   t=3487.836019587654   Elapsed: 3487.78s (58m 07s)  55% completed  (55% total)
     Speed:     ev/sec=402.934   simsec/sec=1.00129   ev/simsec=402.414
     Messages:  created: 109175   present: 9   in FES: 5
** Event #872704   t=3490.035306503997   Elapsed: 3489.98s (58m 09s)  55% completed  (55% total)
     Speed:     ev/sec=465.605   simsec/sec=1   ev/simsec=465.605
     Messages:  created: 109310   present: 26   in FES: 8
** Event #873472   t=3492.209174446634   Elapsed: 3492.16s (58m 12s)  55% completed  (55% total)
     Speed:     ev/sec=353.287   simsec/sec=1   ev/simsec=353.287
     Messages:  created: 109400   present: 10   in FES: 6
** Event #874496   t=3494.77832025317   Elapsed: 3494.72s (58m 14s)  55% completed  (55% total)
     Speed:     ev/sec=398.576   simsec/sec=1   ev/simsec=398.576
     Messages:  created: 109529   present: 13   in FES: 7
** Event #875264   t=3497.16905050832   Elapsed: 3497.11s (58m 17s)  55% completed  (55% total)
     Speed:     ev/sec=321.24   simsec/sec=0.999998   ev/simsec=321.241
     Messages:  created: 109623   present: 9   in FES: 5
** Event #876032   t=3499.751043478355   Elapsed: 3499.7s (58m 19s)  55% completed  (55% total)
     Speed:     ev/sec=297.445   simsec/sec=1   ev/simsec=297.445
     Messages:  created: 109719   present: 9   in FES: 5
** Event #876800   t=3502.028215896765   Elapsed: 3501.97s (58m 21s)  55% completed  (55% total)
     Speed:     ev/sec=337.26   simsec/sec=1   ev/simsec=337.26
     Messages:  created: 109816   present: 11   in FES: 7
** Event #878080   t=3504.370781004136   Elapsed: 3504.32s (58m 24s)  55% completed  (55% total)
     Speed:     ev/sec=546.224   simsec/sec=0.999661   ev/simsec=546.41
     Messages:  created: 109980   present: 22   in FES: 6
** Event #878848   t=3506.52603588091   Elapsed: 3506.47s (58m 26s)  55% completed  (55% total)
     Speed:     ev/sec=356.47   simsec/sec=1.00037   ev/simsec=356.338
     Messages:  created: 110072   present: 11   in FES: 6
** Event #879616   t=3508.591626758986   Elapsed: 3508.54s (58m 28s)  55% completed  (55% total)
     Speed:     ev/sec=371.806   simsec/sec=1   ev/simsec=371.806
     Messages:  created: 110168   present: 11   in FES: 7
** Event #880640   t=3510.989325837629   Elapsed: 3510.94s (58m 30s)  55% completed  (55% total)
     Speed:     ev/sec=427.076   simsec/sec=1   ev/simsec=427.076
     Messages:  created: 110298   present: 17   in FES: 8
** Event #881664   t=3513.210627070551   Elapsed: 3513.16s (58m 33s)  55% completed  (55% total)
     Speed:     ev/sec=460.991   simsec/sec=0.999999   ev/simsec=460.991
     Messages:  created: 110423   present: 9   in FES: 5
** Event #883456   t=3515.700068220331   Elapsed: 3515.65s (58m 35s)  55% completed  (55% total)
     Speed:     ev/sec=719.841   simsec/sec=1   ev/simsec=719.84
     Messages:  created: 110681   present: 100   in FES: 8
** Event #884992   t=3518.202218632928   Elapsed: 3518.15s (58m 38s)  55% completed  (55% total)
     Speed:     ev/sec=613.872   simsec/sec=1   ev/simsec=613.872
     Messages:  created: 110842   present: 16   in FES: 8
** Event #886016   t=3520.348505468363   Elapsed: 3520.29s (58m 40s)  55% completed  (55% total)
     Speed:     ev/sec=477.103   simsec/sec=1   ev/simsec=477.103
     Messages:  created: 110967   present: 9   in FES: 5
** Event #887040   t=3522.661374424567   Elapsed: 3522.61s (58m 42s)  55% completed  (55% total)
     Speed:     ev/sec=442.74   simsec/sec=1   ev/simsec=442.74
     Messages:  created: 111099   present: 20   in FES: 7
** Event #888320   t=3524.766684566   Elapsed: 3524.72s (58m 44s)  55% completed  (55% total)
     Speed:     ev/sec=606.969   simsec/sec=0.998327   ev/simsec=607.986
     Messages:  created: 111257   present: 14   in FES: 5
** Event #889600   t=3527.417795682364   Elapsed: 3527.36s (58m 47s)  55% completed  (55% total)
     Speed:     ev/sec=483.459   simsec/sec=1.00133   ev/simsec=482.816
     Messages:  created: 111416   present: 11   in FES: 7
** Event #890624   t=3529.677721436543   Elapsed: 3529.62s (58m 49s)  56% completed  (56% total)
     Speed:     ev/sec=453.113   simsec/sec=1   ev/simsec=453.112
     Messages:  created: 111548   present: 21   in FES: 8
** Event #891904   t=3531.935266863318   Elapsed: 3531.88s (58m 51s)  56% completed  (56% total)
     Speed:     ev/sec=566.987   simsec/sec=1   ev/simsec=566.987
     Messages:  created: 111704   present: 12   in FES: 7
** Event #892928   t=3534.221873686918   Elapsed: 3534.17s (58m 54s)  56% completed  (56% total)
     Speed:     ev/sec=447.492   simsec/sec=0.999257   ev/simsec=447.825
     Messages:  created: 111833   present: 14   in FES: 7
** Event #894208   t=3536.500812770638   Elapsed: 3536.45s (58m 56s)  56% completed  (56% total)
     Speed:     ev/sec=562.09   simsec/sec=1.00076   ev/simsec=561.665
     Messages:  created: 111992   present: 11   in FES: 7
** Event #895232   t=3538.926195992225   Elapsed: 3538.87s (58m 58s)  56% completed  (56% total)
     Speed:     ev/sec=422.197   simsec/sec=0.999991   ev/simsec=422.201
     Messages:  created: 112119   present: 9   in FES: 5
** Event #896256   t=3540.947435307283   Elapsed: 3540.89s (59m 00s)  56% completed  (56% total)
     Speed:     ev/sec=506.62   simsec/sec=1   ev/simsec=506.62
     Messages:  created: 112254   present: 28   in FES: 8
** Event #897536   t=3543.318171895697   Elapsed: 3543.26s (59m 03s)  56% completed  (56% total)
     Speed:     ev/sec=539.916   simsec/sec=1   ev/simsec=539.917
     Messages:  created: 112410   present: 17   in FES: 8
** Event #898304   t=3545.82339075984   Elapsed: 3545.77s (59m 05s)  56% completed  (56% total)
     Speed:     ev/sec=306.56   simsec/sec=1   ev/simsec=306.56
     Messages:  created: 112503   present: 10   in FES: 6
** Event #898816   t=3548.397390420568   Elapsed: 3548.34s (59m 08s)  56% completed  (56% total)
     Speed:     ev/sec=198.914   simsec/sec=1.00001   ev/simsec=198.912
     Messages:  created: 112567   present: 11   in FES: 6
** Event #899328   t=3551.238324082874   Elapsed: 3551.18s (59m 11s)  56% completed  (56% total)
     Speed:     ev/sec=180.222   simsec/sec=0.999995   ev/simsec=180.222
     Messages:  created: 112631   present: 9   in FES: 5
** Event #899840   t=3554.238401633839   Elapsed: 3554.18s (59m 14s)  56% completed  (56% total)
     Speed:     ev/sec=170.664   simsec/sec=1.00001   ev/simsec=170.662
     Messages:  created: 112695   present: 9   in FES: 5
** Event #900352   t=3556.865463644559   Elapsed: 3556.82s (59m 16s)  56% completed  (56% total)
     Speed:     ev/sec=194.596   simsec/sec=0.998468   ev/simsec=194.895
     Messages:  created: 112760   present: 13   in FES: 6
** Event #901120   t=3558.997748702682   Elapsed: 3558.94s (59m 18s)  56% completed  (56% total)
     Speed:     ev/sec=360.855   simsec/sec=1.00188   ev/simsec=360.177
     Messages:  created: 112855   present: 9   in FES: 5
** Event #901632   t=3561.440741501225   Elapsed: 3561.39s (59m 21s)  56% completed  (56% total)
     Speed:     ev/sec=209.579   simsec/sec=1   ev/simsec=209.579
     Messages:  created: 112919   present: 9   in FES: 5
** Event #902144   t=3563.477819130256   Elapsed: 3563.42s (59m 23s)  56% completed  (56% total)
     Speed:     ev/sec=251.34   simsec/sec=0.999998   ev/simsec=251.34
     Messages:  created: 112983   present: 9   in FES: 5
** Event #902912   t=3566.474858511514   Elapsed: 3566.42s (59m 26s)  56% completed  (56% total)
     Speed:     ev/sec=256.253   simsec/sec=1   ev/simsec=256.253
     Messages:  created: 113080   present: 12   in FES: 7
** Event #903936   t=3568.477872796036   Elapsed: 3568.42s (59m 28s)  56% completed  (56% total)
     Speed:     ev/sec=511.23   simsec/sec=1   ev/simsec=511.23
     Messages:  created: 113207   present: 10   in FES: 6
** Event #904704   t=3570.537414654772   Elapsed: 3570.48s (59m 30s)  56% completed  (56% total)
     Speed:     ev/sec=372.906   simsec/sec=1.00002   ev/simsec=372.898
     Messages:  created: 113303   present: 10   in FES: 6
** Event #905472   t=3572.771410223929   Elapsed: 3572.73s (59m 32s)  56% completed  (56% total)
     Speed:     ev/sec=342.27   simsec/sec=0.995612   ev/simsec=343.779
     Messages:  created: 113400   present: 13   in FES: 7
** Event #906496   t=3575.104823616677   Elapsed: 3575.05s (59m 35s)  56% completed  (56% total)
     Speed:     ev/sec=440.694   simsec/sec=1.00422   ev/simsec=438.842
     Messages:  created: 113527   present: 11   in FES: 7
** Event #907264   t=3577.137957524005   Elapsed: 3577.08s (59m 37s)  56% completed  (56% total)
     Speed:     ev/sec=377.742   simsec/sec=0.999999   ev/simsec=377.742
     Messages:  created: 113628   present: 23   in FES: 8
** Event #908544   t=3579.149551633432   Elapsed: 3579.1s (59m 39s)  56% completed  (56% total)
     Speed:     ev/sec=636.312   simsec/sec=1   ev/simsec=636.311
     Messages:  created: 113783   present: 10   in FES: 6
** Event #909568   t=3581.695646154612   Elapsed: 3581.64s (59m 41s)  56% completed  (56% total)
     Speed:     ev/sec=402.185   simsec/sec=1   ev/simsec=402.185
     Messages:  created: 113911   present: 10   in FES: 6
** Event #910848   t=3584.176354605293   Elapsed: 3584.12s (59m 44s)  56% completed  (56% total)
     Speed:     ev/sec=515.982   simsec/sec=1   ev/simsec=515.982
     Messages:  created: 114071   present: 11   in FES: 7
** Event #911616   t=3586.35713468406   Elapsed: 3586.3s (59m 46s)  56% completed  (56% total)
     Speed:     ev/sec=352.168   simsec/sec=1   ev/simsec=352.168
     Messages:  created: 114169   present: 16   in FES: 7
** Event #912640   t=3588.795098549222   Elapsed: 3588.74s (59m 48s)  56% completed  (56% total)
     Speed:     ev/sec=420.022   simsec/sec=0.999999   ev/simsec=420.023
     Messages:  created: 114295   present: 11   in FES: 6
** Event #913152   t=3591.022963520613   Elapsed: 3590.97s (59m 50s)  57% completed  (57% total)
     Speed:     ev/sec=229.817   simsec/sec=1   ev/simsec=229.816
     Messages:  created: 114359   present: 10   in FES: 6
** Event #914176   t=3593.373296802885   Elapsed: 3593.32s (59m 53s)  57% completed  (57% total)
     Speed:     ev/sec=435.683   simsec/sec=0.999999   ev/simsec=435.683
     Messages:  created: 114487   present: 11   in FES: 6
** Event #915200   t=3595.891817968603   Elapsed: 3595.84s (59m 55s)  57% completed  (57% total)
     Speed:     ev/sec=406.588   simsec/sec=1   ev/simsec=406.588
     Messages:  created: 114615   present: 11   in FES: 7
** Event #915712   t=3597.983400662018   Elapsed: 3597.93s (59m 57s)  57% completed  (57% total)
     Speed:     ev/sec=244.794   simsec/sec=1.00001   ev/simsec=244.791
     Messages:  created: 114679   present: 9   in FES: 5
** Event #916480   t=3600.036965109045   Elapsed: 3599.98s (59m 59s)  57% completed  (57% total)
     Speed:     ev/sec=373.979   simsec/sec=0.999987   ev/simsec=373.984
     Messages:  created: 114775   present: 10   in FES: 6
** Event #917504   t=3602.623348205527   Elapsed: 3602.57s (1h 00m)  57% completed  (57% total)
     Speed:     ev/sec=395.919   simsec/sec=0.999998   ev/simsec=395.92
     Messages:  created: 114902   present: 9   in FES: 5
t=3602.725161 executing removeServer()
scheduled complete remove at 3602.725161
** Event #918272   t=3604.936551931342   Elapsed: 3604.88s (1h 00m)  57% completed  (57% total)
     Speed:     ev/sec=332.008   simsec/sec=1   ev/simsec=332.007
     Messages:  created: 115001   present: 11   in FES: 7
** Event #919296   t=3607.382075657136   Elapsed: 3607.35s (1h 00m)  57% completed  (57% total)
     Speed:     ev/sec=415.385   simsec/sec=0.992025   ev/simsec=418.724
     Messages:  created: 115131   present: 17   in FES: 6
** Event #920320   t=3609.428778407677   Elapsed: 3609.38s (1h 00m)  57% completed  (57% total)
     Speed:     ev/sec=504.543   simsec/sec=1.00845   ev/simsec=500.317
     Messages:  created: 115265   present: 33   in FES: 6
** Event #921088   t=3611.762832759773   Elapsed: 3611.75s (1h 00m)  57% completed  (57% total)
     Speed:     ev/sec=323.465   simsec/sec=0.983052   ev/simsec=329.041
     Messages:  created: 115352   present: 9   in FES: 5
** Event #922112   t=3614.088641367448   Elapsed: 3614.03s (1h 00m)  57% completed  (57% total)
     Speed:     ev/sec=448.522   simsec/sec=1.01873   ev/simsec=440.277
     Messages:  created: 115487   present: 27   in FES: 7
** Event #922880   t=3616.332744139784   Elapsed: 3616.28s (1h 00m)  57% completed  (57% total)
     Speed:     ev/sec=341.944   simsec/sec=0.999164   ev/simsec=342.23
     Messages:  created: 115576   present: 9   in FES: 6
** Event #923904   t=3618.573579966663   Elapsed: 3618.52s (1h 00m)  57% completed  (57% total)
     Speed:     ev/sec=457.356   simsec/sec=1.00084   ev/simsec=456.972
     Messages:  created: 115706   present: 15   in FES: 7
** Event #924928   t=3620.617115642361   Elapsed: 3620.56s (1h 00m)  57% completed  (57% total)
     Speed:     ev/sec=501.092   simsec/sec=0.999999   ev/simsec=501.092
     Messages:  created: 115848   present: 51   in FES: 7
** Event #925952   t=3622.71567274184   Elapsed: 3622.66s (1h 00m)  57% completed  (57% total)
     Speed:     ev/sec=487.954   simsec/sec=0.999999   ev/simsec=487.954
     Messages:  created: 115977   present: 54   in FES: 7
** Event #927232   t=3625.299114414533   Elapsed: 3625.25s (1h 00m)  57% completed  (57% total)
     Speed:     ev/sec=495.463   simsec/sec=1   ev/simsec=495.463
     Messages:  created: 116151   present: 91   in FES: 7
** Event #928256   t=3627.660899120449   Elapsed: 3627.61s (1h 00m)  57% completed  (57% total)
     Speed:     ev/sec=433.57   simsec/sec=0.999999   ev/simsec=433.57
     Messages:  created: 116288   present: 116   in FES: 7
** Event #929280   t=3630.0968072823   Elapsed: 3630.04s (1h 00m)  57% completed  (57% total)
     Speed:     ev/sec=420.377   simsec/sec=1   ev/simsec=420.377
     Messages:  created: 116405   present: 86   in FES: 7
** Event #930304   t=3632.90285792734   Elapsed: 3632.85s (1h 00m)  57% completed  (57% total)
     Speed:     ev/sec=364.926   simsec/sec=1   ev/simsec=364.926
     Messages:  created: 116509   present: 22   in FES: 7
** Event #931072   t=3634.928717271063   Elapsed: 3634.91s (1h 00m)  57% completed  (57% total)
     Speed:     ev/sec=372.87   simsec/sec=0.983572   ev/simsec=379.098
     Messages:  created: 116600   present: 9   in FES: 5
** Event #932352   t=3637.654454921904   Elapsed: 3637.6s (1h 00m)  57% completed  (57% total)
     Speed:     ev/sec=475.039   simsec/sec=1.01159   ev/simsec=469.598
     Messages:  created: 116769   present: 33   in FES: 5
** Event #933376   t=3639.89867381013   Elapsed: 3639.84s (1h 00m)  57% completed  (57% total)
     Speed:     ev/sec=456.817   simsec/sec=1.00117   ev/simsec=456.283
     Messages:  created: 116899   present: 37   in FES: 7
** Event #934400   t=3641.979673315032   Elapsed: 3641.93s (1h 00m)  57% completed  (57% total)
     Speed:     ev/sec=491.296   simsec/sec=0.998424   ev/simsec=492.071
     Messages:  created: 117028   present: 41   in FES: 6
** Event #935424   t=3644.268323994503   Elapsed: 3644.21s (1h 00m)  57% completed  (57% total)
     Speed:     ev/sec=448.068   simsec/sec=1.00144   ev/simsec=447.425
     Messages:  created: 117149   present: 21   in FES: 7
** Event #936448   t=3646.647076343441   Elapsed: 3646.59s (1h 00m)  57% completed  (57% total)
     Speed:     ev/sec=430.383   simsec/sec=0.99978   ev/simsec=430.478
     Messages:  created: 117278   present: 25   in FES: 6
** Event #937472   t=3648.657060498129   Elapsed: 3648.61s (1h 00m)  57% completed  (57% total)
     Speed:     ev/sec=508.756   simsec/sec=0.998625   ev/simsec=509.457
     Messages:  created: 117433   present: 97   in FES: 6
** Event #938496   t=3651.04384859279   Elapsed: 3650.99s (1h 00m)  57% completed  (57% total)
     Speed:     ev/sec=429.62   simsec/sec=1.00138   ev/simsec=429.028
     Messages:  created: 117562   present: 100   in FES: 7
** Event #939520   t=3653.137542046035   Elapsed: 3653.09s (1h 00m)  57% completed  (57% total)
     Speed:     ev/sec=486.683   simsec/sec=0.995083   ev/simsec=489.088
     Messages:  created: 117695   present: 113   in FES: 6
** Event #940544   t=3655.389313233488   Elapsed: 3655.34s (1h 00m)  58% completed  (58% total)
     Speed:     ev/sec=456.852   simsec/sec=1.00462   ev/simsec=454.753
     Messages:  created: 117823   present: 112   in FES: 7
** Event #941568   t=3657.697244488989   Elapsed: 3657.64s (1h 00m)  58% completed  (58% total)
     Speed:     ev/sec=443.687   simsec/sec=0.999999   ev/simsec=443.687
     Messages:  created: 117938   present: 78   in FES: 7
** Event #942592   t=3659.926386627614   Elapsed: 3659.9s (1h 00m)  58% completed  (58% total)
     Speed:     ev/sec=454.456   simsec/sec=0.989304   ev/simsec=459.37
     Messages:  created: 118061   present: 65   in FES: 6
** Event #943616   t=3662.411591030117   Elapsed: 3662.36s (1h 01m)  58% completed  (58% total)
     Speed:     ev/sec=416.074   simsec/sec=1.00979   ev/simsec=412.039
     Messages:  created: 118178   present: 36   in FES: 6
t=3662.819415 executing addServer()
adding server with latency=60
** Event #944640   t=3664.760687657256   Elapsed: 3664.71s (1h 01m)  58% completed  (58% total)
     Speed:     ev/sec=435.593   simsec/sec=0.999268   ev/simsec=435.912
     Messages:  created: 118307   present: 37   in FES: 7
** Event #945664   t=3666.873851937527   Elapsed: 3666.82s (1h 01m)  58% completed  (58% total)
     Speed:     ev/sec=484.977   simsec/sec=1.00082   ev/simsec=484.581
     Messages:  created: 118440   present: 51   in FES: 8
** Event #946688   t=3669.275486957197   Elapsed: 3669.23s (1h 01m)  58% completed  (58% total)
     Speed:     ev/sec=425.609   simsec/sec=0.998201   ev/simsec=426.376
     Messages:  created: 118560   present: 29   in FES: 7
** Event #947968   t=3671.582541592612   Elapsed: 3671.53s (1h 01m)  58% completed  (58% total)
     Speed:     ev/sec=555.863   simsec/sec=1.00188   ev/simsec=554.82
     Messages:  created: 118739   present: 79   in FES: 8
** Event #949248   t=3673.943947953694   Elapsed: 3673.89s (1h 01m)  58% completed  (58% total)
     Speed:     ev/sec=542.05   simsec/sec=1   ev/simsec=542.05
     Messages:  created: 118923   present: 143   in FES: 8
** Event #950272   t=3676.382162190289   Elapsed: 3676.33s (1h 01m)  58% completed  (58% total)
     Speed:     ev/sec=419.979   simsec/sec=0.999999   ev/simsec=419.98
     Messages:  created: 119037   present: 106   in FES: 8
** Event #951552   t=3678.910257206191   Elapsed: 3678.86s (1h 01m)  58% completed  (58% total)
     Speed:     ev/sec=506.31   simsec/sec=1   ev/simsec=506.31
     Messages:  created: 119197   present: 106   in FES: 8
** Event #952576   t=3681.202205261435   Elapsed: 3681.15s (1h 01m)  58% completed  (58% total)
     Speed:     ev/sec=446.782   simsec/sec=1   ev/simsec=446.782
     Messages:  created: 119328   present: 113   in FES: 8
** Event #953600   t=3683.688293671212   Elapsed: 3683.64s (1h 01m)  58% completed  (58% total)
     Speed:     ev/sec=410.232   simsec/sec=0.995969   ev/simsec=411.892
     Messages:  created: 119430   present: 45   in FES: 6
** Event #955136   t=3685.77450405467   Elapsed: 3685.72s (1h 01m)  58% completed  (58% total)
     Speed:     ev/sec=739.831   simsec/sec=1.00485   ev/simsec=736.263
     Messages:  created: 119665   present: 160   in FES: 8
** Event #956416   t=3688.005206263633   Elapsed: 3687.95s (1h 01m)  58% completed  (58% total)
     Speed:     ev/sec=573.811   simsec/sec=1   ev/simsec=573.81
     Messages:  created: 119854   present: 229   in FES: 8
** Event #957696   t=3690.50699531775   Elapsed: 3690.46s (1h 01m)  58% completed  (58% total)
     Speed:     ev/sec=509.192   simsec/sec=0.995227   ev/simsec=511.634
     Messages:  created: 120044   present: 290   in FES: 7
** Event #958976   t=3692.948401333343   Elapsed: 3692.91s (1h 01m)  58% completed  (58% total)
     Speed:     ev/sec=524.302   simsec/sec=1.00003   ev/simsec=524.288
     Messages:  created: 120240   present: 362   in FES: 7
** Event #960000   t=3695.260200434691   Elapsed: 3695.21s (1h 01m)  58% completed  (58% total)
     Speed:     ev/sec=444.497   simsec/sec=1.0035   ev/simsec=442.945
     Messages:  created: 120366   present: 358   in FES: 7
** Event #961024   t=3697.325649151426   Elapsed: 3697.28s (1h 01m)  58% completed  (58% total)
     Speed:     ev/sec=495.271   simsec/sec=0.998981   ev/simsec=495.776
     Messages:  created: 120495   present: 360   in FES: 7
** Event #962048   t=3700.126196021194   Elapsed: 3700.08s (1h 01m)  58% completed  (58% total)
     Speed:     ev/sec=365.477   simsec/sec=0.999547   ev/simsec=365.643
     Messages:  created: 120602   present: 318   in FES: 7
** Event #963072   t=3702.46033386191   Elapsed: 3702.41s (1h 01m)  58% completed  (58% total)
     Speed:     ev/sec=440.019   simsec/sec=1.00299   ev/simsec=438.706
     Messages:  created: 120707   present: 272   in FES: 7
** Event #963840   t=3704.472978947441   Elapsed: 3704.43s (1h 01m)  58% completed  (58% total)
     Speed:     ev/sec=379.2   simsec/sec=0.993743   ev/simsec=381.587
     Messages:  created: 120792   present: 250   in FES: 7
** Event #965120   t=3706.70164295564   Elapsed: 3706.65s (1h 01m)  58% completed  (58% total)
     Speed:     ev/sec=575.801   simsec/sec=1.00255   ev/simsec=574.335
     Messages:  created: 120976   present: 298   in FES: 7
** Event #966144   t=3709.030526073892   Elapsed: 3708.99s (1h 01m)  58% completed  (58% total)
     Speed:     ev/sec=438.822   simsec/sec=0.998014   ev/simsec=439.696
     Messages:  created: 121108   present: 306   in FES: 7
** Event #967168   t=3711.377885814728   Elapsed: 3711.36s (1h 01m)  58% completed  (58% total)
     Speed:     ev/sec=431.059   simsec/sec=0.988134   ev/simsec=436.235
     Messages:  created: 121239   present: 312   in FES: 7
** Event #968192   t=3713.475368825831   Elapsed: 3713.43s (1h 01m)  58% completed  (58% total)
     Speed:     ev/sec=496.687   simsec/sec=1.01737   ev/simsec=488.204
     Messages:  created: 121356   present: 290   in FES: 7
** Event #969472   t=3715.981019108997   Elapsed: 3715.93s (1h 01m)  58% completed  (58% total)
     Speed:     ev/sec=510.24   simsec/sec=0.998815   ev/simsec=510.845
     Messages:  created: 121538   present: 334   in FES: 7
** Event #970496   t=3718.186427509316   Elapsed: 3718.14s (1h 01m)  59% completed  (59% total)
     Speed:     ev/sec=464.809   simsec/sec=1.00107   ev/simsec=464.313
     Messages:  created: 121678   present: 358   in FES: 7
** Event #971776   t=3720.603986630216   Elapsed: 3720.55s (1h 02m)  59% completed  (59% total)
     Speed:     ev/sec=530.533   simsec/sec=1.00203   ev/simsec=529.46
     Messages:  created: 121840   present: 362   in FES: 8
** Event #972800   t=3722.646123723389   Elapsed: 3722.59s (1h 02m)  59% completed  (59% total)
     Speed:     ev/sec=501.435   simsec/sec=1   ev/simsec=501.435
     Messages:  created: 121981   present: 389   in FES: 8
t=3722.819415 addServer() complete
t=3723.696304 executing setDimmer(0.1)
** Event #974336   t=3724.723927400453   Elapsed: 3724.67s (1h 02m)  59% completed  (59% total)
     Speed:     ev/sec=739.241   simsec/sec=0.999998   ev/simsec=739.242
     Messages:  created: 122083   present: 209   in FES: 7
** Event #975616   t=3726.819125404611   Elapsed: 3726.77s (1h 02m)  59% completed  (59% total)
     Speed:     ev/sec=610.922   simsec/sec=1   ev/simsec=610.921
     Messages:  created: 122185   present: 54   in FES: 7
** Event #976896   t=3729.274780914671   Elapsed: 3729.22s (1h 02m)  59% completed  (59% total)
     Speed:     ev/sec=521.085   simsec/sec=0.999692   ev/simsec=521.246
     Messages:  created: 122328   present: 9   in FES: 5
** Event #977920   t=3731.444578809315   Elapsed: 3731.39s (1h 02m)  59% completed  (59% total)
     Speed:     ev/sec=471.683   simsec/sec=0.999469   ev/simsec=471.933
     Messages:  created: 122456   present: 9   in FES: 5
** Event #978944   t=3733.466624936185   Elapsed: 3733.41s (1h 02m)  59% completed  (59% total)
     Speed:     ev/sec=506.815   simsec/sec=1.00078   ev/simsec=506.418
     Messages:  created: 122584   present: 9   in FES: 5
** Event #979456   t=3735.45159728126   Elapsed: 3735.43s (1h 02m)  59% completed  (59% total)
     Speed:     ev/sec=253.538   simsec/sec=0.98294   ev/simsec=257.938
     Messages:  created: 122648   present: 9   in FES: 5
** Event #980480   t=3737.67881111761   Elapsed: 3737.63s (1h 02m)  59% completed  (59% total)
     Speed:     ev/sec=466.94   simsec/sec=1.0156   ev/simsec=459.767
     Messages:  created: 122776   present: 9   in FES: 5
** Event #981504   t=3740.366235639699   Elapsed: 3740.33s (1h 02m)  59% completed  (59% total)
     Speed:     ev/sec=378.07   simsec/sec=0.992221   ev/simsec=381.034
     Messages:  created: 122904   present: 9   in FES: 5
** Event #982528   t=3742.928516657962   Elapsed: 3742.88s (1h 02m)  59% completed  (59% total)
     Speed:     ev/sec=402.534   simsec/sec=1.00723   ev/simsec=399.644
     Messages:  created: 123032   present: 9   in FES: 5
** Event #983552   t=3746.090639415783   Elapsed: 3746.04s (1h 02m)  59% completed  (59% total)
     Speed:     ev/sec=323.967   simsec/sec=1.00042   ev/simsec=323.833
     Messages:  created: 123160   present: 9   in FES: 5
** Event #984320   t=3748.45716457502   Elapsed: 3748.4s (1h 02m)  59% completed  (59% total)
     Speed:     ev/sec=324.605   simsec/sec=1.00024   ev/simsec=324.526
     Messages:  created: 123256   present: 9   in FES: 5
** Event #985344   t=3750.792000654648   Elapsed: 3750.74s (1h 02m)  59% completed  (59% total)
     Speed:     ev/sec=437.636   simsec/sec=0.997861   ev/simsec=438.575
     Messages:  created: 123384   present: 9   in FES: 5
** Event #986368   t=3752.790010523749   Elapsed: 3752.75s (1h 02m)  59% completed  (59% total)
     Speed:     ev/sec=509.448   simsec/sec=0.994026   ev/simsec=512.51
     Messages:  created: 123512   present: 9   in FES: 5
** Event #987392   t=3755.609646695611   Elapsed: 3755.56s (1h 02m)  59% completed  (59% total)
     Speed:     ev/sec=365.314   simsec/sec=1.00591   ev/simsec=363.167
     Messages:  created: 123640   present: 9   in FES: 5
** Event #988416   t=3758.262450640988   Elapsed: 3758.21s (1h 02m)  59% completed  (59% total)
     Speed:     ev/sec=385.768   simsec/sec=0.999381   ev/simsec=386.007
     Messages:  created: 123768   present: 9   in FES: 5
** Event #989696   t=3760.766785492512   Elapsed: 3760.72s (1h 02m)  59% completed  (59% total)
     Speed:     ev/sec=511.282   simsec/sec=1.00033   ev/simsec=511.114
     Messages:  created: 123928   present: 9   in FES: 5
** Event #990976   t=3763.457428602854   Elapsed: 3763.4s (1h 02m)  59% completed  (59% total)
     Speed:     ev/sec=475.997   simsec/sec=1.00058   ev/simsec=475.723
     Messages:  created: 124088   present: 9   in FES: 5
** Event #991744   t=3766.75858750965   Elapsed: 3766.7s (1h 02m)  59% completed  (59% total)
     Speed:     ev/sec=232.688   simsec/sec=1.00018   ev/simsec=232.646
     Messages:  created: 124184   present: 9   in FES: 5
** Event #992512   t=3768.96220411983   Elapsed: 3768.91s (1h 02m)  59% completed  (59% total)
     Speed:     ev/sec=348.523   simsec/sec=1.00002   ev/simsec=348.518
     Messages:  created: 124280   present: 9   in FES: 5
** Event #993536   t=3771.685037945629   Elapsed: 3771.63s (1h 02m)  59% completed  (59% total)
     Speed:     ev/sec=375.983   simsec/sec=0.999745   ev/simsec=376.079
     Messages:  created: 124408   present: 9   in FES: 5
** Event #994560   t=3773.727555694455   Elapsed: 3773.67s (1h 02m)  59% completed  (59% total)
     Speed:     ev/sec=501.44   simsec/sec=1.0002   ev/simsec=501.342
     Messages:  created: 124536   present: 9   in FES: 5
** Event #995840   t=3776.381703191256   Elapsed: 3776.33s (1h 02m)  59% completed  (59% total)
     Speed:     ev/sec=482.148   simsec/sec=0.999759   ev/simsec=482.264
     Messages:  created: 124696   present: 9   in FES: 5
** Event #997120   t=3778.603335500566   Elapsed: 3778.55s (1h 02m)  59% completed  (59% total)
     Speed:     ev/sec=575.834   simsec/sec=0.999447   ev/simsec=576.153
     Messages:  created: 124856   present: 9   in FES: 5
** Event #997888   t=3780.643471587009   Elapsed: 3780.59s (1h 03m)  60% completed  (60% total)
     Speed:     ev/sec=376.897   simsec/sec=1.0012   ev/simsec=376.445
     Messages:  created: 124952   present: 10   in FES: 6
** Event #998912   t=3783.040663344155   Elapsed: 3782.99s (1h 03m)  60% completed  (60% total)
     Speed:     ev/sec=427.193   simsec/sec=1.00006   ev/simsec=427.166
     Messages:  created: 125080   present: 11   in FES: 6
t=3783.52523 executing setDimmer(0.5)
** Event #1000192   t=3785.646556155942   Elapsed: 3785.59s (1h 03m)  60% completed  (60% total)
     Speed:     ev/sec=491.194   simsec/sec=1   ev/simsec=491.194
     Messages:  created: 125240   present: 10   in FES: 6
** Event #1001472   t=3788.130402994996   Elapsed: 3788.08s (1h 03m)  60% completed  (60% total)
     Speed:     ev/sec=515.33   simsec/sec=1   ev/simsec=515.33
     Messages:  created: 125399   present: 9   in FES: 5
** Event #1002752   t=3790.348399186051   Elapsed: 3790.34s (1h 03m)  60% completed  (60% total)
     Speed:     ev/sec=565.39   simsec/sec=0.979714   ev/simsec=577.097
     Messages:  created: 125560   present: 11   in FES: 6
** Event #1003520   t=3792.508741031516   Elapsed: 3792.45s (1h 03m)  60% completed  (60% total)
     Speed:     ev/sec=363.221   simsec/sec=1.02172   ev/simsec=355.499
     Messages:  created: 125657   present: 13   in FES: 8
** Event #1005056   t=3794.612940052524   Elapsed: 3794.56s (1h 03m)  60% completed  (60% total)
     Speed:     ev/sec=729.969   simsec/sec=1   ev/simsec=729.969
     Messages:  created: 125849   present: 13   in FES: 7
** Event #1006848   t=3796.830095186887   Elapsed: 3796.78s (1h 03m)  60% completed  (60% total)
     Speed:     ev/sec=807.566   simsec/sec=0.999163   ev/simsec=808.243
     Messages:  created: 126072   present: 11   in FES: 6
** Event #1008384   t=3799.176751822186   Elapsed: 3799.12s (1h 03m)  60% completed  (60% total)
     Speed:     ev/sec=655.067   simsec/sec=1.00079   ev/simsec=654.548
     Messages:  created: 126264   present: 10   in FES: 6
** Event #1009664   t=3801.611579534212   Elapsed: 3801.56s (1h 03m)  60% completed  (60% total)
     Speed:     ev/sec=525.405   simsec/sec=0.999431   ev/simsec=525.705
     Messages:  created: 126424   present: 11   in FES: 6
** Event #1010688   t=3803.902704962248   Elapsed: 3803.86s (1h 03m)  60% completed  (60% total)
     Speed:     ev/sec=445.359   simsec/sec=0.996459   ev/simsec=446.942
     Messages:  created: 126552   present: 11   in FES: 6
** Event #1011968   t=3806.388431483385   Elapsed: 3806.33s (1h 03m)  60% completed  (60% total)
     Speed:     ev/sec=516.921   simsec/sec=1.00385   ev/simsec=514.94
     Messages:  created: 126711   present: 9   in FES: 5
** Event #1012992   t=3808.437821838705   Elapsed: 3808.38s (1h 03m)  60% completed  (60% total)
     Speed:     ev/sec=499.661   simsec/sec=1   ev/simsec=499.661
     Messages:  created: 126840   present: 10   in FES: 6
** Event #1014016   t=3810.702561332015   Elapsed: 3810.65s (1h 03m)  60% completed  (60% total)
     Speed:     ev/sec=452.149   simsec/sec=0.999999   ev/simsec=452.149
     Messages:  created: 126967   present: 9   in FES: 5
** Event #1015296   t=3812.911954333261   Elapsed: 3812.86s (1h 03m)  60% completed  (60% total)
     Speed:     ev/sec=579.172   simsec/sec=0.999702   ev/simsec=579.345
     Messages:  created: 127128   present: 11   in FES: 6
** Event #1016320   t=3815.102203292536   Elapsed: 3815.05s (1h 03m)  60% completed  (60% total)
     Speed:     ev/sec=467.668   simsec/sec=1.0003   ev/simsec=467.527
     Messages:  created: 127257   present: 13   in FES: 8
** Event #1017344   t=3817.2514994568   Elapsed: 3817.2s (1h 03m)  60% completed  (60% total)
     Speed:     ev/sec=476.435   simsec/sec=1   ev/simsec=476.435
     Messages:  created: 127384   present: 10   in FES: 6
** Event #1018624   t=3819.535838658078   Elapsed: 3819.48s (1h 03m)  60% completed  (60% total)
     Speed:     ev/sec=560.337   simsec/sec=1   ev/simsec=560.337
     Messages:  created: 127544   present: 10   in FES: 6
** Event #1019648   t=3821.795800189994   Elapsed: 3821.74s (1h 03m)  60% completed  (60% total)
     Speed:     ev/sec=453.105   simsec/sec=1   ev/simsec=453.105
     Messages:  created: 127674   present: 15   in FES: 7
** Event #1020672   t=3823.990343066897   Elapsed: 3823.94s (1h 03m)  60% completed  (60% total)
     Speed:     ev/sec=466.612   simsec/sec=1   ev/simsec=466.612
     Messages:  created: 127800   present: 10   in FES: 6
** Event #1021952   t=3826.36527948887   Elapsed: 3826.31s (1h 03m)  60% completed  (60% total)
     Speed:     ev/sec=538.962   simsec/sec=1   ev/simsec=538.962
     Messages:  created: 127960   present: 10   in FES: 6
** Event #1022976   t=3828.497932920356   Elapsed: 3828.44s (1h 03m)  60% completed  (60% total)
     Speed:     ev/sec=480.153   simsec/sec=0.999999   ev/simsec=480.153
     Messages:  created: 128089   present: 13   in FES: 7
** Event #1024000   t=3830.72097300021   Elapsed: 3830.67s (1h 03m)  60% completed  (60% total)
     Speed:     ev/sec=459.851   simsec/sec=0.998309   ev/simsec=460.63
     Messages:  created: 128216   present: 11   in FES: 6
** Event #1025536   t=3833.24633059324   Elapsed: 3833.19s (1h 03m)  60% completed  (60% total)
     Speed:     ev/sec=609.139   simsec/sec=1.00149   ev/simsec=608.231
     Messages:  created: 128408   present: 10   in FES: 6
** Event #1026560   t=3835.909678625064   Elapsed: 3835.86s (1h 03m)  60% completed  (60% total)
     Speed:     ev/sec=384.478   simsec/sec=1   ev/simsec=384.478
     Messages:  created: 128535   present: 9   in FES: 5
** Event #1027584   t=3838.171250087999   Elapsed: 3838.13s (1h 03m)  60% completed  (60% total)
     Speed:     ev/sec=450.598   simsec/sec=0.995176   ev/simsec=452.783
     Messages:  created: 128664   present: 11   in FES: 5
** Event #1028864   t=3840.331130247656   Elapsed: 3840.28s (1h 04m)  60% completed  (60% total)
     Speed:     ev/sec=595.649   simsec/sec=1.0051   ev/simsec=592.625
     Messages:  created: 128825   present: 14   in FES: 7
** Event #1029632   t=3842.369777125139   Elapsed: 3842.32s (1h 04m)  60% completed  (60% total)
     Speed:     ev/sec=376.669   simsec/sec=0.999864   ev/simsec=376.72
     Messages:  created: 128919   present: 10   in FES: 6
** Event #1030656   t=3844.835102299031   Elapsed: 3844.78s (1h 04m)  61% completed  (61% total)
     Speed:     ev/sec=415.408   simsec/sec=1.00011   ev/simsec=415.361
     Messages:  created: 129049   present: 14   in FES: 7
t=3845.818351 executing setDimmer(0.9)
** Event #1031680   t=3846.918443600584   Elapsed: 3846.86s (1h 04m)  61% completed  (61% total)
     Speed:     ev/sec=491.518   simsec/sec=1   ev/simsec=491.518
     Messages:  created: 129175   present: 11   in FES: 7
** Event #1032704   t=3849.658635907483   Elapsed: 3849.6s (1h 04m)  61% completed  (61% total)
     Speed:     ev/sec=373.696   simsec/sec=0.999999   ev/simsec=373.696
     Messages:  created: 129303   present: 10   in FES: 6
** Event #1033728   t=3852.099107183892   Elapsed: 3852.05s (1h 04m)  61% completed  (61% total)
     Speed:     ev/sec=419.591   simsec/sec=1   ev/simsec=419.591
     Messages:  created: 129435   present: 20   in FES: 8
** Event #1034496   t=3854.781284982421   Elapsed: 3854.74s (1h 04m)  61% completed  (61% total)
     Speed:     ev/sec=285.441   simsec/sec=0.99688   ev/simsec=286.334
     Messages:  created: 129528   present: 13   in FES: 7
** Event #1035520   t=3857.287522063336   Elapsed: 3857.23s (1h 04m)  61% completed  (61% total)
     Speed:     ev/sec=409.954   simsec/sec=1.00336   ev/simsec=408.581
     Messages:  created: 129655   present: 11   in FES: 7
** Event #1037056   t=3859.59483236342   Elapsed: 3859.55s (1h 04m)  61% completed  (61% total)
     Speed:     ev/sec=664.181   simsec/sec=0.997703   ev/simsec=665.71
     Messages:  created: 129860   present: 45   in FES: 7
** Event #1038336   t=3861.739521361078   Elapsed: 3861.69s (1h 04m)  61% completed  (61% total)
     Speed:     ev/sec=598.305   simsec/sec=1.00248   ev/simsec=596.823
     Messages:  created: 130012   present: 24   in FES: 8
** Event #1039616   t=3863.987718855347   Elapsed: 3863.93s (1h 04m)  61% completed  (61% total)
     Speed:     ev/sec=569.345   simsec/sec=0.999999   ev/simsec=569.345
     Messages:  created: 130168   present: 12   in FES: 7
** Event #1040640   t=3866.229802488056   Elapsed: 3866.18s (1h 04m)  61% completed  (61% total)
     Speed:     ev/sec=456.719   simsec/sec=1   ev/simsec=456.718
     Messages:  created: 130298   present: 18   in FES: 8
** Event #1042176   t=3868.603634407939   Elapsed: 3868.55s (1h 04m)  61% completed  (61% total)
     Speed:     ev/sec=645.917   simsec/sec=0.998242   ev/simsec=647.055
     Messages:  created: 130497   present: 37   in FES: 7
** Event #1043456   t=3870.611074456971   Elapsed: 3870.56s (1h 04m)  61% completed  (61% total)
     Speed:     ev/sec=638.959   simsec/sec=1.00209   ev/simsec=637.628
     Messages:  created: 130658   present: 40   in FES: 7
** Event #1044736   t=3872.817555784812   Elapsed: 3872.76s (1h 04m)  61% completed  (61% total)
     Speed:     ev/sec=580.109   simsec/sec=1   ev/simsec=580.109
     Messages:  created: 130818   present: 40   in FES: 8
** Event #1046272   t=3875.072012991214   Elapsed: 3875.03s (1h 04m)  61% completed  (61% total)
     Speed:     ev/sec=678.786   simsec/sec=0.996286   ev/simsec=681.317
     Messages:  created: 131012   present: 45   in FES: 6
** Event #1047296   t=3877.433030815034   Elapsed: 3877.38s (1h 04m)  61% completed  (61% total)
     Speed:     ev/sec=435.261   simsec/sec=1.00357   ev/simsec=433.711
     Messages:  created: 131129   present: 16   in FES: 8
** Event #1048320   t=3879.830104153673   Elapsed: 3879.78s (1h 04m)  61% completed  (61% total)
     Speed:     ev/sec=427.187   simsec/sec=1   ev/simsec=427.188
     Messages:  created: 131258   present: 17   in FES: 8
** Event #1049600   t=3882.491444566495   Elapsed: 3882.44s (1h 04m)  61% completed  (61% total)
     Speed:     ev/sec=480.96   simsec/sec=0.999999   ev/simsec=480.961
     Messages:  created: 131415   present: 10   in FES: 6
** Event #1050368   t=3884.515332970613   Elapsed: 3884.46s (1h 04m)  61% completed  (61% total)
     Speed:     ev/sec=379.469   simsec/sec=1   ev/simsec=379.468
     Messages:  created: 131511   present: 10   in FES: 6
** Event #1051392   t=3887.434165467717   Elapsed: 3887.38s (1h 04m)  61% completed  (61% total)
     Speed:     ev/sec=350.825   simsec/sec=0.999999   ev/simsec=350.825
     Messages:  created: 131639   present: 9   in FES: 5
** Event #1052160   t=3889.743771122953   Elapsed: 3889.69s (1h 04m)  61% completed  (61% total)
     Speed:     ev/sec=332.513   simsec/sec=0.999965   ev/simsec=332.524
     Messages:  created: 131736   present: 13   in FES: 6
** Event #1052928   t=3891.864198468789   Elapsed: 3891.81s (1h 04m)  61% completed  (61% total)
     Speed:     ev/sec=362.205   simsec/sec=1.00004   ev/simsec=362.191
     Messages:  created: 131831   present: 10   in FES: 6
** Event #1053952   t=3894.502634444917   Elapsed: 3894.45s (1h 04m)  61% completed  (61% total)
     Speed:     ev/sec=388.109   simsec/sec=1   ev/simsec=388.109
     Messages:  created: 131959   present: 10   in FES: 6
** Event #1054976   t=3896.617693898338   Elapsed: 3896.56s (1h 04m)  61% completed  (61% total)
     Speed:     ev/sec=484.147   simsec/sec=1   ev/simsec=484.147
     Messages:  created: 132087   present: 11   in FES: 6
** Event #1056000   t=3898.94115352385   Elapsed: 3898.89s (1h 04m)  61% completed  (61% total)
     Speed:     ev/sec=440.718   simsec/sec=0.999992   ev/simsec=440.722
     Messages:  created: 132215   present: 9   in FES: 5
** Event #1056768   t=3901.269041250199   Elapsed: 3901.24s (1h 05m)  61% completed  (61% total)
     Speed:     ev/sec=326.39   simsec/sec=0.989322   ev/simsec=329.913
     Messages:  created: 132311   present: 12   in FES: 6
** Event #1057536   t=3903.307762331042   Elapsed: 3903.25s (1h 05m)  61% completed  (61% total)
     Speed:     ev/sec=381.411   simsec/sec=1.01249   ev/simsec=376.707
     Messages:  created: 132406   present: 9   in FES: 5
** Event #1058304   t=3906.015035503616   Elapsed: 3905.96s (1h 05m)  62% completed  (62% total)
     Speed:     ev/sec=283.68   simsec/sec=1   ev/simsec=283.68
     Messages:  created: 132502   present: 10   in FES: 6
** Event #1059328   t=3908.140550899708   Elapsed: 3908.09s (1h 05m)  62% completed  (62% total)
     Speed:     ev/sec=481.766   simsec/sec=1   ev/simsec=481.766
     Messages:  created: 132632   present: 14   in FES: 7
** Event #1060096   t=3919.533846579485   Elapsed: 3919.48s (1h 05m)  62% completed  (62% total)
     Speed:     ev/sec=67.408   simsec/sec=1   ev/simsec=67.4081
     Messages:  created: 132726   present: 9   in FES: 5
** Event #1061120   t=3921.953150497902   Elapsed: 3921.9s (1h 05m)  62% completed  (62% total)
     Speed:     ev/sec=423.263   simsec/sec=1   ev/simsec=423.262
     Messages:  created: 132854   present: 10   in FES: 6
** Event #1062144   t=3924.82809121408   Elapsed: 3924.77s (1h 05m)  62% completed  (62% total)
     Speed:     ev/sec=356.182   simsec/sec=1   ev/simsec=356.181
     Messages:  created: 132984   present: 15   in FES: 8
** Event #1063168   t=3927.118456750321   Elapsed: 3927.07s (1h 05m)  62% completed  (62% total)
     Speed:     ev/sec=446.961   simsec/sec=0.999711   ev/simsec=447.09
     Messages:  created: 133111   present: 12   in FES: 6
** Event #1064448   t=3929.491081732816   Elapsed: 3929.44s (1h 05m)  62% completed  (62% total)
     Speed:     ev/sec=539.636   simsec/sec=1.00028   ev/simsec=539.487
     Messages:  created: 133270   present: 9   in FES: 5
** Event #1065728   t=3931.961824121696   Elapsed: 3931.91s (1h 05m)  62% completed  (62% total)
     Speed:     ev/sec=518.064   simsec/sec=1   ev/simsec=518.063
     Messages:  created: 133432   present: 15   in FES: 8
** Event #1067008   t=3933.988826284703   Elapsed: 3933.93s (1h 05m)  62% completed  (62% total)
     Speed:     ev/sec=631.475   simsec/sec=1   ev/simsec=631.474
     Messages:  created: 133591   present: 11   in FES: 6
** Event #1067776   t=3936.113598492758   Elapsed: 3936.06s (1h 05m)  62% completed  (62% total)
     Speed:     ev/sec=361.451   simsec/sec=1   ev/simsec=361.451
     Messages:  created: 133686   present: 10   in FES: 6
** Event #1069056   t=3938.232182731839   Elapsed: 3938.18s (1h 05m)  62% completed  (62% total)
     Speed:     ev/sec=604.177   simsec/sec=1   ev/simsec=604.177
     Messages:  created: 133850   present: 19   in FES: 8
** Event #1070080   t=3940.409024277365   Elapsed: 3940.35s (1h 05m)  62% completed  (62% total)
     Speed:     ev/sec=470.406   simsec/sec=0.999999   ev/simsec=470.406
     Messages:  created: 133977   present: 16   in FES: 8
** Event #1071360   t=3942.922863166245   Elapsed: 3942.87s (1h 05m)  62% completed  (62% total)
     Speed:     ev/sec=509.181   simsec/sec=1   ev/simsec=509.181
     Messages:  created: 134136   present: 15   in FES: 7
** Event #1072640   t=3945.199827592341   Elapsed: 3945.15s (1h 05m)  62% completed  (62% total)
     Speed:     ev/sec=562.152   simsec/sec=1   ev/simsec=562.152
     Messages:  created: 134306   present: 41   in FES: 8
** Event #1073920   t=3947.474281637593   Elapsed: 3947.42s (1h 05m)  62% completed  (62% total)
     Speed:     ev/sec=562.289   simsec/sec=0.999141   ev/simsec=562.772
     Messages:  created: 134455   present: 12   in FES: 7
** Event #1074688   t=3949.677276776479   Elapsed: 3949.63s (1h 05m)  62% completed  (62% total)
     Speed:     ev/sec=347.937   simsec/sec=0.998052   ev/simsec=348.616
     Messages:  created: 134554   present: 20   in FES: 7
** Event #1075712   t=3952.165660179147   Elapsed: 3952.11s (1h 05m)  62% completed  (62% total)
     Speed:     ev/sec=412.549   simsec/sec=1.00252   ev/simsec=411.512
     Messages:  created: 134678   present: 10   in FES: 6
** Event #1076992   t=3954.412717808755   Elapsed: 3954.37s (1h 05m)  62% completed  (62% total)
     Speed:     ev/sec=565.632   simsec/sec=0.992975   ev/simsec=569.634
     Messages:  created: 134845   present: 28   in FES: 7
** Event #1078528   t=3956.770281458356   Elapsed: 3956.72s (1h 05m)  62% completed  (62% total)
     Speed:     ev/sec=655.943   simsec/sec=1.00679   ev/simsec=651.52
     Messages:  created: 135041   present: 39   in FES: 8
** Event #1080064   t=3959.256699753624   Elapsed: 3959.2s (1h 05m)  62% completed  (62% total)
     Speed:     ev/sec=617.756   simsec/sec=1   ev/simsec=617.756
     Messages:  created: 135227   present: 23   in FES: 8
** Event #1081088   t=3961.623600627739   Elapsed: 3961.57s (1h 06m)  62% completed  (62% total)
     Speed:     ev/sec=432.633   simsec/sec=1   ev/simsec=432.633
     Messages:  created: 135352   present: 15   in FES: 8
** Event #1082368   t=3963.83174811118   Elapsed: 3963.78s (1h 06m)  62% completed  (62% total)
     Speed:     ev/sec=579.671   simsec/sec=0.999999   ev/simsec=579.671
     Messages:  created: 135511   present: 13   in FES: 7
** Event #1083392   t=3965.86682467291   Elapsed: 3965.81s (1h 06m)  62% completed  (62% total)
     Speed:     ev/sec=503.176   simsec/sec=1   ev/simsec=503.175
     Messages:  created: 135641   present: 18   in FES: 8
** Event #1084416   t=3968.310890160357   Elapsed: 3968.26s (1h 06m)  62% completed  (62% total)
     Speed:     ev/sec=418.973   simsec/sec=0.999999   ev/simsec=418.974
     Messages:  created: 135768   present: 15   in FES: 8
** Event #1085440   t=3970.39067725542   Elapsed: 3970.34s (1h 06m)  63% completed  (63% total)
     Speed:     ev/sec=492.358   simsec/sec=1   ev/simsec=492.358
     Messages:  created: 135894   present: 10   in FES: 6
** Event #1086976   t=3972.591599920753   Elapsed: 3972.54s (1h 06m)  63% completed  (63% total)
     Speed:     ev/sec=697.89   simsec/sec=1   ev/simsec=697.889
     Messages:  created: 136102   present: 54   in FES: 8
** Event #1088768   t=3974.973870187465   Elapsed: 3974.92s (1h 06m)  63% completed  (63% total)
     Speed:     ev/sec=752.223   simsec/sec=1   ev/simsec=752.224
     Messages:  created: 136348   present: 113   in FES: 8
** Event #1090048   t=3977.120913312003   Elapsed: 3977.07s (1h 06m)  63% completed  (63% total)
     Speed:     ev/sec=596.169   simsec/sec=1   ev/simsec=596.169
     Messages:  created: 136499   present: 88   in FES: 8
** Event #1091584   t=3979.502307128898   Elapsed: 3979.45s (1h 06m)  63% completed  (63% total)
     Speed:     ev/sec=645   simsec/sec=0.999999   ev/simsec=645
     Messages:  created: 136673   present: 39   in FES: 8
** Event #1092864   t=3981.918211816267   Elapsed: 3981.86s (1h 06m)  63% completed  (63% total)
     Speed:     ev/sec=529.822   simsec/sec=1   ev/simsec=529.822
     Messages:  created: 136822   present: 10   in FES: 6
** Event #1093888   t=3984.20513446403   Elapsed: 3984.15s (1h 06m)  63% completed  (63% total)
     Speed:     ev/sec=447.763   simsec/sec=0.999999   ev/simsec=447.763
     Messages:  created: 136952   present: 16   in FES: 8
** Event #1095168   t=3986.561139324817   Elapsed: 3986.51s (1h 06m)  63% completed  (63% total)
     Speed:     ev/sec=543.293   simsec/sec=1   ev/simsec=543.293
     Messages:  created: 137112   present: 17   in FES: 8
** Event #1096448   t=3988.600658715578   Elapsed: 3988.55s (1h 06m)  63% completed  (63% total)
     Speed:     ev/sec=627.599   simsec/sec=1   ev/simsec=627.599
     Messages:  created: 137272   present: 16   in FES: 7
** Event #1097984   t=3990.89295119674   Elapsed: 3990.84s (1h 06m)  63% completed  (63% total)
     Speed:     ev/sec=670.072   simsec/sec=1   ev/simsec=670.072
     Messages:  created: 137485   present: 71   in FES: 8
** Event #1099520   t=3993.427766021475   Elapsed: 3993.37s (1h 06m)  63% completed  (63% total)
     Speed:     ev/sec=605.961   simsec/sec=0.999999   ev/simsec=605.961
     Messages:  created: 137656   present: 17   in FES: 7
** Event #1100544   t=3995.522023374738   Elapsed: 3995.47s (1h 06m)  63% completed  (63% total)
     Speed:     ev/sec=488.957   simsec/sec=1   ev/simsec=488.956
     Messages:  created: 137783   present: 14   in FES: 7
** Event #1101824   t=3997.777716227193   Elapsed: 3997.72s (1h 06m)  63% completed  (63% total)
     Speed:     ev/sec=567.453   simsec/sec=1   ev/simsec=567.453
     Messages:  created: 137944   present: 17   in FES: 8
** Event #1103104   t=4000.411555918349   Elapsed: 4000.36s (1h 06m)  63% completed  (63% total)
     Speed:     ev/sec=485.982   simsec/sec=0.999999   ev/simsec=485.983
     Messages:  created: 138101   present: 9   in FES: 5
** Event #1104384   t=4002.683329855933   Elapsed: 4002.63s (1h 06m)  63% completed  (63% total)
     Speed:     ev/sec=563.437   simsec/sec=1   ev/simsec=563.436
     Messages:  created: 138278   present: 53   in FES: 8
** Event #1105664   t=4004.819518685975   Elapsed: 4004.77s (1h 06m)  63% completed  (63% total)
     Speed:     ev/sec=598.996   simsec/sec=0.999663   ev/simsec=599.198
     Messages:  created: 138422   present: 11   in FES: 6
** Event #1106688   t=4006.926993109832   Elapsed: 4006.87s (1h 06m)  63% completed  (63% total)
     Speed:     ev/sec=486.055   simsec/sec=1.00034   ev/simsec=485.89
     Messages:  created: 138551   present: 14   in FES: 8
** Event #1107456   t=4008.945259697084   Elapsed: 4008.89s (1h 06m)  63% completed  (63% total)
     Speed:     ev/sec=380.524   simsec/sec=0.999997   ev/simsec=380.525
     Messages:  created: 138645   present: 9   in FES: 5
** Event #1108736   t=4011.296878116846   Elapsed: 4011.24s (1h 06m)  63% completed  (63% total)
     Speed:     ev/sec=544.307   simsec/sec=1   ev/simsec=544.306
     Messages:  created: 138807   present: 13   in FES: 8
** Event #1109504   t=4013.615916360727   Elapsed: 4013.56s (1h 06m)  63% completed  (63% total)
     Speed:     ev/sec=331.172   simsec/sec=1   ev/simsec=331.172
     Messages:  created: 138902   present: 10   in FES: 6
** Event #1110528   t=4016.226799202023   Elapsed: 4016.17s (1h 06m)  63% completed  (63% total)
     Speed:     ev/sec=392.205   simsec/sec=1   ev/simsec=392.205
     Messages:  created: 139030   present: 10   in FES: 6
** Event #1111552   t=4018.608099663833   Elapsed: 4018.59s (1h 06m)  63% completed  (63% total)
     Speed:     ev/sec=424.252   simsec/sec=0.986594   ev/simsec=430.017
     Messages:  created: 139158   present: 11   in FES: 6
** Event #1112576   t=4021.021615343227   Elapsed: 4020.97s (1h 07m)  63% completed  (63% total)
     Speed:     ev/sec=430.042   simsec/sec=1.01359   ev/simsec=424.277
     Messages:  created: 139290   present: 22   in FES: 8
** Event #1113856   t=4023.599683801197   Elapsed: 4023.55s (1h 07m)  63% completed  (63% total)
     Speed:     ev/sec=495.144   simsec/sec=0.997277   ev/simsec=496.496
     Messages:  created: 139445   present: 10   in FES: 6
** Event #1114880   t=4026.323814804688   Elapsed: 4026.27s (1h 07m)  63% completed  (63% total)
     Speed:     ev/sec=376.874   simsec/sec=1.00259   ev/simsec=375.9
     Messages:  created: 139573   present: 9   in FES: 5
** Event #1115392   t=4028.413655948262   Elapsed: 4028.36s (1h 07m)  63% completed  (63% total)
     Speed:     ev/sec=244.995   simsec/sec=1   ev/simsec=244.995
     Messages:  created: 139637   present: 9   in FES: 5
** Event #1116160   t=4030.878072678211   Elapsed: 4030.82s (1h 07m)  63% completed  (63% total)
     Speed:     ev/sec=311.542   simsec/sec=0.999701   ev/simsec=311.636
     Messages:  created: 139733   present: 10   in FES: 6
** Event #1117184   t=4033.233908797988   Elapsed: 4033.2s (1h 07m)  64% completed  (64% total)
     Speed:     ev/sec=431.586   simsec/sec=0.992917   ev/simsec=434.665
     Messages:  created: 139861   present: 10   in FES: 5
** Event #1117952   t=4035.306901976309   Elapsed: 4035.25s (1h 07m)  64% completed  (64% total)
     Speed:     ev/sec=373.641   simsec/sec=1.00853   ev/simsec=370.479
     Messages:  created: 139957   present: 9   in FES: 5
** Event #1118976   t=4038.131609781597   Elapsed: 4038.08s (1h 07m)  64% completed  (64% total)
     Speed:     ev/sec=362.515   simsec/sec=1   ev/simsec=362.515
     Messages:  created: 140085   present: 9   in FES: 5
** Event #1120000   t=4040.409791552473   Elapsed: 4040.36s (1h 07m)  64% completed  (64% total)
     Speed:     ev/sec=449.481   simsec/sec=1   ev/simsec=449.481
     Messages:  created: 140217   present: 20   in FES: 8
** Event #1121536   t=4042.596952753154   Elapsed: 4042.54s (1h 07m)  64% completed  (64% total)
     Speed:     ev/sec=702.28   simsec/sec=1   ev/simsec=702.28
     Messages:  created: 140413   present: 32   in FES: 8
** Event #1122816   t=4044.824161608664   Elapsed: 4044.77s (1h 07m)  64% completed  (64% total)
     Speed:     ev/sec=574.711   simsec/sec=1   ev/simsec=574.71
     Messages:  created: 140572   present: 29   in FES: 8
** Event #1124352   t=4046.963082612502   Elapsed: 4046.91s (1h 07m)  64% completed  (64% total)
     Speed:     ev/sec=718.119   simsec/sec=1   ev/simsec=718.119
     Messages:  created: 140771   present: 48   in FES: 8
** Event #1125632   t=4049.437090588556   Elapsed: 4049.38s (1h 07m)  64% completed  (64% total)
     Speed:     ev/sec=517.379   simsec/sec=1   ev/simsec=517.379
     Messages:  created: 140918   present: 13   in FES: 7
** Event #1126400   t=4051.888985260864   Elapsed: 4051.84s (1h 07m)  64% completed  (64% total)
     Speed:     ev/sec=312.547   simsec/sec=0.997829   ev/simsec=313.227
     Messages:  created: 141013   present: 10   in FES: 6
** Event #1127424   t=4054.367495096208   Elapsed: 4054.31s (1h 07m)  64% completed  (64% total)
     Speed:     ev/sec=414.043   simsec/sec=1.00216   ev/simsec=413.151
     Messages:  created: 141141   present: 9   in FES: 5
** Event #1128448   t=4056.397659494475   Elapsed: 4056.34s (1h 07m)  64% completed  (64% total)
     Speed:     ev/sec=504.393   simsec/sec=1   ev/simsec=504.393
     Messages:  created: 141269   present: 9   in FES: 5
** Event #1129472   t=4058.656731954819   Elapsed: 4058.6s (1h 07m)  64% completed  (64% total)
     Speed:     ev/sec=453.284   simsec/sec=1   ev/simsec=453.283
     Messages:  created: 141398   present: 12   in FES: 7
** Event #1130496   t=4060.893402839967   Elapsed: 4060.84s (1h 07m)  64% completed  (64% total)
     Speed:     ev/sec=457.823   simsec/sec=1   ev/simsec=457.823
     Messages:  created: 141534   present: 33   in FES: 8
** Event #1132032   t=4063.127826273666   Elapsed: 4063.07s (1h 07m)  64% completed  (64% total)
     Speed:     ev/sec=687.426   simsec/sec=1   ev/simsec=687.426
     Messages:  created: 141724   present: 29   in FES: 8
** Event #1133312   t=4065.531309533604   Elapsed: 4065.49s (1h 07m)  64% completed  (64% total)
     Speed:     ev/sec=529.358   simsec/sec=0.993987   ev/simsec=532.56
     Messages:  created: 141877   present: 10   in FES: 5
** Event #1134336   t=4067.554367519825   Elapsed: 4067.5s (1h 07m)  64% completed  (64% total)
     Speed:     ev/sec=509.829   simsec/sec=1.00724   ev/simsec=506.164
     Messages:  created: 142005   present: 9   in FES: 5
** Event #1135616   t=4069.622922815979   Elapsed: 4069.57s (1h 07m)  64% completed  (64% total)
     Speed:     ev/sec=618.789   simsec/sec=1   ev/simsec=618.789
     Messages:  created: 142169   present: 21   in FES: 8
** Event #1136896   t=4072.10519287371   Elapsed: 4072.06s (1h 07m)  64% completed  (64% total)
     Speed:     ev/sec=513.942   simsec/sec=0.996675   ev/simsec=515.657
     Messages:  created: 142325   present: 10   in FES: 5
** Event #1137664   t=4074.346307257479   Elapsed: 4074.29s (1h 07m)  64% completed  (64% total)
     Speed:     ev/sec=343.957   simsec/sec=1.00371   ev/simsec=342.687
     Messages:  created: 142421   present: 9   in FES: 5
** Event #1138432   t=4076.437645815863   Elapsed: 4076.39s (1h 07m)  64% completed  (64% total)
     Speed:     ev/sec=366.833   simsec/sec=0.998921   ev/simsec=367.229
     Messages:  created: 142517   present: 10   in FES: 6
** Event #1139712   t=4079.046768405241   Elapsed: 4079.01s (1h 07m)  64% completed  (64% total)
     Speed:     ev/sec=487.581   simsec/sec=0.993874   ev/simsec=490.586
     Messages:  created: 142677   present: 10   in FES: 5
** Event #1140736   t=4081.795465082717   Elapsed: 4081.76s (1h 08m)  64% completed  (64% total)
     Speed:     ev/sec=372.427   simsec/sec=0.999696   ev/simsec=372.54
     Messages:  created: 142804   present: 9   in FES: 5
** Event #1141760   t=4084.182405710494   Elapsed: 4084.13s (1h 08m)  64% completed  (64% total)
     Speed:     ev/sec=432.482   simsec/sec=1.00811   ev/simsec=429.001
     Messages:  created: 142933   present: 12   in FES: 8
** Event #1142784   t=4086.330267528348   Elapsed: 4086.28s (1h 08m)  64% completed  (64% total)
     Speed:     ev/sec=476.746   simsec/sec=0.999985   ev/simsec=476.753
     Messages:  created: 143061   present: 12   in FES: 7
** Event #1144320   t=4088.410717579448   Elapsed: 4088.36s (1h 08m)  64% completed  (64% total)
     Speed:     ev/sec=738.3   simsec/sec=0.999998   ev/simsec=738.302
     Messages:  created: 143260   present: 31   in FES: 7
** Event #1145600   t=4090.474456876171   Elapsed: 4090.42s (1h 08m)  64% completed  (64% total)
     Speed:     ev/sec=620.152   simsec/sec=0.999869   ev/simsec=620.233
     Messages:  created: 143427   present: 49   in FES: 6
** Event #1146880   t=4092.833434807218   Elapsed: 4092.78s (1h 08m)  64% completed  (64% total)
     Speed:     ev/sec=542.67   simsec/sec=1.00012   ev/simsec=542.608
     Messages:  created: 143576   present: 20   in FES: 8
** Event #1147904   t=4095.025610975889   Elapsed: 4094.98s (1h 08m)  65% completed  (65% total)
     Speed:     ev/sec=465.955   simsec/sec=0.997516   ev/simsec=467.116
     Messages:  created: 143703   present: 17   in FES: 7
** Event #1148928   t=4097.140802126924   Elapsed: 4097.09s (1h 08m)  65% completed  (65% total)
     Speed:     ev/sec=485.37   simsec/sec=1.00259   ev/simsec=484.117
     Messages:  created: 143829   present: 12   in FES: 7
** Event #1149952   t=4099.270873813189   Elapsed: 4099.22s (1h 08m)  65% completed  (65% total)
     Speed:     ev/sec=480.735   simsec/sec=1   ev/simsec=480.735
     Messages:  created: 143957   present: 11   in FES: 6
** Event #1150976   t=4101.305322195722   Elapsed: 4101.29s (1h 08m)  65% completed  (65% total)
     Speed:     ev/sec=494.392   simsec/sec=0.982241   ev/simsec=503.331
     Messages:  created: 144084   present: 9   in FES: 5
** Event #1152768   t=4103.512832459915   Elapsed: 4103.46s (1h 08m)  65% completed  (65% total)
     Speed:     ev/sec=824.463   simsec/sec=1.01563   ev/simsec=811.774
     Messages:  created: 144350   present: 121   in FES: 7
** Event #1154304   t=4105.885536797538   Elapsed: 4105.83s (1h 08m)  65% completed  (65% total)
     Speed:     ev/sec=648.019   simsec/sec=1.00101   ev/simsec=647.363
     Messages:  created: 144542   present: 121   in FES: 7
** Event #1155840   t=4108.151260866407   Elapsed: 4108.1s (1h 08m)  65% completed  (65% total)
     Speed:     ev/sec=678.051   simsec/sec=1.00018   ev/simsec=677.929
     Messages:  created: 144726   present: 99   in FES: 8
** Event #1157376   t=4110.22862103825   Elapsed: 4110.17s (1h 08m)  65% completed  (65% total)
     Speed:     ev/sec=739.399   simsec/sec=0.999999   ev/simsec=739.4
     Messages:  created: 144918   present: 99   in FES: 8
** Event #1158656   t=4112.439987049093   Elapsed: 4112.39s (1h 08m)  65% completed  (65% total)
     Speed:     ev/sec=578.828   simsec/sec=1   ev/simsec=578.828
     Messages:  created: 145069   present: 75   in FES: 8
** Event #1160192   t=4114.780188512237   Elapsed: 4114.73s (1h 08m)  65% completed  (65% total)
     Speed:     ev/sec=655.933   simsec/sec=0.99936   ev/simsec=656.354
     Messages:  created: 145257   present: 65   in FES: 7
** Event #1161472   t=4116.958371539817   Elapsed: 4116.92s (1h 08m)  65% completed  (65% total)
     Speed:     ev/sec=583.74   simsec/sec=0.993354   ev/simsec=587.646
     Messages:  created: 145399   present: 17   in FES: 7
** Event #1162496   t=4119.66780105704   Elapsed: 4119.62s (1h 08m)  65% completed  (65% total)
     Speed:     ev/sec=379.066   simsec/sec=1.00298   ev/simsec=377.939
     Messages:  created: 145524   present: 9   in FES: 5
** Event #1163264   t=4121.688583421543   Elapsed: 4121.63s (1h 08m)  65% completed  (65% total)
     Speed:     ev/sec=381.565   simsec/sec=1.00399   ev/simsec=380.051
     Messages:  created: 145625   present: 21   in FES: 8
** Event #1164288   t=4123.834828283581   Elapsed: 4123.78s (1h 08m)  65% completed  (65% total)
     Speed:     ev/sec=477.112   simsec/sec=0.999999   ev/simsec=477.112
     Messages:  created: 145749   present: 12   in FES: 7
** Event #1165312   t=4126.1884873807   Elapsed: 4126.13s (1h 08m)  65% completed  (65% total)
     Speed:     ev/sec=435.068   simsec/sec=1   ev/simsec=435.067
     Messages:  created: 145879   present: 16   in FES: 8
** Event #1166336   t=4128.45388404878   Elapsed: 4128.4s (1h 08m)  65% completed  (65% total)
     Speed:     ev/sec=452.017   simsec/sec=0.999998   ev/simsec=452.018
     Messages:  created: 146005   present: 12   in FES: 7
** Event #1167616   t=4130.576786150349   Elapsed: 4130.53s (1h 08m)  65% completed  (65% total)
     Speed:     ev/sec=599.843   simsec/sec=0.99485   ev/simsec=602.948
     Messages:  created: 146167   present: 17   in FES: 7
** Event #1168896   t=4132.975569357356   Elapsed: 4132.92s (1h 08m)  65% completed  (65% total)
     Speed:     ev/sec=536.06   simsec/sec=1.0046   ev/simsec=533.604
     Messages:  created: 146326   present: 15   in FES: 8
** Event #1169920   t=4135.00678559456   Elapsed: 4134.95s (1h 08m)  65% completed  (65% total)
     Speed:     ev/sec=504.131   simsec/sec=1   ev/simsec=504.131
     Messages:  created: 146455   present: 16   in FES: 8
** Event #1171200   t=4137.188691052813   Elapsed: 4137.14s (1h 08m)  65% completed  (65% total)
     Speed:     ev/sec=584.734   simsec/sec=0.996746   ev/simsec=586.643
     Messages:  created: 146615   present: 17   in FES: 7
** Event #1172480   t=4139.423911361861   Elapsed: 4139.37s (1h 08m)  65% completed  (65% total)
     Speed:     ev/sec=574.482   simsec/sec=1.0032   ev/simsec=572.65
     Messages:  created: 146782   present: 36   in FES: 8
** Event #1173504   t=4141.709599518797   Elapsed: 4141.66s (1h 09m)  65% completed  (65% total)
     Speed:     ev/sec=448.004   simsec/sec=0.999997   ev/simsec=448.005
     Messages:  created: 146902   present: 15   in FES: 8
t=4143.884569 executing setDimmer(0.1)
** Event #1174784   t=4143.993425384299   Elapsed: 4143.94s (1h 09m)  65% completed  (65% total)
     Speed:     ev/sec=559.648   simsec/sec=0.998546   ev/simsec=560.463
     Messages:  created: 147060   present: 11   in FES: 6
** Event #1175808   t=4146.229449362769   Elapsed: 4146.18s (1h 09m)  65% completed  (65% total)
     Speed:     ev/sec=458.639   simsec/sec=1.00149   ev/simsec=457.956
     Messages:  created: 147187   present: 9   in FES: 5
** Event #1177344   t=4148.487066608591   Elapsed: 4148.43s (1h 09m)  65% completed  (65% total)
     Speed:     ev/sec=680.364   simsec/sec=1   ev/simsec=680.363
     Messages:  created: 147379   present: 9   in FES: 5
** Event #1178368   t=4150.917377934082   Elapsed: 4150.86s (1h 09m)  65% completed  (65% total)
     Speed:     ev/sec=421.345   simsec/sec=1   ev/simsec=421.345
     Messages:  created: 147508   present: 10   in FES: 6
** Event #1179648   t=4152.974490012156   Elapsed: 4152.92s (1h 09m)  65% completed  (65% total)
     Speed:     ev/sec=622.231   simsec/sec=1   ev/simsec=622.232
     Messages:  created: 147667   present: 9   in FES: 5
** Event #1181184   t=4155.413307217775   Elapsed: 4155.36s (1h 09m)  65% completed  (65% total)
     Speed:     ev/sec=629.814   simsec/sec=1   ev/simsec=629.813
     Messages:  created: 147860   present: 10   in FES: 6
** Event #1182208   t=4157.6949369991   Elapsed: 4157.64s (1h 09m)  65% completed  (65% total)
     Speed:     ev/sec=448.802   simsec/sec=1   ev/simsec=448.802
     Messages:  created: 147987   present: 9   in FES: 5
** Event #1183232   t=4159.868309746292   Elapsed: 4159.81s (1h 09m)  66% completed  (66% total)
     Speed:     ev/sec=471.157   simsec/sec=0.999999   ev/simsec=471.157
     Messages:  created: 148115   present: 9   in FES: 5
** Event #1184512   t=4162.361013841224   Elapsed: 4162.31s (1h 09m)  66% completed  (66% total)
     Speed:     ev/sec=513.499   simsec/sec=1   ev/simsec=513.499
     Messages:  created: 148275   present: 9   in FES: 5
** Event #1186304   t=4164.579278719831   Elapsed: 4164.53s (1h 09m)  66% completed  (66% total)
     Speed:     ev/sec=807.837   simsec/sec=0.999999   ev/simsec=807.839
     Messages:  created: 148499   present: 9   in FES: 5
** Event #1187328   t=4166.870920148875   Elapsed: 4166.82s (1h 09m)  66% completed  (66% total)
     Speed:     ev/sec=446.842   simsec/sec=1   ev/simsec=446.841
     Messages:  created: 148627   present: 9   in FES: 5
** Event #1188352   t=4169.076118380651   Elapsed: 4169.02s (1h 09m)  66% completed  (66% total)
     Speed:     ev/sec=464.357   simsec/sec=1   ev/simsec=464.357
     Messages:  created: 148756   present: 10   in FES: 6
** Event #1189632   t=4171.43540920479   Elapsed: 4171.38s (1h 09m)  66% completed  (66% total)
     Speed:     ev/sec=542.544   simsec/sec=1.00002   ev/simsec=542.536
     Messages:  created: 148916   present: 10   in FES: 6
** Event #1190656   t=4173.743966492552   Elapsed: 4173.69s (1h 09m)  66% completed  (66% total)
     Speed:     ev/sec=443.56   simsec/sec=0.999985   ev/simsec=443.567
     Messages:  created: 149043   present: 9   in FES: 5
** Event #1191424   t=4175.803201827007   Elapsed: 4175.75s (1h 09m)  66% completed  (66% total)
     Speed:     ev/sec=372.954   simsec/sec=1   ev/simsec=372.954
     Messages:  created: 149139   present: 9   in FES: 5
** Event #1192448   t=4178.213816824326   Elapsed: 4178.16s (1h 09m)  66% completed  (66% total)
     Speed:     ev/sec=424.788   simsec/sec=1   ev/simsec=424.788
     Messages:  created: 149267   present: 9   in FES: 5
** Event #1193472   t=4180.459418937395   Elapsed: 4180.41s (1h 09m)  66% completed  (66% total)
     Speed:     ev/sec=455.867   simsec/sec=0.999703   ev/simsec=456.002
     Messages:  created: 149396   present: 11   in FES: 7
** Event #1194752   t=4182.91493906401   Elapsed: 4182.86s (1h 09m)  66% completed  (66% total)
     Speed:     ev/sec=521.416   simsec/sec=1.00027   ev/simsec=521.274
     Messages:  created: 149556   present: 10   in FES: 6
** Event #1195776   t=4185.045776271138   Elapsed: 4184.99s (1h 09m)  66% completed  (66% total)
     Speed:     ev/sec=480.562   simsec/sec=1   ev/simsec=480.562
     Messages:  created: 149684   present: 10   in FES: 6
** Event #1197056   t=4187.249938525357   Elapsed: 4187.2s (1h 09m)  66% completed  (66% total)
     Speed:     ev/sec=580.72   simsec/sec=1   ev/simsec=580.719
     Messages:  created: 149843   present: 9   in FES: 5
** Event #1198080   t=4189.293986742116   Elapsed: 4189.24s (1h 09m)  66% completed  (66% total)
     Speed:     ev/sec=500.967   simsec/sec=1   ev/simsec=500.967
     Messages:  created: 149971   present: 9   in FES: 5
** Event #1199104   t=4191.326068245255   Elapsed: 4191.27s (1h 09m)  66% completed  (66% total)
     Speed:     ev/sec=503.917   simsec/sec=1   ev/simsec=503.917
     Messages:  created: 150099   present: 9   in FES: 5
** Event #1199872   t=4193.499867012556   Elapsed: 4193.45s (1h 09m)  66% completed  (66% total)
     Speed:     ev/sec=353.298   simsec/sec=0.999999   ev/simsec=353.299
     Messages:  created: 150195   present: 9   in FES: 5
** Event #1201152   t=4195.503095199553   Elapsed: 4195.45s (1h 09m)  66% completed  (66% total)
     Speed:     ev/sec=638.908   simsec/sec=0.999905   ev/simsec=638.969
     Messages:  created: 150356   present: 11   in FES: 6
** Event #1202432   t=4197.725446697245   Elapsed: 4197.67s (1h 09m)  66% completed  (66% total)
     Speed:     ev/sec=576.017   simsec/sec=1.00009   ev/simsec=575.966
     Messages:  created: 150515   present: 9   in FES: 5
** Event #1203712   t=4199.802931221714   Elapsed: 4199.75s (1h 09m)  66% completed  (66% total)
     Speed:     ev/sec=616.129   simsec/sec=0.999998   ev/simsec=616.13
     Messages:  created: 150676   present: 10   in FES: 6
** Event #1204736   t=4201.916677831099   Elapsed: 4201.86s (1h 10m)  66% completed  (66% total)
     Speed:     ev/sec=484.445   simsec/sec=0.999994   ev/simsec=484.448
     Messages:  created: 150803   present: 9   in FES: 5
t=4202.976259 executing setDimmer(0.5)
** Event #1205760   t=4204.623512646839   Elapsed: 4204.57s (1h 10m)  66% completed  (66% total)
     Speed:     ev/sec=378.304   simsec/sec=1.00001   ev/simsec=378.302
     Messages:  created: 150931   present: 11   in FES: 7
** Event #1206528   t=4206.92329619125   Elapsed: 4206.87s (1h 10m)  66% completed  (66% total)
     Speed:     ev/sec=333.944   simsec/sec=1   ev/simsec=333.944
     Messages:  created: 151027   present: 11   in FES: 6
** Event #1207296   t=4209.362651733205   Elapsed: 4209.31s (1h 10m)  66% completed  (66% total)
     Speed:     ev/sec=314.837   simsec/sec=1   ev/simsec=314.837
     Messages:  created: 151123   present: 9   in FES: 5
** Event #1208320   t=4211.513737019063   Elapsed: 4211.46s (1h 10m)  66% completed  (66% total)
     Speed:     ev/sec=476.038   simsec/sec=0.999999   ev/simsec=476.039
     Messages:  created: 151251   present: 10   in FES: 6
** Event #1209088   t=4213.730945249755   Elapsed: 4213.68s (1h 10m)  66% completed  (66% total)
     Speed:     ev/sec=346.382   simsec/sec=1   ev/simsec=346.382
     Messages:  created: 151347   present: 11   in FES: 7
** Event #1209856   t=4215.881458317459   Elapsed: 4215.83s (1h 10m)  66% completed  (66% total)
     Speed:     ev/sec=357.124   simsec/sec=1   ev/simsec=357.124
     Messages:  created: 151443   present: 10   in FES: 6
** Event #1210880   t=4217.91500364242   Elapsed: 4217.86s (1h 10m)  66% completed  (66% total)
     Speed:     ev/sec=503.555   simsec/sec=1   ev/simsec=503.554
     Messages:  created: 151572   present: 12   in FES: 7
** Event #1211648   t=4220.425254276846   Elapsed: 4220.37s (1h 10m)  66% completed  (66% total)
     Speed:     ev/sec=305.945   simsec/sec=0.999999   ev/simsec=305.946
     Messages:  created: 151667   present: 10   in FES: 6
** Event #1212416   t=4222.455252164342   Elapsed: 4222.4s (1h 10m)  67% completed  (67% total)
     Speed:     ev/sec=378.325   simsec/sec=0.999999   ev/simsec=378.326
     Messages:  created: 151763   present: 10   in FES: 6
** Event #1213440   t=4224.619466520053   Elapsed: 4224.57s (1h 10m)  67% completed  (67% total)
     Speed:     ev/sec=473.151   simsec/sec=1   ev/simsec=473.151
     Messages:  created: 151891   present: 11   in FES: 6
** Event #1214464   t=4227.905540655577   Elapsed: 4227.85s (1h 10m)  67% completed  (67% total)
     Speed:     ev/sec=311.618   simsec/sec=1   ev/simsec=311.618
     Messages:  created: 152019   present: 11   in FES: 7
** Event #1215232   t=4229.907001754646   Elapsed: 4229.85s (1h 10m)  67% completed  (67% total)
     Speed:     ev/sec=383.72   simsec/sec=1   ev/simsec=383.72
     Messages:  created: 152115   present: 10   in FES: 6
** Event #1216256   t=4232.426136967989   Elapsed: 4232.37s (1h 10m)  67% completed  (67% total)
     Speed:     ev/sec=406.489   simsec/sec=1   ev/simsec=406.489
     Messages:  created: 152243   present: 9   in FES: 5
** Event #1217024   t=4234.937647324742   Elapsed: 4234.88s (1h 10m)  67% completed  (67% total)
     Speed:     ev/sec=305.792   simsec/sec=1   ev/simsec=305.792
     Messages:  created: 152339   present: 9   in FES: 5
** Event #1217792   t=4237.490790129823   Elapsed: 4237.44s (1h 10m)  67% completed  (67% total)
     Speed:     ev/sec=300.806   simsec/sec=1   ev/simsec=300.806
     Messages:  created: 152435   present: 9   in FES: 5
** Event #1218816   t=4239.511301843761   Elapsed: 4239.46s (1h 10m)  67% completed  (67% total)
     Speed:     ev/sec=506.048   simsec/sec=0.998512   ev/simsec=506.802
     Messages:  created: 152564   present: 13   in FES: 6
** Event #1220352   t=4241.610456139537   Elapsed: 4241.56s (1h 10m)  67% completed  (67% total)
     Speed:     ev/sec=732.775   simsec/sec=1.00144   ev/simsec=731.723
     Messages:  created: 152756   present: 12   in FES: 8
** Event #1221376   t=4243.880703710262   Elapsed: 4243.83s (1h 10m)  67% completed  (67% total)
     Speed:     ev/sec=451.052   simsec/sec=0.999999   ev/simsec=451.052
     Messages:  created: 152887   present: 20   in FES: 8
** Event #1222400   t=4246.208725895381   Elapsed: 4246.15s (1h 10m)  67% completed  (67% total)
     Speed:     ev/sec=439.858   simsec/sec=1   ev/simsec=439.858
     Messages:  created: 153011   present: 10   in FES: 6
** Event #1223424   t=4248.593746371876   Elapsed: 4248.54s (1h 10m)  67% completed  (67% total)
     Speed:     ev/sec=429.347   simsec/sec=1   ev/simsec=429.346
     Messages:  created: 153139   present: 10   in FES: 6
** Event #1225728   t=4250.78606148482   Elapsed: 4250.73s (1h 10m)  67% completed  (67% total)
     Speed:     ev/sec=1050.61   simsec/sec=0.999685   ev/simsec=1050.94
     Messages:  created: 153434   present: 29   in FES: 7
** Event #1227520   t=4252.809657799701   Elapsed: 4252.76s (1h 10m)  67% completed  (67% total)
     Speed:     ev/sec=885.855   simsec/sec=1.00034   ev/simsec=885.552
     Messages:  created: 153653   present: 15   in FES: 6
** Event #1229056   t=4255.067097748641   Elapsed: 4255.01s (1h 10m)  67% completed  (67% total)
     Speed:     ev/sec=680.416   simsec/sec=1   ev/simsec=680.417
     Messages:  created: 153845   present: 15   in FES: 8
** Event #1230848   t=4257.172448584162   Elapsed: 4257.12s (1h 10m)  67% completed  (67% total)
     Speed:     ev/sec=851.165   simsec/sec=1   ev/simsec=851.165
     Messages:  created: 154067   present: 11   in FES: 7
** Event #1232384   t=4259.204590476972   Elapsed: 4259.15s (1h 10m)  67% completed  (67% total)
     Speed:     ev/sec=755.852   simsec/sec=0.999999   ev/simsec=755.853
     Messages:  created: 154259   present: 10   in FES: 6
** Event #1233920   t=4261.240786996635   Elapsed: 4261.19s (1h 11m)  67% completed  (67% total)
     Speed:     ev/sec=754.347   simsec/sec=1   ev/simsec=754.348
     Messages:  created: 154453   present: 17   in FES: 7
** Event #1235456   t=4263.337027991745   Elapsed: 4263.28s (1h 11m)  67% completed  (67% total)
     Speed:     ev/sec=732.741   simsec/sec=1   ev/simsec=732.74
     Messages:  created: 154643   present: 11   in FES: 7
t=4263.667005 executing removeServer()
scheduled complete remove at 4263.667005
** Event #1236480   t=4265.699515134318   Elapsed: 4265.65s (1h 11m)  67% completed  (67% total)
     Speed:     ev/sec=433.441   simsec/sec=0.999999   ev/simsec=433.442
     Messages:  created: 154772   present: 8   in FES: 5
** Event #1237248   t=4267.801420372917   Elapsed: 4267.75s (1h 11m)  67% completed  (67% total)
     Speed:     ev/sec=365.383   simsec/sec=1   ev/simsec=365.383
     Messages:  created: 154868   present: 8   in FES: 5
** Event #1239040   t=4269.877047034719   Elapsed: 4269.82s (1h 11m)  67% completed  (67% total)
     Speed:     ev/sec=863.354   simsec/sec=1   ev/simsec=863.354
     Messages:  created: 155102   present: 36   in FES: 7
** Event #1240576   t=4272.034826688673   Elapsed: 4271.98s (1h 11m)  67% completed  (67% total)
     Speed:     ev/sec=711.843   simsec/sec=1   ev/simsec=711.843
     Messages:  created: 155290   present: 24   in FES: 7
** Event #1242112   t=4274.402303680944   Elapsed: 4274.35s (1h 11m)  67% completed  (67% total)
     Speed:     ev/sec=648.791   simsec/sec=0.999999   ev/simsec=648.792
     Messages:  created: 155477   present: 12   in FES: 6
** Event #1243392   t=4276.957453031113   Elapsed: 4276.91s (1h 11m)  67% completed  (67% total)
     Speed:     ev/sec=500.232   simsec/sec=0.998568   ev/simsec=500.949
     Messages:  created: 155636   present: 9   in FES: 6
** Event #1244160   t=4279.058398099117   Elapsed: 4279.01s (1h 11m)  67% completed  (67% total)
     Speed:     ev/sec=366.035   simsec/sec=1.00133   ev/simsec=365.55
     Messages:  created: 155732   present: 9   in FES: 6
** Event #1244928   t=4281.580301923508   Elapsed: 4281.54s (1h 11m)  67% completed  (67% total)
     Speed:     ev/sec=302.691   simsec/sec=0.993956   ev/simsec=304.532
     Messages:  created: 155828   present: 9   in FES: 6
** Event #1246720   t=4283.722008928177   Elapsed: 4283.67s (1h 11m)  67% completed  (67% total)
     Speed:     ev/sec=843.098   simsec/sec=1.00763   ev/simsec=836.716
     Messages:  created: 156069   present: 55   in FES: 7
** Event #1248000   t=4285.866912627615   Elapsed: 4285.81s (1h 11m)  68% completed  (68% total)
     Speed:     ev/sec=596.764   simsec/sec=1   ev/simsec=596.763
     Messages:  created: 156216   present: 20   in FES: 7
** Event #1249536   t=4288.076041990255   Elapsed: 4288.02s (1h 11m)  68% completed  (68% total)
     Speed:     ev/sec=695.297   simsec/sec=1   ev/simsec=695.297
     Messages:  created: 156406   present: 15   in FES: 7
** Event #1251584   t=4290.379633981229   Elapsed: 4290.33s (1h 11m)  68% completed  (68% total)
     Speed:     ev/sec=889.047   simsec/sec=1   ev/simsec=889.046
     Messages:  created: 156680   present: 61   in FES: 7
** Event #1252864   t=4292.45267018338   Elapsed: 4292.4s (1h 11m)  68% completed  (68% total)
     Speed:     ev/sec=617.452   simsec/sec=1   ev/simsec=617.452
     Messages:  created: 156828   present: 31   in FES: 6
** Event #1253888   t=4294.783951307254   Elapsed: 4294.74s (1h 11m)  68% completed  (68% total)
     Speed:     ev/sec=437.913   simsec/sec=0.996972   ev/simsec=439.243
     Messages:  created: 156948   present: 9   in FES: 5
** Event #1254912   t=4296.954251846084   Elapsed: 4296.9s (1h 11m)  68% completed  (68% total)
     Speed:     ev/sec=473.369   simsec/sec=1.00327   ev/simsec=471.824
     Messages:  created: 157077   present: 11   in FES: 6
** Event #1255936   t=4299.020593691888   Elapsed: 4298.97s (1h 11m)  68% completed  (68% total)
     Speed:     ev/sec=495.561   simsec/sec=0.999999   ev/simsec=495.562
     Messages:  created: 157206   present: 15   in FES: 7
** Event #1257472   t=4301.62257612518   Elapsed: 4301.57s (1h 11m)  68% completed  (68% total)
     Speed:     ev/sec=590.318   simsec/sec=0.999998   ev/simsec=590.319
     Messages:  created: 157396   present: 8   in FES: 5
** Event #1259008   t=4303.819829477546   Elapsed: 4303.77s (1h 11m)  68% completed  (68% total)
     Speed:     ev/sec=699.056   simsec/sec=1   ev/simsec=699.055
     Messages:  created: 157596   present: 31   in FES: 7
** Event #1260544   t=4305.954756057499   Elapsed: 4305.9s (1h 11m)  68% completed  (68% total)
     Speed:     ev/sec=718.468   simsec/sec=0.998617   ev/simsec=719.463
     Messages:  created: 157786   present: 25   in FES: 6
** Event #1261568   t=4308.211134208445   Elapsed: 4308.16s (1h 11m)  68% completed  (68% total)
     Speed:     ev/sec=454.42   simsec/sec=1.00131   ev/simsec=453.825
     Messages:  created: 157910   present: 14   in FES: 7
** Event #1262848   t=4310.452698994423   Elapsed: 4310.4s (1h 11m)  68% completed  (68% total)
     Speed:     ev/sec=571.03   simsec/sec=1   ev/simsec=571.03
     Messages:  created: 158068   present: 8   in FES: 5
** Event #1263616   t=4312.693691692974   Elapsed: 4312.64s (1h 11m)  68% completed  (68% total)
     Speed:     ev/sec=342.457   simsec/sec=0.999276   ev/simsec=342.705
     Messages:  created: 158164   present: 9   in FES: 5
** Event #1264896   t=4314.941840252032   Elapsed: 4314.89s (1h 11m)  68% completed  (68% total)
     Speed:     ev/sec=568.439   simsec/sec=0.998387   ev/simsec=569.357
     Messages:  created: 158324   present: 9   in FES: 5
** Event #1266176   t=4317.373038835826   Elapsed: 4317.32s (1h 11m)  68% completed  (68% total)
     Speed:     ev/sec=527.075   simsec/sec=1.00111   ev/simsec=526.489
     Messages:  created: 158484   present: 9   in FES: 6
** Event #1267200   t=4319.728315973202   Elapsed: 4319.7s (1h 11m)  68% completed  (68% total)
     Speed:     ev/sec=430.437   simsec/sec=0.990037   ev/simsec=434.768
     Messages:  created: 158612   present: 9   in FES: 6
** Event #1267712   t=4321.771337078989   Elapsed: 4321.72s (1h 12m)  68% completed  (68% total)
     Speed:     ev/sec=253.872   simsec/sec=1.01302   ev/simsec=250.609
     Messages:  created: 158676   present: 10   in FES: 7
t=4322.928769 executing addServer()
adding server with latency=60
** Event #1268736   t=4324.142485754616   Elapsed: 4324.09s (1h 12m)  68% completed  (68% total)
     Speed:     ev/sec=431.858   simsec/sec=1   ev/simsec=431.858
     Messages:  created: 158807   present: 15   in FES: 8
** Event #1270016   t=4326.469587860404   Elapsed: 4326.42s (1h 12m)  68% completed  (68% total)
     Speed:     ev/sec=550.041   simsec/sec=1   ev/simsec=550.04
     Messages:  created: 158968   present: 19   in FES: 8
** Event #1271296   t=4328.569166795135   Elapsed: 4328.52s (1h 12m)  68% completed  (68% total)
     Speed:     ev/sec=607.268   simsec/sec=0.996099   ev/simsec=609.646
     Messages:  created: 159126   present: 13   in FES: 7
** Event #1272320   t=4331.086176411279   Elapsed: 4331.03s (1h 12m)  68% completed  (68% total)
     Speed:     ev/sec=408.165   simsec/sec=1.00328   ev/simsec=406.832
     Messages:  created: 159253   present: 10   in FES: 6
** Event #1273344   t=4333.19464716033   Elapsed: 4333.17s (1h 12m)  68% completed  (68% total)
     Speed:     ev/sec=479.228   simsec/sec=0.986755   ev/simsec=485.66
     Messages:  created: 159382   present: 13   in FES: 7
** Event #1274368   t=4335.448961129376   Elapsed: 4335.4s (1h 12m)  68% completed  (68% total)
     Speed:     ev/sec=459.781   simsec/sec=1.0122   ev/simsec=454.24
     Messages:  created: 159510   present: 13   in FES: 7
** Event #1275136   t=4337.931148987426   Elapsed: 4337.88s (1h 12m)  68% completed  (68% total)
     Speed:     ev/sec=309.546   simsec/sec=1.00046   ev/simsec=309.404
     Messages:  created: 159606   present: 12   in FES: 8
** Event #1275904   t=4339.952370550601   Elapsed: 4339.9s (1h 12m)  68% completed  (68% total)
     Speed:     ev/sec=379.968   simsec/sec=0.999999   ev/simsec=379.968
     Messages:  created: 159702   present: 12   in FES: 7
** Event #1277184   t=4342.395579406346   Elapsed: 4342.34s (1h 12m)  68% completed  (68% total)
     Speed:     ev/sec=523.901   simsec/sec=1   ev/simsec=523.901
     Messages:  created: 159864   present: 17   in FES: 8
** Event #1278208   t=4345.331041467312   Elapsed: 4345.28s (1h 12m)  68% completed  (68% total)
     Speed:     ev/sec=348.836   simsec/sec=0.999994   ev/simsec=348.838
     Messages:  created: 159989   present: 10   in FES: 6
** Event #1279232   t=4347.960505940968   Elapsed: 4347.91s (1h 12m)  69% completed  (69% total)
     Speed:     ev/sec=389.436   simsec/sec=1.00001   ev/simsec=389.433
     Messages:  created: 160117   present: 10   in FES: 6
** Event #1280000   t=4349.985026531462   Elapsed: 4349.93s (1h 12m)  69% completed  (69% total)
     Speed:     ev/sec=379.349   simsec/sec=1   ev/simsec=379.349
     Messages:  created: 160215   present: 15   in FES: 8
** Event #1281280   t=4352.064991098366   Elapsed: 4352.01s (1h 12m)  69% completed  (69% total)
     Speed:     ev/sec=614.874   simsec/sec=0.999152   ev/simsec=615.395
     Messages:  created: 160374   present: 13   in FES: 7
** Event #1282304   t=4354.53060420655   Elapsed: 4354.48s (1h 12m)  69% completed  (69% total)
     Speed:     ev/sec=415.61   simsec/sec=1.00072   ev/simsec=415.313
     Messages:  created: 160502   present: 12   in FES: 8
** Event #1282816   t=4356.749040753736   Elapsed: 4356.69s (1h 12m)  69% completed  (69% total)
     Speed:     ev/sec=230.793   simsec/sec=1   ev/simsec=230.793
     Messages:  created: 160565   present: 10   in FES: 6
** Event #1283584   t=4359.110847980211   Elapsed: 4359.07s (1h 12m)  69% completed  (69% total)
     Speed:     ev/sec=322.931   simsec/sec=0.993099   ev/simsec=325.175
     Messages:  created: 160662   present: 13   in FES: 7
** Event #1285120   t=4361.358414277742   Elapsed: 4361.3s (1h 12m)  69% completed  (69% total)
     Speed:     ev/sec=688.433   simsec/sec=1.00736   ev/simsec=683.406
     Messages:  created: 160853   present: 11   in FES: 7
** Event #1286144   t=4363.503580186108   Elapsed: 4363.45s (1h 12m)  69% completed  (69% total)
     Speed:     ev/sec=477.352   simsec/sec=0.999999   ev/simsec=477.352
     Messages:  created: 160984   present: 18   in FES: 8
** Event #1287424   t=4365.785603751776   Elapsed: 4365.73s (1h 12m)  69% completed  (69% total)
     Speed:     ev/sec=560.906   simsec/sec=1   ev/simsec=560.906
     Messages:  created: 161143   present: 16   in FES: 8
** Event #1288448   t=4368.145825362735   Elapsed: 4368.09s (1h 12m)  69% completed  (69% total)
     Speed:     ev/sec=433.857   simsec/sec=0.999999   ev/simsec=433.858
     Messages:  created: 161269   present: 10   in FES: 6
** Event #1289472   t=4370.468138017181   Elapsed: 4370.41s (1h 12m)  69% completed  (69% total)
     Speed:     ev/sec=440.94   simsec/sec=1   ev/simsec=440.94
     Messages:  created: 161399   present: 15   in FES: 8
** Event #1290496   t=4372.76901360027   Elapsed: 4372.71s (1h 12m)  69% completed  (69% total)
     Speed:     ev/sec=445.048   simsec/sec=1   ev/simsec=445.048
     Messages:  created: 161526   present: 12   in FES: 8
** Event #1291520   t=4374.771254378095   Elapsed: 4374.72s (1h 12m)  69% completed  (69% total)
     Speed:     ev/sec=511.427   simsec/sec=0.999999   ev/simsec=511.427
     Messages:  created: 161653   present: 10   in FES: 6
** Event #1292544   t=4376.796840862469   Elapsed: 4376.74s (1h 12m)  69% completed  (69% total)
     Speed:     ev/sec=505.533   simsec/sec=1   ev/simsec=505.533
     Messages:  created: 161781   present: 11   in FES: 7
** Event #1293824   t=4379.039444678136   Elapsed: 4378.99s (1h 12m)  69% completed  (69% total)
     Speed:     ev/sec=570.765   simsec/sec=0.999999   ev/simsec=570.765
     Messages:  created: 161943   present: 15   in FES: 8
** Event #1295104   t=4381.484777568282   Elapsed: 4381.44s (1h 13m)  69% completed  (69% total)
     Speed:     ev/sec=520.944   simsec/sec=0.995221   ev/simsec=523.446
     Messages:  created: 162101   present: 12   in FES: 7
t=4382.928769 addServer() complete
** Event #1296128   t=4383.586952543064   Elapsed: 4383.53s (1h 13m)  69% completed  (69% total)
     Speed:     ev/sec=489.85   simsec/sec=1.00562   ev/simsec=487.115
     Messages:  created: 162229   present: 11   in FES: 6
** Event #1296896   t=4385.612868899952   Elapsed: 4385.56s (1h 13m)  69% completed  (69% total)
     Speed:     ev/sec=379.088   simsec/sec=1   ev/simsec=379.088
     Messages:  created: 162325   present: 10   in FES: 6
** Event #1297664   t=4388.020044251525   Elapsed: 4387.97s (1h 13m)  69% completed  (69% total)
     Speed:     ev/sec=319.046   simsec/sec=1   ev/simsec=319.046
     Messages:  created: 162420   present: 9   in FES: 5
** Event #1298688   t=4390.17666993456   Elapsed: 4390.12s (1h 13m)  69% completed  (69% total)
     Speed:     ev/sec=474.816   simsec/sec=1   ev/simsec=474.816
     Messages:  created: 162549   present: 11   in FES: 7
** Event #1299456   t=4392.383978715583   Elapsed: 4392.33s (1h 13m)  69% completed  (69% total)
     Speed:     ev/sec=347.935   simsec/sec=1   ev/simsec=347.935
     Messages:  created: 162644   present: 9   in FES: 5
** Event #1300224   t=4394.674552773136   Elapsed: 4394.62s (1h 13m)  69% completed  (69% total)
     Speed:     ev/sec=335.287   simsec/sec=1   ev/simsec=335.287
     Messages:  created: 162741   present: 10   in FES: 6
** Event #1300992   t=4396.71419689856   Elapsed: 4396.66s (1h 13m)  69% completed  (69% total)
     Speed:     ev/sec=376.536   simsec/sec=1   ev/simsec=376.536
     Messages:  created: 162837   present: 10   in FES: 6
** Event #1302016   t=4399.004653031713   Elapsed: 4398.95s (1h 13m)  69% completed  (69% total)
     Speed:     ev/sec=447.072   simsec/sec=1   ev/simsec=447.073
     Messages:  created: 162964   present: 9   in FES: 5
** Event #1303040   t=4401.018415415458   Elapsed: 4400.96s (1h 13m)  69% completed  (69% total)
     Speed:     ev/sec=508.512   simsec/sec=1.00002   ev/simsec=508.501
     Messages:  created: 163093   present: 10   in FES: 6
** Event #1304064   t=4403.112161417489   Elapsed: 4403.06s (1h 13m)  69% completed  (69% total)
     Speed:     ev/sec=489.066   simsec/sec=0.999979   ev/simsec=489.076
     Messages:  created: 163221   present: 11   in FES: 7
** Event #1305088   t=4405.165288455454   Elapsed: 4405.11s (1h 13m)  69% completed  (69% total)
     Speed:     ev/sec=498.751   simsec/sec=1   ev/simsec=498.751
     Messages:  created: 163349   present: 12   in FES: 8
** Event #1306368   t=4407.750521775111   Elapsed: 4407.7s (1h 13m)  69% completed  (69% total)
     Speed:     ev/sec=495.12   simsec/sec=1   ev/simsec=495.12
     Messages:  created: 163508   present: 9   in FES: 5
** Event #1307648   t=4409.957985472585   Elapsed: 4409.91s (1h 13m)  69% completed  (69% total)
     Speed:     ev/sec=579.258   simsec/sec=0.998978   ev/simsec=579.851
     Messages:  created: 163670   present: 14   in FES: 6
** Event #1309184   t=4412.368758564863   Elapsed: 4412.31s (1h 13m)  70% completed  (70% total)
     Speed:     ev/sec=637.738   simsec/sec=1.00094   ev/simsec=637.14
     Messages:  created: 163862   present: 13   in FES: 7
** Event #1310208   t=4414.774765796519   Elapsed: 4414.73s (1h 13m)  70% completed  (70% total)
     Speed:     ev/sec=424.744   simsec/sec=0.997985   ev/simsec=425.601
     Messages:  created: 163990   present: 14   in FES: 7
** Event #1311488   t=4416.785249700836   Elapsed: 4416.73s (1h 13m)  70% completed  (70% total)
     Speed:     ev/sec=638.204   simsec/sec=1.00242   ev/simsec=636.663
     Messages:  created: 164149   present: 10   in FES: 6
** Event #1312512   t=4419.333646131766   Elapsed: 4419.28s (1h 13m)  70% completed  (70% total)
     Speed:     ev/sec=401.822   simsec/sec=1   ev/simsec=401.821
     Messages:  created: 164278   present: 13   in FES: 8
** Event #1313536   t=4421.533551184101   Elapsed: 4421.48s (1h 13m)  70% completed  (70% total)
     Speed:     ev/sec=465.475   simsec/sec=1   ev/simsec=465.475
     Messages:  created: 164405   present: 10   in FES: 6
** Event #1314560   t=4423.840545977299   Elapsed: 4423.79s (1h 13m)  70% completed  (70% total)
     Speed:     ev/sec=443.867   simsec/sec=0.999999   ev/simsec=443.867
     Messages:  created: 164534   present: 13   in FES: 8
** Event #1315328   t=4426.45608160112   Elapsed: 4426.4s (1h 13m)  70% completed  (70% total)
     Speed:     ev/sec=293.63   simsec/sec=1   ev/simsec=293.63
     Messages:  created: 164628   present: 9   in FES: 5
** Event #1315840   t=4434.241611245034   Elapsed: 4434.19s (1h 13m)  70% completed  (70% total)
     Speed:     ev/sec=65.763   simsec/sec=1   ev/simsec=65.763
     Messages:  created: 164693   present: 10   in FES: 6
** Event #1316864   t=4436.603071455268   Elapsed: 4436.55s (1h 13m)  70% completed  (70% total)
     Speed:     ev/sec=433.504   simsec/sec=0.99971   ev/simsec=433.63
     Messages:  created: 164822   present: 14   in FES: 7
** Event #1317888   t=4438.665341860182   Elapsed: 4438.61s (1h 13m)  70% completed  (70% total)
     Speed:     ev/sec=496.705   simsec/sec=1.00033   ev/simsec=496.54
     Messages:  created: 164948   present: 9   in FES: 5
** Event #1319424   t=4441.138553375911   Elapsed: 4441.08s (1h 14m)  70% completed  (70% total)
     Speed:     ev/sec=621.054   simsec/sec=0.999999   ev/simsec=621.055
     Messages:  created: 165140   present: 10   in FES: 6
t=4442.881115 executing setDimmer(0.9)
** Event #1320192   t=4443.134496167933   Elapsed: 4443.1s (1h 14m)  70% completed  (70% total)
     Speed:     ev/sec=380.351   simsec/sec=0.988489   ev/simsec=384.781
     Messages:  created: 165238   present: 16   in FES: 6
** Event #1321216   t=4445.523808282312   Elapsed: 4445.47s (1h 14m)  70% completed  (70% total)
     Speed:     ev/sec=432.786   simsec/sec=1.00982   ev/simsec=428.575
     Messages:  created: 165368   present: 22   in FES: 8
** Event #1322496   t=4447.536718931669   Elapsed: 4447.48s (1h 14m)  70% completed  (70% total)
     Speed:     ev/sec=635.895   simsec/sec=1   ev/simsec=635.895
     Messages:  created: 165540   present: 52   in FES: 8
** Event #1323776   t=4449.580622537607   Elapsed: 4449.53s (1h 14m)  70% completed  (70% total)
     Speed:     ev/sec=626.252   simsec/sec=0.999999   ev/simsec=626.253
     Messages:  created: 165704   present: 63   in FES: 8
** Event #1325312   t=4451.752107801114   Elapsed: 4451.7s (1h 14m)  70% completed  (70% total)
     Speed:     ev/sec=707.351   simsec/sec=1   ev/simsec=707.35
     Messages:  created: 165910   present: 100   in FES: 8
** Event #1326592   t=4453.816954587429   Elapsed: 4453.76s (1h 14m)  70% completed  (70% total)
     Speed:     ev/sec=619.9   simsec/sec=0.999999   ev/simsec=619.901
     Messages:  created: 166057   present: 66   in FES: 8
** Event #1327616   t=4455.913194852473   Elapsed: 4455.86s (1h 14m)  70% completed  (70% total)
     Speed:     ev/sec=488.087   simsec/sec=0.999168   ev/simsec=488.494
     Messages:  created: 166166   present: 16   in FES: 6
** Event #1329152   t=4457.917947071094   Elapsed: 4457.86s (1h 14m)  70% completed  (70% total)
     Speed:     ev/sec=766.847   simsec/sec=1.00087   ev/simsec=766.179
     Messages:  created: 166380   present: 75   in FES: 8
** Event #1330432   t=4460.206066524013   Elapsed: 4460.15s (1h 14m)  70% completed  (70% total)
     Speed:     ev/sec=558.818   simsec/sec=0.99894   ev/simsec=559.411
     Messages:  created: 166527   present: 40   in FES: 7
** Event #1331712   t=4462.216426970794   Elapsed: 4462.16s (1h 14m)  70% completed  (70% total)
     Speed:     ev/sec=637.472   simsec/sec=1.00121   ev/simsec=636.702
     Messages:  created: 166686   present: 36   in FES: 8
** Event #1332736   t=4464.661639901406   Elapsed: 4464.61s (1h 14m)  70% completed  (70% total)
     Speed:     ev/sec=418.777   simsec/sec=1   ev/simsec=418.777
     Messages:  created: 166805   present: 12   in FES: 7
** Event #1333504   t=4466.692866444743   Elapsed: 4466.64s (1h 14m)  70% completed  (70% total)
     Speed:     ev/sec=378.097   simsec/sec=1   ev/simsec=378.097
     Messages:  created: 166902   present: 15   in FES: 7
** Event #1334784   t=4469.280771012169   Elapsed: 4469.23s (1h 14m)  70% completed  (70% total)
     Speed:     ev/sec=494.609   simsec/sec=1   ev/simsec=494.609
     Messages:  created: 167060   present: 11   in FES: 7
** Event #1335808   t=4471.800052556944   Elapsed: 4471.75s (1h 14m)  70% completed  (70% total)
     Speed:     ev/sec=406.465   simsec/sec=1   ev/simsec=406.465
     Messages:  created: 167189   present: 12   in FES: 6
** Event #1336832   t=4474.155043342032   Elapsed: 4474.1s (1h 14m)  71% completed  (71% total)
     Speed:     ev/sec=434.821   simsec/sec=1   ev/simsec=434.821
     Messages:  created: 167317   present: 13   in FES: 8
** Event #1337856   t=4476.409486166568   Elapsed: 4476.38s (1h 14m)  71% completed  (71% total)
     Speed:     ev/sec=449.799   simsec/sec=0.990279   ev/simsec=454.214
     Messages:  created: 167446   present: 16   in FES: 7
** Event #1339136   t=4478.654579852586   Elapsed: 4478.6s (1h 14m)  71% completed  (71% total)
     Speed:     ev/sec=575.808   simsec/sec=1.00996   ev/simsec=570.132
     Messages:  created: 167608   present: 22   in FES: 8
** Event #1340672   t=4480.943389609524   Elapsed: 4480.89s (1h 14m)  71% completed  (71% total)
     Speed:     ev/sec=671.091   simsec/sec=0.999999   ev/simsec=671.091
     Messages:  created: 167803   present: 30   in FES: 8
** Event #1342208   t=4483.542687154809   Elapsed: 4483.49s (1h 14m)  71% completed  (71% total)
     Speed:     ev/sec=590.929   simsec/sec=1   ev/simsec=590.929
     Messages:  created: 167989   present: 12   in FES: 7
** Event #1343232   t=4485.789311474453   Elapsed: 4485.74s (1h 14m)  71% completed  (71% total)
     Speed:     ev/sec=455.795   simsec/sec=1   ev/simsec=455.795
     Messages:  created: 168117   present: 13   in FES: 8
** Event #1344512   t=4487.923715494705   Elapsed: 4487.87s (1h 14m)  71% completed  (71% total)
     Speed:     ev/sec=599.699   simsec/sec=1   ev/simsec=599.699
     Messages:  created: 168297   present: 67   in FES: 8
** Event #1345536   t=4490.278644115465   Elapsed: 4490.24s (1h 14m)  71% completed  (71% total)
     Speed:     ev/sec=431.836   simsec/sec=0.993108   ev/simsec=434.833
     Messages:  created: 168406   present: 16   in FES: 7
** Event #1346304   t=4492.305320687604   Elapsed: 4492.25s (1h 14m)  71% completed  (71% total)
     Speed:     ev/sec=382.026   simsec/sec=1.00813   ev/simsec=378.946
     Messages:  created: 168500   present: 11   in FES: 7
** Event #1347328   t=4494.56383256421   Elapsed: 4494.51s (1h 14m)  71% completed  (71% total)
     Speed:     ev/sec=453.396   simsec/sec=1   ev/simsec=453.396
     Messages:  created: 168629   present: 14   in FES: 8
** Event #1348352   t=4496.878423053187   Elapsed: 4496.82s (1h 14m)  71% completed  (71% total)
     Speed:     ev/sec=442.411   simsec/sec=0.999999   ev/simsec=442.411
     Messages:  created: 168758   present: 15   in FES: 8
** Event #1349632   t=4499.226453155925   Elapsed: 4499.17s (1h 14m)  71% completed  (71% total)
     Speed:     ev/sec=545.138   simsec/sec=1   ev/simsec=545.138
     Messages:  created: 168920   present: 20   in FES: 8
** Event #1350656   t=4502.281647928937   Elapsed: 4502.23s (1h 15m)  71% completed  (71% total)
     Speed:     ev/sec=335.167   simsec/sec=1   ev/simsec=335.167
     Messages:  created: 169043   present: 9   in FES: 5
** Event #1351424   t=4504.420842454043   Elapsed: 4504.38s (1h 15m)  71% completed  (71% total)
     Speed:     ev/sec=357.387   simsec/sec=0.995469   ev/simsec=359.014
     Messages:  created: 169141   present: 15   in FES: 7
** Event #1352448   t=4506.435359139317   Elapsed: 4506.38s (1h 15m)  71% completed  (71% total)
     Speed:     ev/sec=510.779   simsec/sec=1.00486   ev/simsec=508.311
     Messages:  created: 169267   present: 10   in FES: 6
** Event #1353728   t=4508.714013672508   Elapsed: 4508.66s (1h 15m)  71% completed  (71% total)
     Speed:     ev/sec=561.3   simsec/sec=0.999226   ev/simsec=561.735
     Messages:  created: 169441   present: 47   in FES: 7
** Event #1355008   t=4511.484269595223   Elapsed: 4511.43s (1h 15m)  71% completed  (71% total)
     Speed:     ev/sec=462.346   simsec/sec=1.00064   ev/simsec=462.051
     Messages:  created: 169588   present: 11   in FES: 7
** Event #1356032   t=4513.661264254727   Elapsed: 4513.61s (1h 15m)  71% completed  (71% total)
     Speed:     ev/sec=470.373   simsec/sec=1   ev/simsec=470.373
     Messages:  created: 169715   present: 10   in FES: 6
** Event #1357056   t=4516.268008901822   Elapsed: 4516.21s (1h 15m)  71% completed  (71% total)
     Speed:     ev/sec=392.827   simsec/sec=0.999999   ev/simsec=392.827
     Messages:  created: 169844   present: 11   in FES: 7
** Event #1358080   t=4518.920332090378   Elapsed: 4518.87s (1h 15m)  71% completed  (71% total)
     Speed:     ev/sec=386.077   simsec/sec=1   ev/simsec=386.077
     Messages:  created: 169971   present: 9   in FES: 5
** Event #1358848   t=4521.138626726159   Elapsed: 4521.08s (1h 15m)  71% completed  (71% total)
     Speed:     ev/sec=346.212   simsec/sec=1   ev/simsec=346.212
     Messages:  created: 170068   present: 11   in FES: 7
** Event #1359872   t=4523.573114075203   Elapsed: 4523.52s (1h 15m)  71% completed  (71% total)
     Speed:     ev/sec=420.622   simsec/sec=1   ev/simsec=420.622
     Messages:  created: 170196   present: 13   in FES: 7
** Event #1360896   t=4525.96384953756   Elapsed: 4525.91s (1h 15m)  71% completed  (71% total)
     Speed:     ev/sec=428.32   simsec/sec=0.999999   ev/simsec=428.32
     Messages:  created: 170323   present: 9   in FES: 5
** Event #1362176   t=4528.146646354248   Elapsed: 4528.09s (1h 15m)  71% completed  (71% total)
     Speed:     ev/sec=586.403   simsec/sec=0.999999   ev/simsec=586.404
     Messages:  created: 170495   present: 42   in FES: 8
** Event #1363456   t=4530.60386982739   Elapsed: 4530.55s (1h 15m)  71% completed  (71% total)
     Speed:     ev/sec=520.913   simsec/sec=1   ev/simsec=520.913
     Messages:  created: 170648   present: 22   in FES: 8
** Event #1364736   t=4532.653607866975   Elapsed: 4532.6s (1h 15m)  71% completed  (71% total)
     Speed:     ev/sec=624.47   simsec/sec=1   ev/simsec=624.47
     Messages:  created: 170807   present: 21   in FES: 8
** Event #1366016   t=4535.311316958583   Elapsed: 4535.26s (1h 15m)  71% completed  (71% total)
     Speed:     ev/sec=481.618   simsec/sec=1   ev/simsec=481.618
     Messages:  created: 170964   present: 11   in FES: 6
** Event #1366784   t=4537.393180709688   Elapsed: 4537.34s (1h 15m)  72% completed  (72% total)
     Speed:     ev/sec=368.9   simsec/sec=1   ev/simsec=368.9
     Messages:  created: 171061   present: 14   in FES: 8
** Event #1368064   t=4539.451061780777   Elapsed: 4539.4s (1h 15m)  72% completed  (72% total)
     Speed:     ev/sec=621.999   simsec/sec=1   ev/simsec=621.999
     Messages:  created: 171223   present: 19   in FES: 8
** Event #1368832   t=4541.760757345327   Elapsed: 4541.71s (1h 15m)  72% completed  (72% total)
     Speed:     ev/sec=332.511   simsec/sec=1   ev/simsec=332.511
     Messages:  created: 171316   present: 13   in FES: 7
** Event #1369600   t=4544.743564892875   Elapsed: 4544.69s (1h 15m)  72% completed  (72% total)
     Speed:     ev/sec=257.476   simsec/sec=1   ev/simsec=257.476
     Messages:  created: 171412   present: 11   in FES: 7
** Event #1370368   t=4546.832517955804   Elapsed: 4546.78s (1h 15m)  72% completed  (72% total)
     Speed:     ev/sec=367.648   simsec/sec=1   ev/simsec=367.648
     Messages:  created: 171508   present: 11   in FES: 7
** Event #1371392   t=4548.912412388875   Elapsed: 4548.86s (1h 15m)  72% completed  (72% total)
     Speed:     ev/sec=492.333   simsec/sec=1   ev/simsec=492.333
     Messages:  created: 171635   present: 10   in FES: 6
** Event #1372416   t=4551.68430494661   Elapsed: 4551.63s (1h 15m)  72% completed  (72% total)
     Speed:     ev/sec=369.421   simsec/sec=0.999995   ev/simsec=369.423
     Messages:  created: 171763   present: 9   in FES: 5
** Event #1373184   t=4553.701054223005   Elapsed: 4553.65s (1h 15m)  72% completed  (72% total)
     Speed:     ev/sec=380.813   simsec/sec=1.00001   ev/simsec=380.811
     Messages:  created: 171859   present: 9   in FES: 5
** Event #1374208   t=4555.991410224408   Elapsed: 4555.94s (1h 15m)  72% completed  (72% total)
     Speed:     ev/sec=447.092   simsec/sec=1   ev/simsec=447.092
     Messages:  created: 171990   present: 18   in FES: 8
** Event #1375232   t=4557.996565850133   Elapsed: 4557.94s (1h 15m)  72% completed  (72% total)
     Speed:     ev/sec=510.683   simsec/sec=0.999999   ev/simsec=510.684
     Messages:  created: 172115   present: 9   in FES: 5
** Event #1376256   t=4560.09196967116   Elapsed: 4560.04s (1h 16m)  72% completed  (72% total)
     Speed:     ev/sec=488.689   simsec/sec=1   ev/simsec=488.689
     Messages:  created: 172247   present: 22   in FES: 8
** Event #1377280   t=4562.145577853996   Elapsed: 4562.09s (1h 16m)  72% completed  (72% total)
     Speed:     ev/sec=498.63   simsec/sec=0.99999   ev/simsec=498.635
     Messages:  created: 172375   present: 21   in FES: 8
** Event #1378560   t=4564.5535013851   Elapsed: 4564.5s (1h 16m)  72% completed  (72% total)
     Speed:     ev/sec=531.588   simsec/sec=1.00002   ev/simsec=531.578
     Messages:  created: 172531   present: 11   in FES: 7
** Event #1379584   t=4566.841345770308   Elapsed: 4566.79s (1h 16m)  72% completed  (72% total)
     Speed:     ev/sec=447.578   simsec/sec=0.999989   ev/simsec=447.583
     Messages:  created: 172662   present: 18   in FES: 8
** Event #1380352   t=4569.338366560792   Elapsed: 4569.28s (1h 16m)  72% completed  (72% total)
     Speed:     ev/sec=307.566   simsec/sec=0.999999   ev/simsec=307.567
     Messages:  created: 172755   present: 12   in FES: 7
** Event #1381632   t=4571.342586937988   Elapsed: 4571.29s (1h 16m)  72% completed  (72% total)
     Speed:     ev/sec=637.408   simsec/sec=0.998052   ev/simsec=638.652
     Messages:  created: 172919   present: 22   in FES: 7
** Event #1382400   t=4573.407732764889   Elapsed: 4573.35s (1h 16m)  72% completed  (72% total)
     Speed:     ev/sec=372.593   simsec/sec=1.0019   ev/simsec=371.887
     Messages:  created: 173012   present: 13   in FES: 8
** Event #1383424   t=4575.697314856398   Elapsed: 4575.64s (1h 16m)  72% completed  (72% total)
     Speed:     ev/sec=447.243   simsec/sec=1   ev/simsec=447.243
     Messages:  created: 173139   present: 11   in FES: 7
** Event #1384448   t=4578.227264768948   Elapsed: 4578.17s (1h 16m)  72% completed  (72% total)
     Speed:     ev/sec=404.751   simsec/sec=1   ev/simsec=404.751
     Messages:  created: 173268   present: 13   in FES: 8
** Event #1385472   t=4580.373769304804   Elapsed: 4580.32s (1h 16m)  72% completed  (72% total)
     Speed:     ev/sec=477.055   simsec/sec=1   ev/simsec=477.055
     Messages:  created: 173395   present: 11   in FES: 7
** Event #1386240   t=4582.456106259082   Elapsed: 4582.4s (1h 16m)  72% completed  (72% total)
     Speed:     ev/sec=368.816   simsec/sec=1   ev/simsec=368.816
     Messages:  created: 173491   present: 10   in FES: 6
** Event #1387520   t=4584.71506174646   Elapsed: 4584.66s (1h 16m)  72% completed  (72% total)
     Speed:     ev/sec=566.634   simsec/sec=1   ev/simsec=566.634
     Messages:  created: 173651   present: 12   in FES: 7
** Event #1388288   t=4586.841553236134   Elapsed: 4586.79s (1h 16m)  72% completed  (72% total)
     Speed:     ev/sec=361.158   simsec/sec=1   ev/simsec=361.158
     Messages:  created: 173748   present: 13   in FES: 7
** Event #1389056   t=4589.503559860469   Elapsed: 4589.45s (1h 16m)  72% completed  (72% total)
     Speed:     ev/sec=288.504   simsec/sec=1   ev/simsec=288.504
     Messages:  created: 173842   present: 9   in FES: 5
** Event #1389568   t=4591.761951549603   Elapsed: 4591.71s (1h 16m)  72% completed  (72% total)
     Speed:     ev/sec=226.71   simsec/sec=1   ev/simsec=226.71
     Messages:  created: 173907   present: 10   in FES: 6
** Event #1390080   t=4593.95728992403   Elapsed: 4593.9s (1h 16m)  72% completed  (72% total)
     Speed:     ev/sec=233.222   simsec/sec=1   ev/simsec=233.221
     Messages:  created: 173970   present: 9   in FES: 5
** Event #1391360   t=4596.333785163509   Elapsed: 4596.28s (1h 16m)  72% completed  (72% total)
     Speed:     ev/sec=538.608   simsec/sec=0.999999   ev/simsec=538.608
     Messages:  created: 174133   present: 17   in FES: 8
** Event #1392640   t=4598.804153843301   Elapsed: 4598.75s (1h 16m)  72% completed  (72% total)
     Speed:     ev/sec=518.141   simsec/sec=1   ev/simsec=518.141
     Messages:  created: 174292   present: 13   in FES: 8
** Event #1393664   t=4601.149227476786   Elapsed: 4601.1s (1h 16m)  73% completed  (73% total)
     Speed:     ev/sec=436.66   simsec/sec=1   ev/simsec=436.66
     Messages:  created: 174419   present: 12   in FES: 6
** Event #1394944   t=4603.374379120179   Elapsed: 4603.32s (1h 16m)  73% completed  (73% total)
     Speed:     ev/sec=574.985   simsec/sec=0.999553   ev/simsec=575.242
     Messages:  created: 174580   present: 14   in FES: 6
** Event #1396224   t=4605.705405088048   Elapsed: 4605.65s (1h 16m)  73% completed  (73% total)
     Speed:     ev/sec=549.356   simsec/sec=1.00044   ev/simsec=549.114
     Messages:  created: 174746   present: 29   in FES: 8
** Event #1397504   t=4607.875967892653   Elapsed: 4607.82s (1h 16m)  73% completed  (73% total)
     Speed:     ev/sec=589.701   simsec/sec=0.999986   ev/simsec=589.709
     Messages:  created: 174901   present: 16   in FES: 8
** Event #1398528   t=4610.028404888131   Elapsed: 4609.97s (1h 16m)  73% completed  (73% total)
     Speed:     ev/sec=475.74   simsec/sec=1   ev/simsec=475.74
     Messages:  created: 175027   present: 12   in FES: 7
** Event #1400064   t=4612.291669345467   Elapsed: 4612.24s (1h 16m)  73% completed  (73% total)
     Speed:     ev/sec=677.742   simsec/sec=0.998639   ev/simsec=678.666
     Messages:  created: 175223   present: 22   in FES: 7
** Event #1401600   t=4614.561761835861   Elapsed: 4614.51s (1h 16m)  73% completed  (73% total)
     Speed:     ev/sec=677.545   simsec/sec=1.00136   ev/simsec=676.624
     Messages:  created: 175417   present: 26   in FES: 8
** Event #1402624   t=4616.801771149363   Elapsed: 4616.75s (1h 16m)  73% completed  (73% total)
     Speed:     ev/sec=457.141   simsec/sec=1   ev/simsec=457.141
     Messages:  created: 175538   present: 9   in FES: 5
** Event #1403648   t=4618.996379627026   Elapsed: 4618.94s (1h 16m)  73% completed  (73% total)
     Speed:     ev/sec=466.598   simsec/sec=1   ev/simsec=466.598
     Messages:  created: 175667   present: 12   in FES: 7
** Event #1404672   t=4621.636924631402   Elapsed: 4621.58s (1h 17m)  73% completed  (73% total)
     Speed:     ev/sec=387.799   simsec/sec=1   ev/simsec=387.799
     Messages:  created: 175794   present: 10   in FES: 6
** Event #1405696   t=4623.882490474138   Elapsed: 4623.83s (1h 17m)  73% completed  (73% total)
     Speed:     ev/sec=456.01   simsec/sec=0.999999   ev/simsec=456.01
     Messages:  created: 175924   present: 15   in FES: 8
** Event #1406976   t=4626.105282873995   Elapsed: 4626.05s (1h 17m)  73% completed  (73% total)
     Speed:     ev/sec=575.853   simsec/sec=1   ev/simsec=575.852
     Messages:  created: 176087   present: 23   in FES: 8
** Event #1408000   t=4628.19816790244   Elapsed: 4628.14s (1h 17m)  73% completed  (73% total)
     Speed:     ev/sec=489.277   simsec/sec=1   ev/simsec=489.277
     Messages:  created: 176210   present: 11   in FES: 6
** Event #1409280   t=4630.46578849109   Elapsed: 4630.41s (1h 17m)  73% completed  (73% total)
     Speed:     ev/sec=564.468   simsec/sec=1   ev/simsec=564.468
     Messages:  created: 176373   present: 17   in FES: 8
** Event #1410304   t=4632.487379010018   Elapsed: 4632.43s (1h 17m)  73% completed  (73% total)
     Speed:     ev/sec=506.531   simsec/sec=0.999999   ev/simsec=506.532
     Messages:  created: 176498   present: 10   in FES: 6
** Event #1411072   t=4634.536936645939   Elapsed: 4634.48s (1h 17m)  73% completed  (73% total)
     Speed:     ev/sec=374.715   simsec/sec=1   ev/simsec=374.715
     Messages:  created: 176594   present: 10   in FES: 6
** Event #1412096   t=4637.11985590803   Elapsed: 4637.07s (1h 17m)  73% completed  (73% total)
     Speed:     ev/sec=396.451   simsec/sec=1   ev/simsec=396.451
     Messages:  created: 176723   present: 12   in FES: 8
** Event #1413376   t=4639.492407733023   Elapsed: 4639.44s (1h 17m)  73% completed  (73% total)
     Speed:     ev/sec=539.503   simsec/sec=1   ev/simsec=539.503
     Messages:  created: 176884   present: 16   in FES: 7
** Event #1414656   t=4641.528379717271   Elapsed: 4641.47s (1h 17m)  73% completed  (73% total)
     Speed:     ev/sec=628.693   simsec/sec=1   ev/simsec=628.692
     Messages:  created: 177048   present: 26   in FES: 8
** Event #1415680   t=4643.927347470379   Elapsed: 4643.87s (1h 17m)  73% completed  (73% total)
     Speed:     ev/sec=426.846   simsec/sec=0.999989   ev/simsec=426.85
     Messages:  created: 177170   present: 9   in FES: 5
** Event #1416448   t=4646.050549476384   Elapsed: 4646s (1h 17m)  73% completed  (73% total)
     Speed:     ev/sec=361.722   simsec/sec=1.00001   ev/simsec=361.718
     Messages:  created: 177266   present: 11   in FES: 6
** Event #1417472   t=4648.385622101756   Elapsed: 4648.33s (1h 17m)  73% completed  (73% total)
     Speed:     ev/sec=438.53   simsec/sec=1   ev/simsec=438.53
     Messages:  created: 177397   present: 17   in FES: 8
** Event #1418496   t=4650.65128595103   Elapsed: 4650.6s (1h 17m)  73% completed  (73% total)
     Speed:     ev/sec=451.965   simsec/sec=1   ev/simsec=451.965
     Messages:  created: 177524   present: 16   in FES: 7
** Event #1419264   t=4653.029749225636   Elapsed: 4652.98s (1h 17m)  73% completed  (73% total)
     Speed:     ev/sec=322.897   simsec/sec=0.999998   ev/simsec=322.898
     Messages:  created: 177618   present: 10   in FES: 6
** Event #1420032   t=4655.147199891365   Elapsed: 4655.09s (1h 17m)  73% completed  (73% total)
     Speed:     ev/sec=362.701   simsec/sec=1   ev/simsec=362.7
     Messages:  created: 177714   present: 10   in FES: 6
** Event #1421056   t=4657.828950391053   Elapsed: 4657.77s (1h 17m)  73% completed  (73% total)
     Speed:     ev/sec=381.84   simsec/sec=1   ev/simsec=381.84
     Messages:  created: 177842   present: 9   in FES: 5
** Event #1421824   t=4660.133564417451   Elapsed: 4660.08s (1h 17m)  73% completed  (73% total)
     Speed:     ev/sec=333.245   simsec/sec=1   ev/simsec=333.245
     Messages:  created: 177938   present: 9   in FES: 5
** Event #1423104   t=4662.636541792407   Elapsed: 4662.58s (1h 17m)  74% completed  (74% total)
     Speed:     ev/sec=511.391   simsec/sec=1   ev/simsec=511.391
     Messages:  created: 178099   present: 12   in FES: 6
** Event #1423872   t=4664.857092802116   Elapsed: 4664.8s (1h 17m)  74% completed  (74% total)
     Speed:     ev/sec=345.86   simsec/sec=1   ev/simsec=345.86
     Messages:  created: 178194   present: 11   in FES: 7
** Event #1424896   t=4666.924201165603   Elapsed: 4666.87s (1h 17m)  74% completed  (74% total)
     Speed:     ev/sec=495.378   simsec/sec=1   ev/simsec=495.378
     Messages:  created: 178325   present: 19   in FES: 8
** Event #1425920   t=4668.994670164491   Elapsed: 4668.95s (1h 17m)  74% completed  (74% total)
     Speed:     ev/sec=493.043   simsec/sec=0.996905   ev/simsec=494.574
     Messages:  created: 178451   present: 13   in FES: 7
** Event #1426944   t=4671.563272020763   Elapsed: 4671.51s (1h 17m)  74% completed  (74% total)
     Speed:     ev/sec=399.661   simsec/sec=1.00251   ev/simsec=398.66
     Messages:  created: 178581   present: 18   in FES: 8
** Event #1427712   t=4674.121131254837   Elapsed: 4674.07s (1h 17m)  74% completed  (74% total)
     Speed:     ev/sec=300.251   simsec/sec=1   ev/simsec=300.251
     Messages:  created: 178675   present: 12   in FES: 8
** Event #1428480   t=4676.824808787925   Elapsed: 4676.77s (1h 17m)  74% completed  (74% total)
     Speed:     ev/sec=284.057   simsec/sec=1   ev/simsec=284.058
     Messages:  created: 178771   present: 12   in FES: 8
** Event #1429760   t=4679.130869213693   Elapsed: 4679.08s (1h 17m)  74% completed  (74% total)
     Speed:     ev/sec=555.06   simsec/sec=1   ev/simsec=555.059
     Messages:  created: 178933   present: 17   in FES: 7
** Event #1430784   t=4681.130204588078   Elapsed: 4681.08s (1h 18m)  74% completed  (74% total)
     Speed:     ev/sec=511.548   simsec/sec=0.998786   ev/simsec=512.17
     Messages:  created: 179061   present: 20   in FES: 7
** Event #1432064   t=4683.213151854766   Elapsed: 4683.16s (1h 18m)  74% completed  (74% total)
     Speed:     ev/sec=615.232   simsec/sec=1.00117   ev/simsec=614.514
     Messages:  created: 179220   present: 18   in FES: 8
** Event #1433088   t=4685.550029995616   Elapsed: 4685.5s (1h 18m)  74% completed  (74% total)
     Speed:     ev/sec=438.171   simsec/sec=0.999953   ev/simsec=438.191
     Messages:  created: 179349   present: 20   in FES: 7
** Event #1434368   t=4688.14918181168   Elapsed: 4688.1s (1h 18m)  74% completed  (74% total)
     Speed:     ev/sec=492.489   simsec/sec=1.00004   ev/simsec=492.468
     Messages:  created: 179505   present: 10   in FES: 6
** Event #1435392   t=4690.81248665277   Elapsed: 4690.76s (1h 18m)  74% completed  (74% total)
     Speed:     ev/sec=384.484   simsec/sec=0.999999   ev/simsec=384.485
     Messages:  created: 179633   present: 9   in FES: 5
** Event #1436416   t=4693.340072957228   Elapsed: 4693.29s (1h 18m)  74% completed  (74% total)
     Speed:     ev/sec=404.913   simsec/sec=0.999464   ev/simsec=405.13
     Messages:  created: 179768   present: 28   in FES: 7
** Event #1437696   t=4695.792037119169   Elapsed: 4695.74s (1h 18m)  74% completed  (74% total)
     Speed:     ev/sec=522.319   simsec/sec=1.00055   ev/simsec=522.03
     Messages:  created: 179922   present: 11   in FES: 7
** Event #1438464   t=4699.06668446139   Elapsed: 4699.01s (1h 18m)  74% completed  (74% total)
     Speed:     ev/sec=234.529   simsec/sec=0.999999   ev/simsec=234.529
     Messages:  created: 180018   present: 11   in FES: 7
** Event #1439744   t=4702.047708558909   Elapsed: 4701.99s (1h 18m)  74% completed  (74% total)
     Speed:     ev/sec=429.383   simsec/sec=1   ev/simsec=429.383
     Messages:  created: 180178   present: 11   in FES: 7
** Event #1440768   t=4705.227278214155   Elapsed: 4705.17s (1h 18m)  74% completed  (74% total)
     Speed:     ev/sec=322.056   simsec/sec=1   ev/simsec=322.056
     Messages:  created: 180305   present: 9   in FES: 5
** Event #1441536   t=4707.57182567225   Elapsed: 4707.52s (1h 18m)  74% completed  (74% total)
     Speed:     ev/sec=327.569   simsec/sec=1   ev/simsec=327.569
     Messages:  created: 180401   present: 9   in FES: 5
** Event #1442304   t=4710.002239081973   Elapsed: 4709.95s (1h 18m)  74% completed  (74% total)
     Speed:     ev/sec=315.996   simsec/sec=1   ev/simsec=315.996
     Messages:  created: 180497   present: 10   in FES: 6
** Event #1443072   t=4712.578528182333   Elapsed: 4712.52s (1h 18m)  74% completed  (74% total)
     Speed:     ev/sec=298.103   simsec/sec=1   ev/simsec=298.103
     Messages:  created: 180593   present: 10   in FES: 6
** Event #1443840   t=4714.6295572253   Elapsed: 4714.58s (1h 18m)  74% completed  (74% total)
     Speed:     ev/sec=374.255   simsec/sec=0.999489   ev/simsec=374.446
     Messages:  created: 180690   present: 12   in FES: 7
** Event #1444608   t=4716.820920151472   Elapsed: 4716.77s (1h 18m)  74% completed  (74% total)
     Speed:     ev/sec=350.634   simsec/sec=1.00048   ev/simsec=350.467
     Messages:  created: 180786   present: 11   in FES: 6
** Event #1445376   t=4719.446507130202   Elapsed: 4719.39s (1h 18m)  74% completed  (74% total)
     Speed:     ev/sec=292.506   simsec/sec=1   ev/simsec=292.506
     Messages:  created: 180882   present: 11   in FES: 6
** Event #1446400   t=4721.912700374932   Elapsed: 4721.86s (1h 18m)  74% completed  (74% total)
     Speed:     ev/sec=415.215   simsec/sec=1   ev/simsec=415.215
     Messages:  created: 181009   present: 9   in FES: 5
** Event #1447424   t=4724.26876031144   Elapsed: 4724.25s (1h 18m)  74% completed  (74% total)
     Speed:     ev/sec=428.823   simsec/sec=0.986654   ev/simsec=434.624
     Messages:  created: 181141   present: 20   in FES: 7
** Event #1448448   t=4726.75298034644   Elapsed: 4726.7s (1h 18m)  75% completed  (75% total)
     Speed:     ev/sec=417.552   simsec/sec=1.01298   ev/simsec=412.202
     Messages:  created: 181265   present: 9   in FES: 5
** Event #1448704   t=4728.790172262576   Elapsed: 4728.74s (1h 18m)  75% completed  (75% total)
     Speed:     ev/sec=125.666   simsec/sec=1.00002   ev/simsec=125.663
     Messages:  created: 181298   present: 11   in FES: 7
** Event #1450496   t=4731.012396321409   Elapsed: 4730.97s (1h 18m)  75% completed  (75% total)
     Speed:     ev/sec=803.097   simsec/sec=0.995905   ev/simsec=806.399
     Messages:  created: 181576   present: 156   in FES: 7
** Event #1451776   t=4733.309795379271   Elapsed: 4733.26s (1h 18m)  75% completed  (75% total)
     Speed:     ev/sec=559.376   simsec/sec=1.00399   ev/simsec=557.152
     Messages:  created: 181721   present: 115   in FES: 8
** Event #1452800   t=4735.758343749481   Elapsed: 4735.7s (1h 18m)  75% completed  (75% total)
     Speed:     ev/sec=418.207   simsec/sec=0.999999   ev/simsec=418.207
     Messages:  created: 181809   present: 9   in FES: 5
** Event #1453568   t=4737.772044373193   Elapsed: 4737.72s (1h 18m)  75% completed  (75% total)
     Speed:     ev/sec=381.388   simsec/sec=1   ev/simsec=381.387
     Messages:  created: 181905   present: 9   in FES: 5
** Event #1454336   t=4740.154360588158   Elapsed: 4740.1s (1h 19m)  75% completed  (75% total)
     Speed:     ev/sec=322.376   simsec/sec=1   ev/simsec=322.375
     Messages:  created: 182001   present: 9   in FES: 5
** Event #1454848   t=4742.204331147343   Elapsed: 4742.15s (1h 19m)  75% completed  (75% total)
     Speed:     ev/sec=249.759   simsec/sec=0.999999   ev/simsec=249.76
     Messages:  created: 182064   present: 9   in FES: 5
** Event #1455616   t=4744.709938273596   Elapsed: 4744.66s (1h 19m)  75% completed  (75% total)
     Speed:     ev/sec=306.513   simsec/sec=1   ev/simsec=306.513
     Messages:  created: 182160   present: 9   in FES: 5
** Event #1456384   t=4747.205678712221   Elapsed: 4747.15s (1h 19m)  75% completed  (75% total)
     Speed:     ev/sec=307.724   simsec/sec=1   ev/simsec=307.724
     Messages:  created: 182259   present: 15   in FES: 8
** Event #1457920   t=4749.470213284013   Elapsed: 4749.42s (1h 19m)  75% completed  (75% total)
     Speed:     ev/sec=677.474   simsec/sec=0.998804   ev/simsec=678.285
     Messages:  created: 182467   present: 59   in FES: 7
** Event #1458944   t=4751.567616942597   Elapsed: 4751.54s (1h 19m)  75% completed  (75% total)
     Speed:     ev/sec=483.104   simsec/sec=0.989516   ev/simsec=488.223
     Messages:  created: 182577   present: 11   in FES: 7
** Event #1460480   t=4753.793617608006   Elapsed: 4753.74s (1h 19m)  75% completed  (75% total)
     Speed:     ev/sec=697.844   simsec/sec=1.01133   ev/simsec=690.027
     Messages:  created: 182776   present: 30   in FES: 8
** Event #1461760   t=4756.316886154578   Elapsed: 4756.26s (1h 19m)  75% completed  (75% total)
     Speed:     ev/sec=507.278   simsec/sec=0.999999   ev/simsec=507.279
     Messages:  created: 182929   present: 10   in FES: 6
** Event #1462528   t=4758.713222340322   Elapsed: 4758.66s (1h 19m)  75% completed  (75% total)
     Speed:     ev/sec=320.49   simsec/sec=1   ev/simsec=320.489
     Messages:  created: 183025   present: 10   in FES: 6
** Event #1463296   t=4761.235588980525   Elapsed: 4761.21s (1h 19m)  75% completed  (75% total)
     Speed:     ev/sec=300.889   simsec/sec=0.988219   ev/simsec=304.476
     Messages:  created: 183121   present: 11   in FES: 7
** Event #1464320   t=4763.38560902683   Elapsed: 4763.34s (1h 19m)  75% completed  (75% total)
     Speed:     ev/sec=482.027   simsec/sec=1.01208   ev/simsec=476.275
     Messages:  created: 183249   present: 11   in FES: 6
** Event #1465344   t=4765.80600767102   Elapsed: 4765.76s (1h 19m)  75% completed  (75% total)
     Speed:     ev/sec=422.082   simsec/sec=0.997663   ev/simsec=423.071
     Messages:  created: 183377   present: 11   in FES: 7
** Event #1466368   t=4768.137670188819   Elapsed: 4768.08s (1h 19m)  75% completed  (75% total)
     Speed:     ev/sec=441.079   simsec/sec=1.00434   ev/simsec=439.172
     Messages:  created: 183505   present: 10   in FES: 6
** Event #1467392   t=4770.247217016791   Elapsed: 4770.19s (1h 19m)  75% completed  (75% total)
     Speed:     ev/sec=485.412   simsec/sec=0.999999   ev/simsec=485.412
     Messages:  created: 183635   present: 15   in FES: 6
** Event #1468416   t=4773.221124699704   Elapsed: 4773.17s (1h 19m)  75% completed  (75% total)
     Speed:     ev/sec=344.328   simsec/sec=1   ev/simsec=344.328
     Messages:  created: 183761   present: 10   in FES: 6
** Event #1469184   t=4775.415367985863   Elapsed: 4775.36s (1h 19m)  75% completed  (75% total)
     Speed:     ev/sec=349.762   simsec/sec=0.9993   ev/simsec=350.007
     Messages:  created: 183857   present: 11   in FES: 6
** Event #1469696   t=4777.430418967102   Elapsed: 4777.38s (1h 19m)  75% completed  (75% total)
     Speed:     ev/sec=254.282   simsec/sec=1.00076   ev/simsec=254.088
     Messages:  created: 183923   present: 15   in FES: 8
** Event #1470464   t=4779.995907801806   Elapsed: 4779.94s (1h 19m)  75% completed  (75% total)
     Speed:     ev/sec=299.357   simsec/sec=0.999996   ev/simsec=299.358
     Messages:  created: 184016   present: 9   in FES: 5
** Event #1470976   t=4782.083460752379   Elapsed: 4782.03s (1h 19m)  75% completed  (75% total)
     Speed:     ev/sec=245.264   simsec/sec=1   ev/simsec=245.263
     Messages:  created: 184080   present: 9   in FES: 5
** Event #1471488   t=4784.401315359884   Elapsed: 4784.35s (1h 19m)  75% completed  (75% total)
     Speed:     ev/sec=220.875   simsec/sec=0.999913   ev/simsec=220.894
     Messages:  created: 184145   present: 11   in FES: 7
** Event #1472000   t=4786.475507914699   Elapsed: 4786.42s (1h 19m)  75% completed  (75% total)
     Speed:     ev/sec=246.867   simsec/sec=1.0001   ev/simsec=246.843
     Messages:  created: 184208   present: 9   in FES: 5
** Event #1473024   t=4788.708171963613   Elapsed: 4788.67s (1h 19m)  76% completed  (76% total)
     Speed:     ev/sec=456.234   simsec/sec=0.994744   ev/simsec=458.645
     Messages:  created: 184343   present: 27   in FES: 7
** Event #1474304   t=4790.869995887447   Elapsed: 4790.82s (1h 19m)  76% completed  (76% total)
     Speed:     ev/sec=594.746   simsec/sec=1.00448   ev/simsec=592.093
     Messages:  created: 184503   present: 27   in FES: 7
** Event #1475328   t=4793.254906115386   Elapsed: 4793.22s (1h 19m)  76% completed  (76% total)
     Speed:     ev/sec=425.87   simsec/sec=0.991857   ev/simsec=429.366
     Messages:  created: 184625   present: 11   in FES: 6
** Event #1476352   t=4795.976267241281   Elapsed: 4795.92s (1h 19m)  76% completed  (76% total)
     Speed:     ev/sec=379.312   simsec/sec=1.00805   ev/simsec=376.282
     Messages:  created: 184752   present: 9   in FES: 5
** Event #1477120   t=4798.116865914208   Elapsed: 4798.06s (1h 19m)  76% completed  (76% total)
     Speed:     ev/sec=358.778   simsec/sec=1   ev/simsec=358.778
     Messages:  created: 184850   present: 14   in FES: 7
** Event #1478144   t=4800.503956381516   Elapsed: 4800.45s (1h 20m)  76% completed  (76% total)
     Speed:     ev/sec=428.974   simsec/sec=1   ev/simsec=428.974
     Messages:  created: 184976   present: 9   in FES: 5
** Event #1479424   t=4802.645076958898   Elapsed: 4802.59s (1h 20m)  76% completed  (76% total)
     Speed:     ev/sec=597.818   simsec/sec=1   ev/simsec=597.818
     Messages:  created: 185141   present: 23   in FES: 8
** Event #1480960   t=4805.257102349559   Elapsed: 4805.2s (1h 20m)  76% completed  (76% total)
     Speed:     ev/sec=588.05   simsec/sec=1   ev/simsec=588.049
     Messages:  created: 185328   present: 9   in FES: 5
** Event #1481984   t=4807.364617852127   Elapsed: 4807.32s (1h 20m)  76% completed  (76% total)
     Speed:     ev/sec=484.148   simsec/sec=0.996436   ev/simsec=485.88
     Messages:  created: 185456   present: 10   in FES: 6
** Event #1483264   t=4809.773385176324   Elapsed: 4809.72s (1h 20m)  76% completed  (76% total)
     Speed:     ev/sec=532.165   simsec/sec=1.00145   ev/simsec=531.392
     Messages:  created: 185619   present: 18   in FES: 7
** Event #1484032   t=4812.328998835805   Elapsed: 4812.28s (1h 20m)  76% completed  (76% total)
     Speed:     ev/sec=300.353   simsec/sec=0.99946   ev/simsec=300.515
     Messages:  created: 185712   present: 10   in FES: 5
** Event #1485312   t=4814.538643769855   Elapsed: 4814.48s (1h 20m)  76% completed  (76% total)
     Speed:     ev/sec=580.703   simsec/sec=1.00246   ev/simsec=579.279
     Messages:  created: 185876   present: 21   in FES: 8
** Event #1486336   t=4816.586634181631   Elapsed: 4816.54s (1h 20m)  76% completed  (76% total)
     Speed:     ev/sec=498.847   simsec/sec=0.99769   ev/simsec=500.002
     Messages:  created: 186000   present: 10   in FES: 6
** Event #1487360   t=4818.84916417033   Elapsed: 4818.8s (1h 20m)  76% completed  (76% total)
     Speed:     ev/sec=452.528   simsec/sec=0.999862   ev/simsec=452.591
     Messages:  created: 186134   present: 26   in FES: 7
** Event #1488640   t=4820.930331372242   Elapsed: 4820.88s (1h 20m)  76% completed  (76% total)
     Speed:     ev/sec=616.19   simsec/sec=1.00187   ev/simsec=615.039
     Messages:  created: 186288   present: 10   in FES: 6
** Event #1489920   t=4823.246936756024   Elapsed: 4823.19s (1h 20m)  76% completed  (76% total)
     Speed:     ev/sec=552.812   simsec/sec=1.00051   ev/simsec=552.533
     Messages:  created: 186453   present: 22   in FES: 8
** Event #1491456   t=4825.50094626398   Elapsed: 4825.45s (1h 20m)  76% completed  (76% total)
     Speed:     ev/sec=681.451   simsec/sec=0.999998   ev/simsec=681.452
     Messages:  created: 186653   present: 45   in FES: 8
** Event #1492480   t=4827.652535748407   Elapsed: 4827.61s (1h 20m)  76% completed  (76% total)
     Speed:     ev/sec=473.231   simsec/sec=0.994335   ev/simsec=475.927
     Messages:  created: 186768   present: 10   in FES: 6
** Event #1493760   t=4830.010279282894   Elapsed: 4829.96s (1h 20m)  76% completed  (76% total)
     Speed:     ev/sec=545.729   simsec/sec=1.00523   ev/simsec=542.892
     Messages:  created: 186929   present: 13   in FES: 7
** Event #1495040   t=4832.154124695457   Elapsed: 4832.1s (1h 20m)  76% completed  (76% total)
     Speed:     ev/sec=597.058   simsec/sec=1   ev/simsec=597.058
     Messages:  created: 187098   present: 37   in FES: 8
** Event #1496320   t=4835.089782545803   Elapsed: 4835.06s (1h 20m)  76% completed  (76% total)
     Speed:     ev/sec=432.365   simsec/sec=0.991621   ev/simsec=436.018
     Messages:  created: 187248   present: 10   in FES: 5
** Event #1497088   t=4838.209617886955   Elapsed: 4838.18s (1h 20m)  76% completed  (76% total)
     Speed:     ev/sec=246.014   simsec/sec=0.999381   ev/simsec=246.167
     Messages:  created: 187344   present: 10   in FES: 6
** Event #1498112   t=4840.773416894834   Elapsed: 4840.72s (1h 20m)  76% completed  (76% total)
     Speed:     ev/sec=402.999   simsec/sec=1.00899   ev/simsec=399.407
     Messages:  created: 187472   present: 10   in FES: 6
** Event #1499136   t=4843.445257166865   Elapsed: 4843.39s (1h 20m)  76% completed  (76% total)
     Speed:     ev/sec=383.346   simsec/sec=1.00023   ev/simsec=383.256
     Messages:  created: 187600   present: 10   in FES: 6
** Event #1499904   t=4845.613461425183   Elapsed: 4845.56s (1h 20m)  76% completed  (76% total)
     Speed:     ev/sec=354.744   simsec/sec=1.00151   ev/simsec=354.21
     Messages:  created: 187698   present: 14   in FES: 8
** Event #1501184   t=4847.996024030064   Elapsed: 4847.94s (1h 20m)  76% completed  (76% total)
     Speed:     ev/sec=537.237   simsec/sec=1   ev/simsec=537.237
     Messages:  created: 187857   present: 13   in FES: 7
** Event #1502464   t=4850.413434619598   Elapsed: 4850.36s (1h 20m)  76% completed  (76% total)
     Speed:     ev/sec=529.492   simsec/sec=0.999999   ev/simsec=529.492
     Messages:  created: 188020   present: 20   in FES: 8
** Event #1503488   t=4852.434944797981   Elapsed: 4852.38s (1h 20m)  77% completed  (77% total)
     Speed:     ev/sec=506.552   simsec/sec=1   ev/simsec=506.552
     Messages:  created: 188145   present: 13   in FES: 7
** Event #1505024   t=4854.456474806511   Elapsed: 4854.4s (1h 20m)  77% completed  (77% total)
     Speed:     ev/sec=759.821   simsec/sec=1   ev/simsec=759.821
     Messages:  created: 188359   present: 71   in FES: 8
** Event #1506304   t=4856.98879950803   Elapsed: 4856.94s (1h 20m)  77% completed  (77% total)
     Speed:     ev/sec=505.018   simsec/sec=0.999118   ev/simsec=505.464
     Messages:  created: 188496   present: 10   in FES: 6
** Event #1507072   t=4859.387041446901   Elapsed: 4859.36s (1h 20m)  77% completed  (77% total)
     Speed:     ev/sec=316.43   simsec/sec=0.988121   ev/simsec=320.235
     Messages:  created: 188592   present: 10   in FES: 6
** Event #1507840   t=4862.124872922674   Elapsed: 4862.08s (1h 21m)  77% completed  (77% total)
     Speed:     ev/sec=283.283   simsec/sec=1.00987   ev/simsec=280.514
     Messages:  created: 188687   present: 9   in FES: 5
** Event #1508608   t=4864.24458117038   Elapsed: 4864.19s (1h 21m)  77% completed  (77% total)
     Speed:     ev/sec=363.052   simsec/sec=1.00204   ev/simsec=362.314
     Messages:  created: 188785   present: 15   in FES: 7
** Event #1509632   t=4866.398462925317   Elapsed: 4866.34s (1h 21m)  77% completed  (77% total)
     Speed:     ev/sec=475.42   simsec/sec=0.999999   ev/simsec=475.421
     Messages:  created: 188913   present: 14   in FES: 8
** Event #1510400   t=4868.587171736159   Elapsed: 4868.53s (1h 21m)  77% completed  (77% total)
     Speed:     ev/sec=350.892   simsec/sec=1   ev/simsec=350.892
     Messages:  created: 189008   present: 11   in FES: 7
** Event #1511424   t=4871.292098143512   Elapsed: 4871.24s (1h 21m)  77% completed  (77% total)
     Speed:     ev/sec=378.569   simsec/sec=1   ev/simsec=378.569
     Messages:  created: 189136   present: 11   in FES: 7
** Event #1512192   t=4874.037703945909   Elapsed: 4873.98s (1h 21m)  77% completed  (77% total)
     Speed:     ev/sec=279.72   simsec/sec=1   ev/simsec=279.72
     Messages:  created: 189233   present: 15   in FES: 8
** Event #1513216   t=4876.194207077268   Elapsed: 4876.14s (1h 21m)  77% completed  (77% total)
     Speed:     ev/sec=474.843   simsec/sec=1   ev/simsec=474.843
     Messages:  created: 189364   present: 23   in FES: 8
** Event #1514752   t=4878.444105557148   Elapsed: 4878.39s (1h 21m)  77% completed  (77% total)
     Speed:     ev/sec=682.698   simsec/sec=1   ev/simsec=682.697
     Messages:  created: 189558   present: 27   in FES: 8
** Event #1516032   t=4880.632039679935   Elapsed: 4880.58s (1h 21m)  77% completed  (77% total)
     Speed:     ev/sec=583.759   simsec/sec=0.997834   ev/simsec=585.027
     Messages:  created: 189711   present: 9   in FES: 5
** Event #1517056   t=4882.971574545672   Elapsed: 4882.92s (1h 21m)  77% completed  (77% total)
     Speed:     ev/sec=437.722   simsec/sec=1.00006   ev/simsec=437.694
     Messages:  created: 189839   present: 9   in FES: 5
** Event #1518080   t=4885.252370694615   Elapsed: 4885.21s (1h 21m)  77% completed  (77% total)
     Speed:     ev/sec=448.256   simsec/sec=0.998419   ev/simsec=448.966
     Messages:  created: 189970   present: 17   in FES: 6
** Event #1519104   t=4887.259439303772   Elapsed: 4887.24s (1h 21m)  77% completed  (77% total)
     Speed:     ev/sec=502.819   simsec/sec=0.98554   ev/simsec=510.197
     Messages:  created: 190095   present: 9   in FES: 5
** Event #1519872   t=4889.957211978223   Elapsed: 4889.91s (1h 21m)  77% completed  (77% total)
     Speed:     ev/sec=287.636   simsec/sec=1.01039   ev/simsec=284.679
     Messages:  created: 190191   present: 9   in FES: 5
** Event #1520640   t=4892.380408262478   Elapsed: 4892.38s (1h 21m)  77% completed  (77% total)
     Speed:     ev/sec=310.737   simsec/sec=0.980439   ev/simsec=316.937
     Messages:  created: 190287   present: 9   in FES: 5
** Event #1521152   t=4894.493841817553   Elapsed: 4894.46s (1h 21m)  77% completed  (77% total)
     Speed:     ev/sec=246.155   simsec/sec=1.01608   ev/simsec=242.26
     Messages:  created: 190351   present: 9   in FES: 5
** Event #1521920   t=4896.746936462227   Elapsed: 4896.69s (1h 21m)  77% completed  (77% total)
     Speed:     ev/sec=344.664   simsec/sec=1.01115   ev/simsec=340.865
     Messages:  created: 190450   present: 16   in FES: 8
** Event #1522944   t=4898.964311777033   Elapsed: 4898.93s (1h 21m)  77% completed  (77% total)
     Speed:     ev/sec=456.901   simsec/sec=0.989375   ev/simsec=461.807
     Messages:  created: 190575   present: 9   in FES: 5
** Event #1523456   t=4901.256266395005   Elapsed: 4901.2s (1h 21m)  77% completed  (77% total)
     Speed:     ev/sec=225.735   simsec/sec=1.0105   ev/simsec=223.39
     Messages:  created: 190640   present: 11   in FES: 7
** Event #1524480   t=4904.075409249576   Elapsed: 4904.02s (1h 21m)  77% completed  (77% total)
     Speed:     ev/sec=363.236   simsec/sec=1.00001   ev/simsec=363.231
     Messages:  created: 190769   present: 13   in FES: 8
** Event #1525504   t=4906.234882285345   Elapsed: 4906.18s (1h 21m)  77% completed  (77% total)
     Speed:     ev/sec=474.181   simsec/sec=0.999982   ev/simsec=474.19
     Messages:  created: 190896   present: 11   in FES: 7
** Event #1526528   t=4909.001011494139   Elapsed: 4908.96s (1h 21m)  77% completed  (77% total)
     Speed:     ev/sec=368.967   simsec/sec=0.996689   ev/simsec=370.192
     Messages:  created: 191023   present: 9   in FES: 5
** Event #1527552   t=4911.375105913649   Elapsed: 4911.32s (1h 21m)  77% completed  (77% total)
     Speed:     ev/sec=432.998   simsec/sec=1.00388   ev/simsec=431.322
     Messages:  created: 191152   present: 11   in FES: 7
** Event #1528832   t=4914.337660553242   Elapsed: 4914.29s (1h 21m)  78% completed  (78% total)
     Speed:     ev/sec=431.791   simsec/sec=0.99938   ev/simsec=432.06
     Messages:  created: 191311   present: 9   in FES: 5
** Event #1530112   t=4916.706772612187   Elapsed: 4916.66s (1h 21m)  78% completed  (78% total)
     Speed:     ev/sec=538.831   simsec/sec=0.997306   ev/simsec=540.287
     Messages:  created: 191471   present: 9   in FES: 5
** Event #1530624   t=4918.969984222815   Elapsed: 4918.94s (1h 21m)  78% completed  (78% total)
     Speed:     ev/sec=224.235   simsec/sec=0.991193   ev/simsec=226.227
     Messages:  created: 191535   present: 9   in FES: 5
** Event #1531904   t=4921.336614646486   Elapsed: 4921.28s (1h 22m)  78% completed  (78% total)
     Speed:     ev/sec=547.41   simsec/sec=1.01212   ev/simsec=540.853
     Messages:  created: 191714   present: 61   in FES: 8
** Event #1532928   t=4923.722717199631   Elapsed: 4923.67s (1h 22m)  78% completed  (78% total)
     Speed:     ev/sec=429.152   simsec/sec=1   ev/simsec=429.152
     Messages:  created: 191823   present: 10   in FES: 6
** Event #1533952   t=4926.577784059109   Elapsed: 4926.52s (1h 22m)  78% completed  (78% total)
     Speed:     ev/sec=358.661   simsec/sec=1   ev/simsec=358.661
     Messages:  created: 191951   present: 11   in FES: 7
** Event #1534976   t=4928.691975525182   Elapsed: 4928.64s (1h 22m)  78% completed  (78% total)
     Speed:     ev/sec=484.346   simsec/sec=1   ev/simsec=484.346
     Messages:  created: 192079   present: 10   in FES: 6
** Event #1536256   t=4931.092872500687   Elapsed: 4931.04s (1h 22m)  78% completed  (78% total)
     Speed:     ev/sec=533.134   simsec/sec=1   ev/simsec=533.134
     Messages:  created: 192239   present: 11   in FES: 6
** Event #1537024   t=4933.504449409208   Elapsed: 4933.45s (1h 22m)  78% completed  (78% total)
     Speed:     ev/sec=318.464   simsec/sec=1   ev/simsec=318.464
     Messages:  created: 192335   present: 11   in FES: 6
** Event #1538048   t=4935.98706813857   Elapsed: 4935.93s (1h 22m)  78% completed  (78% total)
     Speed:     ev/sec=412.468   simsec/sec=1   ev/simsec=412.468
     Messages:  created: 192463   present: 11   in FES: 7
** Event #1538816   t=4938.224809822863   Elapsed: 4938.17s (1h 22m)  78% completed  (78% total)
     Speed:     ev/sec=343.203   simsec/sec=0.999999   ev/simsec=343.203
     Messages:  created: 192559   present: 10   in FES: 6
** Event #1539840   t=4940.467307542042   Elapsed: 4940.41s (1h 22m)  78% completed  (78% total)
     Speed:     ev/sec=456.634   simsec/sec=1   ev/simsec=456.634
     Messages:  created: 192687   present: 10   in FES: 6
** Event #1540608   t=4942.511909187642   Elapsed: 4942.46s (1h 22m)  78% completed  (78% total)
     Speed:     ev/sec=375.623   simsec/sec=0.999999   ev/simsec=375.623
     Messages:  created: 192784   present: 13   in FES: 8
** Event #1541376   t=4944.701136972348   Elapsed: 4944.65s (1h 22m)  78% completed  (78% total)
     Speed:     ev/sec=350.809   simsec/sec=1   ev/simsec=350.809
     Messages:  created: 192880   present: 14   in FES: 7
** Event #1542144   t=4947.876083227458   Elapsed: 4947.82s (1h 22m)  78% completed  (78% total)
     Speed:     ev/sec=241.894   simsec/sec=1   ev/simsec=241.894
     Messages:  created: 192975   present: 10   in FES: 6
** Event #1543168   t=4950.33906561144   Elapsed: 4950.28s (1h 22m)  78% completed  (78% total)
     Speed:     ev/sec=415.757   simsec/sec=1   ev/simsec=415.756
     Messages:  created: 193103   present: 10   in FES: 6
** Event #1543936   t=4952.678284090213   Elapsed: 4952.62s (1h 22m)  78% completed  (78% total)
     Speed:     ev/sec=328.314   simsec/sec=0.999999   ev/simsec=328.315
     Messages:  created: 193201   present: 15   in FES: 8
** Event #1544704   t=4955.235745162222   Elapsed: 4955.18s (1h 22m)  78% completed  (78% total)
     Speed:     ev/sec=300.298   simsec/sec=1   ev/simsec=300.298
     Messages:  created: 193295   present: 10   in FES: 6
** Event #1545472   t=4957.423400754902   Elapsed: 4957.37s (1h 22m)  78% completed  (78% total)
     Speed:     ev/sec=351.061   simsec/sec=1   ev/simsec=351.061
     Messages:  created: 193392   present: 14   in FES: 8
** Event #1546240   t=4959.708906079355   Elapsed: 4959.65s (1h 22m)  78% completed  (78% total)
     Speed:     ev/sec=336.031   simsec/sec=1   ev/simsec=336.031
     Messages:  created: 193487   present: 10   in FES: 6
** Event #1547264   t=4962.40039246124   Elapsed: 4962.35s (1h 22m)  78% completed  (78% total)
     Speed:     ev/sec=380.459   simsec/sec=1   ev/simsec=380.459
     Messages:  created: 193615   present: 10   in FES: 6
** Event #1548032   t=4964.683417352195   Elapsed: 4964.63s (1h 22m)  78% completed  (78% total)
     Speed:     ev/sec=336.396   simsec/sec=1   ev/simsec=336.396
     Messages:  created: 193711   present: 10   in FES: 6
** Event #1548800   t=4966.746888616605   Elapsed: 4966.69s (1h 22m)  78% completed  (78% total)
     Speed:     ev/sec=372.189   simsec/sec=1   ev/simsec=372.188
     Messages:  created: 193810   present: 18   in FES: 8
** Event #1549824   t=4969.111425042989   Elapsed: 4969.06s (1h 22m)  78% completed  (78% total)
     Speed:     ev/sec=433.066   simsec/sec=0.999999   ev/simsec=433.066
     Messages:  created: 193935   present: 10   in FES: 6
** Event #1550336   t=4971.456488627113   Elapsed: 4971.4s (1h 22m)  78% completed  (78% total)
     Speed:     ev/sec=218.331   simsec/sec=1   ev/simsec=218.331
     Messages:  created: 194000   present: 13   in FES: 8
** Event #1551104   t=4973.99397230905   Elapsed: 4973.94s (1h 22m)  78% completed  (78% total)
     Speed:     ev/sec=302.662   simsec/sec=1   ev/simsec=302.662
     Messages:  created: 194096   present: 12   in FES: 8
** Event #1551616   t=4976.65240178157   Elapsed: 4976.6s (1h 22m)  78% completed  (78% total)
     Speed:     ev/sec=192.597   simsec/sec=1.00001   ev/simsec=192.595
     Messages:  created: 194159   present: 11   in FES: 7
** Event #1552128   t=4978.768043654843   Elapsed: 4978.72s (1h 22m)  79% completed  (79% total)
     Speed:     ev/sec=241.594   simsec/sec=0.998293   ev/simsec=242.007
     Messages:  created: 194222   present: 8   in FES: 4
** Event #1552896   t=4980.830707783171   Elapsed: 4980.78s (1h 23m)  79% completed  (79% total)
     Speed:     ev/sec=372.983   simsec/sec=1.00174   ev/simsec=372.334
     Messages:  created: 194318   present: 10   in FES: 6
** Event #1553664   t=4983.127267037066   Elapsed: 4983.07s (1h 23m)  79% completed  (79% total)
     Speed:     ev/sec=334.413   simsec/sec=0.999999   ev/simsec=334.413
     Messages:  created: 194415   present: 11   in FES: 7
** Event #1554432   t=4985.379702579257   Elapsed: 4985.33s (1h 23m)  79% completed  (79% total)
     Speed:     ev/sec=340.964   simsec/sec=1   ev/simsec=340.964
     Messages:  created: 194511   present: 11   in FES: 7
** Event #1555200   t=4987.996855486508   Elapsed: 4987.94s (1h 23m)  79% completed  (79% total)
     Speed:     ev/sec=293.449   simsec/sec=1   ev/simsec=293.449
     Messages:  created: 194607   present: 11   in FES: 7
** Event #1555968   t=4990.019126408303   Elapsed: 4989.97s (1h 23m)  79% completed  (79% total)
     Speed:     ev/sec=379.771   simsec/sec=1   ev/simsec=379.771
     Messages:  created: 194702   present: 9   in FES: 5
** Event #1556992   t=4992.200670431581   Elapsed: 4992.15s (1h 23m)  79% completed  (79% total)
     Speed:     ev/sec=469.382   simsec/sec=0.999977   ev/simsec=469.392
     Messages:  created: 194830   present: 9   in FES: 5
** Event #1557760   t=4994.475614340114   Elapsed: 4994.42s (1h 23m)  79% completed  (79% total)
     Speed:     ev/sec=337.598   simsec/sec=1.00002   ev/simsec=337.591
     Messages:  created: 194926   present: 10   in FES: 6
** Event #1558528   t=4996.748796375181   Elapsed: 4996.69s (1h 23m)  79% completed  (79% total)
     Speed:     ev/sec=337.853   simsec/sec=1   ev/simsec=337.852
     Messages:  created: 195024   present: 14   in FES: 8
** Event #1559552   t=4999.365880491119   Elapsed: 4999.31s (1h 23m)  79% completed  (79% total)
     Speed:     ev/sec=391.275   simsec/sec=1   ev/simsec=391.275
     Messages:  created: 195150   present: 9   in FES: 5
** Event #1560320   t=5001.775658088354   Elapsed: 5001.72s (1h 23m)  79% completed  (79% total)
     Speed:     ev/sec=318.702   simsec/sec=1   ev/simsec=318.702
     Messages:  created: 195246   present: 10   in FES: 6
** Event #1561344   t=5003.936443923922   Elapsed: 5003.88s (1h 23m)  79% completed  (79% total)
     Speed:     ev/sec=473.902   simsec/sec=1   ev/simsec=473.902
     Messages:  created: 195378   present: 21   in FES: 8
** Event #1562368   t=5006.080509240604   Elapsed: 5006.04s (1h 23m)  79% completed  (79% total)
     Speed:     ev/sec=475.324   simsec/sec=0.995239   ev/simsec=477.597
     Messages:  created: 195504   present: 15   in FES: 7
** Event #1563392   t=5008.095480726075   Elapsed: 5008.04s (1h 23m)  79% completed  (79% total)
     Speed:     ev/sec=510.796   simsec/sec=1.00512   ev/simsec=508.196
     Messages:  created: 195630   present: 10   in FES: 6
** Event #1564416   t=5010.210578782772   Elapsed: 5010.16s (1h 23m)  79% completed  (79% total)
     Speed:     ev/sec=484.138   simsec/sec=1   ev/simsec=484.138
     Messages:  created: 195759   present: 12   in FES: 7
** Event #1565184   t=5012.860877095653   Elapsed: 5012.81s (1h 23m)  79% completed  (79% total)
     Speed:     ev/sec=289.771   simsec/sec=0.999975   ev/simsec=289.779
     Messages:  created: 195854   present: 9   in FES: 5
** Event #1566208   t=5015.257052180225   Elapsed: 5015.2s (1h 23m)  79% completed  (79% total)
     Speed:     ev/sec=427.36   simsec/sec=1.00003   ev/simsec=427.348
     Messages:  created: 195982   present: 10   in FES: 6
** Event #1567744   t=5017.760157242932   Elapsed: 5017.71s (1h 23m)  79% completed  (79% total)
     Speed:     ev/sec=613.637   simsec/sec=0.999998   ev/simsec=613.638
     Messages:  created: 196175   present: 12   in FES: 6
** Event #1568512   t=5020.485504985057   Elapsed: 5020.43s (1h 23m)  79% completed  (79% total)
     Speed:     ev/sec=281.8   simsec/sec=1   ev/simsec=281.799
     Messages:  created: 196272   present: 14   in FES: 8
** Event #1569280   t=5022.487496822496   Elapsed: 5022.43s (1h 23m)  79% completed  (79% total)
     Speed:     ev/sec=383.618   simsec/sec=0.999999   ev/simsec=383.618
     Messages:  created: 196366   present: 9   in FES: 5
** Event #1569792   t=5025.451221801336   Elapsed: 5025.4s (1h 23m)  79% completed  (79% total)
     Speed:     ev/sec=172.755   simsec/sec=0.999999   ev/simsec=172.756
     Messages:  created: 196430   present: 9   in FES: 5
** Event #1570304   t=5027.48460804361   Elapsed: 5027.43s (1h 23m)  79% completed  (79% total)
     Speed:     ev/sec=251.797   simsec/sec=1   ev/simsec=251.797
     Messages:  created: 196494   present: 10   in FES: 6
** Event #1571072   t=5029.801026606459   Elapsed: 5029.75s (1h 23m)  79% completed  (79% total)
     Speed:     ev/sec=331.547   simsec/sec=1   ev/simsec=331.546
     Messages:  created: 196594   present: 19   in FES: 8
** Event #1571584   t=5032.050840968652   Elapsed: 5032s (1h 23m)  79% completed  (79% total)
     Speed:     ev/sec=227.567   simsec/sec=0.999969   ev/simsec=227.574
     Messages:  created: 196654   present: 9   in FES: 5
** Event #1572352   t=5035.194222111306   Elapsed: 5035.14s (1h 23m)  79% completed  (79% total)
     Speed:     ev/sec=244.328   simsec/sec=1.00002   ev/simsec=244.323
     Messages:  created: 196750   present: 9   in FES: 5
** Event #1573376   t=5037.483824803704   Elapsed: 5037.43s (1h 23m)  79% completed  (79% total)
     Speed:     ev/sec=447.24   simsec/sec=1   ev/simsec=447.239
     Messages:  created: 196879   present: 11   in FES: 6
** Event #1573888   t=5039.750834671683   Elapsed: 5039.7s (1h 23m)  79% completed  (79% total)
     Speed:     ev/sec=225.848   simsec/sec=1   ev/simsec=225.848
     Messages:  created: 196943   present: 11   in FES: 6
** Event #1574656   t=5042.130010399216   Elapsed: 5042.08s (1h 24m)  80% completed  (80% total)
     Speed:     ev/sec=322.801   simsec/sec=0.999999   ev/simsec=322.801
     Messages:  created: 197039   present: 13   in FES: 7
** Event #1575424   t=5044.65044267725   Elapsed: 5044.6s (1h 24m)  80% completed  (80% total)
     Speed:     ev/sec=304.71   simsec/sec=1   ev/simsec=304.71
     Messages:  created: 197134   present: 10   in FES: 6
** Event #1576960   t=5047.020337958585   Elapsed: 5046.97s (1h 24m)  80% completed  (80% total)
     Speed:     ev/sec=648.13   simsec/sec=1   ev/simsec=648.13
     Messages:  created: 197326   present: 11   in FES: 7
** Event #1577984   t=5049.490156309201   Elapsed: 5049.44s (1h 24m)  80% completed  (80% total)
     Speed:     ev/sec=414.605   simsec/sec=1   ev/simsec=414.605
     Messages:  created: 197453   present: 9   in FES: 5
** Event #1578496   t=5052.242160741259   Elapsed: 5052.19s (1h 24m)  80% completed  (80% total)
     Speed:     ev/sec=186.046   simsec/sec=1   ev/simsec=186.046
     Messages:  created: 197519   present: 13   in FES: 7
** Event #1579264   t=5054.423437248587   Elapsed: 5054.37s (1h 24m)  80% completed  (80% total)
     Speed:     ev/sec=352.087   simsec/sec=0.999999   ev/simsec=352.087
     Messages:  created: 197619   present: 24   in FES: 8
** Event #1580544   t=5056.549108840539   Elapsed: 5056.5s (1h 24m)  80% completed  (80% total)
     Speed:     ev/sec=600.916   simsec/sec=0.99793   ev/simsec=602.163
     Messages:  created: 197790   present: 54   in FES: 7
** Event #1581824   t=5059.07317829593   Elapsed: 5059.03s (1h 24m)  80% completed  (80% total)
     Speed:     ev/sec=506.52   simsec/sec=0.998821   ev/simsec=507.118
     Messages:  created: 197935   present: 14   in FES: 7
** Event #1582848   t=5061.454298160853   Elapsed: 5061.4s (1h 24m)  80% completed  (80% total)
     Speed:     ev/sec=431.388   simsec/sec=1.00311   ev/simsec=430.05
     Messages:  created: 198061   present: 9   in FES: 5
** Event #1583872   t=5063.961405564735   Elapsed: 5063.91s (1h 24m)  80% completed  (80% total)
     Speed:     ev/sec=408.444   simsec/sec=1.00001   ev/simsec=408.439
     Messages:  created: 198190   present: 11   in FES: 6
** Event #1584896   t=5066.162242794032   Elapsed: 5066.11s (1h 24m)  80% completed  (80% total)
     Speed:     ev/sec=465.271   simsec/sec=0.999985   ev/simsec=465.277
     Messages:  created: 198321   present: 18   in FES: 7
** Event #1585920   t=5068.353117661624   Elapsed: 5068.3s (1h 24m)  80% completed  (80% total)
     Speed:     ev/sec=467.393   simsec/sec=0.999999   ev/simsec=467.393
     Messages:  created: 198448   present: 17   in FES: 8
** Event #1587200   t=5070.394199948198   Elapsed: 5070.34s (1h 24m)  80% completed  (80% total)
     Speed:     ev/sec=627.119   simsec/sec=1   ev/simsec=627.118
     Messages:  created: 198614   present: 33   in FES: 8
** Event #1588480   t=5072.813401077372   Elapsed: 5072.76s (1h 24m)  80% completed  (80% total)
     Speed:     ev/sec=529.1   simsec/sec=1   ev/simsec=529.1
     Messages:  created: 198766   present: 12   in FES: 7
** Event #1589248   t=5075.044068126562   Elapsed: 5074.99s (1h 24m)  80% completed  (80% total)
     Speed:     ev/sec=344.292   simsec/sec=1   ev/simsec=344.292
     Messages:  created: 198861   present: 9   in FES: 5
** Event #1589504   t=5077.258924154572   Elapsed: 5077.21s (1h 24m)  80% completed  (80% total)
     Speed:     ev/sec=115.529   simsec/sec=0.999535   ev/simsec=115.583
     Messages:  created: 198901   present: 30   in FES: 7
** Event #1590784   t=5079.262442169819   Elapsed: 5079.21s (1h 24m)  80% completed  (80% total)
     Speed:     ev/sec=639.205   simsec/sec=1.00051   ev/simsec=638.876
     Messages:  created: 199075   present: 67   in FES: 8
** Event #1592064   t=5081.330976540455   Elapsed: 5081.28s (1h 24m)  80% completed  (80% total)
     Speed:     ev/sec=618.796   simsec/sec=1   ev/simsec=618.796
     Messages:  created: 199223   present: 35   in FES: 7
** Event #1593088   t=5083.344300698223   Elapsed: 5083.29s (1h 24m)  80% completed  (80% total)
     Speed:     ev/sec=508.612   simsec/sec=1   ev/simsec=508.612
     Messages:  created: 199342   present: 10   in FES: 6
** Event #1594112   t=5086.105613311499   Elapsed: 5086.05s (1h 24m)  80% completed  (80% total)
     Speed:     ev/sec=370.834   simsec/sec=0.999989   ev/simsec=370.838
     Messages:  created: 199469   present: 9   in FES: 5
** Event #1594880   t=5088.24626721391   Elapsed: 5088.19s (1h 24m)  80% completed  (80% total)
     Speed:     ev/sec=358.774   simsec/sec=1.00001   ev/simsec=358.769
     Messages:  created: 199565   present: 9   in FES: 5
** Event #1595648   t=5090.68885316228   Elapsed: 5090.63s (1h 24m)  80% completed  (80% total)
     Speed:     ev/sec=314.421   simsec/sec=1   ev/simsec=314.421
     Messages:  created: 199664   present: 16   in FES: 8
** Event #1597184   t=5093.053349175235   Elapsed: 5093.01s (1h 24m)  80% completed  (80% total)
     Speed:     ev/sec=645.366   simsec/sec=0.993467   ev/simsec=649.61
     Messages:  created: 199864   present: 38   in FES: 7
** Event #1598464   t=5095.109671231461   Elapsed: 5095.06s (1h 24m)  80% completed  (80% total)
     Speed:     ev/sec=627.214   simsec/sec=1.00762   ev/simsec=622.471
     Messages:  created: 200024   present: 37   in FES: 8
** Event #1599744   t=5097.278986943729   Elapsed: 5097.23s (1h 24m)  80% completed  (80% total)
     Speed:     ev/sec=587.6   simsec/sec=0.995852   ev/simsec=590.048
     Messages:  created: 200175   present: 14   in FES: 5
** Event #1600256   t=5099.315451353117   Elapsed: 5099.26s (1h 24m)  80% completed  (80% total)
     Speed:     ev/sec=252.537   simsec/sec=1.00446   ev/simsec=251.416
     Messages:  created: 200238   present: 10   in FES: 6
** Event #1601536   t=5101.320623657536   Elapsed: 5101.27s (1h 25m)  80% completed  (80% total)
     Speed:     ev/sec=638.349   simsec/sec=1   ev/simsec=638.349
     Messages:  created: 200397   present: 11   in FES: 7
** Event #1602560   t=5103.59138555708   Elapsed: 5103.54s (1h 25m)  81% completed  (81% total)
     Speed:     ev/sec=450.387   simsec/sec=0.998751   ev/simsec=450.95
     Messages:  created: 200526   present: 13   in FES: 7
** Event #1603584   t=5106.133163474749   Elapsed: 5106.08s (1h 25m)  81% completed  (81% total)
     Speed:     ev/sec=403.318   simsec/sec=1.00112   ev/simsec=402.868
     Messages:  created: 200653   present: 10   in FES: 6
** Event #1604608   t=5108.539520061696   Elapsed: 5108.49s (1h 25m)  81% completed  (81% total)
     Speed:     ev/sec=425.54   simsec/sec=1   ev/simsec=425.54
     Messages:  created: 200783   present: 16   in FES: 7
** Event #1605888   t=5110.932789627706   Elapsed: 5110.88s (1h 25m)  81% completed  (81% total)
     Speed:     ev/sec=533.712   simsec/sec=0.997903   ev/simsec=534.833
     Messages:  created: 200945   present: 21   in FES: 7
** Event #1607168   t=5113.440645309826   Elapsed: 5113.39s (1h 25m)  81% completed  (81% total)
     Speed:     ev/sec=511.422   simsec/sec=1.00201   ev/simsec=510.396
     Messages:  created: 201101   present: 11   in FES: 7
** Event #1608192   t=5115.957681223486   Elapsed: 5115.9s (1h 25m)  81% completed  (81% total)
     Speed:     ev/sec=406.828   simsec/sec=1   ev/simsec=406.828
     Messages:  created: 201229   present: 11   in FES: 7
** Event #1608960   t=5118.529524680592   Elapsed: 5118.48s (1h 25m)  81% completed  (81% total)
     Speed:     ev/sec=298.619   simsec/sec=1   ev/simsec=298.618
     Messages:  created: 201325   present: 11   in FES: 7
** Event #1609728   t=5120.773350803922   Elapsed: 5120.72s (1h 25m)  81% completed  (81% total)
     Speed:     ev/sec=342.272   simsec/sec=1   ev/simsec=342.273
     Messages:  created: 201423   present: 15   in FES: 7
** Event #1611008   t=5123.195574402379   Elapsed: 5123.14s (1h 25m)  81% completed  (81% total)
     Speed:     ev/sec=528.44   simsec/sec=1   ev/simsec=528.44
     Messages:  created: 201589   present: 32   in FES: 8
** Event #1611776   t=5125.380787874953   Elapsed: 5125.33s (1h 25m)  81% completed  (81% total)
     Speed:     ev/sec=351.439   simsec/sec=0.999961   ev/simsec=351.453
     Messages:  created: 201677   present: 9   in FES: 5
** Event #1612800   t=5127.933062200665   Elapsed: 5127.88s (1h 25m)  81% completed  (81% total)
     Speed:     ev/sec=401.224   simsec/sec=1.00003   ev/simsec=401.211
     Messages:  created: 201805   present: 10   in FES: 6
** Event #1613568   t=5130.349238080853   Elapsed: 5130.3s (1h 25m)  81% completed  (81% total)
     Speed:     ev/sec=317.434   simsec/sec=0.998668   ev/simsec=317.858
     Messages:  created: 201902   present: 13   in FES: 7
** Event #1614592   t=5132.869600904215   Elapsed: 5132.82s (1h 25m)  81% completed  (81% total)
     Speed:     ev/sec=406.811   simsec/sec=1.00128   ev/simsec=406.291
     Messages:  created: 202029   present: 11   in FES: 7
** Event #1615360   t=5134.883917140724   Elapsed: 5134.83s (1h 25m)  81% completed  (81% total)
     Speed:     ev/sec=381.27   simsec/sec=0.999999   ev/simsec=381.271
     Messages:  created: 202125   present: 10   in FES: 6
** Event #1616384   t=5137.431048529604   Elapsed: 5137.38s (1h 25m)  81% completed  (81% total)
     Speed:     ev/sec=402.021   simsec/sec=1   ev/simsec=402.021
     Messages:  created: 202253   present: 9   in FES: 5
** Event #1617152   t=5139.654191570416   Elapsed: 5139.62s (1h 25m)  81% completed  (81% total)
     Speed:     ev/sec=342.034   simsec/sec=0.990093   ev/simsec=345.457
     Messages:  created: 202350   present: 13   in FES: 7
** Event #1617920   t=5141.921840413499   Elapsed: 5141.87s (1h 25m)  81% completed  (81% total)
     Speed:     ev/sec=342.032   simsec/sec=1.00991   ev/simsec=338.677
     Messages:  created: 202445   present: 9   in FES: 5
** Event #1619200   t=5144.12255000424   Elapsed: 5144.07s (1h 25m)  81% completed  (81% total)
     Speed:     ev/sec=581.63   simsec/sec=0.999999   ev/simsec=581.631
     Messages:  created: 202605   present: 10   in FES: 6
** Event #1619968   t=5146.404208500272   Elapsed: 5146.35s (1h 25m)  81% completed  (81% total)
     Speed:     ev/sec=336.597   simsec/sec=1   ev/simsec=336.597
     Messages:  created: 202701   present: 9   in FES: 5
** Event #1621504   t=5148.740472820956   Elapsed: 5148.69s (1h 25m)  81% completed  (81% total)
     Speed:     ev/sec=657.46   simsec/sec=1   ev/simsec=657.46
     Messages:  created: 202902   present: 34   in FES: 8
** Event #1622528   t=5151.025931363015   Elapsed: 5150.97s (1h 25m)  81% completed  (81% total)
     Speed:     ev/sec=448.05   simsec/sec=0.999999   ev/simsec=448.05
     Messages:  created: 203021   present: 10   in FES: 6
** Event #1623552   t=5154.036033365026   Elapsed: 5153.98s (1h 25m)  81% completed  (81% total)
     Speed:     ev/sec=340.188   simsec/sec=1   ev/simsec=340.188
     Messages:  created: 203149   present: 9   in FES: 5
** Event #1624320   t=5156.357552606496   Elapsed: 5156.32s (1h 25m)  81% completed  (81% total)
     Speed:     ev/sec=328.627   simsec/sec=0.993378   ev/simsec=330.818
     Messages:  created: 203246   present: 13   in FES: 6
** Event #1625088   t=5159.0105105986   Elapsed: 5158.96s (1h 25m)  81% completed  (81% total)
     Speed:     ev/sec=291.187   simsec/sec=1.00587   ev/simsec=289.488
     Messages:  created: 203341   present: 10   in FES: 6
** Event #1626112   t=5163.434840431807   Elapsed: 5163.38s (1h 26m)  81% completed  (81% total)
     Speed:     ev/sec=231.447   simsec/sec=1   ev/simsec=231.447
     Messages:  created: 203469   present: 11   in FES: 7
** Event #1626368   t=5165.607472953853   Elapsed: 5165.56s (1h 26m)  81% completed  (81% total)
     Speed:     ev/sec=117.602   simsec/sec=0.998071   ev/simsec=117.829
     Messages:  created: 203501   present: 12   in FES: 7
** Event #1627136   t=5167.702122157161   Elapsed: 5167.65s (1h 26m)  82% completed  (82% total)
     Speed:     ev/sec=367.385   simsec/sec=1.00201   ev/simsec=366.649
     Messages:  created: 203601   present: 23   in FES: 7
** Event #1628416   t=5170.330044234947   Elapsed: 5170.28s (1h 26m)  82% completed  (82% total)
     Speed:     ev/sec=487.077   simsec/sec=1   ev/simsec=487.077
     Messages:  created: 203756   present: 10   in FES: 6
** Event #1629440   t=5172.479431508085   Elapsed: 5172.43s (1h 26m)  82% completed  (82% total)
     Speed:     ev/sec=476.415   simsec/sec=1   ev/simsec=476.415
     Messages:  created: 203888   present: 19   in FES: 8
** Event #1630464   t=5175.444848984279   Elapsed: 5175.39s (1h 26m)  82% completed  (82% total)
     Speed:     ev/sec=345.312   simsec/sec=0.999994   ev/simsec=345.314
     Messages:  created: 204012   present: 9   in FES: 5
** Event #1630976   t=5180.960560317166   Elapsed: 5180.91s (1h 26m)  82% completed  (82% total)
     Speed:     ev/sec=92.8261   simsec/sec=1   ev/simsec=92.8257
     Messages:  created: 204081   present: 23   in FES: 8
** Event #1632256   t=5182.967012500671   Elapsed: 5182.91s (1h 26m)  82% completed  (82% total)
     Speed:     ev/sec=637.942   simsec/sec=1   ev/simsec=637.942
     Messages:  created: 204242   present: 24   in FES: 8
** Event #1633536   t=5185.854127902721   Elapsed: 5185.8s (1h 26m)  82% completed  (82% total)
     Speed:     ev/sec=443.349   simsec/sec=1   ev/simsec=443.349
     Messages:  created: 204396   present: 9   in FES: 5
** Event #1634816   t=5188.298942845114   Elapsed: 5188.25s (1h 26m)  82% completed  (82% total)
     Speed:     ev/sec=522.002   simsec/sec=0.997029   ev/simsec=523.557
     Messages:  created: 204557   present: 12   in FES: 6
** Event #1635840   t=5190.601957394035   Elapsed: 5190.55s (1h 26m)  82% completed  (82% total)
     Speed:     ev/sec=446.045   simsec/sec=1.00317   ev/simsec=444.635
     Messages:  created: 204684   present: 10   in FES: 6
** Event #1636864   t=5192.962497128386   Elapsed: 5192.91s (1h 26m)  82% completed  (82% total)
     Speed:     ev/sec=433.799   simsec/sec=1   ev/simsec=433.799
     Messages:  created: 204814   present: 15   in FES: 8
** Event #1637888   t=5195.589415149967   Elapsed: 5195.54s (1h 26m)  82% completed  (82% total)
     Speed:     ev/sec=389.81   simsec/sec=1   ev/simsec=389.81
     Messages:  created: 204942   present: 15   in FES: 8
** Event #1638912   t=5198.502612291627   Elapsed: 5198.45s (1h 26m)  82% completed  (82% total)
     Speed:     ev/sec=351.504   simsec/sec=0.999999   ev/simsec=351.504
     Messages:  created: 205068   present: 10   in FES: 6
** Event #1639424   t=5200.894940902772   Elapsed: 5200.84s (1h 26m)  82% completed  (82% total)
     Speed:     ev/sec=214.018   simsec/sec=1   ev/simsec=214.017
     Messages:  created: 205133   present: 11   in FES: 7
** Event #1640192   t=5203.291385248578   Elapsed: 5203.24s (1h 26m)  82% completed  (82% total)
     Speed:     ev/sec=320.238   simsec/sec=0.999262   ev/simsec=320.475
     Messages:  created: 205229   present: 12   in FES: 7
** Event #1641216   t=5205.920383959675   Elapsed: 5205.87s (1h 26m)  82% completed  (82% total)
     Speed:     ev/sec=389.764   simsec/sec=1.00067   ev/simsec=389.502
     Messages:  created: 205356   present: 10   in FES: 6
** Event #1641984   t=5208.720832223671   Elapsed: 5208.67s (1h 26m)  82% completed  (82% total)
     Speed:     ev/sec=274.241   simsec/sec=0.999998   ev/simsec=274.242
     Messages:  created: 205452   present: 9   in FES: 5
** Event #1642496   t=5210.803090739902   Elapsed: 5210.76s (1h 26m)  82% completed  (82% total)
     Speed:     ev/sec=244.798   simsec/sec=0.99557   ev/simsec=245.887
     Messages:  created: 205517   present: 12   in FES: 7
** Event #1643008   t=5212.949640396009   Elapsed: 5212.9s (1h 26m)  82% completed  (82% total)
     Speed:     ev/sec=239.556   simsec/sec=1.00434   ev/simsec=238.522
     Messages:  created: 205580   present: 9   in FES: 5
** Event #1644032   t=5215.305372917233   Elapsed: 5215.25s (1h 26m)  82% completed  (82% total)
     Speed:     ev/sec=434.685   simsec/sec=1   ev/simsec=434.684
     Messages:  created: 205711   present: 16   in FES: 7
** Event #1644800   t=5217.797452983231   Elapsed: 5217.74s (1h 26m)  82% completed  (82% total)
     Speed:     ev/sec=308.177   simsec/sec=1   ev/simsec=308.176
     Messages:  created: 205804   present: 10   in FES: 6
** Event #1645568   t=5220.381416351344   Elapsed: 5220.33s (1h 27m)  82% completed  (82% total)
     Speed:     ev/sec=297.218   simsec/sec=0.999999   ev/simsec=297.218
     Messages:  created: 205900   present: 9   in FES: 5
** Event #1646336   t=5223.390089678175   Elapsed: 5223.34s (1h 27m)  82% completed  (82% total)
     Speed:     ev/sec=255.261   simsec/sec=0.999997   ev/simsec=255.262
     Messages:  created: 205995   present: 9   in FES: 5
** Event #1647104   t=5225.669239107736   Elapsed: 5225.62s (1h 27m)  82% completed  (82% total)
     Speed:     ev/sec=336.969   simsec/sec=1   ev/simsec=336.968
     Messages:  created: 206092   present: 10   in FES: 6
** Event #1648384   t=5228.117685306236   Elapsed: 5228.06s (1h 27m)  82% completed  (82% total)
     Speed:     ev/sec=522.78   simsec/sec=1   ev/simsec=522.781
     Messages:  created: 206254   present: 17   in FES: 8
** Event #1649408   t=5230.213784913226   Elapsed: 5230.16s (1h 27m)  83% completed  (83% total)
     Speed:     ev/sec=488.203   simsec/sec=0.999337   ev/simsec=488.526
     Messages:  created: 206380   present: 11   in FES: 7
** Event #1650176   t=5232.389795095731   Elapsed: 5232.34s (1h 27m)  83% completed  (83% total)
     Speed:     ev/sec=353.165   simsec/sec=1.00064   ev/simsec=352.94
     Messages:  created: 206478   present: 15   in FES: 8
** Event #1650944   t=5234.504041785061   Elapsed: 5234.47s (1h 27m)  83% completed  (83% total)
     Speed:     ev/sec=359.843   simsec/sec=0.99062   ev/simsec=363.25
     Messages:  created: 206572   present: 11   in FES: 6
** Event #1652224   t=5236.892477862062   Elapsed: 5236.84s (1h 27m)  83% completed  (83% total)
     Speed:     ev/sec=540.445   simsec/sec=1.00845   ev/simsec=535.916
     Messages:  created: 206733   present: 13   in FES: 7
** Event #1652992   t=5239.441003696102   Elapsed: 5239.39s (1h 27m)  83% completed  (83% total)
     Speed:     ev/sec=301.351   simsec/sec=1   ev/simsec=301.351
     Messages:  created: 206828   present: 10   in FES: 6
** Event #1653760   t=5241.993659111945   Elapsed: 5241.94s (1h 27m)  83% completed  (83% total)
     Speed:     ev/sec=300.861   simsec/sec=0.999994   ev/simsec=300.863
     Messages:  created: 206923   present: 9   in FES: 5
** Event #1654528   t=5244.372048242236   Elapsed: 5244.32s (1h 27m)  83% completed  (83% total)
     Speed:     ev/sec=322.91   simsec/sec=1.00001   ev/simsec=322.908
     Messages:  created: 207020   present: 10   in FES: 6
** Event #1655296   t=5246.588452730963   Elapsed: 5246.53s (1h 27m)  83% completed  (83% total)
     Speed:     ev/sec=346.507   simsec/sec=1   ev/simsec=346.507
     Messages:  created: 207120   present: 22   in FES: 8
** Event #1656320   t=5249.003162031024   Elapsed: 5248.95s (1h 27m)  83% completed  (83% total)
     Speed:     ev/sec=423.316   simsec/sec=0.998227   ev/simsec=424.068
     Messages:  created: 207244   present: 11   in FES: 5
** Event #1656832   t=5251.831240045327   Elapsed: 5251.79s (1h 27m)  83% completed  (83% total)
     Speed:     ev/sec=180.456   simsec/sec=0.996765   ev/simsec=181.042
     Messages:  created: 207308   present: 11   in FES: 7
** Event #1657344   t=5253.885553733768   Elapsed: 5253.85s (1h 27m)  83% completed  (83% total)
     Speed:     ev/sec=249.201   simsec/sec=0.999876   ev/simsec=249.232
     Messages:  created: 207372   present: 11   in FES: 6
** Event #1658112   t=5256.706650440516   Elapsed: 5256.66s (1h 27m)  83% completed  (83% total)
     Speed:     ev/sec=273.192   simsec/sec=1.00352   ev/simsec=272.235
     Messages:  created: 207468   present: 11   in FES: 7
** Event #1658880   t=5259.068339993037   Elapsed: 5259.01s (1h 27m)  83% completed  (83% total)
     Speed:     ev/sec=325.719   simsec/sec=1.00163   ev/simsec=325.191
     Messages:  created: 207564   present: 10   in FES: 6
** Event #1659648   t=5261.127204318685   Elapsed: 5261.07s (1h 27m)  83% completed  (83% total)
     Speed:     ev/sec=373.021   simsec/sec=1   ev/simsec=373.021
     Messages:  created: 207659   present: 9   in FES: 5
** Event #1660416   t=5263.413022609988   Elapsed: 5263.36s (1h 27m)  83% completed  (83% total)
     Speed:     ev/sec=335.984   simsec/sec=0.999999   ev/simsec=335.985
     Messages:  created: 207757   present: 13   in FES: 7
** Event #1661440   t=5265.967527116126   Elapsed: 5265.91s (1h 27m)  83% completed  (83% total)
     Speed:     ev/sec=400.861   simsec/sec=1   ev/simsec=400.861
     Messages:  created: 207884   present: 10   in FES: 6
** Event #1662208   t=5268.464736253603   Elapsed: 5268.41s (1h 27m)  83% completed  (83% total)
     Speed:     ev/sec=307.543   simsec/sec=1   ev/simsec=307.543
     Messages:  created: 207979   present: 9   in FES: 5
** Event #1663232   t=5271.134139483889   Elapsed: 5271.08s (1h 27m)  83% completed  (83% total)
     Speed:     ev/sec=383.606   simsec/sec=1   ev/simsec=383.606
     Messages:  created: 208107   present: 9   in FES: 5
** Event #1663744   t=5273.149932524994   Elapsed: 5273.11s (1h 27m)  83% completed  (83% total)
     Speed:     ev/sec=252.825   simsec/sec=0.995397   ev/simsec=253.994
     Messages:  created: 208172   present: 11   in FES: 6
** Event #1664256   t=5275.353902018757   Elapsed: 5275.3s (1h 27m)  83% completed  (83% total)
     Speed:     ev/sec=233.295   simsec/sec=1.00425   ev/simsec=232.308
     Messages:  created: 208236   present: 10   in FES: 6
** Event #1664768   t=5277.717425307567   Elapsed: 5277.66s (1h 27m)  83% completed  (83% total)
     Speed:     ev/sec=216.626   simsec/sec=1   ev/simsec=216.626
     Messages:  created: 208301   present: 13   in FES: 8
** Event #1665536   t=5279.74245681737   Elapsed: 5279.7s (1h 27m)  83% completed  (83% total)
     Speed:     ev/sec=377.029   simsec/sec=0.994135   ev/simsec=379.253
     Messages:  created: 208396   present: 11   in FES: 7
** Event #1666048   t=5282.300710945185   Elapsed: 5282.25s (1h 28m)  83% completed  (83% total)
     Speed:     ev/sec=201.075   simsec/sec=1.00469   ev/simsec=200.136
     Messages:  created: 208460   present: 12   in FES: 8
** Event #1666560   t=5284.766684907847   Elapsed: 5284.71s (1h 28m)  83% completed  (83% total)
     Speed:     ev/sec=207.626   simsec/sec=1   ev/simsec=207.626
     Messages:  created: 208524   present: 12   in FES: 7
** Event #1667072   t=5286.931942132945   Elapsed: 5286.88s (1h 28m)  83% completed  (83% total)
     Speed:     ev/sec=236.461   simsec/sec=0.999999   ev/simsec=236.462
     Messages:  created: 208587   present: 10   in FES: 6
** Event #1668096   t=5289.217273468428   Elapsed: 5289.17s (1h 28m)  83% completed  (83% total)
     Speed:     ev/sec=446.614   simsec/sec=0.996739   ev/simsec=448.075
     Messages:  created: 208715   present: 10   in FES: 6
** Event #1668864   t=5291.667969850651   Elapsed: 5291.61s (1h 28m)  83% completed  (83% total)
     Speed:     ev/sec=314.34   simsec/sec=1.00306   ev/simsec=313.38
     Messages:  created: 208812   present: 13   in FES: 7
** Event #1669888   t=5294.058907250968   Elapsed: 5294s (1h 28m)  84% completed  (84% total)
     Speed:     ev/sec=428.283   simsec/sec=0.999999   ev/simsec=428.284
     Messages:  created: 208941   present: 15   in FES: 7
** Event #1670912   t=5296.287464073726   Elapsed: 5296.23s (1h 28m)  84% completed  (84% total)
     Speed:     ev/sec=459.491   simsec/sec=1   ev/simsec=459.49
     Messages:  created: 209072   present: 23   in FES: 8
** Event #1671936   t=5298.614649948057   Elapsed: 5298.58s (1h 28m)  84% completed  (84% total)
     Speed:     ev/sec=435.677   simsec/sec=0.990138   ev/simsec=440.016
     Messages:  created: 209195   present: 10   in FES: 6
** Event #1672704   t=5300.785813178984   Elapsed: 5300.73s (1h 28m)  84% completed  (84% total)
     Speed:     ev/sec=357.544   simsec/sec=1.01079   ev/simsec=353.727
     Messages:  created: 209291   present: 9   in FES: 5
** Event #1673472   t=5303.140229347174   Elapsed: 5303.1s (1h 28m)  84% completed  (84% total)
     Speed:     ev/sec=324.564   simsec/sec=0.994997   ev/simsec=326.196
     Messages:  created: 209387   present: 10   in FES: 6
** Event #1674496   t=5305.359870002994   Elapsed: 5305.31s (1h 28m)  84% completed  (84% total)
     Speed:     ev/sec=463.81   simsec/sec=1.00536   ev/simsec=461.336
     Messages:  created: 209518   present: 17   in FES: 7
** Event #1675264   t=5308.066798407738   Elapsed: 5308.01s (1h 28m)  84% completed  (84% total)
     Speed:     ev/sec=283.717   simsec/sec=1   ev/simsec=283.716
     Messages:  created: 209611   present: 9   in FES: 5
** Event #1676288   t=5310.192978613359   Elapsed: 5310.17s (1h 28m)  84% completed  (84% total)
     Speed:     ev/sec=474.805   simsec/sec=0.98586   ev/simsec=481.615
     Messages:  created: 209742   present: 18   in FES: 6
** Event #1677568   t=5312.701442857749   Elapsed: 5312.66s (1h 28m)  84% completed  (84% total)
     Speed:     ev/sec=514.806   simsec/sec=1.00889   ev/simsec=510.272
     Messages:  created: 209899   present: 10   in FES: 6
** Event #1678336   t=5315.362867638586   Elapsed: 5315.31s (1h 28m)  84% completed  (84% total)
     Speed:     ev/sec=289.481   simsec/sec=1.00317   ev/simsec=288.567
     Messages:  created: 209995   present: 9   in FES: 5
** Event #1679104   t=5317.877777018503   Elapsed: 5317.83s (1h 28m)  84% completed  (84% total)
     Speed:     ev/sec=304.809   simsec/sec=0.998135   ev/simsec=305.379
     Messages:  created: 210091   present: 10   in FES: 5
** Event #1679872   t=5319.94154654475   Elapsed: 5319.89s (1h 28m)  84% completed  (84% total)
     Speed:     ev/sec=372.984   simsec/sec=1.00228   ev/simsec=372.135
     Messages:  created: 210189   present: 14   in FES: 7
** Event #1680640   t=5322.36781109511   Elapsed: 5322.31s (1h 28m)  84% completed  (84% total)
     Speed:     ev/sec=316.535   simsec/sec=0.999997   ev/simsec=316.536
     Messages:  created: 210285   present: 14   in FES: 8
** Event #1681408   t=5324.971296015926   Elapsed: 5324.94s (1h 28m)  84% completed  (84% total)
     Speed:     ev/sec=292.318   simsec/sec=0.990946   ev/simsec=294.989
     Messages:  created: 210379   present: 10   in FES: 6
** Event #1681920   t=5327.3063215581   Elapsed: 5327.25s (1h 28m)  84% completed  (84% total)
     Speed:     ev/sec=221.527   simsec/sec=1.0103   ev/simsec=219.27
     Messages:  created: 210444   present: 12   in FES: 8
** Event #1682432   t=5329.961986970395   Elapsed: 5329.91s (1h 28m)  84% completed  (84% total)
     Speed:     ev/sec=192.362   simsec/sec=0.997753   ev/simsec=192.795
     Messages:  created: 210507   present: 10   in FES: 6
** Event #1682944   t=5332.177047411034   Elapsed: 5332.14s (1h 28m)  84% completed  (84% total)
     Speed:     ev/sec=230.327   simsec/sec=0.996463   ev/simsec=231.145
     Messages:  created: 210571   present: 10   in FES: 6
** Event #1683456   t=5334.352972834373   Elapsed: 5334.3s (1h 28m)  84% completed  (84% total)
     Speed:     ev/sec=236.367   simsec/sec=1.00452   ev/simsec=235.302
     Messages:  created: 210635   present: 10   in FES: 6
** Event #1684480   t=5337.111865013427   Elapsed: 5337.06s (1h 28m)  84% completed  (84% total)
     Speed:     ev/sec=371.708   simsec/sec=1.00147   ev/simsec=371.163
     Messages:  created: 210763   present: 9   in FES: 5
** Event #1684992   t=5339.498232813825   Elapsed: 5339.44s (1h 28m)  84% completed  (84% total)
     Speed:     ev/sec=214.552   simsec/sec=1   ev/simsec=214.552
     Messages:  created: 210828   present: 12   in FES: 8
** Event #1685760   t=5342.137493033939   Elapsed: 5342.08s (1h 29m)  84% completed  (84% total)
     Speed:     ev/sec=290.99   simsec/sec=0.999998   ev/simsec=290.991
     Messages:  created: 210923   present: 11   in FES: 7
** Event #1686784   t=5344.519894051523   Elapsed: 5344.48s (1h 29m)  84% completed  (84% total)
     Speed:     ev/sec=428.084   simsec/sec=0.995965   ev/simsec=429.818
     Messages:  created: 211050   present: 9   in FES: 5
** Event #1687552   t=5346.741051123644   Elapsed: 5346.69s (1h 29m)  84% completed  (84% total)
     Speed:     ev/sec=347.275   simsec/sec=1.00437   ev/simsec=345.766
     Messages:  created: 211148   present: 14   in FES: 8
** Event #1688832   t=5349.644786359456   Elapsed: 5349.6s (1h 29m)  84% completed  (84% total)
     Speed:     ev/sec=439.298   simsec/sec=0.996567   ev/simsec=440.812
     Messages:  created: 211306   present: 9   in FES: 5
** Event #1689344   t=5351.653701997103   Elapsed: 5351.6s (1h 29m)  84% completed  (84% total)
     Speed:     ev/sec=255.807   simsec/sec=1.0037   ev/simsec=254.864
     Messages:  created: 211370   present: 9   in FES: 5
** Event #1690368   t=5354.089359883697   Elapsed: 5354.04s (1h 29m)  84% completed  (84% total)
     Speed:     ev/sec=420.869   simsec/sec=1.00107   ev/simsec=420.42
     Messages:  created: 211500   present: 15   in FES: 7
** Event #1691392   t=5356.204586263824   Elapsed: 5356.15s (1h 29m)  85% completed  (85% total)
     Speed:     ev/sec=484.109   simsec/sec=1   ev/simsec=484.109
     Messages:  created: 211628   present: 13   in FES: 7
** Event #1692416   t=5359.099435602838   Elapsed: 5359.05s (1h 29m)  85% completed  (85% total)
     Speed:     ev/sec=353.62   simsec/sec=0.999683   ev/simsec=353.732
     Messages:  created: 211754   present: 9   in FES: 5
** Event #1692928   t=5361.125307941635   Elapsed: 5361.07s (1h 29m)  85% completed  (85% total)
     Speed:     ev/sec=252.845   simsec/sec=1.00045   ev/simsec=252.731
     Messages:  created: 211820   present: 14   in FES: 7
** Event #1693952   t=5363.893041568136   Elapsed: 5363.84s (1h 29m)  85% completed  (85% total)
     Speed:     ev/sec=369.978   simsec/sec=1   ev/simsec=369.978
     Messages:  created: 211947   present: 11   in FES: 7
** Event #1694464   t=5366.21591786289   Elapsed: 5366.16s (1h 29m)  85% completed  (85% total)
     Speed:     ev/sec=220.417   simsec/sec=1   ev/simsec=220.416
     Messages:  created: 212011   present: 12   in FES: 7
** Event #1695488   t=5368.336046181764   Elapsed: 5368.28s (1h 29m)  85% completed  (85% total)
     Speed:     ev/sec=482.989   simsec/sec=0.999999   ev/simsec=482.99
     Messages:  created: 212146   present: 31   in FES: 8
** Event #1696512   t=5370.848622464423   Elapsed: 5370.8s (1h 29m)  85% completed  (85% total)
     Speed:     ev/sec=406.359   simsec/sec=0.997078   ev/simsec=407.55
     Messages:  created: 212266   present: 9   in FES: 5
** Event #1697280   t=5373.035118525465   Elapsed: 5372.99s (1h 29m)  85% completed  (85% total)
     Speed:     ev/sec=350.427   simsec/sec=0.997665   ev/simsec=351.247
     Messages:  created: 212362   present: 9   in FES: 5
** Event #1698048   t=5375.841706390016   Elapsed: 5375.79s (1h 29m)  85% completed  (85% total)
     Speed:     ev/sec=274.869   simsec/sec=1.00449   ev/simsec=273.642
     Messages:  created: 212460   present: 14   in FES: 8
** Event #1698816   t=5378.096396581626   Elapsed: 5378.06s (1h 29m)  85% completed  (85% total)
     Speed:     ev/sec=338.672   simsec/sec=0.994273   ev/simsec=340.623
     Messages:  created: 212554   present: 9   in FES: 5
** Event #1699328   t=5380.398925288378   Elapsed: 5380.36s (1h 29m)  85% completed  (85% total)
     Speed:     ev/sec=221.839   simsec/sec=0.99764   ev/simsec=222.364
     Messages:  created: 212618   present: 9   in FES: 5
** Event #1700608   t=5383.011549666625   Elapsed: 5382.96s (1h 29m)  85% completed  (85% total)
     Speed:     ev/sec=493.4   simsec/sec=1.00709   ev/simsec=489.929
     Messages:  created: 212779   present: 11   in FES: 6
** Event #1701376   t=5385.368709481421   Elapsed: 5385.33s (1h 29m)  85% completed  (85% total)
     Speed:     ev/sec=323.708   simsec/sec=0.993531   ev/simsec=325.816
     Messages:  created: 212874   present: 9   in FES: 5
** Event #1702400   t=5387.416397426301   Elapsed: 5387.36s (1h 29m)  85% completed  (85% total)
     Speed:     ev/sec=503.852   simsec/sec=1.00755   ev/simsec=500.076
     Messages:  created: 213003   present: 11   in FES: 6
** Event #1703424   t=5389.610430957208   Elapsed: 5389.56s (1h 29m)  85% completed  (85% total)
     Speed:     ev/sec=465.714   simsec/sec=0.997844   ev/simsec=466.72
     Messages:  created: 213130   present: 9   in FES: 5
** Event #1704192   t=5391.814863414551   Elapsed: 5391.76s (1h 29m)  85% completed  (85% total)
     Speed:     ev/sec=348.842   simsec/sec=1.0013   ev/simsec=348.389
     Messages:  created: 213226   present: 9   in FES: 5
** Event #1705216   t=5393.928119775045   Elapsed: 5393.87s (1h 29m)  85% completed  (85% total)
     Speed:     ev/sec=484.991   simsec/sec=1.00089   ev/simsec=484.56
     Messages:  created: 213356   present: 14   in FES: 7
** Event #1706752   t=5396.296278557513   Elapsed: 5396.24s (1h 29m)  85% completed  (85% total)
     Speed:     ev/sec=648.606   simsec/sec=1   ev/simsec=648.605
     Messages:  created: 213550   present: 20   in FES: 8
** Event #1708032   t=5399.136690095917   Elapsed: 5399.09s (1h 29m)  85% completed  (85% total)
     Speed:     ev/sec=449.591   simsec/sec=0.997675   ev/simsec=450.639
     Messages:  created: 213706   present: 9   in FES: 5
** Event #1708800   t=5401.640919378772   Elapsed: 5401.59s (1h 30m)  85% completed  (85% total)
     Speed:     ev/sec=307.494   simsec/sec=1.00265   ev/simsec=306.681
     Messages:  created: 213803   present: 13   in FES: 8
** Event #1709568   t=5403.735037431033   Elapsed: 5403.68s (1h 30m)  85% completed  (85% total)
     Speed:     ev/sec=366.742   simsec/sec=1   ev/simsec=366.742
     Messages:  created: 213899   present: 13   in FES: 8
** Event #1710592   t=5406.133427837837   Elapsed: 5406.08s (1h 30m)  85% completed  (85% total)
     Speed:     ev/sec=426.953   simsec/sec=1   ev/simsec=426.953
     Messages:  created: 214027   present: 12   in FES: 8
** Event #1711360   t=5408.144289112099   Elapsed: 5408.09s (1h 30m)  85% completed  (85% total)
     Speed:     ev/sec=381.926   simsec/sec=0.999999   ev/simsec=381.926
     Messages:  created: 214123   present: 12   in FES: 7
** Event #1712128   t=5410.297361609648   Elapsed: 5410.24s (1h 30m)  85% completed  (85% total)
     Speed:     ev/sec=356.7   simsec/sec=1   ev/simsec=356.7
     Messages:  created: 214218   present: 10   in FES: 6
** Event #1712896   t=5413.637122926366   Elapsed: 5413.6s (1h 30m)  85% completed  (85% total)
     Speed:     ev/sec=228.809   simsec/sec=0.995009   ev/simsec=229.957
     Messages:  created: 214313   present: 8   in FES: 4
** Event #1713408   t=5415.959969997077   Elapsed: 5415.91s (1h 30m)  85% completed  (85% total)
     Speed:     ev/sec=221.226   simsec/sec=1.00366   ev/simsec=220.419
     Messages:  created: 214377   present: 8   in FES: 4
** Event #1713920   t=5418.001841116094   Elapsed: 5417.95s (1h 30m)  86% completed  (86% total)
     Speed:     ev/sec=251.771   simsec/sec=1.00407   ev/simsec=250.75
     Messages:  created: 214442   present: 11   in FES: 7
** Event #1714432   t=5420.011884013689   Elapsed: 5419.96s (1h 30m)  86% completed  (86% total)
     Speed:     ev/sec=254.721   simsec/sec=1   ev/simsec=254.721
     Messages:  created: 214506   present: 10   in FES: 6
** Event #1715200   t=5422.776837015521   Elapsed: 5422.8s (1h 30m)  86% completed  (86% total)
     Speed:     ev/sec=270.473   simsec/sec=0.973755   ev/simsec=277.762
     Messages:  created: 214601   present: 8   in FES: 4
** Event #1715968   t=5426.354376827609   Elapsed: 5426.3s (1h 30m)  86% completed  (86% total)
     Speed:     ev/sec=219.24   simsec/sec=1.02127   ev/simsec=214.673
     Messages:  created: 214698   present: 10   in FES: 6
** Event #1716992   t=5428.877923003158   Elapsed: 5428.82s (1h 30m)  86% completed  (86% total)
     Speed:     ev/sec=405.778   simsec/sec=1   ev/simsec=405.778
     Messages:  created: 214826   present: 10   in FES: 6
** Event #1717760   t=5431.356821499795   Elapsed: 5431.3s (1h 30m)  86% completed  (86% total)
     Speed:     ev/sec=309.815   simsec/sec=1   ev/simsec=309.815
     Messages:  created: 214922   present: 10   in FES: 6
** Event #1718272   t=5433.362602700358   Elapsed: 5433.31s (1h 30m)  86% completed  (86% total)
     Speed:     ev/sec=255.262   simsec/sec=1   ev/simsec=255.262
     Messages:  created: 214986   present: 10   in FES: 6
** Event #1718784   t=5435.72838731431   Elapsed: 5435.67s (1h 30m)  86% completed  (86% total)
     Speed:     ev/sec=216.419   simsec/sec=1   ev/simsec=216.419
     Messages:  created: 215050   present: 10   in FES: 6
** Event #1719296   t=5438.130242816265   Elapsed: 5438.08s (1h 30m)  86% completed  (86% total)
     Speed:     ev/sec=212.977   simsec/sec=0.999101   ev/simsec=213.169
     Messages:  created: 215113   present: 8   in FES: 4
** Event #1719808   t=5440.670508134267   Elapsed: 5440.62s (1h 30m)  86% completed  (86% total)
     Speed:     ev/sec=201.586   simsec/sec=1.00016   ev/simsec=201.554
     Messages:  created: 215177   present: 8   in FES: 4
** Event #1720320   t=5443.343311467109   Elapsed: 5443.3s (1h 30m)  86% completed  (86% total)
     Speed:     ev/sec=190.579   simsec/sec=0.994882   ev/simsec=191.559
     Messages:  created: 215241   present: 8   in FES: 4
** Event #1721088   t=5445.831120090543   Elapsed: 5445.78s (1h 30m)  86% completed  (86% total)
     Speed:     ev/sec=310.642   simsec/sec=1.00627   ev/simsec=308.705
     Messages:  created: 215338   present: 11   in FES: 7
** Event #1722112   t=5448.199234671994   Elapsed: 5448.15s (1h 30m)  86% completed  (86% total)
     Speed:     ev/sec=432.411   simsec/sec=1   ev/simsec=432.412
     Messages:  created: 215466   present: 11   in FES: 7
** Event #1723136   t=5450.202127923022   Elapsed: 5450.15s (1h 30m)  86% completed  (86% total)
     Speed:     ev/sec=511.261   simsec/sec=1   ev/simsec=511.26
     Messages:  created: 215598   present: 20   in FES: 8
** Event #1723904   t=5453.76558529607   Elapsed: 5453.73s (1h 30m)  86% completed  (86% total)
     Speed:     ev/sec=214.517   simsec/sec=0.995339   ev/simsec=215.521
     Messages:  created: 215689   present: 8   in FES: 4
** Event #1724928   t=5456.577144422104   Elapsed: 5456.54s (1h 30m)  86% completed  (86% total)
     Speed:     ev/sec=363.687   simsec/sec=0.998562   ev/simsec=364.211
     Messages:  created: 215817   present: 8   in FES: 4
** Event #1725696   t=5459.11195710686   Elapsed: 5459.06s (1h 30m)  86% completed  (86% total)
     Speed:     ev/sec=304.638   simsec/sec=1.00547   ev/simsec=302.981
     Messages:  created: 215913   present: 8   in FES: 4
** Event #1726464   t=5461.880182782555   Elapsed: 5461.83s (1h 31m)  86% completed  (86% total)
     Speed:     ev/sec=278.132   simsec/sec=1.00251   ev/simsec=277.434
     Messages:  created: 216010   present: 12   in FES: 8
** Event #1727488   t=5464.611181164638   Elapsed: 5464.56s (1h 31m)  86% completed  (86% total)
     Speed:     ev/sec=374.954   simsec/sec=1   ev/simsec=374.954
     Messages:  created: 216138   present: 11   in FES: 7
** Event #1728256   t=5467.194806715433   Elapsed: 5467.14s (1h 31m)  86% completed  (86% total)
     Speed:     ev/sec=297.257   simsec/sec=1   ev/simsec=297.257
     Messages:  created: 216233   present: 9   in FES: 5
** Event #1729280   t=5469.327053692346   Elapsed: 5469.27s (1h 31m)  86% completed  (86% total)
     Speed:     ev/sec=480.245   simsec/sec=1   ev/simsec=480.245
     Messages:  created: 216364   present: 17   in FES: 7
** Event #1730048   t=5471.552898939191   Elapsed: 5471.5s (1h 31m)  86% completed  (86% total)
     Speed:     ev/sec=345.038   simsec/sec=1   ev/simsec=345.037
     Messages:  created: 216457   present: 10   in FES: 6
** Event #1730816   t=5473.668624915179   Elapsed: 5473.61s (1h 31m)  86% completed  (86% total)
     Speed:     ev/sec=362.996   simsec/sec=1   ev/simsec=362.996
     Messages:  created: 216559   present: 25   in FES: 8
** Event #1731584   t=5475.706054037024   Elapsed: 5475.65s (1h 31m)  86% completed  (86% total)
     Speed:     ev/sec=376.945   simsec/sec=0.999999   ev/simsec=376.946
     Messages:  created: 216650   present: 11   in FES: 7
** Event #1732352   t=5478.375153995766   Elapsed: 5478.32s (1h 31m)  86% completed  (86% total)
     Speed:     ev/sec=287.738   simsec/sec=1   ev/simsec=287.737
     Messages:  created: 216745   present: 10   in FES: 6
** Event #1733376   t=5481.27205884828   Elapsed: 5481.22s (1h 31m)  87% completed  (87% total)
     Speed:     ev/sec=353.48   simsec/sec=0.999999   ev/simsec=353.481
     Messages:  created: 216873   present: 10   in FES: 6
** Event #1733888   t=5483.498913057233   Elapsed: 5483.44s (1h 31m)  87% completed  (87% total)
     Speed:     ev/sec=229.921   simsec/sec=1   ev/simsec=229.921
     Messages:  created: 216938   present: 11   in FES: 7
** Event #1734656   t=5485.73602314697   Elapsed: 5485.68s (1h 31m)  87% completed  (87% total)
     Speed:     ev/sec=343.3   simsec/sec=1   ev/simsec=343.3
     Messages:  created: 217033   present: 10   in FES: 6
** Event #1735424   t=5487.752342315879   Elapsed: 5487.7s (1h 31m)  87% completed  (87% total)
     Speed:     ev/sec=380.892   simsec/sec=1   ev/simsec=380.892
     Messages:  created: 217132   present: 18   in FES: 8
** Event #1736448   t=5490.418302093951   Elapsed: 5490.36s (1h 31m)  87% completed  (87% total)
     Speed:     ev/sec=384.102   simsec/sec=1   ev/simsec=384.102
     Messages:  created: 217257   present: 9   in FES: 5
** Event #1737472   t=5492.790132676225   Elapsed: 5492.74s (1h 31m)  87% completed  (87% total)
     Speed:     ev/sec=431.734   simsec/sec=1   ev/simsec=431.734
     Messages:  created: 217386   present: 12   in FES: 7
** Event #1738240   t=5494.923739867799   Elapsed: 5494.87s (1h 31m)  87% completed  (87% total)
     Speed:     ev/sec=359.954   simsec/sec=1   ev/simsec=359.954
     Messages:  created: 217482   present: 12   in FES: 7
** Event #1739008   t=5497.271987748997   Elapsed: 5497.22s (1h 31m)  87% completed  (87% total)
     Speed:     ev/sec=327.052   simsec/sec=1   ev/simsec=327.052
     Messages:  created: 217577   present: 10   in FES: 6
** Event #1739776   t=5499.505489088   Elapsed: 5499.45s (1h 31m)  87% completed  (87% total)
     Speed:     ev/sec=343.852   simsec/sec=0.999991   ev/simsec=343.855
     Messages:  created: 217677   present: 19   in FES: 6
** Event #1740800   t=5502.376520136844   Elapsed: 5502.32s (1h 31m)  87% completed  (87% total)
     Speed:     ev/sec=356.669   simsec/sec=1.00001   ev/simsec=356.666
     Messages:  created: 217802   present: 11   in FES: 7
** Event #1741312   t=5504.433509858968   Elapsed: 5504.38s (1h 31m)  87% completed  (87% total)
     Speed:     ev/sec=248.908   simsec/sec=1   ev/simsec=248.907
     Messages:  created: 217865   present: 9   in FES: 5
** Event #1741824   t=5507.151225538545   Elapsed: 5507.1s (1h 31m)  87% completed  (87% total)
     Speed:     ev/sec=188.393   simsec/sec=1   ev/simsec=188.394
     Messages:  created: 217929   present: 9   in FES: 5
** Event #1742592   t=5509.322870352172   Elapsed: 5509.28s (1h 31m)  87% completed  (87% total)
     Speed:     ev/sec=351.455   simsec/sec=0.993795   ev/simsec=353.649
     Messages:  created: 218027   present: 15   in FES: 7
** Event #1743360   t=5511.829128272571   Elapsed: 5511.78s (1h 31m)  87% completed  (87% total)
     Speed:     ev/sec=308.1   simsec/sec=1.00544   ev/simsec=306.433
     Messages:  created: 218121   present: 9   in FES: 5
** Event #1744128   t=5515.527320160356   Elapsed: 5515.47s (1h 31m)  87% completed  (87% total)
     Speed:     ev/sec=207.669   simsec/sec=1   ev/simsec=207.669
     Messages:  created: 218218   present: 11   in FES: 7
** Event #1744640   t=5517.569248826402   Elapsed: 5517.52s (1h 31m)  87% completed  (87% total)
     Speed:     ev/sec=250.743   simsec/sec=0.999999   ev/simsec=250.743
     Messages:  created: 218281   present: 10   in FES: 6
** Event #1745920   t=5519.689480192995   Elapsed: 5519.65s (1h 31m)  87% completed  (87% total)
     Speed:     ev/sec=599.881   simsec/sec=0.993662   ev/simsec=603.708
     Messages:  created: 218443   present: 15   in FES: 7
** Event #1746944   t=5523.038501414992   Elapsed: 5522.98s (1h 32m)  87% completed  (87% total)
     Speed:     ev/sec=307.001   simsec/sec=1.00405   ev/simsec=305.761
     Messages:  created: 218570   present: 13   in FES: 7
** Event #1747968   t=5525.225262546972   Elapsed: 5525.17s (1h 32m)  87% completed  (87% total)
     Speed:     ev/sec=468.273   simsec/sec=1   ev/simsec=468.272
     Messages:  created: 218699   present: 16   in FES: 8
** Event #1749248   t=5528.052555519825   Elapsed: 5528s (1h 32m)  87% completed  (87% total)
     Speed:     ev/sec=452.73   simsec/sec=0.999999   ev/simsec=452.73
     Messages:  created: 218857   present: 10   in FES: 6
** Event #1749760   t=5530.503822252697   Elapsed: 5530.45s (1h 32m)  87% completed  (87% total)
     Speed:     ev/sec=208.872   simsec/sec=1   ev/simsec=208.872
     Messages:  created: 218920   present: 9   in FES: 5
** Event #1750528   t=5533.537280830866   Elapsed: 5533.48s (1h 32m)  87% completed  (87% total)
     Speed:     ev/sec=253.177   simsec/sec=1   ev/simsec=253.176
     Messages:  created: 219017   present: 10   in FES: 6
** Event #1751040   t=5535.712208031814   Elapsed: 5535.66s (1h 32m)  87% completed  (87% total)
     Speed:     ev/sec=235.41   simsec/sec=0.999999   ev/simsec=235.41
     Messages:  created: 219080   present: 9   in FES: 5
** Event #1751552   t=5537.950850161702   Elapsed: 5537.9s (1h 32m)  87% completed  (87% total)
     Speed:     ev/sec=228.71   simsec/sec=1   ev/simsec=228.71
     Messages:  created: 219145   present: 11   in FES: 7
** Event #1752064   t=5540.135437316768   Elapsed: 5540.08s (1h 32m)  87% completed  (87% total)
     Speed:     ev/sec=234.369   simsec/sec=1   ev/simsec=234.369
     Messages:  created: 219208   present: 9   in FES: 5
** Event #1752576   t=5542.674176592709   Elapsed: 5542.62s (1h 32m)  87% completed  (87% total)
     Speed:     ev/sec=201.675   simsec/sec=1   ev/simsec=201.675
     Messages:  created: 219272   present: 9   in FES: 5
** Event #1753088   t=5544.760225557556   Elapsed: 5544.71s (1h 32m)  88% completed  (88% total)
     Speed:     ev/sec=245.44   simsec/sec=1   ev/simsec=245.44
     Messages:  created: 219337   present: 11   in FES: 6
** Event #1753600   t=5546.84559627452   Elapsed: 5546.79s (1h 32m)  88% completed  (88% total)
     Speed:     ev/sec=245.526   simsec/sec=1.00003   ev/simsec=245.52
     Messages:  created: 219401   present: 10   in FES: 6
** Event #1754368   t=5549.227619423152   Elapsed: 5549.17s (1h 32m)  88% completed  (88% total)
     Speed:     ev/sec=322.408   simsec/sec=0.999977   ev/simsec=322.415
     Messages:  created: 219497   present: 12   in FES: 8
** Event #1755136   t=5551.323018706179   Elapsed: 5551.27s (1h 32m)  88% completed  (88% total)
     Speed:     ev/sec=366.162   simsec/sec=0.999032   ev/simsec=366.517
     Messages:  created: 219597   present: 22   in FES: 7
** Event #1756416   t=5553.781924089883   Elapsed: 5553.73s (1h 32m)  88% completed  (88% total)
     Speed:     ev/sec=520.987   simsec/sec=1.00083   ev/simsec=520.557
     Messages:  created: 219752   present: 9   in FES: 5
** Event #1757184   t=5556.522876313395   Elapsed: 5556.47s (1h 32m)  88% completed  (88% total)
     Speed:     ev/sec=280.195   simsec/sec=1   ev/simsec=280.195
     Messages:  created: 219849   present: 10   in FES: 6
** Event #1758208   t=5558.690442706364   Elapsed: 5558.64s (1h 32m)  88% completed  (88% total)
     Speed:     ev/sec=472.419   simsec/sec=1   ev/simsec=472.419
     Messages:  created: 219978   present: 13   in FES: 7
** Event #1759488   t=5561.441563553944   Elapsed: 5561.39s (1h 32m)  88% completed  (88% total)
     Speed:     ev/sec=465.265   simsec/sec=1   ev/simsec=465.265
     Messages:  created: 220137   present: 11   in FES: 7
** Event #1760768   t=5563.673035332258   Elapsed: 5563.62s (1h 32m)  88% completed  (88% total)
     Speed:     ev/sec=573.612   simsec/sec=0.999999   ev/simsec=573.612
     Messages:  created: 220297   present: 11   in FES: 7
** Event #1761536   t=5566.263913141793   Elapsed: 5566.21s (1h 32m)  88% completed  (88% total)
     Speed:     ev/sec=296.425   simsec/sec=1   ev/simsec=296.425
     Messages:  created: 220393   present: 10   in FES: 6
** Event #1762560   t=5568.804431116648   Elapsed: 5568.75s (1h 32m)  88% completed  (88% total)
     Speed:     ev/sec=403.067   simsec/sec=0.999999   ev/simsec=403.067
     Messages:  created: 220521   present: 10   in FES: 6
** Event #1763328   t=5571.718599774977   Elapsed: 5571.66s (1h 32m)  88% completed  (88% total)
     Speed:     ev/sec=263.54   simsec/sec=1   ev/simsec=263.54
     Messages:  created: 220616   present: 9   in FES: 5
** Event #1764096   t=5574.742652376139   Elapsed: 5574.69s (1h 32m)  88% completed  (88% total)
     Speed:     ev/sec=253.964   simsec/sec=1   ev/simsec=253.964
     Messages:  created: 220712   present: 9   in FES: 5
** Event #1764864   t=5576.947546450391   Elapsed: 5576.89s (1h 32m)  88% completed  (88% total)
     Speed:     ev/sec=348.223   simsec/sec=0.999734   ev/simsec=348.316
     Messages:  created: 220810   present: 14   in FES: 6
** Event #1765888   t=5579.456251518874   Elapsed: 5579.4s (1h 32m)  88% completed  (88% total)
     Speed:     ev/sec=408.274   simsec/sec=1.00023   ev/simsec=408.179
     Messages:  created: 220937   present: 10   in FES: 6
** Event #1767168   t=5581.713972717681   Elapsed: 5581.66s (1h 33m)  88% completed  (88% total)
     Speed:     ev/sec=566.943   simsec/sec=1   ev/simsec=566.943
     Messages:  created: 221102   present: 25   in FES: 8
** Event #1768448   t=5584.042842720454   Elapsed: 5583.99s (1h 33m)  88% completed  (88% total)
     Speed:     ev/sec=549.622   simsec/sec=0.999999   ev/simsec=549.623
     Messages:  created: 221256   present: 10   in FES: 6
** Event #1769472   t=5586.435109907728   Elapsed: 5586.38s (1h 33m)  88% completed  (88% total)
     Speed:     ev/sec=428.046   simsec/sec=1   ev/simsec=428.046
     Messages:  created: 221384   present: 11   in FES: 7
** Event #1770240   t=5588.631997319816   Elapsed: 5588.58s (1h 33m)  88% completed  (88% total)
     Speed:     ev/sec=349.585   simsec/sec=0.999999   ev/simsec=349.586
     Messages:  created: 221480   present: 11   in FES: 7
** Event #1771008   t=5591.271971273409   Elapsed: 5591.22s (1h 33m)  88% completed  (88% total)
     Speed:     ev/sec=290.912   simsec/sec=1   ev/simsec=290.912
     Messages:  created: 221576   present: 10   in FES: 6
** Event #1771776   t=5593.611014462414   Elapsed: 5593.56s (1h 33m)  88% completed  (88% total)
     Speed:     ev/sec=328.34   simsec/sec=1   ev/simsec=328.339
     Messages:  created: 221672   present: 11   in FES: 7
** Event #1772288   t=5595.744686851376   Elapsed: 5595.69s (1h 33m)  88% completed  (88% total)
     Speed:     ev/sec=239.962   simsec/sec=1   ev/simsec=239.962
     Messages:  created: 221736   present: 11   in FES: 6
** Event #1773056   t=5598.153601019229   Elapsed: 5598.1s (1h 33m)  88% completed  (88% total)
     Speed:     ev/sec=318.366   simsec/sec=0.99859   ev/simsec=318.816
     Messages:  created: 221833   present: 13   in FES: 7
** Event #1773824   t=5600.339866371424   Elapsed: 5600.29s (1h 33m)  88% completed  (88% total)
     Speed:     ev/sec=351.831   simsec/sec=1.00156   ev/simsec=351.284
     Messages:  created: 221928   present: 11   in FES: 7
** Event #1774592   t=5602.382012933128   Elapsed: 5602.33s (1h 33m)  88% completed  (88% total)
     Speed:     ev/sec=376.075   simsec/sec=1   ev/simsec=376.075
     Messages:  created: 222024   present: 10   in FES: 6
** Event #1775360   t=5604.63889152101   Elapsed: 5604.58s (1h 33m)  88% completed  (88% total)
     Speed:     ev/sec=340.293   simsec/sec=1   ev/simsec=340.293
     Messages:  created: 222120   present: 10   in FES: 6
** Event #1776384   t=5607.472944695701   Elapsed: 5607.42s (1h 33m)  89% completed  (89% total)
     Speed:     ev/sec=361.32   simsec/sec=1   ev/simsec=361.32
     Messages:  created: 222249   present: 12   in FES: 7
** Event #1777152   t=5609.576374564884   Elapsed: 5609.53s (1h 33m)  89% completed  (89% total)
     Speed:     ev/sec=363.622   simsec/sec=0.995904   ev/simsec=365.118
     Messages:  created: 222345   present: 13   in FES: 6
** Event #1778176   t=5612.017067957066   Elapsed: 5611.96s (1h 33m)  89% completed  (89% total)
     Speed:     ev/sec=421.046   simsec/sec=1.00356   ev/simsec=419.553
     Messages:  created: 222473   present: 12   in FES: 7
** Event #1778944   t=5614.160077044433   Elapsed: 5614.11s (1h 33m)  89% completed  (89% total)
     Speed:     ev/sec=358.375   simsec/sec=1   ev/simsec=358.375
     Messages:  created: 222569   present: 12   in FES: 8
** Event #1780480   t=5616.391563716737   Elapsed: 5616.34s (1h 33m)  89% completed  (89% total)
     Speed:     ev/sec=688.33   simsec/sec=1   ev/simsec=688.33
     Messages:  created: 222765   present: 24   in FES: 8
** Event #1781760   t=5618.514905760704   Elapsed: 5618.46s (1h 33m)  89% completed  (89% total)
     Speed:     ev/sec=602.823   simsec/sec=1   ev/simsec=602.823
     Messages:  created: 222922   present: 16   in FES: 8
** Event #1782784   t=5620.773146381183   Elapsed: 5620.73s (1h 33m)  89% completed  (89% total)
     Speed:     ev/sec=451.907   simsec/sec=0.996596   ev/simsec=453.45
     Messages:  created: 223049   present: 13   in FES: 7
** Event #1784064   t=5623.479510860632   Elapsed: 5623.43s (1h 33m)  89% completed  (89% total)
     Speed:     ev/sec=474.312   simsec/sec=1.00286   ev/simsec=472.959
     Messages:  created: 223209   present: 12   in FES: 8
** Event #1785088   t=5625.702745553637   Elapsed: 5625.65s (1h 33m)  89% completed  (89% total)
     Speed:     ev/sec=460.59   simsec/sec=0.999999   ev/simsec=460.59
     Messages:  created: 223336   present: 10   in FES: 6
** Event #1786368   t=5628.272015714234   Elapsed: 5628.22s (1h 33m)  89% completed  (89% total)
     Speed:     ev/sec=498.196   simsec/sec=1   ev/simsec=498.196
     Messages:  created: 223496   present: 11   in FES: 7
** Event #1787392   t=5630.828329272315   Elapsed: 5630.77s (1h 33m)  89% completed  (89% total)
     Speed:     ev/sec=400.577   simsec/sec=0.999999   ev/simsec=400.577
     Messages:  created: 223624   present: 10   in FES: 6
** Event #1788160   t=5632.998658043916   Elapsed: 5632.94s (1h 33m)  89% completed  (89% total)
     Speed:     ev/sec=353.796   simsec/sec=0.999809   ev/simsec=353.863
     Messages:  created: 223721   present: 13   in FES: 7
** Event #1788928   t=5635.037493389059   Elapsed: 5634.98s (1h 33m)  89% completed  (89% total)
     Speed:     ev/sec=376.762   simsec/sec=1.0002   ev/simsec=376.686
     Messages:  created: 223817   present: 12   in FES: 7
** Event #1790464   t=5637.508369264846   Elapsed: 5637.45s (1h 33m)  89% completed  (89% total)
     Speed:     ev/sec=621.642   simsec/sec=1   ev/simsec=621.642
     Messages:  created: 224013   present: 24   in FES: 8
** Event #1791488   t=5640.014347524383   Elapsed: 5639.96s (1h 33m)  89% completed  (89% total)
     Speed:     ev/sec=408.623   simsec/sec=1   ev/simsec=408.623
     Messages:  created: 224135   present: 9   in FES: 5
** Event #1792000   t=5642.642661221833   Elapsed: 5642.59s (1h 34m)  89% completed  (89% total)
     Speed:     ev/sec=194.802   simsec/sec=1   ev/simsec=194.802
     Messages:  created: 224199   present: 10   in FES: 6
** Event #1792768   t=5645.112705902638   Elapsed: 5645.06s (1h 34m)  89% completed  (89% total)
     Speed:     ev/sec=310.926   simsec/sec=1   ev/simsec=310.926
     Messages:  created: 224295   present: 9   in FES: 5
** Event #1793280   t=5647.888297297407   Elapsed: 5647.83s (1h 34m)  89% completed  (89% total)
     Speed:     ev/sec=184.465   simsec/sec=1   ev/simsec=184.465
     Messages:  created: 224360   present: 11   in FES: 7
** Event #1794048   t=5650.096146728642   Elapsed: 5650.04s (1h 34m)  89% completed  (89% total)
     Speed:     ev/sec=347.85   simsec/sec=1   ev/simsec=347.85
     Messages:  created: 224457   present: 14   in FES: 7
** Event #1794816   t=5652.516453685865   Elapsed: 5652.46s (1h 34m)  89% completed  (89% total)
     Speed:     ev/sec=317.315   simsec/sec=0.999999   ev/simsec=317.315
     Messages:  created: 224553   present: 14   in FES: 8
** Event #1795328   t=5655.212519991978   Elapsed: 5655.16s (1h 34m)  89% completed  (89% total)
     Speed:     ev/sec=189.906   simsec/sec=1   ev/simsec=189.906
     Messages:  created: 224618   present: 16   in FES: 8
** Event #1795840   t=5657.455710213779   Elapsed: 5657.4s (1h 34m)  89% completed  (89% total)
     Speed:     ev/sec=228.244   simsec/sec=0.999992   ev/simsec=228.246
     Messages:  created: 224679   present: 9   in FES: 5
** Event #1796352   t=5659.544648725705   Elapsed: 5659.49s (1h 34m)  89% completed  (89% total)
     Speed:     ev/sec=245.052   simsec/sec=0.999801   ev/simsec=245.101
     Messages:  created: 224744   present: 12   in FES: 7
** Event #1797376   t=5661.720711157962   Elapsed: 5661.67s (1h 34m)  89% completed  (89% total)
     Speed:     ev/sec=470.668   simsec/sec=1.0002   ev/simsec=470.575
     Messages:  created: 224873   present: 14   in FES: 7
** Event #1798400   t=5664.700171613606   Elapsed: 5664.65s (1h 34m)  89% completed  (89% total)
     Speed:     ev/sec=343.687   simsec/sec=1   ev/simsec=343.686
     Messages:  created: 225000   present: 11   in FES: 7
** Event #1799424   t=5667.176694668561   Elapsed: 5667.12s (1h 34m)  89% completed  (89% total)
     Speed:     ev/sec=413.483   simsec/sec=0.999999   ev/simsec=413.483
     Messages:  created: 225127   present: 10   in FES: 6
** Event #1800448   t=5669.877921247339   Elapsed: 5669.82s (1h 34m)  89% completed  (89% total)
     Speed:     ev/sec=379.087   simsec/sec=1   ev/simsec=379.087
     Messages:  created: 225257   present: 14   in FES: 8
** Event #1800960   t=5672.071343418765   Elapsed: 5672.02s (1h 34m)  90% completed  (90% total)
     Speed:     ev/sec=233.425   simsec/sec=0.999999   ev/simsec=233.425
     Messages:  created: 225320   present: 11   in FES: 7
** Event #1801728   t=5674.596594895512   Elapsed: 5674.54s (1h 34m)  90% completed  (90% total)
     Speed:     ev/sec=304.129   simsec/sec=1   ev/simsec=304.128
     Messages:  created: 225417   present: 14   in FES: 7
** Event #1802496   t=5676.727186639195   Elapsed: 5676.67s (1h 34m)  90% completed  (90% total)
     Speed:     ev/sec=360.463   simsec/sec=1   ev/simsec=360.463
     Messages:  created: 225512   present: 11   in FES: 7
** Event #1803264   t=5679.063311934334   Elapsed: 5679.01s (1h 34m)  90% completed  (90% total)
     Speed:     ev/sec=328.75   simsec/sec=1   ev/simsec=328.749
     Messages:  created: 225608   present: 11   in FES: 7
** Event #1804288   t=5682.061942894704   Elapsed: 5682.01s (1h 34m)  90% completed  (90% total)
     Speed:     ev/sec=341.489   simsec/sec=1   ev/simsec=341.489
     Messages:  created: 225735   present: 9   in FES: 5
** Event #1805056   t=5685.194897460764   Elapsed: 5685.14s (1h 34m)  90% completed  (90% total)
     Speed:     ev/sec=245.136   simsec/sec=0.999999   ev/simsec=245.136
     Messages:  created: 225831   present: 10   in FES: 6
** Event #1805824   t=5687.858926036653   Elapsed: 5687.8s (1h 34m)  90% completed  (90% total)
     Speed:     ev/sec=288.285   simsec/sec=0.999999   ev/simsec=288.285
     Messages:  created: 225927   present: 9   in FES: 5
** Event #1806848   t=5690.483206823717   Elapsed: 5690.43s (1h 34m)  90% completed  (90% total)
     Speed:     ev/sec=390.203   simsec/sec=1   ev/simsec=390.202
     Messages:  created: 226056   present: 11   in FES: 7
** Event #1807616   t=5692.53440335993   Elapsed: 5692.48s (1h 34m)  90% completed  (90% total)
     Speed:     ev/sec=374.421   simsec/sec=1.00001   ev/simsec=374.416
     Messages:  created: 226153   present: 14   in FES: 7
** Event #1808384   t=5694.579233640573   Elapsed: 5694.53s (1h 34m)  90% completed  (90% total)
     Speed:     ev/sec=375.576   simsec/sec=0.999985   ev/simsec=375.581
     Messages:  created: 226247   present: 9   in FES: 5
** Event #1809408   t=5697.189018863286   Elapsed: 5697.13s (1h 34m)  90% completed  (90% total)
     Speed:     ev/sec=392.37   simsec/sec=1   ev/simsec=392.369
     Messages:  created: 226376   present: 11   in FES: 7
** Event #1809920   t=5699.29244139533   Elapsed: 5699.24s (1h 34m)  90% completed  (90% total)
     Speed:     ev/sec=243.413   simsec/sec=1   ev/simsec=243.413
     Messages:  created: 226439   present: 10   in FES: 6
** Event #1810688   t=5701.711679141379   Elapsed: 5701.66s (1h 35m)  90% completed  (90% total)
     Speed:     ev/sec=317.455   simsec/sec=0.999999   ev/simsec=317.455
     Messages:  created: 226535   present: 10   in FES: 6
** Event #1811200   t=5703.723075282404   Elapsed: 5703.67s (1h 35m)  90% completed  (90% total)
     Speed:     ev/sec=254.55   simsec/sec=1   ev/simsec=254.55
     Messages:  created: 226599   present: 10   in FES: 6
** Event #1811968   t=5706.306782045884   Elapsed: 5706.25s (1h 35m)  90% completed  (90% total)
     Speed:     ev/sec=297.247   simsec/sec=1   ev/simsec=297.247
     Messages:  created: 226695   present: 10   in FES: 6
** Event #1812480   t=5708.765617150284   Elapsed: 5708.71s (1h 35m)  90% completed  (90% total)
     Speed:     ev/sec=208.229   simsec/sec=1   ev/simsec=208.229
     Messages:  created: 226759   present: 10   in FES: 6
** Event #1813504   t=5711.068579693152   Elapsed: 5711.01s (1h 35m)  90% completed  (90% total)
     Speed:     ev/sec=444.645   simsec/sec=1   ev/simsec=444.645
     Messages:  created: 226888   present: 14   in FES: 7
** Event #1815040   t=5713.291771581715   Elapsed: 5713.24s (1h 35m)  90% completed  (90% total)
     Speed:     ev/sec=690.898   simsec/sec=0.999999   ev/simsec=690.899
     Messages:  created: 227087   present: 31   in FES: 8
** Event #1815808   t=5715.788438679876   Elapsed: 5715.73s (1h 35m)  90% completed  (90% total)
     Speed:     ev/sec=307.61   simsec/sec=1   ev/simsec=307.61
     Messages:  created: 227175   present: 10   in FES: 6
** Event #1816576   t=5718.412102822496   Elapsed: 5718.37s (1h 35m)  90% completed  (90% total)
     Speed:     ev/sec=291.174   simsec/sec=0.994718   ev/simsec=292.72
     Messages:  created: 227271   present: 11   in FES: 7
** Event #1817344   t=5720.914187696134   Elapsed: 5720.87s (1h 35m)  90% completed  (90% total)
     Speed:     ev/sec=307.845   simsec/sec=1.00293   ev/simsec=306.944
     Messages:  created: 227367   present: 11   in FES: 6
** Event #1818112   t=5723.129071325923   Elapsed: 5723.07s (1h 35m)  90% completed  (90% total)
     Speed:     ev/sec=347.783   simsec/sec=1.00299   ev/simsec=346.745
     Messages:  created: 227464   present: 13   in FES: 8
** Event #1819392   t=5725.324933355186   Elapsed: 5725.28s (1h 35m)  90% completed  (90% total)
     Speed:     ev/sec=580.58   simsec/sec=0.995995   ev/simsec=582.915
     Messages:  created: 227629   present: 27   in FES: 6
** Event #1820416   t=5727.502004450283   Elapsed: 5727.45s (1h 35m)  90% completed  (90% total)
     Speed:     ev/sec=472.272   simsec/sec=1.00407   ev/simsec=470.357
     Messages:  created: 227750   present: 9   in FES: 5
** Event #1821184   t=5730.098666333907   Elapsed: 5730.04s (1h 35m)  90% completed  (90% total)
     Speed:     ev/sec=295.764   simsec/sec=1   ev/simsec=295.764
     Messages:  created: 227847   present: 10   in FES: 6
** Event #1821696   t=5732.187164004301   Elapsed: 5732.14s (1h 35m)  90% completed  (90% total)
     Speed:     ev/sec=244.728   simsec/sec=0.998271   ev/simsec=245.152
     Messages:  created: 227911   present: 11   in FES: 7
** Event #1822720   t=5734.624756059428   Elapsed: 5734.57s (1h 35m)  91% completed  (91% total)
     Speed:     ev/sec=420.711   simsec/sec=1.00149   ev/simsec=420.087
     Messages:  created: 228041   present: 16   in FES: 8
** Event #1823488   t=5736.633751102211   Elapsed: 5736.58s (1h 35m)  91% completed  (91% total)
     Speed:     ev/sec=382.281   simsec/sec=1   ev/simsec=382.281
     Messages:  created: 228135   present: 10   in FES: 6
** Event #1824256   t=5739.384047836192   Elapsed: 5739.33s (1h 35m)  91% completed  (91% total)
     Speed:     ev/sec=278.978   simsec/sec=0.999051   ev/simsec=279.243
     Messages:  created: 228231   present: 11   in FES: 7
** Event #1825280   t=5741.988193301771   Elapsed: 5741.93s (1h 35m)  91% completed  (91% total)
     Speed:     ev/sec=393.526   simsec/sec=1.00078   ev/simsec=393.219
     Messages:  created: 228359   present: 11   in FES: 7
** Event #1825792   t=5744.006947227417   Elapsed: 5743.96s (1h 35m)  91% completed  (91% total)
     Speed:     ev/sec=253.072   simsec/sec=0.997831   ev/simsec=253.622
     Messages:  created: 228423   present: 11   in FES: 6
** Event #1826560   t=5746.298038015736   Elapsed: 5746.24s (1h 35m)  91% completed  (91% total)
     Speed:     ev/sec=335.94   simsec/sec=1.00217   ev/simsec=335.212
     Messages:  created: 228522   present: 18   in FES: 8
** Event #1827840   t=5749.166431881953   Elapsed: 5749.12s (1h 35m)  91% completed  (91% total)
     Speed:     ev/sec=444.573   simsec/sec=0.996257   ev/simsec=446.243
     Messages:  created: 228679   present: 11   in FES: 7
** Event #1828352   t=5751.562065099466   Elapsed: 5751.51s (1h 35m)  91% completed  (91% total)
     Speed:     ev/sec=214.219   simsec/sec=1.00232   ev/simsec=213.722
     Messages:  created: 228743   present: 11   in FES: 6
** Event #1829120   t=5753.972550824242   Elapsed: 5753.92s (1h 35m)  91% completed  (91% total)
     Speed:     ev/sec=319.3   simsec/sec=1.00217   ev/simsec=318.608
     Messages:  created: 228839   present: 10   in FES: 6
** Event #1829888   t=5757.363310320937   Elapsed: 5757.31s (1h 35m)  91% completed  (91% total)
     Speed:     ev/sec=226.498   simsec/sec=1   ev/simsec=226.498
     Messages:  created: 228935   present: 10   in FES: 6
** Event #1830656   t=5760.411748907978   Elapsed: 5760.36s (1h 36m)  91% completed  (91% total)
     Speed:     ev/sec=251.932   simsec/sec=1   ev/simsec=251.932
     Messages:  created: 229030   present: 9   in FES: 5
t=5763.020803 executing removeServer()
scheduled complete remove at 5763.04236651477
** Event #1831424   t=5763.115429773854   Elapsed: 5763.12s (1h 36m)  91% completed  (91% total)
     Speed:     ev/sec=277.957   simsec/sec=0.978525   ev/simsec=284.057
     Messages:  created: 229128   present: 10   in FES: 6
** Event #1832192   t=5765.17771853521   Elapsed: 5765.12s (1h 36m)  91% completed  (91% total)
     Speed:     ev/sec=383.434   simsec/sec=1.02962   ev/simsec=372.402
     Messages:  created: 229225   present: 11   in FES: 7
** Event #1832960   t=5767.431381330431   Elapsed: 5767.38s (1h 36m)  91% completed  (91% total)
     Speed:     ev/sec=340.78   simsec/sec=1   ev/simsec=340.779
     Messages:  created: 229327   present: 29   in FES: 7
** Event #1833728   t=5769.927348418258   Elapsed: 5769.87s (1h 36m)  91% completed  (91% total)
     Speed:     ev/sec=307.696   simsec/sec=0.999997   ev/simsec=307.696
     Messages:  created: 229417   present: 13   in FES: 7
** Event #1834496   t=5772.163667683904   Elapsed: 5772.11s (1h 36m)  91% completed  (91% total)
     Speed:     ev/sec=343.421   simsec/sec=1   ev/simsec=343.421
     Messages:  created: 229513   present: 13   in FES: 7
** Event #1835520   t=5775.070023500469   Elapsed: 5775.02s (1h 36m)  91% completed  (91% total)
     Speed:     ev/sec=352.331   simsec/sec=1   ev/simsec=352.331
     Messages:  created: 229641   present: 11   in FES: 6
** Event #1836288   t=5777.574091844349   Elapsed: 5777.52s (1h 36m)  91% completed  (91% total)
     Speed:     ev/sec=306.701   simsec/sec=1   ev/simsec=306.701
     Messages:  created: 229740   present: 20   in FES: 7
** Event #1837568   t=5780.190727460794   Elapsed: 5780.14s (1h 36m)  91% completed  (91% total)
     Speed:     ev/sec=489.178   simsec/sec=1   ev/simsec=489.178
     Messages:  created: 229898   present: 14   in FES: 6
** Event #1838592   t=5782.234431249772   Elapsed: 5782.18s (1h 36m)  91% completed  (91% total)
     Speed:     ev/sec=501.051   simsec/sec=1   ev/simsec=501.051
     Messages:  created: 230030   present: 26   in FES: 7
** Event #1839360   t=5784.288499468067   Elapsed: 5784.24s (1h 36m)  91% completed  (91% total)
     Speed:     ev/sec=372.844   simsec/sec=0.997196   ev/simsec=373.892
     Messages:  created: 230125   present: 23   in FES: 6
** Event #1840384   t=5786.552673002848   Elapsed: 5786.5s (1h 36m)  91% completed  (91% total)
     Speed:     ev/sec=452.859   simsec/sec=1.00132   ev/simsec=452.262
     Messages:  created: 230262   present: 47   in FES: 6
** Event #1841664   t=5789.11971738522   Elapsed: 5789.07s (1h 36m)  91% completed  (91% total)
     Speed:     ev/sec=499.171   simsec/sec=1.00109   ev/simsec=498.628
     Messages:  created: 230429   present: 66   in FES: 7
** Event #1842688   t=5792.208755615813   Elapsed: 5792.15s (1h 36m)  91% completed  (91% total)
     Speed:     ev/sec=331.495   simsec/sec=1   ev/simsec=331.495
     Messages:  created: 230544   present: 30   in FES: 7
** Event #1843200   t=5794.690981758332   Elapsed: 5794.7s (1h 36m)  91% completed  (91% total)
     Speed:     ev/sec=201.398   simsec/sec=0.976399   ev/simsec=206.266
     Messages:  created: 230599   present: 7   in FES: 4
** Event #1843712   t=5796.996957126061   Elapsed: 5796.94s (1h 36m)  92% completed  (92% total)
     Speed:     ev/sec=227.963   simsec/sec=1.02671   ev/simsec=222.032
     Messages:  created: 230665   present: 11   in FES: 7
** Event #1844224   t=5799.184160886464   Elapsed: 5799.13s (1h 36m)  92% completed  (92% total)
     Speed:     ev/sec=234.089   simsec/sec=0.999999   ev/simsec=234.089
     Messages:  created: 230728   present: 10   in FES: 6
** Event #1845248   t=5801.795333771811   Elapsed: 5801.74s (1h 36m)  92% completed  (92% total)
     Speed:     ev/sec=392.161   simsec/sec=1   ev/simsec=392.161
     Messages:  created: 230856   present: 10   in FES: 6
** Event #1846016   t=5804.77610871785   Elapsed: 5804.72s (1h 36m)  92% completed  (92% total)
     Speed:     ev/sec=257.651   simsec/sec=1   ev/simsec=257.651
     Messages:  created: 230952   present: 9   in FES: 6
** Event #1846528   t=5806.817880194151   Elapsed: 5806.76s (1h 36m)  92% completed  (92% total)
     Speed:     ev/sec=250.762   simsec/sec=0.999999   ev/simsec=250.763
     Messages:  created: 231016   present: 10   in FES: 7
** Event #1847296   t=5809.242840081682   Elapsed: 5809.19s (1h 36m)  92% completed  (92% total)
     Speed:     ev/sec=316.707   simsec/sec=1   ev/simsec=316.706
     Messages:  created: 231113   present: 11   in FES: 6
** Event #1847808   t=5811.884900863118   Elapsed: 5811.89s (1h 36m)  92% completed  (92% total)
     Speed:     ev/sec=189.47   simsec/sec=0.977716   ev/simsec=193.788
     Messages:  created: 231175   present: 7   in FES: 4
** Event #1848576   t=5814.307394385354   Elapsed: 5814.25s (1h 36m)  92% completed  (92% total)
     Speed:     ev/sec=325.113   simsec/sec=1.0255   ev/simsec=317.029
     Messages:  created: 231272   present: 9   in FES: 6
** Event #1849088   t=5816.670331009662   Elapsed: 5816.62s (1h 36m)  92% completed  (92% total)
     Speed:     ev/sec=216.678   simsec/sec=0.999992   ev/simsec=216.68
     Messages:  created: 231336   present: 9   in FES: 6
** Event #1849856   t=5818.94170387543   Elapsed: 5818.89s (1h 36m)  92% completed  (92% total)
     Speed:     ev/sec=338.121   simsec/sec=1   ev/simsec=338.121
     Messages:  created: 231434   present: 14   in FES: 7
** Event #1850880   t=5821.424197139418   Elapsed: 5821.37s (1h 37m)  92% completed  (92% total)
     Speed:     ev/sec=412.488   simsec/sec=0.999999   ev/simsec=412.489
     Messages:  created: 231560   present: 10   in FES: 7
t=5822.693409 executing addServer()
adding server with latency=60
** Event #1851648   t=5823.64451515292   Elapsed: 5823.59s (1h 37m)  92% completed  (92% total)
     Speed:     ev/sec=345.897   simsec/sec=1   ev/simsec=345.896
     Messages:  created: 231658   present: 14   in FES: 8
** Event #1852672   t=5826.279035468863   Elapsed: 5826.22s (1h 37m)  92% completed  (92% total)
     Speed:     ev/sec=388.686   simsec/sec=1   ev/simsec=388.686
     Messages:  created: 231787   present: 16   in FES: 8
** Event #1853696   t=5829.062126350364   Elapsed: 5829.03s (1h 37m)  92% completed  (92% total)
     Speed:     ev/sec=364.945   simsec/sec=0.991871   ev/simsec=367.936
     Messages:  created: 231913   present: 11   in FES: 7
** Event #1854464   t=5831.194583108597   Elapsed: 5831.15s (1h 37m)  92% completed  (92% total)
     Speed:     ev/sec=362.668   simsec/sec=1.007   ev/simsec=360.148
     Messages:  created: 232015   present: 27   in FES: 7
** Event #1855488   t=5833.207527445165   Elapsed: 5833.15s (1h 37m)  92% completed  (92% total)
     Speed:     ev/sec=510.736   simsec/sec=1.00399   ev/simsec=508.708
     Messages:  created: 232149   present: 42   in FES: 8
** Event #1856256   t=5835.245752917217   Elapsed: 5835.19s (1h 37m)  92% completed  (92% total)
     Speed:     ev/sec=376.798   simsec/sec=1   ev/simsec=376.798
     Messages:  created: 232233   present: 10   in FES: 6
** Event #1857280   t=5837.439818131767   Elapsed: 5837.39s (1h 37m)  92% completed  (92% total)
     Speed:     ev/sec=466.713   simsec/sec=0.999999   ev/simsec=466.714
     Messages:  created: 232372   present: 40   in FES: 8
** Event #1858304   t=5839.492036437059   Elapsed: 5839.44s (1h 37m)  92% completed  (92% total)
     Speed:     ev/sec=498.731   simsec/sec=0.999517   ev/simsec=498.972
     Messages:  created: 232498   present: 35   in FES: 7
** Event #1859328   t=5842.033460094585   Elapsed: 5842s (1h 37m)  92% completed  (92% total)
     Speed:     ev/sec=399.688   simsec/sec=0.991968   ev/simsec=402.924
     Messages:  created: 232617   present: 11   in FES: 7
** Event #1860096   t=5844.767110184225   Elapsed: 5844.71s (1h 37m)  92% completed  (92% total)
     Speed:     ev/sec=283.177   simsec/sec=1.00795   ev/simsec=280.943
     Messages:  created: 232715   present: 16   in FES: 8
** Event #1860864   t=5846.769191026444   Elapsed: 5846.73s (1h 37m)  92% completed  (92% total)
     Speed:     ev/sec=380.379   simsec/sec=0.991602   ev/simsec=383.601
     Messages:  created: 232809   present: 11   in FES: 6
** Event #1861632   t=5849.215012539923   Elapsed: 5849.16s (1h 37m)  92% completed  (92% total)
     Speed:     ev/sec=316.196   simsec/sec=1.00698   ev/simsec=314.005
     Messages:  created: 232905   present: 10   in FES: 6
** Event #1862656   t=5851.736028315158   Elapsed: 5851.68s (1h 37m)  92% completed  (92% total)
     Speed:     ev/sec=406.187   simsec/sec=1   ev/simsec=406.185
     Messages:  created: 233034   present: 14   in FES: 8
** Event #1863424   t=5854.991473150687   Elapsed: 5854.94s (1h 37m)  92% completed  (92% total)
     Speed:     ev/sec=235.912   simsec/sec=0.999996   ev/simsec=235.912
     Messages:  created: 233129   present: 10   in FES: 6
** Event #1864448   t=5857.25940837213   Elapsed: 5857.22s (1h 37m)  92% completed  (92% total)
     Speed:     ev/sec=448.044   simsec/sec=0.992318   ev/simsec=451.512
     Messages:  created: 233272   present: 51   in FES: 7
** Event #1865472   t=5859.620502616783   Elapsed: 5859.57s (1h 37m)  93% completed  (93% total)
     Speed:     ev/sec=436.948   simsec/sec=1.0075   ev/simsec=433.697
     Messages:  created: 233395   present: 37   in FES: 8
** Event #1866496   t=5861.79658698855   Elapsed: 5861.74s (1h 37m)  93% completed  (93% total)
     Speed:     ev/sec=470.57   simsec/sec=1   ev/simsec=470.57
     Messages:  created: 233533   present: 64   in FES: 8
** Event #1867520   t=5863.925646687073   Elapsed: 5863.87s (1h 37m)  93% completed  (93% total)
     Speed:     ev/sec=480.964   simsec/sec=1   ev/simsec=480.963
     Messages:  created: 233667   present: 79   in FES: 8
** Event #1868544   t=5866.657748190003   Elapsed: 5866.6s (1h 37m)  93% completed  (93% total)
     Speed:     ev/sec=374.803   simsec/sec=1   ev/simsec=374.803
     Messages:  created: 233771   present: 15   in FES: 7
** Event #1869312   t=5868.716470064015   Elapsed: 5868.66s (1h 37m)  93% completed  (93% total)
     Speed:     ev/sec=373.047   simsec/sec=0.999999   ev/simsec=373.047
     Messages:  created: 233868   present: 18   in FES: 8
** Event #1870336   t=5870.830797380025   Elapsed: 5870.78s (1h 37m)  93% completed  (93% total)
     Speed:     ev/sec=484.315   simsec/sec=1   ev/simsec=484.315
     Messages:  created: 233997   present: 22   in FES: 8
** Event #1871360   t=5872.915025107925   Elapsed: 5872.86s (1h 37m)  93% completed  (93% total)
     Speed:     ev/sec=491.309   simsec/sec=0.999999   ev/simsec=491.309
     Messages:  created: 234135   present: 48   in FES: 8
** Event #1872384   t=5875.476096324475   Elapsed: 5875.44s (1h 37m)  93% completed  (93% total)
     Speed:     ev/sec=397.237   simsec/sec=0.993507   ev/simsec=399.833
     Messages:  created: 234255   present: 27   in FES: 7
** Event #1872896   t=5878.114724210027   Elapsed: 5878.06s (1h 37m)  93% completed  (93% total)
     Speed:     ev/sec=195.279   simsec/sec=1.00638   ev/simsec=194.04
     Messages:  created: 234313   present: 10   in FES: 6
** Event #1873664   t=5881.514990346738   Elapsed: 5881.48s (1h 38m)  93% completed  (93% total)
     Speed:     ev/sec=224.917   simsec/sec=0.995805   ev/simsec=225.865
     Messages:  created: 234408   present: 10   in FES: 6
t=5882.693409 addServer() complete
** Event #1874432   t=5883.797306896268   Elapsed: 5883.74s (1h 38m)  93% completed  (93% total)
     Speed:     ev/sec=338.626   simsec/sec=1.00632   ev/simsec=336.5
     Messages:  created: 234506   present: 14   in FES: 8
** Event #1875456   t=5886.257017460011   Elapsed: 5886.2s (1h 38m)  93% completed  (93% total)
     Speed:     ev/sec=416.309   simsec/sec=1   ev/simsec=416.309
     Messages:  created: 234632   present: 9   in FES: 5
** Event #1876480   t=5889.256429037422   Elapsed: 5889.2s (1h 38m)  93% completed  (93% total)
     Speed:     ev/sec=341.397   simsec/sec=0.99999   ev/simsec=341.4
     Messages:  created: 234760   present: 9   in FES: 5
** Event #1877248   t=5891.428363660448   Elapsed: 5891.37s (1h 38m)  93% completed  (93% total)
     Speed:     ev/sec=353.607   simsec/sec=1.00001   ev/simsec=353.602
     Messages:  created: 234856   present: 10   in FES: 6
** Event #1878016   t=5893.795730381008   Elapsed: 5893.74s (1h 38m)  93% completed  (93% total)
     Speed:     ev/sec=324.411   simsec/sec=0.999999   ev/simsec=324.411
     Messages:  created: 234952   present: 10   in FES: 6
** Event #1878784   t=5896.228648728438   Elapsed: 5896.17s (1h 38m)  93% completed  (93% total)
     Speed:     ev/sec=315.666   simsec/sec=0.999987   ev/simsec=315.67
     Messages:  created: 235048   present: 9   in FES: 5
** Event #1879552   t=5898.55879629025   Elapsed: 5898.5s (1h 38m)  93% completed  (93% total)
     Speed:     ev/sec=329.558   simsec/sec=0.999895   ev/simsec=329.593
     Messages:  created: 235145   present: 12   in FES: 7
** Event #1880320   t=5901.226142545385   Elapsed: 5901.17s (1h 38m)  93% completed  (93% total)
     Speed:     ev/sec=287.956   simsec/sec=1.0001   ev/simsec=287.927
     Messages:  created: 235240   present: 10   in FES: 6
** Event #1880832   t=5903.388183988595   Elapsed: 5903.33s (1h 38m)  93% completed  (93% total)
     Speed:     ev/sec=236.813   simsec/sec=1   ev/simsec=236.813
     Messages:  created: 235304   present: 10   in FES: 6
** Event #1881344   t=5906.510997232709   Elapsed: 5906.46s (1h 38m)  93% completed  (93% total)
     Speed:     ev/sec=163.673   simsec/sec=0.998281   ev/simsec=163.955
     Messages:  created: 235369   present: 12   in FES: 6
** Event #1882112   t=5910.162786877418   Elapsed: 5910.11s (1h 38m)  93% completed  (93% total)
     Speed:     ev/sec=210.618   simsec/sec=1.00147   ev/simsec=210.308
     Messages:  created: 235466   present: 14   in FES: 8
** Event #1882624   t=5912.795292435386   Elapsed: 5912.74s (1h 38m)  93% completed  (93% total)
     Speed:     ev/sec=194.492   simsec/sec=1   ev/simsec=194.492
     Messages:  created: 235528   present: 10   in FES: 6
** Event #1883392   t=5915.283155286718   Elapsed: 5915.23s (1h 38m)  93% completed  (93% total)
     Speed:     ev/sec=308.698   simsec/sec=0.999999   ev/simsec=308.699
     Messages:  created: 235626   present: 14   in FES: 7
** Event #1884160   t=5917.754130518184   Elapsed: 5917.7s (1h 38m)  93% completed  (93% total)
     Speed:     ev/sec=310.808   simsec/sec=1   ev/simsec=310.808
     Messages:  created: 235720   present: 9   in FES: 5
** Event #1884672   t=5920.046228029798   Elapsed: 5919.99s (1h 38m)  93% completed  (93% total)
     Speed:     ev/sec=223.376   simsec/sec=1   ev/simsec=223.376
     Messages:  created: 235784   present: 9   in FES: 5
** Event #1885696   t=5922.301130017359   Elapsed: 5922.26s (1h 38m)  94% completed  (94% total)
     Speed:     ev/sec=450.551   simsec/sec=0.992137   ev/simsec=454.122
     Messages:  created: 235913   present: 12   in FES: 6
** Event #1886464   t=5925.484263743086   Elapsed: 5925.43s (1h 38m)  94% completed  (94% total)
     Speed:     ev/sec=242.634   simsec/sec=1.00565   ev/simsec=241.272
     Messages:  created: 236008   present: 10   in FES: 6
** Event #1887232   t=5927.928444771953   Elapsed: 5927.87s (1h 38m)  94% completed  (94% total)
     Speed:     ev/sec=314.216   simsec/sec=1   ev/simsec=314.216
     Messages:  created: 236104   present: 10   in FES: 6
** Event #1887744   t=5930.029003437739   Elapsed: 5929.97s (1h 38m)  94% completed  (94% total)
     Speed:     ev/sec=243.745   simsec/sec=1   ev/simsec=243.745
     Messages:  created: 236169   present: 11   in FES: 6
** Event #1888256   t=5932.19572668085   Elapsed: 5932.14s (1h 38m)  94% completed  (94% total)
     Speed:     ev/sec=236.301   simsec/sec=1   ev/simsec=236.302
     Messages:  created: 236236   present: 19   in FES: 8
** Event #1889280   t=5934.413599263042   Elapsed: 5934.36s (1h 38m)  94% completed  (94% total)
     Speed:     ev/sec=461.704   simsec/sec=1   ev/simsec=461.704
     Messages:  created: 236360   present: 10   in FES: 6
** Event #1890048   t=5937.162591415171   Elapsed: 5937.11s (1h 38m)  94% completed  (94% total)
     Speed:     ev/sec=279.375   simsec/sec=1   ev/simsec=279.375
     Messages:  created: 236456   present: 10   in FES: 6
** Event #1890560   t=5939.589157582123   Elapsed: 5939.54s (1h 38m)  94% completed  (94% total)
     Speed:     ev/sec=210.998   simsec/sec=1   ev/simsec=210.998
     Messages:  created: 236520   present: 10   in FES: 6
** Event #1891328   t=5942.071082246997   Elapsed: 5942.02s (1h 39m)  94% completed  (94% total)
     Speed:     ev/sec=309.296   simsec/sec=0.999545   ev/simsec=309.437
     Messages:  created: 236616   present: 11   in FES: 6
** Event #1892096   t=5944.847438356192   Elapsed: 5944.79s (1h 39m)  94% completed  (94% total)
     Speed:     ev/sec=276.734   simsec/sec=1.00041   ev/simsec=276.622
     Messages:  created: 236711   present: 9   in FES: 5
** Event #1892864   t=5947.211604863104   Elapsed: 5947.16s (1h 39m)  94% completed  (94% total)
     Speed:     ev/sec=324.85   simsec/sec=1   ev/simsec=324.85
     Messages:  created: 236807   present: 9   in FES: 5
** Event #1893632   t=5949.229330460301   Elapsed: 5949.18s (1h 39m)  94% completed  (94% total)
     Speed:     ev/sec=380.627   simsec/sec=1   ev/simsec=380.627
     Messages:  created: 236903   present: 9   in FES: 5
** Event #1894400   t=5951.353796117336   Elapsed: 5951.3s (1h 39m)  94% completed  (94% total)
     Speed:     ev/sec=361.503   simsec/sec=1   ev/simsec=361.503
     Messages:  created: 237000   present: 10   in FES: 6
** Event #1894912   t=5953.447985760151   Elapsed: 5953.39s (1h 39m)  94% completed  (94% total)
     Speed:     ev/sec=244.486   simsec/sec=1   ev/simsec=244.486
     Messages:  created: 237063   present: 9   in FES: 5
** Event #1895680   t=5955.959398109697   Elapsed: 5955.91s (1h 39m)  94% completed  (94% total)
     Speed:     ev/sec=305.091   simsec/sec=0.997669   ev/simsec=305.804
     Messages:  created: 237160   present: 11   in FES: 6
** Event #1896448   t=5958.081435801006   Elapsed: 5958.03s (1h 39m)  94% completed  (94% total)
     Speed:     ev/sec=362.92   simsec/sec=1.00277   ev/simsec=361.916
     Messages:  created: 237255   present: 9   in FES: 5
** Event #1897472   t=5960.772647148939   Elapsed: 5960.72s (1h 39m)  94% completed  (94% total)
     Speed:     ev/sec=380.497   simsec/sec=0.999999   ev/simsec=380.498
     Messages:  created: 237386   present: 15   in FES: 8
** Event #1899008   t=5963.178280980596   Elapsed: 5963.12s (1h 39m)  94% completed  (94% total)
     Speed:     ev/sec=638.501   simsec/sec=1   ev/simsec=638.501
     Messages:  created: 237583   present: 30   in FES: 8
** Event #1900032   t=5965.670803617949   Elapsed: 5965.65s (1h 39m)  94% completed  (94% total)
     Speed:     ev/sec=405.591   simsec/sec=0.987251   ev/simsec=410.829
     Messages:  created: 237704   present: 11   in FES: 6
** Event #1900800   t=5968.160062248137   Elapsed: 5968.11s (1h 39m)  94% completed  (94% total)
     Speed:     ev/sec=312.567   simsec/sec=1.0131   ev/simsec=308.526
     Messages:  created: 237802   present: 17   in FES: 8
** Event #1901824   t=5970.515849043332   Elapsed: 5970.46s (1h 39m)  94% completed  (94% total)
     Speed:     ev/sec=434.675   simsec/sec=1   ev/simsec=434.674
     Messages:  created: 237933   present: 23   in FES: 8
** Event #1902848   t=5973.128028931933   Elapsed: 5973.07s (1h 39m)  94% completed  (94% total)
     Speed:     ev/sec=392.01   simsec/sec=1   ev/simsec=392.01
     Messages:  created: 238058   present: 15   in FES: 8
** Event #1903616   t=5975.426801634459   Elapsed: 5975.37s (1h 39m)  94% completed  (94% total)
     Speed:     ev/sec=334.092   simsec/sec=1   ev/simsec=334.091
     Messages:  created: 238154   present: 17   in FES: 8
** Event #1904384   t=5977.892554236236   Elapsed: 5977.84s (1h 39m)  94% completed  (94% total)
     Speed:     ev/sec=311.467   simsec/sec=0.999999   ev/simsec=311.467
     Messages:  created: 238247   present: 9   in FES: 5
** Event #1904896   t=5980.479983299544   Elapsed: 5980.43s (1h 39m)  94% completed  (94% total)
     Speed:     ev/sec=197.88   simsec/sec=1   ev/simsec=197.88
     Messages:  created: 238311   present: 9   in FES: 5
** Event #1905664   t=5983.075848768459   Elapsed: 5983.02s (1h 39m)  94% completed  (94% total)
     Speed:     ev/sec=295.855   simsec/sec=1   ev/simsec=295.855
     Messages:  created: 238408   present: 10   in FES: 6
** Event #1906432   t=5986.26203033395   Elapsed: 5986.21s (1h 39m)  95% completed  (95% total)
     Speed:     ev/sec=240.722   simsec/sec=0.998677   ev/simsec=241.041
     Messages:  created: 238504   present: 11   in FES: 6
** Event #1906944   t=5988.462161709163   Elapsed: 5988.41s (1h 39m)  95% completed  (95% total)
     Speed:     ev/sec=233.161   simsec/sec=1.00192   ev/simsec=232.713
     Messages:  created: 238568   present: 10   in FES: 6
** Event #1907456   t=5990.614367596191   Elapsed: 5990.56s (1h 39m)  95% completed  (95% total)
     Speed:     ev/sec=237.895   simsec/sec=0.999999   ev/simsec=237.895
     Messages:  created: 238632   present: 10   in FES: 6
** Event #1908224   t=5993.232394172158   Elapsed: 5993.18s (1h 39m)  95% completed  (95% total)
     Speed:     ev/sec=293.351   simsec/sec=1   ev/simsec=293.351
     Messages:  created: 238728   present: 10   in FES: 6
** Event #1908992   t=5995.348734311164   Elapsed: 5995.29s (1h 39m)  95% completed  (95% total)
     Speed:     ev/sec=362.89   simsec/sec=1   ev/simsec=362.891
     Messages:  created: 238824   present: 10   in FES: 6
** Event #1909760   t=5997.881708563886   Elapsed: 5997.83s (1h 39m)  95% completed  (95% total)
     Speed:     ev/sec=303.201   simsec/sec=1   ev/simsec=303.201
     Messages:  created: 238922   present: 15   in FES: 8
** Event #1910784   t=6000.21993048141   Elapsed: 6000.17s (1h 40m)  95% completed  (95% total)
     Speed:     ev/sec=437.94   simsec/sec=1   ev/simsec=437.94
     Messages:  created: 239047   present: 9   in FES: 5
** Event #1911552   t=6002.773207148779   Elapsed: 6002.72s (1h 40m)  95% completed  (95% total)
     Speed:     ev/sec=300.79   simsec/sec=0.999999   ev/simsec=300.79
     Messages:  created: 239143   present: 9   in FES: 5
t=6003.161612 executing removeServer()
scheduled complete remove at 6003.161612
** Event #1912320   t=6005.115333096272   Elapsed: 6005.06s (1h 40m)  95% completed  (95% total)
     Speed:     ev/sec=327.907   simsec/sec=1   ev/simsec=327.907
     Messages:  created: 239242   present: 13   in FES: 7
** Event #1913088   t=6007.190694163341   Elapsed: 6007.17s (1h 40m)  95% completed  (95% total)
     Speed:     ev/sec=364.036   simsec/sec=0.983733   ev/simsec=370.056
     Messages:  created: 239336   present: 7   in FES: 4
** Event #1913856   t=6009.801035362495   Elapsed: 6009.75s (1h 40m)  95% completed  (95% total)
     Speed:     ev/sec=298.134   simsec/sec=1.01332   ev/simsec=294.214
     Messages:  created: 239433   present: 9   in FES: 6
** Event #1914624   t=6012.43893610994   Elapsed: 6012.38s (1h 40m)  95% completed  (95% total)
     Speed:     ev/sec=291.141   simsec/sec=1   ev/simsec=291.141
     Messages:  created: 239530   present: 13   in FES: 7
** Event #1915392   t=6015.006029178713   Elapsed: 6014.95s (1h 40m)  95% completed  (95% total)
     Speed:     ev/sec=299.171   simsec/sec=1   ev/simsec=299.171
     Messages:  created: 239625   present: 10   in FES: 6
** Event #1915904   t=6017.107815390673   Elapsed: 6017.05s (1h 40m)  95% completed  (95% total)
     Speed:     ev/sec=243.603   simsec/sec=1   ev/simsec=243.602
     Messages:  created: 239689   present: 10   in FES: 7
** Event #1916416   t=6019.511532851493   Elapsed: 6019.47s (1h 40m)  95% completed  (95% total)
     Speed:     ev/sec=211.611   simsec/sec=0.993463   ev/simsec=213.003
     Messages:  created: 239752   present: 7   in FES: 4
** Event #1916928   t=6021.531760091648   Elapsed: 6021.49s (1h 40m)  95% completed  (95% total)
     Speed:     ev/sec=253.85   simsec/sec=1.00163   ev/simsec=253.437
     Messages:  created: 239819   present: 15   in FES: 6
** Event #1917696   t=6023.944664004827   Elapsed: 6023.89s (1h 40m)  95% completed  (95% total)
     Speed:     ev/sec=319.949   simsec/sec=1.00522   ev/simsec=318.289
     Messages:  created: 239913   present: 10   in FES: 7
** Event #1918720   t=6026.311248513935   Elapsed: 6026.27s (1h 40m)  95% completed  (95% total)
     Speed:     ev/sec=431.009   simsec/sec=0.996112   ev/simsec=432.691
     Messages:  created: 240043   present: 15   in FES: 6
** Event #1919488   t=6028.372227621702   Elapsed: 6028.32s (1h 40m)  95% completed  (95% total)
     Speed:     ev/sec=374.316   simsec/sec=1.0045   ev/simsec=372.638
     Messages:  created: 240139   present: 14   in FES: 7
** Event #1920256   t=6030.379421660442   Elapsed: 6030.33s (1h 40m)  95% completed  (95% total)
     Speed:     ev/sec=382.624   simsec/sec=1   ev/simsec=382.624
     Messages:  created: 240237   present: 19   in FES: 7
** Event #1921024   t=6032.413517454934   Elapsed: 6032.36s (1h 40m)  95% completed  (95% total)
     Speed:     ev/sec=377.563   simsec/sec=0.999999   ev/simsec=377.563
     Messages:  created: 240331   present: 14   in FES: 6
** Event #1921792   t=6035.141765120927   Elapsed: 6035.09s (1h 40m)  95% completed  (95% total)
     Speed:     ev/sec=281.5   simsec/sec=1   ev/simsec=281.499
     Messages:  created: 240426   present: 13   in FES: 7
** Event #1922560   t=6037.165773873329   Elapsed: 6037.11s (1h 40m)  95% completed  (95% total)
     Speed:     ev/sec=379.445   simsec/sec=1   ev/simsec=379.445
     Messages:  created: 240522   present: 12   in FES: 7
** Event #1923072   t=6039.715260224059   Elapsed: 6039.66s (1h 40m)  95% completed  (95% total)
     Speed:     ev/sec=200.825   simsec/sec=1   ev/simsec=200.825
     Messages:  created: 240585   present: 10   in FES: 6
** Event #1924096   t=6042.325961953417   Elapsed: 6042.27s (1h 40m)  95% completed  (95% total)
     Speed:     ev/sec=392.232   simsec/sec=1   ev/simsec=392.232
     Messages:  created: 240716   present: 18   in FES: 7
** Event #1924864   t=6044.394942118292   Elapsed: 6044.36s (1h 40m)  95% completed  (95% total)
     Speed:     ev/sec=367.454   simsec/sec=0.989915   ev/simsec=371.197
     Messages:  created: 240808   present: 7   in FES: 4
** Event #1925632   t=6046.419325455048   Elapsed: 6046.37s (1h 40m)  95% completed  (95% total)
     Speed:     ev/sec=383.366   simsec/sec=1.01052   ev/simsec=379.375
     Messages:  created: 240909   present: 21   in FES: 6
** Event #1926400   t=6048.47142871574   Elapsed: 6048.42s (1h 40m)  96% completed  (96% total)
     Speed:     ev/sec=374.25   simsec/sec=1   ev/simsec=374.25
     Messages:  created: 241002   present: 11   in FES: 7
** Event #1927168   t=6050.725973816669   Elapsed: 6050.7s (1h 40m)  96% completed  (96% total)
     Speed:     ev/sec=336.404   simsec/sec=0.987548   ev/simsec=340.645
     Messages:  created: 241096   present: 7   in FES: 4
** Event #1927936   t=6052.932404018711   Elapsed: 6052.88s (1h 40m)  96% completed  (96% total)
     Speed:     ev/sec=352.621   simsec/sec=1.01307   ev/simsec=348.074
     Messages:  created: 241200   present: 27   in FES: 7
** Event #1928704   t=6055.094707402247   Elapsed: 6055.04s (1h 40m)  96% completed  (96% total)
     Speed:     ev/sec=355.171   simsec/sec=0.999985   ev/simsec=355.177
     Messages:  created: 241290   present: 13   in FES: 7
** Event #1929472   t=6058.056057865173   Elapsed: 6058.01s (1h 40m)  96% completed  (96% total)
     Speed:     ev/sec=258.929   simsec/sec=0.998411   ev/simsec=259.341
     Messages:  created: 241384   present: 7   in FES: 4
** Event #1929984   t=6060.574302985241   Elapsed: 6060.53s (1h 41m)  96% completed  (96% total)
     Speed:     ev/sec=202.545   simsec/sec=0.996206   ev/simsec=203.316
     Messages:  created: 241448   present: 8   in FES: 5
t=6062.959757 executing addServer()
adding server with latency=60
** Event #1930752   t=6063.004816559212   Elapsed: 6063.06s (1h 41m)  96% completed  (96% total)
     Speed:     ev/sec=304.504   simsec/sec=0.963673   ev/simsec=315.983
     Messages:  created: 241546   present: 11   in FES: 7
** Event #1931264   t=6065.596564846649   Elapsed: 6065.57s (1h 41m)  96% completed  (96% total)
     Speed:     ev/sec=203.659   simsec/sec=1.03092   ev/simsec=197.55
     Messages:  created: 241610   present: 11   in FES: 6
** Event #1931776   t=6067.647848863453   Elapsed: 6067.59s (1h 41m)  96% completed  (96% total)
     Speed:     ev/sec=253.077   simsec/sec=1.01393   ev/simsec=249.6
     Messages:  created: 241676   present: 16   in FES: 8
** Event #1932544   t=6070.016434721823   Elapsed: 6069.98s (1h 41m)  96% completed  (96% total)
     Speed:     ev/sec=321.562   simsec/sec=0.991729   ev/simsec=324.244
     Messages:  created: 241770   present: 11   in FES: 6
** Event #1933312   t=6073.022754784988   Elapsed: 6072.97s (1h 41m)  96% completed  (96% total)
     Speed:     ev/sec=257.152   simsec/sec=1.00662   ev/simsec=255.462
     Messages:  created: 241868   present: 17   in FES: 8
** Event #1934080   t=6075.502577284923   Elapsed: 6075.45s (1h 41m)  96% completed  (96% total)
     Speed:     ev/sec=309.699   simsec/sec=0.999999   ev/simsec=309.7
     Messages:  created: 241963   present: 14   in FES: 8
** Event #1934592   t=6077.699565926715   Elapsed: 6077.66s (1h 41m)  96% completed  (96% total)
     Speed:     ev/sec=231.569   simsec/sec=0.993663   ev/simsec=233.046
     Messages:  created: 242026   present: 11   in FES: 7
** Event #1935360   t=6081.15774773031   Elapsed: 6081.1s (1h 41m)  96% completed  (96% total)
     Speed:     ev/sec=222.976   simsec/sec=1.00403   ev/simsec=222.082
     Messages:  created: 242122   present: 11   in FES: 7
** Event #1935872   t=6083.184443826318   Elapsed: 6083.15s (1h 41m)  96% completed  (96% total)
     Speed:     ev/sec=250.267   simsec/sec=0.990656   ev/simsec=252.628
     Messages:  created: 242186   present: 11   in FES: 7
** Event #1936384   t=6085.295825219519   Elapsed: 6085.24s (1h 41m)  96% completed  (96% total)
     Speed:     ev/sec=244.727   simsec/sec=1.0092   ev/simsec=242.495
     Messages:  created: 242250   present: 10   in FES: 6
** Event #1936896   t=6087.408223331542   Elapsed: 6087.35s (1h 41m)  96% completed  (96% total)
     Speed:     ev/sec=242.379   simsec/sec=1   ev/simsec=242.379
     Messages:  created: 242314   present: 10   in FES: 6
** Event #1937408   t=6089.61021945184   Elapsed: 6089.56s (1h 41m)  96% completed  (96% total)
     Speed:     ev/sec=232.51   simsec/sec=0.999972   ev/simsec=232.516
     Messages:  created: 242378   present: 10   in FES: 6
** Event #1938688   t=6092.032632149723   Elapsed: 6091.98s (1h 41m)  96% completed  (96% total)
     Speed:     ev/sec=528.412   simsec/sec=1.00002   ev/simsec=528.399
     Messages:  created: 242565   present: 82   in FES: 8
** Event #1939712   t=6094.280806509433   Elapsed: 6094.23s (1h 41m)  96% completed  (96% total)
     Speed:     ev/sec=455.481   simsec/sec=1   ev/simsec=455.481
     Messages:  created: 242694   present: 86   in FES: 8
** Event #1940736   t=6096.486366789249   Elapsed: 6096.43s (1h 41m)  96% completed  (96% total)
     Speed:     ev/sec=464.279   simsec/sec=0.999996   ev/simsec=464.281
     Messages:  created: 242813   present: 62   in FES: 8
** Event #1941760   t=6098.854795997319   Elapsed: 6098.8s (1h 41m)  96% completed  (96% total)
     Speed:     ev/sec=432.355   simsec/sec=1   ev/simsec=432.354
     Messages:  created: 242938   present: 54   in FES: 8
** Event #1942784   t=6101.485304432621   Elapsed: 6101.43s (1h 41m)  96% completed  (96% total)
     Speed:     ev/sec=389.271   simsec/sec=0.999981   ev/simsec=389.278
     Messages:  created: 243054   present: 22   in FES: 8
** Event #1943552   t=6103.983842893172   Elapsed: 6103.93s (1h 41m)  96% completed  (96% total)
     Speed:     ev/sec=307.386   simsec/sec=1.00002   ev/simsec=307.38
     Messages:  created: 243146   present: 10   in FES: 6
** Event #1944320   t=6106.292062178583   Elapsed: 6106.24s (1h 41m)  96% completed  (96% total)
     Speed:     ev/sec=332.724   simsec/sec=0.999999   ev/simsec=332.724
     Messages:  created: 243242   present: 10   in FES: 6
** Event #1944832   t=6108.4625545751   Elapsed: 6108.41s (1h 41m)  96% completed  (96% total)
     Speed:     ev/sec=235.891   simsec/sec=1   ev/simsec=235.891
     Messages:  created: 243306   present: 10   in FES: 6
** Event #1945344   t=6110.755968345108   Elapsed: 6110.72s (1h 41m)  96% completed  (96% total)
     Speed:     ev/sec=221.84   simsec/sec=0.993693   ev/simsec=223.248
     Messages:  created: 243370   present: 11   in FES: 7
** Event #1945856   t=6113.557576569327   Elapsed: 6113.5s (1h 41m)  97% completed  (97% total)
     Speed:     ev/sec=183.707   simsec/sec=1.00522   ev/simsec=182.752
     Messages:  created: 243434   present: 10   in FES: 6
** Event #1946624   t=6116.609611149334   Elapsed: 6116.56s (1h 41m)  97% completed  (97% total)
     Speed:     ev/sec=251.635   simsec/sec=1   ev/simsec=251.635
     Messages:  created: 243530   present: 10   in FES: 6
** Event #1947136   t=6118.948905886147   Elapsed: 6118.89s (1h 41m)  97% completed  (97% total)
     Speed:     ev/sec=218.869   simsec/sec=0.999999   ev/simsec=218.869
     Messages:  created: 243596   present: 16   in FES: 8
** Event #1947904   t=6121.8237661178   Elapsed: 6121.77s (1h 42m)  97% completed  (97% total)
     Speed:     ev/sec=267.143   simsec/sec=1   ev/simsec=267.143
     Messages:  created: 243691   present: 14   in FES: 8
t=6122.959757 addServer() complete
** Event #1948672   t=6124.599204787869   Elapsed: 6124.55s (1h 42m)  97% completed  (97% total)
     Speed:     ev/sec=276.713   simsec/sec=1   ev/simsec=276.713
     Messages:  created: 243786   present: 11   in FES: 7
** Event #1949440   t=6126.938154730784   Elapsed: 6126.88s (1h 42m)  97% completed  (97% total)
     Speed:     ev/sec=328.353   simsec/sec=1   ev/simsec=328.352
     Messages:  created: 243881   present: 10   in FES: 6
** Event #1950208   t=6129.140002032157   Elapsed: 6129.09s (1h 42m)  97% completed  (97% total)
     Speed:     ev/sec=347.779   simsec/sec=0.997079   ev/simsec=348.798
     Messages:  created: 243978   present: 12   in FES: 7
** Event #1951488   t=6131.260455498397   Elapsed: 6131.21s (1h 42m)  97% completed  (97% total)
     Speed:     ev/sec=605.485   simsec/sec=1.00305   ev/simsec=603.644
     Messages:  created: 244140   present: 17   in FES: 8
** Event #1952512   t=6133.609001482443   Elapsed: 6133.55s (1h 42m)  97% completed  (97% total)
     Speed:     ev/sec=436.015   simsec/sec=1   ev/simsec=436.014
     Messages:  created: 244265   present: 10   in FES: 6
** Event #1953280   t=6135.641815619825   Elapsed: 6135.59s (1h 42m)  97% completed  (97% total)
     Speed:     ev/sec=377.801   simsec/sec=1   ev/simsec=377.801
     Messages:  created: 244364   present: 18   in FES: 8
** Event #1954560   t=6138.13658528625   Elapsed: 6138.08s (1h 42m)  97% completed  (97% total)
     Speed:     ev/sec=513.073   simsec/sec=0.999999   ev/simsec=513.073
     Messages:  created: 244521   present: 9   in FES: 5
** Event #1955584   t=6140.574832901491   Elapsed: 6140.52s (1h 42m)  97% completed  (97% total)
     Speed:     ev/sec=419.975   simsec/sec=1   ev/simsec=419.974
     Messages:  created: 244651   present: 14   in FES: 8
** Event #1956608   t=6142.851938402216   Elapsed: 6142.8s (1h 42m)  97% completed  (97% total)
     Speed:     ev/sec=449.454   simsec/sec=0.999466   ev/simsec=449.694
     Messages:  created: 244778   present: 12   in FES: 7
** Event #1957632   t=6145.430054485606   Elapsed: 6145.38s (1h 42m)  97% completed  (97% total)
     Speed:     ev/sec=396.871   simsec/sec=0.999199   ev/simsec=397.189
     Messages:  created: 244906   present: 12   in FES: 7
** Event #1958656   t=6147.872774830932   Elapsed: 6147.82s (1h 42m)  97% completed  (97% total)
     Speed:     ev/sec=419.769   simsec/sec=1.00135   ev/simsec=419.205
     Messages:  created: 245037   present: 19   in FES: 8
** Event #1959424   t=6150.126800257854   Elapsed: 6150.07s (1h 42m)  97% completed  (97% total)
     Speed:     ev/sec=340.724   simsec/sec=1   ev/simsec=340.724
     Messages:  created: 245129   present: 10   in FES: 6
** Event #1960192   t=6152.139613227325   Elapsed: 6152.09s (1h 42m)  97% completed  (97% total)
     Speed:     ev/sec=381.556   simsec/sec=1   ev/simsec=381.556
     Messages:  created: 245225   present: 10   in FES: 6
** Event #1960960   t=6154.305895992865   Elapsed: 6154.25s (1h 42m)  97% completed  (97% total)
     Speed:     ev/sec=354.524   simsec/sec=1   ev/simsec=354.524
     Messages:  created: 245322   present: 11   in FES: 7
** Event #1961728   t=6156.733922301272   Elapsed: 6156.69s (1h 42m)  97% completed  (97% total)
     Speed:     ev/sec=315.388   simsec/sec=0.997098   ev/simsec=316.306
     Messages:  created: 245418   present: 12   in FES: 6
** Event #1962496   t=6158.920684328566   Elapsed: 6158.87s (1h 42m)  97% completed  (97% total)
     Speed:     ev/sec=351.483   simsec/sec=1.00079   ev/simsec=351.204
     Messages:  created: 245514   present: 12   in FES: 7
** Event #1963520   t=6161.061149467527   Elapsed: 6161.01s (1h 42m)  97% completed  (97% total)
     Speed:     ev/sec=479.595   simsec/sec=1.0025   ev/simsec=478.401
     Messages:  created: 245650   present: 32   in FES: 8
** Event #1964544   t=6163.771263264411   Elapsed: 6163.72s (1h 42m)  97% completed  (97% total)
     Speed:     ev/sec=377.843   simsec/sec=0.999999   ev/simsec=377.844
     Messages:  created: 245770   present: 11   in FES: 7
** Event #1965056   t=6165.794408080926   Elapsed: 6165.75s (1h 42m)  97% completed  (97% total)
     Speed:     ev/sec=251.54   simsec/sec=0.99395   ev/simsec=253.071
     Messages:  created: 245834   present: 12   in FES: 7
** Event #1965568   t=6168.314592322574   Elapsed: 6168.26s (1h 42m)  97% completed  (97% total)
     Speed:     ev/sec=204.157   simsec/sec=1.00491   ev/simsec=203.16
     Messages:  created: 245897   present: 9   in FES: 5
** Event #1966080   t=6170.344869460701   Elapsed: 6170.29s (1h 42m)  97% completed  (97% total)
     Speed:     ev/sec=252.182   simsec/sec=1   ev/simsec=252.182
     Messages:  created: 245963   present: 14   in FES: 8
** Event #1966848   t=6172.787806735569   Elapsed: 6172.73s (1h 42m)  97% completed  (97% total)
     Speed:     ev/sec=314.329   simsec/sec=0.99985   ev/simsec=314.376
     Messages:  created: 246058   present: 12   in FES: 7
** Event #1967616   t=6175.119413192615   Elapsed: 6175.07s (1h 42m)  98% completed  (98% total)
     Speed:     ev/sec=328.475   simsec/sec=0.997231   ev/simsec=329.387
     Messages:  created: 246154   present: 12   in FES: 7
** Event #1968384   t=6177.480950487309   Elapsed: 6177.43s (1h 42m)  98% completed  (98% total)
     Speed:     ev/sec=326.157   simsec/sec=1.0029   ev/simsec=325.212
     Messages:  created: 246249   present: 9   in FES: 5
** Event #1969408   t=6179.660192378145   Elapsed: 6179.62s (1h 42m)  98% completed  (98% total)
     Speed:     ev/sec=466.798   simsec/sec=0.993424   ev/simsec=469.888
     Messages:  created: 246378   present: 12   in FES: 7
** Event #1970688   t=6182.027341819093   Elapsed: 6181.98s (1h 43m)  98% completed  (98% total)
     Speed:     ev/sec=542.719   simsec/sec=1.00367   ev/simsec=540.735
     Messages:  created: 246537   present: 11   in FES: 7
** Event #1971456   t=6184.276776447017   Elapsed: 6184.22s (1h 43m)  98% completed  (98% total)
     Speed:     ev/sec=342.297   simsec/sec=1.00257   ev/simsec=341.419
     Messages:  created: 246633   present: 10   in FES: 6
** Event #1972480   t=6186.705408190395   Elapsed: 6186.65s (1h 43m)  98% completed  (98% total)
     Speed:     ev/sec=421.432   simsec/sec=0.999516   ev/simsec=421.637
     Messages:  created: 246761   present: 11   in FES: 6
** Event #1973504   t=6188.981174873377   Elapsed: 6188.93s (1h 43m)  98% completed  (98% total)
     Speed:     ev/sec=450.191   simsec/sec=1.00052   ev/simsec=449.958
     Messages:  created: 246889   present: 10   in FES: 6
** Event #1974528   t=6191.242659703256   Elapsed: 6191.19s (1h 43m)  98% completed  (98% total)
     Speed:     ev/sec=452.8   simsec/sec=1   ev/simsec=452.8
     Messages:  created: 247016   present: 9   in FES: 5
** Event #1975552   t=6193.294394240913   Elapsed: 6193.24s (1h 43m)  98% completed  (98% total)
     Speed:     ev/sec=498.83   simsec/sec=0.999479   ev/simsec=499.09
     Messages:  created: 247145   present: 11   in FES: 6
** Event #1976576   t=6196.148178270303   Elapsed: 6196.09s (1h 43m)  98% completed  (98% total)
     Speed:     ev/sec=358.956   simsec/sec=1.00037   ev/simsec=358.822
     Messages:  created: 247273   present: 10   in FES: 6
** Event #1977600   t=6198.315667153525   Elapsed: 6198.26s (1h 43m)  98% completed  (98% total)
     Speed:     ev/sec=471.839   simsec/sec=0.998736   ev/simsec=472.436
     Messages:  created: 247404   present: 19   in FES: 7
** Event #1978624   t=6200.910180601454   Elapsed: 6200.86s (1h 43m)  98% completed  (98% total)
     Speed:     ev/sec=395.097   simsec/sec=1.00106   ev/simsec=394.679
     Messages:  created: 247530   present: 14   in FES: 8
** Event #1979392   t=6203.272202225309   Elapsed: 6203.22s (1h 43m)  98% completed  (98% total)
     Speed:     ev/sec=325.145   simsec/sec=1   ev/simsec=325.145
     Messages:  created: 247627   present: 16   in FES: 8
** Event #1980416   t=6205.872991179258   Elapsed: 6205.82s (1h 43m)  98% completed  (98% total)
     Speed:     ev/sec=393.727   simsec/sec=1   ev/simsec=393.727
     Messages:  created: 247754   present: 14   in FES: 8
** Event #1981440   t=6207.958313973762   Elapsed: 6207.9s (1h 43m)  98% completed  (98% total)
     Speed:     ev/sec=491.051   simsec/sec=1   ev/simsec=491.051
     Messages:  created: 247880   present: 9   in FES: 5
** Event #1982208   t=6209.99771191753   Elapsed: 6209.96s (1h 43m)  98% completed  (98% total)
     Speed:     ev/sec=374.03   simsec/sec=0.993225   ev/simsec=376.582
     Messages:  created: 247977   present: 11   in FES: 6
** Event #1982720   t=6212.15706478148   Elapsed: 6212.1s (1h 43m)  98% completed  (98% total)
     Speed:     ev/sec=238.646   simsec/sec=1.00648   ev/simsec=237.108
     Messages:  created: 248041   present: 10   in FES: 6
** Event #1983232   t=6214.351376311326   Elapsed: 6214.31s (1h 43m)  98% completed  (98% total)
     Speed:     ev/sec=232.094   simsec/sec=0.994698   ev/simsec=233.331
     Messages:  created: 248105   present: 11   in FES: 7
** Event #1983744   t=6216.607335290851   Elapsed: 6216.55s (1h 43m)  98% completed  (98% total)
     Speed:     ev/sec=228.137   simsec/sec=1.00521   ev/simsec=226.954
     Messages:  created: 248168   present: 9   in FES: 5
** Event #1984512   t=6219.265350060908   Elapsed: 6219.22s (1h 43m)  98% completed  (98% total)
     Speed:     ev/sec=288.276   simsec/sec=0.997709   ev/simsec=288.937
     Messages:  created: 248265   present: 11   in FES: 6
** Event #1985536   t=6221.956653529549   Elapsed: 6221.9s (1h 43m)  98% completed  (98% total)
     Speed:     ev/sec=381.349   simsec/sec=1.00227   ev/simsec=380.485
     Messages:  created: 248394   present: 13   in FES: 8
** Event #1986560   t=6224.27299856857   Elapsed: 6224.22s (1h 43m)  98% completed  (98% total)
     Speed:     ev/sec=441.99   simsec/sec=0.999805   ev/simsec=442.076
     Messages:  created: 248521   present: 11   in FES: 6
** Event #1987328   t=6226.699980097261   Elapsed: 6226.65s (1h 43m)  98% completed  (98% total)
     Speed:     ev/sec=316.501   simsec/sec=1.00019   ev/simsec=316.442
     Messages:  created: 248616   present: 9   in FES: 5
** Event #1988096   t=6229.354066123693   Elapsed: 6229.3s (1h 43m)  98% completed  (98% total)
     Speed:     ev/sec=289.365   simsec/sec=1   ev/simsec=289.365
     Messages:  created: 248713   present: 10   in FES: 6
** Event #1988864   t=6231.92351519784   Elapsed: 6231.87s (1h 43m)  98% completed  (98% total)
     Speed:     ev/sec=298.407   simsec/sec=0.99836   ev/simsec=298.897
     Messages:  created: 248809   present: 11   in FES: 6
** Event #1989632   t=6234.327282496235   Elapsed: 6234.27s (1h 43m)  98% completed  (98% total)
     Speed:     ev/sec=320.06   simsec/sec=1.00176   ev/simsec=319.498
     Messages:  created: 248905   present: 10   in FES: 6
** Event #1990400   t=6237.377477669368   Elapsed: 6237.32s (1h 43m)  99% completed  (99% total)
     Speed:     ev/sec=251.787   simsec/sec=1   ev/simsec=251.787
     Messages:  created: 249001   present: 10   in FES: 6
** Event #1991680   t=6239.710528175148   Elapsed: 6239.66s (1h 43m)  99% completed  (99% total)
     Speed:     ev/sec=548.638   simsec/sec=1   ev/simsec=548.638
     Messages:  created: 249160   present: 9   in FES: 5
** Event #1992448   t=6241.758996275133   Elapsed: 6241.7s (1h 44m)  99% completed  (99% total)
     Speed:     ev/sec=374.914   simsec/sec=0.999999   ev/simsec=374.914
     Messages:  created: 249258   present: 14   in FES: 8
** Event #1993216   t=6244.060081852641   Elapsed: 6244.01s (1h 44m)  99% completed  (99% total)
     Speed:     ev/sec=333.367   simsec/sec=0.998837   ev/simsec=333.756
     Messages:  created: 249352   present: 10   in FES: 6
** Event #1994496   t=6246.739829359522   Elapsed: 6246.69s (1h 44m)  99% completed  (99% total)
     Speed:     ev/sec=478.135   simsec/sec=1.001   ev/simsec=477.657
     Messages:  created: 249513   present: 12   in FES: 8
** Event #1995264   t=6248.894090258624   Elapsed: 6248.84s (1h 44m)  99% completed  (99% total)
     Speed:     ev/sec=356.5   simsec/sec=0.999992   ev/simsec=356.503
     Messages:  created: 249608   present: 9   in FES: 5
** Event #1995776   t=6251.2838971115   Elapsed: 6251.24s (1h 44m)  99% completed  (99% total)
     Speed:     ev/sec=213.612   simsec/sec=0.997052   ev/simsec=214.243
     Messages:  created: 249672   present: 10   in FES: 6
** Event #1996544   t=6253.566744903955   Elapsed: 6253.52s (1h 44m)  99% completed  (99% total)
     Speed:     ev/sec=337.046   simsec/sec=1.00186   ev/simsec=336.422
     Messages:  created: 249768   present: 10   in FES: 5
** Event #1997568   t=6256.142279578366   Elapsed: 6256.09s (1h 44m)  99% completed  (99% total)
     Speed:     ev/sec=398.029   simsec/sec=1.00111   ev/simsec=397.587
     Messages:  created: 249897   present: 13   in FES: 8
** Event #1998080   t=6258.273560561988   Elapsed: 6258.25s (1h 44m)  99% completed  (99% total)
     Speed:     ev/sec=237.014   simsec/sec=0.98661   ev/simsec=240.231
     Messages:  created: 249960   present: 10   in FES: 6
** Event #1998592   t=6260.445942711499   Elapsed: 6260.41s (1h 44m)  99% completed  (99% total)
     Speed:     ev/sec=237.175   simsec/sec=1.00632   ev/simsec=235.686
     Messages:  created: 250024   present: 10   in FES: 6
** Event #1999360   t=6263.095614201189   Elapsed: 6263.05s (1h 44m)  99% completed  (99% total)
     Speed:     ev/sec=290.42   simsec/sec=1.00198   ev/simsec=289.847
     Messages:  created: 250120   present: 10   in FES: 6
** Event #1999872   t=6265.390101510967   Elapsed: 6265.34s (1h 44m)  99% completed  (99% total)
     Speed:     ev/sec=224.126   simsec/sec=1.0044   ev/simsec=223.144
     Messages:  created: 250185   present: 12   in FES: 8
** Event #2000640   t=6267.83529446707   Elapsed: 6267.79s (1h 44m)  99% completed  (99% total)
     Speed:     ev/sec=313.238   simsec/sec=0.997301   ev/simsec=314.086
     Messages:  created: 250280   present: 10   in FES: 5
** Event #2001408   t=6270.183221243248   Elapsed: 6270.13s (1h 44m)  99% completed  (99% total)
     Speed:     ev/sec=327.987   simsec/sec=1.00272   ev/simsec=327.097
     Messages:  created: 250376   present: 10   in FES: 6
** Event #2001920   t=6272.757171714875   Elapsed: 6272.7s (1h 44m)  99% completed  (99% total)
     Speed:     ev/sec=198.935   simsec/sec=1.0001   ev/simsec=198.916
     Messages:  created: 250440   present: 9   in FES: 5
** Event #2002688   t=6274.920596636065   Elapsed: 6274.87s (1h 44m)  99% completed  (99% total)
     Speed:     ev/sec=354.023   simsec/sec=0.997269   ev/simsec=354.993
     Messages:  created: 250536   present: 10   in FES: 6
** Event #2003200   t=6276.952139110468   Elapsed: 6276.9s (1h 44m)  99% completed  (99% total)
     Speed:     ev/sec=252.753   simsec/sec=1.00289   ev/simsec=252.025
     Messages:  created: 250600   present: 9   in FES: 5
** Event #2003968   t=6279.115861152474   Elapsed: 6279.06s (1h 44m)  99% completed  (99% total)
     Speed:     ev/sec=354.957   simsec/sec=1.00004   ev/simsec=354.944
     Messages:  created: 250696   present: 9   in FES: 5
** Event #2004736   t=6281.163056292747   Elapsed: 6281.11s (1h 44m)  99% completed  (99% total)
     Speed:     ev/sec=375.147   simsec/sec=1   ev/simsec=375.147
     Messages:  created: 250793   present: 13   in FES: 8
** Event #2005504   t=6283.779833160146   Elapsed: 6283.73s (1h 44m)  99% completed  (99% total)
     Speed:     ev/sec=293.491   simsec/sec=1   ev/simsec=293.491
     Messages:  created: 250888   present: 9   in FES: 5
** Event #2006272   t=6286.68438693876   Elapsed: 6286.64s (1h 44m)  99% completed  (99% total)
     Speed:     ev/sec=263.419   simsec/sec=0.996244   ev/simsec=264.412
     Messages:  created: 250984   present: 10   in FES: 6
** Event #2007040   t=6288.799779224306   Elapsed: 6288.75s (1h 44m)  99% completed  (99% total)
     Speed:     ev/sec=364.943   simsec/sec=1.0052   ev/simsec=363.053
     Messages:  created: 251082   present: 16   in FES: 8
** Event #2007808   t=6292.323390065162   Elapsed: 6292.27s (1h 44m)  99% completed  (99% total)
     Speed:     ev/sec=217.958   simsec/sec=0.999999   ev/simsec=217.958
     Messages:  created: 251177   present: 12   in FES: 7
** Event #2008320   t=6294.465095214681   Elapsed: 6294.42s (1h 44m)  99% completed  (99% total)
     Speed:     ev/sec=238.319   simsec/sec=0.996893   ev/simsec=239.062
     Messages:  created: 251240   present: 10   in FES: 6
** Event #2008832   t=6296.5346204245   Elapsed: 6296.49s (1h 44m)  99% completed  (99% total)
     Speed:     ev/sec=247.481   simsec/sec=1.00033   ev/simsec=247.4
     Messages:  created: 251304   present: 10   in FES: 6
** Event #2009600   t=6298.762127002019   Elapsed: 6298.75s (1h 44m)  99% completed  (99% total)
     Speed:     ev/sec=339.492   simsec/sec=0.984663   ev/simsec=344.78
     Messages:  created: 251400   present: 10   in FES: 6
** Event #2009940   t=6300   Elapsed: 6299.95s (1h 44m)  100% completed  (100% total)
     Speed:     ev/sec=283.016   simsec/sec=1.03345   ev/simsec=273.857
     Messages:  created: 251442   present: 10   in FES: 6

<!> Simulation time limit reached -- at t=6300s, event #2009940

Calling finish() at end of Run #6...

End.
