WARNING: Error changing the container working directory. Using '/mnt/iusers01/sk01/t95317ha' instead: chdir /mnt/iusers01/sk01/t95317ha/h200-scratch/SELAS/CONTROLLER: no such file or directory
OMNeT++ Discrete Event Simulation  (C) 1992-2018 Andras Varga, OpenSim Ltd.
Version: 5.4.1, build: 180629-5e28390, edition: Academic Public License -- NOT FOR COMMERCIAL USE
See the license for distribution terms and warranty disclaimer

Setting up Cmdenv...

Loading NED files from ..:  3
Loading NED files from ../../src:  21
Loading NED files from ../../../queueinglib:  20

Preparing for running configuration sim, run #6...
Scenario: $trace="traces/clarknet-http-105m-l70.delta", $latency=60, $repetition=0
Assigned runID=sim-6-20260918-16:20:27-3609195
Setting up network "SWIM"...
Initializing...
t=0 addServer() complete
t=0 addServer() complete
t=0 addServer() complete

Running simulation...
** Event #0   t=0   Elapsed: 1.3e-05s (0m 00s)  0% completed  (0% total)
     Speed:     ev/sec=0   simsec/sec=0   ev/simsec=0
     Messages:  created: 11   present: 8   in FES: 5
t=2.179922 executing setDimmer(0.7)
** Event #512   t=2.588766983846   Elapsed: 2.54099s (0m 02s)  0% completed  (0% total)
     Speed:     ev/sec=201.891   simsec/sec=1.01881   ev/simsec=198.164
     Messages:  created: 76   present: 12   in FES: 7
** Event #1024   t=4.981811283766   Elapsed: 4.92711s (0m 04s)  0% completed  (0% total)
     Speed:     ev/sec=214.574   simsec/sec=1.0029   ev/simsec=213.953
     Messages:  created: 139   present: 10   in FES: 6
** Event #1536   t=7.084653144757   Elapsed: 7.02995s (0m 07s)  0% completed  (0% total)
     Speed:     ev/sec=243.481   simsec/sec=1   ev/simsec=243.48
     Messages:  created: 204   present: 11   in FES: 7
** Event #2304   t=9.687583894042   Elapsed: 9.63287s (0m 09s)  0% completed  (0% total)
     Speed:     ev/sec=295.052   simsec/sec=1   ev/simsec=295.052
     Messages:  created: 301   present: 15   in FES: 8
** Event #2816   t=11.702715386857   Elapsed: 11.6845s (0m 11s)  0% completed  (0% total)
     Speed:     ev/sec=249.556   simsec/sec=0.982202   ev/simsec=254.078
     Messages:  created: 364   present: 12   in FES: 7
** Event #3328   t=14.054692580129   Elapsed: 14s (0m 13s)  0% completed  (0% total)
     Speed:     ev/sec=221.122   simsec/sec=1.01577   ev/simsec=217.689
     Messages:  created: 429   present: 15   in FES: 8
** Event #4096   t=16.879250156932   Elapsed: 16.8245s (0m 16s)  0% completed  (0% total)
     Speed:     ev/sec=271.901   simsec/sec=0.999999   ev/simsec=271.901
     Messages:  created: 526   present: 18   in FES: 8
** Event #4864   t=18.933383470358   Elapsed: 18.8787s (0m 18s)  0% completed  (0% total)
     Speed:     ev/sec=373.879   simsec/sec=0.999998   ev/simsec=373.88
     Messages:  created: 621   present: 15   in FES: 8
** Event #5888   t=21.46133507851   Elapsed: 21.42s (0m 21s)  0% completed  (0% total)
     Speed:     ev/sec=402.937   simsec/sec=0.994731   ev/simsec=405.071
     Messages:  created: 760   present: 44   in FES: 7
** Event #6656   t=23.601581048127   Elapsed: 23.5543s (0m 23s)  0% completed  (0% total)
     Speed:     ev/sec=359.846   simsec/sec=1.00281   ev/simsec=358.837
     Messages:  created: 847   present: 20   in FES: 7
** Event #7424   t=26.078156660636   Elapsed: 26.0268s (0m 26s)  0% completed  (0% total)
     Speed:     ev/sec=310.615   simsec/sec=1.00164   ev/simsec=310.106
     Messages:  created: 940   present: 12   in FES: 7
** Event #8192   t=28.637843862439   Elapsed: 28.5924s (0m 28s)  0% completed  (0% total)
     Speed:     ev/sec=299.349   simsec/sec=0.997707   ev/simsec=300.037
     Messages:  created: 1036   present: 12   in FES: 7
** Event #8960   t=31.257777819503   Elapsed: 31.2067s (0m 31s)  0% completed  (0% total)
     Speed:     ev/sec=293.76   simsec/sec=1.00213   ev/simsec=293.137
     Messages:  created: 1132   present: 12   in FES: 6
** Event #9728   t=33.478257743061   Elapsed: 33.4235s (0m 33s)  0% completed  (0% total)
     Speed:     ev/sec=346.443   simsec/sec=1.00165   ev/simsec=345.871
     Messages:  created: 1229   present: 15   in FES: 8
** Event #10240   t=35.71859731199   Elapsed: 35.6639s (0m 35s)  0% completed  (0% total)
     Speed:     ev/sec=228.537   simsec/sec=0.999999   ev/simsec=228.537
     Messages:  created: 1292   present: 11   in FES: 7
** Event #10752   t=38.115221831873   Elapsed: 38.0851s (0m 38s)  0% completed  (0% total)
     Speed:     ev/sec=211.468   simsec/sec=0.989861   ev/simsec=213.634
     Messages:  created: 1356   present: 12   in FES: 6
** Event #11520   t=40.304748558655   Elapsed: 40.2507s (0m 40s)  0% completed  (0% total)
     Speed:     ev/sec=354.622   simsec/sec=1.01101   ev/simsec=350.761
     Messages:  created: 1452   present: 12   in FES: 7
** Event #12288   t=42.30831612034   Elapsed: 42.2536s (0m 42s)  0% completed  (0% total)
     Speed:     ev/sec=383.452   simsec/sec=1.00035   ev/simsec=383.316
     Messages:  created: 1549   present: 14   in FES: 7
** Event #13056   t=44.461185114308   Elapsed: 44.4065s (0m 44s)  0% completed  (0% total)
     Speed:     ev/sec=356.733   simsec/sec=1   ev/simsec=356.733
     Messages:  created: 1648   present: 23   in FES: 8
** Event #13824   t=47.482064271385   Elapsed: 47.4274s (0m 47s)  0% completed  (0% total)
     Speed:     ev/sec=254.23   simsec/sec=0.999999   ev/simsec=254.231
     Messages:  created: 1740   present: 11   in FES: 6
** Event #14592   t=49.875849998136   Elapsed: 49.8211s (0m 49s)  0% completed  (0% total)
     Speed:     ev/sec=320.831   simsec/sec=1   ev/simsec=320.831
     Messages:  created: 1836   present: 11   in FES: 6
** Event #15360   t=52.414075933133   Elapsed: 52.3594s (0m 52s)  0% completed  (0% total)
     Speed:     ev/sec=302.574   simsec/sec=1   ev/simsec=302.574
     Messages:  created: 1934   present: 18   in FES: 8
** Event #16128   t=54.905768307279   Elapsed: 54.8511s (0m 54s)  0% completed  (0% total)
     Speed:     ev/sec=308.224   simsec/sec=0.999999   ev/simsec=308.224
     Messages:  created: 2027   present: 10   in FES: 6
** Event #16896   t=57.811103218491   Elapsed: 57.7564s (0m 57s)  0% completed  (0% total)
     Speed:     ev/sec=264.341   simsec/sec=1   ev/simsec=264.341
     Messages:  created: 2123   present: 10   in FES: 6
** Event #17664   t=60.354692167071   Elapsed: 60.3s (1m 00s)  0% completed  (0% total)
     Speed:     ev/sec=301.936   simsec/sec=1   ev/simsec=301.936
     Messages:  created: 2221   present: 16   in FES: 8
** Event #18176   t=63.649387131768   Elapsed: 63.5947s (1m 03s)  1% completed  (1% total)
     Speed:     ev/sec=155.401   simsec/sec=1   ev/simsec=155.401
     Messages:  created: 2283   present: 10   in FES: 6
** Event #18688   t=66.057110225837   Elapsed: 66.0024s (1m 06s)  1% completed  (1% total)
     Speed:     ev/sec=212.649   simsec/sec=0.999999   ev/simsec=212.649
     Messages:  created: 2347   present: 10   in FES: 6
** Event #19200   t=68.441262655868   Elapsed: 68.3866s (1m 08s)  1% completed  (1% total)
     Speed:     ev/sec=214.751   simsec/sec=1   ev/simsec=214.751
     Messages:  created: 2412   present: 14   in FES: 7
** Event #19968   t=70.961383090004   Elapsed: 70.9151s (1m 10s)  1% completed  (1% total)
     Speed:     ev/sec=303.735   simsec/sec=0.996678   ev/simsec=304.747
     Messages:  created: 2507   present: 11   in FES: 6
** Event #20736   t=73.519893562727   Elapsed: 73.4652s (1m 13s)  1% completed  (1% total)
     Speed:     ev/sec=301.164   simsec/sec=1.00329   ev/simsec=300.175
     Messages:  created: 2603   present: 10   in FES: 6
** Event #21248   t=75.474656256627   Elapsed: 75.4659s (1m 15s)  1% completed  (1% total)
     Speed:     ev/sec=255.905   simsec/sec=0.977018   ev/simsec=261.924
     Messages:  created: 2667   present: 11   in FES: 6
** Event #21760   t=77.512623235393   Elapsed: 77.4678s (1m 17s)  1% completed  (1% total)
     Speed:     ev/sec=255.766   simsec/sec=1.01805   ev/simsec=251.231
     Messages:  created: 2734   present: 19   in FES: 7
** Event #22784   t=80.080749924017   Elapsed: 80.0261s (1m 20s)  1% completed  (1% total)
     Speed:     ev/sec=400.266   simsec/sec=1.00384   ev/simsec=398.734
     Messages:  created: 2864   present: 24   in FES: 7
** Event #23552   t=82.451916366821   Elapsed: 82.3972s (1m 22s)  1% completed  (1% total)
     Speed:     ev/sec=323.893   simsec/sec=1   ev/simsec=323.891
     Messages:  created: 2956   present: 13   in FES: 6
** Event #24320   t=85.130069065524   Elapsed: 85.0754s (1m 25s)  1% completed  (1% total)
     Speed:     ev/sec=286.765   simsec/sec=1   ev/simsec=286.765
     Messages:  created: 3051   present: 10   in FES: 6
** Event #24832   t=87.478301587166   Elapsed: 87.4236s (1m 27s)  1% completed  (1% total)
     Speed:     ev/sec=218.036   simsec/sec=1   ev/simsec=218.036
     Messages:  created: 3116   present: 13   in FES: 7
** Event #25856   t=89.893018736444   Elapsed: 89.8383s (1m 29s)  1% completed  (1% total)
     Speed:     ev/sec=424.066   simsec/sec=1   ev/simsec=424.066
     Messages:  created: 3247   present: 22   in FES: 7
** Event #26624   t=92.503132431693   Elapsed: 92.4484s (1m 32s)  1% completed  (1% total)
     Speed:     ev/sec=294.24   simsec/sec=1   ev/simsec=294.24
     Messages:  created: 3340   present: 13   in FES: 7
** Event #27136   t=95.204719174967   Elapsed: 95.15s (1m 35s)  1% completed  (1% total)
     Speed:     ev/sec=189.518   simsec/sec=1   ev/simsec=189.518
     Messages:  created: 3403   present: 10   in FES: 6
** Event #27648   t=97.617477532806   Elapsed: 97.5627s (1m 37s)  1% completed  (1% total)
     Speed:     ev/sec=212.209   simsec/sec=1.00002   ev/simsec=212.205
     Messages:  created: 3466   present: 9   in FES: 5
** Event #28160   t=100.119378264672   Elapsed: 100.066s (1m 40s)  1% completed  (1% total)
     Speed:     ev/sec=204.507   simsec/sec=0.999329   ev/simsec=204.644
     Messages:  created: 3531   present: 11   in FES: 6
** Event #28672   t=102.739111957361   Elapsed: 102.684s (1m 42s)  1% completed  (1% total)
     Speed:     ev/sec=195.562   simsec/sec=1.00063   ev/simsec=195.44
     Messages:  created: 3596   present: 14   in FES: 8
** Event #29184   t=105.047349802137   Elapsed: 104.993s (1m 44s)  1% completed  (1% total)
     Speed:     ev/sec=221.814   simsec/sec=0.999997   ev/simsec=221.814
     Messages:  created: 3659   present: 10   in FES: 6
** Event #29696   t=107.232339579704   Elapsed: 107.178s (1m 47s)  1% completed  (1% total)
     Speed:     ev/sec=234.326   simsec/sec=1   ev/simsec=234.326
     Messages:  created: 3723   present: 10   in FES: 6
** Event #30208   t=109.53761291262   Elapsed: 109.483s (1m 49s)  1% completed  (1% total)
     Speed:     ev/sec=222.1   simsec/sec=1   ev/simsec=222.099
     Messages:  created: 3787   present: 10   in FES: 6
** Event #30720   t=111.731750517105   Elapsed: 111.677s (1m 51s)  1% completed  (1% total)
     Speed:     ev/sec=233.349   simsec/sec=0.999998   ev/simsec=233.349
     Messages:  created: 3853   present: 16   in FES: 8
** Event #31488   t=113.756086774163   Elapsed: 113.704s (1m 53s)  1% completed  (1% total)
     Speed:     ev/sec=378.8   simsec/sec=0.998461   ev/simsec=379.384
     Messages:  created: 3947   present: 11   in FES: 7
** Event #32000   t=116.568038697893   Elapsed: 116.517s (1m 56s)  1% completed  (1% total)
     Speed:     ev/sec=182.03   simsec/sec=0.999728   ev/simsec=182.08
     Messages:  created: 4011   present: 11   in FES: 7
** Event #32512   t=118.995949363203   Elapsed: 118.941s (1m 58s)  1% completed  (1% total)
     Speed:     ev/sec=211.219   simsec/sec=1.0016   ev/simsec=210.881
     Messages:  created: 4075   present: 10   in FES: 6
** Event #33024   t=121.889334222744   Elapsed: 121.837s (2m 01s)  1% completed  (1% total)
     Speed:     ev/sec=176.811   simsec/sec=0.999186   ev/simsec=176.955
     Messages:  created: 4138   present: 10   in FES: 6
** Event #33536   t=124.851982418581   Elapsed: 124.797s (2m 04s)  1% completed  (1% total)
     Speed:     ev/sec=172.952   simsec/sec=1.00077   ev/simsec=172.818
     Messages:  created: 4202   present: 9   in FES: 5
** Event #34048   t=127.791018411324   Elapsed: 127.736s (2m 07s)  2% completed  (2% total)
     Speed:     ev/sec=174.2   simsec/sec=0.999958   ev/simsec=174.207
     Messages:  created: 4266   present: 9   in FES: 5
** Event #34816   t=130.326956609727   Elapsed: 130.272s (2m 10s)  2% completed  (2% total)
     Speed:     ev/sec=302.869   simsec/sec=1.00007   ev/simsec=302.846
     Messages:  created: 4364   present: 14   in FES: 7
** Event #35328   t=132.888090514916   Elapsed: 132.839s (2m 12s)  2% completed  (2% total)
     Speed:     ev/sec=199.487   simsec/sec=0.997877   ev/simsec=199.911
     Messages:  created: 4426   present: 10   in FES: 6
** Event #35840   t=135.703391913289   Elapsed: 135.651s (2m 15s)  2% completed  (2% total)
     Speed:     ev/sec=182.05   simsec/sec=1.00103   ev/simsec=181.863
     Messages:  created: 4490   present: 10   in FES: 6
** Event #36352   t=137.953329500414   Elapsed: 137.925s (2m 17s)  2% completed  (2% total)
     Speed:     ev/sec=225.218   simsec/sec=0.989702   ev/simsec=227.562
     Messages:  created: 4554   present: 10   in FES: 6
** Event #36864   t=141.452640729348   Elapsed: 141.398s (2m 21s)  2% completed  (2% total)
     Speed:     ev/sec=147.409   simsec/sec=1.00748   ev/simsec=146.315
     Messages:  created: 4619   present: 12   in FES: 7
** Event #37120   t=144.100896164686   Elapsed: 144.085s (2m 24s)  2% completed  (2% total)
     Speed:     ev/sec=95.2559   simsec/sec=0.985398   ev/simsec=96.6674
     Messages:  created: 4650   present: 10   in FES: 6
** Event #37376   t=146.785739039614   Elapsed: 146.732s (2m 26s)  2% completed  (2% total)
     Speed:     ev/sec=96.7243   simsec/sec=1.01441   ev/simsec=95.3501
     Messages:  created: 4682   present: 10   in FES: 6
** Event #37888   t=149.522995020209   Elapsed: 149.475s (2m 29s)  2% completed  (2% total)
     Speed:     ev/sec=186.667   simsec/sec=0.997959   ev/simsec=187.049
     Messages:  created: 4746   present: 10   in FES: 5
** Event #38400   t=152.450916351825   Elapsed: 152.433s (2m 32s)  2% completed  (2% total)
     Speed:     ev/sec=173.065   simsec/sec=0.989687   ev/simsec=174.868
     Messages:  created: 4810   present: 10   in FES: 6
** Event #38656   t=154.599161946235   Elapsed: 154.55s (2m 34s)  2% completed  (2% total)
     Speed:     ev/sec=120.931   simsec/sec=1.0148   ev/simsec=119.167
     Messages:  created: 4842   present: 10   in FES: 6
** Event #39424   t=156.806644084961   Elapsed: 156.755s (2m 36s)  2% completed  (2% total)
     Speed:     ev/sec=348.276   simsec/sec=1.00106   ev/simsec=347.908
     Messages:  created: 4947   present: 34   in FES: 7
** Event #40192   t=160.114993456534   Elapsed: 160.062s (2m 40s)  2% completed  (2% total)
     Speed:     ev/sec=232.275   simsec/sec=1.00058   ev/simsec=232.14
     Messages:  created: 5034   present: 10   in FES: 6
** Event #40960   t=162.210195484785   Elapsed: 162.155s (2m 42s)  2% completed  (2% total)
     Speed:     ev/sec=366.833   simsec/sec=1.00077   ev/simsec=366.552
     Messages:  created: 5131   present: 13   in FES: 7
** Event #41472   t=164.748405113142   Elapsed: 164.694s (2m 44s)  2% completed  (2% total)
     Speed:     ev/sec=201.717   simsec/sec=1   ev/simsec=201.717
     Messages:  created: 5194   present: 9   in FES: 5
** Event #41984   t=166.82715509711   Elapsed: 166.774s (2m 46s)  2% completed  (2% total)
     Speed:     ev/sec=246.061   simsec/sec=0.999023   ev/simsec=246.302
     Messages:  created: 5258   present: 10   in FES: 6
** Event #42496   t=168.919873653959   Elapsed: 168.866s (2m 48s)  2% completed  (2% total)
     Speed:     ev/sec=244.785   simsec/sec=1.00052   ev/simsec=244.658
     Messages:  created: 5322   present: 10   in FES: 6
** Event #43264   t=172.028926630771   Elapsed: 171.976s (2m 51s)  2% completed  (2% total)
     Speed:     ev/sec=246.993   simsec/sec=0.99989   ev/simsec=247.021
     Messages:  created: 5418   present: 10   in FES: 6
** Event #44032   t=174.523858908486   Elapsed: 174.481s (2m 54s)  2% completed  (2% total)
     Speed:     ev/sec=306.473   simsec/sec=0.99561   ev/simsec=307.824
     Messages:  created: 5514   present: 10   in FES: 6
** Event #44544   t=176.914951383575   Elapsed: 176.862s (2m 56s)  2% completed  (2% total)
     Speed:     ev/sec=215.115   simsec/sec=1.00461   ev/simsec=214.128
     Messages:  created: 5578   present: 10   in FES: 6
** Event #45312   t=179.602031265775   Elapsed: 179.602s (2m 59s)  2% completed  (2% total)
     Speed:     ev/sec=280.274   simsec/sec=0.980622   ev/simsec=285.812
     Messages:  created: 5674   present: 10   in FES: 6
** Event #46080   t=182.010237241067   Elapsed: 181.956s (3m 01s)  2% completed  (2% total)
     Speed:     ev/sec=326.281   simsec/sec=1.02311   ev/simsec=318.91
     Messages:  created: 5770   present: 12   in FES: 7
** Event #46848   t=184.240029722258   Elapsed: 184.185s (3m 04s)  2% completed  (2% total)
     Speed:     ev/sec=344.427   simsec/sec=1   ev/simsec=344.427
     Messages:  created: 5866   present: 11   in FES: 7
** Event #47872   t=186.64419783977   Elapsed: 186.589s (3m 06s)  2% completed  (2% total)
     Speed:     ev/sec=425.927   simsec/sec=1   ev/simsec=425.927
     Messages:  created: 5995   present: 15   in FES: 8
** Event #48896   t=189.316877095001   Elapsed: 189.262s (3m 09s)  3% completed  (3% total)
     Speed:     ev/sec=383.136   simsec/sec=0.999999   ev/simsec=383.136
     Messages:  created: 6122   present: 11   in FES: 7
** Event #49408   t=191.972424200438   Elapsed: 191.918s (3m 11s)  3% completed  (3% total)
     Speed:     ev/sec=192.804   simsec/sec=1   ev/simsec=192.804
     Messages:  created: 6187   present: 15   in FES: 8
** Event #49920   t=194.369827398751   Elapsed: 194.317s (3m 14s)  3% completed  (3% total)
     Speed:     ev/sec=213.438   simsec/sec=0.999406   ev/simsec=213.564
     Messages:  created: 6249   present: 9   in FES: 5
** Event #50688   t=197.193966969704   Elapsed: 197.139s (3m 17s)  3% completed  (3% total)
     Speed:     ev/sec=272.079   simsec/sec=1.00051   ev/simsec=271.941
     Messages:  created: 6346   present: 12   in FES: 8
** Event #51712   t=199.51021589498   Elapsed: 199.456s (3m 19s)  3% completed  (3% total)
     Speed:     ev/sec=442.094   simsec/sec=1   ev/simsec=442.094
     Messages:  created: 6479   present: 24   in FES: 8
** Event #52224   t=201.895647267849   Elapsed: 201.886s (3m 21s)  3% completed  (3% total)
     Speed:     ev/sec=210.64   simsec/sec=0.981384   ev/simsec=214.636
     Messages:  created: 6537   present: 9   in FES: 5
** Event #52736   t=204.725876661795   Elapsed: 204.696s (3m 24s)  3% completed  (3% total)
     Speed:     ev/sec=182.221   simsec/sec=1.00728   ev/simsec=180.904
     Messages:  created: 6601   present: 9   in FES: 5
** Event #53248   t=207.236601729605   Elapsed: 207.182s (3m 27s)  3% completed  (3% total)
     Speed:     ev/sec=205.924   simsec/sec=1.0098   ev/simsec=203.925
     Messages:  created: 6665   present: 9   in FES: 5
** Event #53760   t=209.397848136419   Elapsed: 209.366s (3m 29s)  3% completed  (3% total)
     Speed:     ev/sec=234.419   simsec/sec=0.989528   ev/simsec=236.9
     Messages:  created: 6729   present: 9   in FES: 5
** Event #54528   t=211.908531180791   Elapsed: 211.854s (3m 31s)  3% completed  (3% total)
     Speed:     ev/sec=308.758   simsec/sec=1.00937   ev/simsec=305.893
     Messages:  created: 6827   present: 13   in FES: 8
** Event #55552   t=214.774551573086   Elapsed: 214.742s (3m 34s)  3% completed  (3% total)
     Speed:     ev/sec=354.577   simsec/sec=0.992407   ev/simsec=357.29
     Messages:  created: 6953   present: 9   in FES: 5
** Event #56064   t=217.023560840557   Elapsed: 217.028s (3m 37s)  3% completed  (3% total)
     Speed:     ev/sec=223.94   simsec/sec=0.983678   ev/simsec=227.656
     Messages:  created: 7017   present: 9   in FES: 5
** Event #56832   t=219.160571187221   Elapsed: 219.106s (3m 39s)  3% completed  (3% total)
     Speed:     ev/sec=369.628   simsec/sec=1.02851   ev/simsec=359.381
     Messages:  created: 7115   present: 15   in FES: 8
** Event #57344   t=221.563951840457   Elapsed: 221.509s (3m 41s)  3% completed  (3% total)
     Speed:     ev/sec=213.033   simsec/sec=1   ev/simsec=213.033
     Messages:  created: 7179   present: 15   in FES: 8
** Event #58112   t=224.343371295149   Elapsed: 224.289s (3m 44s)  3% completed  (3% total)
     Speed:     ev/sec=276.317   simsec/sec=0.999999   ev/simsec=276.317
     Messages:  created: 7274   present: 11   in FES: 7
** Event #58880   t=226.890491297042   Elapsed: 226.861s (3m 46s)  3% completed  (3% total)
     Speed:     ev/sec=298.596   simsec/sec=0.990313   ev/simsec=301.517
     Messages:  created: 7369   present: 9   in FES: 5
** Event #59648   t=229.56462746659   Elapsed: 229.51s (3m 49s)  3% completed  (3% total)
     Speed:     ev/sec=289.897   simsec/sec=1.00941   ev/simsec=287.196
     Messages:  created: 7466   present: 11   in FES: 7
** Event #60416   t=231.858935619157   Elapsed: 231.841s (3m 51s)  3% completed  (3% total)
     Speed:     ev/sec=329.4   simsec/sec=0.984043   ev/simsec=334.741
     Messages:  created: 7561   present: 9   in FES: 5
** Event #60928   t=234.145886663909   Elapsed: 234.091s (3m 54s)  3% completed  (3% total)
     Speed:     ev/sec=227.581   simsec/sec=1.01654   ev/simsec=223.879
     Messages:  created: 7626   present: 11   in FES: 7
** Event #61440   t=236.566360653449   Elapsed: 236.525s (3m 56s)  3% completed  (3% total)
     Speed:     ev/sec=210.392   simsec/sec=0.994624   ev/simsec=211.529
     Messages:  created: 7689   present: 9   in FES: 5
** Event #61952   t=238.63389114394   Elapsed: 238.584s (3m 58s)  3% completed  (3% total)
     Speed:     ev/sec=248.577   simsec/sec=1.00379   ev/simsec=247.638
     Messages:  created: 7753   present: 9   in FES: 5
** Event #62464   t=241.764250952386   Elapsed: 241.71s (4m 01s)  3% completed  (3% total)
     Speed:     ev/sec=163.836   simsec/sec=1.00169   ev/simsec=163.559
     Messages:  created: 7817   present: 11   in FES: 7
t=241.943512 executing setDimmer(0.9)
** Event #63232   t=243.785925052   Elapsed: 243.741s (4m 03s)  3% completed  (3% total)
     Speed:     ev/sec=377.963   simsec/sec=0.994944   ev/simsec=379.883
     Messages:  created: 7922   present: 35   in FES: 7
** Event #64000   t=246.265732863111   Elapsed: 246.211s (4m 06s)  3% completed  (3% total)
     Speed:     ev/sec=310.99   simsec/sec=1.00416   ev/simsec=309.701
     Messages:  created: 8016   present: 29   in FES: 8
** Event #64768   t=249.261398747792   Elapsed: 249.207s (4m 09s)  3% completed  (3% total)
     Speed:     ev/sec=256.37   simsec/sec=1   ev/simsec=256.37
     Messages:  created: 8106   present: 13   in FES: 7
** Event #65280   t=251.375630129881   Elapsed: 251.321s (4m 11s)  3% completed  (3% total)
     Speed:     ev/sec=242.168   simsec/sec=1   ev/simsec=242.168
     Messages:  created: 8169   present: 10   in FES: 6
** Event #66048   t=253.985391163869   Elapsed: 253.931s (4m 13s)  4% completed  (4% total)
     Speed:     ev/sec=294.28   simsec/sec=1   ev/simsec=294.28
     Messages:  created: 8266   present: 14   in FES: 8
** Event #66816   t=256.01956675966   Elapsed: 255.973s (4m 15s)  4% completed  (4% total)
     Speed:     ev/sec=376.072   simsec/sec=0.996089   ev/simsec=377.549
     Messages:  created: 8361   present: 11   in FES: 6
** Event #67584   t=259.022431107204   Elapsed: 258.988s (4m 18s)  4% completed  (4% total)
     Speed:     ev/sec=254.687   simsec/sec=0.995819   ev/simsec=255.756
     Messages:  created: 8457   present: 11   in FES: 6
** Event #68096   t=261.459850636447   Elapsed: 261.405s (4m 21s)  4% completed  (4% total)
     Speed:     ev/sec=211.848   simsec/sec=1.00852   ev/simsec=210.058
     Messages:  created: 8521   present: 10   in FES: 6
** Event #68864   t=264.381818170877   Elapsed: 264.327s (4m 24s)  4% completed  (4% total)
     Speed:     ev/sec=262.836   simsec/sec=0.999999   ev/simsec=262.837
     Messages:  created: 8618   present: 13   in FES: 6
** Event #69376   t=267.44511021611   Elapsed: 267.39s (4m 27s)  4% completed  (4% total)
     Speed:     ev/sec=167.141   simsec/sec=1   ev/simsec=167.14
     Messages:  created: 8680   present: 9   in FES: 5
** Event #69888   t=270.987763530685   Elapsed: 270.933s (4m 30s)  4% completed  (4% total)
     Speed:     ev/sec=144.524   simsec/sec=1   ev/simsec=144.524
     Messages:  created: 8745   present: 10   in FES: 6
** Event #70400   t=274.902923463704   Elapsed: 274.874s (4m 34s)  4% completed  (4% total)
     Speed:     ev/sec=129.904   simsec/sec=0.993353   ev/simsec=130.774
     Messages:  created: 8809   present: 11   in FES: 6
** Event #70912   t=277.179062918545   Elapsed: 277.141s (4m 37s)  4% completed  (4% total)
     Speed:     ev/sec=225.927   simsec/sec=1.00438   ev/simsec=224.942
     Messages:  created: 8873   present: 11   in FES: 6
** Event #71424   t=279.872897018905   Elapsed: 279.818s (4m 39s)  4% completed  (4% total)
     Speed:     ev/sec=191.219   simsec/sec=1.00608   ev/simsec=190.064
     Messages:  created: 8937   present: 10   in FES: 6
** Event #71936   t=282.41370975801   Elapsed: 282.378s (4m 42s)  4% completed  (4% total)
     Speed:     ev/sec=200.045   simsec/sec=0.992727   ev/simsec=201.51
     Messages:  created: 9001   present: 11   in FES: 7
** Event #72448   t=285.451414526882   Elapsed: 285.397s (4m 45s)  4% completed  (4% total)
     Speed:     ev/sec=169.577   simsec/sec=1.00611   ev/simsec=168.548
     Messages:  created: 9065   present: 11   in FES: 5
** Event #72960   t=288.81567591835   Elapsed: 288.761s (4m 48s)  4% completed  (4% total)
     Speed:     ev/sec=152.196   simsec/sec=1.00005   ev/simsec=152.188
     Messages:  created: 9129   present: 10   in FES: 6
** Event #73728   t=291.871830344864   Elapsed: 291.817s (4m 51s)  4% completed  (4% total)
     Speed:     ev/sec=251.296   simsec/sec=1   ev/simsec=251.296
     Messages:  created: 9225   present: 10   in FES: 6
** Event #74240   t=293.987460161903   Elapsed: 293.933s (4m 53s)  4% completed  (4% total)
     Speed:     ev/sec=242.008   simsec/sec=0.999999   ev/simsec=242.008
     Messages:  created: 9291   present: 16   in FES: 8
** Event #75008   t=296.857567152445   Elapsed: 296.803s (4m 56s)  4% completed  (4% total)
     Speed:     ev/sec=267.586   simsec/sec=1   ev/simsec=267.586
     Messages:  created: 9385   present: 10   in FES: 6
** Event #75520   t=300   Elapsed: 299.945s (4m 59s)  4% completed  (4% total)
     Speed:     ev/sec=162.929   simsec/sec=0.999986   ev/simsec=162.931
     Messages:  created: 9448   present: 9   in FES: 5
** Event #75776   t=302.360608101054   Elapsed: 302.306s (5m 02s)  4% completed  (4% total)
     Speed:     ev/sec=108.447   simsec/sec=1.00001   ev/simsec=108.447
     Messages:  created: 9480   present: 9   in FES: 5
** Event #76032   t=304.763089391435   Elapsed: 304.708s (5m 04s)  4% completed  (4% total)
     Speed:     ev/sec=106.557   simsec/sec=1.00001   ev/simsec=106.557
     Messages:  created: 9512   present: 9   in FES: 5
** Event #76544   t=307.894073956438   Elapsed: 307.841s (5m 07s)  4% completed  (4% total)
     Speed:     ev/sec=163.451   simsec/sec=0.999536   ev/simsec=163.527
     Messages:  created: 9576   present: 10   in FES: 6
** Event #77056   t=310.664841215238   Elapsed: 310.61s (5m 10s)  4% completed  (4% total)
     Speed:     ev/sec=184.884   simsec/sec=1.00053   ev/simsec=184.786
     Messages:  created: 9640   present: 10   in FES: 6
** Event #77568   t=313.521076543979   Elapsed: 313.47s (5m 13s)  4% completed  (4% total)
     Speed:     ev/sec=179.032   simsec/sec=0.998745   ev/simsec=179.257
     Messages:  created: 9704   present: 10   in FES: 6
** Event #78080   t=316.679349457268   Elapsed: 316.627s (5m 16s)  5% completed  (5% total)
     Speed:     ev/sec=162.173   simsec/sec=1.00036   ev/simsec=162.114
     Messages:  created: 9768   present: 10   in FES: 6
** Event #78592   t=319.105238602148   Elapsed: 319.077s (5m 19s)  5% completed  (5% total)
     Speed:     ev/sec=208.945   simsec/sec=0.989995   ev/simsec=211.057
     Messages:  created: 9832   present: 10   in FES: 6
** Event #78848   t=321.423629048189   Elapsed: 321.375s (5m 21s)  5% completed  (5% total)
     Speed:     ev/sec=111.435   simsec/sec=1.00918   ev/simsec=110.421
     Messages:  created: 9864   present: 10   in FES: 6
** Event #79616   t=324.625831870484   Elapsed: 324.629s (5m 24s)  5% completed  (5% total)
     Speed:     ev/sec=236.003   simsec/sec=0.984022   ev/simsec=239.835
     Messages:  created: 9960   present: 10   in FES: 5
** Event #80128   t=327.328648554664   Elapsed: 327.274s (5m 27s)  5% completed  (5% total)
     Speed:     ev/sec=193.577   simsec/sec=1.02188   ev/simsec=189.432
     Messages:  created: 10026   present: 14   in FES: 8
** Event #80640   t=330.115213179843   Elapsed: 330.087s (5m 30s)  5% completed  (5% total)
     Speed:     ev/sec=182.009   simsec/sec=0.990586   ev/simsec=183.739
     Messages:  created: 10088   present: 10   in FES: 6
** Event #81408   t=332.283105915068   Elapsed: 332.269s (5m 32s)  5% completed  (5% total)
     Speed:     ev/sec=352.004   simsec/sec=0.993629   ev/simsec=354.261
     Messages:  created: 10184   present: 10   in FES: 5
** Event #81920   t=334.384999684573   Elapsed: 334.332s (5m 34s)  5% completed  (5% total)
     Speed:     ev/sec=248.123   simsec/sec=1.01861   ev/simsec=243.59
     Messages:  created: 10248   present: 10   in FES: 5
** Event #82432   t=337.195440124679   Elapsed: 337.141s (5m 37s)  5% completed  (5% total)
     Speed:     ev/sec=182.306   simsec/sec=1.0007   ev/simsec=182.178
     Messages:  created: 10312   present: 9   in FES: 5
** Event #82944   t=339.690371959087   Elapsed: 339.636s (5m 39s)  5% completed  (5% total)
     Speed:     ev/sec=205.159   simsec/sec=0.999723   ev/simsec=205.216
     Messages:  created: 10376   present: 10   in FES: 6
** Event #83456   t=342.848173823226   Elapsed: 342.804s (5m 42s)  5% completed  (5% total)
     Speed:     ev/sec=161.643   simsec/sec=0.996945   ev/simsec=162.138
     Messages:  created: 10440   present: 10   in FES: 6
** Event #83968   t=345.9509966905   Elapsed: 345.909s (5m 45s)  5% completed  (5% total)
     Speed:     ev/sec=164.867   simsec/sec=0.999125   ev/simsec=165.011
     Messages:  created: 10504   present: 10   in FES: 5
** Event #84224   t=348.240160640231   Elapsed: 348.186s (5m 48s)  5% completed  (5% total)
     Speed:     ev/sec=112.471   simsec/sec=1.00572   ev/simsec=111.831
     Messages:  created: 10536   present: 9   in FES: 5
** Event #84736   t=350.518857505634   Elapsed: 350.465s (5m 50s)  5% completed  (5% total)
     Speed:     ev/sec=224.564   simsec/sec=0.999442   ev/simsec=224.69
     Messages:  created: 10600   present: 10   in FES: 6
** Event #84992   t=352.689905193057   Elapsed: 352.635s (5m 52s)  5% completed  (5% total)
     Speed:     ev/sec=117.988   simsec/sec=1.00062   ev/simsec=117.915
     Messages:  created: 10632   present: 9   in FES: 5
** Event #85504   t=356.466138890247   Elapsed: 356.414s (5m 56s)  5% completed  (5% total)
     Speed:     ev/sec=135.507   simsec/sec=0.999424   ev/simsec=135.585
     Messages:  created: 10696   present: 10   in FES: 6
** Event #86016   t=359.016788308565   Elapsed: 358.962s (5m 58s)  5% completed  (5% total)
     Speed:     ev/sec=200.905   simsec/sec=1.00085   ev/simsec=200.733
     Messages:  created: 10761   present: 12   in FES: 7
** Event #86784   t=361.539074975045   Elapsed: 361.485s (6m 01s)  5% completed  (5% total)
     Speed:     ev/sec=304.4   simsec/sec=0.99972   ev/simsec=304.486
     Messages:  created: 10855   present: 9   in FES: 5
** Event #87296   t=363.744706738195   Elapsed: 363.69s (6m 03s)  5% completed  (5% total)
     Speed:     ev/sec=232.212   simsec/sec=1.00034   ev/simsec=232.133
     Messages:  created: 10920   present: 11   in FES: 7
** Event #88064   t=366.640482873606   Elapsed: 366.586s (6m 06s)  5% completed  (5% total)
     Speed:     ev/sec=265.21   simsec/sec=0.999985   ev/simsec=265.214
     Messages:  created: 11017   present: 13   in FES: 8
** Event #88576   t=368.763307684141   Elapsed: 368.776s (6m 08s)  5% completed  (5% total)
     Speed:     ev/sec=233.795   simsec/sec=0.969349   ev/simsec=241.188
     Messages:  created: 11079   present: 9   in FES: 5
** Event #89088   t=371.191094891916   Elapsed: 371.136s (6m 11s)  5% completed  (5% total)
     Speed:     ev/sec=216.888   simsec/sec=1.02844   ev/simsec=210.892
     Messages:  created: 11144   present: 11   in FES: 7
** Event #89600   t=373.504660636985   Elapsed: 373.512s (6m 13s)  5% completed  (5% total)
     Speed:     ev/sec=215.484   simsec/sec=0.973702   ev/simsec=221.303
     Messages:  created: 11207   present: 9   in FES: 5
** Event #89856   t=375.819511920681   Elapsed: 375.798s (6m 15s)  5% completed  (5% total)
     Speed:     ev/sec=111.998   simsec/sec=1.01273   ev/simsec=110.59
     Messages:  created: 11239   present: 9   in FES: 5
** Event #90112   t=378.098208148659   Elapsed: 378.047s (6m 18s)  6% completed  (6% total)
     Speed:     ev/sec=113.815   simsec/sec=1.01309   ev/simsec=112.345
     Messages:  created: 11271   present: 9   in FES: 5
** Event #90368   t=380.228868475034   Elapsed: 380.184s (6m 20s)  6% completed  (6% total)
     Speed:     ev/sec=119.824   simsec/sec=0.997282   ev/simsec=120.151
     Messages:  created: 11303   present: 9   in FES: 5
** Event #90880   t=382.829779254122   Elapsed: 382.833s (6m 22s)  6% completed  (6% total)
     Speed:     ev/sec=193.265   simsec/sec=0.981768   ev/simsec=196.854
     Messages:  created: 11367   present: 9   in FES: 5
** Event #91648   t=385.475639704614   Elapsed: 385.421s (6m 25s)  6% completed  (6% total)
     Speed:     ev/sec=296.777   simsec/sec=1.02244   ev/simsec=290.265
     Messages:  created: 11464   present: 12   in FES: 7
** Event #92160   t=388.804373961255   Elapsed: 388.77s (6m 28s)  6% completed  (6% total)
     Speed:     ev/sec=152.861   simsec/sec=0.993817   ev/simsec=153.812
     Messages:  created: 11527   present: 9   in FES: 5
** Event #92672   t=391.977085408345   Elapsed: 391.923s (6m 31s)  6% completed  (6% total)
     Speed:     ev/sec=162.402   simsec/sec=1.00636   ev/simsec=161.376
     Messages:  created: 11591   present: 9   in FES: 5
** Event #93184   t=395.413795872376   Elapsed: 395.359s (6m 35s)  6% completed  (6% total)
     Speed:     ev/sec=149.008   simsec/sec=1.00019   ev/simsec=148.98
     Messages:  created: 11656   present: 11   in FES: 7
** Event #93696   t=398.669824822265   Elapsed: 398.615s (6m 38s)  6% completed  (6% total)
     Speed:     ev/sec=157.247   simsec/sec=1   ev/simsec=157.247
     Messages:  created: 11720   present: 11   in FES: 7
** Event #94208   t=401.474720727914   Elapsed: 401.436s (6m 41s)  6% completed  (6% total)
     Speed:     ev/sec=181.492   simsec/sec=0.994267   ev/simsec=182.538
     Messages:  created: 11783   present: 9   in FES: 5
** Event #94720   t=403.690771809064   Elapsed: 403.636s (6m 43s)  6% completed  (6% total)
     Speed:     ev/sec=232.74   simsec/sec=1.00735   ev/simsec=231.042
     Messages:  created: 11848   present: 11   in FES: 7
** Event #95232   t=406.901956050407   Elapsed: 406.901s (6m 46s)  6% completed  (6% total)
     Speed:     ev/sec=156.817   simsec/sec=0.983533   ev/simsec=159.443
     Messages:  created: 11911   present: 9   in FES: 5
** Event #95744   t=409.466507222579   Elapsed: 409.43s (6m 49s)  6% completed  (6% total)
     Speed:     ev/sec=202.467   simsec/sec=1.01413   ev/simsec=199.645
     Messages:  created: 11975   present: 9   in FES: 5
** Event #96512   t=411.864005457313   Elapsed: 411.811s (6m 51s)  6% completed  (6% total)
     Speed:     ev/sec=322.533   simsec/sec=1.00686   ev/simsec=320.334
     Messages:  created: 12071   present: 9   in FES: 5
** Event #97024   t=414.048706926812   Elapsed: 414.008s (6m 54s)  6% completed  (6% total)
     Speed:     ev/sec=233.002   simsec/sec=0.994217   ev/simsec=234.357
     Messages:  created: 12135   present: 9   in FES: 5
** Event #98048   t=417.060612843204   Elapsed: 417.031s (6m 57s)  6% completed  (6% total)
     Speed:     ev/sec=338.732   simsec/sec=0.996318   ev/simsec=339.984
     Messages:  created: 12263   present: 9   in FES: 5
** Event #98560   t=419.160243082607   Elapsed: 419.106s (6m 59s)  6% completed  (6% total)
     Speed:     ev/sec=246.851   simsec/sec=1.0123   ev/simsec=243.852
     Messages:  created: 12329   present: 15   in FES: 7
** Event #99584   t=422.006953921131   Elapsed: 421.952s (7m 01s)  6% completed  (6% total)
     Speed:     ev/sec=359.714   simsec/sec=1   ev/simsec=359.713
     Messages:  created: 12457   present: 15   in FES: 8
** Event #100096   t=424.660445484045   Elapsed: 424.606s (7m 04s)  6% completed  (6% total)
     Speed:     ev/sec=192.953   simsec/sec=1   ev/simsec=192.953
     Messages:  created: 12520   present: 12   in FES: 8
** Event #100608   t=427.350347275479   Elapsed: 427.296s (7m 07s)  6% completed  (6% total)
     Speed:     ev/sec=190.341   simsec/sec=0.999999   ev/simsec=190.342
     Messages:  created: 12584   present: 12   in FES: 8
** Event #101120   t=430.837112989434   Elapsed: 430.782s (7m 10s)  6% completed  (6% total)
     Speed:     ev/sec=146.841   simsec/sec=1   ev/simsec=146.841
     Messages:  created: 12647   present: 11   in FES: 7
** Event #101632   t=432.911277661302   Elapsed: 432.864s (7m 12s)  6% completed  (6% total)
     Speed:     ev/sec=245.989   simsec/sec=0.996525   ev/simsec=246.846
     Messages:  created: 12710   present: 8   in FES: 4
** Event #102144   t=434.91751803527   Elapsed: 434.905s (7m 14s)  6% completed  (6% total)
     Speed:     ev/sec=250.792   simsec/sec=0.982713   ev/simsec=255.204
     Messages:  created: 12774   present: 8   in FES: 4
** Event #102656   t=437.060533184738   Elapsed: 437.006s (7m 17s)  6% completed  (6% total)
     Speed:     ev/sec=243.753   simsec/sec=1.02025   ev/simsec=238.916
     Messages:  created: 12839   present: 10   in FES: 6
** Event #103168   t=439.875670629739   Elapsed: 439.821s (7m 19s)  6% completed  (6% total)
     Speed:     ev/sec=181.874   simsec/sec=1   ev/simsec=181.874
     Messages:  created: 12903   present: 11   in FES: 7
** Event #103680   t=442.432342146886   Elapsed: 442.378s (7m 22s)  7% completed  (7% total)
     Speed:     ev/sec=200.26   simsec/sec=1   ev/simsec=200.26
     Messages:  created: 12968   present: 12   in FES: 7
** Event #104192   t=445.204135242787   Elapsed: 445.149s (7m 25s)  7% completed  (7% total)
     Speed:     ev/sec=184.718   simsec/sec=0.999999   ev/simsec=184.718
     Messages:  created: 13031   present: 10   in FES: 6
** Event #104704   t=447.391281611297   Elapsed: 447.337s (7m 27s)  7% completed  (7% total)
     Speed:     ev/sec=234.091   simsec/sec=0.999984   ev/simsec=234.095
     Messages:  created: 13095   present: 10   in FES: 6
** Event #105472   t=450.020606337944   Elapsed: 449.966s (7m 29s)  7% completed  (7% total)
     Speed:     ev/sec=292.094   simsec/sec=1.00001   ev/simsec=292.09
     Messages:  created: 13191   present: 10   in FES: 6
** Event #105984   t=452.281393998792   Elapsed: 452.249s (7m 32s)  7% completed  (7% total)
     Speed:     ev/sec=224.227   simsec/sec=0.990095   ev/simsec=226.47
     Messages:  created: 13254   present: 8   in FES: 4
** Event #106496   t=455.263825392752   Elapsed: 455.209s (7m 35s)  7% completed  (7% total)
     Speed:     ev/sec=172.984   simsec/sec=1.00764   ev/simsec=171.672
     Messages:  created: 13319   present: 11   in FES: 7
** Event #107008   t=457.8482330066   Elapsed: 457.796s (7m 37s)  7% completed  (7% total)
     Speed:     ev/sec=197.883   simsec/sec=0.998849   ev/simsec=198.111
     Messages:  created: 13382   present: 8   in FES: 4
** Event #107520   t=461.56405714715   Elapsed: 461.608s (7m 41s)  7% completed  (7% total)
     Speed:     ev/sec=134.326   simsec/sec=0.974869   ev/simsec=137.789
     Messages:  created: 13446   present: 8   in FES: 4
** Event #107776   t=464.242090341468   Elapsed: 464.204s (7m 44s)  7% completed  (7% total)
     Speed:     ev/sec=98.616   simsec/sec=1.03163   ev/simsec=95.5925
     Messages:  created: 13478   present: 8   in FES: 4
** Event #108288   t=467.925044018972   Elapsed: 467.881s (7m 47s)  7% completed  (7% total)
     Speed:     ev/sec=139.245   simsec/sec=1.00163   ev/simsec=139.019
     Messages:  created: 13542   present: 8   in FES: 4
** Event #108544   t=470.103850221877   Elapsed: 470.049s (7m 50s)  7% completed  (7% total)
     Speed:     ev/sec=118.074   simsec/sec=1.00492   ev/simsec=117.496
     Messages:  created: 13575   present: 10   in FES: 6
** Event #109056   t=473.01045974507   Elapsed: 472.956s (7m 52s)  7% completed  (7% total)
     Speed:     ev/sec=176.15   simsec/sec=1   ev/simsec=176.15
     Messages:  created: 13640   present: 12   in FES: 8
** Event #109568   t=476.010502276919   Elapsed: 475.992s (7m 55s)  7% completed  (7% total)
     Speed:     ev/sec=168.627   simsec/sec=0.988061   ev/simsec=170.664
     Messages:  created: 13702   present: 8   in FES: 4
** Event #110080   t=479.368514403003   Elapsed: 479.314s (7m 59s)  7% completed  (7% total)
     Speed:     ev/sec=154.135   simsec/sec=1.01091   ev/simsec=152.471
     Messages:  created: 13767   present: 11   in FES: 7
** Event #110848   t=483.255858561124   Elapsed: 483.201s (8m 03s)  7% completed  (7% total)
     Speed:     ev/sec=197.559   simsec/sec=0.999971   ev/simsec=197.564
     Messages:  created: 13862   present: 9   in FES: 5
** Event #111360   t=487.446747120751   Elapsed: 487.392s (8m 07s)  7% completed  (7% total)
     Speed:     ev/sec=122.173   simsec/sec=1.00003   ev/simsec=122.17
     Messages:  created: 13926   present: 9   in FES: 5
** Event #111872   t=490.509586794924   Elapsed: 490.455s (8m 10s)  7% completed  (7% total)
     Speed:     ev/sec=167.164   simsec/sec=0.999995   ev/simsec=167.165
     Messages:  created: 13990   present: 9   in FES: 5
** Event #112640   t=493.50934253748   Elapsed: 493.455s (8m 13s)  7% completed  (7% total)
     Speed:     ev/sec=256.022   simsec/sec=1.00001   ev/simsec=256.021
     Messages:  created: 14087   present: 12   in FES: 8
** Event #113408   t=496.593182712265   Elapsed: 496.538s (8m 16s)  7% completed  (7% total)
     Speed:     ev/sec=249.04   simsec/sec=1   ev/simsec=249.04
     Messages:  created: 14183   present: 13   in FES: 7
** Event #113920   t=499.694343508038   Elapsed: 499.64s (8m 19s)  7% completed  (7% total)
     Speed:     ev/sec=165.099   simsec/sec=1   ev/simsec=165.099
     Messages:  created: 14246   present: 10   in FES: 6
** Event #114432   t=502.650079878148   Elapsed: 502.595s (8m 22s)  7% completed  (7% total)
     Speed:     ev/sec=173.223   simsec/sec=1   ev/simsec=173.222
     Messages:  created: 14311   present: 11   in FES: 7
** Event #114944   t=506.024457343212   Elapsed: 505.97s (8m 25s)  8% completed  (8% total)
     Speed:     ev/sec=151.732   simsec/sec=0.999999   ev/simsec=151.732
     Messages:  created: 14375   present: 12   in FES: 8
** Event #115200   t=508.554970242291   Elapsed: 508.5s (8m 28s)  8% completed  (8% total)
     Speed:     ev/sec=101.165   simsec/sec=1   ev/simsec=101.165
     Messages:  created: 14406   present: 9   in FES: 5
** Event #115712   t=511.208852031149   Elapsed: 511.154s (8m 31s)  8% completed  (8% total)
     Speed:     ev/sec=192.925   simsec/sec=1   ev/simsec=192.925
     Messages:  created: 14471   present: 12   in FES: 8
** Event #116480   t=513.610940305339   Elapsed: 513.556s (8m 33s)  8% completed  (8% total)
     Speed:     ev/sec=319.722   simsec/sec=1   ev/simsec=319.722
     Messages:  created: 14566   present: 9   in FES: 5
** Event #116992   t=516.044212016074   Elapsed: 515.99s (8m 35s)  8% completed  (8% total)
     Speed:     ev/sec=210.416   simsec/sec=0.999998   ev/simsec=210.416
     Messages:  created: 14630   present: 9   in FES: 5
** Event #117504   t=518.50342646359   Elapsed: 518.449s (8m 38s)  8% completed  (8% total)
     Speed:     ev/sec=208.197   simsec/sec=1   ev/simsec=208.197
     Messages:  created: 14694   present: 9   in FES: 5
** Event #118016   t=520.991564022122   Elapsed: 520.937s (8m 40s)  8% completed  (8% total)
     Speed:     ev/sec=205.776   simsec/sec=0.999999   ev/simsec=205.776
     Messages:  created: 14758   present: 9   in FES: 5
** Event #118528   t=523.293122354969   Elapsed: 523.238s (8m 43s)  8% completed  (8% total)
     Speed:     ev/sec=222.458   simsec/sec=1   ev/simsec=222.458
     Messages:  created: 14822   present: 10   in FES: 6
** Event #119040   t=525.625499808107   Elapsed: 525.571s (8m 45s)  8% completed  (8% total)
     Speed:     ev/sec=219.519   simsec/sec=1   ev/simsec=219.519
     Messages:  created: 14886   present: 10   in FES: 6
** Event #119552   t=528.304720043465   Elapsed: 528.25s (8m 48s)  8% completed  (8% total)
     Speed:     ev/sec=191.1   simsec/sec=0.999999   ev/simsec=191.1
     Messages:  created: 14951   present: 12   in FES: 7
** Event #120064   t=530.722391947692   Elapsed: 530.668s (8m 50s)  8% completed  (8% total)
     Speed:     ev/sec=211.774   simsec/sec=1   ev/simsec=211.774
     Messages:  created: 15015   present: 11   in FES: 7
** Event #120576   t=533.769876235719   Elapsed: 533.715s (8m 53s)  8% completed  (8% total)
     Speed:     ev/sec=168.007   simsec/sec=1   ev/simsec=168.007
     Messages:  created: 15080   present: 14   in FES: 8
** Event #121344   t=536.178346872414   Elapsed: 536.124s (8m 56s)  8% completed  (8% total)
     Speed:     ev/sec=318.874   simsec/sec=0.999998   ev/simsec=318.875
     Messages:  created: 15175   present: 12   in FES: 8
** Event #121856   t=538.738436721536   Elapsed: 538.684s (8m 58s)  8% completed  (8% total)
     Speed:     ev/sec=199.993   simsec/sec=1   ev/simsec=199.993
     Messages:  created: 15238   present: 9   in FES: 5
** Event #122368   t=541.057673594449   Elapsed: 541.003s (9m 01s)  8% completed  (8% total)
     Speed:     ev/sec=220.763   simsec/sec=1.00001   ev/simsec=220.762
     Messages:  created: 15302   present: 11   in FES: 7
** Event #122880   t=543.357755808808   Elapsed: 543.303s (9m 03s)  8% completed  (8% total)
     Speed:     ev/sec=222.597   simsec/sec=0.999982   ev/simsec=222.601
     Messages:  created: 15366   present: 10   in FES: 6
** Event #123392   t=545.875446317785   Elapsed: 545.821s (9m 05s)  8% completed  (8% total)
     Speed:     ev/sec=203.363   simsec/sec=1.00001   ev/simsec=203.361
     Messages:  created: 15430   present: 10   in FES: 6
** Event #123904   t=547.975195226212   Elapsed: 547.92s (9m 07s)  8% completed  (8% total)
     Speed:     ev/sec=243.839   simsec/sec=1   ev/simsec=243.839
     Messages:  created: 15494   present: 10   in FES: 6
** Event #124416   t=550.212536135559   Elapsed: 550.158s (9m 10s)  8% completed  (8% total)
     Speed:     ev/sec=228.843   simsec/sec=1   ev/simsec=228.843
     Messages:  created: 15558   present: 10   in FES: 6
** Event #125184   t=552.826012353632   Elapsed: 552.771s (9m 12s)  8% completed  (8% total)
     Speed:     ev/sec=293.862   simsec/sec=1   ev/simsec=293.861
     Messages:  created: 15654   present: 12   in FES: 7
** Event #125696   t=554.987729847757   Elapsed: 554.933s (9m 14s)  8% completed  (8% total)
     Speed:     ev/sec=236.849   simsec/sec=1   ev/simsec=236.849
     Messages:  created: 15718   present: 10   in FES: 6
** Event #126208   t=557.820378016081   Elapsed: 557.766s (9m 17s)  8% completed  (8% total)
     Speed:     ev/sec=180.749   simsec/sec=0.999999   ev/simsec=180.75
     Messages:  created: 15782   present: 10   in FES: 6
** Event #126720   t=560.681458690145   Elapsed: 560.627s (9m 20s)  8% completed  (8% total)
     Speed:     ev/sec=178.953   simsec/sec=1   ev/simsec=178.953
     Messages:  created: 15846   present: 11   in FES: 7
** Event #127232   t=563.291167370666   Elapsed: 563.236s (9m 23s)  8% completed  (8% total)
     Speed:     ev/sec=196.19   simsec/sec=1   ev/simsec=196.19
     Messages:  created: 15909   present: 9   in FES: 5
** Event #127744   t=565.305680394826   Elapsed: 565.251s (9m 25s)  8% completed  (8% total)
     Speed:     ev/sec=254.155   simsec/sec=0.999999   ev/simsec=254.156
     Messages:  created: 15973   present: 9   in FES: 5
** Event #128512   t=567.911708836969   Elapsed: 567.857s (9m 27s)  9% completed  (9% total)
     Speed:     ev/sec=294.702   simsec/sec=1   ev/simsec=294.701
     Messages:  created: 16069   present: 9   in FES: 5
** Event #129024   t=570.579663413719   Elapsed: 570.525s (9m 30s)  9% completed  (9% total)
     Speed:     ev/sec=191.908   simsec/sec=1   ev/simsec=191.907
     Messages:  created: 16133   present: 9   in FES: 5
** Event #129792   t=572.58019246291   Elapsed: 572.527s (9m 32s)  9% completed  (9% total)
     Speed:     ev/sec=383.684   simsec/sec=0.999442   ev/simsec=383.898
     Messages:  created: 16231   present: 14   in FES: 7
** Event #130304   t=575.521642975737   Elapsed: 575.467s (9m 35s)  9% completed  (9% total)
     Speed:     ev/sec=174.13   simsec/sec=1.00038   ev/simsec=174.064
     Messages:  created: 16293   present: 9   in FES: 5
** Event #130816   t=577.728161910276   Elapsed: 577.673s (9m 37s)  9% completed  (9% total)
     Speed:     ev/sec=232.04   simsec/sec=1   ev/simsec=232.04
     Messages:  created: 16358   present: 10   in FES: 6
** Event #131584   t=581.918847561621   Elapsed: 581.864s (9m 41s)  9% completed  (9% total)
     Speed:     ev/sec=183.264   simsec/sec=1   ev/simsec=183.264
     Messages:  created: 16453   present: 9   in FES: 5
** Event #131840   t=583.95367273393   Elapsed: 583.899s (9m 43s)  9% completed  (9% total)
     Speed:     ev/sec=125.809   simsec/sec=1   ev/simsec=125.809
     Messages:  created: 16486   present: 12   in FES: 8
** Event #132096   t=586.219828161082   Elapsed: 586.165s (9m 46s)  9% completed  (9% total)
     Speed:     ev/sec=112.967   simsec/sec=0.999999   ev/simsec=112.967
     Messages:  created: 16518   present: 10   in FES: 6
** Event #132352   t=589.036893332962   Elapsed: 588.982s (9m 48s)  9% completed  (9% total)
     Speed:     ev/sec=90.8748   simsec/sec=1   ev/simsec=90.8747
     Messages:  created: 16549   present: 9   in FES: 5
** Event #132864   t=591.195672841358   Elapsed: 591.141s (9m 51s)  9% completed  (9% total)
     Speed:     ev/sec=237.171   simsec/sec=0.999999   ev/simsec=237.171
     Messages:  created: 16614   present: 11   in FES: 7
** Event #133376   t=593.481888922256   Elapsed: 593.427s (9m 53s)  9% completed  (9% total)
     Speed:     ev/sec=223.951   simsec/sec=1   ev/simsec=223.951
     Messages:  created: 16678   present: 10   in FES: 6
** Event #133888   t=596.313055304623   Elapsed: 596.259s (9m 56s)  9% completed  (9% total)
     Speed:     ev/sec=180.82   simsec/sec=0.999867   ev/simsec=180.844
     Messages:  created: 16742   present: 11   in FES: 7
** Event #134656   t=599.98717736434   Elapsed: 599.932s (9m 59s)  9% completed  (9% total)
     Speed:     ev/sec=209.051   simsec/sec=1.0001   ev/simsec=209.03
     Messages:  created: 16837   present: 9   in FES: 5
** Event #134912   t=601.991026096156   Elapsed: 601.936s (10m 01s)  9% completed  (9% total)
     Speed:     ev/sec=127.754   simsec/sec=1   ev/simsec=127.754
     Messages:  created: 16869   present: 9   in FES: 5
** Event #135168   t=604.450349215507   Elapsed: 604.396s (10m 04s)  9% completed  (9% total)
     Speed:     ev/sec=104.094   simsec/sec=1   ev/simsec=104.094
     Messages:  created: 16901   present: 9   in FES: 5
** Event #135680   t=606.589243637018   Elapsed: 606.535s (10m 06s)  9% completed  (9% total)
     Speed:     ev/sec=239.376   simsec/sec=1   ev/simsec=239.376
     Messages:  created: 16966   present: 12   in FES: 8
** Event #136192   t=609.15052183856   Elapsed: 609.096s (10m 09s)  9% completed  (9% total)
     Speed:     ev/sec=199.9   simsec/sec=1   ev/simsec=199.9
     Messages:  created: 17029   present: 11   in FES: 6
** Event #136448   t=611.451888310747   Elapsed: 611.397s (10m 11s)  9% completed  (9% total)
     Speed:     ev/sec=111.236   simsec/sec=0.999984   ev/simsec=111.238
     Messages:  created: 17061   present: 9   in FES: 5
** Event #136960   t=614.776637081285   Elapsed: 614.722s (10m 14s)  9% completed  (9% total)
     Speed:     ev/sec=153.998   simsec/sec=1.00001   ev/simsec=153.997
     Messages:  created: 17125   present: 10   in FES: 6
** Event #137472   t=617.003257490476   Elapsed: 616.949s (10m 16s)  9% completed  (9% total)
     Speed:     ev/sec=229.945   simsec/sec=1   ev/simsec=229.945
     Messages:  created: 17189   present: 10   in FES: 6
** Event #138240   t=619.675722789243   Elapsed: 619.621s (10m 19s)  9% completed  (9% total)
     Speed:     ev/sec=287.375   simsec/sec=1   ev/simsec=287.375
     Messages:  created: 17285   present: 10   in FES: 6
** Event #138752   t=621.884691352643   Elapsed: 621.83s (10m 21s)  9% completed  (9% total)
     Speed:     ev/sec=231.783   simsec/sec=1   ev/simsec=231.782
     Messages:  created: 17349   present: 10   in FES: 6
** Event #139520   t=624.535634021186   Elapsed: 624.481s (10m 24s)  9% completed  (9% total)
     Speed:     ev/sec=289.708   simsec/sec=0.999999   ev/simsec=289.708
     Messages:  created: 17445   present: 10   in FES: 6
** Event #140288   t=626.957602209362   Elapsed: 626.903s (10m 26s)  9% completed  (9% total)
     Speed:     ev/sec=317.098   simsec/sec=1   ev/simsec=317.097
     Messages:  created: 17541   present: 10   in FES: 6
** Event #140800   t=629.431555216048   Elapsed: 629.377s (10m 29s)  9% completed  (9% total)
     Speed:     ev/sec=206.956   simsec/sec=1   ev/simsec=206.956
     Messages:  created: 17605   present: 9   in FES: 5
** Event #141312   t=632.131842399923   Elapsed: 632.077s (10m 32s)  10% completed  (10% total)
     Speed:     ev/sec=189.604   simsec/sec=0.999971   ev/simsec=189.609
     Messages:  created: 17669   present: 9   in FES: 5
** Event #141824   t=635.258654155887   Elapsed: 635.204s (10m 35s)  10% completed  (10% total)
     Speed:     ev/sec=163.748   simsec/sec=1.00002   ev/simsec=163.745
     Messages:  created: 17733   present: 10   in FES: 6
** Event #142080   t=637.857965619673   Elapsed: 637.803s (10m 37s)  10% completed  (10% total)
     Speed:     ev/sec=98.4879   simsec/sec=1   ev/simsec=98.4876
     Messages:  created: 17765   present: 9   in FES: 5
** Event #142336   t=640.015267209259   Elapsed: 639.961s (10m 39s)  10% completed  (10% total)
     Speed:     ev/sec=118.667   simsec/sec=1   ev/simsec=118.667
     Messages:  created: 17798   present: 12   in FES: 8
** Event #142848   t=643.412781814082   Elapsed: 643.358s (10m 43s)  10% completed  (10% total)
     Speed:     ev/sec=150.696   simsec/sec=0.999982   ev/simsec=150.698
     Messages:  created: 17861   present: 10   in FES: 6
** Event #143360   t=646.492815229495   Elapsed: 646.438s (10m 46s)  10% completed  (10% total)
     Speed:     ev/sec=166.235   simsec/sec=1.00002   ev/simsec=166.232
     Messages:  created: 17925   present: 9   in FES: 5
** Event #143872   t=649.599556508956   Elapsed: 649.545s (10m 49s)  10% completed  (10% total)
     Speed:     ev/sec=164.803   simsec/sec=1   ev/simsec=164.803
     Messages:  created: 17989   present: 9   in FES: 5
** Event #144384   t=652.323513195938   Elapsed: 652.269s (10m 52s)  10% completed  (10% total)
     Speed:     ev/sec=187.954   simsec/sec=0.999958   ev/simsec=187.962
     Messages:  created: 18053   present: 9   in FES: 5
** Event #144896   t=655.101881868036   Elapsed: 655.047s (10m 55s)  10% completed  (10% total)
     Speed:     ev/sec=184.288   simsec/sec=1.00004   ev/simsec=184.281
     Messages:  created: 18117   present: 9   in FES: 5
** Event #145408   t=658.054266234034   Elapsed: 658s (10m 57s)  10% completed  (10% total)
     Speed:     ev/sec=173.419   simsec/sec=1   ev/simsec=173.419
     Messages:  created: 18182   present: 12   in FES: 8
** Event #145920   t=660.059641479801   Elapsed: 660.005s (11m 00s)  10% completed  (10% total)
     Speed:     ev/sec=255.314   simsec/sec=1   ev/simsec=255.314
     Messages:  created: 18245   present: 12   in FES: 7
** Event #146688   t=662.818717377409   Elapsed: 662.764s (11m 02s)  10% completed  (10% total)
     Speed:     ev/sec=278.354   simsec/sec=1   ev/simsec=278.354
     Messages:  created: 18340   present: 10   in FES: 6
** Event #147200   t=665.269038795784   Elapsed: 665.221s (11m 05s)  10% completed  (10% total)
     Speed:     ev/sec=208.372   simsec/sec=0.997225   ev/simsec=208.952
     Messages:  created: 18405   present: 12   in FES: 5
** Event #147712   t=668.062622863662   Elapsed: 668.008s (11m 08s)  10% completed  (10% total)
     Speed:     ev/sec=183.726   simsec/sec=1.00245   ev/simsec=183.277
     Messages:  created: 18469   present: 11   in FES: 6
** Event #148224   t=670.911157151208   Elapsed: 670.856s (11m 10s)  10% completed  (10% total)
     Speed:     ev/sec=179.741   simsec/sec=0.999999   ev/simsec=179.742
     Messages:  created: 18532   present: 10   in FES: 6
** Event #148736   t=672.918628819914   Elapsed: 672.867s (11m 12s)  10% completed  (10% total)
     Speed:     ev/sec=254.713   simsec/sec=0.998689   ev/simsec=255.047
     Messages:  created: 18597   present: 12   in FES: 7
** Event #149248   t=675.284722647058   Elapsed: 675.23s (11m 15s)  10% completed  (10% total)
     Speed:     ev/sec=216.629   simsec/sec=1.0011   ev/simsec=216.39
     Messages:  created: 18660   present: 9   in FES: 5
** Event #149760   t=677.664804159562   Elapsed: 677.61s (11m 17s)  10% completed  (10% total)
     Speed:     ev/sec=215.122   simsec/sec=1.00001   ev/simsec=215.119
     Messages:  created: 18724   present: 10   in FES: 6
** Event #150272   t=680.122231095573   Elapsed: 680.068s (11m 20s)  10% completed  (10% total)
     Speed:     ev/sec=208.348   simsec/sec=0.999999   ev/simsec=208.348
     Messages:  created: 18790   present: 14   in FES: 8
** Event #150784   t=682.491740949147   Elapsed: 682.437s (11m 22s)  10% completed  (10% total)
     Speed:     ev/sec=216.066   simsec/sec=0.999944   ev/simsec=216.078
     Messages:  created: 18852   present: 9   in FES: 5
** Event #151296   t=685.521778331065   Elapsed: 685.467s (11m 25s)  10% completed  (10% total)
     Speed:     ev/sec=168.982   simsec/sec=1.00004   ev/simsec=168.975
     Messages:  created: 18916   present: 9   in FES: 5
** Event #151552   t=687.763219164037   Elapsed: 687.709s (11m 27s)  10% completed  (10% total)
     Speed:     ev/sec=114.21   simsec/sec=0.999978   ev/simsec=114.212
     Messages:  created: 18948   present: 9   in FES: 5
** Event #151808   t=689.852335547652   Elapsed: 689.798s (11m 29s)  10% completed  (10% total)
     Speed:     ev/sec=122.543   simsec/sec=1.00002   ev/simsec=122.54
     Messages:  created: 18980   present: 9   in FES: 5
** Event #152064   t=692.454254674822   Elapsed: 692.4s (11m 32s)  10% completed  (10% total)
     Speed:     ev/sec=98.3889   simsec/sec=1   ev/simsec=98.3889
     Messages:  created: 19012   present: 9   in FES: 5
** Event #152576   t=695.110654195949   Elapsed: 695.056s (11m 35s)  11% completed  (11% total)
     Speed:     ev/sec=192.742   simsec/sec=0.999999   ev/simsec=192.742
     Messages:  created: 19077   present: 11   in FES: 7
** Event #153344   t=698.000925027589   Elapsed: 697.946s (11m 37s)  11% completed  (11% total)
     Speed:     ev/sec=265.719   simsec/sec=1   ev/simsec=265.719
     Messages:  created: 19172   present: 9   in FES: 5
** Event #153856   t=700.534898127651   Elapsed: 700.48s (11m 40s)  11% completed  (11% total)
     Speed:     ev/sec=202.054   simsec/sec=1   ev/simsec=202.054
     Messages:  created: 19236   present: 9   in FES: 5
** Event #154624   t=704.182188974079   Elapsed: 704.127s (11m 44s)  11% completed  (11% total)
     Speed:     ev/sec=210.567   simsec/sec=1   ev/simsec=210.567
     Messages:  created: 19332   present: 10   in FES: 6
** Event #155136   t=707.227842172871   Elapsed: 707.173s (11m 47s)  11% completed  (11% total)
     Speed:     ev/sec=168.108   simsec/sec=1   ev/simsec=168.108
     Messages:  created: 19396   present: 10   in FES: 6
** Event #155392   t=709.438996050913   Elapsed: 709.384s (11m 49s)  11% completed  (11% total)
     Speed:     ev/sec=115.776   simsec/sec=0.999998   ev/simsec=115.777
     Messages:  created: 19428   present: 9   in FES: 5
** Event #155648   t=711.510846494577   Elapsed: 711.456s (11m 51s)  11% completed  (11% total)
     Speed:     ev/sec=123.561   simsec/sec=1   ev/simsec=123.561
     Messages:  created: 19460   present: 9   in FES: 5
** Event #156160   t=713.828473716974   Elapsed: 713.774s (11m 53s)  11% completed  (11% total)
     Speed:     ev/sec=220.916   simsec/sec=1   ev/simsec=220.916
     Messages:  created: 19525   present: 11   in FES: 7
** Event #156672   t=716.953717747605   Elapsed: 716.899s (11m 56s)  11% completed  (11% total)
     Speed:     ev/sec=163.827   simsec/sec=1   ev/simsec=163.827
     Messages:  created: 19588   present: 10   in FES: 6
** Event #157184   t=719.833282054463   Elapsed: 719.779s (11m 59s)  11% completed  (11% total)
     Speed:     ev/sec=177.805   simsec/sec=1   ev/simsec=177.805
     Messages:  created: 19652   present: 9   in FES: 5
** Event #157696   t=722.808354556563   Elapsed: 722.754s (12m 02s)  11% completed  (11% total)
     Speed:     ev/sec=172.097   simsec/sec=0.999999   ev/simsec=172.097
     Messages:  created: 19716   present: 10   in FES: 6
** Event #158208   t=726.133229079417   Elapsed: 726.079s (12m 06s)  11% completed  (11% total)
     Speed:     ev/sec=153.991   simsec/sec=1   ev/simsec=153.991
     Messages:  created: 19780   present: 10   in FES: 6
** Event #158720   t=729.402467898566   Elapsed: 729.348s (12m 09s)  11% completed  (11% total)
     Speed:     ev/sec=156.611   simsec/sec=1   ev/simsec=156.611
     Messages:  created: 19844   present: 10   in FES: 6
** Event #159232   t=731.983036036313   Elapsed: 731.928s (12m 11s)  11% completed  (11% total)
     Speed:     ev/sec=198.406   simsec/sec=1   ev/simsec=198.406
     Messages:  created: 19907   present: 9   in FES: 5
** Event #159744   t=734.298476660213   Elapsed: 734.244s (12m 14s)  11% completed  (11% total)
     Speed:     ev/sec=221.124   simsec/sec=0.999999   ev/simsec=221.124
     Messages:  created: 19972   present: 10   in FES: 6
** Event #160512   t=737.569140686772   Elapsed: 737.515s (12m 17s)  11% completed  (11% total)
     Speed:     ev/sec=234.778   simsec/sec=0.999842   ev/simsec=234.815
     Messages:  created: 20068   present: 11   in FES: 7
** Event #161280   t=739.653793980121   Elapsed: 739.619s (12m 19s)  11% completed  (11% total)
     Speed:     ev/sec=364.972   simsec/sec=0.990678   ev/simsec=368.407
     Messages:  created: 20164   present: 11   in FES: 6
** Event #162048   t=742.155104492633   Elapsed: 742.1s (12m 22s)  11% completed  (11% total)
     Speed:     ev/sec=309.53   simsec/sec=1.00811   ev/simsec=307.039
     Messages:  created: 20259   present: 9   in FES: 5
** Event #162816   t=744.944715493984   Elapsed: 744.89s (12m 24s)  11% completed  (11% total)
     Speed:     ev/sec=275.307   simsec/sec=1   ev/simsec=275.307
     Messages:  created: 20355   present: 9   in FES: 5
** Event #163584   t=747.474321616248   Elapsed: 747.42s (12m 27s)  11% completed  (11% total)
     Speed:     ev/sec=303.605   simsec/sec=1   ev/simsec=303.605
     Messages:  created: 20451   present: 9   in FES: 5
** Event #164096   t=749.734524297067   Elapsed: 749.68s (12m 29s)  11% completed  (11% total)
     Speed:     ev/sec=226.528   simsec/sec=1   ev/simsec=226.528
     Messages:  created: 20516   present: 10   in FES: 6
** Event #164608   t=752.045222023851   Elapsed: 751.991s (12m 31s)  11% completed  (11% total)
     Speed:     ev/sec=221.578   simsec/sec=1   ev/simsec=221.578
     Messages:  created: 20579   present: 9   in FES: 5
** Event #165120   t=754.433480819321   Elapsed: 754.379s (12m 34s)  11% completed  (11% total)
     Speed:     ev/sec=214.382   simsec/sec=1   ev/simsec=214.382
     Messages:  created: 20643   present: 9   in FES: 5
** Event #165632   t=756.476457909396   Elapsed: 756.431s (12m 36s)  12% completed  (12% total)
     Speed:     ev/sec=249.505   simsec/sec=0.995572   ev/simsec=250.615
     Messages:  created: 20708   present: 11   in FES: 7
** Event #166400   t=759.442253349285   Elapsed: 759.389s (12m 39s)  12% completed  (12% total)
     Speed:     ev/sec=259.629   simsec/sec=1.00261   ev/simsec=258.952
     Messages:  created: 20804   present: 11   in FES: 6
** Event #166912   t=762.401455505082   Elapsed: 762.347s (12m 42s)  12% completed  (12% total)
     Speed:     ev/sec=173.099   simsec/sec=1.00046   ev/simsec=173.02
     Messages:  created: 20867   present: 9   in FES: 5
** Event #167424   t=767.424692089508   Elapsed: 767.37s (12m 47s)  12% completed  (12% total)
     Speed:     ev/sec=101.926   simsec/sec=1   ev/simsec=101.926
     Messages:  created: 20932   present: 10   in FES: 6
** Event #167680   t=769.696470001688   Elapsed: 769.642s (12m 49s)  12% completed  (12% total)
     Speed:     ev/sec=112.687   simsec/sec=0.999997   ev/simsec=112.687
     Messages:  created: 20964   present: 10   in FES: 6
** Event #167936   t=771.755753497525   Elapsed: 771.701s (12m 51s)  12% completed  (12% total)
     Speed:     ev/sec=124.316   simsec/sec=1   ev/simsec=124.315
     Messages:  created: 20996   present: 10   in FES: 6
** Event #168448   t=775.212943474271   Elapsed: 775.158s (12m 55s)  12% completed  (12% total)
     Speed:     ev/sec=148.097   simsec/sec=1   ev/simsec=148.097
     Messages:  created: 21060   present: 10   in FES: 6
** Event #168960   t=777.497049023815   Elapsed: 777.444s (12m 57s)  12% completed  (12% total)
     Speed:     ev/sec=223.96   simsec/sec=0.999116   ev/simsec=224.158
     Messages:  created: 21124   present: 11   in FES: 6
** Event #169472   t=780.062339328296   Elapsed: 780.008s (13m 00s)  12% completed  (12% total)
     Speed:     ev/sec=199.745   simsec/sec=1.00079   ev/simsec=199.588
     Messages:  created: 21188   present: 11   in FES: 6
** Event #169984   t=784.014748420409   Elapsed: 783.96s (13m 03s)  12% completed  (12% total)
     Speed:     ev/sec=129.541   simsec/sec=1   ev/simsec=129.541
     Messages:  created: 21251   present: 9   in FES: 5
** Event #170752   t=786.806615736334   Elapsed: 786.796s (13m 06s)  12% completed  (12% total)
     Speed:     ev/sec=270.775   simsec/sec=0.984334   ev/simsec=275.085
     Messages:  created: 21347   present: 10   in FES: 5
** Event #171264   t=789.895952991955   Elapsed: 789.854s (13m 09s)  12% completed  (12% total)
     Speed:     ev/sec=167.473   simsec/sec=1.01051   ev/simsec=165.731
     Messages:  created: 21411   present: 10   in FES: 6
** Event #172032   t=792.759580237052   Elapsed: 792.725s (13m 12s)  12% completed  (12% total)
     Speed:     ev/sec=267.493   simsec/sec=0.997395   ev/simsec=268.191
     Messages:  created: 21507   present: 10   in FES: 5
** Event #172544   t=794.867896725329   Elapsed: 794.813s (13m 14s)  12% completed  (12% total)
     Speed:     ev/sec=245.149   simsec/sec=1.00947   ev/simsec=242.848
     Messages:  created: 21571   present: 9   in FES: 5
** Event #173056   t=798.498297935789   Elapsed: 798.444s (13m 18s)  12% completed  (12% total)
     Speed:     ev/sec=141.031   simsec/sec=1   ev/simsec=141.031
     Messages:  created: 21635   present: 9   in FES: 5
** Event #173568   t=802.02951658101   Elapsed: 801.975s (13m 21s)  12% completed  (12% total)
     Speed:     ev/sec=144.987   simsec/sec=0.99996   ev/simsec=144.992
     Messages:  created: 21699   present: 10   in FES: 6
** Event #174080   t=805.056364415835   Elapsed: 805.002s (13m 25s)  12% completed  (12% total)
     Speed:     ev/sec=169.161   simsec/sec=1.00005   ev/simsec=169.153
     Messages:  created: 21763   present: 9   in FES: 5
** Event #174336   t=808.001098482724   Elapsed: 807.997s (13m 27s)  12% completed  (12% total)
     Speed:     ev/sec=85.4719   simsec/sec=0.983172   ev/simsec=86.9348
     Messages:  created: 21795   present: 10   in FES: 6
** Event #174592   t=810.490051731954   Elapsed: 810.435s (13m 30s)  12% completed  (12% total)
     Speed:     ev/sec=104.98   simsec/sec=1.02067   ev/simsec=102.854
     Messages:  created: 21828   present: 12   in FES: 6
** Event #175104   t=812.658569920973   Elapsed: 812.618s (13m 32s)  12% completed  (12% total)
     Speed:     ev/sec=234.568   simsec/sec=0.993484   ev/simsec=236.106
     Messages:  created: 21891   present: 10   in FES: 5
** Event #175616   t=814.995322978486   Elapsed: 814.946s (13m 34s)  12% completed  (12% total)
     Speed:     ev/sec=219.915   simsec/sec=1.00368   ev/simsec=219.107
     Messages:  created: 21955   present: 10   in FES: 6
** Event #175872   t=817.768960608907   Elapsed: 817.714s (13m 37s)  12% completed  (12% total)
     Speed:     ev/sec=92.4831   simsec/sec=1.00201   ev/simsec=92.2976
     Messages:  created: 21987   present: 9   in FES: 5
** Event #176128   t=819.94766682129   Elapsed: 819.924s (13m 39s)  13% completed  (13% total)
     Speed:     ev/sec=115.851   simsec/sec=0.98596   ev/simsec=117.501
     Messages:  created: 22019   present: 10   in FES: 6
** Event #176640   t=822.541253968702   Elapsed: 822.517s (13m 42s)  13% completed  (13% total)
     Speed:     ev/sec=197.463   simsec/sec=1.00027   ev/simsec=197.41
     Messages:  created: 22083   present: 10   in FES: 6
** Event #177152   t=825.133994697931   Elapsed: 825.079s (13m 45s)  13% completed  (13% total)
     Speed:     ev/sec=199.818   simsec/sec=1.01187   ev/simsec=197.474
     Messages:  created: 22147   present: 9   in FES: 5
** Event #177664   t=828.428804168867   Elapsed: 828.382s (13m 48s)  13% completed  (13% total)
     Speed:     ev/sec=155.008   simsec/sec=0.997503   ev/simsec=155.396
     Messages:  created: 22211   present: 10   in FES: 6
** Event #178176   t=831.149029978603   Elapsed: 831.094s (13m 51s)  13% completed  (13% total)
     Speed:     ev/sec=188.792   simsec/sec=1.00304   ev/simsec=188.22
     Messages:  created: 22275   present: 10   in FES: 5
** Event #178688   t=833.991649918581   Elapsed: 833.937s (13m 53s)  13% completed  (13% total)
     Speed:     ev/sec=180.115   simsec/sec=1   ev/simsec=180.116
     Messages:  created: 22339   present: 9   in FES: 5
** Event #179456   t=837.244486851839   Elapsed: 837.197s (13m 57s)  13% completed  (13% total)
     Speed:     ev/sec=235.573   simsec/sec=0.997761   ev/simsec=236.102
     Messages:  created: 22435   present: 10   in FES: 6
** Event #179968   t=840.683918680076   Elapsed: 840.629s (14m 00s)  13% completed  (13% total)
     Speed:     ev/sec=149.178   simsec/sec=1.00213   ev/simsec=148.862
     Messages:  created: 22498   present: 9   in FES: 5
** Event #180480   t=843.521460325076   Elapsed: 843.494s (14m 03s)  13% completed  (13% total)
     Speed:     ev/sec=178.699   simsec/sec=0.990365   ev/simsec=180.438
     Messages:  created: 22562   present: 9   in FES: 5
** Event #180992   t=848.053386644385   Elapsed: 848.006s (14m 08s)  13% completed  (13% total)
     Speed:     ev/sec=113.488   simsec/sec=1.00453   ev/simsec=112.976
     Messages:  created: 22626   present: 9   in FES: 5
** Event #181248   t=850.598343836366   Elapsed: 850.653s (14m 10s)  13% completed  (13% total)
     Speed:     ev/sec=96.6955   simsec/sec=0.961273   ev/simsec=100.591
     Messages:  created: 22658   present: 9   in FES: 5
** Event #181504   t=853.305277552141   Elapsed: 853.257s (14m 13s)  13% completed  (13% total)
     Speed:     ev/sec=98.3218   simsec/sec=1.03965   ev/simsec=94.5719
     Messages:  created: 22690   present: 9   in FES: 5
** Event #182016   t=856.736323346743   Elapsed: 856.723s (14m 16s)  13% completed  (13% total)
     Speed:     ev/sec=147.739   simsec/sec=0.990035   ev/simsec=149.226
     Messages:  created: 22754   present: 9   in FES: 5
** Event #182528   t=859.640391086164   Elapsed: 859.596s (14m 19s)  13% completed  (13% total)
     Speed:     ev/sec=178.202   simsec/sec=1.01077   ev/simsec=176.304
     Messages:  created: 22818   present: 9   in FES: 5
** Event #183296   t=862.132474836984   Elapsed: 862.089s (14m 22s)  13% completed  (13% total)
     Speed:     ev/sec=308.045   simsec/sec=0.999575   ev/simsec=308.176
     Messages:  created: 22914   present: 9   in FES: 5
** Event #184064   t=864.665484794   Elapsed: 864.614s (14m 24s)  13% completed  (13% total)
     Speed:     ev/sec=304.179   simsec/sec=1.00324   ev/simsec=303.197
     Messages:  created: 23010   present: 9   in FES: 5
** Event #184832   t=867.134476762098   Elapsed: 867.083s (14m 27s)  13% completed  (13% total)
     Speed:     ev/sec=311.013   simsec/sec=0.999855   ev/simsec=311.058
     Messages:  created: 23106   present: 9   in FES: 5
** Event #185344   t=869.58158939845   Elapsed: 869.534s (14m 29s)  13% completed  (13% total)
     Speed:     ev/sec=208.932   simsec/sec=0.998592   ev/simsec=209.226
     Messages:  created: 23173   present: 17   in FES: 7
** Event #185856   t=872.703285059585   Elapsed: 872.661s (14m 32s)  13% completed  (13% total)
     Speed:     ev/sec=163.712   simsec/sec=0.998161   ev/simsec=164.013
     Messages:  created: 23234   present: 9   in FES: 5
** Event #186368   t=875.840894103976   Elapsed: 875.786s (14m 35s)  13% completed  (13% total)
     Speed:     ev/sec=163.833   simsec/sec=1.00399   ev/simsec=163.182
     Messages:  created: 23299   present: 11   in FES: 6
** Event #186880   t=877.86120259301   Elapsed: 877.816s (14m 37s)  13% completed  (13% total)
     Speed:     ev/sec=252.278   simsec/sec=0.995468   ev/simsec=253.427
     Messages:  created: 23362   present: 9   in FES: 5
** Event #187392   t=880.104717633752   Elapsed: 880.05s (14m 40s)  13% completed  (13% total)
     Speed:     ev/sec=229.153   simsec/sec=1.00412   ev/simsec=228.213
     Messages:  created: 23428   present: 13   in FES: 8
** Event #188160   t=882.990141066184   Elapsed: 882.939s (14m 42s)  14% completed  (14% total)
     Speed:     ev/sec=265.858   simsec/sec=0.998845   ev/simsec=266.165
     Messages:  created: 23522   present: 9   in FES: 5
** Event #188416   t=885.02446202127   Elapsed: 885.056s (14m 45s)  14% completed  (14% total)
     Speed:     ev/sec=120.9   simsec/sec=0.960738   ev/simsec=125.841
     Messages:  created: 23554   present: 9   in FES: 5
** Event #188672   t=887.342786518403   Elapsed: 887.288s (14m 47s)  14% completed  (14% total)
     Speed:     ev/sec=114.702   simsec/sec=1.03874   ev/simsec=110.425
     Messages:  created: 23587   present: 11   in FES: 7
** Event #189184   t=891.569040946041   Elapsed: 891.532s (14m 51s)  14% completed  (14% total)
     Speed:     ev/sec=120.632   simsec/sec=0.995749   ev/simsec=121.147
     Messages:  created: 23650   present: 9   in FES: 5
** Event #189440   t=895.150393702834   Elapsed: 895.115s (14m 55s)  14% completed  (14% total)
     Speed:     ev/sec=71.457   simsec/sec=0.999659   ev/simsec=71.4814
     Messages:  created: 23682   present: 9   in FES: 5
** Event #189952   t=899.482765939757   Elapsed: 899.43s (14m 59s)  14% completed  (14% total)
     Speed:     ev/sec=118.656   simsec/sec=1.00403   ev/simsec=118.18
     Messages:  created: 23746   present: 9   in FES: 5
** Event #190464   t=903.187948295419   Elapsed: 903.173s (15m 03s)  14% completed  (14% total)
     Speed:     ev/sec=136.787   simsec/sec=0.989883   ev/simsec=138.185
     Messages:  created: 23809   present: 8   in FES: 4
** Event #190720   t=905.328402785197   Elapsed: 905.274s (15m 05s)  14% completed  (14% total)
     Speed:     ev/sec=121.865   simsec/sec=1.01893   ev/simsec=119.601
     Messages:  created: 23842   present: 10   in FES: 6
** Event #191232   t=908.594851288784   Elapsed: 908.545s (15m 08s)  14% completed  (14% total)
     Speed:     ev/sec=156.512   simsec/sec=0.998512   ev/simsec=156.745
     Messages:  created: 23905   present: 8   in FES: 4
** Event #191744   t=911.633164904125   Elapsed: 911.578s (15m 11s)  14% completed  (14% total)
     Speed:     ev/sec=168.785   simsec/sec=1.0016   ev/simsec=168.515
     Messages:  created: 23970   present: 11   in FES: 6
** Event #192256   t=914.560308018875   Elapsed: 914.507s (15m 14s)  14% completed  (14% total)
     Speed:     ev/sec=174.837   simsec/sec=0.999554   ev/simsec=174.915
     Messages:  created: 24033   present: 8   in FES: 4
** Event #192768   t=917.422554037643   Elapsed: 917.368s (15m 17s)  14% completed  (14% total)
     Speed:     ev/sec=178.962   simsec/sec=1.00046   ev/simsec=178.881
     Messages:  created: 24098   present: 11   in FES: 7
** Event #193024   t=919.684686245087   Elapsed: 919.63s (15m 19s)  14% completed  (14% total)
     Speed:     ev/sec=113.168   simsec/sec=1   ev/simsec=113.168
     Messages:  created: 24130   present: 10   in FES: 6
** Event #193280   t=921.977944316629   Elapsed: 921.923s (15m 21s)  14% completed  (14% total)
     Speed:     ev/sec=111.631   simsec/sec=0.999997   ev/simsec=111.632
     Messages:  created: 24162   present: 10   in FES: 6
** Event #193792   t=925.201880351425   Elapsed: 925.213s (15m 25s)  14% completed  (14% total)
     Speed:     ev/sec=155.626   simsec/sec=0.97994   ev/simsec=158.812
     Messages:  created: 24225   present: 8   in FES: 4
** Event #194560   t=928.329180391469   Elapsed: 928.428s (15m 28s)  14% completed  (14% total)
     Speed:     ev/sec=238.881   simsec/sec=0.972726   ev/simsec=245.579
     Messages:  created: 24321   present: 8   in FES: 4
** Event #195072   t=931.704993784575   Elapsed: 931.65s (15m 31s)  14% completed  (14% total)
     Speed:     ev/sec=158.902   simsec/sec=1.0477   ev/simsec=151.667
     Messages:  created: 24386   present: 11   in FES: 7
** Event #195584   t=934.039696092266   Elapsed: 933.985s (15m 33s)  14% completed  (14% total)
     Speed:     ev/sec=219.303   simsec/sec=1.00002   ev/simsec=219.3
     Messages:  created: 24450   present: 10   in FES: 6
** Event #196352   t=937.232693818172   Elapsed: 937.192s (15m 37s)  14% completed  (14% total)
     Speed:     ev/sec=239.498   simsec/sec=0.995724   ev/simsec=240.526
     Messages:  created: 24545   present: 8   in FES: 4
** Event #196864   t=940.509987005809   Elapsed: 940.602s (15m 40s)  14% completed  (14% total)
     Speed:     ev/sec=150.141   simsec/sec=0.961047   ev/simsec=156.226
     Messages:  created: 24609   present: 8   in FES: 4
** Event #197376   t=943.631189521118   Elapsed: 943.576s (15m 43s)  14% completed  (14% total)
     Speed:     ev/sec=172.119   simsec/sec=1.04925   ev/simsec=164.039
     Messages:  created: 24674   present: 10   in FES: 6
** Event #197888   t=947.033162044251   Elapsed: 946.978s (15m 46s)  15% completed  (15% total)
     Speed:     ev/sec=150.501   simsec/sec=0.999999   ev/simsec=150.501
     Messages:  created: 24738   present: 10   in FES: 6
** Event #198656   t=949.956542364709   Elapsed: 949.902s (15m 49s)  15% completed  (15% total)
     Speed:     ev/sec=262.71   simsec/sec=1   ev/simsec=262.71
     Messages:  created: 24834   present: 10   in FES: 6
** Event #199168   t=952.799223780732   Elapsed: 952.745s (15m 52s)  15% completed  (15% total)
     Speed:     ev/sec=180.112   simsec/sec=1   ev/simsec=180.112
     Messages:  created: 24898   present: 10   in FES: 6
** Event #199680   t=955.45948135198   Elapsed: 955.405s (15m 55s)  15% completed  (15% total)
     Speed:     ev/sec=192.463   simsec/sec=1   ev/simsec=192.463
     Messages:  created: 24962   present: 10   in FES: 6
** Event #200448   t=959.146714852305   Elapsed: 959.108s (15m 59s)  15% completed  (15% total)
     Speed:     ev/sec=207.376   simsec/sec=0.995632   ev/simsec=208.286
     Messages:  created: 25057   present: 8   in FES: 4
** Event #200960   t=961.633627765757   Elapsed: 961.579s (16m 01s)  15% completed  (15% total)
     Speed:     ev/sec=207.226   simsec/sec=1.00655   ev/simsec=205.878
     Messages:  created: 25122   present: 11   in FES: 7
** Event #201472   t=963.937996438749   Elapsed: 963.883s (16m 03s)  15% completed  (15% total)
     Speed:     ev/sec=222.187   simsec/sec=1   ev/simsec=222.187
     Messages:  created: 25185   present: 10   in FES: 6
** Event #201984   t=967.369622607551   Elapsed: 967.315s (16m 07s)  15% completed  (15% total)
     Speed:     ev/sec=149.2   simsec/sec=1   ev/simsec=149.2
     Messages:  created: 25249   present: 9   in FES: 5
** Event #202240   t=969.526383271816   Elapsed: 969.472s (16m 09s)  15% completed  (15% total)
     Speed:     ev/sec=118.696   simsec/sec=0.999999   ev/simsec=118.697
     Messages:  created: 25281   present: 9   in FES: 5
** Event #202752   t=973.606717665107   Elapsed: 973.552s (16m 13s)  15% completed  (15% total)
     Speed:     ev/sec=125.479   simsec/sec=0.999996   ev/simsec=125.48
     Messages:  created: 25345   present: 9   in FES: 5
** Event #203008   t=975.907006782711   Elapsed: 975.852s (16m 15s)  15% completed  (15% total)
     Speed:     ev/sec=111.291   simsec/sec=1.00001   ev/simsec=111.29
     Messages:  created: 25377   present: 10   in FES: 6
** Event #203520   t=979.546986531469   Elapsed: 979.492s (16m 19s)  15% completed  (15% total)
     Speed:     ev/sec=140.66   simsec/sec=0.999999   ev/simsec=140.66
     Messages:  created: 25441   present: 10   in FES: 6
** Event #204032   t=983.080617909861   Elapsed: 983.026s (16m 23s)  15% completed  (15% total)
     Speed:     ev/sec=144.893   simsec/sec=1   ev/simsec=144.893
     Messages:  created: 25505   present: 10   in FES: 6
** Event #204288   t=985.117271474629   Elapsed: 985.063s (16m 25s)  15% completed  (15% total)
     Speed:     ev/sec=125.696   simsec/sec=0.999999   ev/simsec=125.696
     Messages:  created: 25537   present: 10   in FES: 6
** Event #204544   t=987.989104392215   Elapsed: 987.934s (16m 27s)  15% completed  (15% total)
     Speed:     ev/sec=89.1387   simsec/sec=0.999966   ev/simsec=89.1417
     Messages:  created: 25569   present: 9   in FES: 5
** Event #205056   t=990.046120525436   Elapsed: 989.991s (16m 29s)  15% completed  (15% total)
     Speed:     ev/sec=248.916   simsec/sec=1.00005   ev/simsec=248.904
     Messages:  created: 25633   present: 10   in FES: 6
** Event #205568   t=992.146126526757   Elapsed: 992.091s (16m 32s)  15% completed  (15% total)
     Speed:     ev/sec=243.809   simsec/sec=1   ev/simsec=243.809
     Messages:  created: 25697   present: 10   in FES: 6
** Event #206336   t=995.879472203656   Elapsed: 995.825s (16m 35s)  15% completed  (15% total)
     Speed:     ev/sec=205.713   simsec/sec=0.999999   ev/simsec=205.714
     Messages:  created: 25793   present: 9   in FES: 5
** Event #207104   t=998.268025414729   Elapsed: 998.213s (16m 38s)  15% completed  (15% total)
     Speed:     ev/sec=321.534   simsec/sec=1   ev/simsec=321.534
     Messages:  created: 25889   present: 10   in FES: 6
** Event #207616   t=1000.622981721367   Elapsed: 1000.57s (16m 40s)  15% completed  (15% total)
     Speed:     ev/sec=217.414   simsec/sec=1   ev/simsec=217.414
     Messages:  created: 25954   present: 12   in FES: 8
** Event #208128   t=1003.041066321276   Elapsed: 1002.99s (16m 42s)  15% completed  (15% total)
     Speed:     ev/sec=211.738   simsec/sec=1   ev/simsec=211.738
     Messages:  created: 26018   present: 11   in FES: 7
** Event #208896   t=1006.070700186636   Elapsed: 1006.02s (16m 46s)  15% completed  (15% total)
     Speed:     ev/sec=253.495   simsec/sec=0.999997   ev/simsec=253.496
     Messages:  created: 26113   present: 9   in FES: 5
** Event #209408   t=1008.912602159084   Elapsed: 1008.86s (16m 48s)  16% completed  (16% total)
     Speed:     ev/sec=180.162   simsec/sec=1   ev/simsec=180.161
     Messages:  created: 26177   present: 9   in FES: 5
** Event #210176   t=1011.537347382224   Elapsed: 1011.48s (16m 51s)  16% completed  (16% total)
     Speed:     ev/sec=292.6   simsec/sec=1   ev/simsec=292.6
     Messages:  created: 26273   present: 10   in FES: 6
** Event #210688   t=1014.214317595732   Elapsed: 1014.16s (16m 54s)  16% completed  (16% total)
     Speed:     ev/sec=191.261   simsec/sec=1   ev/simsec=191.261
     Messages:  created: 26337   present: 10   in FES: 6
** Event #211456   t=1016.821306928414   Elapsed: 1016.77s (16m 56s)  16% completed  (16% total)
     Speed:     ev/sec=294.593   simsec/sec=1   ev/simsec=294.593
     Messages:  created: 26433   present: 10   in FES: 6
** Event #212224   t=1018.875081975877   Elapsed: 1018.82s (16m 58s)  16% completed  (16% total)
     Speed:     ev/sec=373.945   simsec/sec=0.999999   ev/simsec=373.946
     Messages:  created: 26530   present: 12   in FES: 8
** Event #212992   t=1022.886419818666   Elapsed: 1022.83s (17m 02s)  16% completed  (16% total)
     Speed:     ev/sec=191.457   simsec/sec=1   ev/simsec=191.457
     Messages:  created: 26625   present: 10   in FES: 6
** Event #213504   t=1025.561392086525   Elapsed: 1025.51s (17m 05s)  16% completed  (16% total)
     Speed:     ev/sec=191.404   simsec/sec=1   ev/simsec=191.404
     Messages:  created: 26688   present: 9   in FES: 5
** Event #213760   t=1028.238294357066   Elapsed: 1028.18s (17m 08s)  16% completed  (16% total)
     Speed:     ev/sec=95.6329   simsec/sec=0.999999   ev/simsec=95.6329
     Messages:  created: 26721   present: 11   in FES: 7
** Event #214272   t=1031.045063416654   Elapsed: 1030.99s (17m 10s)  16% completed  (16% total)
     Speed:     ev/sec=182.416   simsec/sec=0.999999   ev/simsec=182.416
     Messages:  created: 26785   present: 10   in FES: 6
** Event #214784   t=1034.771492669242   Elapsed: 1034.72s (17m 14s)  16% completed  (16% total)
     Speed:     ev/sec=137.397   simsec/sec=1   ev/simsec=137.397
     Messages:  created: 26848   present: 9   in FES: 5
** Event #215296   t=1038.585549308511   Elapsed: 1038.53s (17m 18s)  16% completed  (16% total)
     Speed:     ev/sec=134.24   simsec/sec=1   ev/simsec=134.24
     Messages:  created: 26912   present: 9   in FES: 5
** Event #215808   t=1041.726759055816   Elapsed: 1041.67s (17m 21s)  16% completed  (16% total)
     Speed:     ev/sec=162.995   simsec/sec=1   ev/simsec=162.995
     Messages:  created: 26977   present: 10   in FES: 6
** Event #216320   t=1044.471830162587   Elapsed: 1044.42s (17m 24s)  16% completed  (16% total)
     Speed:     ev/sec=186.516   simsec/sec=1   ev/simsec=186.516
     Messages:  created: 27041   present: 10   in FES: 6
** Event #216576   t=1047.419985384397   Elapsed: 1047.37s (17m 27s)  16% completed  (16% total)
     Speed:     ev/sec=86.834   simsec/sec=1   ev/simsec=86.834
     Messages:  created: 27073   present: 11   in FES: 7
** Event #217088   t=1050.918941257927   Elapsed: 1050.86s (17m 30s)  16% completed  (16% total)
     Speed:     ev/sec=146.329   simsec/sec=1   ev/simsec=146.329
     Messages:  created: 27137   present: 12   in FES: 7
** Event #217600   t=1054.650380612248   Elapsed: 1054.6s (17m 34s)  16% completed  (16% total)
     Speed:     ev/sec=137.212   simsec/sec=1   ev/simsec=137.212
     Messages:  created: 27200   present: 9   in FES: 5
** Event #218112   t=1058.001110897503   Elapsed: 1057.95s (17m 37s)  16% completed  (16% total)
     Speed:     ev/sec=152.803   simsec/sec=1   ev/simsec=152.803
     Messages:  created: 27265   present: 10   in FES: 6
** Event #218368   t=1060.263290937164   Elapsed: 1060.21s (17m 40s)  16% completed  (16% total)
     Speed:     ev/sec=113.165   simsec/sec=1   ev/simsec=113.165
     Messages:  created: 27297   present: 12   in FES: 7
** Event #218624   t=1062.853260731354   Elapsed: 1062.8s (17m 42s)  16% completed  (16% total)
     Speed:     ev/sec=98.8428   simsec/sec=0.999999   ev/simsec=98.8429
     Messages:  created: 27328   present: 9   in FES: 5
** Event #218880   t=1065.0131242233   Elapsed: 1064.96s (17m 44s)  16% completed  (16% total)
     Speed:     ev/sec=118.525   simsec/sec=0.999994   ev/simsec=118.526
     Messages:  created: 27360   present: 9   in FES: 5
** Event #219392   t=1067.766915217289   Elapsed: 1067.71s (17m 47s)  16% completed  (16% total)
     Speed:     ev/sec=185.926   simsec/sec=1   ev/simsec=185.926
     Messages:  created: 27424   present: 9   in FES: 5
** Event #219904   t=1070.239555125962   Elapsed: 1070.18s (17m 50s)  16% completed  (16% total)
     Speed:     ev/sec=207.066   simsec/sec=1   ev/simsec=207.066
     Messages:  created: 27489   present: 10   in FES: 6
** Event #220416   t=1072.885192263197   Elapsed: 1072.83s (17m 52s)  17% completed  (17% total)
     Speed:     ev/sec=193.526   simsec/sec=1   ev/simsec=193.526
     Messages:  created: 27552   present: 9   in FES: 5
** Event #220928   t=1075.759928771818   Elapsed: 1075.71s (17m 55s)  17% completed  (17% total)
     Speed:     ev/sec=178.103   simsec/sec=1   ev/simsec=178.103
     Messages:  created: 27617   present: 10   in FES: 6
** Event #221440   t=1078.376684473159   Elapsed: 1078.32s (17m 58s)  17% completed  (17% total)
     Speed:     ev/sec=195.66   simsec/sec=0.99999   ev/simsec=195.662
     Messages:  created: 27681   present: 10   in FES: 6
** Event #221952   t=1081.113442685899   Elapsed: 1081.06s (18m 01s)  17% completed  (17% total)
     Speed:     ev/sec=187.084   simsec/sec=1.00001   ev/simsec=187.083
     Messages:  created: 27744   present: 11   in FES: 6
** Event #222464   t=1084.075811051402   Elapsed: 1084.02s (18m 04s)  17% completed  (17% total)
     Speed:     ev/sec=172.83   simsec/sec=0.999974   ev/simsec=172.835
     Messages:  created: 27808   present: 9   in FES: 5
** Event #222976   t=1086.94760523696   Elapsed: 1086.89s (18m 06s)  17% completed  (17% total)
     Speed:     ev/sec=178.291   simsec/sec=1.00003   ev/simsec=178.286
     Messages:  created: 27872   present: 9   in FES: 5
** Event #223488   t=1089.361173123463   Elapsed: 1089.31s (18m 09s)  17% completed  (17% total)
     Speed:     ev/sec=212.127   simsec/sec=0.999968   ev/simsec=212.134
     Messages:  created: 27936   present: 9   in FES: 5
** Event #224000   t=1093.525070283077   Elapsed: 1093.47s (18m 13s)  17% completed  (17% total)
     Speed:     ev/sec=122.964   simsec/sec=1.00001   ev/simsec=122.962
     Messages:  created: 28000   present: 9   in FES: 5
** Event #224512   t=1096.740865784588   Elapsed: 1096.69s (18m 16s)  17% completed  (17% total)
     Speed:     ev/sec=159.215   simsec/sec=1   ev/simsec=159.214
     Messages:  created: 28064   present: 9   in FES: 5
** Event #224768   t=1099.098557032653   Elapsed: 1099.04s (18m 19s)  17% completed  (17% total)
     Speed:     ev/sec=108.579   simsec/sec=0.999985   ev/simsec=108.581
     Messages:  created: 28096   present: 10   in FES: 6
** Event #225024   t=1101.542020322358   Elapsed: 1101.49s (18m 21s)  17% completed  (17% total)
     Speed:     ev/sec=104.771   simsec/sec=1.00001   ev/simsec=104.769
     Messages:  created: 28128   present: 10   in FES: 6
** Event #225280   t=1104.894406100278   Elapsed: 1104.84s (18m 24s)  17% completed  (17% total)
     Speed:     ev/sec=76.3609   simsec/sec=0.999966   ev/simsec=76.3635
     Messages:  created: 28160   present: 9   in FES: 5
** Event #225536   t=1107.927037333425   Elapsed: 1107.87s (18m 27s)  17% completed  (17% total)
     Speed:     ev/sec=84.4183   simsec/sec=1.00004   ev/simsec=84.4151
     Messages:  created: 28192   present: 10   in FES: 6
** Event #225792   t=1110.065592779119   Elapsed: 1110.01s (18m 30s)  17% completed  (17% total)
     Speed:     ev/sec=119.701   simsec/sec=0.999946   ev/simsec=119.707
     Messages:  created: 28224   present: 9   in FES: 5
** Event #226048   t=1113.84588989025   Elapsed: 1113.79s (18m 33s)  17% completed  (17% total)
     Speed:     ev/sec=67.7214   simsec/sec=1.00003   ev/simsec=67.7195
     Messages:  created: 28256   present: 9   in FES: 5
** Event #226304   t=1116.373702952201   Elapsed: 1116.32s (18m 36s)  17% completed  (17% total)
     Speed:     ev/sec=101.274   simsec/sec=1   ev/simsec=101.273
     Messages:  created: 28288   present: 9   in FES: 5
** Event #226816   t=1121.333388690164   Elapsed: 1121.28s (18m 41s)  17% completed  (17% total)
     Speed:     ev/sec=103.231   simsec/sec=0.999986   ev/simsec=103.232
     Messages:  created: 28352   present: 9   in FES: 5
** Event #227072   t=1124.535123427673   Elapsed: 1124.48s (18m 44s)  17% completed  (17% total)
     Speed:     ev/sec=79.9583   simsec/sec=1.00002   ev/simsec=79.9567
     Messages:  created: 28384   present: 10   in FES: 6
** Event #227584   t=1127.720231817492   Elapsed: 1127.67s (18m 47s)  17% completed  (17% total)
     Speed:     ev/sec=160.748   simsec/sec=1   ev/simsec=160.748
     Messages:  created: 28449   present: 12   in FES: 8
** Event #228096   t=1130.882086181441   Elapsed: 1130.83s (18m 50s)  17% completed  (17% total)
     Speed:     ev/sec=161.93   simsec/sec=1   ev/simsec=161.93
     Messages:  created: 28512   present: 9   in FES: 5
** Event #228608   t=1135.212929367853   Elapsed: 1135.16s (18m 55s)  18% completed  (18% total)
     Speed:     ev/sec=118.219   simsec/sec=0.999979   ev/simsec=118.222
     Messages:  created: 28576   present: 9   in FES: 5
** Event #228864   t=1137.688711237579   Elapsed: 1137.63s (18m 57s)  18% completed  (18% total)
     Speed:     ev/sec=103.402   simsec/sec=1   ev/simsec=103.402
     Messages:  created: 28608   present: 9   in FES: 5
** Event #229120   t=1141.33028741065   Elapsed: 1141.28s (19m 01s)  18% completed  (18% total)
     Speed:     ev/sec=70.299   simsec/sec=0.999996   ev/simsec=70.2992
     Messages:  created: 28639   present: 9   in FES: 5
** Event #229376   t=1144.091726519595   Elapsed: 1144.04s (19m 04s)  18% completed  (18% total)
     Speed:     ev/sec=92.7045   simsec/sec=0.999992   ev/simsec=92.7053
     Messages:  created: 28671   present: 9   in FES: 5
** Event #229632   t=1146.51595766921   Elapsed: 1146.46s (19m 06s)  18% completed  (18% total)
     Speed:     ev/sec=105.606   simsec/sec=1.00005   ev/simsec=105.6
     Messages:  created: 28703   present: 10   in FES: 6
** Event #230144   t=1149.264658075932   Elapsed: 1149.21s (19m 09s)  18% completed  (18% total)
     Speed:     ev/sec=186.27   simsec/sec=0.999998   ev/simsec=186.27
     Messages:  created: 28767   present: 9   in FES: 5
** Event #230656   t=1153.621662302242   Elapsed: 1153.57s (19m 13s)  18% completed  (18% total)
     Speed:     ev/sec=117.512   simsec/sec=1   ev/simsec=117.512
     Messages:  created: 28831   present: 10   in FES: 6
** Event #231424   t=1156.386091839198   Elapsed: 1156.33s (19m 16s)  18% completed  (18% total)
     Speed:     ev/sec=277.815   simsec/sec=0.999999   ev/simsec=277.815
     Messages:  created: 28928   present: 11   in FES: 6
** Event #232192   t=1158.446837085104   Elapsed: 1158.39s (19m 18s)  18% completed  (18% total)
     Speed:     ev/sec=372.67   simsec/sec=0.999972   ev/simsec=372.681
     Messages:  created: 29023   present: 9   in FES: 5
** Event #232704   t=1161.939128943002   Elapsed: 1161.88s (19m 21s)  18% completed  (18% total)
     Speed:     ev/sec=146.611   simsec/sec=1.00002   ev/simsec=146.609
     Messages:  created: 29088   present: 11   in FES: 6
** Event #233216   t=1164.288735447994   Elapsed: 1164.23s (19m 24s)  18% completed  (18% total)
     Speed:     ev/sec=217.909   simsec/sec=0.999999   ev/simsec=217.909
     Messages:  created: 29151   present: 9   in FES: 5
** Event #233728   t=1166.563692169721   Elapsed: 1166.51s (19m 26s)  18% completed  (18% total)
     Speed:     ev/sec=225.059   simsec/sec=1   ev/simsec=225.059
     Messages:  created: 29215   present: 10   in FES: 6
** Event #234240   t=1169.415166045448   Elapsed: 1169.38s (19m 29s)  18% completed  (18% total)
     Speed:     ev/sec=178.36   simsec/sec=0.99334   ev/simsec=179.556
     Messages:  created: 29280   present: 12   in FES: 7
** Event #234752   t=1172.248506235656   Elapsed: 1172.19s (19m 32s)  18% completed  (18% total)
     Speed:     ev/sec=181.933   simsec/sec=1.00679   ev/simsec=180.705
     Messages:  created: 29343   present: 10   in FES: 6
** Event #235264   t=1175.100733521741   Elapsed: 1175.05s (19m 35s)  18% completed  (18% total)
     Speed:     ev/sec=179.508   simsec/sec=0.999996   ev/simsec=179.509
     Messages:  created: 29407   present: 9   in FES: 5
** Event #235776   t=1178.152660221724   Elapsed: 1178.1s (19m 38s)  18% completed  (18% total)
     Speed:     ev/sec=167.763   simsec/sec=1   ev/simsec=167.763
     Messages:  created: 29471   present: 10   in FES: 6
** Event #236544   t=1181.493009618054   Elapsed: 1181.44s (19m 41s)  18% completed  (18% total)
     Speed:     ev/sec=229.916   simsec/sec=1   ev/simsec=229.916
     Messages:  created: 29567   present: 10   in FES: 6
** Event #237056   t=1183.593421228705   Elapsed: 1183.55s (19m 43s)  18% completed  (18% total)
     Speed:     ev/sec=242.123   simsec/sec=0.993277   ev/simsec=243.762
     Messages:  created: 29632   present: 12   in FES: 7
** Event #237568   t=1187.217262543982   Elapsed: 1187.16s (19m 47s)  18% completed  (18% total)
     Speed:     ev/sec=141.843   simsec/sec=1.00394   ev/simsec=141.287
     Messages:  created: 29696   present: 11   in FES: 7
** Event #238080   t=1189.857045438816   Elapsed: 1189.8s (19m 49s)  18% completed  (18% total)
     Speed:     ev/sec=193.955   simsec/sec=1   ev/simsec=193.955
     Messages:  created: 29759   present: 10   in FES: 6
** Event #238592   t=1194.422951158961   Elapsed: 1194.37s (19m 54s)  18% completed  (18% total)
     Speed:     ev/sec=112.134   simsec/sec=0.999987   ev/simsec=112.135
     Messages:  created: 29823   present: 9   in FES: 5
** Event #238848   t=1197.015970321741   Elapsed: 1196.96s (19m 56s)  19% completed  (19% total)
     Speed:     ev/sec=98.7139   simsec/sec=0.999872   ev/simsec=98.7266
     Messages:  created: 29856   present: 12   in FES: 7
** Event #239104   t=1199.337651745972   Elapsed: 1199.28s (19m 59s)  19% completed  (19% total)
     Speed:     ev/sec=110.281   simsec/sec=1.00014   ev/simsec=110.265
     Messages:  created: 29887   present: 9   in FES: 5
** Event #239360   t=1203.043199157684   Elapsed: 1202.99s (20m 02s)  19% completed  (19% total)
     Speed:     ev/sec=69.0866   simsec/sec=1.00001   ev/simsec=69.0856
     Messages:  created: 29919   present: 10   in FES: 6
** Event #239616   t=1205.713807670869   Elapsed: 1205.66s (20m 05s)  19% completed  (19% total)
     Speed:     ev/sec=95.8583   simsec/sec=1   ev/simsec=95.8583
     Messages:  created: 29950   present: 9   in FES: 5
** Event #239872   t=1209.061840597678   Elapsed: 1209.01s (20m 09s)  19% completed  (19% total)
     Speed:     ev/sec=76.4628   simsec/sec=1   ev/simsec=76.4628
     Messages:  created: 29983   present: 10   in FES: 6
** Event #240384   t=1213.21626037416   Elapsed: 1213.16s (20m 13s)  19% completed  (19% total)
     Speed:     ev/sec=123.242   simsec/sec=1   ev/simsec=123.242
     Messages:  created: 30046   present: 9   in FES: 5
** Event #240640   t=1216.344969187971   Elapsed: 1216.29s (20m 16s)  19% completed  (19% total)
     Speed:     ev/sec=81.823   simsec/sec=1   ev/simsec=81.8229
     Messages:  created: 30078   present: 9   in FES: 5
** Event #241152   t=1219.100276752831   Elapsed: 1219.05s (20m 19s)  19% completed  (19% total)
     Speed:     ev/sec=185.823   simsec/sec=1   ev/simsec=185.823
     Messages:  created: 30142   present: 9   in FES: 5
** Event #241408   t=1221.55073418537   Elapsed: 1221.5s (20m 21s)  19% completed  (19% total)
     Speed:     ev/sec=104.47   simsec/sec=0.999999   ev/simsec=104.47
     Messages:  created: 30174   present: 9   in FES: 5
** Event #241920   t=1224.150472048234   Elapsed: 1224.1s (20m 24s)  19% completed  (19% total)
     Speed:     ev/sec=196.814   simsec/sec=0.999343   ev/simsec=196.943
     Messages:  created: 30239   present: 11   in FES: 7
** Event #242176   t=1226.393128650251   Elapsed: 1226.34s (20m 26s)  19% completed  (19% total)
     Speed:     ev/sec=114.237   simsec/sec=1.00076   ev/simsec=114.15
     Messages:  created: 30270   present: 9   in FES: 5
** Event #242432   t=1229.775895032154   Elapsed: 1229.72s (20m 29s)  19% completed  (19% total)
     Speed:     ev/sec=75.6777   simsec/sec=1   ev/simsec=75.6777
     Messages:  created: 30302   present: 9   in FES: 5
** Event #242688   t=1232.819530651693   Elapsed: 1232.78s (20m 32s)  19% completed  (19% total)
     Speed:     ev/sec=83.7208   simsec/sec=0.995373   ev/simsec=84.1099
     Messages:  created: 30335   present: 11   in FES: 7
** Event #243200   t=1237.736023484791   Elapsed: 1237.68s (20m 37s)  19% completed  (19% total)
     Speed:     ev/sec=104.44   simsec/sec=1.00289   ev/simsec=104.139
     Messages:  created: 30398   present: 9   in FES: 5
** Event #243456   t=1239.748503732535   Elapsed: 1239.7s (20m 39s)  19% completed  (19% total)
     Speed:     ev/sec=126.979   simsec/sec=0.998215   ev/simsec=127.206
     Messages:  created: 30431   present: 11   in FES: 7
** Event #243968   t=1243.743356499488   Elapsed: 1243.69s (20m 43s)  19% completed  (19% total)
     Speed:     ev/sec=128.28   simsec/sec=1.0009   ev/simsec=128.165
     Messages:  created: 30494   present: 9   in FES: 5
** Event #244480   t=1248.190510291879   Elapsed: 1248.14s (20m 48s)  19% completed  (19% total)
     Speed:     ev/sec=115.13   simsec/sec=1   ev/simsec=115.13
     Messages:  created: 30559   present: 10   in FES: 6
** Event #244736   t=1250.527464420929   Elapsed: 1250.47s (20m 50s)  19% completed  (19% total)
     Speed:     ev/sec=109.544   simsec/sec=1   ev/simsec=109.544
     Messages:  created: 30590   present: 9   in FES: 5
** Event #245248   t=1252.604262657654   Elapsed: 1252.57s (20m 52s)  19% completed  (19% total)
     Speed:     ev/sec=244.534   simsec/sec=0.99189   ev/simsec=246.533
     Messages:  created: 30655   present: 11   in FES: 7
** Event #246016   t=1255.391925275189   Elapsed: 1255.34s (20m 55s)  19% completed  (19% total)
     Speed:     ev/sec=277.188   simsec/sec=1.00613   ev/simsec=275.5
     Messages:  created: 30751   present: 10   in FES: 6
** Event #246528   t=1257.425482838985   Elapsed: 1257.37s (20m 57s)  19% completed  (19% total)
     Speed:     ev/sec=251.775   simsec/sec=0.999999   ev/simsec=251.776
     Messages:  created: 30815   present: 10   in FES: 6
** Event #246784   t=1259.464776981406   Elapsed: 1259.41s (20m 59s)  19% completed  (19% total)
     Speed:     ev/sec=125.534   simsec/sec=1   ev/simsec=125.534
     Messages:  created: 30846   present: 9   in FES: 5
** Event #247040   t=1261.859169793007   Elapsed: 1261.82s (21m 01s)  20% completed  (20% total)
     Speed:     ev/sec=106.35   simsec/sec=0.994702   ev/simsec=106.916
     Messages:  created: 30878   present: 10   in FES: 6
** Event #247552   t=1267.061609274053   Elapsed: 1267.01s (21m 07s)  20% completed  (20% total)
     Speed:     ev/sec=98.6571   simsec/sec=1.00246   ev/simsec=98.4154
     Messages:  created: 30943   present: 12   in FES: 7
** Event #248064   t=1271.177899963652   Elapsed: 1271.12s (21m 11s)  20% completed  (20% total)
     Speed:     ev/sec=124.346   simsec/sec=0.999694   ev/simsec=124.384
     Messages:  created: 31006   present: 10   in FES: 6
** Event #248320   t=1273.403968208304   Elapsed: 1273.36s (21m 13s)  20% completed  (20% total)
     Speed:     ev/sec=114.355   simsec/sec=0.994386   ev/simsec=115.001
     Messages:  created: 31038   present: 10   in FES: 6
** Event #248832   t=1276.897275272548   Elapsed: 1276.9s (21m 16s)  20% completed  (20% total)
     Speed:     ev/sec=144.962   simsec/sec=0.989053   ev/simsec=146.566
     Messages:  created: 31102   present: 10   in FES: 6
** Event #249344   t=1280.155618639166   Elapsed: 1280.12s (21m 20s)  20% completed  (20% total)
     Speed:     ev/sec=158.841   simsec/sec=1.01086   ev/simsec=157.135
     Messages:  created: 31166   present: 10   in FES: 5
** Event #249856   t=1283.558916018673   Elapsed: 1283.51s (21m 23s)  20% completed  (20% total)
     Speed:     ev/sec=150.754   simsec/sec=1.00207   ev/simsec=150.442
     Messages:  created: 31230   present: 10   in FES: 6
** Event #250112   t=1285.976243722085   Elapsed: 1285.92s (21m 25s)  20% completed  (20% total)
     Speed:     ev/sec=106.362   simsec/sec=1.00435   ev/simsec=105.902
     Messages:  created: 31262   present: 9   in FES: 5
** Event #250368   t=1288.189160118959   Elapsed: 1288.13s (21m 28s)  20% completed  (20% total)
     Speed:     ev/sec=115.684   simsec/sec=1   ev/simsec=115.684
     Messages:  created: 31294   present: 9   in FES: 5
** Event #250880   t=1291.197759655901   Elapsed: 1291.14s (21m 31s)  20% completed  (20% total)
     Speed:     ev/sec=170.178   simsec/sec=0.999993   ev/simsec=170.179
     Messages:  created: 31358   present: 9   in FES: 5
** Event #251136   t=1293.480224620044   Elapsed: 1293.43s (21m 33s)  20% completed  (20% total)
     Speed:     ev/sec=112.16   simsec/sec=1.00001   ev/simsec=112.159
     Messages:  created: 31390   present: 9   in FES: 5
** Event #251648   t=1297.254293753609   Elapsed: 1297.2s (21m 37s)  20% completed  (20% total)
     Speed:     ev/sec=135.663   simsec/sec=1   ev/simsec=135.663
     Messages:  created: 31454   present: 9   in FES: 5
** Event #252160   t=1299.41195367689   Elapsed: 1299.36s (21m 39s)  20% completed  (20% total)
     Speed:     ev/sec=237.294   simsec/sec=1   ev/simsec=237.294
     Messages:  created: 31518   present: 9   in FES: 5
** Event #252672   t=1303.033824969363   Elapsed: 1302.98s (21m 42s)  20% completed  (20% total)
     Speed:     ev/sec=141.279   simsec/sec=0.999405   ev/simsec=141.363
     Messages:  created: 31582   present: 10   in FES: 6
** Event #252928   t=1305.325186660234   Elapsed: 1305.27s (21m 45s)  20% completed  (20% total)
     Speed:     ev/sec=111.829   simsec/sec=1.00094   ev/simsec=111.724
     Messages:  created: 31614   present: 9   in FES: 5
** Event #253440   t=1308.482662310612   Elapsed: 1308.43s (21m 48s)  20% completed  (20% total)
     Speed:     ev/sec=162.155   simsec/sec=1   ev/simsec=162.155
     Messages:  created: 31678   present: 9   in FES: 5
** Event #253952   t=1312.367413144759   Elapsed: 1312.31s (21m 52s)  20% completed  (20% total)
     Speed:     ev/sec=131.797   simsec/sec=1   ev/simsec=131.797
     Messages:  created: 31742   present: 9   in FES: 5
** Event #254464   t=1316.682461055361   Elapsed: 1316.64s (21m 56s)  20% completed  (20% total)
     Speed:     ev/sec=118.191   simsec/sec=0.996091   ev/simsec=118.655
     Messages:  created: 31806   present: 10   in FES: 6
** Event #254720   t=1319.803574020001   Elapsed: 1319.75s (21m 59s)  20% completed  (20% total)
     Speed:     ev/sec=82.4693   simsec/sec=1.00545   ev/simsec=82.022
     Messages:  created: 31838   present: 9   in FES: 5
** Event #254976   t=1322.480813247692   Elapsed: 1322.45s (22m 02s)  20% completed  (20% total)
     Speed:     ev/sec=94.646   simsec/sec=0.989804   ev/simsec=95.6209
     Messages:  created: 31869   present: 9   in FES: 5
** Event #255488   t=1325.076635625793   Elapsed: 1325.02s (22m 05s)  21% completed  (21% total)
     Speed:     ev/sec=199.358   simsec/sec=1.01074   ev/simsec=197.24
     Messages:  created: 31935   present: 13   in FES: 8
** Event #256000   t=1327.335068986471   Elapsed: 1327.31s (22m 07s)  21% completed  (21% total)
     Speed:     ev/sec=224.138   simsec/sec=0.988675   ev/simsec=226.706
     Messages:  created: 31997   present: 9   in FES: 5
** Event #256256   t=1331.175713035142   Elapsed: 1331.16s (22m 11s)  21% completed  (21% total)
     Speed:     ev/sec=66.3718   simsec/sec=0.995745   ev/simsec=66.6555
     Messages:  created: 32029   present: 9   in FES: 5
** Event #256512   t=1333.799456809464   Elapsed: 1333.76s (22m 13s)  21% completed  (21% total)
     Speed:     ev/sec=98.5045   simsec/sec=1.00957   ev/simsec=97.5705
     Messages:  created: 32061   present: 9   in FES: 5
** Event #257024   t=1337.716805058442   Elapsed: 1337.73s (22m 17s)  21% completed  (21% total)
     Speed:     ev/sec=129.104   simsec/sec=0.987784   ev/simsec=130.701
     Messages:  created: 32125   present: 9   in FES: 5
** Event #257536   t=1340.500264310878   Elapsed: 1340.46s (22m 20s)  21% completed  (21% total)
     Speed:     ev/sec=187.692   simsec/sec=1.02038   ev/simsec=183.944
     Messages:  created: 32189   present: 9   in FES: 5
** Event #258048   t=1344.168549365007   Elapsed: 1344.14s (22m 24s)  21% completed  (21% total)
     Speed:     ev/sec=138.867   simsec/sec=0.99493   ev/simsec=139.575
     Messages:  created: 32253   present: 9   in FES: 5
** Event #258304   t=1346.584992795923   Elapsed: 1346.53s (22m 26s)  21% completed  (21% total)
     Speed:     ev/sec=107.226   simsec/sec=1.01213   ev/simsec=105.941
     Messages:  created: 32287   present: 13   in FES: 7
** Event #258816   t=1349.126807792011   Elapsed: 1349.07s (22m 29s)  21% completed  (21% total)
     Speed:     ev/sec=201.26   simsec/sec=0.999152   ev/simsec=201.431
     Messages:  created: 32349   present: 9   in FES: 5
** Event #259072   t=1351.870551767229   Elapsed: 1351.82s (22m 31s)  21% completed  (21% total)
     Speed:     ev/sec=93.1201   simsec/sec=0.998038   ev/simsec=93.3032
     Messages:  created: 32381   present: 9   in FES: 5
** Event #259328   t=1354.970237930587   Elapsed: 1354.99s (22m 34s)  21% completed  (21% total)
     Speed:     ev/sec=80.7756   simsec/sec=0.978043   ev/simsec=82.589
     Messages:  created: 32413   present: 9   in FES: 5
** Event #259584   t=1358.19012415921   Elapsed: 1358.25s (22m 38s)  21% completed  (21% total)
     Speed:     ev/sec=78.6363   simsec/sec=0.989062   ev/simsec=79.5059
     Messages:  created: 32445   present: 9   in FES: 5
** Event #259840   t=1362.067473330403   Elapsed: 1362.04s (22m 42s)  21% completed  (21% total)
     Speed:     ev/sec=67.4265   simsec/sec=1.02123   ev/simsec=66.0245
     Messages:  created: 32477   present: 9   in FES: 5
** Event #260096   t=1366.348433492641   Elapsed: 1366.31s (22m 46s)  21% completed  (21% total)
     Speed:     ev/sec=60.0847   simsec/sec=1.00477   ev/simsec=59.7997
     Messages:  created: 32509   present: 9   in FES: 5
** Event #260352   t=1370.911794276794   Elapsed: 1370.92s (22m 50s)  21% completed  (21% total)
     Speed:     ev/sec=55.4963   simsec/sec=0.989257   ev/simsec=56.099
     Messages:  created: 32541   present: 9   in FES: 5
** Event #260864   t=1373.38374290056   Elapsed: 1373.33s (22m 53s)  21% completed  (21% total)
     Speed:     ev/sec=212.067   simsec/sec=1.02386   ev/simsec=207.124
     Messages:  created: 32605   present: 9   in FES: 5
** Event #261632   t=1376.178103373483   Elapsed: 1376.12s (22m 56s)  21% completed  (21% total)
     Speed:     ev/sec=275.209   simsec/sec=1.00135   ev/simsec=274.839
     Messages:  created: 32702   present: 11   in FES: 7
** Event #262144   t=1378.625024141573   Elapsed: 1378.59s (22m 58s)  21% completed  (21% total)
     Speed:     ev/sec=207.767   simsec/sec=0.99295   ev/simsec=209.243
     Messages:  created: 32765   present: 9   in FES: 5
** Event #262656   t=1382.22149531169   Elapsed: 1382.31s (23m 02s)  21% completed  (21% total)
     Speed:     ev/sec=137.435   simsec/sec=0.965395   ev/simsec=142.362
     Messages:  created: 32828   present: 8   in FES: 4
** Event #262912   t=1385.51422668003   Elapsed: 1385.46s (23m 05s)  21% completed  (21% total)
     Speed:     ev/sec=81.3619   simsec/sec=1.0465   ev/simsec=77.747
     Messages:  created: 32861   present: 11   in FES: 7
** Event #263168   t=1388.077349069633   Elapsed: 1388.04s (23m 08s)  22% completed  (22% total)
     Speed:     ev/sec=99.0961   simsec/sec=0.99217   ev/simsec=99.8782
     Messages:  created: 32892   present: 8   in FES: 4
** Event #263680   t=1392.088084680944   Elapsed: 1392.04s (23m 12s)  22% completed  (22% total)
     Speed:     ev/sec=128.196   simsec/sec=1.00422   ev/simsec=127.657
     Messages:  created: 32956   present: 8   in FES: 4
** Event #263936   t=1394.849532246983   Elapsed: 1394.79s (23m 14s)  22% completed  (22% total)
     Speed:     ev/sec=92.8182   simsec/sec=1.00122   ev/simsec=92.705
     Messages:  created: 32990   present: 14   in FES: 7
** Event #264448   t=1397.618697204379   Elapsed: 1397.59s (23m 17s)  22% completed  (22% total)
     Speed:     ev/sec=183.477   simsec/sec=0.992341   ev/simsec=184.893
     Messages:  created: 33052   present: 8   in FES: 4
** Event #264960   t=1400.502024390726   Elapsed: 1400.45s (23m 20s)  22% completed  (22% total)
     Speed:     ev/sec=178.899   simsec/sec=1.00747   ev/simsec=177.573
     Messages:  created: 33117   present: 11   in FES: 7
** Event #265216   t=1402.772334418324   Elapsed: 1402.77s (23m 22s)  22% completed  (22% total)
     Speed:     ev/sec=110.205   simsec/sec=0.977343   ev/simsec=112.76
     Messages:  created: 33148   present: 8   in FES: 4
** Event #265472   t=1406.371962083027   Elapsed: 1406.39s (23m 26s)  22% completed  (22% total)
     Speed:     ev/sec=70.6414   simsec/sec=0.993292   ev/simsec=71.1185
     Messages:  created: 33180   present: 8   in FES: 4
** Event #265984   t=1410.129935254002   Elapsed: 1410.08s (23m 30s)  22% completed  (22% total)
     Speed:     ev/sec=139.091   simsec/sec=1.0209   ev/simsec=136.244
     Messages:  created: 33245   present: 11   in FES: 7
** Event #266240   t=1412.384110970532   Elapsed: 1412.33s (23m 32s)  22% completed  (22% total)
     Speed:     ev/sec=113.567   simsec/sec=1   ev/simsec=113.567
     Messages:  created: 33277   present: 10   in FES: 6
** Event #266752   t=1415.940378489629   Elapsed: 1415.89s (23m 35s)  22% completed  (22% total)
     Speed:     ev/sec=143.971   simsec/sec=1   ev/simsec=143.971
     Messages:  created: 33341   present: 11   in FES: 7
** Event #267008   t=1419.557436526703   Elapsed: 1419.5s (23m 39s)  22% completed  (22% total)
     Speed:     ev/sec=70.7758   simsec/sec=1   ev/simsec=70.7758
     Messages:  created: 33373   present: 10   in FES: 6
** Event #267264   t=1422.34999578909   Elapsed: 1422.3s (23m 42s)  22% completed  (22% total)
     Speed:     ev/sec=91.6722   simsec/sec=1   ev/simsec=91.6722
     Messages:  created: 33405   present: 11   in FES: 7
** Event #267520   t=1425.248132986987   Elapsed: 1425.22s (23m 45s)  22% completed  (22% total)
     Speed:     ev/sec=87.5196   simsec/sec=0.990796   ev/simsec=88.3326
     Messages:  created: 33436   present: 8   in FES: 4
** Event #268032   t=1428.17487008828   Elapsed: 1428.12s (23m 48s)  22% completed  (22% total)
     Speed:     ev/sec=176.563   simsec/sec=1.00928   ev/simsec=174.939
     Messages:  created: 33501   present: 10   in FES: 6
** Event #268544   t=1434.153063587048   Elapsed: 1434.11s (23m 54s)  22% completed  (22% total)
     Speed:     ev/sec=85.463   simsec/sec=0.997879   ev/simsec=85.6446
     Messages:  created: 33564   present: 8   in FES: 4
** Event #269056   t=1436.357471161097   Elapsed: 1436.3s (23m 56s)  22% completed  (22% total)
     Speed:     ev/sec=233.608   simsec/sec=1.0058   ev/simsec=232.262
     Messages:  created: 33629   present: 11   in FES: 7
** Event #269568   t=1439.110940098264   Elapsed: 1439.06s (23m 59s)  22% completed  (22% total)
     Speed:     ev/sec=185.947   simsec/sec=1   ev/simsec=185.947
     Messages:  created: 33693   present: 10   in FES: 6
** Event #270080   t=1442.196388651636   Elapsed: 1442.14s (24m 02s)  22% completed  (22% total)
     Speed:     ev/sec=165.94   simsec/sec=0.999999   ev/simsec=165.94
     Messages:  created: 33756   present: 9   in FES: 5
** Event #270592   t=1445.024858030583   Elapsed: 1444.97s (24m 04s)  22% completed  (22% total)
     Speed:     ev/sec=181.015   simsec/sec=0.999989   ev/simsec=181.017
     Messages:  created: 33820   present: 9   in FES: 5
** Event #271104   t=1447.844808387654   Elapsed: 1447.79s (24m 07s)  22% completed  (22% total)
     Speed:     ev/sec=181.566   simsec/sec=1.00001   ev/simsec=181.563
     Messages:  created: 33884   present: 9   in FES: 5
** Event #271360   t=1450.339594364355   Elapsed: 1450.28s (24m 10s)  23% completed  (23% total)
     Speed:     ev/sec=102.614   simsec/sec=1   ev/simsec=102.614
     Messages:  created: 33916   present: 10   in FES: 6
** Event #271616   t=1453.160984879656   Elapsed: 1453.11s (24m 13s)  23% completed  (23% total)
     Speed:     ev/sec=90.7331   simsec/sec=0.999975   ev/simsec=90.7354
     Messages:  created: 33948   present: 9   in FES: 5
** Event #271872   t=1456.035320255176   Elapsed: 1455.98s (24m 15s)  23% completed  (23% total)
     Speed:     ev/sec=89.0662   simsec/sec=1.00002   ev/simsec=89.0641
     Messages:  created: 33980   present: 10   in FES: 6
** Event #272128   t=1461.023260378088   Elapsed: 1460.97s (24m 20s)  23% completed  (23% total)
     Speed:     ev/sec=51.3222   simsec/sec=0.999969   ev/simsec=51.3238
     Messages:  created: 34012   present: 9   in FES: 5
** Event #272384   t=1463.620310481594   Elapsed: 1463.57s (24m 23s)  23% completed  (23% total)
     Speed:     ev/sec=98.5792   simsec/sec=1.00006   ev/simsec=98.5734
     Messages:  created: 34044   present: 10   in FES: 6
** Event #272896   t=1465.748400994486   Elapsed: 1465.69s (24m 25s)  23% completed  (23% total)
     Speed:     ev/sec=240.591   simsec/sec=1   ev/simsec=240.591
     Messages:  created: 34108   present: 10   in FES: 6
** Event #273152   t=1468.50996161955   Elapsed: 1468.46s (24m 28s)  23% completed  (23% total)
     Speed:     ev/sec=92.7012   simsec/sec=1   ev/simsec=92.7012
     Messages:  created: 34140   present: 9   in FES: 5
** Event #273408   t=1471.257536933287   Elapsed: 1471.2s (24m 31s)  23% completed  (23% total)
     Speed:     ev/sec=93.172   simsec/sec=0.999988   ev/simsec=93.1731
     Messages:  created: 34172   present: 9   in FES: 5
** Event #273664   t=1473.259236012166   Elapsed: 1473.2s (24m 33s)  23% completed  (23% total)
     Speed:     ev/sec=127.893   simsec/sec=1.00002   ev/simsec=127.891
     Messages:  created: 34205   present: 11   in FES: 7
** Event #273920   t=1476.239066156001   Elapsed: 1476.18s (24m 36s)  23% completed  (23% total)
     Speed:     ev/sec=85.9109   simsec/sec=1   ev/simsec=85.9109
     Messages:  created: 34236   present: 10   in FES: 6
** Event #274432   t=1480.454764543561   Elapsed: 1480.4s (24m 40s)  23% completed  (23% total)
     Speed:     ev/sec=121.451   simsec/sec=1   ev/simsec=121.451
     Messages:  created: 34300   present: 10   in FES: 6
** Event #274944   t=1483.360767406852   Elapsed: 1483.31s (24m 43s)  23% completed  (23% total)
     Speed:     ev/sec=176.187   simsec/sec=0.999999   ev/simsec=176.187
     Messages:  created: 34364   present: 9   in FES: 5
** Event #275456   t=1485.789549863328   Elapsed: 1485.73s (24m 45s)  23% completed  (23% total)
     Speed:     ev/sec=210.805   simsec/sec=1   ev/simsec=210.805
     Messages:  created: 34429   present: 11   in FES: 6
** Event #275968   t=1488.614495308937   Elapsed: 1488.56s (24m 48s)  23% completed  (23% total)
     Speed:     ev/sec=181.24   simsec/sec=0.999989   ev/simsec=181.242
     Messages:  created: 34492   present: 9   in FES: 5
** Event #276480   t=1492.021600498691   Elapsed: 1491.97s (24m 51s)  23% completed  (23% total)
     Speed:     ev/sec=150.275   simsec/sec=1.00001   ev/simsec=150.274
     Messages:  created: 34556   present: 10   in FES: 6
** Event #276992   t=1494.218151305708   Elapsed: 1494.16s (24m 54s)  23% completed  (23% total)
     Speed:     ev/sec=233.094   simsec/sec=1   ev/simsec=233.093
     Messages:  created: 34621   present: 11   in FES: 7
** Event #277504   t=1497.408084074884   Elapsed: 1497.35s (24m 57s)  23% completed  (23% total)
     Speed:     ev/sec=160.505   simsec/sec=1   ev/simsec=160.505
     Messages:  created: 34684   present: 9   in FES: 5
** Event #278016   t=1500.242301039642   Elapsed: 1500.19s (25m 00s)  23% completed  (23% total)
     Speed:     ev/sec=180.65   simsec/sec=1   ev/simsec=180.65
     Messages:  created: 34749   present: 12   in FES: 7
** Event #278528   t=1503.236808268018   Elapsed: 1503.18s (25m 03s)  23% completed  (23% total)
     Speed:     ev/sec=170.98   simsec/sec=1   ev/simsec=170.98
     Messages:  created: 34812   present: 10   in FES: 6
** Event #279296   t=1505.59312918352   Elapsed: 1505.54s (25m 05s)  23% completed  (23% total)
     Speed:     ev/sec=325.932   simsec/sec=0.999999   ev/simsec=325.932
     Messages:  created: 34908   present: 10   in FES: 6
** Event #279808   t=1507.64649238096   Elapsed: 1507.59s (25m 07s)  23% completed  (23% total)
     Speed:     ev/sec=249.347   simsec/sec=1   ev/simsec=249.347
     Messages:  created: 34971   present: 9   in FES: 5
** Event #280320   t=1510.026518871191   Elapsed: 1509.97s (25m 09s)  23% completed  (23% total)
     Speed:     ev/sec=215.124   simsec/sec=1   ev/simsec=215.124
     Messages:  created: 35035   present: 9   in FES: 5
** Event #281088   t=1513.148993777046   Elapsed: 1513.09s (25m 13s)  24% completed  (24% total)
     Speed:     ev/sec=245.958   simsec/sec=0.999999   ev/simsec=245.959
     Messages:  created: 35131   present: 9   in FES: 5
** Event #281600   t=1515.503021775439   Elapsed: 1515.45s (25m 15s)  24% completed  (24% total)
     Speed:     ev/sec=217.5   simsec/sec=1   ev/simsec=217.5
     Messages:  created: 35196   present: 10   in FES: 6
** Event #282112   t=1518.009302225962   Elapsed: 1517.95s (25m 17s)  24% completed  (24% total)
     Speed:     ev/sec=204.286   simsec/sec=0.999998   ev/simsec=204.287
     Messages:  created: 35259   present: 9   in FES: 5
** Event #282368   t=1521.277807064946   Elapsed: 1521.22s (25m 21s)  24% completed  (24% total)
     Speed:     ev/sec=78.3233   simsec/sec=1   ev/simsec=78.3233
     Messages:  created: 35292   present: 10   in FES: 6
** Event #282880   t=1524.906772601025   Elapsed: 1524.85s (25m 24s)  24% completed  (24% total)
     Speed:     ev/sec=141.087   simsec/sec=1   ev/simsec=141.087
     Messages:  created: 35355   present: 9   in FES: 5
** Event #283392   t=1527.358476237052   Elapsed: 1527.3s (25m 27s)  24% completed  (24% total)
     Speed:     ev/sec=208.834   simsec/sec=1   ev/simsec=208.834
     Messages:  created: 35420   present: 11   in FES: 7
** Event #284160   t=1530.002517654628   Elapsed: 1529.95s (25m 29s)  24% completed  (24% total)
     Speed:     ev/sec=290.465   simsec/sec=1   ev/simsec=290.464
     Messages:  created: 35516   present: 12   in FES: 8
** Event #284928   t=1532.239493326823   Elapsed: 1532.18s (25m 32s)  24% completed  (24% total)
     Speed:     ev/sec=343.321   simsec/sec=1   ev/simsec=343.321
     Messages:  created: 35612   present: 11   in FES: 7
** Event #285696   t=1536.680557501563   Elapsed: 1536.63s (25m 36s)  24% completed  (24% total)
     Speed:     ev/sec=172.931   simsec/sec=1   ev/simsec=172.932
     Messages:  created: 35708   present: 11   in FES: 7
** Event #286208   t=1538.840518124044   Elapsed: 1538.79s (25m 38s)  24% completed  (24% total)
     Speed:     ev/sec=237.04   simsec/sec=0.999994   ev/simsec=237.041
     Messages:  created: 35772   present: 12   in FES: 6
** Event #286720   t=1540.988717506514   Elapsed: 1540.93s (25m 40s)  24% completed  (24% total)
     Speed:     ev/sec=238.341   simsec/sec=1.00001   ev/simsec=238.339
     Messages:  created: 35836   present: 10   in FES: 6
** Event #287232   t=1543.114207549906   Elapsed: 1543.06s (25m 43s)  24% completed  (24% total)
     Speed:     ev/sec=240.886   simsec/sec=1   ev/simsec=240.886
     Messages:  created: 35900   present: 10   in FES: 6
** Event #287744   t=1545.578086159272   Elapsed: 1545.52s (25m 45s)  24% completed  (24% total)
     Speed:     ev/sec=207.802   simsec/sec=1   ev/simsec=207.802
     Messages:  created: 35965   present: 13   in FES: 8
** Event #288000   t=1547.582814767658   Elapsed: 1547.53s (25m 47s)  24% completed  (24% total)
     Speed:     ev/sec=127.698   simsec/sec=1   ev/simsec=127.698
     Messages:  created: 35996   present: 10   in FES: 6
** Event #288512   t=1551.099556370333   Elapsed: 1551.04s (25m 51s)  24% completed  (24% total)
     Speed:     ev/sec=145.589   simsec/sec=1   ev/simsec=145.589
     Messages:  created: 36059   present: 9   in FES: 5
** Event #289024   t=1554.10864530181   Elapsed: 1554.05s (25m 54s)  24% completed  (24% total)
     Speed:     ev/sec=170.15   simsec/sec=0.999995   ev/simsec=170.151
     Messages:  created: 36123   present: 9   in FES: 5
** Event #289280   t=1556.130357766191   Elapsed: 1556.08s (25m 56s)  24% completed  (24% total)
     Speed:     ev/sec=126.626   simsec/sec=1.00001   ev/simsec=126.625
     Messages:  created: 36155   present: 9   in FES: 5
** Event #290048   t=1558.751286428049   Elapsed: 1558.7s (25m 58s)  24% completed  (24% total)
     Speed:     ev/sec=293.026   simsec/sec=1   ev/simsec=293.026
     Messages:  created: 36252   present: 10   in FES: 6
** Event #290560   t=1562.35296850233   Elapsed: 1562.3s (26m 02s)  24% completed  (24% total)
     Speed:     ev/sec=142.156   simsec/sec=0.999999   ev/simsec=142.156
     Messages:  created: 36315   present: 9   in FES: 5
** Event #291072   t=1565.721627466204   Elapsed: 1565.67s (26m 05s)  24% completed  (24% total)
     Speed:     ev/sec=151.989   simsec/sec=0.999997   ev/simsec=151.989
     Messages:  created: 36379   present: 9   in FES: 5
** Event #291584   t=1569.347458148883   Elapsed: 1569.29s (26m 09s)  24% completed  (24% total)
     Speed:     ev/sec=141.208   simsec/sec=0.999989   ev/simsec=141.209
     Messages:  created: 36443   present: 9   in FES: 5
** Event #292096   t=1574.145522371499   Elapsed: 1574.09s (26m 14s)  24% completed  (24% total)
     Speed:     ev/sec=106.711   simsec/sec=1.00001   ev/simsec=106.71
     Messages:  created: 36507   present: 10   in FES: 6
** Event #292608   t=1576.631379989668   Elapsed: 1576.58s (26m 16s)  25% completed  (25% total)
     Speed:     ev/sec=205.966   simsec/sec=1   ev/simsec=205.965
     Messages:  created: 36571   present: 11   in FES: 7
** Event #293376   t=1579.274161809757   Elapsed: 1579.22s (26m 19s)  25% completed  (25% total)
     Speed:     ev/sec=290.603   simsec/sec=0.999999   ev/simsec=290.603
     Messages:  created: 36667   present: 10   in FES: 6
** Event #293888   t=1581.289732081045   Elapsed: 1581.24s (26m 21s)  25% completed  (25% total)
     Speed:     ev/sec=254.023   simsec/sec=1   ev/simsec=254.022
     Messages:  created: 36731   present: 9   in FES: 5
** Event #294400   t=1584.322873903189   Elapsed: 1584.27s (26m 24s)  25% completed  (25% total)
     Speed:     ev/sec=168.802   simsec/sec=1   ev/simsec=168.802
     Messages:  created: 36796   present: 12   in FES: 8
** Event #294912   t=1587.49963743987   Elapsed: 1587.44s (26m 27s)  25% completed  (25% total)
     Speed:     ev/sec=161.17   simsec/sec=1   ev/simsec=161.17
     Messages:  created: 36859   present: 10   in FES: 6
** Event #295424   t=1591.566391078449   Elapsed: 1591.51s (26m 31s)  25% completed  (25% total)
     Speed:     ev/sec=125.9   simsec/sec=1.00001   ev/simsec=125.899
     Messages:  created: 36923   present: 9   in FES: 5
** Event #295936   t=1594.994356041257   Elapsed: 1594.94s (26m 34s)  25% completed  (25% total)
     Speed:     ev/sec=149.358   simsec/sec=0.999992   ev/simsec=149.36
     Messages:  created: 36987   present: 9   in FES: 5
** Event #296448   t=1598.392938042045   Elapsed: 1598.34s (26m 38s)  25% completed  (25% total)
     Speed:     ev/sec=150.651   simsec/sec=1   ev/simsec=150.651
     Messages:  created: 37051   present: 11   in FES: 7
** Event #296704   t=1600.697574269274   Elapsed: 1600.64s (26m 40s)  25% completed  (25% total)
     Speed:     ev/sec=111.081   simsec/sec=1   ev/simsec=111.08
     Messages:  created: 37083   present: 11   in FES: 7
** Event #297216   t=1603.9572836658   Elapsed: 1603.9s (26m 43s)  25% completed  (25% total)
     Speed:     ev/sec=157.069   simsec/sec=1   ev/simsec=157.069
     Messages:  created: 37147   present: 9   in FES: 5
** Event #297728   t=1608.170951048885   Elapsed: 1608.12s (26m 48s)  25% completed  (25% total)
     Speed:     ev/sec=121.509   simsec/sec=0.999999   ev/simsec=121.509
     Messages:  created: 37211   present: 10   in FES: 6
** Event #297984   t=1611.261972506477   Elapsed: 1611.23s (26m 51s)  25% completed  (25% total)
     Speed:     ev/sec=82.1566   simsec/sec=0.991983   ev/simsec=82.8205
     Messages:  created: 37244   present: 13   in FES: 7
** Event #298496   t=1614.590235561839   Elapsed: 1614.54s (26m 54s)  25% completed  (25% total)
     Speed:     ev/sec=154.996   simsec/sec=1.00755   ev/simsec=153.834
     Messages:  created: 37307   present: 9   in FES: 5
** Event #299008   t=1617.125884096163   Elapsed: 1617.08s (26m 57s)  25% completed  (25% total)
     Speed:     ev/sec=201.605   simsec/sec=0.998435   ev/simsec=201.921
     Messages:  created: 37372   present: 13   in FES: 7
** Event #299520   t=1619.780328520563   Elapsed: 1619.73s (26m 59s)  25% completed  (25% total)
     Speed:     ev/sec=193.176   simsec/sec=1.00151   ev/simsec=192.884
     Messages:  created: 37435   present: 11   in FES: 7
** Event #300032   t=1623.983661860244   Elapsed: 1623.93s (27m 03s)  25% completed  (25% total)
     Speed:     ev/sec=121.808   simsec/sec=1   ev/simsec=121.808
     Messages:  created: 37499   present: 11   in FES: 7
** Event #300288   t=1626.473878303108   Elapsed: 1626.42s (27m 06s)  25% completed  (25% total)
     Speed:     ev/sec=102.802   simsec/sec=1   ev/simsec=102.802
     Messages:  created: 37530   present: 10   in FES: 6
** Event #300544   t=1629.416481079449   Elapsed: 1629.36s (27m 09s)  25% completed  (25% total)
     Speed:     ev/sec=86.9962   simsec/sec=0.999981   ev/simsec=86.9978
     Messages:  created: 37562   present: 9   in FES: 5
** Event #301056   t=1632.338121510798   Elapsed: 1632.28s (27m 12s)  25% completed  (25% total)
     Speed:     ev/sec=175.247   simsec/sec=1.00002   ev/simsec=175.244
     Messages:  created: 37626   present: 10   in FES: 6
** Event #301312   t=1635.012976252374   Elapsed: 1634.96s (27m 14s)  25% completed  (25% total)
     Speed:     ev/sec=95.7056   simsec/sec=0.999995   ev/simsec=95.7061
     Messages:  created: 37658   present: 9   in FES: 5
** Event #301824   t=1637.443810765517   Elapsed: 1637.39s (27m 17s)  25% completed  (25% total)
     Speed:     ev/sec=210.627   simsec/sec=0.999998   ev/simsec=210.627
     Messages:  created: 37722   present: 9   in FES: 5
** Event #302336   t=1640.285459668708   Elapsed: 1640.23s (27m 20s)  26% completed  (26% total)
     Speed:     ev/sec=180.178   simsec/sec=1.00001   ev/simsec=180.177
     Messages:  created: 37787   present: 11   in FES: 7
** Event #302848   t=1643.120707625135   Elapsed: 1643.07s (27m 23s)  26% completed  (26% total)
     Speed:     ev/sec=180.584   simsec/sec=1   ev/simsec=180.584
     Messages:  created: 37850   present: 9   in FES: 5
** Event #303104   t=1645.666742925288   Elapsed: 1645.61s (27m 25s)  26% completed  (26% total)
     Speed:     ev/sec=100.548   simsec/sec=1   ev/simsec=100.548
     Messages:  created: 37882   present: 9   in FES: 5
** Event #303360   t=1648.451052214352   Elapsed: 1648.4s (27m 28s)  26% completed  (26% total)
     Speed:     ev/sec=91.9419   simsec/sec=0.999979   ev/simsec=91.9438
     Messages:  created: 37914   present: 9   in FES: 5
** Event #303872   t=1651.98471998307   Elapsed: 1651.93s (27m 31s)  26% completed  (26% total)
     Speed:     ev/sec=144.894   simsec/sec=1.00002   ev/simsec=144.892
     Messages:  created: 37978   present: 9   in FES: 5
** Event #304384   t=1656.338780791765   Elapsed: 1656.28s (27m 36s)  26% completed  (26% total)
     Speed:     ev/sec=117.59   simsec/sec=0.999986   ev/simsec=117.591
     Messages:  created: 38042   present: 9   in FES: 5
** Event #304896   t=1659.811584126398   Elapsed: 1659.76s (27m 39s)  26% completed  (26% total)
     Speed:     ev/sec=147.434   simsec/sec=1.00002   ev/simsec=147.431
     Messages:  created: 38106   present: 9   in FES: 5
** Event #305664   t=1663.050084236767   Elapsed: 1663s (27m 42s)  26% completed  (26% total)
     Speed:     ev/sec=237.147   simsec/sec=1   ev/simsec=237.147
     Messages:  created: 38202   present: 10   in FES: 6
** Event #306176   t=1665.426955625137   Elapsed: 1665.37s (27m 45s)  26% completed  (26% total)
     Speed:     ev/sec=215.16   simsec/sec=0.998843   ev/simsec=215.409
     Messages:  created: 38270   present: 20   in FES: 7
** Event #306944   t=1668.244213493613   Elapsed: 1668.21s (27m 48s)  26% completed  (26% total)
     Speed:     ev/sec=270.731   simsec/sec=0.993124   ev/simsec=272.606
     Messages:  created: 38363   present: 12   in FES: 7
** Event #307456   t=1671.616966888485   Elapsed: 1671.56s (27m 51s)  26% completed  (26% total)
     Speed:     ev/sec=152.813   simsec/sec=1.00664   ev/simsec=151.805
     Messages:  created: 38426   present: 10   in FES: 6
** Event #307712   t=1674.383503750453   Elapsed: 1674.33s (27m 54s)  26% completed  (26% total)
     Speed:     ev/sec=92.5299   simsec/sec=0.999951   ev/simsec=92.5345
     Messages:  created: 38458   present: 9   in FES: 5
** Event #308224   t=1677.431576423448   Elapsed: 1677.38s (27m 57s)  26% completed  (26% total)
     Speed:     ev/sec=167.983   simsec/sec=1.00004   ev/simsec=167.975
     Messages:  created: 38522   present: 10   in FES: 6
** Event #308736   t=1679.810291586736   Elapsed: 1679.76s (27m 59s)  26% completed  (26% total)
     Speed:     ev/sec=215.242   simsec/sec=1   ev/simsec=215.242
     Messages:  created: 38586   present: 10   in FES: 6
** Event #309248   t=1682.48373875705   Elapsed: 1682.43s (28m 02s)  26% completed  (26% total)
     Speed:     ev/sec=191.456   simsec/sec=0.999702   ev/simsec=191.513
     Messages:  created: 38650   present: 11   in FES: 7
** Event #309760   t=1684.974364319992   Elapsed: 1684.92s (28m 04s)  26% completed  (26% total)
     Speed:     ev/sec=205.637   simsec/sec=1.00032   ev/simsec=205.571
     Messages:  created: 38714   present: 10   in FES: 6
** Event #310272   t=1688.128521759028   Elapsed: 1688.07s (28m 08s)  26% completed  (26% total)
     Speed:     ev/sec=162.325   simsec/sec=1   ev/simsec=162.325
     Messages:  created: 38778   present: 10   in FES: 6
** Event #310784   t=1691.42982505338   Elapsed: 1691.38s (28m 11s)  26% completed  (26% total)
     Speed:     ev/sec=155.09   simsec/sec=0.999998   ev/simsec=155.09
     Messages:  created: 38841   present: 9   in FES: 5
** Event #311040   t=1694.061998045607   Elapsed: 1694.01s (28m 14s)  26% completed  (26% total)
     Speed:     ev/sec=97.2582   simsec/sec=1   ev/simsec=97.258
     Messages:  created: 38873   present: 9   in FES: 5
** Event #311552   t=1698.406238755255   Elapsed: 1698.36s (28m 18s)  26% completed  (26% total)
     Speed:     ev/sec=117.588   simsec/sec=0.997718   ev/simsec=117.857
     Messages:  created: 38938   present: 11   in FES: 6
** Event #312064   t=1701.540390840916   Elapsed: 1701.49s (28m 21s)  27% completed  (27% total)
     Speed:     ev/sec=163.881   simsec/sec=1.00318   ev/simsec=163.362
     Messages:  created: 39002   present: 10   in FES: 6
** Event #312320   t=1703.730809120368   Elapsed: 1703.68s (28m 23s)  27% completed  (27% total)
     Speed:     ev/sec=116.873   simsec/sec=0.999999   ev/simsec=116.873
     Messages:  created: 39033   present: 9   in FES: 5
** Event #312576   t=1706.622166188522   Elapsed: 1706.57s (28m 26s)  27% completed  (27% total)
     Speed:     ev/sec=88.5395   simsec/sec=0.999997   ev/simsec=88.5397
     Messages:  created: 39067   present: 13   in FES: 8
** Event #313344   t=1708.78367959844   Elapsed: 1708.73s (28m 28s)  27% completed  (27% total)
     Speed:     ev/sec=355.308   simsec/sec=1   ev/simsec=355.307
     Messages:  created: 39162   present: 10   in FES: 6
** Event #313600   t=1711.092841813266   Elapsed: 1711.04s (28m 31s)  27% completed  (27% total)
     Speed:     ev/sec=110.863   simsec/sec=1   ev/simsec=110.863
     Messages:  created: 39194   present: 10   in FES: 6
** Event #313856   t=1713.688671557048   Elapsed: 1713.63s (28m 33s)  27% completed  (27% total)
     Speed:     ev/sec=98.6198   simsec/sec=1   ev/simsec=98.6197
     Messages:  created: 39225   present: 9   in FES: 5
** Event #314368   t=1717.753579669514   Elapsed: 1717.7s (28m 37s)  27% completed  (27% total)
     Speed:     ev/sec=125.956   simsec/sec=1   ev/simsec=125.956
     Messages:  created: 39289   present: 9   in FES: 5
** Event #314624   t=1720.51730783368   Elapsed: 1720.46s (28m 40s)  27% completed  (27% total)
     Speed:     ev/sec=92.6267   simsec/sec=0.99998   ev/simsec=92.6285
     Messages:  created: 39321   present: 9   in FES: 5
** Event #315136   t=1723.508879639799   Elapsed: 1723.46s (28m 43s)  27% completed  (27% total)
     Speed:     ev/sec=171.037   simsec/sec=0.999353   ev/simsec=171.147
     Messages:  created: 39386   present: 11   in FES: 7
** Event #315648   t=1726.35970973939   Elapsed: 1726.3s (28m 46s)  27% completed  (27% total)
     Speed:     ev/sec=179.726   simsec/sec=1.00072   ev/simsec=179.597
     Messages:  created: 39449   present: 9   in FES: 5
** Event #315904   t=1731.494445685152   Elapsed: 1731.44s (28m 51s)  27% completed  (27% total)
     Speed:     ev/sec=49.856   simsec/sec=0.99999   ev/simsec=49.8565
     Messages:  created: 39481   present: 9   in FES: 5
** Event #316416   t=1734.957010839744   Elapsed: 1734.9s (28m 54s)  27% completed  (27% total)
     Speed:     ev/sec=147.867   simsec/sec=1   ev/simsec=147.867
     Messages:  created: 39546   present: 10   in FES: 6
** Event #316928   t=1737.726893703459   Elapsed: 1737.67s (28m 57s)  27% completed  (27% total)
     Speed:     ev/sec=184.845   simsec/sec=1   ev/simsec=184.845
     Messages:  created: 39610   present: 10   in FES: 6
** Event #317440   t=1741.060603032798   Elapsed: 1741.01s (29m 01s)  27% completed  (27% total)
     Speed:     ev/sec=153.417   simsec/sec=0.998922   ev/simsec=153.583
     Messages:  created: 39673   present: 10   in FES: 6
** Event #317952   t=1744.09141308694   Elapsed: 1744.04s (29m 04s)  27% completed  (27% total)
     Speed:     ev/sec=169.132   simsec/sec=1.00119   ev/simsec=168.932
     Messages:  created: 39739   present: 14   in FES: 8
** Event #318464   t=1746.800620010312   Elapsed: 1746.75s (29m 06s)  27% completed  (27% total)
     Speed:     ev/sec=188.985   simsec/sec=1   ev/simsec=188.985
     Messages:  created: 39801   present: 9   in FES: 5
** Event #319232   t=1749.600486358231   Elapsed: 1749.56s (29m 09s)  27% completed  (27% total)
     Speed:     ev/sec=272.964   simsec/sec=0.995133   ev/simsec=274.299
     Messages:  created: 39897   present: 10   in FES: 6
** Event #319488   t=1751.652966739257   Elapsed: 1751.61s (29m 11s)  27% completed  (27% total)
     Speed:     ev/sec=124.553   simsec/sec=0.998604   ev/simsec=124.727
     Messages:  created: 39929   present: 10   in FES: 6
** Event #319744   t=1754.635195412246   Elapsed: 1754.58s (29m 14s)  27% completed  (27% total)
     Speed:     ev/sec=86.3206   simsec/sec=1.00558   ev/simsec=85.8418
     Messages:  created: 39961   present: 9   in FES: 5
** Event #320000   t=1757.300820322187   Elapsed: 1757.28s (29m 17s)  27% completed  (27% total)
     Speed:     ev/sec=94.9702   simsec/sec=0.988887   ev/simsec=96.0375
     Messages:  created: 39993   present: 10   in FES: 6
** Event #320512   t=1761.251059106815   Elapsed: 1761.2s (29m 21s)  27% completed  (27% total)
     Speed:     ev/sec=130.604   simsec/sec=1.00765   ev/simsec=129.612
     Messages:  created: 40057   present: 9   in FES: 5
** Event #321024   t=1763.870921638785   Elapsed: 1763.82s (29m 23s)  27% completed  (27% total)
     Speed:     ev/sec=195.43   simsec/sec=1   ev/simsec=195.43
     Messages:  created: 40121   present: 9   in FES: 5
** Event #321536   t=1767.479526905275   Elapsed: 1767.42s (29m 27s)  28% completed  (28% total)
     Speed:     ev/sec=141.883   simsec/sec=1   ev/simsec=141.883
     Messages:  created: 40185   present: 9   in FES: 5
** Event #322048   t=1771.117068834165   Elapsed: 1771.06s (29m 31s)  28% completed  (28% total)
     Speed:     ev/sec=140.752   simsec/sec=0.999983   ev/simsec=140.754
     Messages:  created: 40249   present: 9   in FES: 5
** Event #322304   t=1773.733460534403   Elapsed: 1773.68s (29m 33s)  28% completed  (28% total)
     Speed:     ev/sec=97.8469   simsec/sec=1.00002   ev/simsec=97.8447
     Messages:  created: 40281   present: 9   in FES: 5
** Event #322816   t=1777.836303870872   Elapsed: 1777.81s (29m 37s)  28% completed  (28% total)
     Speed:     ev/sec=124.009   simsec/sec=0.993728   ev/simsec=124.792
     Messages:  created: 40345   present: 10   in FES: 6
** Event #323072   t=1780.584266898463   Elapsed: 1780.53s (29m 40s)  28% completed  (28% total)
     Speed:     ev/sec=94.0411   simsec/sec=1.00946   ev/simsec=93.1599
     Messages:  created: 40377   present: 9   in FES: 5
** Event #323840   t=1782.716153525059   Elapsed: 1782.66s (29m 42s)  28% completed  (28% total)
     Speed:     ev/sec=360.269   simsec/sec=1.00007   ev/simsec=360.244
     Messages:  created: 40475   present: 14   in FES: 8
** Event #324352   t=1786.616483069372   Elapsed: 1786.56s (29m 46s)  28% completed  (28% total)
     Speed:     ev/sec=131.271   simsec/sec=1   ev/simsec=131.271
     Messages:  created: 40537   present: 9   in FES: 5
** Event #324864   t=1790.323888167978   Elapsed: 1790.27s (29m 50s)  28% completed  (28% total)
     Speed:     ev/sec=138.102   simsec/sec=0.999998   ev/simsec=138.102
     Messages:  created: 40601   present: 9   in FES: 5
** Event #325376   t=1793.257479998982   Elapsed: 1793.24s (29m 53s)  28% completed  (28% total)
     Speed:     ev/sec=172.561   simsec/sec=0.98872   ev/simsec=174.53
     Messages:  created: 40665   present: 10   in FES: 6
** Event #325888   t=1797.131128295238   Elapsed: 1797.08s (29m 57s)  28% completed  (28% total)
     Speed:     ev/sec=133.325   simsec/sec=1.0087   ev/simsec=132.175
     Messages:  created: 40729   present: 9   in FES: 5
** Event #326144   t=1801.295223988267   Elapsed: 1801.29s (30m 01s)  28% completed  (28% total)
     Speed:     ev/sec=60.7357   simsec/sec=0.987927   ev/simsec=61.4779
     Messages:  created: 40760   present: 9   in FES: 5
** Event #326400   t=1803.669222426783   Elapsed: 1803.63s (30m 03s)  28% completed  (28% total)
     Speed:     ev/sec=109.576   simsec/sec=1.01615   ev/simsec=107.835
     Messages:  created: 40792   present: 9   in FES: 5
** Event #326912   t=1808.326456650201   Elapsed: 1808.27s (30m 08s)  28% completed  (28% total)
     Speed:     ev/sec=110.25   simsec/sec=1.00285   ev/simsec=109.936
     Messages:  created: 40857   present: 11   in FES: 7
** Event #327424   t=1811.124690815669   Elapsed: 1811.07s (30m 11s)  28% completed  (28% total)
     Speed:     ev/sec=182.975   simsec/sec=1.00001   ev/simsec=182.973
     Messages:  created: 40921   present: 11   in FES: 7
** Event #327936   t=1814.356996004761   Elapsed: 1814.33s (30m 14s)  28% completed  (28% total)
     Speed:     ev/sec=157.156   simsec/sec=0.992144   ev/simsec=158.401
     Messages:  created: 40984   present: 9   in FES: 5
** Event #328448   t=1816.984001721162   Elapsed: 1816.94s (30m 16s)  28% completed  (28% total)
     Speed:     ev/sec=195.651   simsec/sec=1.00386   ev/simsec=194.899
     Messages:  created: 41048   present: 9   in FES: 5
** Event #329216   t=1819.72662820101   Elapsed: 1819.67s (30m 19s)  28% completed  (28% total)
     Speed:     ev/sec=281.611   simsec/sec=1.00567   ev/simsec=280.024
     Messages:  created: 41145   present: 11   in FES: 7
** Event #329984   t=1823.524028030235   Elapsed: 1823.47s (30m 23s)  28% completed  (28% total)
     Speed:     ev/sec=202.216   simsec/sec=0.999866   ev/simsec=202.244
     Messages:  created: 41240   present: 9   in FES: 5
** Event #330496   t=1827.56656213628   Elapsed: 1827.51s (30m 27s)  29% completed  (29% total)
     Speed:     ev/sec=126.625   simsec/sec=0.999777   ev/simsec=126.653
     Messages:  created: 41304   present: 9   in FES: 5
** Event #330752   t=1831.774261217242   Elapsed: 1831.72s (30m 31s)  29% completed  (29% total)
     Speed:     ev/sec=60.8182   simsec/sec=0.999627   ev/simsec=60.8409
     Messages:  created: 41336   present: 9   in FES: 5
** Event #331008   t=1834.295195832378   Elapsed: 1834.29s (30m 34s)  29% completed  (29% total)
     Speed:     ev/sec=99.53   simsec/sec=0.980112   ev/simsec=101.55
     Messages:  created: 41368   present: 9   in FES: 5
** Event #331264   t=1836.772776362058   Elapsed: 1836.73s (30m 36s)  29% completed  (29% total)
     Speed:     ev/sec=105.164   simsec/sec=1.01778   ev/simsec=103.327
     Messages:  created: 41400   present: 9   in FES: 5
** Event #331776   t=1840.838968587427   Elapsed: 1840.87s (30m 40s)  29% completed  (29% total)
     Speed:     ev/sec=123.539   simsec/sec=0.981119   ev/simsec=125.916
     Messages:  created: 41464   present: 9   in FES: 5
** Event #332288   t=1843.533696421919   Elapsed: 1843.51s (30m 43s)  29% completed  (29% total)
     Speed:     ev/sec=194.551   simsec/sec=1.02395   ev/simsec=190.001
     Messages:  created: 41528   present: 9   in FES: 5
** Event #332800   t=1846.702854584604   Elapsed: 1846.67s (30m 46s)  29% completed  (29% total)
     Speed:     ev/sec=161.955   simsec/sec=1.00246   ev/simsec=161.557
     Messages:  created: 41592   present: 9   in FES: 5
** Event #333312   t=1849.581584099123   Elapsed: 1849.56s (30m 49s)  29% completed  (29% total)
     Speed:     ev/sec=176.956   simsec/sec=0.994941   ev/simsec=177.856
     Messages:  created: 41656   present: 9   in FES: 5
** Event #333824   t=1852.853954974118   Elapsed: 1852.83s (30m 52s)  29% completed  (29% total)
     Speed:     ev/sec=156.77   simsec/sec=1.00197   ev/simsec=156.461
     Messages:  created: 41720   present: 9   in FES: 5
** Event #334336   t=1855.376734014905   Elapsed: 1855.34s (30m 55s)  29% completed  (29% total)
     Speed:     ev/sec=203.704   simsec/sec=1.00371   ev/simsec=202.951
     Messages:  created: 41784   present: 9   in FES: 5
** Event #335360   t=1858.192112200899   Elapsed: 1858.14s (30m 58s)  29% completed  (29% total)
     Speed:     ev/sec=365.948   simsec/sec=1.00614   ev/simsec=363.717
     Messages:  created: 41913   present: 11   in FES: 6
** Event #336128   t=1860.993134206518   Elapsed: 1861.05s (31m 01s)  29% completed  (29% total)
     Speed:     ev/sec=264.124   simsec/sec=0.963303   ev/simsec=274.186
     Messages:  created: 42007   present: 8   in FES: 4
** Event #336640   t=1863.942676848445   Elapsed: 1863.89s (31m 03s)  29% completed  (29% total)
     Speed:     ev/sec=180.101   simsec/sec=1.03753   ev/simsec=173.586
     Messages:  created: 42072   present: 10   in FES: 6
** Event #337152   t=1866.418074178805   Elapsed: 1866.44s (31m 06s)  29% completed  (29% total)
     Speed:     ev/sec=200.456   simsec/sec=0.969156   ev/simsec=206.835
     Messages:  created: 42135   present: 8   in FES: 4
** Event #337664   t=1870.404631016432   Elapsed: 1870.35s (31m 10s)  29% completed  (29% total)
     Speed:     ev/sec=131.021   simsec/sec=1.02016   ev/simsec=128.432
     Messages:  created: 42201   present: 12   in FES: 8
** Event #338176   t=1874.036010339129   Elapsed: 1873.98s (31m 13s)  29% completed  (29% total)
     Speed:     ev/sec=140.993   simsec/sec=1   ev/simsec=140.993
     Messages:  created: 42264   present: 11   in FES: 7
** Event #338688   t=1877.304714503975   Elapsed: 1877.25s (31m 17s)  29% completed  (29% total)
     Speed:     ev/sec=156.637   simsec/sec=1   ev/simsec=156.637
     Messages:  created: 42328   present: 10   in FES: 6
** Event #339200   t=1880.587736131657   Elapsed: 1880.53s (31m 20s)  29% completed  (29% total)
     Speed:     ev/sec=155.954   simsec/sec=1   ev/simsec=155.954
     Messages:  created: 42392   present: 10   in FES: 6
** Event #339712   t=1882.588764065024   Elapsed: 1882.53s (31m 22s)  29% completed  (29% total)
     Speed:     ev/sec=255.868   simsec/sec=1   ev/simsec=255.868
     Messages:  created: 42457   present: 12   in FES: 8
** Event #340224   t=1885.459863151932   Elapsed: 1885.44s (31m 25s)  29% completed  (29% total)
     Speed:     ev/sec=176.009   simsec/sec=0.986988   ev/simsec=178.329
     Messages:  created: 42519   present: 8   in FES: 4
** Event #340736   t=1888.497251215599   Elapsed: 1888.44s (31m 28s)  29% completed  (29% total)
     Speed:     ev/sec=170.693   simsec/sec=1.01262   ev/simsec=168.566
     Messages:  created: 42584   present: 11   in FES: 7
** Event #341248   t=1891.385505616887   Elapsed: 1891.33s (31m 31s)  30% completed  (30% total)
     Speed:     ev/sec=177.27   simsec/sec=1   ev/simsec=177.27
     Messages:  created: 42648   present: 11   in FES: 7
** Event #341504   t=1893.385765977337   Elapsed: 1893.37s (31m 33s)  30% completed  (30% total)
     Speed:     ev/sec=125.618   simsec/sec=0.981522   ev/simsec=127.983
     Messages:  created: 42679   present: 8   in FES: 4
** Event #342016   t=1896.021722791372   Elapsed: 1896.07s (31m 36s)  30% completed  (30% total)
     Speed:     ev/sec=189.375   simsec/sec=0.974971   ev/simsec=194.237
     Messages:  created: 42743   present: 8   in FES: 4
** Event #342528   t=1898.998000421222   Elapsed: 1898.94s (31m 38s)  30% completed  (30% total)
     Speed:     ev/sec=178.338   simsec/sec=1.03669   ev/simsec=172.027
     Messages:  created: 42808   present: 10   in FES: 6
** Event #343040   t=1901.421132617664   Elapsed: 1901.45s (31m 41s)  30% completed  (30% total)
     Speed:     ev/sec=204.298   simsec/sec=0.966876   ev/simsec=211.297
     Messages:  created: 42871   present: 8   in FES: 4
** Event #343552   t=1906.427987967736   Elapsed: 1906.37s (31m 46s)  30% completed  (30% total)
     Speed:     ev/sec=103.984   simsec/sec=1.01686   ev/simsec=102.26
     Messages:  created: 42936   present: 10   in FES: 6
** Event #344320   t=1909.859854175333   Elapsed: 1909.82s (31m 49s)  30% completed  (30% total)
     Speed:     ev/sec=222.859   simsec/sec=0.995864   ev/simsec=223.785
     Messages:  created: 43031   present: 8   in FES: 4
** Event #345088   t=1914.255076111311   Elapsed: 1914.23s (31m 54s)  30% completed  (30% total)
     Speed:     ev/sec=174.086   simsec/sec=0.996285   ev/simsec=174.735
     Messages:  created: 43127   present: 8   in FES: 4
** Event #345600   t=1917.626544   Elapsed: 1917.75s (31m 57s)  30% completed  (30% total)
     Speed:     ev/sec=145.52   simsec/sec=0.958237   ev/simsec=151.863
     Messages:  created: 43191   present: 8   in FES: 4
** Event #346112   t=1920.757022125411   Elapsed: 1920.7s (32m 00s)  30% completed  (30% total)
     Speed:     ev/sec=173.337   simsec/sec=1.05982   ev/simsec=163.553
     Messages:  created: 43255   present: 9   in FES: 5
** Event #346368   t=1923.263850196756   Elapsed: 1923.21s (32m 03s)  30% completed  (30% total)
     Speed:     ev/sec=102.157   simsec/sec=1.00036   ev/simsec=102.121
     Messages:  created: 43287   present: 9   in FES: 5
** Event #346880   t=1927.124215573189   Elapsed: 1927.07s (32m 07s)  30% completed  (30% total)
     Speed:     ev/sec=132.63   simsec/sec=1   ev/simsec=132.63
     Messages:  created: 43352   present: 11   in FES: 7
** Event #347648   t=1930.322643269026   Elapsed: 1930.27s (32m 10s)  30% completed  (30% total)
     Speed:     ev/sec=240.114   simsec/sec=0.999985   ev/simsec=240.118
     Messages:  created: 43447   present: 9   in FES: 5
** Event #348160   t=1933.183251962647   Elapsed: 1933.13s (32m 13s)  30% completed  (30% total)
     Speed:     ev/sec=178.986   simsec/sec=1.00002   ev/simsec=178.983
     Messages:  created: 43511   present: 10   in FES: 6
** Event #348672   t=1935.951378547431   Elapsed: 1935.9s (32m 15s)  30% completed  (30% total)
     Speed:     ev/sec=184.963   simsec/sec=0.999999   ev/simsec=184.963
     Messages:  created: 43575   present: 10   in FES: 6
** Event #348928   t=1938.450373936636   Elapsed: 1938.4s (32m 18s)  30% completed  (30% total)
     Speed:     ev/sec=102.441   simsec/sec=1   ev/simsec=102.441
     Messages:  created: 43607   present: 10   in FES: 6
** Event #349184   t=1940.820198012398   Elapsed: 1940.77s (32m 20s)  30% completed  (30% total)
     Speed:     ev/sec=108.025   simsec/sec=0.999999   ev/simsec=108.025
     Messages:  created: 43639   present: 10   in FES: 6
** Event #349696   t=1943.280008275215   Elapsed: 1943.23s (32m 23s)  30% completed  (30% total)
     Speed:     ev/sec=208.142   simsec/sec=0.999978   ev/simsec=208.146
     Messages:  created: 43703   present: 9   in FES: 5
** Event #350208   t=1946.664282943916   Elapsed: 1946.61s (32m 26s)  30% completed  (30% total)
     Speed:     ev/sec=151.291   simsec/sec=1.00002   ev/simsec=151.288
     Messages:  created: 43768   present: 11   in FES: 7
** Event #350720   t=1948.983647924774   Elapsed: 1948.93s (32m 28s)  30% completed  (30% total)
     Speed:     ev/sec=220.75   simsec/sec=0.999999   ev/simsec=220.75
     Messages:  created: 43831   present: 9   in FES: 5
** Event #350976   t=1951.753769788571   Elapsed: 1951.7s (32m 31s)  30% completed  (30% total)
     Speed:     ev/sec=92.4146   simsec/sec=0.999999   ev/simsec=92.4147
     Messages:  created: 43863   present: 10   in FES: 6
** Event #351488   t=1954.659243863319   Elapsed: 1954.6s (32m 34s)  31% completed  (31% total)
     Speed:     ev/sec=176.219   simsec/sec=1   ev/simsec=176.219
     Messages:  created: 43927   present: 10   in FES: 6
** Event #352000   t=1959.090152778319   Elapsed: 1959.04s (32m 39s)  31% completed  (31% total)
     Speed:     ev/sec=115.552   simsec/sec=1   ev/simsec=115.552
     Messages:  created: 43991   present: 10   in FES: 6
** Event #352256   t=1961.533648510996   Elapsed: 1961.48s (32m 41s)  31% completed  (31% total)
     Speed:     ev/sec=104.763   simsec/sec=0.999957   ev/simsec=104.768
     Messages:  created: 44023   present: 9   in FES: 5
** Event #352768   t=1964.30408460841   Elapsed: 1964.25s (32m 44s)  31% completed  (31% total)
     Speed:     ev/sec=184.816   simsec/sec=1.00004   ev/simsec=184.808
     Messages:  created: 44087   present: 9   in FES: 5
** Event #353280   t=1967.400935751116   Elapsed: 1967.35s (32m 47s)  31% completed  (31% total)
     Speed:     ev/sec=165.329   simsec/sec=0.999999   ev/simsec=165.329
     Messages:  created: 44151   present: 9   in FES: 5
** Event #353792   t=1969.660631183936   Elapsed: 1969.61s (32m 49s)  31% completed  (31% total)
     Speed:     ev/sec=226.579   simsec/sec=1   ev/simsec=226.579
     Messages:  created: 44215   present: 9   in FES: 5
** Event #354560   t=1972.387006075478   Elapsed: 1972.33s (32m 52s)  31% completed  (31% total)
     Speed:     ev/sec=281.693   simsec/sec=1   ev/simsec=281.693
     Messages:  created: 44311   present: 10   in FES: 6
** Event #355328   t=1974.491610047517   Elapsed: 1974.45s (32m 54s)  31% completed  (31% total)
     Speed:     ev/sec=362.226   simsec/sec=0.992633   ev/simsec=364.914
     Messages:  created: 44409   present: 15   in FES: 6
** Event #356096   t=1976.54888009354   Elapsed: 1976.49s (32m 56s)  31% completed  (31% total)
     Speed:     ev/sec=376.167   simsec/sec=1.00765   ev/simsec=373.31
     Messages:  created: 44503   present: 10   in FES: 6
** Event #356608   t=1979.869897674788   Elapsed: 1979.82s (32m 59s)  31% completed  (31% total)
     Speed:     ev/sec=154.169   simsec/sec=0.999998   ev/simsec=154.17
     Messages:  created: 44567   present: 9   in FES: 5
** Event #357376   t=1983.117570150233   Elapsed: 1983.06s (33m 03s)  31% completed  (31% total)
     Speed:     ev/sec=236.477   simsec/sec=1   ev/simsec=236.477
     Messages:  created: 44662   present: 9   in FES: 5
** Event #357888   t=1986.777514905642   Elapsed: 1986.72s (33m 06s)  31% completed  (31% total)
     Speed:     ev/sec=139.893   simsec/sec=1   ev/simsec=139.893
     Messages:  created: 44727   present: 11   in FES: 7
** Event #358400   t=1990.148604061063   Elapsed: 1990.09s (33m 10s)  31% completed  (31% total)
     Speed:     ev/sec=151.88   simsec/sec=1   ev/simsec=151.88
     Messages:  created: 44791   present: 10   in FES: 6
** Event #358912   t=1993.239764605046   Elapsed: 1993.19s (33m 13s)  31% completed  (31% total)
     Speed:     ev/sec=165.634   simsec/sec=1   ev/simsec=165.634
     Messages:  created: 44855   present: 11   in FES: 7
** Event #359424   t=1996.286316484247   Elapsed: 1996.23s (33m 16s)  31% completed  (31% total)
     Speed:     ev/sec=168.059   simsec/sec=1   ev/simsec=168.059
     Messages:  created: 44918   present: 9   in FES: 5
** Event #359936   t=1999.151890425602   Elapsed: 1999.1s (33m 19s)  31% completed  (31% total)
     Speed:     ev/sec=178.673   simsec/sec=1   ev/simsec=178.673
     Messages:  created: 44983   present: 11   in FES: 7
** Event #360448   t=2001.184326675452   Elapsed: 2001.13s (33m 21s)  31% completed  (31% total)
     Speed:     ev/sec=251.915   simsec/sec=1   ev/simsec=251.914
     Messages:  created: 45048   present: 13   in FES: 7
** Event #361216   t=2003.677892775551   Elapsed: 2003.62s (33m 23s)  31% completed  (31% total)
     Speed:     ev/sec=307.99   simsec/sec=0.999992   ev/simsec=307.993
     Messages:  created: 45143   present: 10   in FES: 6
** Event #361728   t=2006.407952608585   Elapsed: 2006.36s (33m 26s)  31% completed  (31% total)
     Speed:     ev/sec=187.043   simsec/sec=0.997342   ev/simsec=187.542
     Messages:  created: 45208   present: 14   in FES: 7
** Event #362496   t=2009.243698533304   Elapsed: 2009.19s (33m 29s)  31% completed  (31% total)
     Speed:     ev/sec=271.152   simsec/sec=1.0012   ev/simsec=270.828
     Messages:  created: 45304   present: 14   in FES: 7
** Event #363776   t=2011.430455718952   Elapsed: 2011.38s (33m 31s)  31% completed  (31% total)
     Speed:     ev/sec=586.389   simsec/sec=1.00179   ev/simsec=585.342
     Messages:  created: 45463   present: 10   in FES: 6
** Event #364288   t=2014.106655732003   Elapsed: 2014.05s (33m 34s)  31% completed  (31% total)
     Speed:     ev/sec=191.316   simsec/sec=0.999999   ev/simsec=191.316
     Messages:  created: 45527   present: 11   in FES: 7
** Event #364800   t=2016.275079243441   Elapsed: 2016.22s (33m 36s)  32% completed  (32% total)
     Speed:     ev/sec=236.117   simsec/sec=1   ev/simsec=236.116
     Messages:  created: 45591   present: 11   in FES: 7
** Event #365056   t=2018.407136149056   Elapsed: 2018.35s (33m 38s)  32% completed  (32% total)
     Speed:     ev/sec=120.072   simsec/sec=1   ev/simsec=120.072
     Messages:  created: 45622   present: 9   in FES: 5
** Event #365568   t=2022.558856312863   Elapsed: 2022.5s (33m 42s)  32% completed  (32% total)
     Speed:     ev/sec=123.322   simsec/sec=1   ev/simsec=123.322
     Messages:  created: 45687   present: 10   in FES: 6
** Event #366080   t=2025.937508054309   Elapsed: 2025.88s (33m 45s)  32% completed  (32% total)
     Speed:     ev/sec=151.54   simsec/sec=1   ev/simsec=151.54
     Messages:  created: 45750   present: 9   in FES: 5
** Event #366592   t=2029.615330246065   Elapsed: 2029.56s (33m 49s)  32% completed  (32% total)
     Speed:     ev/sec=139.213   simsec/sec=1   ev/simsec=139.213
     Messages:  created: 45815   present: 12   in FES: 7
** Event #367104   t=2032.496076070561   Elapsed: 2032.44s (33m 52s)  32% completed  (32% total)
     Speed:     ev/sec=177.732   simsec/sec=1   ev/simsec=177.732
     Messages:  created: 45878   present: 9   in FES: 5
** Event #367616   t=2035.666101243166   Elapsed: 2035.61s (33m 55s)  32% completed  (32% total)
     Speed:     ev/sec=161.513   simsec/sec=1   ev/simsec=161.513
     Messages:  created: 45943   present: 10   in FES: 6
** Event #368128   t=2038.898790443404   Elapsed: 2038.84s (33m 58s)  32% completed  (32% total)
     Speed:     ev/sec=158.382   simsec/sec=0.999999   ev/simsec=158.382
     Messages:  created: 46006   present: 9   in FES: 5
** Event #368640   t=2041.701562740008   Elapsed: 2041.65s (34m 01s)  32% completed  (32% total)
     Speed:     ev/sec=182.676   simsec/sec=1   ev/simsec=182.676
     Messages:  created: 46070   present: 10   in FES: 6
** Event #369152   t=2043.768447490112   Elapsed: 2043.71s (34m 03s)  32% completed  (32% total)
     Speed:     ev/sec=247.716   simsec/sec=1   ev/simsec=247.716
     Messages:  created: 46134   present: 11   in FES: 7
** Event #369664   t=2046.811908880047   Elapsed: 2046.76s (34m 06s)  32% completed  (32% total)
     Speed:     ev/sec=168.23   simsec/sec=1   ev/simsec=168.23
     Messages:  created: 46199   present: 12   in FES: 7
** Event #370176   t=2049.362549799031   Elapsed: 2049.31s (34m 09s)  32% completed  (32% total)
     Speed:     ev/sec=200.734   simsec/sec=0.999999   ev/simsec=200.734
     Messages:  created: 46262   present: 9   in FES: 5
** Event #370944   t=2052.598949765871   Elapsed: 2052.54s (34m 12s)  32% completed  (32% total)
     Speed:     ev/sec=237.301   simsec/sec=1   ev/simsec=237.301
     Messages:  created: 46359   present: 12   in FES: 8
** Event #371456   t=2057.082144104561   Elapsed: 2057.03s (34m 17s)  32% completed  (32% total)
     Speed:     ev/sec=114.204   simsec/sec=1   ev/simsec=114.204
     Messages:  created: 46422   present: 9   in FES: 5
** Event #371712   t=2059.095746513338   Elapsed: 2059.04s (34m 19s)  32% completed  (32% total)
     Speed:     ev/sec=127.135   simsec/sec=1   ev/simsec=127.135
     Messages:  created: 46455   present: 12   in FES: 8
** Event #372224   t=2062.598071584166   Elapsed: 2062.54s (34m 22s)  32% completed  (32% total)
     Speed:     ev/sec=146.189   simsec/sec=1   ev/simsec=146.189
     Messages:  created: 46518   present: 10   in FES: 6
** Event #372736   t=2065.78575401533   Elapsed: 2065.73s (34m 25s)  32% completed  (32% total)
     Speed:     ev/sec=160.617   simsec/sec=0.999994   ev/simsec=160.618
     Messages:  created: 46582   present: 9   in FES: 5
** Event #372992   t=2067.821303345618   Elapsed: 2067.77s (34m 27s)  32% completed  (32% total)
     Speed:     ev/sec=125.766   simsec/sec=1.00001   ev/simsec=125.765
     Messages:  created: 46614   present: 10   in FES: 6
** Event #373504   t=2070.925432719823   Elapsed: 2070.87s (34m 30s)  32% completed  (32% total)
     Speed:     ev/sec=164.942   simsec/sec=1   ev/simsec=164.942
     Messages:  created: 46678   present: 9   in FES: 5
** Event #374272   t=2073.133043636378   Elapsed: 2073.08s (34m 33s)  32% completed  (32% total)
     Speed:     ev/sec=347.887   simsec/sec=1   ev/simsec=347.887
     Messages:  created: 46774   present: 11   in FES: 6
** Event #374528   t=2075.383149571396   Elapsed: 2075.33s (34m 35s)  32% completed  (32% total)
     Speed:     ev/sec=113.767   simsec/sec=0.999951   ev/simsec=113.772
     Messages:  created: 46806   present: 9   in FES: 5
** Event #375040   t=2078.550280986528   Elapsed: 2078.5s (34m 38s)  32% completed  (32% total)
     Speed:     ev/sec=161.665   simsec/sec=1.00003   ev/simsec=161.66
     Messages:  created: 46870   present: 9   in FES: 5
** Event #375552   t=2081.455516178668   Elapsed: 2081.4s (34m 41s)  33% completed  (33% total)
     Speed:     ev/sec=176.234   simsec/sec=1   ev/simsec=176.234
     Messages:  created: 46934   present: 9   in FES: 5
** Event #376320   t=2084.007885111985   Elapsed: 2083.95s (34m 43s)  33% completed  (33% total)
     Speed:     ev/sec=300.897   simsec/sec=1   ev/simsec=300.897
     Messages:  created: 47030   present: 10   in FES: 6
** Event #376832   t=2086.268853905442   Elapsed: 2086.21s (34m 46s)  33% completed  (33% total)
     Speed:     ev/sec=226.452   simsec/sec=1   ev/simsec=226.452
     Messages:  created: 47094   present: 10   in FES: 6
** Event #377344   t=2088.921989325139   Elapsed: 2088.87s (34m 48s)  33% completed  (33% total)
     Speed:     ev/sec=192.972   simsec/sec=0.999965   ev/simsec=192.979
     Messages:  created: 47158   present: 9   in FES: 5
** Event #377856   t=2091.078500327556   Elapsed: 2091.02s (34m 51s)  33% completed  (33% total)
     Speed:     ev/sec=237.431   simsec/sec=1.00004   ev/simsec=237.421
     Messages:  created: 47222   present: 10   in FES: 6
** Event #378112   t=2093.997343159872   Elapsed: 2093.94s (34m 53s)  33% completed  (33% total)
     Speed:     ev/sec=87.7048   simsec/sec=0.999986   ev/simsec=87.706
     Messages:  created: 47254   present: 9   in FES: 5
** Event #378624   t=2096.727404662875   Elapsed: 2096.67s (34m 56s)  33% completed  (33% total)
     Speed:     ev/sec=187.544   simsec/sec=1.00001   ev/simsec=187.542
     Messages:  created: 47318   present: 11   in FES: 7
** Event #379136   t=2099.097281601587   Elapsed: 2099.04s (34m 59s)  33% completed  (33% total)
     Speed:     ev/sec=216.045   simsec/sec=1   ev/simsec=216.045
     Messages:  created: 47382   present: 11   in FES: 7
** Event #379648   t=2101.397425046684   Elapsed: 2101.34s (35m 01s)  33% completed  (33% total)
     Speed:     ev/sec=222.594   simsec/sec=0.999995   ev/simsec=222.595
     Messages:  created: 47445   present: 10   in FES: 6
** Event #380160   t=2104.315902208481   Elapsed: 2104.26s (35m 04s)  33% completed  (33% total)
     Speed:     ev/sec=175.435   simsec/sec=1   ev/simsec=175.434
     Messages:  created: 47509   present: 9   in FES: 5
** Event #380672   t=2106.521830742004   Elapsed: 2106.47s (35m 06s)  33% completed  (33% total)
     Speed:     ev/sec=232.102   simsec/sec=1   ev/simsec=232.102
     Messages:  created: 47573   present: 9   in FES: 5
** Event #381696   t=2109.088942267741   Elapsed: 2109.04s (35m 09s)  33% completed  (33% total)
     Speed:     ev/sec=398.658   simsec/sec=0.999413   ev/simsec=398.892
     Messages:  created: 47702   present: 12   in FES: 6
** Event #382208   t=2111.120062283468   Elapsed: 2111.07s (35m 11s)  33% completed  (33% total)
     Speed:     ev/sec=252.265   simsec/sec=1.00074   ev/simsec=252.078
     Messages:  created: 47765   present: 10   in FES: 6
** Event #382976   t=2113.65926163069   Elapsed: 2113.6s (35m 13s)  33% completed  (33% total)
     Speed:     ev/sec=302.457   simsec/sec=0.999999   ev/simsec=302.458
     Messages:  created: 47862   present: 11   in FES: 7
** Event #383488   t=2116.867681163847   Elapsed: 2116.81s (35m 16s)  33% completed  (33% total)
     Speed:     ev/sec=159.58   simsec/sec=1   ev/simsec=159.58
     Messages:  created: 47925   present: 9   in FES: 5
** Event #384000   t=2120.657023436484   Elapsed: 2120.6s (35m 20s)  33% completed  (33% total)
     Speed:     ev/sec=135.079   simsec/sec=0.999724   ev/simsec=135.116
     Messages:  created: 47990   present: 12   in FES: 6
** Event #384256   t=2123.397150018156   Elapsed: 2123.34s (35m 23s)  33% completed  (33% total)
     Speed:     ev/sec=93.4619   simsec/sec=1.00038   ev/simsec=93.4263
     Messages:  created: 48021   present: 9   in FES: 5
** Event #384768   t=2127.320990551768   Elapsed: 2127.27s (35m 27s)  33% completed  (33% total)
     Speed:     ev/sec=130.485   simsec/sec=1   ev/simsec=130.484
     Messages:  created: 48085   present: 9   in FES: 5
** Event #385280   t=2130.83898527219   Elapsed: 2130.78s (35m 30s)  33% completed  (33% total)
     Speed:     ev/sec=145.536   simsec/sec=0.999989   ev/simsec=145.537
     Messages:  created: 48149   present: 9   in FES: 5
** Event #385792   t=2133.341539494553   Elapsed: 2133.31s (35m 33s)  33% completed  (33% total)
     Speed:     ev/sec=202.875   simsec/sec=0.991614   ev/simsec=204.591
     Messages:  created: 48214   present: 12   in FES: 7
** Event #386560   t=2135.777010484395   Elapsed: 2135.72s (35m 35s)  33% completed  (33% total)
     Speed:     ev/sec=318.109   simsec/sec=1.00878   ev/simsec=315.339
     Messages:  created: 48310   present: 11   in FES: 7
** Event #387584   t=2138.286135575831   Elapsed: 2138.23s (35m 38s)  33% completed  (33% total)
     Speed:     ev/sec=408.11   simsec/sec=1   ev/simsec=408.11
     Messages:  created: 48437   present: 10   in FES: 6
** Event #388608   t=2140.588443481233   Elapsed: 2140.53s (35m 40s)  33% completed  (33% total)
     Speed:     ev/sec=444.771   simsec/sec=1   ev/simsec=444.771
     Messages:  created: 48565   present: 9   in FES: 5
** Event #389120   t=2142.80950188642   Elapsed: 2142.75s (35m 42s)  34% completed  (34% total)
     Speed:     ev/sec=230.521   simsec/sec=1   ev/simsec=230.521
     Messages:  created: 48630   present: 11   in FES: 7
** Event #389888   t=2145.939483248954   Elapsed: 2145.88s (35m 45s)  34% completed  (34% total)
     Speed:     ev/sec=245.369   simsec/sec=1   ev/simsec=245.369
     Messages:  created: 48725   present: 10   in FES: 6
** Event #390400   t=2148.891101263846   Elapsed: 2148.84s (35m 48s)  34% completed  (34% total)
     Speed:     ev/sec=173.464   simsec/sec=1   ev/simsec=173.464
     Messages:  created: 48789   present: 10   in FES: 6
** Event #390912   t=2151.032044871238   Elapsed: 2150.98s (35m 50s)  34% completed  (34% total)
     Speed:     ev/sec=239.147   simsec/sec=1   ev/simsec=239.147
     Messages:  created: 48855   present: 15   in FES: 8
** Event #391424   t=2154.05112802244   Elapsed: 2154s (35m 53s)  34% completed  (34% total)
     Speed:     ev/sec=169.588   simsec/sec=0.999999   ev/simsec=169.588
     Messages:  created: 48917   present: 10   in FES: 6
** Event #391936   t=2157.375366538028   Elapsed: 2157.32s (35m 57s)  34% completed  (34% total)
     Speed:     ev/sec=154.02   simsec/sec=1   ev/simsec=154.02
     Messages:  created: 48981   present: 10   in FES: 6
** Event #392448   t=2159.894557826938   Elapsed: 2159.84s (35m 59s)  34% completed  (34% total)
     Speed:     ev/sec=203.239   simsec/sec=0.999997   ev/simsec=203.24
     Messages:  created: 49045   present: 10   in FES: 6
t=2161.700736 executing setDimmer(0.7)
** Event #392960   t=2161.977310623805   Elapsed: 2161.92s (36m 01s)  34% completed  (34% total)
     Speed:     ev/sec=245.829   simsec/sec=1   ev/simsec=245.829
     Messages:  created: 49108   present: 9   in FES: 5
** Event #393472   t=2164.152423674321   Elapsed: 2164.1s (36m 04s)  34% completed  (34% total)
     Speed:     ev/sec=235.39   simsec/sec=1   ev/simsec=235.39
     Messages:  created: 49173   present: 10   in FES: 6
** Event #394240   t=2167.319705423756   Elapsed: 2167.26s (36m 07s)  34% completed  (34% total)
     Speed:     ev/sec=242.479   simsec/sec=1   ev/simsec=242.479
     Messages:  created: 49269   present: 10   in FES: 6
** Event #395008   t=2171.16088608512   Elapsed: 2171.11s (36m 11s)  34% completed  (34% total)
     Speed:     ev/sec=199.938   simsec/sec=1   ev/simsec=199.939
     Messages:  created: 49364   present: 9   in FES: 5
** Event #395520   t=2173.220296931006   Elapsed: 2173.17s (36m 13s)  34% completed  (34% total)
     Speed:     ev/sec=248.615   simsec/sec=1   ev/simsec=248.615
     Messages:  created: 49429   present: 10   in FES: 6
** Event #396032   t=2176.039238158071   Elapsed: 2175.98s (36m 15s)  34% completed  (34% total)
     Speed:     ev/sec=181.629   simsec/sec=1   ev/simsec=181.628
     Messages:  created: 49492   present: 9   in FES: 5
** Event #396544   t=2178.90467967467   Elapsed: 2178.85s (36m 18s)  34% completed  (34% total)
     Speed:     ev/sec=178.681   simsec/sec=0.999999   ev/simsec=178.681
     Messages:  created: 49557   present: 12   in FES: 7
** Event #397056   t=2181.235584863592   Elapsed: 2181.18s (36m 21s)  34% completed  (34% total)
     Speed:     ev/sec=219.657   simsec/sec=1   ev/simsec=219.657
     Messages:  created: 49620   present: 9   in FES: 5
** Event #397824   t=2183.931676862119   Elapsed: 2183.88s (36m 23s)  34% completed  (34% total)
     Speed:     ev/sec=284.857   simsec/sec=1   ev/simsec=284.857
     Messages:  created: 49717   present: 11   in FES: 7
** Event #398336   t=2186.612591517127   Elapsed: 2186.56s (36m 26s)  34% completed  (34% total)
     Speed:     ev/sec=190.98   simsec/sec=1   ev/simsec=190.98
     Messages:  created: 49781   present: 12   in FES: 6
** Event #398848   t=2190.167428925481   Elapsed: 2190.11s (36m 30s)  34% completed  (34% total)
     Speed:     ev/sec=144.029   simsec/sec=1   ev/simsec=144.029
     Messages:  created: 49844   present: 9   in FES: 5
** Event #399104   t=2192.749998122972   Elapsed: 2192.7s (36m 32s)  34% completed  (34% total)
     Speed:     ev/sec=99.1261   simsec/sec=1   ev/simsec=99.1261
     Messages:  created: 49876   present: 9   in FES: 5
** Event #399616   t=2195.688198211715   Elapsed: 2195.63s (36m 35s)  34% completed  (34% total)
     Speed:     ev/sec=174.256   simsec/sec=1   ev/simsec=174.256
     Messages:  created: 49941   present: 10   in FES: 6
** Event #400384   t=2198.020624975288   Elapsed: 2197.97s (36m 37s)  34% completed  (34% total)
     Speed:     ev/sec=329.271   simsec/sec=1   ev/simsec=329.271
     Messages:  created: 50036   present: 9   in FES: 5
** Event #400640   t=2200.068998704768   Elapsed: 2200.01s (36m 40s)  34% completed  (34% total)
     Speed:     ev/sec=124.977   simsec/sec=0.999999   ev/simsec=124.977
     Messages:  created: 50068   present: 9   in FES: 5
** Event #400896   t=2202.260965630408   Elapsed: 2202.21s (36m 42s)  34% completed  (34% total)
     Speed:     ev/sec=116.79   simsec/sec=1   ev/simsec=116.79
     Messages:  created: 50101   present: 11   in FES: 7
** Event #401408   t=2204.686430993538   Elapsed: 2204.63s (36m 44s)  34% completed  (34% total)
     Speed:     ev/sec=211.094   simsec/sec=1   ev/simsec=211.094
     Messages:  created: 50164   present: 9   in FES: 5
** Event #401664   t=2207.411270067635   Elapsed: 2207.36s (36m 47s)  35% completed  (35% total)
     Speed:     ev/sec=93.9505   simsec/sec=1   ev/simsec=93.9505
     Messages:  created: 50196   present: 9   in FES: 5
** Event #402176   t=2210.326523612138   Elapsed: 2210.27s (36m 50s)  35% completed  (35% total)
     Speed:     ev/sec=175.628   simsec/sec=0.999999   ev/simsec=175.628
     Messages:  created: 50261   present: 10   in FES: 6
** Event #402944   t=2212.977528005052   Elapsed: 2212.92s (36m 52s)  35% completed  (35% total)
     Speed:     ev/sec=289.702   simsec/sec=1   ev/simsec=289.702
     Messages:  created: 50356   present: 9   in FES: 5
** Event #403456   t=2216.610191983649   Elapsed: 2216.56s (36m 56s)  35% completed  (35% total)
     Speed:     ev/sec=140.943   simsec/sec=1   ev/simsec=140.943
     Messages:  created: 50421   present: 10   in FES: 6
** Event #403968   t=2218.619798433145   Elapsed: 2218.57s (36m 58s)  35% completed  (35% total)
     Speed:     ev/sec=254.776   simsec/sec=1   ev/simsec=254.776
     Messages:  created: 50485   present: 12   in FES: 7
** Event #404480   t=2221.297461018282   Elapsed: 2221.24s (37m 01s)  35% completed  (35% total)
     Speed:     ev/sec=191.21   simsec/sec=0.99999   ev/simsec=191.212
     Messages:  created: 50548   present: 9   in FES: 5
t=2222.188464 executing setDimmer(0.5)
** Event #404992   t=2224.519998267369   Elapsed: 2224.47s (37m 04s)  35% completed  (35% total)
     Speed:     ev/sec=158.496   simsec/sec=0.997579   ev/simsec=158.881
     Messages:  created: 50611   present: 8   in FES: 4
** Event #405504   t=2227.100656497447   Elapsed: 2227.05s (37m 07s)  35% completed  (35% total)
     Speed:     ev/sec=198.695   simsec/sec=1.00149   ev/simsec=198.399
     Messages:  created: 50675   present: 8   in FES: 4
** Event #406016   t=2229.882739611976   Elapsed: 2229.85s (37m 09s)  35% completed  (35% total)
     Speed:     ev/sec=182.738   simsec/sec=0.992955   ev/simsec=184.035
     Messages:  created: 50739   present: 8   in FES: 4
** Event #406528   t=2232.414599960723   Elapsed: 2232.36s (37m 12s)  35% completed  (35% total)
     Speed:     ev/sec=204.137   simsec/sec=1.00947   ev/simsec=202.223
     Messages:  created: 50804   present: 10   in FES: 6
** Event #407040   t=2234.680429015587   Elapsed: 2234.63s (37m 14s)  35% completed  (35% total)
     Speed:     ev/sec=225.966   simsec/sec=1   ev/simsec=225.966
     Messages:  created: 50868   present: 10   in FES: 6
** Event #407552   t=2237.823317943522   Elapsed: 2237.77s (37m 17s)  35% completed  (35% total)
     Speed:     ev/sec=162.907   simsec/sec=1   ev/simsec=162.907
     Messages:  created: 50932   present: 11   in FES: 7
** Event #408064   t=2240.361236009926   Elapsed: 2240.31s (37m 20s)  35% completed  (35% total)
     Speed:     ev/sec=201.74   simsec/sec=0.999999   ev/simsec=201.74
     Messages:  created: 50996   present: 10   in FES: 6
** Event #408832   t=2242.857118631634   Elapsed: 2242.8s (37m 22s)  35% completed  (35% total)
     Speed:     ev/sec=307.706   simsec/sec=0.999999   ev/simsec=307.707
     Messages:  created: 51093   present: 12   in FES: 8
** Event #409856   t=2245.495190965048   Elapsed: 2245.44s (37m 25s)  35% completed  (35% total)
     Speed:     ev/sec=388.163   simsec/sec=1   ev/simsec=388.162
     Messages:  created: 51220   present: 11   in FES: 7
** Event #410624   t=2247.778870084186   Elapsed: 2247.72s (37m 27s)  35% completed  (35% total)
     Speed:     ev/sec=336.299   simsec/sec=0.999999   ev/simsec=336.299
     Messages:  created: 51316   present: 10   in FES: 6
** Event #411392   t=2250.706546384362   Elapsed: 2250.65s (37m 30s)  35% completed  (35% total)
     Speed:     ev/sec=262.324   simsec/sec=1   ev/simsec=262.324
     Messages:  created: 51412   present: 10   in FES: 6
** Event #411904   t=2253.0565898576   Elapsed: 2253.02s (37m 33s)  35% completed  (35% total)
     Speed:     ev/sec=216.257   simsec/sec=0.992605   ev/simsec=217.868
     Messages:  created: 51475   present: 8   in FES: 4
** Event #412672   t=2255.239263378778   Elapsed: 2255.21s (37m 35s)  35% completed  (35% total)
     Speed:     ev/sec=350.318   simsec/sec=0.995611   ev/simsec=351.862
     Messages:  created: 51571   present: 8   in FES: 4
** Event #413440   t=2257.784179322951   Elapsed: 2257.75s (37m 37s)  35% completed  (35% total)
     Speed:     ev/sec=302.784   simsec/sec=1.00333   ev/simsec=301.778
     Messages:  created: 51667   present: 8   in FES: 4
** Event #413952   t=2259.974343208961   Elapsed: 2259.92s (37m 39s)  35% completed  (35% total)
     Speed:     ev/sec=235.783   simsec/sec=1.0086   ev/simsec=233.772
     Messages:  created: 51732   present: 11   in FES: 7
** Event #414976   t=2262.195897172267   Elapsed: 2262.14s (37m 42s)  35% completed  (35% total)
     Speed:     ev/sec=460.939   simsec/sec=1   ev/simsec=460.939
     Messages:  created: 51860   present: 11   in FES: 7
** Event #415744   t=2264.414408545715   Elapsed: 2264.36s (37m 44s)  35% completed  (35% total)
     Speed:     ev/sec=346.178   simsec/sec=1   ev/simsec=346.178
     Messages:  created: 51956   present: 11   in FES: 7
** Event #416512   t=2266.598034607376   Elapsed: 2266.58s (37m 46s)  35% completed  (35% total)
     Speed:     ev/sec=345.894   simsec/sec=0.983469   ev/simsec=351.709
     Messages:  created: 52051   present: 8   in FES: 4
** Event #417280   t=2269.747433043383   Elapsed: 2269.76s (37m 49s)  36% completed  (36% total)
     Speed:     ev/sec=241.408   simsec/sec=0.989962   ev/simsec=243.856
     Messages:  created: 52147   present: 8   in FES: 4
** Event #417792   t=2271.891935441723   Elapsed: 2271.86s (37m 51s)  36% completed  (36% total)
     Speed:     ev/sec=243.946   simsec/sec=1.02176   ev/simsec=238.75
     Messages:  created: 52211   present: 8   in FES: 4
** Event #418560   t=2274.606822302213   Elapsed: 2274.55s (37m 54s)  36% completed  (36% total)
     Speed:     ev/sec=285.295   simsec/sec=1.00852   ev/simsec=282.885
     Messages:  created: 52308   present: 10   in FES: 6
** Event #419328   t=2277.535124475326   Elapsed: 2277.56s (37m 57s)  36% completed  (36% total)
     Speed:     ev/sec=255.506   simsec/sec=0.974217   ev/simsec=262.268
     Messages:  created: 52403   present: 8   in FES: 4
** Event #419840   t=2280.924876522042   Elapsed: 2280.87s (38m 00s)  36% completed  (36% total)
     Speed:     ev/sec=154.577   simsec/sec=1.0234   ev/simsec=151.043
     Messages:  created: 52467   present: 9   in FES: 5
t=2282.238029 executing setDimmer(0.1)
** Event #420352   t=2283.642998638809   Elapsed: 2283.59s (38m 03s)  36% completed  (36% total)
     Speed:     ev/sec=188.259   simsec/sec=0.999434   ev/simsec=188.365
     Messages:  created: 52531   present: 10   in FES: 6
** Event #420864   t=2286.23365629704   Elapsed: 2286.18s (38m 06s)  36% completed  (36% total)
     Speed:     ev/sec=197.753   simsec/sec=1.00061   ev/simsec=197.633
     Messages:  created: 52595   present: 9   in FES: 5
** Event #421376   t=2289.045722826159   Elapsed: 2288.99s (38m 08s)  36% completed  (36% total)
     Speed:     ev/sec=182.071   simsec/sec=0.99999   ev/simsec=182.073
     Messages:  created: 52659   present: 9   in FES: 5
** Event #421888   t=2291.501917036297   Elapsed: 2291.45s (38m 11s)  36% completed  (36% total)
     Speed:     ev/sec=208.455   simsec/sec=1.00001   ev/simsec=208.453
     Messages:  created: 52723   present: 9   in FES: 5
** Event #422656   t=2294.156434358081   Elapsed: 2294.1s (38m 14s)  36% completed  (36% total)
     Speed:     ev/sec=289.318   simsec/sec=1   ev/simsec=289.318
     Messages:  created: 52819   present: 9   in FES: 5
** Event #423168   t=2296.210188228935   Elapsed: 2296.16s (38m 16s)  36% completed  (36% total)
     Speed:     ev/sec=249.299   simsec/sec=0.999999   ev/simsec=249.3
     Messages:  created: 52883   present: 9   in FES: 5
** Event #423680   t=2298.820426462481   Elapsed: 2298.77s (38m 18s)  36% completed  (36% total)
     Speed:     ev/sec=196.151   simsec/sec=1   ev/simsec=196.151
     Messages:  created: 52947   present: 9   in FES: 5
** Event #424448   t=2301.595914470371   Elapsed: 2301.54s (38m 21s)  36% completed  (36% total)
     Speed:     ev/sec=276.708   simsec/sec=1   ev/simsec=276.708
     Messages:  created: 53043   present: 9   in FES: 5
** Event #424960   t=2304.385001678152   Elapsed: 2304.33s (38m 24s)  36% completed  (36% total)
     Speed:     ev/sec=183.573   simsec/sec=1   ev/simsec=183.573
     Messages:  created: 53107   present: 9   in FES: 5
** Event #425472   t=2308.060477866369   Elapsed: 2308.01s (38m 28s)  36% completed  (36% total)
     Speed:     ev/sec=139.302   simsec/sec=1   ev/simsec=139.302
     Messages:  created: 53171   present: 9   in FES: 5
** Event #426240   t=2310.959588589522   Elapsed: 2310.9s (38m 30s)  36% completed  (36% total)
     Speed:     ev/sec=264.909   simsec/sec=0.999999   ev/simsec=264.909
     Messages:  created: 53267   present: 9   in FES: 5
** Event #426752   t=2313.503799303271   Elapsed: 2313.45s (38m 33s)  36% completed  (36% total)
     Speed:     ev/sec=201.241   simsec/sec=1   ev/simsec=201.241
     Messages:  created: 53331   present: 9   in FES: 5
** Event #427520   t=2316.794052058573   Elapsed: 2316.74s (38m 36s)  36% completed  (36% total)
     Speed:     ev/sec=233.417   simsec/sec=1   ev/simsec=233.417
     Messages:  created: 53427   present: 9   in FES: 5
** Event #428288   t=2319.85577725099   Elapsed: 2319.8s (38m 39s)  36% completed  (36% total)
     Speed:     ev/sec=250.839   simsec/sec=1   ev/simsec=250.839
     Messages:  created: 53523   present: 9   in FES: 5
** Event #428800   t=2322.458586623196   Elapsed: 2322.4s (38m 42s)  36% completed  (36% total)
     Speed:     ev/sec=196.71   simsec/sec=0.999999   ev/simsec=196.711
     Messages:  created: 53587   present: 9   in FES: 5
** Event #429312   t=2324.626793599353   Elapsed: 2324.57s (38m 44s)  36% completed  (36% total)
     Speed:     ev/sec=236.14   simsec/sec=1   ev/simsec=236.14
     Messages:  created: 53651   present: 9   in FES: 5
** Event #429824   t=2326.871763798387   Elapsed: 2326.82s (38m 46s)  36% completed  (36% total)
     Speed:     ev/sec=228.065   simsec/sec=1   ev/simsec=228.065
     Messages:  created: 53715   present: 9   in FES: 5
** Event #430848   t=2328.962949736387   Elapsed: 2328.91s (38m 48s)  36% completed  (36% total)
     Speed:     ev/sec=489.674   simsec/sec=1   ev/simsec=489.674
     Messages:  created: 53843   present: 9   in FES: 5
** Event #431616   t=2331.80819162499   Elapsed: 2331.75s (38m 51s)  37% completed  (37% total)
     Speed:     ev/sec=269.922   simsec/sec=0.999992   ev/simsec=269.924
     Messages:  created: 53939   present: 9   in FES: 5
** Event #432128   t=2334.208937738547   Elapsed: 2334.15s (38m 54s)  37% completed  (37% total)
     Speed:     ev/sec=213.269   simsec/sec=1.00001   ev/simsec=213.267
     Messages:  created: 54003   present: 9   in FES: 5
** Event #432640   t=2336.879255703728   Elapsed: 2336.82s (38m 56s)  37% completed  (37% total)
     Speed:     ev/sec=191.734   simsec/sec=0.999981   ev/simsec=191.737
     Messages:  created: 54067   present: 9   in FES: 5
** Event #433152   t=2339.33687263526   Elapsed: 2339.28s (38m 59s)  37% completed  (37% total)
     Speed:     ev/sec=208.336   simsec/sec=1.00002   ev/simsec=208.332
     Messages:  created: 54131   present: 9   in FES: 5
** Event #433664   t=2341.379543074018   Elapsed: 2341.33s (39m 01s)  37% completed  (37% total)
     Speed:     ev/sec=250.433   simsec/sec=0.999127   ev/simsec=250.652
     Messages:  created: 54194   present: 9   in FES: 5
** Event #434432   t=2343.718453986351   Elapsed: 2343.67s (39m 03s)  37% completed  (37% total)
     Speed:     ev/sec=328.43   simsec/sec=1.00022   ev/simsec=328.358
     Messages:  created: 54290   present: 9   in FES: 5
** Event #435200   t=2346.224420754305   Elapsed: 2346.17s (39m 06s)  37% completed  (37% total)
     Speed:     ev/sec=306.561   simsec/sec=1.0003   ev/simsec=306.469
     Messages:  created: 54386   present: 9   in FES: 5
** Event #435968   t=2349.00305709013   Elapsed: 2348.95s (39m 08s)  37% completed  (37% total)
     Speed:     ev/sec=276.28   simsec/sec=0.999585   ev/simsec=276.395
     Messages:  created: 54482   present: 9   in FES: 5
** Event #436736   t=2351.326499908342   Elapsed: 2351.27s (39m 11s)  37% completed  (37% total)
     Speed:     ev/sec=330.766   simsec/sec=1.00067   ev/simsec=330.544
     Messages:  created: 54578   present: 9   in FES: 5
** Event #437760   t=2353.760212885529   Elapsed: 2353.71s (39m 13s)  37% completed  (37% total)
     Speed:     ev/sec=420.482   simsec/sec=0.999348   ev/simsec=420.756
     Messages:  created: 54706   present: 9   in FES: 5
** Event #438528   t=2356.759555019704   Elapsed: 2356.71s (39m 16s)  37% completed  (37% total)
     Speed:     ev/sec=255.687   simsec/sec=0.998557   ev/simsec=256.056
     Messages:  created: 54802   present: 9   in FES: 5
** Event #439040   t=2360.492652271854   Elapsed: 2360.44s (39m 20s)  37% completed  (37% total)
     Speed:     ev/sec=137.331   simsec/sec=1.00131   ev/simsec=137.152
     Messages:  created: 54866   present: 9   in FES: 5
** Event #439552   t=2363.507783818902   Elapsed: 2363.51s (39m 23s)  37% completed  (37% total)
     Speed:     ev/sec=166.735   simsec/sec=0.98189   ev/simsec=169.81
     Messages:  created: 54930   present: 9   in FES: 5
** Event #440064   t=2366.038376923064   Elapsed: 2366s (39m 25s)  37% completed  (37% total)
     Speed:     ev/sec=205.801   simsec/sec=1.01719   ev/simsec=202.324
     Messages:  created: 54994   present: 9   in FES: 5
** Event #440832   t=2368.565942313002   Elapsed: 2368.51s (39m 28s)  37% completed  (37% total)
     Speed:     ev/sec=305.466   simsec/sec=1.00532   ev/simsec=303.85
     Messages:  created: 55090   present: 9   in FES: 5
** Event #441600   t=2371.367069103364   Elapsed: 2371.31s (39m 31s)  37% completed  (37% total)
     Speed:     ev/sec=274.022   simsec/sec=0.999441   ev/simsec=274.175
     Messages:  created: 55186   present: 9   in FES: 5
** Event #442368   t=2374.547934754145   Elapsed: 2374.49s (39m 34s)  37% completed  (37% total)
     Speed:     ev/sec=241.606   simsec/sec=1.00067   ev/simsec=241.444
     Messages:  created: 55282   present: 9   in FES: 5
** Event #443136   t=2377.098007479885   Elapsed: 2377.05s (39m 37s)  37% completed  (37% total)
     Speed:     ev/sec=300.869   simsec/sec=0.999006   ev/simsec=301.168
     Messages:  created: 55378   present: 9   in FES: 5
** Event #443904   t=2380.112285280327   Elapsed: 2380.06s (39m 40s)  37% completed  (37% total)
     Speed:     ev/sec=255.012   simsec/sec=1.00088   ev/simsec=254.787
     Messages:  created: 55474   present: 9   in FES: 5
** Event #444416   t=2382.484442011137   Elapsed: 2382.43s (39m 42s)  37% completed  (37% total)
     Speed:     ev/sec=215.597   simsec/sec=0.998886   ev/simsec=215.837
     Messages:  created: 55538   present: 9   in FES: 5
** Event #445440   t=2385.303300632349   Elapsed: 2385.25s (39m 45s)  37% completed  (37% total)
     Speed:     ev/sec=363.224   simsec/sec=0.999879   ev/simsec=363.268
     Messages:  created: 55666   present: 9   in FES: 5
** Event #446208   t=2387.651965694455   Elapsed: 2387.6s (39m 47s)  37% completed  (37% total)
     Speed:     ev/sec=327.178   simsec/sec=1.00056   ev/simsec=326.994
     Messages:  created: 55762   present: 9   in FES: 5
** Event #446976   t=2390.014131671849   Elapsed: 2389.96s (39m 49s)  37% completed  (37% total)
     Speed:     ev/sec=325.327   simsec/sec=1.00062   ev/simsec=325.125
     Messages:  created: 55858   present: 9   in FES: 5
** Event #447744   t=2392.642506019735   Elapsed: 2392.59s (39m 52s)  37% completed  (37% total)
     Speed:     ev/sec=292.115   simsec/sec=0.999722   ev/simsec=292.196
     Messages:  created: 55954   present: 9   in FES: 5
** Event #448256   t=2394.630011428486   Elapsed: 2394.61s (39m 54s)  38% completed  (38% total)
     Speed:     ev/sec=253.204   simsec/sec=0.982899   ev/simsec=257.609
     Messages:  created: 56018   present: 9   in FES: 5
** Event #449280   t=2396.791603794722   Elapsed: 2396.75s (39m 56s)  38% completed  (38% total)
     Speed:     ev/sec=479.18   simsec/sec=1.01151   ev/simsec=473.725
     Messages:  created: 56146   present: 9   in FES: 5
** Event #450048   t=2399.044740067545   Elapsed: 2398.99s (39m 58s)  38% completed  (38% total)
     Speed:     ev/sec=342.419   simsec/sec=1.00458   ev/simsec=340.858
     Messages:  created: 56242   present: 9   in FES: 5
** Event #450816   t=2401.735776343677   Elapsed: 2401.69s (40m 01s)  38% completed  (38% total)
     Speed:     ev/sec=284.881   simsec/sec=0.99821   ev/simsec=285.392
     Messages:  created: 56337   present: 8   in FES: 4
** Event #451584   t=2404.485669715738   Elapsed: 2404.43s (40m 04s)  38% completed  (38% total)
     Speed:     ev/sec=279.835   simsec/sec=1.00197   ev/simsec=279.284
     Messages:  created: 56434   present: 10   in FES: 6
** Event #452352   t=2407.621430133863   Elapsed: 2407.58s (40m 07s)  38% completed  (38% total)
     Speed:     ev/sec=243.582   simsec/sec=0.994552   ev/simsec=244.917
     Messages:  created: 56529   present: 8   in FES: 4
** Event #452864   t=2410.331462587673   Elapsed: 2410.32s (40m 10s)  38% completed  (38% total)
     Speed:     ev/sec=187.08   simsec/sec=0.99022   ev/simsec=188.928
     Messages:  created: 56593   present: 8   in FES: 4
** Event #453120   t=2412.318341682911   Elapsed: 2412.32s (40m 12s)  38% completed  (38% total)
     Speed:     ev/sec=127.974   simsec/sec=0.993241   ev/simsec=128.845
     Messages:  created: 56625   present: 8   in FES: 4
** Event #453632   t=2414.753841545465   Elapsed: 2414.74s (40m 14s)  38% completed  (38% total)
     Speed:     ev/sec=212.005   simsec/sec=1.00847   ev/simsec=210.224
     Messages:  created: 56689   present: 8   in FES: 4
** Event #454144   t=2417.167151364961   Elapsed: 2417.17s (40m 17s)  38% completed  (38% total)
     Speed:     ev/sec=210.164   simsec/sec=0.990608   ev/simsec=212.157
     Messages:  created: 56753   present: 8   in FES: 4
** Event #454656   t=2419.842190338384   Elapsed: 2419.79s (40m 19s)  38% completed  (38% total)
     Speed:     ev/sec=195.686   simsec/sec=1.0224   ev/simsec=191.399
     Messages:  created: 56817   present: 8   in FES: 4
** Event #455424   t=2421.921946299175   Elapsed: 2421.89s (40m 21s)  38% completed  (38% total)
     Speed:     ev/sec=365.452   simsec/sec=0.989649   ev/simsec=369.274
     Messages:  created: 56913   present: 8   in FES: 4
** Event #456192   t=2424.920121826318   Elapsed: 2424.87s (40m 24s)  38% completed  (38% total)
     Speed:     ev/sec=258.137   simsec/sec=1.00773   ev/simsec=256.156
     Messages:  created: 57010   present: 10   in FES: 6
** Event #456704   t=2426.974661967075   Elapsed: 2426.92s (40m 26s)  38% completed  (38% total)
     Speed:     ev/sec=249.038   simsec/sec=0.999334   ev/simsec=249.204
     Messages:  created: 57073   present: 8   in FES: 4
** Event #457472   t=2429.142494119961   Elapsed: 2429.1s (40m 29s)  38% completed  (38% total)
     Speed:     ev/sec=352.805   simsec/sec=0.995861   ev/simsec=354.271
     Messages:  created: 57169   present: 8   in FES: 4
** Event #458240   t=2431.694865222252   Elapsed: 2431.71s (40m 31s)  38% completed  (38% total)
     Speed:     ev/sec=293.527   simsec/sec=0.975509   ev/simsec=300.897
     Messages:  created: 57265   present: 8   in FES: 4
** Event #459008   t=2434.178070951679   Elapsed: 2434.13s (40m 34s)  38% completed  (38% total)
     Speed:     ev/sec=318.026   simsec/sec=1.02829   ev/simsec=309.278
     Messages:  created: 57361   present: 8   in FES: 4
** Event #459520   t=2436.337942924131   Elapsed: 2436.3s (40m 36s)  38% completed  (38% total)
     Speed:     ev/sec=235.41   simsec/sec=0.993078   ev/simsec=237.051
     Messages:  created: 57425   present: 8   in FES: 4
** Event #460288   t=2439.276897901606   Elapsed: 2439.22s (40m 39s)  38% completed  (38% total)
     Speed:     ev/sec=263.217   simsec/sec=1.00727   ev/simsec=261.317
     Messages:  created: 57522   present: 11   in FES: 6
** Event #461056   t=2442.113215965344   Elapsed: 2442.08s (40m 42s)  38% completed  (38% total)
     Speed:     ev/sec=269.191   simsec/sec=0.994154   ev/simsec=270.774
     Messages:  created: 57617   present: 8   in FES: 4
** Event #461568   t=2445.949924756069   Elapsed: 2445.94s (40m 45s)  38% completed  (38% total)
     Speed:     ev/sec=132.48   simsec/sec=0.992751   ev/simsec=133.448
     Messages:  created: 57681   present: 8   in FES: 4
** Event #462080   t=2448.005646782175   Elapsed: 2447.95s (40m 47s)  38% completed  (38% total)
     Speed:     ev/sec=254.596   simsec/sec=1.02222   ev/simsec=249.061
     Messages:  created: 57746   present: 10   in FES: 6
** Event #462592   t=2450.602937612155   Elapsed: 2450.55s (40m 50s)  38% completed  (38% total)
     Speed:     ev/sec=197.129   simsec/sec=1   ev/simsec=197.128
     Messages:  created: 57810   present: 10   in FES: 6
** Event #463360   t=2453.252746222365   Elapsed: 2453.22s (40m 53s)  38% completed  (38% total)
     Speed:     ev/sec=286.992   simsec/sec=0.990201   ev/simsec=289.832
     Messages:  created: 57905   present: 8   in FES: 4
** Event #463872   t=2455.604439965021   Elapsed: 2455.57s (40m 55s)  38% completed  (38% total)
     Speed:     ev/sec=217.899   simsec/sec=1.00084   ev/simsec=217.715
     Messages:  created: 57969   present: 8   in FES: 4
** Event #464640   t=2457.662820602767   Elapsed: 2457.64s (40m 57s)  39% completed  (39% total)
     Speed:     ev/sec=371.743   simsec/sec=0.99634   ev/simsec=373.109
     Messages:  created: 58065   present: 8   in FES: 4
** Event #465152   t=2459.862707718767   Elapsed: 2459.82s (40m 59s)  39% completed  (39% total)
     Speed:     ev/sec=234.391   simsec/sec=1.0071   ev/simsec=232.739
     Messages:  created: 58129   present: 8   in FES: 4
** Event #465920   t=2462.090720339049   Elapsed: 2462.04s (41m 02s)  39% completed  (39% total)
     Speed:     ev/sec=347.241   simsec/sec=1.00737   ev/simsec=344.702
     Messages:  created: 58225   present: 10   in FES: 6
** Event #466688   t=2464.120961250389   Elapsed: 2464.07s (41m 04s)  39% completed  (39% total)
     Speed:     ev/sec=378.281   simsec/sec=1   ev/simsec=378.28
     Messages:  created: 58321   present: 9   in FES: 5
** Event #467456   t=2466.525840926988   Elapsed: 2466.47s (41m 06s)  39% completed  (39% total)
     Speed:     ev/sec=319.351   simsec/sec=1   ev/simsec=319.351
     Messages:  created: 58417   present: 9   in FES: 5
** Event #467968   t=2468.820722000501   Elapsed: 2468.77s (41m 08s)  39% completed  (39% total)
     Speed:     ev/sec=223.098   simsec/sec=0.99997   ev/simsec=223.105
     Messages:  created: 58481   present: 9   in FES: 5
** Event #468736   t=2471.121504653606   Elapsed: 2471.07s (41m 11s)  39% completed  (39% total)
     Speed:     ev/sec=333.809   simsec/sec=1.00003   ev/simsec=333.799
     Messages:  created: 58577   present: 9   in FES: 5
** Event #469504   t=2473.337033120886   Elapsed: 2473.28s (41m 13s)  39% completed  (39% total)
     Speed:     ev/sec=346.639   simsec/sec=0.999984   ev/simsec=346.644
     Messages:  created: 58673   present: 9   in FES: 5
** Event #470016   t=2475.730477020734   Elapsed: 2475.68s (41m 15s)  39% completed  (39% total)
     Speed:     ev/sec=213.921   simsec/sec=1.00001   ev/simsec=213.918
     Messages:  created: 58737   present: 9   in FES: 5
** Event #470528   t=2478.93090702689   Elapsed: 2478.88s (41m 18s)  39% completed  (39% total)
     Speed:     ev/sec=159.978   simsec/sec=0.999995   ev/simsec=159.979
     Messages:  created: 58801   present: 9   in FES: 5
** Event #471040   t=2481.166274641004   Elapsed: 2481.11s (41m 21s)  39% completed  (39% total)
     Speed:     ev/sec=229.047   simsec/sec=1.00001   ev/simsec=229.045
     Messages:  created: 58865   present: 9   in FES: 5
** Event #471552   t=2483.349307386736   Elapsed: 2483.29s (41m 23s)  39% completed  (39% total)
     Speed:     ev/sec=234.536   simsec/sec=1   ev/simsec=234.536
     Messages:  created: 58929   present: 9   in FES: 5
** Event #472064   t=2485.883428561087   Elapsed: 2485.83s (41m 25s)  39% completed  (39% total)
     Speed:     ev/sec=202.042   simsec/sec=1   ev/simsec=202.042
     Messages:  created: 58993   present: 9   in FES: 5
** Event #472832   t=2487.922111981231   Elapsed: 2487.87s (41m 27s)  39% completed  (39% total)
     Speed:     ev/sec=376.714   simsec/sec=1   ev/simsec=376.714
     Messages:  created: 59089   present: 9   in FES: 5
** Event #473344   t=2490.074573214914   Elapsed: 2490.02s (41m 30s)  39% completed  (39% total)
     Speed:     ev/sec=237.867   simsec/sec=1   ev/simsec=237.867
     Messages:  created: 59153   present: 9   in FES: 5
** Event #473856   t=2492.099346048894   Elapsed: 2492.04s (41m 32s)  39% completed  (39% total)
     Speed:     ev/sec=252.868   simsec/sec=1   ev/simsec=252.868
     Messages:  created: 59217   present: 9   in FES: 5
** Event #474624   t=2495.006898249421   Elapsed: 2494.95s (41m 34s)  39% completed  (39% total)
     Speed:     ev/sec=264.138   simsec/sec=0.999992   ev/simsec=264.14
     Messages:  created: 59313   present: 9   in FES: 5
** Event #475392   t=2497.918688408193   Elapsed: 2497.86s (41m 37s)  39% completed  (39% total)
     Speed:     ev/sec=263.757   simsec/sec=1.00001   ev/simsec=263.755
     Messages:  created: 59409   present: 9   in FES: 5
** Event #476160   t=2501.167871162758   Elapsed: 2501.11s (41m 41s)  39% completed  (39% total)
     Speed:     ev/sec=236.367   simsec/sec=1   ev/simsec=236.367
     Messages:  created: 59505   present: 9   in FES: 5
** Event #476672   t=2503.396172995252   Elapsed: 2503.34s (41m 43s)  39% completed  (39% total)
     Speed:     ev/sec=229.772   simsec/sec=1   ev/simsec=229.771
     Messages:  created: 59569   present: 9   in FES: 5
** Event #477440   t=2505.62454895238   Elapsed: 2505.57s (41m 45s)  39% completed  (39% total)
     Speed:     ev/sec=344.645   simsec/sec=1   ev/simsec=344.646
     Messages:  created: 59665   present: 10   in FES: 6
** Event #478208   t=2508.696880500707   Elapsed: 2508.64s (41m 48s)  39% completed  (39% total)
     Speed:     ev/sec=249.962   simsec/sec=0.999957   ev/simsec=249.973
     Messages:  created: 59761   present: 9   in FES: 5
** Event #478720   t=2511.740370051308   Elapsed: 2511.69s (41m 51s)  39% completed  (39% total)
     Speed:     ev/sec=168.235   simsec/sec=1.00004   ev/simsec=168.228
     Messages:  created: 59825   present: 9   in FES: 5
** Event #479488   t=2513.774036139172   Elapsed: 2513.72s (41m 53s)  39% completed  (39% total)
     Speed:     ev/sec=377.645   simsec/sec=1.00001   ev/simsec=377.643
     Messages:  created: 59921   present: 9   in FES: 5
** Event #480512   t=2515.885630929721   Elapsed: 2515.83s (41m 55s)  39% completed  (39% total)
     Speed:     ev/sec=484.941   simsec/sec=1   ev/simsec=484.942
     Messages:  created: 60049   present: 9   in FES: 5
** Event #481280   t=2518.242669546989   Elapsed: 2518.19s (41m 58s)  39% completed  (39% total)
     Speed:     ev/sec=325.832   simsec/sec=0.999998   ev/simsec=325.833
     Messages:  created: 60145   present: 9   in FES: 5
** Event #482048   t=2520.793450189782   Elapsed: 2520.75s (42m 00s)  40% completed  (40% total)
     Speed:     ev/sec=300.111   simsec/sec=0.996767   ev/simsec=301.084
     Messages:  created: 60240   present: 8   in FES: 5
t=2522.381504 executing setDimmer(0.3)
** Event #482560   t=2523.102423177831   Elapsed: 2523.05s (42m 03s)  40% completed  (40% total)
     Speed:     ev/sec=222.298   simsec/sec=1.0025   ev/simsec=221.744
     Messages:  created: 60304   present: 9   in FES: 5
** Event #483328   t=2525.243486279506   Elapsed: 2525.2s (42m 05s)  40% completed  (40% total)
     Speed:     ev/sec=357.657   simsec/sec=0.997091   ev/simsec=358.7
     Messages:  created: 60400   present: 9   in FES: 5
** Event #484096   t=2527.5857410349   Elapsed: 2527.53s (42m 07s)  40% completed  (40% total)
     Speed:     ev/sec=329.03   simsec/sec=1.00348   ev/simsec=327.889
     Messages:  created: 60496   present: 9   in FES: 5
** Event #484864   t=2530.445915339613   Elapsed: 2530.43s (42m 10s)  40% completed  (40% total)
     Speed:     ev/sec=264.729   simsec/sec=0.985899   ev/simsec=268.515
     Messages:  created: 60592   present: 9   in FES: 5
** Event #485376   t=2532.738395323587   Elapsed: 2532.69s (42m 12s)  40% completed  (40% total)
     Speed:     ev/sec=227.293   simsec/sec=1.01771   ev/simsec=223.339
     Messages:  created: 60656   present: 9   in FES: 5
** Event #485888   t=2534.789278886623   Elapsed: 2534.74s (42m 14s)  40% completed  (40% total)
     Speed:     ev/sec=249.513   simsec/sec=0.999458   ev/simsec=249.648
     Messages:  created: 60720   present: 9   in FES: 5
** Event #486656   t=2538.037660306463   Elapsed: 2537.98s (42m 17s)  40% completed  (40% total)
     Speed:     ev/sec=236.565   simsec/sec=1.00059   ev/simsec=236.425
     Messages:  created: 60816   present: 9   in FES: 5
** Event #487168   t=2540.477724477572   Elapsed: 2540.42s (42m 20s)  40% completed  (40% total)
     Speed:     ev/sec=209.772   simsec/sec=0.999723   ev/simsec=209.831
     Messages:  created: 60880   present: 9   in FES: 5
** Event #487936   t=2542.852528235607   Elapsed: 2542.8s (42m 22s)  40% completed  (40% total)
     Speed:     ev/sec=323.272   simsec/sec=0.999618   ev/simsec=323.395
     Messages:  created: 60976   present: 9   in FES: 5
** Event #488704   t=2545.434094880156   Elapsed: 2545.38s (42m 25s)  40% completed  (40% total)
     Speed:     ev/sec=297.75   simsec/sec=1.00086   ev/simsec=297.494
     Messages:  created: 61072   present: 9   in FES: 5
** Event #489472   t=2547.785613573121   Elapsed: 2547.73s (42m 27s)  40% completed  (40% total)
     Speed:     ev/sec=326.354   simsec/sec=0.999256   ev/simsec=326.597
     Messages:  created: 61168   present: 9   in FES: 5
** Event #490496   t=2550.201634196918   Elapsed: 2550.15s (42m 30s)  40% completed  (40% total)
     Speed:     ev/sec=424.047   simsec/sec=1.00049   ev/simsec=423.837
     Messages:  created: 61296   present: 9   in FES: 5
** Event #491520   t=2552.382926596096   Elapsed: 2552.33s (42m 32s)  40% completed  (40% total)
     Speed:     ev/sec=469.311   simsec/sec=0.999712   ev/simsec=469.446
     Messages:  created: 61424   present: 9   in FES: 5
** Event #492544   t=2555.555949933611   Elapsed: 2555.5s (42m 35s)  40% completed  (40% total)
     Speed:     ev/sec=322.863   simsec/sec=1.00044   ev/simsec=322.721
     Messages:  created: 61553   present: 11   in FES: 7
** Event #493056   t=2558.231251211606   Elapsed: 2558.19s (42m 38s)  40% completed  (40% total)
     Speed:     ev/sec=190.739   simsec/sec=0.99665   ev/simsec=191.38
     Messages:  created: 61616   present: 9   in FES: 5
** Event #494080   t=2560.402268389323   Elapsed: 2560.35s (42m 40s)  40% completed  (40% total)
     Speed:     ev/sec=473.631   simsec/sec=1.00416   ev/simsec=471.668
     Messages:  created: 61747   present: 16   in FES: 7
** Event #495616   t=2562.688930222937   Elapsed: 2562.65s (42m 42s)  40% completed  (40% total)
     Speed:     ev/sec=667.504   simsec/sec=0.993722   ev/simsec=671.722
     Messages:  created: 61936   present: 9   in FES: 5
** Event #496384   t=2564.793718538509   Elapsed: 2564.76s (42m 44s)  40% completed  (40% total)
     Speed:     ev/sec=364.093   simsec/sec=0.997837   ev/simsec=364.882
     Messages:  created: 62032   present: 9   in FES: 5
** Event #496640   t=2567.155937309232   Elapsed: 2567.11s (42m 47s)  40% completed  (40% total)
     Speed:     ev/sec=108.744   simsec/sec=1.00342   ev/simsec=108.373
     Messages:  created: 62064   present: 9   in FES: 5
** Event #497152   t=2569.210035726763   Elapsed: 2569.16s (42m 49s)  40% completed  (40% total)
     Speed:     ev/sec=250.57   simsec/sec=1.00527   ev/simsec=249.258
     Messages:  created: 62128   present: 9   in FES: 5
** Event #497664   t=2571.888470640192   Elapsed: 2571.83s (42m 51s)  40% completed  (40% total)
     Speed:     ev/sec=191.137   simsec/sec=0.999897   ev/simsec=191.156
     Messages:  created: 62192   present: 9   in FES: 5
** Event #498176   t=2574.653854309396   Elapsed: 2574.62s (42m 54s)  40% completed  (40% total)
     Speed:     ev/sec=184.083   simsec/sec=0.994261   ev/simsec=185.146
     Messages:  created: 62256   present: 9   in FES: 5
** Event #498688   t=2577.304128366797   Elapsed: 2577.25s (42m 57s)  40% completed  (40% total)
     Speed:     ev/sec=194.265   simsec/sec=1.00558   ev/simsec=193.188
     Messages:  created: 62320   present: 9   in FES: 5
** Event #499456   t=2579.55449715354   Elapsed: 2579.5s (42m 59s)  40% completed  (40% total)
     Speed:     ev/sec=341.508   simsec/sec=1.00068   ev/simsec=341.277
     Messages:  created: 62416   present: 9   in FES: 5
** Event #499968   t=2582.181851057249   Elapsed: 2582.13s (43m 02s)  40% completed  (40% total)
     Speed:     ev/sec=194.416   simsec/sec=0.997657   ev/simsec=194.873
     Messages:  created: 62479   present: 8   in FES: 4
t=2582.203773 executing setDimmer(0.7)
** Event #500736   t=2585.252592574958   Elapsed: 2585.2s (43m 05s)  41% completed  (41% total)
     Speed:     ev/sec=250.624   simsec/sec=1.00208   ev/simsec=250.102
     Messages:  created: 62576   present: 10   in FES: 6
** Event #501504   t=2588.007679362187   Elapsed: 2587.95s (43m 07s)  41% completed  (41% total)
     Speed:     ev/sec=278.757   simsec/sec=1   ev/simsec=278.757
     Messages:  created: 62672   present: 10   in FES: 6
** Event #502272   t=2590.672258034065   Elapsed: 2590.64s (43m 10s)  41% completed  (41% total)
     Speed:     ev/sec=286.179   simsec/sec=0.9929   ev/simsec=288.226
     Messages:  created: 62768   present: 11   in FES: 6
** Event #503296   t=2593.728175074934   Elapsed: 2593.67s (43m 13s)  41% completed  (41% total)
     Speed:     ev/sec=337.19   simsec/sec=1.00628   ev/simsec=335.088
     Messages:  created: 62895   present: 9   in FES: 5
** Event #503808   t=2596.024546030448   Elapsed: 2595.97s (43m 15s)  41% completed  (41% total)
     Speed:     ev/sec=222.901   simsec/sec=0.999734   ev/simsec=222.96
     Messages:  created: 62960   present: 11   in FES: 7
** Event #504576   t=2598.653861827811   Elapsed: 2598.6s (43m 18s)  41% completed  (41% total)
     Speed:     ev/sec=292.159   simsec/sec=1.00023   ev/simsec=292.091
     Messages:  created: 63055   present: 9   in FES: 5
** Event #505344   t=2600.763784266041   Elapsed: 2600.71s (43m 20s)  41% completed  (41% total)
     Speed:     ev/sec=363.994   simsec/sec=0.999999   ev/simsec=363.994
     Messages:  created: 63152   present: 10   in FES: 6
** Event #506112   t=2603.259272293255   Elapsed: 2603.23s (43m 23s)  41% completed  (41% total)
     Speed:     ev/sec=304.297   simsec/sec=0.988762   ev/simsec=307.755
     Messages:  created: 63248   present: 11   in FES: 6
** Event #507136   t=2606.131308418151   Elapsed: 2606.08s (43m 26s)  41% completed  (41% total)
     Speed:     ev/sec=360.098   simsec/sec=1.00997   ev/simsec=356.541
     Messages:  created: 63376   present: 10   in FES: 6
** Event #507392   t=2608.22778427632   Elapsed: 2608.17s (43m 28s)  41% completed  (41% total)
     Speed:     ev/sec=122.11   simsec/sec=1   ev/simsec=122.11
     Messages:  created: 63407   present: 9   in FES: 5
** Event #508160   t=2610.278696731566   Elapsed: 2610.22s (43m 30s)  41% completed  (41% total)
     Speed:     ev/sec=374.467   simsec/sec=1   ev/simsec=374.467
     Messages:  created: 63503   present: 9   in FES: 5
** Event #509440   t=2613.008374755219   Elapsed: 2612.96s (43m 32s)  41% completed  (41% total)
     Speed:     ev/sec=468.359   simsec/sec=0.998804   ev/simsec=468.92
     Messages:  created: 63664   present: 11   in FES: 6
** Event #510208   t=2616.052623087667   Elapsed: 2616s (43m 36s)  41% completed  (41% total)
     Speed:     ev/sec=252.292   simsec/sec=1.00005   ev/simsec=252.279
     Messages:  created: 63760   present: 11   in FES: 5
** Event #511232   t=2618.345662094449   Elapsed: 2618.29s (43m 38s)  41% completed  (41% total)
     Speed:     ev/sec=447.176   simsec/sec=1.00136   ev/simsec=446.569
     Messages:  created: 63889   present: 13   in FES: 8
** Event #512000   t=2620.478803830998   Elapsed: 2620.42s (43m 40s)  41% completed  (41% total)
     Speed:     ev/sec=360.032   simsec/sec=0.999999   ev/simsec=360.032
     Messages:  created: 63984   present: 11   in FES: 6
** Event #513024   t=2622.985499931725   Elapsed: 2622.93s (43m 42s)  41% completed  (41% total)
     Speed:     ev/sec=408.506   simsec/sec=1   ev/simsec=408.506
     Messages:  created: 64112   present: 10   in FES: 6
** Event #513536   t=2625.188986519216   Elapsed: 2625.13s (43m 45s)  41% completed  (41% total)
     Speed:     ev/sec=232.359   simsec/sec=1   ev/simsec=232.359
     Messages:  created: 64175   present: 9   in FES: 5
** Event #514304   t=2627.334521807638   Elapsed: 2627.28s (43m 47s)  41% completed  (41% total)
     Speed:     ev/sec=357.653   simsec/sec=0.999162   ev/simsec=357.953
     Messages:  created: 64272   present: 11   in FES: 7
** Event #515328   t=2629.713279580603   Elapsed: 2629.66s (43m 49s)  41% completed  (41% total)
     Speed:     ev/sec=430.803   simsec/sec=1.00076   ev/simsec=430.477
     Messages:  created: 64400   present: 10   in FES: 6
** Event #516096   t=2632.750584168786   Elapsed: 2632.7s (43m 52s)  41% completed  (41% total)
     Speed:     ev/sec=252.856   simsec/sec=1   ev/simsec=252.856
     Messages:  created: 64495   present: 9   in FES: 5
** Event #516864   t=2635.426877506293   Elapsed: 2635.37s (43m 55s)  41% completed  (41% total)
     Speed:     ev/sec=286.964   simsec/sec=1   ev/simsec=286.964
     Messages:  created: 64592   present: 10   in FES: 6
** Event #517376   t=2638.251041025561   Elapsed: 2638.2s (43m 58s)  41% completed  (41% total)
     Speed:     ev/sec=181.293   simsec/sec=1   ev/simsec=181.293
     Messages:  created: 64655   present: 9   in FES: 5
** Event #518144   t=2640.613064175609   Elapsed: 2640.56s (44m 00s)  41% completed  (41% total)
     Speed:     ev/sec=325.145   simsec/sec=1   ev/simsec=325.145
     Messages:  created: 64752   present: 11   in FES: 6
** Event #519168   t=2642.784136899895   Elapsed: 2642.73s (44m 02s)  41% completed  (41% total)
     Speed:     ev/sec=471.655   simsec/sec=0.999997   ev/simsec=471.656
     Messages:  created: 64880   present: 12   in FES: 7
** Event #519936   t=2645.557503468728   Elapsed: 2645.51s (44m 05s)  41% completed  (41% total)
     Speed:     ev/sec=276.553   simsec/sec=0.998676   ev/simsec=276.92
     Messages:  created: 64975   present: 10   in FES: 6
** Event #520704   t=2648.001112970586   Elapsed: 2647.97s (44m 07s)  42% completed  (42% total)
     Speed:     ev/sec=311.458   simsec/sec=0.990993   ev/simsec=314.289
     Messages:  created: 65071   present: 10   in FES: 6
** Event #521472   t=2650.104182317574   Elapsed: 2650.05s (44m 10s)  42% completed  (42% total)
     Speed:     ev/sec=369.732   simsec/sec=1.01246   ev/simsec=365.181
     Messages:  created: 65167   present: 9   in FES: 5
** Event #521984   t=2652.651572834286   Elapsed: 2652.6s (44m 12s)  42% completed  (42% total)
     Speed:     ev/sec=200.99   simsec/sec=1   ev/simsec=200.99
     Messages:  created: 65231   present: 9   in FES: 5
** Event #522752   t=2655.015741991547   Elapsed: 2654.96s (44m 14s)  42% completed  (42% total)
     Speed:     ev/sec=324.85   simsec/sec=1   ev/simsec=324.85
     Messages:  created: 65328   present: 13   in FES: 8
** Event #523264   t=2658.308683605219   Elapsed: 2658.25s (44m 18s)  42% completed  (42% total)
     Speed:     ev/sec=155.484   simsec/sec=1   ev/simsec=155.484
     Messages:  created: 65392   present: 12   in FES: 7
** Event #524032   t=2660.853095355788   Elapsed: 2660.8s (44m 20s)  42% completed  (42% total)
     Speed:     ev/sec=301.68   simsec/sec=0.999477   ev/simsec=301.838
     Messages:  created: 65487   present: 10   in FES: 6
** Event #524800   t=2663.771087189054   Elapsed: 2663.72s (44m 23s)  42% completed  (42% total)
     Speed:     ev/sec=263.187   simsec/sec=0.999973   ev/simsec=263.195
     Messages:  created: 65583   present: 10   in FES: 6
** Event #525824   t=2666.260973173534   Elapsed: 2666.22s (44m 26s)  42% completed  (42% total)
     Speed:     ev/sec=409.99   simsec/sec=0.996902   ev/simsec=411.264
     Messages:  created: 65711   present: 10   in FES: 6
** Event #526592   t=2668.502051811447   Elapsed: 2668.45s (44m 28s)  42% completed  (42% total)
     Speed:     ev/sec=343.796   simsec/sec=1.00322   ev/simsec=342.692
     Messages:  created: 65807   present: 10   in FES: 6
** Event #527616   t=2671.390422812297   Elapsed: 2671.34s (44m 31s)  42% completed  (42% total)
     Speed:     ev/sec=354.764   simsec/sec=1.00067   ev/simsec=354.525
     Messages:  created: 65936   present: 13   in FES: 7
** Event #528384   t=2673.780672848315   Elapsed: 2673.73s (44m 33s)  42% completed  (42% total)
     Speed:     ev/sec=321.305   simsec/sec=0.999999   ev/simsec=321.305
     Messages:  created: 66032   present: 12   in FES: 7
** Event #529408   t=2675.983186581038   Elapsed: 2675.93s (44m 35s)  42% completed  (42% total)
     Speed:     ev/sec=464.925   simsec/sec=1   ev/simsec=464.923
     Messages:  created: 66160   present: 12   in FES: 7
** Event #530176   t=2678.796025434693   Elapsed: 2678.74s (44m 38s)  42% completed  (42% total)
     Speed:     ev/sec=273.031   simsec/sec=0.999989   ev/simsec=273.034
     Messages:  created: 66255   present: 9   in FES: 5
** Event #530688   t=2681.125659463911   Elapsed: 2681.07s (44m 41s)  42% completed  (42% total)
     Speed:     ev/sec=219.498   simsec/sec=0.998729   ev/simsec=219.777
     Messages:  created: 66319   present: 10   in FES: 6
** Event #531456   t=2683.665882356241   Elapsed: 2683.61s (44m 43s)  42% completed  (42% total)
     Speed:     ev/sec=302.375   simsec/sec=1.00013   ev/simsec=302.336
     Messages:  created: 66415   present: 10   in FES: 6
** Event #531968   t=2686.494025615372   Elapsed: 2686.48s (44m 46s)  42% completed  (42% total)
     Speed:     ev/sec=178.8   simsec/sec=0.987641   ev/simsec=181.038
     Messages:  created: 66479   present: 10   in FES: 6
** Event #532736   t=2688.779807130615   Elapsed: 2688.73s (44m 48s)  42% completed  (42% total)
     Speed:     ev/sec=341.679   simsec/sec=1.01693   ev/simsec=335.99
     Messages:  created: 66575   present: 9   in FES: 5
** Event #533504   t=2691.50171551603   Elapsed: 2691.45s (44m 51s)  42% completed  (42% total)
     Speed:     ev/sec=282.154   simsec/sec=0.999996   ev/simsec=282.155
     Messages:  created: 66671   present: 9   in FES: 5
** Event #534528   t=2694.163206384843   Elapsed: 2694.11s (44m 54s)  42% completed  (42% total)
     Speed:     ev/sec=384.748   simsec/sec=1   ev/simsec=384.747
     Messages:  created: 66800   present: 12   in FES: 7
** Event #535552   t=2696.2625793141   Elapsed: 2696.21s (44m 56s)  42% completed  (42% total)
     Speed:     ev/sec=487.765   simsec/sec=1   ev/simsec=487.765
     Messages:  created: 66928   present: 12   in FES: 7
** Event #536832   t=2698.785591622516   Elapsed: 2698.73s (44m 58s)  42% completed  (42% total)
     Speed:     ev/sec=507.33   simsec/sec=0.999999   ev/simsec=507.33
     Messages:  created: 67089   present: 15   in FES: 8
** Event #537856   t=2700.953319971467   Elapsed: 2700.9s (45m 00s)  42% completed  (42% total)
     Speed:     ev/sec=472.384   simsec/sec=0.999999   ev/simsec=472.384
     Messages:  created: 67216   present: 13   in FES: 7
t=2702.1078 executing setDimmer(0.9)
** Event #538624   t=2703.231722206571   Elapsed: 2703.18s (45m 03s)  42% completed  (42% total)
     Speed:     ev/sec=336.381   simsec/sec=0.997933   ev/simsec=337.078
     Messages:  created: 67311   present: 12   in FES: 7
** Event #540160   t=2705.691779517097   Elapsed: 2705.64s (45m 05s)  42% completed  (42% total)
     Speed:     ev/sec=625.577   simsec/sec=1.00192   ev/simsec=624.376
     Messages:  created: 67509   present: 27   in FES: 8
** Event #541184   t=2707.736507132323   Elapsed: 2707.7s (45m 07s)  42% completed  (42% total)
     Speed:     ev/sec=495.637   simsec/sec=0.98969   ev/simsec=500.8
     Messages:  created: 67631   present: 12   in FES: 7
** Event #542208   t=2709.937532902539   Elapsed: 2709.89s (45m 09s)  43% completed  (43% total)
     Speed:     ev/sec=468.622   simsec/sec=1.00727   ev/simsec=465.238
     Messages:  created: 67762   present: 20   in FES: 7
** Event #543232   t=2712.120362421817   Elapsed: 2712.07s (45m 12s)  43% completed  (43% total)
     Speed:     ev/sec=470.28   simsec/sec=1.00248   ev/simsec=469.116
     Messages:  created: 67886   present: 10   in FES: 6
** Event #544000   t=2714.717750257797   Elapsed: 2714.68s (45m 14s)  43% completed  (43% total)
     Speed:     ev/sec=293.687   simsec/sec=0.993254   ev/simsec=295.682
     Messages:  created: 67983   present: 12   in FES: 7
** Event #545024   t=2717.512523192739   Elapsed: 2717.46s (45m 17s)  43% completed  (43% total)
     Speed:     ev/sec=368.726   simsec/sec=1.00635   ev/simsec=366.398
     Messages:  created: 68111   present: 11   in FES: 6
** Event #546048   t=2719.842028493753   Elapsed: 2719.79s (45m 19s)  43% completed  (43% total)
     Speed:     ev/sec=439.578   simsec/sec=0.999999   ev/simsec=439.578
     Messages:  created: 68241   present: 16   in FES: 8
** Event #547072   t=2722.0157785072   Elapsed: 2721.96s (45m 21s)  43% completed  (43% total)
     Speed:     ev/sec=471.076   simsec/sec=1   ev/simsec=471.075
     Messages:  created: 68370   present: 19   in FES: 8
** Event #548352   t=2724.35702993238   Elapsed: 2724.3s (45m 24s)  43% completed  (43% total)
     Speed:     ev/sec=546.481   simsec/sec=0.99957   ev/simsec=546.716
     Messages:  created: 68527   present: 12   in FES: 7
** Event #549376   t=2726.61803154395   Elapsed: 2726.56s (45m 26s)  43% completed  (43% total)
     Speed:     ev/sec=453.098   simsec/sec=1.00045   ev/simsec=452.897
     Messages:  created: 68661   present: 27   in FES: 8
** Event #550656   t=2729.004719675053   Elapsed: 2728.95s (45m 28s)  43% completed  (43% total)
     Speed:     ev/sec=536.307   simsec/sec=0.999998   ev/simsec=536.308
     Messages:  created: 68815   present: 11   in FES: 7
** Event #551680   t=2732.010380024461   Elapsed: 2731.96s (45m 31s)  43% completed  (43% total)
     Speed:     ev/sec=340.691   simsec/sec=1   ev/simsec=340.691
     Messages:  created: 68942   present: 10   in FES: 6
** Event #552704   t=2734.119100319454   Elapsed: 2734.07s (45m 34s)  43% completed  (43% total)
     Speed:     ev/sec=485.209   simsec/sec=0.99919   ev/simsec=485.603
     Messages:  created: 69077   present: 28   in FES: 7
** Event #553728   t=2736.555350371013   Elapsed: 2736.5s (45m 36s)  43% completed  (43% total)
     Speed:     ev/sec=420.614   simsec/sec=1.0007   ev/simsec=420.318
     Messages:  created: 69198   present: 9   in FES: 5
** Event #554752   t=2739.330784190752   Elapsed: 2739.28s (45m 39s)  43% completed  (43% total)
     Speed:     ev/sec=368.951   simsec/sec=1   ev/simsec=368.951
     Messages:  created: 69329   present: 16   in FES: 8
** Event #555520   t=2741.866912286372   Elapsed: 2741.81s (45m 41s)  43% completed  (43% total)
     Speed:     ev/sec=302.824   simsec/sec=1   ev/simsec=302.824
     Messages:  created: 69422   present: 10   in FES: 6
** Event #556032   t=2744.124987807697   Elapsed: 2744.07s (45m 44s)  43% completed  (43% total)
     Speed:     ev/sec=226.742   simsec/sec=1   ev/simsec=226.742
     Messages:  created: 69487   present: 11   in FES: 7
** Event #556800   t=2747.332656512518   Elapsed: 2747.28s (45m 47s)  43% completed  (43% total)
     Speed:     ev/sec=239.426   simsec/sec=1   ev/simsec=239.426
     Messages:  created: 69583   present: 11   in FES: 7
** Event #557568   t=2749.447968293631   Elapsed: 2749.4s (45m 49s)  43% completed  (43% total)
     Speed:     ev/sec=362.4   simsec/sec=0.998164   ev/simsec=363.067
     Messages:  created: 69679   present: 12   in FES: 7
** Event #558336   t=2751.67462403325   Elapsed: 2751.62s (45m 51s)  43% completed  (43% total)
     Speed:     ev/sec=345.425   simsec/sec=1.00149   ev/simsec=344.912
     Messages:  created: 69775   present: 12   in FES: 6
** Event #559104   t=2753.70479320192   Elapsed: 2753.65s (45m 53s)  43% completed  (43% total)
     Speed:     ev/sec=378.402   simsec/sec=1.00029   ev/simsec=378.294
     Messages:  created: 69870   present: 10   in FES: 6
** Event #560128   t=2756.226329079422   Elapsed: 2756.17s (45m 56s)  43% completed  (43% total)
     Speed:     ev/sec=406.102   simsec/sec=1   ev/simsec=406.102
     Messages:  created: 69998   present: 10   in FES: 6
** Event #560896   t=2758.384974277744   Elapsed: 2758.34s (45m 58s)  43% completed  (43% total)
     Speed:     ev/sec=354.681   simsec/sec=0.996913   ev/simsec=355.779
     Messages:  created: 70095   present: 12   in FES: 6
** Event #561408   t=2760.438756134101   Elapsed: 2760.38s (46m 00s)  43% completed  (43% total)
     Speed:     ev/sec=250.11   simsec/sec=1.00327   ev/simsec=249.296
     Messages:  created: 70158   present: 11   in FES: 7
** Event #562176   t=2762.789438643665   Elapsed: 2762.73s (46m 02s)  43% completed  (43% total)
     Speed:     ev/sec=326.714   simsec/sec=1   ev/simsec=326.714
     Messages:  created: 70256   present: 15   in FES: 7
** Event #563456   t=2764.887837185875   Elapsed: 2764.83s (46m 04s)  43% completed  (43% total)
     Speed:     ev/sec=609.989   simsec/sec=0.999999   ev/simsec=609.989
     Messages:  created: 70415   present: 13   in FES: 8
** Event #564224   t=2767.079988244228   Elapsed: 2767.03s (46m 07s)  43% completed  (43% total)
     Speed:     ev/sec=350.341   simsec/sec=1   ev/simsec=350.341
     Messages:  created: 70510   present: 11   in FES: 7
** Event #565248   t=2769.227763881179   Elapsed: 2769.17s (46m 09s)  43% completed  (43% total)
     Speed:     ev/sec=476.773   simsec/sec=1   ev/simsec=476.772
     Messages:  created: 70637   present: 9   in FES: 5
** Event #566016   t=2771.623147500969   Elapsed: 2771.57s (46m 11s)  43% completed  (43% total)
     Speed:     ev/sec=320.616   simsec/sec=0.999999   ev/simsec=320.617
     Messages:  created: 70739   present: 24   in FES: 8
** Event #567296   t=2774.031072196854   Elapsed: 2773.98s (46m 13s)  44% completed  (44% total)
     Speed:     ev/sec=531.578   simsec/sec=0.999999   ev/simsec=531.578
     Messages:  created: 70896   present: 15   in FES: 8
** Event #568064   t=2776.252357168302   Elapsed: 2776.22s (46m 16s)  44% completed  (44% total)
     Speed:     ev/sec=342.775   simsec/sec=0.991409   ev/simsec=345.746
     Messages:  created: 70990   present: 11   in FES: 7
** Event #568576   t=2778.661903032071   Elapsed: 2778.61s (46m 18s)  44% completed  (44% total)
     Speed:     ev/sec=214.2   simsec/sec=1.00805   ev/simsec=212.488
     Messages:  created: 71055   present: 13   in FES: 8
** Event #569856   t=2780.907974752546   Elapsed: 2780.86s (46m 20s)  44% completed  (44% total)
     Speed:     ev/sec=569.392   simsec/sec=0.999137   ev/simsec=569.884
     Messages:  created: 71217   present: 19   in FES: 7
** Event #570880   t=2782.933854147041   Elapsed: 2782.88s (46m 22s)  44% completed  (44% total)
     Speed:     ev/sec=505.944   simsec/sec=1.00096   ev/simsec=505.46
     Messages:  created: 71343   present: 14   in FES: 8
** Event #571648   t=2785.086076143498   Elapsed: 2785.03s (46m 25s)  44% completed  (44% total)
     Speed:     ev/sec=356.84   simsec/sec=0.999998   ev/simsec=356.841
     Messages:  created: 71440   present: 16   in FES: 8
** Event #572416   t=2787.338211382163   Elapsed: 2787.28s (46m 27s)  44% completed  (44% total)
     Speed:     ev/sec=341.007   simsec/sec=0.999991   ev/simsec=341.01
     Messages:  created: 71534   present: 10   in FES: 6
** Event #573184   t=2789.681949329817   Elapsed: 2789.63s (46m 29s)  44% completed  (44% total)
     Speed:     ev/sec=327.685   simsec/sec=1.00001   ev/simsec=327.682
     Messages:  created: 71630   present: 10   in FES: 6
** Event #573696   t=2791.720946582337   Elapsed: 2791.67s (46m 31s)  44% completed  (44% total)
     Speed:     ev/sec=250.179   simsec/sec=0.996318   ev/simsec=251.104
     Messages:  created: 71694   present: 11   in FES: 6
** Event #574464   t=2794.194352523349   Elapsed: 2794.15s (46m 34s)  44% completed  (44% total)
     Speed:     ev/sec=310.008   simsec/sec=0.998404   ev/simsec=310.503
     Messages:  created: 71790   present: 11   in FES: 6
** Event #575488   t=2796.869893490646   Elapsed: 2796.82s (46m 36s)  44% completed  (44% total)
     Speed:     ev/sec=384.377   simsec/sec=1.00431   ev/simsec=382.726
     Messages:  created: 71920   present: 16   in FES: 8
** Event #576768   t=2799.267275643314   Elapsed: 2799.21s (46m 39s)  44% completed  (44% total)
     Speed:     ev/sec=533.916   simsec/sec=1   ev/simsec=533.916
     Messages:  created: 72077   present: 9   in FES: 5
** Event #578048   t=2801.595067039361   Elapsed: 2801.54s (46m 41s)  44% completed  (44% total)
     Speed:     ev/sec=549.877   simsec/sec=0.999998   ev/simsec=549.877
     Messages:  created: 72238   present: 10   in FES: 6
** Event #578816   t=2804.214739052267   Elapsed: 2804.16s (46m 44s)  44% completed  (44% total)
     Speed:     ev/sec=293.167   simsec/sec=1   ev/simsec=293.166
     Messages:  created: 72334   present: 10   in FES: 6
** Event #580096   t=2807.013080420562   Elapsed: 2806.96s (46m 46s)  44% completed  (44% total)
     Speed:     ev/sec=457.414   simsec/sec=0.999999   ev/simsec=457.414
     Messages:  created: 72495   present: 13   in FES: 8
** Event #581376   t=2809.315129949807   Elapsed: 2809.26s (46m 49s)  44% completed  (44% total)
     Speed:     ev/sec=556.027   simsec/sec=1   ev/simsec=556.026
     Messages:  created: 72656   present: 15   in FES: 8
** Event #582400   t=2811.824136264755   Elapsed: 2811.77s (46m 51s)  44% completed  (44% total)
     Speed:     ev/sec=408.13   simsec/sec=1   ev/simsec=408.13
     Messages:  created: 72784   present: 15   in FES: 8
** Event #583424   t=2814.163544524509   Elapsed: 2814.11s (46m 54s)  44% completed  (44% total)
     Speed:     ev/sec=437.717   simsec/sec=1   ev/simsec=437.718
     Messages:  created: 72909   present: 9   in FES: 5
** Event #584192   t=2816.570046828544   Elapsed: 2816.52s (46m 56s)  44% completed  (44% total)
     Speed:     ev/sec=319.135   simsec/sec=0.999998   ev/simsec=319.135
     Messages:  created: 73008   present: 16   in FES: 8
** Event #585216   t=2818.638765155516   Elapsed: 2818.58s (46m 58s)  44% completed  (44% total)
     Speed:     ev/sec=494.993   simsec/sec=1   ev/simsec=494.992
     Messages:  created: 73134   present: 10   in FES: 6
** Event #586496   t=2821.092977343302   Elapsed: 2821.04s (47m 01s)  44% completed  (44% total)
     Speed:     ev/sec=521.552   simsec/sec=1   ev/simsec=521.552
     Messages:  created: 73294   present: 12   in FES: 8
** Event #587776   t=2823.764759023023   Elapsed: 2823.71s (47m 03s)  44% completed  (44% total)
     Speed:     ev/sec=479.081   simsec/sec=1   ev/simsec=479.081
     Messages:  created: 73453   present: 9   in FES: 5
** Event #588544   t=2826.759088911322   Elapsed: 2826.71s (47m 06s)  44% completed  (44% total)
     Speed:     ev/sec=256.226   simsec/sec=0.998992   ev/simsec=256.485
     Messages:  created: 73549   present: 10   in FES: 5
** Event #589312   t=2829.792927954673   Elapsed: 2829.74s (47m 09s)  44% completed  (44% total)
     Speed:     ev/sec=253.396   simsec/sec=1.00099   ev/simsec=253.145
     Messages:  created: 73645   present: 9   in FES: 5
** Event #589824   t=2832.075223278792   Elapsed: 2832.02s (47m 12s)  44% completed  (44% total)
     Speed:     ev/sec=224.337   simsec/sec=1   ev/simsec=224.336
     Messages:  created: 73709   present: 9   in FES: 5
** Event #590592   t=2835.00088489074   Elapsed: 2834.95s (47m 14s)  45% completed  (45% total)
     Speed:     ev/sec=262.505   simsec/sec=1   ev/simsec=262.505
     Messages:  created: 73805   present: 9   in FES: 5
** Event #591616   t=2837.552711247181   Elapsed: 2837.5s (47m 17s)  45% completed  (45% total)
     Speed:     ev/sec=401.281   simsec/sec=1   ev/simsec=401.281
     Messages:  created: 73935   present: 15   in FES: 8
** Event #592384   t=2839.778374228122   Elapsed: 2839.73s (47m 19s)  45% completed  (45% total)
     Speed:     ev/sec=344.552   simsec/sec=0.998512   ev/simsec=345.066
     Messages:  created: 74029   present: 10   in FES: 6
** Event #593408   t=2842.612175672184   Elapsed: 2842.56s (47m 22s)  45% completed  (45% total)
     Speed:     ev/sec=361.775   simsec/sec=1.00117   ev/simsec=361.352
     Messages:  created: 74157   present: 9   in FES: 5
** Event #594176   t=2844.693857451724   Elapsed: 2844.64s (47m 24s)  45% completed  (45% total)
     Speed:     ev/sec=368.932   simsec/sec=1   ev/simsec=368.932
     Messages:  created: 74255   present: 16   in FES: 8
** Event #595200   t=2846.763811489816   Elapsed: 2846.71s (47m 26s)  45% completed  (45% total)
     Speed:     ev/sec=494.697   simsec/sec=1   ev/simsec=494.697
     Messages:  created: 74381   present: 9   in FES: 5
** Event #596224   t=2849.375871667289   Elapsed: 2849.33s (47m 29s)  45% completed  (45% total)
     Speed:     ev/sec=391.286   simsec/sec=0.998108   ev/simsec=392.028
     Messages:  created: 74509   present: 10   in FES: 6
** Event #596992   t=2851.488667950067   Elapsed: 2851.43s (47m 31s)  45% completed  (45% total)
     Speed:     ev/sec=364.354   simsec/sec=1.00235   ev/simsec=363.499
     Messages:  created: 74605   present: 9   in FES: 5
** Event #598272   t=2853.727812888393   Elapsed: 2853.67s (47m 33s)  45% completed  (45% total)
     Speed:     ev/sec=571.508   simsec/sec=0.999757   ev/simsec=571.647
     Messages:  created: 74777   present: 42   in FES: 7
** Event #599296   t=2855.78405147977   Elapsed: 2855.73s (47m 35s)  45% completed  (45% total)
     Speed:     ev/sec=497.575   simsec/sec=0.999153   ev/simsec=497.997
     Messages:  created: 74893   present: 10   in FES: 6
** Event #600576   t=2858.10254056307   Elapsed: 2858.05s (47m 38s)  45% completed  (45% total)
     Speed:     ev/sec=552.629   simsec/sec=1.00099   ev/simsec=552.084
     Messages:  created: 75067   present: 48   in FES: 8
** Event #601856   t=2860.386430110541   Elapsed: 2860.34s (47m 40s)  45% completed  (45% total)
     Speed:     ev/sec=559.145   simsec/sec=0.997676   ev/simsec=560.447
     Messages:  created: 75219   present: 26   in FES: 7
** Event #602624   t=2863.353768293225   Elapsed: 2863.32s (47m 43s)  45% completed  (45% total)
     Speed:     ev/sec=257.328   simsec/sec=0.994243   ev/simsec=258.818
     Messages:  created: 75309   present: 10   in FES: 6
** Event #603392   t=2865.651193871466   Elapsed: 2865.6s (47m 45s)  45% completed  (45% total)
     Speed:     ev/sec=337.594   simsec/sec=1.00989   ev/simsec=334.287
     Messages:  created: 75407   present: 14   in FES: 8
** Event #603904   t=2867.844113371581   Elapsed: 2867.8s (47m 47s)  45% completed  (45% total)
     Speed:     ev/sec=232.8   simsec/sec=0.997092   ev/simsec=233.479
     Messages:  created: 75469   present: 10   in FES: 6
** Event #604672   t=2869.972490868963   Elapsed: 2869.92s (47m 49s)  45% completed  (45% total)
     Speed:     ev/sec=361.677   simsec/sec=1.00233   ev/simsec=360.838
     Messages:  created: 75565   present: 10   in FES: 6
** Event #605696   t=2873.053663628505   Elapsed: 2873s (47m 52s)  45% completed  (45% total)
     Speed:     ev/sec=332.498   simsec/sec=1.00047   ev/simsec=332.341
     Messages:  created: 75694   present: 13   in FES: 7
** Event #606464   t=2875.29197504586   Elapsed: 2875.24s (47m 55s)  45% completed  (45% total)
     Speed:     ev/sec=342.397   simsec/sec=0.997906   ev/simsec=343.116
     Messages:  created: 75789   present: 10   in FES: 6
** Event #607232   t=2877.856944974957   Elapsed: 2877.84s (47m 57s)  45% completed  (45% total)
     Speed:     ev/sec=295.258   simsec/sec=0.986105   ev/simsec=299.419
     Messages:  created: 75885   present: 10   in FES: 6
** Event #608000   t=2880.951539651545   Elapsed: 2880.92s (48m 00s)  45% completed  (45% total)
     Speed:     ev/sec=249.954   simsec/sec=1.00717   ev/simsec=248.175
     Messages:  created: 75980   present: 9   in FES: 5
** Event #608768   t=2883.418102651723   Elapsed: 2883.4s (48m 03s)  45% completed  (45% total)
     Speed:     ev/sec=309.163   simsec/sec=0.99293   ev/simsec=311.364
     Messages:  created: 76076   present: 9   in FES: 5
** Event #609536   t=2886.172306406882   Elapsed: 2886.17s (48m 06s)  45% completed  (45% total)
     Speed:     ev/sec=277.538   simsec/sec=0.995309   ev/simsec=278.846
     Messages:  created: 76172   present: 9   in FES: 5
** Event #610304   t=2888.601137307542   Elapsed: 2888.55s (48m 08s)  45% completed  (45% total)
     Speed:     ev/sec=322.76   simsec/sec=1.02074   ev/simsec=316.202
     Messages:  created: 76269   present: 11   in FES: 7
** Event #610816   t=2890.714037515229   Elapsed: 2890.67s (48m 10s)  45% completed  (45% total)
     Speed:     ev/sec=240.895   simsec/sec=0.994117   ev/simsec=242.321
     Messages:  created: 76332   present: 9   in FES: 5
** Event #611584   t=2893.180239453217   Elapsed: 2893.14s (48m 13s)  45% completed  (45% total)
     Speed:     ev/sec=311.129   simsec/sec=0.999098   ev/simsec=311.41
     Messages:  created: 76428   present: 9   in FES: 5
** Event #612608   t=2895.619356208756   Elapsed: 2895.6s (48m 15s)  45% completed  (45% total)
     Speed:     ev/sec=416.71   simsec/sec=0.992583   ev/simsec=419.824
     Messages:  created: 76556   present: 9   in FES: 5
** Event #613632   t=2897.752132426631   Elapsed: 2897.7s (48m 17s)  45% completed  (45% total)
     Speed:     ev/sec=487.661   simsec/sec=1.0157   ev/simsec=480.125
     Messages:  created: 76685   present: 12   in FES: 7
** Event #614656   t=2900.437024962524   Elapsed: 2900.38s (48m 20s)  46% completed  (46% total)
     Speed:     ev/sec=381.394   simsec/sec=1   ev/simsec=381.393
     Messages:  created: 76814   present: 13   in FES: 6
** Event #615424   t=2902.79964577817   Elapsed: 2902.74s (48m 22s)  46% completed  (46% total)
     Speed:     ev/sec=325.062   simsec/sec=0.999999   ev/simsec=325.063
     Messages:  created: 76909   present: 12   in FES: 7
** Event #616192   t=2905.322932274172   Elapsed: 2905.28s (48m 25s)  46% completed  (46% total)
     Speed:     ev/sec=302.799   simsec/sec=0.994855   ev/simsec=304.365
     Messages:  created: 77004   present: 9   in FES: 5
** Event #617472   t=2907.369781284361   Elapsed: 2907.32s (48m 27s)  46% completed  (46% total)
     Speed:     ev/sec=627.572   simsec/sec=1.00355   ev/simsec=625.351
     Messages:  created: 77179   present: 49   in FES: 7
** Event #619008   t=2909.699815439713   Elapsed: 2909.65s (48m 29s)  46% completed  (46% total)
     Speed:     ev/sec=659.942   simsec/sec=1.0011   ev/simsec=659.218
     Messages:  created: 77371   present: 49   in FES: 7
** Event #620032   t=2911.913222659171   Elapsed: 2911.86s (48m 31s)  46% completed  (46% total)
     Speed:     ev/sec=463.317   simsec/sec=1.00147   ev/simsec=462.635
     Messages:  created: 77486   present: 14   in FES: 8
** Event #621056   t=2914.525412335364   Elapsed: 2914.47s (48m 34s)  46% completed  (46% total)
     Speed:     ev/sec=392.008   simsec/sec=0.999999   ev/simsec=392.008
     Messages:  created: 77614   present: 14   in FES: 8
** Event #622080   t=2916.708477095043   Elapsed: 2916.65s (48m 36s)  46% completed  (46% total)
     Speed:     ev/sec=469.066   simsec/sec=1   ev/simsec=469.065
     Messages:  created: 77746   present: 24   in FES: 8
** Event #623360   t=2919.034850867992   Elapsed: 2919s (48m 39s)  46% completed  (46% total)
     Speed:     ev/sec=544.407   simsec/sec=0.989449   ev/simsec=550.213
     Messages:  created: 77900   present: 9   in FES: 5
** Event #624128   t=2921.195295316393   Elapsed: 2921.14s (48m 41s)  46% completed  (46% total)
     Speed:     ev/sec=359.285   simsec/sec=1.0107   ev/simsec=355.482
     Messages:  created: 77996   present: 9   in FES: 5
** Event #625408   t=2923.431133225814   Elapsed: 2923.38s (48m 43s)  46% completed  (46% total)
     Speed:     ev/sec=572.99   simsec/sec=1.00087   ev/simsec=572.492
     Messages:  created: 78159   present: 16   in FES: 8
** Event #626688   t=2925.473759429179   Elapsed: 2925.42s (48m 45s)  46% completed  (46% total)
     Speed:     ev/sec=626.644   simsec/sec=1   ev/simsec=626.644
     Messages:  created: 78318   present: 14   in FES: 6
** Event #627712   t=2927.678460931921   Elapsed: 2927.62s (48m 47s)  46% completed  (46% total)
     Speed:     ev/sec=464.462   simsec/sec=1   ev/simsec=464.462
     Messages:  created: 78446   present: 15   in FES: 8
** Event #628992   t=2929.797521980892   Elapsed: 2929.74s (48m 49s)  46% completed  (46% total)
     Speed:     ev/sec=604.041   simsec/sec=1   ev/simsec=604.041
     Messages:  created: 78608   present: 20   in FES: 8
** Event #630272   t=2932.170667421486   Elapsed: 2932.12s (48m 52s)  46% completed  (46% total)
     Speed:     ev/sec=538.584   simsec/sec=0.998546   ev/simsec=539.369
     Messages:  created: 78764   present: 9   in FES: 5
** Event #631552   t=2934.561261990535   Elapsed: 2934.51s (48m 54s)  46% completed  (46% total)
     Speed:     ev/sec=536.206   simsec/sec=1.00145   ev/simsec=535.432
     Messages:  created: 78926   present: 14   in FES: 8
** Event #632576   t=2937.19442444076   Elapsed: 2937.17s (48m 57s)  46% completed  (46% total)
     Speed:     ev/sec=384.414   simsec/sec=0.988499   ev/simsec=388.886
     Messages:  created: 79052   present: 9   in FES: 5
** Event #633856   t=2939.642113488453   Elapsed: 2939.59s (48m 59s)  46% completed  (46% total)
     Speed:     ev/sec=529.571   simsec/sec=1.01268   ev/simsec=522.942
     Messages:  created: 79217   present: 21   in FES: 8
** Event #634624   t=2942.020643269616   Elapsed: 2941.97s (49m 01s)  46% completed  (46% total)
     Speed:     ev/sec=322.888   simsec/sec=0.999999   ev/simsec=322.889
     Messages:  created: 79308   present: 10   in FES: 6
** Event #635392   t=2944.416784376998   Elapsed: 2944.37s (49m 04s)  46% completed  (46% total)
     Speed:     ev/sec=319.491   simsec/sec=0.996803   ev/simsec=320.515
     Messages:  created: 79403   present: 8   in FES: 4
** Event #636160   t=2946.591912507163   Elapsed: 2946.54s (49m 06s)  46% completed  (46% total)
     Speed:     ev/sec=354.334   simsec/sec=1.00354   ev/simsec=353.083
     Messages:  created: 79500   present: 10   in FES: 6
** Event #636928   t=2948.772944073826   Elapsed: 2948.72s (49m 08s)  46% completed  (46% total)
     Speed:     ev/sec=352.127   simsec/sec=1   ev/simsec=352.127
     Messages:  created: 79596   present: 11   in FES: 7
** Event #638208   t=2951.18225047294   Elapsed: 2951.13s (49m 11s)  46% completed  (46% total)
     Speed:     ev/sec=531.274   simsec/sec=1   ev/simsec=531.273
     Messages:  created: 79756   present: 11   in FES: 6
** Event #639488   t=2953.446740447463   Elapsed: 2953.39s (49m 13s)  46% completed  (46% total)
     Speed:     ev/sec=565.248   simsec/sec=0.999999   ev/simsec=565.249
     Messages:  created: 79917   present: 14   in FES: 6
** Event #640512   t=2956.129447239895   Elapsed: 2956.07s (49m 16s)  46% completed  (46% total)
     Speed:     ev/sec=381.704   simsec/sec=1   ev/simsec=381.704
     Messages:  created: 80045   present: 12   in FES: 7
** Event #641536   t=2958.694315972577   Elapsed: 2958.64s (49m 18s)  46% completed  (46% total)
     Speed:     ev/sec=399.241   simsec/sec=1   ev/simsec=399.241
     Messages:  created: 80173   present: 13   in FES: 8
** Event #642304   t=2960.80136093183   Elapsed: 2960.75s (49m 20s)  46% completed  (46% total)
     Speed:     ev/sec=364.491   simsec/sec=1   ev/simsec=364.492
     Messages:  created: 80268   present: 10   in FES: 6
** Event #643072   t=2962.905449456515   Elapsed: 2962.87s (49m 22s)  47% completed  (47% total)
     Speed:     ev/sec=361.021   simsec/sec=0.98909   ev/simsec=365.004
     Messages:  created: 80363   present: 8   in FES: 4
** Event #644608   t=2965.452913170652   Elapsed: 2965.4s (49m 25s)  47% completed  (47% total)
     Speed:     ev/sec=608.496   simsec/sec=1.00919   ev/simsec=602.953
     Messages:  created: 80557   present: 13   in FES: 8
** Event #645632   t=2968.007417911489   Elapsed: 2967.95s (49m 27s)  47% completed  (47% total)
     Speed:     ev/sec=400.861   simsec/sec=1   ev/simsec=400.86
     Messages:  created: 80685   present: 12   in FES: 7
** Event #646656   t=2970.187342531436   Elapsed: 2970.13s (49m 30s)  47% completed  (47% total)
     Speed:     ev/sec=469.741   simsec/sec=1   ev/simsec=469.741
     Messages:  created: 80819   present: 28   in FES: 8
** Event #647424   t=2972.316614106146   Elapsed: 2972.26s (49m 32s)  47% completed  (47% total)
     Speed:     ev/sec=360.686   simsec/sec=0.999999   ev/simsec=360.687
     Messages:  created: 80909   present: 13   in FES: 8
** Event #648704   t=2974.75469318423   Elapsed: 2974.7s (49m 34s)  47% completed  (47% total)
     Speed:     ev/sec=525.003   simsec/sec=1   ev/simsec=525.003
     Messages:  created: 81068   present: 11   in FES: 7
** Event #649728   t=2976.996466888996   Elapsed: 2976.94s (49m 36s)  47% completed  (47% total)
     Speed:     ev/sec=456.782   simsec/sec=1   ev/simsec=456.781
     Messages:  created: 81196   present: 11   in FES: 7
** Event #650496   t=2979.056556369223   Elapsed: 2979s (49m 39s)  47% completed  (47% total)
     Speed:     ev/sec=372.799   simsec/sec=0.999999   ev/simsec=372.799
     Messages:  created: 81297   present: 23   in FES: 8
** Event #651776   t=2981.480084538304   Elapsed: 2981.43s (49m 41s)  47% completed  (47% total)
     Speed:     ev/sec=528.156   simsec/sec=1   ev/simsec=528.156
     Messages:  created: 81453   present: 14   in FES: 8
** Event #652800   t=2983.793267942873   Elapsed: 2983.74s (49m 43s)  47% completed  (47% total)
     Speed:     ev/sec=442.68   simsec/sec=1   ev/simsec=442.68
     Messages:  created: 81583   present: 18   in FES: 8
** Event #654080   t=2986.481782164804   Elapsed: 2986.43s (49m 46s)  47% completed  (47% total)
     Speed:     ev/sec=476.099   simsec/sec=0.999999   ev/simsec=476.099
     Messages:  created: 81740   present: 10   in FES: 6
** Event #655104   t=2988.482459361601   Elapsed: 2988.43s (49m 48s)  47% completed  (47% total)
     Speed:     ev/sec=511.827   simsec/sec=1   ev/simsec=511.827
     Messages:  created: 81872   present: 21   in FES: 8
** Event #656640   t=2990.574790298777   Elapsed: 2990.52s (49m 50s)  47% completed  (47% total)
     Speed:     ev/sec=734.11   simsec/sec=1   ev/simsec=734.109
     Messages:  created: 82073   present: 46   in FES: 8
** Event #657408   t=2992.654075455171   Elapsed: 2992.6s (49m 52s)  47% completed  (47% total)
     Speed:     ev/sec=369.358   simsec/sec=1   ev/simsec=369.358
     Messages:  created: 82156   present: 10   in FES: 6
** Event #657920   t=2994.67473881262   Elapsed: 2994.62s (49m 54s)  47% completed  (47% total)
     Speed:     ev/sec=253.382   simsec/sec=1   ev/simsec=253.382
     Messages:  created: 82221   present: 12   in FES: 8
** Event #658688   t=2997.430442400749   Elapsed: 2997.38s (49m 57s)  47% completed  (47% total)
     Speed:     ev/sec=278.694   simsec/sec=0.999998   ev/simsec=278.695
     Messages:  created: 82316   present: 10   in FES: 6
** Event #659712   t=3000.265136097774   Elapsed: 3000.21s (50m 00s)  47% completed  (47% total)
     Speed:     ev/sec=361.239   simsec/sec=1   ev/simsec=361.238
     Messages:  created: 82444   present: 11   in FES: 7
** Event #660736   t=3002.637487291338   Elapsed: 3002.58s (50m 02s)  47% completed  (47% total)
     Speed:     ev/sec=431.64   simsec/sec=1   ev/simsec=431.639
     Messages:  created: 82572   present: 11   in FES: 7
** Event #661760   t=3004.831993225725   Elapsed: 3004.78s (50m 04s)  47% completed  (47% total)
     Speed:     ev/sec=466.619   simsec/sec=0.999999   ev/simsec=466.62
     Messages:  created: 82700   present: 11   in FES: 7
** Event #663040   t=3007.258245902324   Elapsed: 3007.2s (50m 07s)  47% completed  (47% total)
     Speed:     ev/sec=527.563   simsec/sec=1   ev/simsec=527.563
     Messages:  created: 82860   present: 11   in FES: 6
** Event #663808   t=3009.556485192178   Elapsed: 3009.5s (50m 09s)  47% completed  (47% total)
     Speed:     ev/sec=334.169   simsec/sec=1   ev/simsec=334.169
     Messages:  created: 82955   present: 10   in FES: 6
** Event #664576   t=3012.099206824492   Elapsed: 3012.04s (50m 12s)  47% completed  (47% total)
     Speed:     ev/sec=302.039   simsec/sec=1   ev/simsec=302.039
     Messages:  created: 83051   present: 10   in FES: 6
** Event #665344   t=3014.455762529052   Elapsed: 3014.41s (50m 14s)  47% completed  (47% total)
     Speed:     ev/sec=325.258   simsec/sec=0.998033   ev/simsec=325.899
     Messages:  created: 83149   present: 15   in FES: 7
** Event #666368   t=3017.130280997245   Elapsed: 3017.08s (50m 17s)  47% completed  (47% total)
     Speed:     ev/sec=383.539   simsec/sec=1.00174   ev/simsec=382.873
     Messages:  created: 83275   present: 10   in FES: 6
** Event #667136   t=3019.302697229347   Elapsed: 3019.25s (50m 19s)  47% completed  (47% total)
     Speed:     ev/sec=353.529   simsec/sec=1.00002   ev/simsec=353.523
     Messages:  created: 83371   present: 9   in FES: 5
** Event #667904   t=3021.830481642505   Elapsed: 3021.78s (50m 21s)  47% completed  (47% total)
     Speed:     ev/sec=303.819   simsec/sec=0.999986   ev/simsec=303.823
     Messages:  created: 83467   present: 10   in FES: 6
** Event #668672   t=3024.504062916897   Elapsed: 3024.45s (50m 24s)  48% completed  (48% total)
     Speed:     ev/sec=287.255   simsec/sec=1   ev/simsec=287.255
     Messages:  created: 83565   present: 14   in FES: 8
** Event #669696   t=3027.068147981524   Elapsed: 3027.01s (50m 27s)  48% completed  (48% total)
     Speed:     ev/sec=399.363   simsec/sec=1   ev/simsec=399.363
     Messages:  created: 83692   present: 11   in FES: 7
** Event #670720   t=3029.516658496079   Elapsed: 3029.46s (50m 29s)  48% completed  (48% total)
     Speed:     ev/sec=418.213   simsec/sec=0.999999   ev/simsec=418.213
     Messages:  created: 83819   present: 10   in FES: 6
** Event #671744   t=3031.893822838907   Elapsed: 3031.84s (50m 31s)  48% completed  (48% total)
     Speed:     ev/sec=430.766   simsec/sec=1   ev/simsec=430.765
     Messages:  created: 83961   present: 46   in FES: 8
** Event #672512   t=3034.451545090136   Elapsed: 3034.4s (50m 34s)  48% completed  (48% total)
     Speed:     ev/sec=300.267   simsec/sec=0.999999   ev/simsec=300.267
     Messages:  created: 84044   present: 12   in FES: 8
** Event #673536   t=3036.548763566761   Elapsed: 3036.5s (50m 36s)  48% completed  (48% total)
     Speed:     ev/sec=487.634   simsec/sec=0.998706   ev/simsec=488.266
     Messages:  created: 84173   present: 15   in FES: 7
** Event #674816   t=3038.704489658102   Elapsed: 3038.65s (50m 38s)  48% completed  (48% total)
     Speed:     ev/sec=594.518   simsec/sec=1.00126   ev/simsec=593.767
     Messages:  created: 84334   present: 17   in FES: 8
** Event #675840   t=3041.043856925878   Elapsed: 3040.99s (50m 40s)  48% completed  (48% total)
     Speed:     ev/sec=437.726   simsec/sec=1   ev/simsec=437.725
     Messages:  created: 84462   present: 18   in FES: 8
** Event #677376   t=3043.160269148639   Elapsed: 3043.11s (50m 43s)  48% completed  (48% total)
     Speed:     ev/sec=725.755   simsec/sec=0.999998   ev/simsec=725.757
     Messages:  created: 84668   present: 54   in FES: 8
** Event #678656   t=3045.5287325903   Elapsed: 3045.47s (50m 45s)  48% completed  (48% total)
     Speed:     ev/sec=540.435   simsec/sec=1   ev/simsec=540.435
     Messages:  created: 84818   present: 27   in FES: 7
** Event #679424   t=3047.728376691952   Elapsed: 3047.67s (50m 47s)  48% completed  (48% total)
     Speed:     ev/sec=349.148   simsec/sec=1   ev/simsec=349.147
     Messages:  created: 84908   present: 13   in FES: 7
** Event #680448   t=3049.832141162154   Elapsed: 3049.78s (50m 49s)  48% completed  (48% total)
     Speed:     ev/sec=486.745   simsec/sec=0.999997   ev/simsec=486.747
     Messages:  created: 85036   present: 11   in FES: 7
** Event #681216   t=3051.849941179257   Elapsed: 3051.8s (50m 51s)  48% completed  (48% total)
     Speed:     ev/sec=380.613   simsec/sec=1   ev/simsec=380.613
     Messages:  created: 85131   present: 9   in FES: 5
** Event #682240   t=3054.513485947525   Elapsed: 3054.46s (50m 54s)  48% completed  (48% total)
     Speed:     ev/sec=384.45   simsec/sec=1   ev/simsec=384.45
     Messages:  created: 85260   present: 11   in FES: 7
** Event #683008   t=3056.823557693991   Elapsed: 3056.77s (50m 56s)  48% completed  (48% total)
     Speed:     ev/sec=332.457   simsec/sec=0.999999   ev/simsec=332.457
     Messages:  created: 85356   present: 13   in FES: 7
** Event #683776   t=3059.048128578091   Elapsed: 3058.99s (50m 58s)  48% completed  (48% total)
     Speed:     ev/sec=345.235   simsec/sec=1   ev/simsec=345.235
     Messages:  created: 85451   present: 10   in FES: 6
** Event #684800   t=3061.33108142644   Elapsed: 3061.28s (51m 01s)  48% completed  (48% total)
     Speed:     ev/sec=448.542   simsec/sec=0.999999   ev/simsec=448.542
     Messages:  created: 85579   present: 11   in FES: 7
** Event #685568   t=3063.505589169957   Elapsed: 3063.45s (51m 03s)  48% completed  (48% total)
     Speed:     ev/sec=353.184   simsec/sec=1   ev/simsec=353.183
     Messages:  created: 85675   present: 10   in FES: 6
** Event #686592   t=3065.993199893476   Elapsed: 3065.94s (51m 05s)  48% completed  (48% total)
     Speed:     ev/sec=410.778   simsec/sec=0.997906   ev/simsec=411.64
     Messages:  created: 85804   present: 14   in FES: 7
** Event #687616   t=3068.729841709567   Elapsed: 3068.68s (51m 08s)  48% completed  (48% total)
     Speed:     ev/sec=374.896   simsec/sec=1.00191   ev/simsec=374.181
     Messages:  created: 85931   present: 11   in FES: 7
** Event #688384   t=3070.970338273117   Elapsed: 3070.92s (51m 10s)  48% completed  (48% total)
     Speed:     ev/sec=342.781   simsec/sec=1   ev/simsec=342.781
     Messages:  created: 86027   present: 12   in FES: 7
** Event #689408   t=3073.528372676944   Elapsed: 3073.47s (51m 13s)  48% completed  (48% total)
     Speed:     ev/sec=400.307   simsec/sec=0.999999   ev/simsec=400.307
     Messages:  created: 86155   present: 11   in FES: 7
** Event #690432   t=3076.082002532133   Elapsed: 3076.03s (51m 16s)  48% completed  (48% total)
     Speed:     ev/sec=400.998   simsec/sec=1   ev/simsec=400.998
     Messages:  created: 86284   present: 13   in FES: 8
** Event #691200   t=3078.700375628877   Elapsed: 3078.65s (51m 18s)  48% completed  (48% total)
     Speed:     ev/sec=293.312   simsec/sec=1   ev/simsec=293.312
     Messages:  created: 86379   present: 10   in FES: 6
** Event #691968   t=3081.265083326976   Elapsed: 3081.21s (51m 21s)  48% completed  (48% total)
     Speed:     ev/sec=299.449   simsec/sec=1   ev/simsec=299.449
     Messages:  created: 86475   present: 10   in FES: 6
** Event #692992   t=3083.665296147096   Elapsed: 3083.61s (51m 23s)  48% completed  (48% total)
     Speed:     ev/sec=426.633   simsec/sec=1.00001   ev/simsec=426.629
     Messages:  created: 86603   present: 10   in FES: 6
** Event #694016   t=3086.122891835705   Elapsed: 3086.07s (51m 26s)  48% completed  (48% total)
     Speed:     ev/sec=416.663   simsec/sec=0.999991   ev/simsec=416.667
     Messages:  created: 86731   present: 12   in FES: 7
** Event #695040   t=3088.396200827826   Elapsed: 3088.35s (51m 28s)  49% completed  (49% total)
     Speed:     ev/sec=448.113   simsec/sec=0.994824   ev/simsec=450.445
     Messages:  created: 86860   present: 14   in FES: 7
** Event #696320   t=3090.552172729478   Elapsed: 3090.5s (51m 30s)  49% completed  (49% total)
     Speed:     ev/sec=596.975   simsec/sec=1.00552   ev/simsec=593.7
     Messages:  created: 87022   present: 19   in FES: 8
** Event #697600   t=3092.853999543179   Elapsed: 3092.8s (51m 32s)  49% completed  (49% total)
     Speed:     ev/sec=556.08   simsec/sec=1   ev/simsec=556.08
     Messages:  created: 87183   present: 21   in FES: 8
** Event #698880   t=3095.302555614817   Elapsed: 3095.25s (51m 35s)  49% completed  (49% total)
     Speed:     ev/sec=522.757   simsec/sec=1   ev/simsec=522.757
     Messages:  created: 87339   present: 11   in FES: 7
** Event #699648   t=3097.827542061625   Elapsed: 3097.77s (51m 37s)  49% completed  (49% total)
     Speed:     ev/sec=304.16   simsec/sec=1   ev/simsec=304.16
     Messages:  created: 87438   present: 19   in FES: 8
** Event #700672   t=3100.495643823679   Elapsed: 3100.44s (51m 40s)  49% completed  (49% total)
     Speed:     ev/sec=383.794   simsec/sec=1   ev/simsec=383.793
     Messages:  created: 87564   present: 13   in FES: 8
** Event #701696   t=3102.834105293847   Elapsed: 3102.78s (51m 42s)  49% completed  (49% total)
     Speed:     ev/sec=437.894   simsec/sec=0.999999   ev/simsec=437.895
     Messages:  created: 87692   present: 13   in FES: 8
** Event #702464   t=3104.9308593938   Elapsed: 3104.88s (51m 44s)  49% completed  (49% total)
     Speed:     ev/sec=366.281   simsec/sec=1   ev/simsec=366.28
     Messages:  created: 87789   present: 17   in FES: 8
** Event #703232   t=3107.478307623998   Elapsed: 3107.42s (51m 47s)  49% completed  (49% total)
     Speed:     ev/sec=301.478   simsec/sec=1   ev/simsec=301.478
     Messages:  created: 87883   present: 10   in FES: 6
** Event #704000   t=3109.979503460292   Elapsed: 3109.92s (51m 49s)  49% completed  (49% total)
     Speed:     ev/sec=307.053   simsec/sec=1   ev/simsec=307.053
     Messages:  created: 87978   present: 9   in FES: 5
** Event #704768   t=3112.403812032303   Elapsed: 3112.35s (51m 52s)  49% completed  (49% total)
     Speed:     ev/sec=316.79   simsec/sec=0.999994   ev/simsec=316.791
     Messages:  created: 88074   present: 9   in FES: 5
** Event #705536   t=3115.613321507451   Elapsed: 3115.56s (51m 55s)  49% completed  (49% total)
     Speed:     ev/sec=239.29   simsec/sec=1.00001   ev/simsec=239.289
     Messages:  created: 88170   present: 9   in FES: 5
** Event #706304   t=3117.742948514555   Elapsed: 3117.69s (51m 57s)  49% completed  (49% total)
     Speed:     ev/sec=360.626   simsec/sec=1   ev/simsec=360.627
     Messages:  created: 88267   present: 12   in FES: 7
** Event #707328   t=3120.221267674095   Elapsed: 3120.17s (52m 00s)  49% completed  (49% total)
     Speed:     ev/sec=413.183   simsec/sec=1   ev/simsec=413.183
     Messages:  created: 88394   present: 10   in FES: 6
** Event #708096   t=3122.864430104844   Elapsed: 3122.81s (52m 02s)  49% completed  (49% total)
     Speed:     ev/sec=290.561   simsec/sec=0.999999   ev/simsec=290.561
     Messages:  created: 88490   present: 9   in FES: 5
** Event #709120   t=3124.886489110898   Elapsed: 3124.83s (52m 04s)  49% completed  (49% total)
     Speed:     ev/sec=506.415   simsec/sec=1   ev/simsec=506.414
     Messages:  created: 88618   present: 11   in FES: 7
** Event #710400   t=3127.193023839866   Elapsed: 3127.14s (52m 07s)  49% completed  (49% total)
     Speed:     ev/sec=554.946   simsec/sec=1   ev/simsec=554.945
     Messages:  created: 88781   present: 17   in FES: 8
** Event #711680   t=3129.502335467602   Elapsed: 3129.45s (52m 09s)  49% completed  (49% total)
     Speed:     ev/sec=554.277   simsec/sec=0.999999   ev/simsec=554.278
     Messages:  created: 88941   present: 18   in FES: 8
** Event #712960   t=3131.701991414393   Elapsed: 3131.65s (52m 11s)  49% completed  (49% total)
     Speed:     ev/sec=581.905   simsec/sec=0.999992   ev/simsec=581.909
     Messages:  created: 89101   present: 18   in FES: 8
** Event #713728   t=3133.759147525601   Elapsed: 3133.7s (52m 13s)  49% completed  (49% total)
     Speed:     ev/sec=373.333   simsec/sec=1   ev/simsec=373.331
     Messages:  created: 89194   present: 9   in FES: 5
** Event #714496   t=3135.853610614776   Elapsed: 3135.8s (52m 15s)  49% completed  (49% total)
     Speed:     ev/sec=366.682   simsec/sec=1   ev/simsec=366.681
     Messages:  created: 89290   present: 11   in FES: 7
** Event #715008   t=3138.067398278755   Elapsed: 3138.01s (52m 18s)  49% completed  (49% total)
     Speed:     ev/sec=231.276   simsec/sec=0.999994   ev/simsec=231.278
     Messages:  created: 89354   present: 10   in FES: 6
** Event #715776   t=3140.098236934395   Elapsed: 3140.04s (52m 20s)  49% completed  (49% total)
     Speed:     ev/sec=378.172   simsec/sec=1.00001   ev/simsec=378.169
     Messages:  created: 89450   present: 9   in FES: 5
** Event #716800   t=3142.160749579695   Elapsed: 3142.11s (52m 22s)  49% completed  (49% total)
     Speed:     ev/sec=496.482   simsec/sec=1   ev/simsec=496.482
     Messages:  created: 89586   present: 31   in FES: 8
** Event #718336   t=3144.46438674722   Elapsed: 3144.41s (52m 24s)  49% completed  (49% total)
     Speed:     ev/sec=666.773   simsec/sec=1   ev/simsec=666.772
     Messages:  created: 89779   present: 35   in FES: 8
** Event #719616   t=3146.501510448937   Elapsed: 3146.45s (52m 26s)  49% completed  (49% total)
     Speed:     ev/sec=628.336   simsec/sec=0.999999   ev/simsec=628.337
     Messages:  created: 89943   present: 44   in FES: 8
** Event #720896   t=3148.550650217219   Elapsed: 3148.5s (52m 28s)  49% completed  (49% total)
     Speed:     ev/sec=624.653   simsec/sec=1   ev/simsec=624.652
     Messages:  created: 90096   present: 26   in FES: 8
** Event #721920   t=3152.774686294718   Elapsed: 3152.72s (52m 32s)  50% completed  (50% total)
     Speed:     ev/sec=242.415   simsec/sec=0.999969   ev/simsec=242.422
     Messages:  created: 90218   present: 9   in FES: 5
** Event #723456   t=3155.017912346047   Elapsed: 3154.98s (52m 34s)  50% completed  (50% total)
     Speed:     ev/sec=680.189   simsec/sec=0.993371   ev/simsec=684.728
     Messages:  created: 90411   present: 13   in FES: 6
** Event #724736   t=3157.866837846934   Elapsed: 3157.81s (52m 37s)  50% completed  (50% total)
     Speed:     ev/sec=451.686   simsec/sec=1.00533   ev/simsec=449.292
     Messages:  created: 90570   present: 10   in FES: 6
** Event #725760   t=3160.368156471628   Elapsed: 3160.31s (52m 40s)  50% completed  (50% total)
     Speed:     ev/sec=409.384   simsec/sec=0.999999   ev/simsec=409.384
     Messages:  created: 90698   present: 11   in FES: 7
** Event #726272   t=3162.606168653497   Elapsed: 3162.55s (52m 42s)  50% completed  (50% total)
     Speed:     ev/sec=228.774   simsec/sec=1   ev/simsec=228.774
     Messages:  created: 90762   present: 10   in FES: 6
** Event #726784   t=3164.775931300635   Elapsed: 3164.72s (52m 44s)  50% completed  (50% total)
     Speed:     ev/sec=235.97   simsec/sec=1   ev/simsec=235.971
     Messages:  created: 90826   present: 10   in FES: 6
** Event #727296   t=3167.168650510057   Elapsed: 3167.11s (52m 47s)  50% completed  (50% total)
     Speed:     ev/sec=213.982   simsec/sec=0.999996   ev/simsec=213.982
     Messages:  created: 90890   present: 9   in FES: 5
** Event #728064   t=3169.964474436142   Elapsed: 3169.91s (52m 49s)  50% completed  (50% total)
     Speed:     ev/sec=274.697   simsec/sec=1   ev/simsec=274.695
     Messages:  created: 90986   present: 11   in FES: 6
** Event #729088   t=3172.250493771042   Elapsed: 3172.2s (52m 52s)  50% completed  (50% total)
     Speed:     ev/sec=447.94   simsec/sec=0.999999   ev/simsec=447.94
     Messages:  created: 91116   present: 15   in FES: 7
** Event #730112   t=3174.57365081835   Elapsed: 3174.52s (52m 54s)  50% completed  (50% total)
     Speed:     ev/sec=440.78   simsec/sec=1   ev/simsec=440.779
     Messages:  created: 91244   present: 15   in FES: 8
** Event #730880   t=3176.860731467072   Elapsed: 3176.81s (52m 56s)  50% completed  (50% total)
     Speed:     ev/sec=335.8   simsec/sec=1   ev/simsec=335.799
     Messages:  created: 91338   present: 9   in FES: 5
** Event #731392   t=3178.931488891718   Elapsed: 3178.88s (52m 58s)  50% completed  (50% total)
     Speed:     ev/sec=247.252   simsec/sec=0.999999   ev/simsec=247.253
     Messages:  created: 91402   present: 11   in FES: 6
** Event #732416   t=3181.286129643011   Elapsed: 3181.23s (53m 01s)  50% completed  (50% total)
     Speed:     ev/sec=434.491   simsec/sec=0.999091   ev/simsec=434.886
     Messages:  created: 91530   present: 12   in FES: 7
** Event #733440   t=3183.645473247129   Elapsed: 3183.59s (53m 03s)  50% completed  (50% total)
     Speed:     ev/sec=434.414   simsec/sec=1.00091   ev/simsec=434.019
     Messages:  created: 91660   present: 16   in FES: 7
** Event #734720   t=3186.346907239627   Elapsed: 3186.29s (53m 06s)  50% completed  (50% total)
     Speed:     ev/sec=473.822   simsec/sec=1   ev/simsec=473.822
     Messages:  created: 91820   present: 16   in FES: 8
** Event #736000   t=3188.371425987344   Elapsed: 3188.32s (53m 08s)  50% completed  (50% total)
     Speed:     ev/sec=632.249   simsec/sec=1   ev/simsec=632.249
     Messages:  created: 91982   present: 22   in FES: 8
** Event #737280   t=3190.479421820824   Elapsed: 3190.42s (53m 10s)  50% completed  (50% total)
     Speed:     ev/sec=607.211   simsec/sec=0.999999   ev/simsec=607.212
     Messages:  created: 92145   present: 30   in FES: 8
** Event #738560   t=3193.284065781869   Elapsed: 3193.24s (53m 13s)  50% completed  (50% total)
     Speed:     ev/sec=455.295   simsec/sec=0.997609   ev/simsec=456.386
     Messages:  created: 92298   present: 12   in FES: 7
** Event #739840   t=3195.592985827652   Elapsed: 3195.54s (53m 15s)  50% completed  (50% total)
     Speed:     ev/sec=555.991   simsec/sec=1.00292   ev/simsec=554.372
     Messages:  created: 92461   present: 19   in FES: 8
** Event #741120   t=3197.634200387868   Elapsed: 3197.58s (53m 17s)  50% completed  (50% total)
     Speed:     ev/sec=627.078   simsec/sec=1   ev/simsec=627.078
     Messages:  created: 92620   present: 18   in FES: 8
** Event #742400   t=3199.726373721186   Elapsed: 3199.69s (53m 19s)  50% completed  (50% total)
     Speed:     ev/sec=605.538   simsec/sec=0.989758   ev/simsec=611.804
     Messages:  created: 92781   present: 20   in FES: 7
** Event #743424   t=3201.755934468128   Elapsed: 3201.7s (53m 21s)  50% completed  (50% total)
     Speed:     ev/sec=509.984   simsec/sec=1.01078   ev/simsec=504.543
     Messages:  created: 92910   present: 23   in FES: 8
** Event #744704   t=3204.350572836285   Elapsed: 3204.3s (53m 24s)  50% completed  (50% total)
     Speed:     ev/sec=493.325   simsec/sec=0.999999   ev/simsec=493.325
     Messages:  created: 93065   present: 9   in FES: 5
** Event #745728   t=3206.872120360998   Elapsed: 3206.84s (53m 26s)  50% completed  (50% total)
     Speed:     ev/sec=403.125   simsec/sec=0.992673   ev/simsec=406.1
     Messages:  created: 93194   present: 12   in FES: 7
** Event #746752   t=3208.918360846037   Elapsed: 3208.86s (53m 28s)  50% completed  (50% total)
     Speed:     ev/sec=505.022   simsec/sec=1.00918   ev/simsec=500.43
     Messages:  created: 93323   present: 14   in FES: 8
** Event #747520   t=3211.201007894515   Elapsed: 3211.15s (53m 31s)  50% completed  (50% total)
     Speed:     ev/sec=336.452   simsec/sec=1   ev/simsec=336.451
     Messages:  created: 93417   present: 10   in FES: 6
** Event #748288   t=3213.577049326711   Elapsed: 3213.52s (53m 33s)  51% completed  (51% total)
     Speed:     ev/sec=323.226   simsec/sec=0.999999   ev/simsec=323.227
     Messages:  created: 93513   present: 9   in FES: 5
** Event #749568   t=3215.731312251127   Elapsed: 3215.68s (53m 35s)  51% completed  (51% total)
     Speed:     ev/sec=594.171   simsec/sec=1   ev/simsec=594.171
     Messages:  created: 93681   present: 30   in FES: 8
** Event #750592   t=3218.038876445818   Elapsed: 3218s (53m 37s)  51% completed  (51% total)
     Speed:     ev/sec=441.299   simsec/sec=0.99446   ev/simsec=443.758
     Messages:  created: 93811   present: 36   in FES: 7
** Event #752384   t=3220.433077163821   Elapsed: 3220.38s (53m 40s)  51% completed  (51% total)
     Speed:     ev/sec=752.515   simsec/sec=1.0054   ev/simsec=748.475
     Messages:  created: 94061   present: 106   in FES: 8
** Event #753664   t=3222.598533138863   Elapsed: 3222.54s (53m 42s)  51% completed  (51% total)
     Speed:     ev/sec=591.1   simsec/sec=1   ev/simsec=591.1
     Messages:  created: 94199   present: 46   in FES: 8
** Event #754688   t=3224.6381765719   Elapsed: 3224.58s (53m 44s)  51% completed  (51% total)
     Speed:     ev/sec=502.048   simsec/sec=0.999999   ev/simsec=502.049
     Messages:  created: 94313   present: 10   in FES: 6
** Event #755968   t=3227.606597706147   Elapsed: 3227.55s (53m 47s)  51% completed  (51% total)
     Speed:     ev/sec=431.205   simsec/sec=0.999999   ev/simsec=431.206
     Messages:  created: 94473   present: 9   in FES: 5
** Event #756736   t=3229.613112202564   Elapsed: 3229.56s (53m 49s)  51% completed  (51% total)
     Speed:     ev/sec=382.754   simsec/sec=1   ev/simsec=382.753
     Messages:  created: 94569   present: 9   in FES: 5
** Event #757760   t=3232.05843646487   Elapsed: 3232.01s (53m 52s)  51% completed  (51% total)
     Speed:     ev/sec=418.204   simsec/sec=0.998676   ev/simsec=418.758
     Messages:  created: 94698   present: 12   in FES: 6
** Event #758528   t=3234.236828370542   Elapsed: 3234.18s (53m 54s)  51% completed  (51% total)
     Speed:     ev/sec=353.074   simsec/sec=1.00147   ev/simsec=352.554
     Messages:  created: 94793   present: 10   in FES: 6
** Event #759296   t=3236.728542042425   Elapsed: 3236.67s (53m 56s)  51% completed  (51% total)
     Speed:     ev/sec=308.213   simsec/sec=0.999973   ev/simsec=308.222
     Messages:  created: 94889   present: 9   in FES: 5
** Event #760064   t=3239.03513729148   Elapsed: 3238.98s (53m 58s)  51% completed  (51% total)
     Speed:     ev/sec=332.804   simsec/sec=0.999535   ev/simsec=332.958
     Messages:  created: 94986   present: 12   in FES: 7
** Event #760832   t=3241.638974213186   Elapsed: 3241.59s (54m 01s)  51% completed  (51% total)
     Speed:     ev/sec=294.319   simsec/sec=0.997864   ev/simsec=294.949
     Messages:  created: 95081   present: 11   in FES: 7
** Event #761600   t=3243.6463717657   Elapsed: 3243.59s (54m 03s)  51% completed  (51% total)
     Speed:     ev/sec=383.875   simsec/sec=1.00337   ev/simsec=382.585
     Messages:  created: 95178   present: 14   in FES: 8
** Event #762624   t=3245.983124186637   Elapsed: 3245.93s (54m 05s)  51% completed  (51% total)
     Speed:     ev/sec=438.215   simsec/sec=1   ev/simsec=438.215
     Messages:  created: 95304   present: 9   in FES: 5
** Event #763392   t=3248.351372929086   Elapsed: 3248.3s (54m 08s)  51% completed  (51% total)
     Speed:     ev/sec=324.29   simsec/sec=0.999999   ev/simsec=324.29
     Messages:  created: 95403   present: 15   in FES: 8
** Event #764160   t=3250.916056297282   Elapsed: 3250.86s (54m 10s)  51% completed  (51% total)
     Speed:     ev/sec=299.452   simsec/sec=0.999999   ev/simsec=299.452
     Messages:  created: 95498   present: 13   in FES: 8
** Event #764928   t=3253.113575436935   Elapsed: 3253.06s (54m 13s)  51% completed  (51% total)
     Speed:     ev/sec=349.485   simsec/sec=1   ev/simsec=349.485
     Messages:  created: 95601   present: 32   in FES: 8
** Event #766208   t=3255.277023973951   Elapsed: 3255.22s (54m 15s)  51% completed  (51% total)
     Speed:     ev/sec=591.648   simsec/sec=1   ev/simsec=591.648
     Messages:  created: 95756   present: 18   in FES: 8
** Event #766976   t=3257.366018334264   Elapsed: 3257.34s (54m 17s)  51% completed  (51% total)
     Speed:     ev/sec=363.25   simsec/sec=0.988055   ev/simsec=367.641
     Messages:  created: 95849   present: 11   in FES: 7
** Event #767744   t=3259.820790040315   Elapsed: 3259.77s (54m 19s)  51% completed  (51% total)
     Speed:     ev/sec=315.962   simsec/sec=1.00992   ev/simsec=312.86
     Messages:  created: 95945   present: 11   in FES: 7
** Event #768512   t=3262.146448265786   Elapsed: 3262.09s (54m 22s)  51% completed  (51% total)
     Speed:     ev/sec=330.392   simsec/sec=1.00049   ev/simsec=330.229
     Messages:  created: 96040   present: 9   in FES: 5
** Event #770048   t=3264.640038630105   Elapsed: 3264.59s (54m 24s)  51% completed  (51% total)
     Speed:     ev/sec=615.062   simsec/sec=0.99851   ev/simsec=615.979
     Messages:  created: 96233   present: 11   in FES: 7
** Event #771072   t=3266.878231633734   Elapsed: 3266.83s (54m 26s)  51% completed  (51% total)
     Speed:     ev/sec=457.38   simsec/sec=0.999711   ev/simsec=457.512
     Messages:  created: 96361   present: 11   in FES: 7
** Event #772096   t=3269.05995907442   Elapsed: 3269.01s (54m 29s)  51% completed  (51% total)
     Speed:     ev/sec=470.294   simsec/sec=1.00201   ev/simsec=469.353
     Messages:  created: 96491   present: 16   in FES: 8
** Event #773632   t=3271.315242367039   Elapsed: 3271.26s (54m 31s)  51% completed  (51% total)
     Speed:     ev/sec=681.068   simsec/sec=1   ev/simsec=681.067
     Messages:  created: 96689   present: 33   in FES: 7
** Event #774912   t=3273.92819500193   Elapsed: 3273.87s (54m 33s)  51% completed  (51% total)
     Speed:     ev/sec=489.867   simsec/sec=1   ev/simsec=489.867
     Messages:  created: 96841   present: 10   in FES: 6
** Event #775936   t=3276.396173291536   Elapsed: 3276.35s (54m 36s)  52% completed  (52% total)
     Speed:     ev/sec=413.037   simsec/sec=0.995476   ev/simsec=414.915
     Messages:  created: 96969   present: 11   in FES: 7
** Event #776960   t=3278.772994346554   Elapsed: 3278.74s (54m 38s)  52% completed  (52% total)
     Speed:     ev/sec=428.205   simsec/sec=0.993912   ev/simsec=430.828
     Messages:  created: 97097   present: 11   in FES: 7
** Event #777984   t=3281.363235475923   Elapsed: 3281.31s (54m 41s)  52% completed  (52% total)
     Speed:     ev/sec=399.303   simsec/sec=1.01005   ev/simsec=395.33
     Messages:  created: 97225   present: 10   in FES: 6
** Event #779008   t=3283.535680479864   Elapsed: 3283.48s (54m 43s)  52% completed  (52% total)
     Speed:     ev/sec=471.359   simsec/sec=1   ev/simsec=471.358
     Messages:  created: 97358   present: 24   in FES: 8
** Event #780032   t=3286.620733131181   Elapsed: 3286.57s (54m 46s)  52% completed  (52% total)
     Speed:     ev/sec=331.923   simsec/sec=1   ev/simsec=331.923
     Messages:  created: 97481   present: 10   in FES: 6
** Event #780544   t=3288.745412292674   Elapsed: 3288.69s (54m 48s)  52% completed  (52% total)
     Speed:     ev/sec=240.978   simsec/sec=1   ev/simsec=240.978
     Messages:  created: 97546   present: 14   in FES: 8
** Event #781568   t=3290.944548165175   Elapsed: 3290.89s (54m 50s)  52% completed  (52% total)
     Speed:     ev/sec=465.637   simsec/sec=1   ev/simsec=465.637
     Messages:  created: 97674   present: 13   in FES: 7
** Event #782592   t=3293.312755499739   Elapsed: 3293.26s (54m 53s)  52% completed  (52% total)
     Speed:     ev/sec=432.395   simsec/sec=1   ev/simsec=432.395
     Messages:  created: 97802   present: 14   in FES: 7
** Event #783616   t=3295.504346795107   Elapsed: 3295.45s (54m 55s)  52% completed  (52% total)
     Speed:     ev/sec=466.902   simsec/sec=0.999276   ev/simsec=467.24
     Messages:  created: 97932   present: 19   in FES: 7
** Event #784640   t=3297.839924672333   Elapsed: 3297.79s (54m 57s)  52% completed  (52% total)
     Speed:     ev/sec=438.526   simsec/sec=1.00021   ev/simsec=438.435
     Messages:  created: 98057   present: 11   in FES: 7
** Event #785408   t=3299.960580853006   Elapsed: 3299.91s (54m 59s)  52% completed  (52% total)
     Speed:     ev/sec=361.325   simsec/sec=0.997717   ev/simsec=362.152
     Messages:  created: 98153   present: 11   in FES: 6
** Event #786176   t=3302.047058228599   Elapsed: 3301.99s (55m 01s)  52% completed  (52% total)
     Speed:     ev/sec=369.138   simsec/sec=1.00286   ev/simsec=368.085
     Messages:  created: 98250   present: 14   in FES: 8
** Event #786944   t=3304.11516507439   Elapsed: 3304.06s (55m 04s)  52% completed  (52% total)
     Speed:     ev/sec=371.354   simsec/sec=0.999999   ev/simsec=371.354
     Messages:  created: 98344   present: 9   in FES: 5
** Event #787712   t=3306.373302289362   Elapsed: 3306.32s (55m 06s)  52% completed  (52% total)
     Speed:     ev/sec=340.103   simsec/sec=1   ev/simsec=340.103
     Messages:  created: 98441   present: 12   in FES: 8
** Event #788992   t=3308.514965621401   Elapsed: 3308.46s (55m 08s)  52% completed  (52% total)
     Speed:     ev/sec=597.667   simsec/sec=1   ev/simsec=597.666
     Messages:  created: 98601   present: 13   in FES: 7
** Event #790016   t=3311.007509758969   Elapsed: 3310.97s (55m 10s)  52% completed  (52% total)
     Speed:     ev/sec=407.649   simsec/sec=0.992268   ev/simsec=410.825
     Messages:  created: 98728   present: 10   in FES: 6
** Event #791296   t=3313.317480992216   Elapsed: 3313.26s (55m 13s)  52% completed  (52% total)
     Speed:     ev/sec=558.818   simsec/sec=1.00848   ev/simsec=554.119
     Messages:  created: 98895   present: 29   in FES: 8
** Event #792832   t=3315.420693399552   Elapsed: 3315.37s (55m 15s)  52% completed  (52% total)
     Speed:     ev/sec=727.451   simsec/sec=0.996084   ev/simsec=730.311
     Messages:  created: 99086   present: 26   in FES: 7
** Event #793856   t=3317.430788364393   Elapsed: 3317.38s (55m 17s)  52% completed  (52% total)
     Speed:     ev/sec=511.533   simsec/sec=1.00413   ev/simsec=509.429
     Messages:  created: 99211   present: 17   in FES: 8
** Event #794880   t=3319.615653258878   Elapsed: 3319.56s (55m 19s)  52% completed  (52% total)
     Speed:     ev/sec=468.678   simsec/sec=0.999998   ev/simsec=468.679
     Messages:  created: 99336   present: 10   in FES: 6
** Event #795904   t=3321.868124961271   Elapsed: 3321.81s (55m 21s)  52% completed  (52% total)
     Speed:     ev/sec=454.612   simsec/sec=1   ev/simsec=454.612
     Messages:  created: 99465   present: 12   in FES: 8
** Event #797184   t=3324.064702118978   Elapsed: 3324.03s (55m 24s)  52% completed  (52% total)
     Speed:     ev/sec=576.494   simsec/sec=0.989307   ev/simsec=582.725
     Messages:  created: 99627   present: 18   in FES: 6
** Event #797952   t=3326.557003729989   Elapsed: 3326.5s (55m 26s)  52% completed  (52% total)
     Speed:     ev/sec=311.113   simsec/sec=1.00962   ev/simsec=308.149
     Messages:  created: 99721   present: 13   in FES: 7
** Event #798976   t=3328.639288418571   Elapsed: 3328.58s (55m 28s)  52% completed  (52% total)
     Speed:     ev/sec=491.767   simsec/sec=0.999999   ev/simsec=491.768
     Messages:  created: 99849   present: 13   in FES: 7
** Event #800000   t=3330.830324170362   Elapsed: 3330.78s (55m 30s)  52% completed  (52% total)
     Speed:     ev/sec=466.816   simsec/sec=0.998838   ev/simsec=467.359
     Messages:  created: 99976   present: 10   in FES: 6
** Event #801024   t=3332.892182564088   Elapsed: 3332.84s (55m 32s)  52% completed  (52% total)
     Speed:     ev/sec=497.254   simsec/sec=1.00124   ev/simsec=496.639
     Messages:  created: 100108   present: 20   in FES: 8
** Event #802048   t=3335.216375079627   Elapsed: 3335.16s (55m 35s)  52% completed  (52% total)
     Speed:     ev/sec=440.583   simsec/sec=1   ev/simsec=440.583
     Messages:  created: 100237   present: 22   in FES: 8
** Event #803072   t=3337.392763004958   Elapsed: 3337.34s (55m 37s)  52% completed  (52% total)
     Speed:     ev/sec=470.505   simsec/sec=1   ev/simsec=470.504
     Messages:  created: 100364   present: 21   in FES: 7
** Event #803840   t=3339.48900254064   Elapsed: 3339.43s (55m 39s)  53% completed  (53% total)
     Speed:     ev/sec=366.37   simsec/sec=0.999999   ev/simsec=366.37
     Messages:  created: 100459   present: 17   in FES: 8
** Event #804864   t=3341.630236376693   Elapsed: 3341.58s (55m 41s)  53% completed  (53% total)
     Speed:     ev/sec=478.229   simsec/sec=1   ev/simsec=478.229
     Messages:  created: 100586   present: 16   in FES: 8
** Event #805632   t=3343.726292070871   Elapsed: 3343.67s (55m 43s)  53% completed  (53% total)
     Speed:     ev/sec=366.402   simsec/sec=1   ev/simsec=366.402
     Messages:  created: 100682   present: 15   in FES: 8
** Event #806656   t=3345.919690503472   Elapsed: 3345.86s (55m 45s)  53% completed  (53% total)
     Speed:     ev/sec=466.855   simsec/sec=1   ev/simsec=466.855
     Messages:  created: 100809   present: 12   in FES: 8
** Event #807680   t=3348.08657010469   Elapsed: 3348.03s (55m 48s)  53% completed  (53% total)
     Speed:     ev/sec=472.569   simsec/sec=1   ev/simsec=472.569
     Messages:  created: 100938   present: 15   in FES: 8
** Event #808704   t=3350.162472465394   Elapsed: 3350.11s (55m 50s)  53% completed  (53% total)
     Speed:     ev/sec=493.236   simsec/sec=0.999911   ev/simsec=493.279
     Messages:  created: 101064   present: 10   in FES: 6
** Event #809728   t=3352.199794669962   Elapsed: 3352.15s (55m 52s)  53% completed  (53% total)
     Speed:     ev/sec=502.666   simsec/sec=1.00009   ev/simsec=502.621
     Messages:  created: 101194   present: 15   in FES: 7
** Event #810496   t=3354.882372838414   Elapsed: 3354.83s (55m 54s)  53% completed  (53% total)
     Speed:     ev/sec=286.292   simsec/sec=1   ev/simsec=286.292
     Messages:  created: 101288   present: 9   in FES: 5
** Event #811264   t=3357.881809980826   Elapsed: 3357.83s (55m 57s)  53% completed  (53% total)
     Speed:     ev/sec=255.87   simsec/sec=0.999304   ev/simsec=256.048
     Messages:  created: 101384   present: 10   in FES: 6
** Event #812032   t=3360.115066281686   Elapsed: 3360.06s (56m 00s)  53% completed  (53% total)
     Speed:     ev/sec=344.214   simsec/sec=1.00094   ev/simsec=343.892
     Messages:  created: 101480   present: 10   in FES: 6
** Event #813056   t=3362.162569731641   Elapsed: 3362.11s (56m 02s)  53% completed  (53% total)
     Speed:     ev/sec=500.113   simsec/sec=0.999983   ev/simsec=500.121
     Messages:  created: 101608   present: 12   in FES: 7
** Event #814080   t=3364.357244324065   Elapsed: 3364.3s (56m 04s)  53% completed  (53% total)
     Speed:     ev/sec=466.461   simsec/sec=0.999737   ev/simsec=466.584
     Messages:  created: 101735   present: 9   in FES: 5
** Event #815104   t=3366.571517343875   Elapsed: 3366.52s (56m 06s)  53% completed  (53% total)
     Speed:     ev/sec=462.155   simsec/sec=0.999352   ev/simsec=462.454
     Messages:  created: 101866   present: 17   in FES: 7
** Event #816128   t=3368.970580104206   Elapsed: 3368.92s (56m 08s)  53% completed  (53% total)
     Speed:     ev/sec=427.198   simsec/sec=1.00085   ev/simsec=426.833
     Messages:  created: 101992   present: 12   in FES: 8
** Event #817152   t=3371.323610929544   Elapsed: 3371.27s (56m 11s)  53% completed  (53% total)
     Speed:     ev/sec=435.183   simsec/sec=1   ev/simsec=435.183
     Messages:  created: 102120   present: 11   in FES: 7
** Event #818688   t=3373.424933384532   Elapsed: 3373.39s (56m 13s)  53% completed  (53% total)
     Speed:     ev/sec=724.301   simsec/sec=0.990879   ev/simsec=730.968
     Messages:  created: 102323   present: 41   in FES: 7
** Event #819968   t=3375.823964996267   Elapsed: 3375.77s (56m 15s)  53% completed  (53% total)
     Speed:     ev/sec=537.886   simsec/sec=1.00813   ev/simsec=533.549
     Messages:  created: 102474   present: 16   in FES: 8
** Event #820992   t=3377.969029443404   Elapsed: 3377.91s (56m 17s)  53% completed  (53% total)
     Speed:     ev/sec=477.375   simsec/sec=1   ev/simsec=477.375
     Messages:  created: 102601   present: 13   in FES: 7
** Event #822016   t=3380.118078084142   Elapsed: 3380.06s (56m 20s)  53% completed  (53% total)
     Speed:     ev/sec=476.49   simsec/sec=1   ev/simsec=476.49
     Messages:  created: 102729   present: 13   in FES: 6
** Event #823296   t=3382.232264013898   Elapsed: 3382.19s (56m 22s)  53% completed  (53% total)
     Speed:     ev/sec=601.719   simsec/sec=0.993864   ev/simsec=605.434
     Messages:  created: 102899   present: 41   in FES: 7
** Event #824832   t=3384.718913032512   Elapsed: 3384.66s (56m 24s)  53% completed  (53% total)
     Speed:     ev/sec=620.958   simsec/sec=1.00528   ev/simsec=617.699
     Messages:  created: 103084   present: 21   in FES: 8
** Event #826112   t=3386.833392433601   Elapsed: 3386.78s (56m 26s)  53% completed  (53% total)
     Speed:     ev/sec=605.349   simsec/sec=0.999999   ev/simsec=605.35
     Messages:  created: 103241   present: 14   in FES: 7
** Event #827136   t=3389.13899879953   Elapsed: 3389.08s (56m 29s)  53% completed  (53% total)
     Speed:     ev/sec=444.135   simsec/sec=1   ev/simsec=444.135
     Messages:  created: 103368   present: 12   in FES: 6
** Event #827904   t=3391.279439671486   Elapsed: 3391.26s (56m 31s)  53% completed  (53% total)
     Speed:     ev/sec=353.459   simsec/sec=0.985102   ev/simsec=358.805
     Messages:  created: 103463   present: 9   in FES: 5
** Event #829184   t=3393.638485279428   Elapsed: 3393.58s (56m 33s)  53% completed  (53% total)
     Speed:     ev/sec=550.141   simsec/sec=1.01391   ev/simsec=542.592
     Messages:  created: 103634   present: 37   in FES: 8
** Event #830464   t=3395.973191903813   Elapsed: 3395.99s (56m 35s)  53% completed  (53% total)
     Speed:     ev/sec=532.38   simsec/sec=0.971055   ev/simsec=548.249
     Messages:  created: 103783   present: 9   in FES: 5
** Event #831488   t=3398.62660138246   Elapsed: 3398.57s (56m 38s)  53% completed  (53% total)
     Speed:     ev/sec=396.313   simsec/sec=1.02694   ev/simsec=385.919
     Messages:  created: 103912   present: 12   in FES: 7
** Event #832256   t=3400.69855828376   Elapsed: 3400.67s (56m 40s)  53% completed  (53% total)
     Speed:     ev/sec=366.536   simsec/sec=0.988863   ev/simsec=370.664
     Messages:  created: 104007   present: 9   in FES: 5
** Event #833280   t=3403.276824223369   Elapsed: 3403.24s (56m 43s)  54% completed  (54% total)
     Speed:     ev/sec=397.735   simsec/sec=1.00143   ev/simsec=397.166
     Messages:  created: 104135   present: 9   in FES: 5
** Event #834816   t=3405.560595431338   Elapsed: 3405.51s (56m 45s)  54% completed  (54% total)
     Speed:     ev/sec=678.408   simsec/sec=1.00868   ev/simsec=672.572
     Messages:  created: 104333   present: 24   in FES: 8
** Event #835840   t=3407.83044219752   Elapsed: 3407.78s (56m 47s)  54% completed  (54% total)
     Speed:     ev/sec=451.132   simsec/sec=1   ev/simsec=451.132
     Messages:  created: 104456   present: 11   in FES: 7
** Event #836608   t=3410.515016372876   Elapsed: 3410.46s (56m 50s)  54% completed  (54% total)
     Speed:     ev/sec=286.079   simsec/sec=1   ev/simsec=286.079
     Messages:  created: 104552   present: 12   in FES: 8
** Event #837632   t=3413.088500724603   Elapsed: 3413.03s (56m 53s)  54% completed  (54% total)
     Speed:     ev/sec=397.904   simsec/sec=1   ev/simsec=397.904
     Messages:  created: 104681   present: 15   in FES: 8
** Event #838400   t=3415.352703152183   Elapsed: 3415.3s (56m 55s)  54% completed  (54% total)
     Speed:     ev/sec=339.192   simsec/sec=1   ev/simsec=339.192
     Messages:  created: 104776   present: 12   in FES: 7
** Event #838912   t=3417.371252529533   Elapsed: 3417.33s (56m 57s)  54% completed  (54% total)
     Speed:     ev/sec=252.519   simsec/sec=0.995551   ev/simsec=253.647
     Messages:  created: 104839   present: 9   in FES: 5
** Event #839936   t=3419.717262035382   Elapsed: 3419.66s (56m 59s)  54% completed  (54% total)
     Speed:     ev/sec=438.171   simsec/sec=1.00386   ev/simsec=436.486
     Messages:  created: 104968   present: 11   in FES: 7
** Event #840960   t=3422.129341416737   Elapsed: 3422.08s (57m 02s)  54% completed  (54% total)
     Speed:     ev/sec=423.028   simsec/sec=0.996461   ev/simsec=424.53
     Messages:  created: 105097   present: 16   in FES: 7
** Event #841728   t=3424.160983099223   Elapsed: 3424.11s (57m 04s)  54% completed  (54% total)
     Speed:     ev/sec=379.62   simsec/sec=1.00423   ev/simsec=378.019
     Messages:  created: 105191   present: 11   in FES: 7
** Event #843264   t=3426.551248629536   Elapsed: 3426.5s (57m 06s)  54% completed  (54% total)
     Speed:     ev/sec=642.606   simsec/sec=1   ev/simsec=642.606
     Messages:  created: 105389   present: 27   in FES: 8
** Event #844544   t=3428.63357432713   Elapsed: 3428.6s (57m 08s)  54% completed  (54% total)
     Speed:     ev/sec=609.5   simsec/sec=0.991544   ev/simsec=614.697
     Messages:  created: 105548   present: 24   in FES: 7
** Event #845824   t=3430.86518839274   Elapsed: 3430.81s (57m 10s)  54% completed  (54% total)
     Speed:     ev/sec=578.177   simsec/sec=1.00802   ev/simsec=573.576
     Messages:  created: 105703   present: 11   in FES: 7
** Event #846848   t=3432.894485520881   Elapsed: 3432.84s (57m 12s)  54% completed  (54% total)
     Speed:     ev/sec=504.608   simsec/sec=1   ev/simsec=504.608
     Messages:  created: 105832   present: 14   in FES: 6
** Event #848128   t=3435.834953680476   Elapsed: 3435.78s (57m 15s)  54% completed  (54% total)
     Speed:     ev/sec=435.305   simsec/sec=1   ev/simsec=435.305
     Messages:  created: 105991   present: 10   in FES: 6
** Event #848896   t=3438.089076500255   Elapsed: 3438.04s (57m 18s)  54% completed  (54% total)
     Speed:     ev/sec=339.587   simsec/sec=0.996706   ev/simsec=340.709
     Messages:  created: 106086   present: 8   in FES: 4
** Event #849664   t=3440.440801707483   Elapsed: 3440.39s (57m 20s)  54% completed  (54% total)
     Speed:     ev/sec=327.607   simsec/sec=1.00318   ev/simsec=326.569
     Messages:  created: 106183   present: 11   in FES: 6
** Event #850432   t=3442.532524888324   Elapsed: 3442.48s (57m 22s)  54% completed  (54% total)
     Speed:     ev/sec=367.161   simsec/sec=1   ev/simsec=367.161
     Messages:  created: 106285   present: 26   in FES: 8
** Event #851456   t=3444.943099744525   Elapsed: 3444.9s (57m 24s)  54% completed  (54% total)
     Speed:     ev/sec=422.999   simsec/sec=0.995773   ev/simsec=424.795
     Messages:  created: 106409   present: 16   in FES: 7
** Event #852736   t=3447.413042489231   Elapsed: 3447.36s (57m 27s)  54% completed  (54% total)
     Speed:     ev/sec=520.386   simsec/sec=1.00416   ev/simsec=518.231
     Messages:  created: 106570   present: 18   in FES: 8
** Event #853760   t=3450.101684835186   Elapsed: 3450.07s (57m 30s)  54% completed  (54% total)
     Speed:     ev/sec=377.356   simsec/sec=0.990796   ev/simsec=380.861
     Messages:  created: 106694   present: 8   in FES: 4
** Event #854784   t=3452.712282655434   Elapsed: 3452.66s (57m 32s)  54% completed  (54% total)
     Speed:     ev/sec=396.036   simsec/sec=1.00966   ev/simsec=392.247
     Messages:  created: 106824   present: 13   in FES: 8
** Event #856064   t=3454.915218081637   Elapsed: 3454.86s (57m 34s)  54% completed  (54% total)
     Speed:     ev/sec=581.043   simsec/sec=1   ev/simsec=581.043
     Messages:  created: 106987   present: 22   in FES: 8
** Event #857344   t=3456.947848124695   Elapsed: 3456.89s (57m 36s)  54% completed  (54% total)
     Speed:     ev/sec=629.726   simsec/sec=1   ev/simsec=629.726
     Messages:  created: 107146   present: 19   in FES: 8
** Event #858880   t=3459.222041096709   Elapsed: 3459.17s (57m 39s)  54% completed  (54% total)
     Speed:     ev/sec=675.404   simsec/sec=1   ev/simsec=675.404
     Messages:  created: 107337   present: 15   in FES: 8
** Event #860416   t=3461.547709342393   Elapsed: 3461.49s (57m 41s)  54% completed  (54% total)
     Speed:     ev/sec=660.47   simsec/sec=1.00002   ev/simsec=660.455
     Messages:  created: 107539   present: 43   in FES: 8
** Event #861696   t=3464.001953393145   Elapsed: 3463.95s (57m 43s)  54% completed  (54% total)
     Speed:     ev/sec=521.535   simsec/sec=0.99998   ev/simsec=521.546
     Messages:  created: 107688   present: 14   in FES: 8
** Event #862720   t=3466.161271096964   Elapsed: 3466.11s (57m 46s)  55% completed  (55% total)
     Speed:     ev/sec=474.224   simsec/sec=0.999999   ev/simsec=474.224
     Messages:  created: 107816   present: 13   in FES: 8
** Event #863744   t=3468.775342711727   Elapsed: 3468.72s (57m 48s)  55% completed  (55% total)
     Speed:     ev/sec=391.726   simsec/sec=1   ev/simsec=391.726
     Messages:  created: 107943   present: 10   in FES: 6
** Event #864512   t=3470.939305088682   Elapsed: 3470.88s (57m 50s)  55% completed  (55% total)
     Speed:     ev/sec=354.905   simsec/sec=1   ev/simsec=354.905
     Messages:  created: 108039   present: 10   in FES: 6
** Event #866048   t=3473.20597727929   Elapsed: 3473.15s (57m 53s)  55% completed  (55% total)
     Speed:     ev/sec=677.645   simsec/sec=1   ev/simsec=677.645
     Messages:  created: 108246   present: 51   in FES: 8
** Event #867328   t=3475.500244780167   Elapsed: 3475.45s (57m 55s)  55% completed  (55% total)
     Speed:     ev/sec=557.912   simsec/sec=1   ev/simsec=557.912
     Messages:  created: 108394   present: 19   in FES: 7
** Event #868608   t=3477.683644279435   Elapsed: 3477.63s (57m 57s)  55% completed  (55% total)
     Speed:     ev/sec=586.241   simsec/sec=0.999998   ev/simsec=586.242
     Messages:  created: 108551   present: 11   in FES: 6
** Event #869632   t=3479.8488075887   Elapsed: 3479.79s (57m 59s)  55% completed  (55% total)
     Speed:     ev/sec=472.944   simsec/sec=1   ev/simsec=472.944
     Messages:  created: 108693   present: 47   in FES: 8
** Event #870912   t=3481.886093695945   Elapsed: 3481.83s (58m 01s)  55% completed  (55% total)
     Speed:     ev/sec=628.287   simsec/sec=1   ev/simsec=628.287
     Messages:  created: 108842   present: 21   in FES: 7
** Event #871680   t=3484.041175135337   Elapsed: 3483.99s (58m 03s)  55% completed  (55% total)
     Speed:     ev/sec=356.367   simsec/sec=0.999999   ev/simsec=356.367
     Messages:  created: 108941   present: 28   in FES: 8
** Event #872960   t=3486.169909695945   Elapsed: 3486.12s (58m 06s)  55% completed  (55% total)
     Speed:     ev/sec=601.297   simsec/sec=1   ev/simsec=601.296
     Messages:  created: 109097   present: 18   in FES: 8
** Event #873984   t=3488.510081083291   Elapsed: 3488.46s (58m 08s)  55% completed  (55% total)
     Speed:     ev/sec=437.575   simsec/sec=1   ev/simsec=437.575
     Messages:  created: 109225   present: 17   in FES: 8
** Event #875008   t=3490.794641444189   Elapsed: 3490.75s (58m 10s)  55% completed  (55% total)
     Speed:     ev/sec=446.204   simsec/sec=0.995489   ev/simsec=448.226
     Messages:  created: 109352   present: 15   in FES: 7
** Event #875776   t=3493.22448877514   Elapsed: 3493.17s (58m 13s)  55% completed  (55% total)
     Speed:     ev/sec=317.422   simsec/sec=1.00428   ev/simsec=316.069
     Messages:  created: 109447   present: 11   in FES: 7
** Event #876800   t=3495.860891542433   Elapsed: 3495.81s (58m 15s)  55% completed  (55% total)
     Speed:     ev/sec=388.408   simsec/sec=1   ev/simsec=388.408
     Messages:  created: 109575   present: 13   in FES: 8
** Event #877568   t=3498.491881365331   Elapsed: 3498.44s (58m 18s)  55% completed  (55% total)
     Speed:     ev/sec=291.905   simsec/sec=1   ev/simsec=291.905
     Messages:  created: 109671   present: 12   in FES: 6
** Event #878336   t=3500.865143109282   Elapsed: 3500.81s (58m 20s)  55% completed  (55% total)
     Speed:     ev/sec=323.606   simsec/sec=1   ev/simsec=323.605
     Messages:  created: 109767   present: 11   in FES: 7
** Event #879360   t=3503.307031031126   Elapsed: 3503.25s (58m 23s)  55% completed  (55% total)
     Speed:     ev/sec=419.347   simsec/sec=1   ev/simsec=419.348
     Messages:  created: 109896   present: 14   in FES: 8
** Event #880640   t=3506.121967802319   Elapsed: 3506.07s (58m 26s)  55% completed  (55% total)
     Speed:     ev/sec=454.717   simsec/sec=0.999999   ev/simsec=454.717
     Messages:  created: 110054   present: 9   in FES: 5
** Event #881408   t=3508.251530440574   Elapsed: 3508.2s (58m 28s)  55% completed  (55% total)
     Speed:     ev/sec=360.63   simsec/sec=0.99998   ev/simsec=360.637
     Messages:  created: 110150   present: 9   in FES: 5
** Event #882432   t=3510.796533914591   Elapsed: 3510.74s (58m 30s)  55% completed  (55% total)
     Speed:     ev/sec=402.364   simsec/sec=1.00002   ev/simsec=402.357
     Messages:  created: 110279   present: 12   in FES: 8
** Event #883456   t=3512.804128601414   Elapsed: 3512.75s (58m 32s)  55% completed  (55% total)
     Speed:     ev/sec=510.064   simsec/sec=1   ev/simsec=510.063
     Messages:  created: 110407   present: 12   in FES: 7
** Event #884992   t=3514.888669572058   Elapsed: 3514.83s (58m 34s)  55% completed  (55% total)
     Speed:     ev/sec=736.856   simsec/sec=1   ev/simsec=736.853
     Messages:  created: 110629   present: 93   in FES: 8
** Event #886272   t=3516.995885582076   Elapsed: 3516.94s (58m 36s)  55% completed  (55% total)
     Speed:     ev/sec=607.434   simsec/sec=0.999996   ev/simsec=607.437
     Messages:  created: 110762   present: 21   in FES: 7
** Event #887552   t=3519.346427608092   Elapsed: 3519.29s (58m 39s)  55% completed  (55% total)
     Speed:     ev/sec=544.555   simsec/sec=0.999999   ev/simsec=544.555
     Messages:  created: 110919   present: 12   in FES: 7
** Event #888320   t=3521.382554614983   Elapsed: 3521.33s (58m 41s)  55% completed  (55% total)
     Speed:     ev/sec=377.187   simsec/sec=1   ev/simsec=377.187
     Messages:  created: 111015   present: 12   in FES: 7
** Event #889600   t=3523.416586025188   Elapsed: 3523.36s (58m 43s)  55% completed  (55% total)
     Speed:     ev/sec=629.292   simsec/sec=1   ev/simsec=629.292
     Messages:  created: 111183   present: 33   in FES: 8
** Event #890880   t=3525.78313720348   Elapsed: 3525.73s (58m 45s)  55% completed  (55% total)
     Speed:     ev/sec=540.102   simsec/sec=0.998577   ev/simsec=540.871
     Messages:  created: 111339   present: 23   in FES: 6
** Event #891904   t=3528.462516616812   Elapsed: 3528.41s (58m 48s)  56% completed  (56% total)
     Speed:     ev/sec=382.659   simsec/sec=1.00126   ev/simsec=382.178
     Messages:  created: 111463   present: 11   in FES: 7
** Event #893184   t=3530.644043550917   Elapsed: 3530.59s (58m 50s)  56% completed  (56% total)
     Speed:     ev/sec=586.745   simsec/sec=1   ev/simsec=586.745
     Messages:  created: 111626   present: 19   in FES: 8
** Event #894208   t=3532.792068112168   Elapsed: 3532.74s (58m 52s)  56% completed  (56% total)
     Speed:     ev/sec=476.717   simsec/sec=0.999999   ev/simsec=476.717
     Messages:  created: 111751   present: 13   in FES: 7
** Event #895232   t=3534.901052308243   Elapsed: 3534.85s (58m 54s)  56% completed  (56% total)
     Speed:     ev/sec=485.542   simsec/sec=1   ev/simsec=485.542
     Messages:  created: 111882   present: 19   in FES: 8
** Event #896256   t=3536.904926814408   Elapsed: 3536.85s (58m 56s)  56% completed  (56% total)
     Speed:     ev/sec=511.01   simsec/sec=1   ev/simsec=511.01
     Messages:  created: 112006   present: 9   in FES: 5
** Event #897280   t=3539.168057668737   Elapsed: 3539.11s (58m 59s)  56% completed  (56% total)
     Speed:     ev/sec=452.471   simsec/sec=1   ev/simsec=452.471
     Messages:  created: 112134   present: 10   in FES: 6
** Event #898560   t=3541.490402525927   Elapsed: 3541.44s (59m 01s)  56% completed  (56% total)
     Speed:     ev/sec=551.167   simsec/sec=1   ev/simsec=551.167
     Messages:  created: 112295   present: 13   in FES: 7
** Event #899584   t=3543.520874590031   Elapsed: 3543.47s (59m 03s)  56% completed  (56% total)
     Speed:     ev/sec=504.316   simsec/sec=1   ev/simsec=504.316
     Messages:  created: 112422   present: 12   in FES: 7
** Event #900352   t=3546.261113581364   Elapsed: 3546.21s (59m 06s)  56% completed  (56% total)
     Speed:     ev/sec=280.268   simsec/sec=1   ev/simsec=280.268
     Messages:  created: 112518   present: 11   in FES: 7
** Event #900864   t=3549.11185984366   Elapsed: 3549.06s (59m 09s)  56% completed  (56% total)
     Speed:     ev/sec=179.602   simsec/sec=0.999999   ev/simsec=179.602
     Messages:  created: 112582   present: 10   in FES: 6
** Event #901376   t=3551.913128307349   Elapsed: 3551.86s (59m 11s)  56% completed  (56% total)
     Speed:     ev/sec=182.775   simsec/sec=1   ev/simsec=182.774
     Messages:  created: 112645   present: 9   in FES: 5
** Event #901888   t=3555.44125290755   Elapsed: 3555.39s (59m 15s)  56% completed  (56% total)
     Speed:     ev/sec=145.12   simsec/sec=1   ev/simsec=145.12
     Messages:  created: 112709   present: 9   in FES: 5
** Event #902656   t=3558.024144506094   Elapsed: 3557.97s (59m 17s)  56% completed  (56% total)
     Speed:     ev/sec=297.341   simsec/sec=0.999999   ev/simsec=297.341
     Messages:  created: 112806   present: 11   in FES: 7
** Event #903424   t=3560.628666446313   Elapsed: 3560.57s (59m 20s)  56% completed  (56% total)
     Speed:     ev/sec=294.872   simsec/sec=1   ev/simsec=294.872
     Messages:  created: 112902   present: 10   in FES: 6
** Event #903936   t=3563.143956821909   Elapsed: 3563.09s (59m 23s)  56% completed  (56% total)
     Speed:     ev/sec=203.555   simsec/sec=0.999999   ev/simsec=203.555
     Messages:  created: 112966   present: 11   in FES: 7
** Event #904704   t=3565.641378612007   Elapsed: 3565.59s (59m 25s)  56% completed  (56% total)
     Speed:     ev/sec=307.517   simsec/sec=1   ev/simsec=307.517
     Messages:  created: 113061   present: 9   in FES: 5
** Event #905472   t=3567.773925479703   Elapsed: 3567.72s (59m 27s)  56% completed  (56% total)
     Speed:     ev/sec=360.133   simsec/sec=1   ev/simsec=360.133
     Messages:  created: 113158   present: 10   in FES: 6
** Event #906496   t=3570.117147596872   Elapsed: 3570.06s (59m 30s)  56% completed  (56% total)
     Speed:     ev/sec=437.005   simsec/sec=1   ev/simsec=437.005
     Messages:  created: 113286   present: 11   in FES: 6
** Event #907264   t=3572.448611549879   Elapsed: 3572.39s (59m 32s)  56% completed  (56% total)
     Speed:     ev/sec=329.406   simsec/sec=0.999999   ev/simsec=329.407
     Messages:  created: 113381   present: 9   in FES: 5
** Event #908288   t=3574.743554592276   Elapsed: 3574.69s (59m 34s)  56% completed  (56% total)
     Speed:     ev/sec=446.199   simsec/sec=1   ev/simsec=446.198
     Messages:  created: 113509   present: 9   in FES: 5
** Event #909056   t=3576.961792871045   Elapsed: 3576.91s (59m 36s)  56% completed  (56% total)
     Speed:     ev/sec=346.22   simsec/sec=0.999999   ev/simsec=346.221
     Messages:  created: 113606   present: 10   in FES: 6
** Event #910592   t=3579.428870580398   Elapsed: 3579.37s (59m 39s)  56% completed  (56% total)
     Speed:     ev/sec=622.599   simsec/sec=1   ev/simsec=622.599
     Messages:  created: 113798   present: 11   in FES: 7
** Event #911616   t=3581.939515543563   Elapsed: 3581.89s (59m 41s)  56% completed  (56% total)
     Speed:     ev/sec=407.506   simsec/sec=0.999125   ev/simsec=407.863
     Messages:  created: 113927   present: 14   in FES: 7
** Event #912896   t=3584.592414070475   Elapsed: 3584.54s (59m 44s)  56% completed  (56% total)
     Speed:     ev/sec=482.891   simsec/sec=1.00083   ev/simsec=482.491
     Messages:  created: 114086   present: 11   in FES: 6
** Event #913664   t=3586.71355312892   Elapsed: 3586.66s (59m 46s)  56% completed  (56% total)
     Speed:     ev/sec=362.069   simsec/sec=0.999998   ev/simsec=362.07
     Messages:  created: 114182   present: 11   in FES: 7
** Event #914688   t=3589.051154021062   Elapsed: 3589s (59m 48s)  56% completed  (56% total)
     Speed:     ev/sec=438.057   simsec/sec=1   ev/simsec=438.056
     Messages:  created: 114310   present: 11   in FES: 7
** Event #915200   t=3591.483411756698   Elapsed: 3591.43s (59m 51s)  57% completed  (57% total)
     Speed:     ev/sec=210.504   simsec/sec=1   ev/simsec=210.504
     Messages:  created: 114373   present: 9   in FES: 5
** Event #916224   t=3593.664190319078   Elapsed: 3593.61s (59m 53s)  57% completed  (57% total)
     Speed:     ev/sec=469.556   simsec/sec=0.999998   ev/simsec=469.557
     Messages:  created: 114502   present: 12   in FES: 7
** Event #917248   t=3596.507974523326   Elapsed: 3596.45s (59m 56s)  57% completed  (57% total)
     Speed:     ev/sec=360.084   simsec/sec=1   ev/simsec=360.084
     Messages:  created: 114630   present: 10   in FES: 6
** Event #918016   t=3599.135476823617   Elapsed: 3599.08s (59m 59s)  57% completed  (57% total)
     Speed:     ev/sec=292.293   simsec/sec=1   ev/simsec=292.293
     Messages:  created: 114728   present: 17   in FES: 8
** Event #919040   t=3601.394799880245   Elapsed: 3601.34s (1h 00m)  57% completed  (57% total)
     Speed:     ev/sec=453.233   simsec/sec=1   ev/simsec=453.233
     Messages:  created: 114854   present: 12   in FES: 7
** Event #919808   t=3603.808198326649   Elapsed: 3603.75s (1h 00m)  57% completed  (57% total)
     Speed:     ev/sec=318.224   simsec/sec=1   ev/simsec=318.223
     Messages:  created: 114952   present: 17   in FES: 8
** Event #920576   t=3605.839366944123   Elapsed: 3605.78s (1h 00m)  57% completed  (57% total)
     Speed:     ev/sec=378.107   simsec/sec=0.999999   ev/simsec=378.107
     Messages:  created: 115046   present: 12   in FES: 8
** Event #921600   t=3607.979781928181   Elapsed: 3607.93s (1h 00m)  57% completed  (57% total)
     Speed:     ev/sec=478.412   simsec/sec=1   ev/simsec=478.412
     Messages:  created: 115173   present: 9   in FES: 5
** Event #922624   t=3610.356025558828   Elapsed: 3610.3s (1h 00m)  57% completed  (57% total)
     Speed:     ev/sec=430.932   simsec/sec=0.999999   ev/simsec=430.932
     Messages:  created: 115301   present: 9   in FES: 5
** Event #923392   t=3612.717345319525   Elapsed: 3612.66s (1h 00m)  57% completed  (57% total)
     Speed:     ev/sec=325.242   simsec/sec=1   ev/simsec=325.242
     Messages:  created: 115397   present: 11   in FES: 6
** Event #924416   t=3614.987165598542   Elapsed: 3614.93s (1h 00m)  57% completed  (57% total)
     Speed:     ev/sec=451.137   simsec/sec=1   ev/simsec=451.137
     Messages:  created: 115525   present: 9   in FES: 5
** Event #925184   t=3616.993002299798   Elapsed: 3616.94s (1h 00m)  57% completed  (57% total)
     Speed:     ev/sec=382.882   simsec/sec=0.999999   ev/simsec=382.883
     Messages:  created: 115626   present: 23   in FES: 8
** Event #926208   t=3619.158071352766   Elapsed: 3619.1s (1h 00m)  57% completed  (57% total)
     Speed:     ev/sec=472.964   simsec/sec=1   ev/simsec=472.964
     Messages:  created: 115755   present: 26   in FES: 8
** Event #927488   t=3621.665876001634   Elapsed: 3621.61s (1h 00m)  57% completed  (57% total)
     Speed:     ev/sec=510.406   simsec/sec=0.999999   ev/simsec=510.407
     Messages:  created: 115910   present: 12   in FES: 7
** Event #928512   t=3623.722484711711   Elapsed: 3623.67s (1h 00m)  57% completed  (57% total)
     Speed:     ev/sec=497.907   simsec/sec=1   ev/simsec=497.907
     Messages:  created: 116039   present: 15   in FES: 8
** Event #929792   t=3626.062956967241   Elapsed: 3626.01s (1h 00m)  57% completed  (57% total)
     Speed:     ev/sec=546.898   simsec/sec=1   ev/simsec=546.898
     Messages:  created: 116200   present: 18   in FES: 8
** Event #930816   t=3628.323914090121   Elapsed: 3628.27s (1h 00m)  57% completed  (57% total)
     Speed:     ev/sec=452.905   simsec/sec=1   ev/simsec=452.906
     Messages:  created: 116325   present: 11   in FES: 7
** Event #931584   t=3630.582292149634   Elapsed: 3630.53s (1h 00m)  57% completed  (57% total)
     Speed:     ev/sec=340.068   simsec/sec=1   ev/simsec=340.067
     Messages:  created: 116421   present: 9   in FES: 5
** Event #932352   t=3633.084106565565   Elapsed: 3633.03s (1h 00m)  57% completed  (57% total)
     Speed:     ev/sec=306.977   simsec/sec=1   ev/simsec=306.977
     Messages:  created: 116519   present: 15   in FES: 8
** Event #933120   t=3635.100413105495   Elapsed: 3635.07s (1h 00m)  57% completed  (57% total)
     Speed:     ev/sec=376.85   simsec/sec=0.989382   ev/simsec=380.894
     Messages:  created: 116617   present: 21   in FES: 7
** Event #934400   t=3637.812729701893   Elapsed: 3637.76s (1h 00m)  57% completed  (57% total)
     Speed:     ev/sec=475.716   simsec/sec=1.00804   ev/simsec=471.921
     Messages:  created: 116773   present: 10   in FES: 6
** Event #935424   t=3639.970617347521   Elapsed: 3639.92s (1h 00m)  57% completed  (57% total)
     Speed:     ev/sec=474.539   simsec/sec=1   ev/simsec=474.538
     Messages:  created: 116903   present: 15   in FES: 8
** Event #936448   t=3642.02753319331   Elapsed: 3641.97s (1h 00m)  57% completed  (57% total)
     Speed:     ev/sec=497.832   simsec/sec=0.999999   ev/simsec=497.833
     Messages:  created: 117030   present: 12   in FES: 6
** Event #937472   t=3644.393567130114   Elapsed: 3644.34s (1h 00m)  57% completed  (57% total)
     Speed:     ev/sec=432.792   simsec/sec=1   ev/simsec=432.792
     Messages:  created: 117160   present: 18   in FES: 8
** Event #938496   t=3646.770784817498   Elapsed: 3646.72s (1h 00m)  57% completed  (57% total)
     Speed:     ev/sec=430.756   simsec/sec=1   ev/simsec=430.756
     Messages:  created: 117287   present: 15   in FES: 8
** Event #939776   t=3648.914165946408   Elapsed: 3648.86s (1h 00m)  57% completed  (57% total)
     Speed:     ev/sec=597.187   simsec/sec=1   ev/simsec=597.187
     Messages:  created: 117445   present: 9   in FES: 5
** Event #940800   t=3651.290806357222   Elapsed: 3651.24s (1h 00m)  57% completed  (57% total)
     Speed:     ev/sec=430.174   simsec/sec=0.998406   ev/simsec=430.86
     Messages:  created: 117574   present: 13   in FES: 7
** Event #941824   t=3653.302342975226   Elapsed: 3653.28s (1h 00m)  57% completed  (57% total)
     Speed:     ev/sec=501.488   simsec/sec=0.985119   ev/simsec=509.064
     Messages:  created: 117702   present: 13   in FES: 7
** Event #942848   t=3655.468332504159   Elapsed: 3655.41s (1h 00m)  58% completed  (58% total)
     Speed:     ev/sec=480.343   simsec/sec=1.01603   ev/simsec=472.763
     Messages:  created: 117831   present: 16   in FES: 8
** Event #943872   t=3658.076138252464   Elapsed: 3658.02s (1h 00m)  58% completed  (58% total)
     Speed:     ev/sec=392.667   simsec/sec=0.999999   ev/simsec=392.667
     Messages:  created: 117957   present: 10   in FES: 6
** Event #944896   t=3660.485772882573   Elapsed: 3660.43s (1h 01m)  58% completed  (58% total)
     Speed:     ev/sec=424.869   simsec/sec=0.999785   ev/simsec=424.961
     Messages:  created: 118086   present: 14   in FES: 7
** Event #945664   t=3662.497476268524   Elapsed: 3662.45s (1h 01m)  58% completed  (58% total)
     Speed:     ev/sec=379.837   simsec/sec=0.994947   ev/simsec=381.766
     Messages:  created: 118181   present: 12   in FES: 7
** Event #946688   t=3664.893911620453   Elapsed: 3664.84s (1h 01m)  58% completed  (58% total)
     Speed:     ev/sec=429.224   simsec/sec=1.0045   ev/simsec=427.301
     Messages:  created: 118310   present: 14   in FES: 7
** Event #947712   t=3666.973916250416   Elapsed: 3666.92s (1h 01m)  58% completed  (58% total)
     Speed:     ev/sec=492.307   simsec/sec=1   ev/simsec=492.307
     Messages:  created: 118442   present: 25   in FES: 8
** Event #948736   t=3669.489403673038   Elapsed: 3669.44s (1h 01m)  58% completed  (58% total)
     Speed:     ev/sec=406.863   simsec/sec=0.999472   ev/simsec=407.078
     Messages:  created: 118565   present: 12   in FES: 7
** Event #950272   t=3671.868627921486   Elapsed: 3671.82s (1h 01m)  58% completed  (58% total)
     Speed:     ev/sec=643.412   simsec/sec=0.996629   ev/simsec=645.589
     Messages:  created: 118763   present: 28   in FES: 7
** Event #951552   t=3673.959233177528   Elapsed: 3673.9s (1h 01m)  58% completed  (58% total)
     Speed:     ev/sec=615.022   simsec/sec=1.00451   ev/simsec=612.263
     Messages:  created: 118919   present: 18   in FES: 8
** Event #952320   t=3675.983707722224   Elapsed: 3675.93s (1h 01m)  58% completed  (58% total)
     Speed:     ev/sec=379.358   simsec/sec=1   ev/simsec=379.358
     Messages:  created: 119014   present: 14   in FES: 8
** Event #953600   t=3678.432294578873   Elapsed: 3678.38s (1h 01m)  58% completed  (58% total)
     Speed:     ev/sec=522.75   simsec/sec=1   ev/simsec=522.75
     Messages:  created: 119172   present: 10   in FES: 6
** Event #954624   t=3680.673816819067   Elapsed: 3680.62s (1h 01m)  58% completed  (58% total)
     Speed:     ev/sec=456.831   simsec/sec=0.999997   ev/simsec=456.832
     Messages:  created: 119300   present: 9   in FES: 5
** Event #955392   t=3683.10765379372   Elapsed: 3683.05s (1h 01m)  58% completed  (58% total)
     Speed:     ev/sec=315.552   simsec/sec=1   ev/simsec=315.551
     Messages:  created: 119397   present: 11   in FES: 6
** Event #956928   t=3685.350503379469   Elapsed: 3685.3s (1h 01m)  58% completed  (58% total)
     Speed:     ev/sec=684.845   simsec/sec=1   ev/simsec=684.843
     Messages:  created: 119611   present: 70   in FES: 8
** Event #958464   t=3687.545834661773   Elapsed: 3687.49s (1h 01m)  58% completed  (58% total)
     Speed:     ev/sec=699.666   simsec/sec=1   ev/simsec=699.667
     Messages:  created: 119798   present: 56   in FES: 7
** Event #960000   t=3689.87981521365   Elapsed: 3689.83s (1h 01m)  58% completed  (58% total)
     Speed:     ev/sec=658.103   simsec/sec=1   ev/simsec=658.103
     Messages:  created: 119987   present: 49   in FES: 8
** Event #961536   t=3692.240300428366   Elapsed: 3692.19s (1h 01m)  58% completed  (58% total)
     Speed:     ev/sec=650.714   simsec/sec=1   ev/simsec=650.714
     Messages:  created: 120173   present: 32   in FES: 8
** Event #962816   t=3694.425781862981   Elapsed: 3694.37s (1h 01m)  58% completed  (58% total)
     Speed:     ev/sec=585.683   simsec/sec=1   ev/simsec=585.683
     Messages:  created: 120324   present: 9   in FES: 5
** Event #963840   t=3696.716881141511   Elapsed: 3696.66s (1h 01m)  58% completed  (58% total)
     Speed:     ev/sec=446.844   simsec/sec=0.99977   ev/simsec=446.947
     Messages:  created: 120453   present: 12   in FES: 6
** Event #964608   t=3698.788085328775   Elapsed: 3698.73s (1h 01m)  58% completed  (58% total)
     Speed:     ev/sec=370.893   simsec/sec=1.00025   ev/simsec=370.799
     Messages:  created: 120548   present: 9   in FES: 5
** Event #965376   t=3701.141884626524   Elapsed: 3701.1s (1h 01m)  58% completed  (58% total)
     Speed:     ev/sec=324.977   simsec/sec=0.996002   ev/simsec=326.281
     Messages:  created: 120645   present: 12   in FES: 7
** Event #966144   t=3703.528553843068   Elapsed: 3703.47s (1h 01m)  58% completed  (58% total)
     Speed:     ev/sec=323.066   simsec/sec=1.00397   ev/simsec=321.787
     Messages:  created: 120742   present: 14   in FES: 8
** Event #967168   t=3705.640665159487   Elapsed: 3705.59s (1h 01m)  58% completed  (58% total)
     Speed:     ev/sec=484.664   simsec/sec=0.999672   ev/simsec=484.823
     Messages:  created: 120875   present: 28   in FES: 7
** Event #968704   t=3708.17220933322   Elapsed: 3708.12s (1h 01m)  58% completed  (58% total)
     Speed:     ev/sec=606.91   simsec/sec=1.00027   ev/simsec=606.744
     Messages:  created: 121062   present: 15   in FES: 7
** Event #969728   t=3710.445668333562   Elapsed: 3710.39s (1h 01m)  58% completed  (58% total)
     Speed:     ev/sec=450.415   simsec/sec=1   ev/simsec=450.415
     Messages:  created: 121190   present: 14   in FES: 8
** Event #970496   t=3712.602279141612   Elapsed: 3712.55s (1h 01m)  58% completed  (58% total)
     Speed:     ev/sec=356.114   simsec/sec=1   ev/simsec=356.114
     Messages:  created: 121284   present: 9   in FES: 5
** Event #972032   t=3715.164750011741   Elapsed: 3715.12s (1h 01m)  58% completed  (58% total)
     Speed:     ev/sec=596.284   simsec/sec=0.994767   ev/simsec=599.421
     Messages:  created: 121480   present: 20   in FES: 6
** Event #973312   t=3717.7030926702   Elapsed: 3717.65s (1h 01m)  59% completed  (59% total)
     Speed:     ev/sec=506.959   simsec/sec=1.00534   ev/simsec=504.266
     Messages:  created: 121636   present: 9   in FES: 5
** Event #974592   t=3720.134731617443   Elapsed: 3720.08s (1h 02m)  59% completed  (59% total)
     Speed:     ev/sec=526.393   simsec/sec=0.999999   ev/simsec=526.394
     Messages:  created: 121797   present: 12   in FES: 8
** Event #975872   t=3722.417744581924   Elapsed: 3722.37s (1h 02m)  59% completed  (59% total)
     Speed:     ev/sec=559.758   simsec/sec=0.998386   ev/simsec=560.663
     Messages:  created: 121962   present: 27   in FES: 7
** Event #976896   t=3724.807151691293   Elapsed: 3724.75s (1h 02m)  59% completed  (59% total)
     Speed:     ev/sec=428.978   simsec/sec=1.00098   ev/simsec=428.558
     Messages:  created: 122084   present: 11   in FES: 6
** Event #977664   t=3726.821072622774   Elapsed: 3726.77s (1h 02m)  59% completed  (59% total)
     Speed:     ev/sec=381.603   simsec/sec=1.00067   ev/simsec=381.346
     Messages:  created: 122182   present: 15   in FES: 7
** Event #978688   t=3728.938475245852   Elapsed: 3728.88s (1h 02m)  59% completed  (59% total)
     Speed:     ev/sec=483.611   simsec/sec=1   ev/simsec=483.611
     Messages:  created: 122308   present: 10   in FES: 6
** Event #979712   t=3731.278397636926   Elapsed: 3731.23s (1h 02m)  59% completed  (59% total)
     Speed:     ev/sec=437.013   simsec/sec=0.998609   ev/simsec=437.621
     Messages:  created: 122436   present: 11   in FES: 6
** Event #980992   t=3733.708605147741   Elapsed: 3733.66s (1h 02m)  59% completed  (59% total)
     Speed:     ev/sec=525.35   simsec/sec=0.997428   ev/simsec=526.704
     Messages:  created: 122596   present: 11   in FES: 7
** Event #981504   t=3735.896505143436   Elapsed: 3735.84s (1h 02m)  59% completed  (59% total)
     Speed:     ev/sec=235.037   simsec/sec=1.00437   ev/simsec=234.014
     Messages:  created: 122659   present: 9   in FES: 5
** Event #982528   t=3737.978743908959   Elapsed: 3737.92s (1h 02m)  59% completed  (59% total)
     Speed:     ev/sec=491.779   simsec/sec=1   ev/simsec=491.778
     Messages:  created: 122790   present: 15   in FES: 8
** Event #983296   t=3740.026777896538   Elapsed: 3739.97s (1h 02m)  59% completed  (59% total)
     Speed:     ev/sec=374.993   simsec/sec=0.999999   ev/simsec=374.994
     Messages:  created: 122884   present: 10   in FES: 6
** Event #984320   t=3742.540387596386   Elapsed: 3742.5s (1h 02m)  59% completed  (59% total)
     Speed:     ev/sec=404.638   simsec/sec=0.993264   ev/simsec=407.382
     Messages:  created: 123012   present: 11   in FES: 6
** Event #985344   t=3745.458637120274   Elapsed: 3745.4s (1h 02m)  59% completed  (59% total)
     Speed:     ev/sec=352.957   simsec/sec=1.00588   ev/simsec=350.895
     Messages:  created: 123139   present: 9   in FES: 5
** Event #985856   t=3747.642604201636   Elapsed: 3747.59s (1h 02m)  59% completed  (59% total)
     Speed:     ev/sec=234.22   simsec/sec=0.99908   ev/simsec=234.436
     Messages:  created: 123207   present: 19   in FES: 7
** Event #986880   t=3750.058857790315   Elapsed: 3750.01s (1h 02m)  59% completed  (59% total)
     Speed:     ev/sec=422.417   simsec/sec=0.996745   ev/simsec=423.797
     Messages:  created: 123332   present: 11   in FES: 6
** Event #988160   t=3752.591700809046   Elapsed: 3752.54s (1h 02m)  59% completed  (59% total)
     Speed:     ev/sec=507.26   simsec/sec=1.00376   ev/simsec=505.361
     Messages:  created: 123492   present: 11   in FES: 6
** Event #989184   t=3755.136413956351   Elapsed: 3755.08s (1h 02m)  59% completed  (59% total)
     Speed:     ev/sec=402.469   simsec/sec=1.00017   ev/simsec=402.403
     Messages:  created: 123620   present: 10   in FES: 6
** Event #990208   t=3757.882715439086   Elapsed: 3757.83s (1h 02m)  59% completed  (59% total)
     Speed:     ev/sec=372.865   simsec/sec=1   ev/simsec=372.865
     Messages:  created: 123747   present: 9   in FES: 5
** Event #991232   t=3759.980321587071   Elapsed: 3759.93s (1h 02m)  59% completed  (59% total)
     Speed:     ev/sec=488.175   simsec/sec=1   ev/simsec=488.176
     Messages:  created: 123878   present: 16   in FES: 7
** Event #992512   t=3762.340489948028   Elapsed: 3762.29s (1h 02m)  59% completed  (59% total)
     Speed:     ev/sec=542.334   simsec/sec=1   ev/simsec=542.334
     Messages:  created: 124038   present: 16   in FES: 8
** Event #993280   t=3764.637490939441   Elapsed: 3764.6s (1h 02m)  59% completed  (59% total)
     Speed:     ev/sec=332.38   simsec/sec=0.994112   ev/simsec=334.349
     Messages:  created: 124132   present: 11   in FES: 6
** Event #993792   t=3767.332297417001   Elapsed: 3767.28s (1h 02m)  59% completed  (59% total)
     Speed:     ev/sec=190.756   simsec/sec=1.004   ev/simsec=189.995
     Messages:  created: 124196   present: 11   in FES: 7
** Event #994816   t=3769.97506948999   Elapsed: 3769.92s (1h 02m)  59% completed  (59% total)
     Speed:     ev/sec=387.891   simsec/sec=1.00108   ev/simsec=387.472
     Messages:  created: 124326   present: 15   in FES: 8
** Event #995840   t=3772.769777931484   Elapsed: 3772.72s (1h 02m)  59% completed  (59% total)
     Speed:     ev/sec=366.407   simsec/sec=1   ev/simsec=366.407
     Messages:  created: 124453   present: 13   in FES: 7
** Event #997120   t=3775.024152335689   Elapsed: 3774.97s (1h 02m)  59% completed  (59% total)
     Speed:     ev/sec=567.785   simsec/sec=1   ev/simsec=567.785
     Messages:  created: 124611   present: 9   in FES: 5
** Event #998144   t=3777.187987268113   Elapsed: 3777.13s (1h 02m)  59% completed  (59% total)
     Speed:     ev/sec=473.234   simsec/sec=1   ev/simsec=473.234
     Messages:  created: 124743   present: 18   in FES: 8
** Event #999424   t=3779.697870068105   Elapsed: 3779.64s (1h 02m)  59% completed  (59% total)
     Speed:     ev/sec=509.824   simsec/sec=0.999686   ev/simsec=509.984
     Messages:  created: 124900   present: 11   in FES: 7
** Event #1000448   t=3782.313860590025   Elapsed: 3782.26s (1h 03m)  60% completed  (60% total)
     Speed:     ev/sec=391.557   simsec/sec=1.0003   ev/simsec=391.439
     Messages:  created: 125028   present: 12   in FES: 8
** Event #1001728   t=3784.599472691248   Elapsed: 3784.54s (1h 03m)  60% completed  (60% total)
     Speed:     ev/sec=560.025   simsec/sec=1   ev/simsec=560.025
     Messages:  created: 125191   present: 20   in FES: 7
** Event #1002752   t=3786.7637862134   Elapsed: 3786.71s (1h 03m)  60% completed  (60% total)
     Speed:     ev/sec=473.129   simsec/sec=1   ev/simsec=473.129
     Messages:  created: 125319   present: 21   in FES: 8
** Event #1003776   t=3788.774850836561   Elapsed: 3788.72s (1h 03m)  60% completed  (60% total)
     Speed:     ev/sec=509.183   simsec/sec=1   ev/simsec=509.183
     Messages:  created: 125445   present: 14   in FES: 8
** Event #1005056   t=3791.36903464532   Elapsed: 3791.32s (1h 03m)  60% completed  (60% total)
     Speed:     ev/sec=493.144   simsec/sec=0.999457   ev/simsec=493.411
     Messages:  created: 125603   present: 10   in FES: 6
** Event #1006080   t=3793.449549107421   Elapsed: 3793.4s (1h 03m)  60% completed  (60% total)
     Speed:     ev/sec=490.766   simsec/sec=0.997114   ev/simsec=492.186
     Messages:  created: 125740   present: 34   in FES: 7
** Event #1007872   t=3795.757911103936   Elapsed: 3795.7s (1h 03m)  60% completed  (60% total)
     Speed:     ev/sec=778.813   simsec/sec=1.00323   ev/simsec=776.308
     Messages:  created: 125985   present: 89   in FES: 8
** Event #1009408   t=3797.878737011556   Elapsed: 3797.82s (1h 03m)  60% completed  (60% total)
     Speed:     ev/sec=724.246   simsec/sec=1   ev/simsec=724.246
     Messages:  created: 126182   present: 102   in FES: 8
** Event #1010688   t=3800.15599475021   Elapsed: 3800.1s (1h 03m)  60% completed  (60% total)
     Speed:     ev/sec=562.079   simsec/sec=1   ev/simsec=562.08
     Messages:  created: 126312   present: 23   in FES: 8
** Event #1011968   t=3802.473965607529   Elapsed: 3802.42s (1h 03m)  60% completed  (60% total)
     Speed:     ev/sec=552.207   simsec/sec=1   ev/simsec=552.207
     Messages:  created: 126470   present: 17   in FES: 7
** Event #1012992   t=3804.745486912656   Elapsed: 3804.69s (1h 03m)  60% completed  (60% total)
     Speed:     ev/sec=450.227   simsec/sec=0.99873   ev/simsec=450.799
     Messages:  created: 126598   present: 18   in FES: 7
** Event #1014272   t=3807.22703439932   Elapsed: 3807.19s (1h 03m)  60% completed  (60% total)
     Speed:     ev/sec=512.984   simsec/sec=0.994527   ev/simsec=515.807
     Messages:  created: 126755   present: 10   in FES: 5
** Event #1015552   t=3809.858517770559   Elapsed: 3809.81s (1h 03m)  60% completed  (60% total)
     Speed:     ev/sec=489.029   simsec/sec=1.00537   ev/simsec=486.418
     Messages:  created: 126915   present: 10   in FES: 6
** Event #1016576   t=3811.975445889866   Elapsed: 3811.92s (1h 03m)  60% completed  (60% total)
     Speed:     ev/sec=484.29   simsec/sec=1.00118   ev/simsec=483.72
     Messages:  created: 127044   present: 12   in FES: 8
** Event #1017856   t=3814.356740900757   Elapsed: 3814.3s (1h 03m)  60% completed  (60% total)
     Speed:     ev/sec=537.522   simsec/sec=1   ev/simsec=537.523
     Messages:  created: 127204   present: 12   in FES: 8
** Event #1019136   t=3816.890141246927   Elapsed: 3816.84s (1h 03m)  60% completed  (60% total)
     Speed:     ev/sec=503.99   simsec/sec=0.997507   ev/simsec=505.25
     Messages:  created: 127363   present: 10   in FES: 6
** Event #1020416   t=3819.257771149628   Elapsed: 3819.2s (1h 03m)  60% completed  (60% total)
     Speed:     ev/sec=542.075   simsec/sec=1.00268   ev/simsec=540.625
     Messages:  created: 127531   present: 30   in FES: 8
** Event #1021184   t=3821.26625030518   Elapsed: 3821.21s (1h 03m)  60% completed  (60% total)
     Speed:     ev/sec=381.856   simsec/sec=0.998633   ev/simsec=382.379
     Messages:  created: 127619   present: 10   in FES: 5
** Event #1022464   t=3823.62573271927   Elapsed: 3823.57s (1h 03m)  60% completed  (60% total)
     Speed:     ev/sec=543.125   simsec/sec=1.00117   ev/simsec=542.492
     Messages:  created: 127781   present: 16   in FES: 8
** Event #1023488   t=3825.754059281257   Elapsed: 3825.7s (1h 03m)  60% completed  (60% total)
     Speed:     ev/sec=481.129   simsec/sec=0.999999   ev/simsec=481.129
     Messages:  created: 127908   present: 12   in FES: 7
** Event #1024512   t=3827.787453046296   Elapsed: 3827.73s (1h 03m)  60% completed  (60% total)
     Speed:     ev/sec=503.293   simsec/sec=0.999408   ev/simsec=503.592
     Messages:  created: 128035   present: 10   in FES: 5
** Event #1025536   t=3829.889866300966   Elapsed: 3829.84s (1h 03m)  60% completed  (60% total)
     Speed:     ev/sec=487.339   simsec/sec=1.00057   ev/simsec=487.059
     Messages:  created: 128165   present: 15   in FES: 8
** Event #1026816   t=3832.236279464164   Elapsed: 3832.18s (1h 03m)  60% completed  (60% total)
     Speed:     ev/sec=545.514   simsec/sec=1   ev/simsec=545.513
     Messages:  created: 128327   present: 21   in FES: 8
** Event #1028096   t=3834.72163165762   Elapsed: 3834.67s (1h 03m)  60% completed  (60% total)
     Speed:     ev/sec=515.018   simsec/sec=1   ev/simsec=515.018
     Messages:  created: 128486   present: 17   in FES: 8
** Event #1028864   t=3837.073044764534   Elapsed: 3837.03s (1h 03m)  60% completed  (60% total)
     Speed:     ev/sec=325.06   simsec/sec=0.995248   ev/simsec=326.612
     Messages:  created: 128579   present: 10   in FES: 6
** Event #1030144   t=3839.322623676876   Elapsed: 3839.27s (1h 03m)  60% completed  (60% total)
     Speed:     ev/sec=571.85   simsec/sec=1.00502   ev/simsec=568.995
     Messages:  created: 128742   present: 17   in FES: 7
** Event #1031424   t=3842.138727075271   Elapsed: 3842.09s (1h 04m)  60% completed  (60% total)
     Speed:     ev/sec=453.84   simsec/sec=0.998485   ev/simsec=454.529
     Messages:  created: 128898   present: 9   in FES: 5
** Event #1032448   t=3844.647684287102   Elapsed: 3844.59s (1h 04m)  61% completed  (61% total)
     Speed:     ev/sec=408.834   simsec/sec=1.00171   ev/simsec=408.138
     Messages:  created: 129028   present: 13   in FES: 8
** Event #1033728   t=3847.243567794084   Elapsed: 3847.19s (1h 04m)  61% completed  (61% total)
     Speed:     ev/sec=493.088   simsec/sec=0.999999   ev/simsec=493.088
     Messages:  created: 129187   present: 12   in FES: 7
** Event #1034752   t=3849.946009473805   Elapsed: 3849.9s (1h 04m)  61% completed  (61% total)
     Speed:     ev/sec=377.914   simsec/sec=0.997354   ev/simsec=378.917
     Messages:  created: 129314   present: 9   in FES: 5
** Event #1035776   t=3852.315575528158   Elapsed: 3852.26s (1h 04m)  61% completed  (61% total)
     Speed:     ev/sec=433.458   simsec/sec=1.00303   ev/simsec=432.147
     Messages:  created: 129443   present: 11   in FES: 7
** Event #1036288   t=3854.356171510039   Elapsed: 3854.3s (1h 04m)  61% completed  (61% total)
     Speed:     ev/sec=250.543   simsec/sec=0.998549   ev/simsec=250.907
     Messages:  created: 129506   present: 9   in FES: 5
** Event #1037056   t=3856.397891361419   Elapsed: 3856.35s (1h 04m)  61% completed  (61% total)
     Speed:     ev/sec=375.71   simsec/sec=0.998822   ev/simsec=376.153
     Messages:  created: 129605   present: 17   in FES: 7
** Event #1038336   t=3858.741232676868   Elapsed: 3858.69s (1h 04m)  61% completed  (61% total)
     Speed:     ev/sec=547.484   simsec/sec=1.0023   ev/simsec=546.229
     Messages:  created: 129766   present: 19   in FES: 8
** Event #1039872   t=3861.167229433117   Elapsed: 3861.11s (1h 04m)  61% completed  (61% total)
     Speed:     ev/sec=632.84   simsec/sec=0.999523   ev/simsec=633.142
     Messages:  created: 129954   present: 9   in FES: 5
** Event #1041408   t=3863.576332801521   Elapsed: 3863.55s (1h 04m)  61% completed  (61% total)
     Speed:     ev/sec=630.355   simsec/sec=0.988666   ev/simsec=637.582
     Messages:  created: 130146   present: 9   in FES: 5
** Event #1042432   t=3865.9837507541   Elapsed: 3865.93s (1h 04m)  61% completed  (61% total)
     Speed:     ev/sec=430.498   simsec/sec=1.0121   ev/simsec=425.352
     Messages:  created: 130275   present: 12   in FES: 8
** Event #1043712   t=3868.014610006027   Elapsed: 3867.96s (1h 04m)  61% completed  (61% total)
     Speed:     ev/sec=629.152   simsec/sec=0.998217   ev/simsec=630.275
     Messages:  created: 130443   present: 33   in FES: 7
** Event #1044992   t=3870.020605728455   Elapsed: 3869.97s (1h 04m)  61% completed  (61% total)
     Speed:     ev/sec=639.242   simsec/sec=1.00181   ev/simsec=638.087
     Messages:  created: 130602   present: 29   in FES: 8
** Event #1046272   t=3872.127219503386   Elapsed: 3872.07s (1h 04m)  61% completed  (61% total)
     Speed:     ev/sec=607.611   simsec/sec=1   ev/simsec=607.61
     Messages:  created: 130757   present: 16   in FES: 8
** Event #1047808   t=3874.293879954136   Elapsed: 3874.24s (1h 04m)  61% completed  (61% total)
     Speed:     ev/sec=708.924   simsec/sec=0.999999   ev/simsec=708.925
     Messages:  created: 130966   present: 63   in FES: 8
** Event #1049088   t=3877.013778625949   Elapsed: 3876.96s (1h 04m)  61% completed  (61% total)
     Speed:     ev/sec=470.439   simsec/sec=0.999646   ev/simsec=470.606
     Messages:  created: 131106   present: 9   in FES: 5
** Event #1049856   t=3879.12918019527   Elapsed: 3879.07s (1h 04m)  61% completed  (61% total)
     Speed:     ev/sec=363.217   simsec/sec=1.00046   ev/simsec=363.052
     Messages:  created: 131203   present: 11   in FES: 7
** Event #1051136   t=3881.418413662454   Elapsed: 3881.36s (1h 04m)  61% completed  (61% total)
     Speed:     ev/sec=559.139   simsec/sec=1   ev/simsec=559.139
     Messages:  created: 131364   present: 13   in FES: 8
** Event #1051904   t=3883.536183076879   Elapsed: 3883.48s (1h 04m)  61% completed  (61% total)
     Speed:     ev/sec=362.645   simsec/sec=0.999998   ev/simsec=362.646
     Messages:  created: 131460   present: 13   in FES: 8
** Event #1052928   t=3885.894230737663   Elapsed: 3885.85s (1h 04m)  61% completed  (61% total)
     Speed:     ev/sec=432.619   simsec/sec=0.996228   ev/simsec=434.258
     Messages:  created: 131586   present: 9   in FES: 5
** Event #1053696   t=3888.461954918372   Elapsed: 3888.41s (1h 04m)  61% completed  (61% total)
     Speed:     ev/sec=299.278   simsec/sec=1.0006   ev/simsec=299.098
     Messages:  created: 131682   present: 9   in FES: 5
** Event #1054464   t=3890.951720850367   Elapsed: 3890.9s (1h 04m)  61% completed  (61% total)
     Speed:     ev/sec=309.381   simsec/sec=1.00298   ev/simsec=308.463
     Messages:  created: 131780   present: 14   in FES: 8
** Event #1055488   t=3893.569043475869   Elapsed: 3893.51s (1h 04m)  61% completed  (61% total)
     Speed:     ev/sec=391.24   simsec/sec=1   ev/simsec=391.24
     Messages:  created: 131907   present: 11   in FES: 7
** Event #1056512   t=3895.940940928435   Elapsed: 3895.89s (1h 04m)  61% completed  (61% total)
     Speed:     ev/sec=431.722   simsec/sec=0.999999   ev/simsec=431.722
     Messages:  created: 132035   present: 11   in FES: 7
** Event #1057536   t=3898.083645557345   Elapsed: 3898.03s (1h 04m)  61% completed  (61% total)
     Speed:     ev/sec=477.481   simsec/sec=0.999122   ev/simsec=477.901
     Messages:  created: 132162   present: 9   in FES: 5
** Event #1058304   t=3900.367935613244   Elapsed: 3900.32s (1h 05m)  61% completed  (61% total)
     Speed:     ev/sec=335.537   simsec/sec=0.997999   ev/simsec=336.209
     Messages:  created: 132258   present: 10   in FES: 6
** Event #1059328   t=3902.780249747868   Elapsed: 3902.73s (1h 05m)  61% completed  (61% total)
     Speed:     ev/sec=425.629   simsec/sec=1.00269   ev/simsec=424.489
     Messages:  created: 132387   present: 12   in FES: 7
** Event #1060096   t=3905.498466524389   Elapsed: 3905.44s (1h 05m)  61% completed  (61% total)
     Speed:     ev/sec=282.538   simsec/sec=1   ev/simsec=282.538
     Messages:  created: 132482   present: 10   in FES: 6
** Event #1061120   t=3907.866337060433   Elapsed: 3907.82s (1h 05m)  62% completed  (62% total)
     Speed:     ev/sec=431.304   simsec/sec=0.997337   ev/simsec=432.456
     Messages:  created: 132612   present: 16   in FES: 7
** Event #1062144   t=3919.650218279022   Elapsed: 3919.6s (1h 05m)  62% completed  (62% total)
     Speed:     ev/sec=86.9158   simsec/sec=1.0002   ev/simsec=86.8984
     Messages:  created: 132743   present: 24   in FES: 7
** Event #1063168   t=3922.31334696223   Elapsed: 3922.26s (1h 05m)  62% completed  (62% total)
     Speed:     ev/sec=385.083   simsec/sec=1.00149   ev/simsec=384.51
     Messages:  created: 132867   present: 14   in FES: 8
** Event #1063936   t=3924.425334252912   Elapsed: 3924.4s (1h 05m)  62% completed  (62% total)
     Speed:     ev/sec=358.115   simsec/sec=0.984809   ev/simsec=363.639
     Messages:  created: 132961   present: 8   in FES: 4
** Event #1064960   t=3926.897520462543   Elapsed: 3926.84s (1h 05m)  62% completed  (62% total)
     Speed:     ev/sec=419.454   simsec/sec=1.01266   ev/simsec=414.208
     Messages:  created: 133092   present: 16   in FES: 7
** Event #1066240   t=3929.189365529627   Elapsed: 3929.13s (1h 05m)  62% completed  (62% total)
     Speed:     ev/sec=558.907   simsec/sec=1.00072   ev/simsec=558.502
     Messages:  created: 133251   present: 14   in FES: 8
** Event #1067264   t=3931.229398126267   Elapsed: 3931.17s (1h 05m)  62% completed  (62% total)
     Speed:     ev/sec=501.953   simsec/sec=1   ev/simsec=501.953
     Messages:  created: 133379   present: 13   in FES: 8
** Event #1068544   t=3933.347524857387   Elapsed: 3933.29s (1h 05m)  62% completed  (62% total)
     Speed:     ev/sec=604.308   simsec/sec=1   ev/simsec=604.308
     Messages:  created: 133549   present: 39   in FES: 8
** Event #1069568   t=3935.83395412455   Elapsed: 3935.78s (1h 05m)  62% completed  (62% total)
     Speed:     ev/sec=411.835   simsec/sec=1   ev/simsec=411.836
     Messages:  created: 133667   present: 12   in FES: 8
** Event #1070848   t=3938.008898754573   Elapsed: 3937.96s (1h 05m)  62% completed  (62% total)
     Speed:     ev/sec=587.863   simsec/sec=0.998882   ev/simsec=588.521
     Messages:  created: 133831   present: 24   in FES: 7
** Event #1071872   t=3940.199922357242   Elapsed: 3940.15s (1h 05m)  62% completed  (62% total)
     Speed:     ev/sec=467.881   simsec/sec=1.00111   ev/simsec=467.361
     Messages:  created: 133955   present: 13   in FES: 8
** Event #1073152   t=3942.725829820025   Elapsed: 3942.67s (1h 05m)  62% completed  (62% total)
     Speed:     ev/sec=506.749   simsec/sec=1   ev/simsec=506.749
     Messages:  created: 134115   present: 12   in FES: 8
** Event #1074432   t=3945.008587090719   Elapsed: 3944.95s (1h 05m)  62% completed  (62% total)
     Speed:     ev/sec=560.725   simsec/sec=1   ev/simsec=560.725
     Messages:  created: 134284   present: 37   in FES: 8
** Event #1075712   t=3947.142235979525   Elapsed: 3947.09s (1h 05m)  62% completed  (62% total)
     Speed:     ev/sec=599.912   simsec/sec=1   ev/simsec=599.911
     Messages:  created: 134437   present: 18   in FES: 8
** Event #1076480   t=3949.475505453206   Elapsed: 3949.42s (1h 05m)  62% completed  (62% total)
     Speed:     ev/sec=329.152   simsec/sec=1   ev/simsec=329.152
     Messages:  created: 134531   present: 12   in FES: 8
** Event #1077504   t=3951.867185338008   Elapsed: 3951.81s (1h 05m)  62% completed  (62% total)
     Speed:     ev/sec=428.151   simsec/sec=1   ev/simsec=428.151
     Messages:  created: 134658   present: 11   in FES: 6
** Event #1078528   t=3953.895603717047   Elapsed: 3953.84s (1h 05m)  62% completed  (62% total)
     Speed:     ev/sec=504.826   simsec/sec=0.999998   ev/simsec=504.827
     Messages:  created: 134787   present: 13   in FES: 8
** Event #1080064   t=3956.11678584054   Elapsed: 3956.06s (1h 05m)  62% completed  (62% total)
     Speed:     ev/sec=691.524   simsec/sec=1   ev/simsec=691.524
     Messages:  created: 134986   present: 31   in FES: 8
** Event #1081344   t=3958.146484620369   Elapsed: 3958.09s (1h 05m)  62% completed  (62% total)
     Speed:     ev/sec=630.636   simsec/sec=1   ev/simsec=630.635
     Messages:  created: 135142   present: 22   in FES: 6
** Event #1082368   t=3960.150827867597   Elapsed: 3960.11s (1h 06m)  62% completed  (62% total)
     Speed:     ev/sec=506.688   simsec/sec=0.991775   ev/simsec=510.891
     Messages:  created: 135265   present: 9   in FES: 5
** Event #1083392   t=3962.224929307822   Elapsed: 3962.17s (1h 06m)  62% completed  (62% total)
     Speed:     ev/sec=497.696   simsec/sec=1.00808   ev/simsec=493.708
     Messages:  created: 135399   present: 25   in FES: 8
** Event #1084672   t=3964.651351502755   Elapsed: 3964.6s (1h 06m)  62% completed  (62% total)
     Speed:     ev/sec=527.526   simsec/sec=1   ev/simsec=527.526
     Messages:  created: 135554   present: 11   in FES: 7
** Event #1085696   t=3966.976560441582   Elapsed: 3966.92s (1h 06m)  62% completed  (62% total)
     Speed:     ev/sec=440.388   simsec/sec=0.999994   ev/simsec=440.391
     Messages:  created: 135682   present: 11   in FES: 7
** Event #1086720   t=3969.020036885328   Elapsed: 3968.98s (1h 06m)  63% completed  (63% total)
     Speed:     ev/sec=497.684   simsec/sec=0.993169   ev/simsec=501.107
     Messages:  created: 135811   present: 15   in FES: 6
** Event #1088000   t=3971.355565496108   Elapsed: 3971.3s (1h 06m)  63% completed  (63% total)
     Speed:     ev/sec=551.377   simsec/sec=1.00606   ev/simsec=548.056
     Messages:  created: 135973   present: 20   in FES: 7
** Event #1089536   t=3973.404605006758   Elapsed: 3973.35s (1h 06m)  63% completed  (63% total)
     Speed:     ev/sec=749.62   simsec/sec=1   ev/simsec=749.62
     Messages:  created: 136183   present: 68   in FES: 8
** Event #1091072   t=3975.572378999275   Elapsed: 3975.52s (1h 06m)  63% completed  (63% total)
     Speed:     ev/sec=708.281   simsec/sec=0.999605   ev/simsec=708.561
     Messages:  created: 136397   present: 127   in FES: 7
** Event #1092352   t=3977.634757323005   Elapsed: 3977.58s (1h 06m)  63% completed  (63% total)
     Speed:     ev/sec=620.907   simsec/sec=1.00043   ev/simsec=620.643
     Messages:  created: 136541   present: 85   in FES: 8
** Event #1093632   t=3979.766335160924   Elapsed: 3979.71s (1h 06m)  63% completed  (63% total)
     Speed:     ev/sec=600.489   simsec/sec=0.999991   ev/simsec=600.494
     Messages:  created: 136687   present: 46   in FES: 8
** Event #1094912   t=3982.193545500476   Elapsed: 3982.14s (1h 06m)  63% completed  (63% total)
     Speed:     ev/sec=527.354   simsec/sec=0.999999   ev/simsec=527.354
     Messages:  created: 136834   present: 11   in FES: 7
** Event #1095936   t=3984.395257302498   Elapsed: 3984.34s (1h 06m)  63% completed  (63% total)
     Speed:     ev/sec=465.092   simsec/sec=0.999999   ev/simsec=465.093
     Messages:  created: 136965   present: 20   in FES: 8
** Event #1097216   t=3986.688329270694   Elapsed: 3986.64s (1h 06m)  63% completed  (63% total)
     Speed:     ev/sec=555.482   simsec/sec=0.995125   ev/simsec=558.203
     Messages:  created: 137129   present: 31   in FES: 7
** Event #1098496   t=3988.818258752458   Elapsed: 3988.76s (1h 06m)  63% completed  (63% total)
     Speed:     ev/sec=604.147   simsec/sec=1.0053   ev/simsec=600.959
     Messages:  created: 137288   present: 27   in FES: 8
** Event #1100032   t=3990.915593918894   Elapsed: 3990.88s (1h 06m)  63% completed  (63% total)
     Speed:     ev/sec=727.277   simsec/sec=0.993062   ev/simsec=732.358
     Messages:  created: 137481   present: 31   in FES: 7
** Event #1101312   t=3993.042672073243   Elapsed: 3993s (1h 06m)  63% completed  (63% total)
     Speed:     ev/sec=603.644   simsec/sec=1.00312   ev/simsec=601.764
     Messages:  created: 137635   present: 15   in FES: 6
** Event #1102336   t=3995.217373802252   Elapsed: 3995.16s (1h 06m)  63% completed  (63% total)
     Speed:     ev/sec=472.614   simsec/sec=1.0037   ev/simsec=470.869
     Messages:  created: 137761   present: 10   in FES: 6
** Event #1103616   t=3997.494494304089   Elapsed: 3997.44s (1h 06m)  63% completed  (63% total)
     Speed:     ev/sec=562.113   simsec/sec=1   ev/simsec=562.113
     Messages:  created: 137927   present: 25   in FES: 8
** Event #1104896   t=3999.956583443549   Elapsed: 3999.9s (1h 06m)  63% completed  (63% total)
     Speed:     ev/sec=519.884   simsec/sec=1   ev/simsec=519.884
     Messages:  created: 138081   present: 10   in FES: 6
** Event #1105920   t=4002.122349050405   Elapsed: 4002.07s (1h 06m)  63% completed  (63% total)
     Speed:     ev/sec=472.812   simsec/sec=0.999999   ev/simsec=472.812
     Messages:  created: 138215   present: 25   in FES: 8
** Event #1107200   t=4004.184293285149   Elapsed: 4004.13s (1h 06m)  63% completed  (63% total)
     Speed:     ev/sec=620.774   simsec/sec=1   ev/simsec=620.773
     Messages:  created: 138376   present: 28   in FES: 7
** Event #1108480   t=4006.707226666971   Elapsed: 4006.65s (1h 06m)  63% completed  (63% total)
     Speed:     ev/sec=507.345   simsec/sec=0.999998   ev/simsec=507.346
     Messages:  created: 138529   present: 9   in FES: 5
** Event #1109504   t=4009.182067893375   Elapsed: 4009.13s (1h 06m)  63% completed  (63% total)
     Speed:     ev/sec=413.765   simsec/sec=1   ev/simsec=413.764
     Messages:  created: 138660   present: 17   in FES: 8
** Event #1110784   t=4011.515513217416   Elapsed: 4011.46s (1h 06m)  63% completed  (63% total)
     Speed:     ev/sec=548.545   simsec/sec=1   ev/simsec=548.545
     Messages:  created: 138820   present: 18   in FES: 8
** Event #1111552   t=4014.046967901997   Elapsed: 4013.99s (1h 06m)  63% completed  (63% total)
     Speed:     ev/sec=303.383   simsec/sec=1   ev/simsec=303.383
     Messages:  created: 138914   present: 13   in FES: 8
** Event #1112576   t=4016.568832055694   Elapsed: 4016.51s (1h 06m)  63% completed  (63% total)
     Speed:     ev/sec=406.048   simsec/sec=0.999998   ev/simsec=406.049
     Messages:  created: 139041   present: 9   in FES: 5
** Event #1113600   t=4019.161919383935   Elapsed: 4019.11s (1h 06m)  63% completed  (63% total)
     Speed:     ev/sec=394.896   simsec/sec=1   ev/simsec=394.896
     Messages:  created: 139169   present: 9   in FES: 5
** Event #1114624   t=4021.182314799507   Elapsed: 4021.13s (1h 07m)  63% completed  (63% total)
     Speed:     ev/sec=506.832   simsec/sec=1   ev/simsec=506.831
     Messages:  created: 139303   present: 26   in FES: 8
** Event #1115904   t=4023.962619198472   Elapsed: 4023.91s (1h 07m)  63% completed  (63% total)
     Speed:     ev/sec=460.381   simsec/sec=1   ev/simsec=460.381
     Messages:  created: 139457   present: 11   in FES: 6
** Event #1116928   t=4026.682697973297   Elapsed: 4026.63s (1h 07m)  63% completed  (63% total)
     Speed:     ev/sec=376.46   simsec/sec=1   ev/simsec=376.46
     Messages:  created: 139585   present: 10   in FES: 6
** Event #1117440   t=4029.001617031805   Elapsed: 4028.95s (1h 07m)  63% completed  (63% total)
     Speed:     ev/sec=220.793   simsec/sec=1   ev/simsec=220.793
     Messages:  created: 139648   present: 9   in FES: 5
** Event #1118464   t=4031.745882691952   Elapsed: 4031.69s (1h 07m)  63% completed  (63% total)
     Speed:     ev/sec=373.142   simsec/sec=1   ev/simsec=373.142
     Messages:  created: 139777   present: 11   in FES: 7
** Event #1119488   t=4034.344744587075   Elapsed: 4034.29s (1h 07m)  64% completed  (64% total)
     Speed:     ev/sec=394.018   simsec/sec=1   ev/simsec=394.019
     Messages:  created: 139905   present: 11   in FES: 7
** Event #1120256   t=4036.416382537404   Elapsed: 4036.36s (1h 07m)  64% completed  (64% total)
     Speed:     ev/sec=370.721   simsec/sec=1   ev/simsec=370.721
     Messages:  created: 140001   present: 10   in FES: 6
** Event #1121280   t=4038.753770260864   Elapsed: 4038.7s (1h 07m)  64% completed  (64% total)
     Speed:     ev/sec=438.096   simsec/sec=1   ev/simsec=438.096
     Messages:  created: 140131   present: 17   in FES: 8
** Event #1122304   t=4040.929595754209   Elapsed: 4040.87s (1h 07m)  64% completed  (64% total)
     Speed:     ev/sec=470.625   simsec/sec=0.999998   ev/simsec=470.626
     Messages:  created: 140266   present: 35   in FES: 8
** Event #1123840   t=4043.265551407769   Elapsed: 4043.21s (1h 07m)  64% completed  (64% total)
     Speed:     ev/sec=657.547   simsec/sec=1   ev/simsec=657.547
     Messages:  created: 140461   present: 44   in FES: 8
** Event #1125120   t=4045.304841312546   Elapsed: 4045.25s (1h 07m)  64% completed  (64% total)
     Speed:     ev/sec=627.669   simsec/sec=0.999999   ev/simsec=627.669
     Messages:  created: 140615   present: 27   in FES: 8
** Event #1126656   t=4047.533380785355   Elapsed: 4047.48s (1h 07m)  64% completed  (64% total)
     Speed:     ev/sec=689.242   simsec/sec=1   ev/simsec=689.241
     Messages:  created: 140810   present: 35   in FES: 8
** Event #1127680   t=4049.826788591428   Elapsed: 4049.77s (1h 07m)  64% completed  (64% total)
     Speed:     ev/sec=446.497   simsec/sec=0.999999   ev/simsec=446.497
     Messages:  created: 140929   present: 11   in FES: 6
** Event #1128448   t=4052.197486585777   Elapsed: 4052.14s (1h 07m)  64% completed  (64% total)
     Speed:     ev/sec=323.955   simsec/sec=0.999999   ev/simsec=323.955
     Messages:  created: 141026   present: 13   in FES: 7
** Event #1129472   t=4054.545766028757   Elapsed: 4054.49s (1h 07m)  64% completed  (64% total)
     Speed:     ev/sec=436.064   simsec/sec=1   ev/simsec=436.064
     Messages:  created: 141155   present: 16   in FES: 8
** Event #1130496   t=4056.680209581453   Elapsed: 4056.63s (1h 07m)  64% completed  (64% total)
     Speed:     ev/sec=479.751   simsec/sec=1   ev/simsec=479.75
     Messages:  created: 141281   present: 11   in FES: 7
** Event #1131520   t=4058.894764611721   Elapsed: 4058.84s (1h 07m)  64% completed  (64% total)
     Speed:     ev/sec=462.396   simsec/sec=1   ev/simsec=462.395
     Messages:  created: 141409   present: 12   in FES: 7
** Event #1132544   t=4060.982905580021   Elapsed: 4060.93s (1h 07m)  64% completed  (64% total)
     Speed:     ev/sec=489.53   simsec/sec=0.998249   ev/simsec=490.388
     Messages:  created: 141544   present: 30   in FES: 7
** Event #1134080   t=4063.287734595913   Elapsed: 4063.23s (1h 07m)  64% completed  (64% total)
     Speed:     ev/sec=667.488   simsec/sec=1.00159   ev/simsec=666.427
     Messages:  created: 141729   present: 12   in FES: 7
** Event #1135360   t=4065.805855783607   Elapsed: 4065.75s (1h 07m)  64% completed  (64% total)
     Speed:     ev/sec=508.316   simsec/sec=1   ev/simsec=508.315
     Messages:  created: 141890   present: 13   in FES: 8
** Event #1136640   t=4068.292379467142   Elapsed: 4068.24s (1h 07m)  64% completed  (64% total)
     Speed:     ev/sec=514.775   simsec/sec=1   ev/simsec=514.775
     Messages:  created: 142051   present: 16   in FES: 7
** Event #1138176   t=4070.727710845026   Elapsed: 4070.67s (1h 07m)  64% completed  (64% total)
     Speed:     ev/sec=630.204   simsec/sec=0.999189   ev/simsec=630.715
     Messages:  created: 142245   present: 22   in FES: 6
** Event #1139200   t=4073.161399834678   Elapsed: 4073.11s (1h 07m)  64% completed  (64% total)
     Speed:     ev/sec=420.091   simsec/sec=0.998408   ev/simsec=420.76
     Messages:  created: 142370   present: 14   in FES: 7
** Event #1139968   t=4075.274871119187   Elapsed: 4075.22s (1h 07m)  64% completed  (64% total)
     Speed:     ev/sec=364.393   simsec/sec=1.00278   ev/simsec=363.383
     Messages:  created: 142464   present: 9   in FES: 5
** Event #1140992   t=4077.615750177926   Elapsed: 4077.56s (1h 07m)  64% completed  (64% total)
     Speed:     ev/sec=437.258   simsec/sec=0.999578   ev/simsec=437.443
     Messages:  created: 142594   present: 14   in FES: 6
** Event #1142016   t=4080.146174681401   Elapsed: 4080.09s (1h 08m)  64% completed  (64% total)
     Speed:     ev/sec=404.833   simsec/sec=1.00039   ev/simsec=404.675
     Messages:  created: 142720   present: 10   in FES: 6
** Event #1143040   t=4082.646928341062   Elapsed: 4082.59s (1h 08m)  64% completed  (64% total)
     Speed:     ev/sec=409.033   simsec/sec=0.998917   ev/simsec=409.477
     Messages:  created: 142849   present: 13   in FES: 7
** Event #1144064   t=4084.861302309913   Elapsed: 4084.81s (1h 08m)  64% completed  (64% total)
     Speed:     ev/sec=463.001   simsec/sec=1.00123   ev/simsec=462.433
     Messages:  created: 142981   present: 24   in FES: 8
** Event #1145088   t=4086.878445538579   Elapsed: 4086.82s (1h 08m)  64% completed  (64% total)
     Speed:     ev/sec=507.649   simsec/sec=1   ev/simsec=507.649
     Messages:  created: 143112   present: 31   in FES: 8
** Event #1146624   t=4089.088937411321   Elapsed: 4089.03s (1h 08m)  64% completed  (64% total)
     Speed:     ev/sec=694.868   simsec/sec=1   ev/simsec=694.868
     Messages:  created: 143314   present: 57   in FES: 8
** Event #1147904   t=4091.134153467424   Elapsed: 4091.08s (1h 08m)  64% completed  (64% total)
     Speed:     ev/sec=625.85   simsec/sec=1   ev/simsec=625.851
     Messages:  created: 143463   present: 28   in FES: 7
** Event #1149184   t=4093.76920207045   Elapsed: 4093.71s (1h 08m)  64% completed  (64% total)
     Speed:     ev/sec=485.76   simsec/sec=1   ev/simsec=485.76
     Messages:  created: 143616   present: 11   in FES: 6
** Event #1150208   t=4095.866153523277   Elapsed: 4095.81s (1h 08m)  65% completed  (65% total)
     Speed:     ev/sec=488.328   simsec/sec=1   ev/simsec=488.328
     Messages:  created: 143746   present: 15   in FES: 8
** Event #1151488   t=4098.375439845091   Elapsed: 4098.32s (1h 08m)  65% completed  (65% total)
     Speed:     ev/sec=510.106   simsec/sec=1   ev/simsec=510.105
     Messages:  created: 143904   present: 10   in FES: 6
** Event #1152512   t=4100.520606462183   Elapsed: 4100.47s (1h 08m)  65% completed  (65% total)
     Speed:     ev/sec=475.985   simsec/sec=0.997136   ev/simsec=477.352
     Messages:  created: 144033   present: 13   in FES: 7
** Event #1153792   t=4102.582601938368   Elapsed: 4102.53s (1h 08m)  65% completed  (65% total)
     Speed:     ev/sec=622.617   simsec/sec=1.00299   ev/simsec=620.758
     Messages:  created: 144210   present: 58   in FES: 8
** Event #1155584   t=4104.815395142889   Elapsed: 4104.76s (1h 08m)  65% completed  (65% total)
     Speed:     ev/sec=802.583   simsec/sec=1   ev/simsec=802.582
     Messages:  created: 144469   present: 152   in FES: 8
** Event #1156864   t=4106.999395795722   Elapsed: 4106.94s (1h 08m)  65% completed  (65% total)
     Speed:     ev/sec=586.08   simsec/sec=1   ev/simsec=586.08
     Messages:  created: 144618   present: 123   in FES: 8
** Event #1158400   t=4109.178386409268   Elapsed: 4109.13s (1h 08m)  65% completed  (65% total)
     Speed:     ev/sec=704.224   simsec/sec=0.999022   ev/simsec=704.914
     Messages:  created: 144802   present: 101   in FES: 7
** Event #1159936   t=4111.564852557626   Elapsed: 4111.51s (1h 08m)  65% completed  (65% total)
     Speed:     ev/sec=644.205   simsec/sec=1.00089   ev/simsec=643.629
     Messages:  created: 144996   present: 105   in FES: 8
** Event #1161472   t=4113.657141677314   Elapsed: 4113.61s (1h 08m)  65% completed  (65% total)
     Speed:     ev/sec=733.053   simsec/sec=0.998541   ev/simsec=734.124
     Messages:  created: 145183   present: 93   in FES: 7
** Event #1162752   t=4115.897504854861   Elapsed: 4115.84s (1h 08m)  65% completed  (65% total)
     Speed:     ev/sec=572.117   simsec/sec=1.00137   ev/simsec=571.336
     Messages:  created: 145323   present: 40   in FES: 7
** Event #1163776   t=4117.939650687036   Elapsed: 4117.88s (1h 08m)  65% completed  (65% total)
     Speed:     ev/sec=501.432   simsec/sec=0.999997   ev/simsec=501.433
     Messages:  created: 145440   present: 10   in FES: 6
** Event #1164544   t=4119.966071078887   Elapsed: 4119.91s (1h 08m)  65% completed  (65% total)
     Speed:     ev/sec=378.994   simsec/sec=1   ev/simsec=378.993
     Messages:  created: 145536   present: 10   in FES: 6
** Event #1165568   t=4122.328904385858   Elapsed: 4122.27s (1h 08m)  65% completed  (65% total)
     Speed:     ev/sec=433.342   simsec/sec=0.999916   ev/simsec=433.378
     Messages:  created: 145665   present: 13   in FES: 6
** Event #1166336   t=4124.329528029048   Elapsed: 4124.27s (1h 08m)  65% completed  (65% total)
     Speed:     ev/sec=383.919   simsec/sec=1.0001   ev/simsec=383.88
     Messages:  created: 145760   present: 9   in FES: 5
** Event #1167360   t=4126.396778443072   Elapsed: 4126.34s (1h 08m)  65% completed  (65% total)
     Speed:     ev/sec=494.969   simsec/sec=0.999242   ev/simsec=495.344
     Messages:  created: 145889   present: 13   in FES: 7
** Event #1168384   t=4128.600943010694   Elapsed: 4128.55s (1h 08m)  65% completed  (65% total)
     Speed:     ev/sec=464.648   simsec/sec=1.00016   ev/simsec=464.575
     Messages:  created: 146020   present: 21   in FES: 7
** Event #1169664   t=4130.855379081728   Elapsed: 4130.8s (1h 08m)  65% completed  (65% total)
     Speed:     ev/sec=568.078   simsec/sec=1.00054   ev/simsec=567.769
     Messages:  created: 146179   present: 19   in FES: 7
** Event #1170944   t=4133.380875482539   Elapsed: 4133.33s (1h 08m)  65% completed  (65% total)
     Speed:     ev/sec=506.51   simsec/sec=0.999366   ev/simsec=506.831
     Messages:  created: 146337   present: 13   in FES: 7
** Event #1172224   t=4135.640189303537   Elapsed: 4135.59s (1h 08m)  65% completed  (65% total)
     Speed:     ev/sec=566.945   simsec/sec=1.00071   ev/simsec=566.544
     Messages:  created: 146497   present: 12   in FES: 6
** Event #1173504   t=4137.87980149078   Elapsed: 4137.83s (1h 08m)  65% completed  (65% total)
     Speed:     ev/sec=571.527   simsec/sec=0.999999   ev/simsec=571.528
     Messages:  created: 146656   present: 10   in FES: 6
** Event #1174784   t=4140.082573109807   Elapsed: 4140.04s (1h 09m)  65% completed  (65% total)
     Speed:     ev/sec=577.953   simsec/sec=0.994608   ev/simsec=581.086
     Messages:  created: 146823   present: 30   in FES: 7
** Event #1175808   t=4142.432697301238   Elapsed: 4142.4s (1h 09m)  65% completed  (65% total)
     Speed:     ev/sec=434.373   simsec/sec=0.996904   ev/simsec=435.722
     Messages:  created: 146944   present: 12   in FES: 6
** Event #1177088   t=4144.667040402224   Elapsed: 4144.63s (1h 09m)  65% completed  (65% total)
     Speed:     ev/sec=573.162   simsec/sec=1.0005   ev/simsec=572.875
     Messages:  created: 147107   present: 20   in FES: 7
** Event #1178112   t=4147.042006830215   Elapsed: 4146.99s (1h 09m)  65% completed  (65% total)
     Speed:     ev/sec=434.48   simsec/sec=1.00769   ev/simsec=431.164
     Messages:  created: 147233   present: 14   in FES: 8
** Event #1179648   t=4149.34877594141   Elapsed: 4149.29s (1h 09m)  65% completed  (65% total)
     Speed:     ev/sec=665.866   simsec/sec=0.999999   ev/simsec=665.866
     Messages:  created: 147438   present: 50   in FES: 8
** Event #1180672   t=4151.500954082009   Elapsed: 4151.47s (1h 09m)  65% completed  (65% total)
     Speed:     ev/sec=470.342   simsec/sec=0.988535   ev/simsec=475.797
     Messages:  created: 147558   present: 28   in FES: 7
** Event #1181952   t=4153.859516168173   Elapsed: 4153.82s (1h 09m)  65% completed  (65% total)
     Speed:     ev/sec=545.474   simsec/sec=1.00511   ev/simsec=542.704
     Messages:  created: 147712   present: 12   in FES: 7
** Event #1183232   t=4155.888538008096   Elapsed: 4155.83s (1h 09m)  65% completed  (65% total)
     Speed:     ev/sec=634.908   simsec/sec=1.00644   ev/simsec=630.846
     Messages:  created: 147875   present: 19   in FES: 6
** Event #1184256   t=4157.942103767673   Elapsed: 4157.89s (1h 09m)  65% completed  (65% total)
     Speed:     ev/sec=498.645   simsec/sec=0.999999   ev/simsec=498.645
     Messages:  created: 148006   present: 27   in FES: 8
** Event #1185280   t=4160.145569166343   Elapsed: 4160.1s (1h 09m)  66% completed  (66% total)
     Speed:     ev/sec=463.746   simsec/sec=0.997899   ev/simsec=464.723
     Messages:  created: 148128   present: 12   in FES: 6
** Event #1186560   t=4162.556942351979   Elapsed: 4162.5s (1h 09m)  66% completed  (66% total)
     Speed:     ev/sec=531.841   simsec/sec=1.00193   ev/simsec=530.818
     Messages:  created: 148290   present: 18   in FES: 8
** Event #1188096   t=4164.613614547658   Elapsed: 4164.58s (1h 09m)  66% completed  (66% total)
     Speed:     ev/sec=740.386   simsec/sec=0.991362   ev/simsec=746.838
     Messages:  created: 148498   present: 60   in FES: 7
** Event #1189120   t=4166.679978826117   Elapsed: 4166.63s (1h 09m)  66% completed  (66% total)
     Speed:     ev/sec=499.283   simsec/sec=1.00752   ev/simsec=495.556
     Messages:  created: 148608   present: 12   in FES: 6
** Event #1190144   t=4168.747103695017   Elapsed: 4168.7s (1h 09m)  66% completed  (66% total)
     Speed:     ev/sec=493.733   simsec/sec=0.996687   ev/simsec=495.374
     Messages:  created: 148736   present: 12   in FES: 7
** Event #1191424   t=4171.189622829689   Elapsed: 4171.13s (1h 09m)  66% completed  (66% total)
     Speed:     ev/sec=526.066   simsec/sec=1.00385   ev/simsec=524.049
     Messages:  created: 148896   present: 11   in FES: 7
** Event #1192448   t=4173.486621708862   Elapsed: 4173.43s (1h 09m)  66% completed  (66% total)
     Speed:     ev/sec=445.801   simsec/sec=1.00001   ev/simsec=445.799
     Messages:  created: 149025   present: 14   in FES: 7
** Event #1193472   t=4176.106713442184   Elapsed: 4176.06s (1h 09m)  66% completed  (66% total)
     Speed:     ev/sec=390.291   simsec/sec=0.998631   ev/simsec=390.826
     Messages:  created: 149152   present: 12   in FES: 6
** Event #1194496   t=4178.610912417205   Elapsed: 4178.56s (1h 09m)  66% completed  (66% total)
     Speed:     ev/sec=409.499   simsec/sec=1.00143   ev/simsec=408.913
     Messages:  created: 149279   present: 10   in FES: 6
** Event #1195520   t=4180.624186946585   Elapsed: 4180.57s (1h 09m)  66% completed  (66% total)
     Speed:     ev/sec=508.625   simsec/sec=1   ev/simsec=508.624
     Messages:  created: 149417   present: 35   in FES: 8
** Event #1196800   t=4182.991393630011   Elapsed: 4182.94s (1h 09m)  66% completed  (66% total)
     Speed:     ev/sec=540.721   simsec/sec=0.999999   ev/simsec=540.722
     Messages:  created: 149576   present: 33   in FES: 8
** Event #1197824   t=4185.392919786915   Elapsed: 4185.34s (1h 09m)  66% completed  (66% total)
     Speed:     ev/sec=426.396   simsec/sec=1   ev/simsec=426.396
     Messages:  created: 149696   present: 11   in FES: 7
** Event #1199104   t=4187.499079264541   Elapsed: 4187.44s (1h 09m)  66% completed  (66% total)
     Speed:     ev/sec=607.741   simsec/sec=1   ev/simsec=607.741
     Messages:  created: 149859   present: 19   in FES: 8
** Event #1200128   t=4189.672904232172   Elapsed: 4189.62s (1h 09m)  66% completed  (66% total)
     Speed:     ev/sec=471.059   simsec/sec=1   ev/simsec=471.059
     Messages:  created: 149984   present: 11   in FES: 7
** Event #1201152   t=4191.673992299262   Elapsed: 4191.62s (1h 09m)  66% completed  (66% total)
     Speed:     ev/sec=510.989   simsec/sec=0.998568   ev/simsec=511.722
     Messages:  created: 150112   present: 12   in FES: 7
** Event #1201920   t=4193.684712609585   Elapsed: 4193.63s (1h 09m)  66% completed  (66% total)
     Speed:     ev/sec=382.499   simsec/sec=1.00143   ev/simsec=381.953
     Messages:  created: 150209   present: 14   in FES: 8
** Event #1203200   t=4195.768917901919   Elapsed: 4195.72s (1h 09m)  66% completed  (66% total)
     Speed:     ev/sec=612.958   simsec/sec=0.998071   ev/simsec=614.143
     Messages:  created: 150368   present: 12   in FES: 7
** Event #1204480   t=4198.012176376295   Elapsed: 4197.96s (1h 09m)  66% completed  (66% total)
     Speed:     ev/sec=571.625   simsec/sec=1.0018   ev/simsec=570.599
     Messages:  created: 150532   present: 23   in FES: 8
** Event #1205760   t=4200.055298544886   Elapsed: 4200s (1h 10m)  66% completed  (66% total)
     Speed:     ev/sec=626.491   simsec/sec=0.999999   ev/simsec=626.492
     Messages:  created: 150689   present: 15   in FES: 8
** Event #1206784   t=4202.216439604667   Elapsed: 4202.16s (1h 10m)  66% completed  (66% total)
     Speed:     ev/sec=473.558   simsec/sec=0.999438   ev/simsec=473.824
     Messages:  created: 150815   present: 11   in FES: 6
** Event #1207552   t=4204.244496772275   Elapsed: 4204.19s (1h 10m)  66% completed  (66% total)
     Speed:     ev/sec=378.915   simsec/sec=1.0006   ev/simsec=378.688
     Messages:  created: 150912   present: 14   in FES: 8
** Event #1208320   t=4206.728151708094   Elapsed: 4206.67s (1h 10m)  66% completed  (66% total)
     Speed:     ev/sec=309.222   simsec/sec=1   ev/simsec=309.222
     Messages:  created: 151008   present: 13   in FES: 7
** Event #1209088   t=4208.956769357598   Elapsed: 4208.9s (1h 10m)  66% completed  (66% total)
     Speed:     ev/sec=344.608   simsec/sec=0.999999   ev/simsec=344.608
     Messages:  created: 151102   present: 9   in FES: 5
** Event #1210112   t=4211.218667853061   Elapsed: 4211.16s (1h 10m)  66% completed  (66% total)
     Speed:     ev/sec=452.717   simsec/sec=1   ev/simsec=452.717
     Messages:  created: 151232   present: 13   in FES: 8
** Event #1210880   t=4213.439871985602   Elapsed: 4213.39s (1h 10m)  66% completed  (66% total)
     Speed:     ev/sec=345.696   simsec/sec=0.99982   ev/simsec=345.758
     Messages:  created: 151327   present: 11   in FES: 7
** Event #1211648   t=4215.516413746037   Elapsed: 4215.46s (1h 10m)  66% completed  (66% total)
     Speed:     ev/sec=369.917   simsec/sec=1.00019   ev/simsec=369.846
     Messages:  created: 151424   present: 13   in FES: 7
** Event #1212672   t=4217.698302550066   Elapsed: 4217.64s (1h 10m)  66% completed  (66% total)
     Speed:     ev/sec=469.318   simsec/sec=1   ev/simsec=469.318
     Messages:  created: 151555   present: 22   in FES: 8
** Event #1213440   t=4220.023981216684   Elapsed: 4219.97s (1h 10m)  66% completed  (66% total)
     Speed:     ev/sec=330.226   simsec/sec=0.999999   ev/simsec=330.226
     Messages:  created: 151647   present: 10   in FES: 6
** Event #1214208   t=4222.143518999811   Elapsed: 4222.09s (1h 10m)  67% completed  (67% total)
     Speed:     ev/sec=362.344   simsec/sec=1   ev/simsec=362.343
     Messages:  created: 151742   present: 9   in FES: 5
** Event #1215232   t=4224.238701139789   Elapsed: 4224.18s (1h 10m)  67% completed  (67% total)
     Speed:     ev/sec=488.739   simsec/sec=0.999998   ev/simsec=488.74
     Messages:  created: 151872   present: 13   in FES: 7
** Event #1216256   t=4226.989683232505   Elapsed: 4226.93s (1h 10m)  67% completed  (67% total)
     Speed:     ev/sec=372.234   simsec/sec=1.00001   ev/simsec=372.231
     Messages:  created: 151998   present: 9   in FES: 5
** Event #1216768   t=4229.136680030336   Elapsed: 4229.08s (1h 10m)  67% completed  (67% total)
     Speed:     ev/sec=238.47   simsec/sec=0.999991   ev/simsec=238.473
     Messages:  created: 152062   present: 9   in FES: 5
** Event #1217792   t=4231.172629660128   Elapsed: 4231.13s (1h 10m)  67% completed  (67% total)
     Speed:     ev/sec=500.169   simsec/sec=0.994452   ev/simsec=502.959
     Messages:  created: 152191   present: 11   in FES: 7
** Event #1218560   t=4233.472571044137   Elapsed: 4233.42s (1h 10m)  67% completed  (67% total)
     Speed:     ev/sec=335.579   simsec/sec=1.00496   ev/simsec=333.922
     Messages:  created: 152287   present: 10   in FES: 6
** Event #1219072   t=4235.514442887345   Elapsed: 4235.46s (1h 10m)  67% completed  (67% total)
     Speed:     ev/sec=250.751   simsec/sec=1   ev/simsec=250.75
     Messages:  created: 152350   present: 9   in FES: 5
** Event #1219840   t=4237.758681557772   Elapsed: 4237.7s (1h 10m)  67% completed  (67% total)
     Speed:     ev/sec=342.21   simsec/sec=1   ev/simsec=342.21
     Messages:  created: 152449   present: 16   in FES: 8
** Event #1221120   t=4240.082356047379   Elapsed: 4240.03s (1h 10m)  67% completed  (67% total)
     Speed:     ev/sec=550.852   simsec/sec=1   ev/simsec=550.852
     Messages:  created: 152621   present: 49   in FES: 8
** Event #1222656   t=4242.647202170271   Elapsed: 4242.6s (1h 10m)  67% completed  (67% total)
     Speed:     ev/sec=598.244   simsec/sec=0.998961   ev/simsec=598.866
     Messages:  created: 152799   present: 11   in FES: 6
** Event #1223680   t=4244.643738737149   Elapsed: 4244.61s (1h 10m)  67% completed  (67% total)
     Speed:     ev/sec=507.047   simsec/sec=0.988612   ev/simsec=512.888
     Messages:  created: 152930   present: 19   in FES: 7
** Event #1224704   t=4247.244842337648   Elapsed: 4247.19s (1h 10m)  67% completed  (67% total)
     Speed:     ev/sec=397.603   simsec/sec=1.00997   ev/simsec=393.679
     Messages:  created: 153054   present: 9   in FES: 5
** Event #1225984   t=4249.398720432432   Elapsed: 4249.35s (1h 10m)  67% completed  (67% total)
     Speed:     ev/sec=591.66   simsec/sec=0.995597   ev/simsec=594.277
     Messages:  created: 153230   present: 51   in FES: 7
** Event #1228032   t=4251.700052294683   Elapsed: 4251.65s (1h 10m)  67% completed  (67% total)
     Speed:     ev/sec=893.618   simsec/sec=1.00416   ev/simsec=889.919
     Messages:  created: 153535   present: 181   in FES: 8
** Event #1229568   t=4253.926998185438   Elapsed: 4253.87s (1h 10m)  67% completed  (67% total)
     Speed:     ev/sec=689.733   simsec/sec=0.999999   ev/simsec=689.734
     Messages:  created: 153746   present: 233   in FES: 8
** Event #1231104   t=4256.115836776872   Elapsed: 4256.06s (1h 10m)  67% completed  (67% total)
     Speed:     ev/sec=701.743   simsec/sec=1   ev/simsec=701.742
     Messages:  created: 153945   present: 249   in FES: 8
** Event #1232640   t=4258.243215312868   Elapsed: 4258.19s (1h 10m)  67% completed  (67% total)
     Speed:     ev/sec=722.015   simsec/sec=0.999999   ev/simsec=722.015
     Messages:  created: 154149   present: 275   in FES: 8
** Event #1234176   t=4260.308157109501   Elapsed: 4260.25s (1h 11m)  67% completed  (67% total)
     Speed:     ev/sec=743.587   simsec/sec=0.999651   ev/simsec=743.847
     Messages:  created: 154361   present: 323   in FES: 7
** Event #1235712   t=4262.423643073876   Elapsed: 4262.37s (1h 11m)  67% completed  (67% total)
     Speed:     ev/sec=726.321   simsec/sec=1.00034   ev/simsec=726.074
     Messages:  created: 154560   present: 336   in FES: 8
** Event #1236992   t=4264.505836247897   Elapsed: 4264.45s (1h 11m)  67% completed  (67% total)
     Speed:     ev/sec=614.735   simsec/sec=0.999998   ev/simsec=614.736
     Messages:  created: 154714   present: 324   in FES: 8
** Event #1238272   t=4267.009473172948   Elapsed: 4266.95s (1h 11m)  67% completed  (67% total)
     Speed:     ev/sec=511.257   simsec/sec=1   ev/simsec=511.256
     Messages:  created: 154827   present: 216   in FES: 8
** Event #1239808   t=4269.267975927391   Elapsed: 4269.21s (1h 11m)  67% completed  (67% total)
     Speed:     ev/sec=680.097   simsec/sec=1   ev/simsec=680.097
     Messages:  created: 155025   present: 231   in FES: 8
** Event #1241600   t=4271.70734914672   Elapsed: 4271.65s (1h 11m)  67% completed  (67% total)
     Speed:     ev/sec=734.613   simsec/sec=0.999997   ev/simsec=734.615
     Messages:  created: 155260   present: 258   in FES: 8
** Event #1242880   t=4273.734667315078   Elapsed: 4273.68s (1h 11m)  67% completed  (67% total)
     Speed:     ev/sec=631.378   simsec/sec=1   ev/simsec=631.376
     Messages:  created: 155430   present: 279   in FES: 8
** Event #1244160   t=4275.829945449623   Elapsed: 4275.78s (1h 11m)  67% completed  (67% total)
     Speed:     ev/sec=610.898   simsec/sec=1   ev/simsec=610.897
     Messages:  created: 155575   present: 242   in FES: 8
** Event #1245184   t=4278.037105367976   Elapsed: 4277.98s (1h 11m)  67% completed  (67% total)
     Speed:     ev/sec=463.944   simsec/sec=0.999999   ev/simsec=463.945
     Messages:  created: 155664   present: 143   in FES: 7
** Event #1246208   t=4280.161059454656   Elapsed: 4280.11s (1h 11m)  67% completed  (67% total)
     Speed:     ev/sec=482.119   simsec/sec=0.999999   ev/simsec=482.12
     Messages:  created: 155765   present: 71   in FES: 7
** Event #1247232   t=4282.268833409427   Elapsed: 4282.21s (1h 11m)  67% completed  (67% total)
     Speed:     ev/sec=485.821   simsec/sec=1   ev/simsec=485.821
     Messages:  created: 155884   present: 48   in FES: 8
** Event #1249024   t=4284.64623868103   Elapsed: 4284.59s (1h 11m)  68% completed  (68% total)
     Speed:     ev/sec=753.764   simsec/sec=1   ev/simsec=753.763
     Messages:  created: 156117   present: 72   in FES: 8
** Event #1250560   t=4287.080389983115   Elapsed: 4287.03s (1h 11m)  68% completed  (68% total)
     Speed:     ev/sec=631.02   simsec/sec=0.999999   ev/simsec=631.021
     Messages:  created: 156300   present: 47   in FES: 7
** Event #1252096   t=4289.086825978862   Elapsed: 4289.03s (1h 11m)  68% completed  (68% total)
     Speed:     ev/sec=765.537   simsec/sec=1   ev/simsec=765.537
     Messages:  created: 156506   present: 84   in FES: 8
** Event #1253888   t=4291.413157674555   Elapsed: 4291.36s (1h 11m)  68% completed  (68% total)
     Speed:     ev/sec=770.311   simsec/sec=0.999999   ev/simsec=770.311
     Messages:  created: 156761   present: 167   in FES: 8
** Event #1255168   t=4293.844810855853   Elapsed: 4293.79s (1h 11m)  68% completed  (68% total)
     Speed:     ev/sec=526.391   simsec/sec=1   ev/simsec=526.391
     Messages:  created: 156884   present: 69   in FES: 8
** Event #1256448   t=4296.153418972169   Elapsed: 4296.1s (1h 11m)  68% completed  (68% total)
     Speed:     ev/sec=553.219   simsec/sec=0.997785   ev/simsec=554.447
     Messages:  created: 157025   present: 18   in FES: 6
** Event #1257472   t=4298.36520403241   Elapsed: 4298.32s (1h 11m)  68% completed  (68% total)
     Speed:     ev/sec=461.074   simsec/sec=0.995894   ev/simsec=462.974
     Messages:  created: 157150   present: 10   in FES: 6
** Event #1259008   t=4300.784558055323   Elapsed: 4300.73s (1h 11m)  68% completed  (68% total)
     Speed:     ev/sec=638.64   simsec/sec=1.00592   ev/simsec=634.88
     Messages:  created: 157345   present: 17   in FES: 8
** Event #1260288   t=4303.229182861125   Elapsed: 4303.18s (1h 11m)  68% completed  (68% total)
     Speed:     ev/sec=522.611   simsec/sec=0.998115   ev/simsec=523.598
     Messages:  created: 157502   present: 10   in FES: 6
** Event #1262080   t=4305.661973047191   Elapsed: 4305.61s (1h 11m)  68% completed  (68% total)
     Speed:     ev/sec=735.992   simsec/sec=0.999171   ev/simsec=736.603
     Messages:  created: 157762   present: 106   in FES: 7
** Event #1263360   t=4308.107283178633   Elapsed: 4308.05s (1h 11m)  68% completed  (68% total)
     Speed:     ev/sec=524.875   simsec/sec=1.00272   ev/simsec=523.451
     Messages:  created: 157893   present: 28   in FES: 8
** Event #1264640   t=4310.177541043579   Elapsed: 4310.12s (1h 11m)  68% completed  (68% total)
     Speed:     ev/sec=618.28   simsec/sec=1   ev/simsec=618.28
     Messages:  created: 158050   present: 20   in FES: 8
** Event #1265408   t=4312.260084776152   Elapsed: 4312.21s (1h 11m)  68% completed  (68% total)
     Speed:     ev/sec=367.801   simsec/sec=0.997347   ev/simsec=368.78
     Messages:  created: 158142   present: 10   in FES: 6
** Event #1266432   t=4314.290911964189   Elapsed: 4314.24s (1h 11m)  68% completed  (68% total)
     Speed:     ev/sec=505.607   simsec/sec=1.00274   ev/simsec=504.228
     Messages:  created: 158272   present: 16   in FES: 8
** Event #1267712   t=4316.62681426349   Elapsed: 4316.57s (1h 11m)  68% completed  (68% total)
     Speed:     ev/sec=547.968   simsec/sec=1   ev/simsec=547.968
     Messages:  created: 158433   present: 17   in FES: 8
** Event #1268992   t=4319.322991623146   Elapsed: 4319.27s (1h 11m)  68% completed  (68% total)
     Speed:     ev/sec=474.746   simsec/sec=0.999999   ev/simsec=474.746
     Messages:  created: 158590   present: 9   in FES: 5
** Event #1269504   t=4321.331149405745   Elapsed: 4321.3s (1h 12m)  68% completed  (68% total)
     Speed:     ev/sec=251.799   simsec/sec=0.9876   ev/simsec=254.96
     Messages:  created: 158653   present: 9   in FES: 5
t=4322.531126 executing setDimmer(0.1)
** Event #1270272   t=4323.53688003546   Elapsed: 4323.48s (1h 12m)  68% completed  (68% total)
     Speed:     ev/sec=352.211   simsec/sec=1.01156   ev/simsec=348.184
     Messages:  created: 158749   present: 9   in FES: 5
** Event #1271552   t=4325.568239398004   Elapsed: 4325.51s (1h 12m)  68% completed  (68% total)
     Speed:     ev/sec=630.12   simsec/sec=1   ev/simsec=630.12
     Messages:  created: 158909   present: 9   in FES: 5
** Event #1272832   t=4327.86201878492   Elapsed: 4327.81s (1h 12m)  68% completed  (68% total)
     Speed:     ev/sec=558.031   simsec/sec=1   ev/simsec=558.031
     Messages:  created: 159069   present: 9   in FES: 5
** Event #1273856   t=4329.892651084021   Elapsed: 4329.84s (1h 12m)  68% completed  (68% total)
     Speed:     ev/sec=504.275   simsec/sec=0.999997   ev/simsec=504.276
     Messages:  created: 159197   present: 9   in FES: 5
** Event #1274880   t=4332.412516811665   Elapsed: 4332.36s (1h 12m)  68% completed  (68% total)
     Speed:     ev/sec=406.372   simsec/sec=1   ev/simsec=406.371
     Messages:  created: 159325   present: 9   in FES: 5
** Event #1275904   t=4334.707877955319   Elapsed: 4334.65s (1h 12m)  68% completed  (68% total)
     Speed:     ev/sec=446.117   simsec/sec=1   ev/simsec=446.117
     Messages:  created: 159453   present: 9   in FES: 5
** Event #1276928   t=4337.346552049852   Elapsed: 4337.29s (1h 12m)  68% completed  (68% total)
     Speed:     ev/sec=388.074   simsec/sec=1   ev/simsec=388.074
     Messages:  created: 159581   present: 9   in FES: 5
** Event #1277696   t=4339.624832860112   Elapsed: 4339.57s (1h 12m)  68% completed  (68% total)
     Speed:     ev/sec=337.096   simsec/sec=1   ev/simsec=337.096
     Messages:  created: 159677   present: 10   in FES: 6
** Event #1278976   t=4342.18601501649   Elapsed: 4342.13s (1h 12m)  68% completed  (68% total)
     Speed:     ev/sec=499.769   simsec/sec=0.999999   ev/simsec=499.769
     Messages:  created: 159837   present: 10   in FES: 6
** Event #1280000   t=4344.890437173185   Elapsed: 4344.84s (1h 12m)  68% completed  (68% total)
     Speed:     ev/sec=378.639   simsec/sec=0.999999   ev/simsec=378.639
     Messages:  created: 159965   present: 9   in FES: 5
** Event #1280768   t=4346.923485860376   Elapsed: 4346.87s (1h 12m)  68% completed  (68% total)
     Speed:     ev/sec=377.758   simsec/sec=1   ev/simsec=377.758
     Messages:  created: 160061   present: 9   in FES: 5
** Event #1281536   t=4349.128812961094   Elapsed: 4349.07s (1h 12m)  69% completed  (69% total)
     Speed:     ev/sec=348.247   simsec/sec=0.999999   ev/simsec=348.248
     Messages:  created: 160157   present: 9   in FES: 5
** Event #1282816   t=4351.210042952513   Elapsed: 4351.16s (1h 12m)  69% completed  (69% total)
     Speed:     ev/sec=615.021   simsec/sec=1   ev/simsec=615.021
     Messages:  created: 160317   present: 9   in FES: 5
** Event #1283840   t=4353.770524792131   Elapsed: 4353.72s (1h 12m)  69% completed  (69% total)
     Speed:     ev/sec=399.925   simsec/sec=1   ev/simsec=399.925
     Messages:  created: 160445   present: 9   in FES: 5
** Event #1284608   t=4356.29048411037   Elapsed: 4356.24s (1h 12m)  69% completed  (69% total)
     Speed:     ev/sec=304.767   simsec/sec=1   ev/simsec=304.767
     Messages:  created: 160541   present: 9   in FES: 5
** Event #1285376   t=4358.914363849508   Elapsed: 4358.86s (1h 12m)  69% completed  (69% total)
     Speed:     ev/sec=292.696   simsec/sec=1   ev/simsec=292.696
     Messages:  created: 160637   present: 9   in FES: 5
** Event #1286912   t=4361.011485354206   Elapsed: 4360.96s (1h 12m)  69% completed  (69% total)
     Speed:     ev/sec=732.432   simsec/sec=1   ev/simsec=732.433
     Messages:  created: 160829   present: 9   in FES: 5
** Event #1287936   t=4363.26195288255   Elapsed: 4363.21s (1h 12m)  69% completed  (69% total)
     Speed:     ev/sec=455.017   simsec/sec=1   ev/simsec=455.017
     Messages:  created: 160957   present: 10   in FES: 6
** Event #1288960   t=4365.276445548629   Elapsed: 4365.22s (1h 12m)  69% completed  (69% total)
     Speed:     ev/sec=508.316   simsec/sec=0.999999   ev/simsec=508.317
     Messages:  created: 161085   present: 9   in FES: 5
** Event #1290240   t=4367.698177409031   Elapsed: 4367.64s (1h 12m)  69% completed  (69% total)
     Speed:     ev/sec=528.546   simsec/sec=0.999997   ev/simsec=528.547
     Messages:  created: 161245   present: 9   in FES: 5
** Event #1291264   t=4370.24814157674   Elapsed: 4370.19s (1h 12m)  69% completed  (69% total)
     Speed:     ev/sec=401.575   simsec/sec=1   ev/simsec=401.574
     Messages:  created: 161373   present: 10   in FES: 6
** Event #1292288   t=4372.517778014557   Elapsed: 4372.46s (1h 12m)  69% completed  (69% total)
     Speed:     ev/sec=451.174   simsec/sec=1   ev/simsec=451.174
     Messages:  created: 161501   present: 10   in FES: 6
** Event #1293568   t=4374.92383735551   Elapsed: 4374.87s (1h 12m)  69% completed  (69% total)
     Speed:     ev/sec=531.99   simsec/sec=1   ev/simsec=531.99
     Messages:  created: 161662   present: 11   in FES: 7
** Event #1294592   t=4377.217110577831   Elapsed: 4377.16s (1h 12m)  69% completed  (69% total)
     Speed:     ev/sec=446.523   simsec/sec=1   ev/simsec=446.523
     Messages:  created: 161789   present: 9   in FES: 5
** Event #1295872   t=4379.242004774479   Elapsed: 4379.19s (1h 12m)  69% completed  (69% total)
     Speed:     ev/sec=632.132   simsec/sec=1   ev/simsec=632.132
     Messages:  created: 161949   present: 9   in FES: 5
** Event #1297152   t=4381.980954938254   Elapsed: 4381.93s (1h 13m)  69% completed  (69% total)
     Speed:     ev/sec=467.333   simsec/sec=1   ev/simsec=467.332
     Messages:  created: 162108   present: 9   in FES: 5
** Event #1298432   t=4384.70541117149   Elapsed: 4384.65s (1h 13m)  69% completed  (69% total)
     Speed:     ev/sec=469.818   simsec/sec=1   ev/simsec=469.819
     Messages:  created: 162268   present: 9   in FES: 5
** Event #1299200   t=4386.778229924117   Elapsed: 4386.72s (1h 13m)  69% completed  (69% total)
     Speed:     ev/sec=370.51   simsec/sec=1   ev/simsec=370.51
     Messages:  created: 162365   present: 10   in FES: 6
** Event #1299968   t=4388.897079439835   Elapsed: 4388.84s (1h 13m)  69% completed  (69% total)
     Speed:     ev/sec=362.46   simsec/sec=0.999999   ev/simsec=362.461
     Messages:  created: 162460   present: 9   in FES: 5
** Event #1300992   t=4391.150500996651   Elapsed: 4391.1s (1h 13m)  69% completed  (69% total)
     Speed:     ev/sec=454.42   simsec/sec=1   ev/simsec=454.42
     Messages:  created: 162588   present: 9   in FES: 5
** Event #1301760   t=4393.449046814255   Elapsed: 4393.39s (1h 13m)  69% completed  (69% total)
     Speed:     ev/sec=334.124   simsec/sec=1   ev/simsec=334.124
     Messages:  created: 162684   present: 9   in FES: 5
** Event #1302528   t=4395.716105703888   Elapsed: 4395.66s (1h 13m)  69% completed  (69% total)
     Speed:     ev/sec=338.765   simsec/sec=1   ev/simsec=338.765
     Messages:  created: 162780   present: 9   in FES: 5
** Event #1303296   t=4398.034211062986   Elapsed: 4397.98s (1h 13m)  69% completed  (69% total)
     Speed:     ev/sec=331.304   simsec/sec=0.999998   ev/simsec=331.305
     Messages:  created: 162877   present: 10   in FES: 6
** Event #1304576   t=4400.208456272988   Elapsed: 4400.15s (1h 13m)  69% completed  (69% total)
     Speed:     ev/sec=588.711   simsec/sec=1   ev/simsec=588.71
     Messages:  created: 163036   present: 9   in FES: 5
** Event #1305600   t=4402.348614480906   Elapsed: 4402.29s (1h 13m)  69% completed  (69% total)
     Speed:     ev/sec=478.469   simsec/sec=1   ev/simsec=478.469
     Messages:  created: 163164   present: 9   in FES: 5
** Event #1306624   t=4404.352982671653   Elapsed: 4404.3s (1h 13m)  69% completed  (69% total)
     Speed:     ev/sec=510.883   simsec/sec=0.999999   ev/simsec=510.884
     Messages:  created: 163293   present: 10   in FES: 6
** Event #1307904   t=4406.795001227205   Elapsed: 4406.74s (1h 13m)  69% completed  (69% total)
     Speed:     ev/sec=524.156   simsec/sec=0.999999   ev/simsec=524.157
     Messages:  created: 163452   present: 9   in FES: 5
** Event #1308928   t=4409.07937748857   Elapsed: 4409.02s (1h 13m)  69% completed  (69% total)
     Speed:     ev/sec=448.263   simsec/sec=1   ev/simsec=448.262
     Messages:  created: 163580   present: 9   in FES: 5
** Event #1310464   t=4411.109141859938   Elapsed: 4411.05s (1h 13m)  70% completed  (70% total)
     Speed:     ev/sec=756.739   simsec/sec=1   ev/simsec=756.738
     Messages:  created: 163772   present: 9   in FES: 5
** Event #1311488   t=4413.275817528646   Elapsed: 4413.22s (1h 13m)  70% completed  (70% total)
     Speed:     ev/sec=472.613   simsec/sec=0.999998   ev/simsec=472.613
     Messages:  created: 163900   present: 9   in FES: 5
** Event #1312768   t=4415.5943772546   Elapsed: 4415.54s (1h 13m)  70% completed  (70% total)
     Speed:     ev/sec=552.067   simsec/sec=1   ev/simsec=552.067
     Messages:  created: 164061   present: 10   in FES: 6
** Event #1313792   t=4418.035394355646   Elapsed: 4417.98s (1h 13m)  70% completed  (70% total)
     Speed:     ev/sec=419.497   simsec/sec=0.999999   ev/simsec=419.497
     Messages:  created: 164188   present: 9   in FES: 5
** Event #1315072   t=4420.596195277441   Elapsed: 4420.54s (1h 13m)  70% completed  (70% total)
     Speed:     ev/sec=499.844   simsec/sec=1   ev/simsec=499.844
     Messages:  created: 164349   present: 10   in FES: 6
** Event #1316096   t=4422.998435625287   Elapsed: 4422.94s (1h 13m)  70% completed  (70% total)
     Speed:     ev/sec=426.269   simsec/sec=1   ev/simsec=426.269
     Messages:  created: 164476   present: 9   in FES: 5
** Event #1317120   t=4426.019042994013   Elapsed: 4425.96s (1h 13m)  70% completed  (70% total)
     Speed:     ev/sec=339.004   simsec/sec=0.999999   ev/simsec=339.005
     Messages:  created: 164604   present: 9   in FES: 5
** Event #1317632   t=4432.079863164456   Elapsed: 4432.03s (1h 13m)  70% completed  (70% total)
     Speed:     ev/sec=84.477   simsec/sec=1   ev/simsec=84.477
     Messages:  created: 164668   present: 9   in FES: 5
** Event #1317888   t=4434.990354041479   Elapsed: 4434.94s (1h 13m)  70% completed  (70% total)
     Speed:     ev/sec=87.9578   simsec/sec=1   ev/simsec=87.9577
     Messages:  created: 164700   present: 9   in FES: 5
** Event #1319168   t=4437.262869264762   Elapsed: 4437.21s (1h 13m)  70% completed  (70% total)
     Speed:     ev/sec=563.253   simsec/sec=1   ev/simsec=563.253
     Messages:  created: 164860   present: 9   in FES: 5
** Event #1320448   t=4439.455463698894   Elapsed: 4439.4s (1h 13m)  70% completed  (70% total)
     Speed:     ev/sec=583.783   simsec/sec=0.999999   ev/simsec=583.783
     Messages:  created: 165020   present: 9   in FES: 5
** Event #1321728   t=4442.311390008907   Elapsed: 4442.26s (1h 14m)  70% completed  (70% total)
     Speed:     ev/sec=448.17   simsec/sec=0.999955   ev/simsec=448.191
     Messages:  created: 165180   present: 10   in FES: 6
** Event #1322752   t=4444.929266017643   Elapsed: 4444.88s (1h 14m)  70% completed  (70% total)
     Speed:     ev/sec=390.745   simsec/sec=0.998947   ev/simsec=391.157
     Messages:  created: 165308   present: 10   in FES: 6
** Event #1324288   t=4447.165501396604   Elapsed: 4447.11s (1h 14m)  70% completed  (70% total)
     Speed:     ev/sec=687.482   simsec/sec=1.00089   ev/simsec=686.869
     Messages:  created: 165500   present: 10   in FES: 6
** Event #1325568   t=4449.235158332882   Elapsed: 4449.18s (1h 14m)  70% completed  (70% total)
     Speed:     ev/sec=618.377   simsec/sec=0.999866   ev/simsec=618.46
     Messages:  created: 165660   present: 10   in FES: 6
** Event #1327360   t=4451.575761069369   Elapsed: 4451.52s (1h 14m)  70% completed  (70% total)
     Speed:     ev/sec=765.997   simsec/sec=1.0005   ev/simsec=765.615
     Messages:  created: 165884   present: 9   in FES: 5
** Event #1328640   t=4453.750956717262   Elapsed: 4453.7s (1h 14m)  70% completed  (70% total)
     Speed:     ev/sec=588.36   simsec/sec=0.999843   ev/simsec=588.453
     Messages:  created: 166044   present: 10   in FES: 6
** Event #1329664   t=4456.065340951967   Elapsed: 4456.01s (1h 14m)  70% completed  (70% total)
     Speed:     ev/sec=442.516   simsec/sec=1.00015   ev/simsec=442.45
     Messages:  created: 166172   present: 9   in FES: 5
** Event #1331456   t=4458.221369832839   Elapsed: 4458.17s (1h 14m)  70% completed  (70% total)
     Speed:     ev/sec=831.158   simsec/sec=1   ev/simsec=831.158
     Messages:  created: 166396   present: 9   in FES: 5
** Event #1332480   t=4460.260460924491   Elapsed: 4460.21s (1h 14m)  70% completed  (70% total)
     Speed:     ev/sec=502.185   simsec/sec=1   ev/simsec=502.185
     Messages:  created: 166524   present: 9   in FES: 5
** Event #1333760   t=4462.263313027028   Elapsed: 4462.21s (1h 14m)  70% completed  (70% total)
     Speed:     ev/sec=639.088   simsec/sec=0.999999   ev/simsec=639.089
     Messages:  created: 166684   present: 9   in FES: 5
** Event #1334784   t=4465.101256961181   Elapsed: 4465.05s (1h 14m)  70% completed  (70% total)
     Speed:     ev/sec=360.825   simsec/sec=1   ev/simsec=360.825
     Messages:  created: 166812   present: 9   in FES: 5
** Event #1335808   t=4467.113945629479   Elapsed: 4467.06s (1h 14m)  70% completed  (70% total)
     Speed:     ev/sec=508.756   simsec/sec=0.999969   ev/simsec=508.772
     Messages:  created: 166940   present: 10   in FES: 6
** Event #1336832   t=4469.611676976272   Elapsed: 4469.56s (1h 14m)  70% completed  (70% total)
     Speed:     ev/sec=409.982   simsec/sec=1.00002   ev/simsec=409.972
     Messages:  created: 167068   present: 9   in FES: 5
** Event #1337856   t=4472.007527424458   Elapsed: 4471.95s (1h 14m)  70% completed  (70% total)
     Speed:     ev/sec=427.091   simsec/sec=0.999264   ev/simsec=427.406
     Messages:  created: 167196   present: 10   in FES: 6
** Event #1338880   t=4474.519459725567   Elapsed: 4474.46s (1h 14m)  71% completed  (71% total)
     Speed:     ev/sec=407.941   simsec/sec=1.0007   ev/simsec=407.654
     Messages:  created: 167324   present: 9   in FES: 5
** Event #1339904   t=4476.686194103592   Elapsed: 4476.63s (1h 14m)  71% completed  (71% total)
     Speed:     ev/sec=472.601   simsec/sec=1   ev/simsec=472.601
     Messages:  created: 167452   present: 9   in FES: 5
** Event #1341184   t=4478.799184608379   Elapsed: 4478.74s (1h 14m)  71% completed  (71% total)
     Speed:     ev/sec=605.756   simsec/sec=0.999967   ev/simsec=605.777
     Messages:  created: 167612   present: 10   in FES: 5
** Event #1342720   t=4481.086336212799   Elapsed: 4481.03s (1h 14m)  71% completed  (71% total)
     Speed:     ev/sec=671.598   simsec/sec=1.00003   ev/simsec=671.578
     Messages:  created: 167804   present: 9   in FES: 5
** Event #1344000   t=4483.226216425724   Elapsed: 4483.17s (1h 14m)  71% completed  (71% total)
     Speed:     ev/sec=598.164   simsec/sec=0.999999   ev/simsec=598.164
     Messages:  created: 167964   present: 9   in FES: 5
** Event #1345024   t=4485.54888950003   Elapsed: 4485.49s (1h 14m)  71% completed  (71% total)
     Speed:     ev/sec=440.872   simsec/sec=1   ev/simsec=440.871
     Messages:  created: 168092   present: 9   in FES: 5
** Event #1346560   t=4487.694149507801   Elapsed: 4487.64s (1h 14m)  71% completed  (71% total)
     Speed:     ev/sec=715.997   simsec/sec=1   ev/simsec=715.997
     Messages:  created: 168284   present: 9   in FES: 5
** Event #1347328   t=4490.081915230303   Elapsed: 4490.03s (1h 14m)  71% completed  (71% total)
     Speed:     ev/sec=321.639   simsec/sec=0.999999   ev/simsec=321.64
     Messages:  created: 168380   present: 9   in FES: 5
** Event #1348352   t=4492.593330536148   Elapsed: 4492.54s (1h 14m)  71% completed  (71% total)
     Speed:     ev/sec=407.719   simsec/sec=0.999954   ev/simsec=407.738
     Messages:  created: 168508   present: 10   in FES: 6
** Event #1349376   t=4494.823937955263   Elapsed: 4494.77s (1h 14m)  71% completed  (71% total)
     Speed:     ev/sec=459.092   simsec/sec=1.00005   ev/simsec=459.068
     Messages:  created: 168636   present: 9   in FES: 5
** Event #1350400   t=4497.080496490588   Elapsed: 4497.03s (1h 14m)  71% completed  (71% total)
     Speed:     ev/sec=453.788   simsec/sec=1   ev/simsec=453.788
     Messages:  created: 168764   present: 9   in FES: 5
** Event #1351680   t=4499.481857275411   Elapsed: 4499.43s (1h 14m)  71% completed  (71% total)
     Speed:     ev/sec=533.031   simsec/sec=1   ev/simsec=533.031
     Messages:  created: 168924   present: 9   in FES: 5
** Event #1352448   t=4501.677597046293   Elapsed: 4501.62s (1h 15m)  71% completed  (71% total)
     Speed:     ev/sec=349.658   simsec/sec=0.999684   ev/simsec=349.768
     Messages:  created: 169019   present: 9   in FES: 5
t=4502.351187 executing setDimmer(0.5)
** Event #1353216   t=4504.085060864763   Elapsed: 4504.03s (1h 15m)  71% completed  (71% total)
     Speed:     ev/sec=319.098   simsec/sec=1.00028   ev/simsec=319.008
     Messages:  created: 169115   present: 9   in FES: 5
** Event #1354496   t=4506.600586244003   Elapsed: 4506.55s (1h 15m)  71% completed  (71% total)
     Speed:     ev/sec=508.344   simsec/sec=0.999025   ev/simsec=508.84
     Messages:  created: 169276   present: 12   in FES: 6
** Event #1355776   t=4508.763161667336   Elapsed: 4508.71s (1h 15m)  71% completed  (71% total)
     Speed:     ev/sec=592.563   simsec/sec=1.00114   ev/simsec=591.887
     Messages:  created: 169437   present: 15   in FES: 7
** Event #1356800   t=4510.982266036026   Elapsed: 4510.93s (1h 15m)  71% completed  (71% total)
     Speed:     ev/sec=461.447   simsec/sec=0.999999   ev/simsec=461.447
     Messages:  created: 169563   present: 10   in FES: 6
** Event #1357824   t=4513.335659217211   Elapsed: 4513.28s (1h 15m)  71% completed  (71% total)
     Speed:     ev/sec=435.117   simsec/sec=1   ev/simsec=435.116
     Messages:  created: 169692   present: 11   in FES: 7
** Event #1358592   t=4515.357373315363   Elapsed: 4515.3s (1h 15m)  71% completed  (71% total)
     Speed:     ev/sec=379.886   simsec/sec=1.00003   ev/simsec=379.876
     Messages:  created: 169788   present: 11   in FES: 7
** Event #1359616   t=4517.458847827548   Elapsed: 4517.42s (1h 15m)  71% completed  (71% total)
     Speed:     ev/sec=483.429   simsec/sec=0.992103   ev/simsec=487.277
     Messages:  created: 169916   present: 12   in FES: 7
** Event #1360384   t=4519.972046025349   Elapsed: 4519.92s (1h 15m)  71% completed  (71% total)
     Speed:     ev/sec=307.628   simsec/sec=1.00668   ev/simsec=305.587
     Messages:  created: 170012   present: 11   in FES: 7
** Event #1361408   t=4522.63071898007   Elapsed: 4522.58s (1h 15m)  71% completed  (71% total)
     Speed:     ev/sec=385.155   simsec/sec=1   ev/simsec=385.155
     Messages:  created: 170140   present: 11   in FES: 7
** Event #1362432   t=4525.082867193953   Elapsed: 4525.03s (1h 15m)  71% completed  (71% total)
     Speed:     ev/sec=417.593   simsec/sec=1   ev/simsec=417.593
     Messages:  created: 170267   present: 9   in FES: 5
** Event #1363456   t=4527.180095136556   Elapsed: 4527.13s (1h 15m)  71% completed  (71% total)
     Speed:     ev/sec=488.112   simsec/sec=0.999689   ev/simsec=488.264
     Messages:  created: 170396   present: 12   in FES: 6
** Event #1364992   t=4529.586345919339   Elapsed: 4529.53s (1h 15m)  71% completed  (71% total)
     Speed:     ev/sec=638.51   simsec/sec=1.00027   ev/simsec=638.337
     Messages:  created: 170587   present: 9   in FES: 5
** Event #1366016   t=4531.596522166395   Elapsed: 4531.54s (1h 15m)  71% completed  (71% total)
     Speed:     ev/sec=509.408   simsec/sec=1   ev/simsec=509.408
     Messages:  created: 170715   present: 9   in FES: 5
** Event #1367296   t=4533.70907760137   Elapsed: 4533.65s (1h 15m)  71% completed  (71% total)
     Speed:     ev/sec=605.901   simsec/sec=1   ev/simsec=605.901
     Messages:  created: 170876   present: 11   in FES: 7
** Event #1368320   t=4536.369531072254   Elapsed: 4536.31s (1h 15m)  72% completed  (72% total)
     Speed:     ev/sec=384.897   simsec/sec=1   ev/simsec=384.897
     Messages:  created: 171003   present: 9   in FES: 5
** Event #1369344   t=4538.517062305758   Elapsed: 4538.46s (1h 15m)  72% completed  (72% total)
     Speed:     ev/sec=476.826   simsec/sec=0.999999   ev/simsec=476.827
     Messages:  created: 171133   present: 14   in FES: 7
** Event #1370624   t=4541.409759903961   Elapsed: 4541.36s (1h 15m)  72% completed  (72% total)
     Speed:     ev/sec=442.494   simsec/sec=1   ev/simsec=442.494
     Messages:  created: 171291   present: 10   in FES: 6
** Event #1371392   t=4544.248962995637   Elapsed: 4544.19s (1h 15m)  72% completed  (72% total)
     Speed:     ev/sec=270.496   simsec/sec=0.999993   ev/simsec=270.498
     Messages:  created: 171387   present: 9   in FES: 5
** Event #1372160   t=4546.568990307953   Elapsed: 4546.51s (1h 15m)  72% completed  (72% total)
     Speed:     ev/sec=331.033   simsec/sec=1.00001   ev/simsec=331.031
     Messages:  created: 171484   present: 11   in FES: 7
** Event #1373440   t=4549.204589359805   Elapsed: 4549.15s (1h 15m)  72% completed  (72% total)
     Speed:     ev/sec=485.658   simsec/sec=1   ev/simsec=485.658
     Messages:  created: 171643   present: 9   in FES: 5
** Event #1374464   t=4552.173413083527   Elapsed: 4552.12s (1h 15m)  72% completed  (72% total)
     Speed:     ev/sec=344.918   simsec/sec=1   ev/simsec=344.918
     Messages:  created: 171771   present: 9   in FES: 5
** Event #1375488   t=4554.776483548036   Elapsed: 4554.72s (1h 15m)  72% completed  (72% total)
     Speed:     ev/sec=393.382   simsec/sec=1   ev/simsec=393.382
     Messages:  created: 171899   present: 9   in FES: 5
** Event #1376768   t=4557.021873081035   Elapsed: 4556.97s (1h 15m)  72% completed  (72% total)
     Speed:     ev/sec=570.057   simsec/sec=1   ev/simsec=570.057
     Messages:  created: 172059   present: 10   in FES: 6
** Event #1377792   t=4559.492736592321   Elapsed: 4559.44s (1h 15m)  72% completed  (72% total)
     Speed:     ev/sec=414.43   simsec/sec=1   ev/simsec=414.43
     Messages:  created: 172187   present: 9   in FES: 5
** Event #1379072   t=4561.946012552503   Elapsed: 4561.89s (1h 16m)  72% completed  (72% total)
     Speed:     ev/sec=521.751   simsec/sec=0.999999   ev/simsec=521.751
     Messages:  created: 172347   present: 10   in FES: 6
t=4562.399931 executing setDimmer(0.1)
** Event #1380352   t=4564.082050712803   Elapsed: 4564.03s (1h 16m)  72% completed  (72% total)
     Speed:     ev/sec=599.241   simsec/sec=1   ev/simsec=599.24
     Messages:  created: 172506   present: 9   in FES: 5
** Event #1381376   t=4566.646914416457   Elapsed: 4566.59s (1h 16m)  72% completed  (72% total)
     Speed:     ev/sec=399.241   simsec/sec=0.999999   ev/simsec=399.241
     Messages:  created: 172634   present: 9   in FES: 5
** Event #1382144   t=4569.025425062229   Elapsed: 4568.97s (1h 16m)  72% completed  (72% total)
     Speed:     ev/sec=322.891   simsec/sec=1   ev/simsec=322.891
     Messages:  created: 172730   present: 9   in FES: 5
** Event #1383680   t=4571.484304051578   Elapsed: 4571.43s (1h 16m)  72% completed  (72% total)
     Speed:     ev/sec=624.675   simsec/sec=1   ev/simsec=624.675
     Messages:  created: 172922   present: 9   in FES: 5
** Event #1384448   t=4573.66943481202   Elapsed: 4573.61s (1h 16m)  72% completed  (72% total)
     Speed:     ev/sec=351.466   simsec/sec=0.999999   ev/simsec=351.466
     Messages:  created: 173018   present: 9   in FES: 5
** Event #1385472   t=4575.93034170766   Elapsed: 4575.88s (1h 16m)  72% completed  (72% total)
     Speed:     ev/sec=452.916   simsec/sec=1   ev/simsec=452.916
     Messages:  created: 173146   present: 9   in FES: 5
** Event #1386240   t=4578.026709590189   Elapsed: 4577.97s (1h 16m)  72% completed  (72% total)
     Speed:     ev/sec=366.348   simsec/sec=0.999999   ev/simsec=366.348
     Messages:  created: 173242   present: 9   in FES: 5
** Event #1387520   t=4580.685338019152   Elapsed: 4580.63s (1h 16m)  72% completed  (72% total)
     Speed:     ev/sec=481.452   simsec/sec=1   ev/simsec=481.451
     Messages:  created: 173402   present: 9   in FES: 5
** Event #1388544   t=4582.836831406381   Elapsed: 4582.78s (1h 16m)  72% completed  (72% total)
     Speed:     ev/sec=475.948   simsec/sec=0.999999   ev/simsec=475.948
     Messages:  created: 173531   present: 11   in FES: 6
** Event #1389568   t=4585.186441475273   Elapsed: 4585.13s (1h 16m)  72% completed  (72% total)
     Speed:     ev/sec=435.814   simsec/sec=0.999994   ev/simsec=435.817
     Messages:  created: 173658   present: 9   in FES: 5
** Event #1390336   t=4587.215427529011   Elapsed: 4587.16s (1h 16m)  72% completed  (72% total)
     Speed:     ev/sec=378.517   simsec/sec=1.00001   ev/simsec=378.514
     Messages:  created: 173755   present: 11   in FES: 7
** Event #1391104   t=4589.768157195015   Elapsed: 4589.71s (1h 16m)  72% completed  (72% total)
     Speed:     ev/sec=300.854   simsec/sec=1   ev/simsec=300.854
     Messages:  created: 173850   present: 9   in FES: 5
** Event #1391616   t=4592.345748011639   Elapsed: 4592.29s (1h 16m)  72% completed  (72% total)
     Speed:     ev/sec=198.635   simsec/sec=1   ev/simsec=198.635
     Messages:  created: 173914   present: 9   in FES: 5
** Event #1392384   t=4594.490702860746   Elapsed: 4594.44s (1h 16m)  72% completed  (72% total)
     Speed:     ev/sec=358.042   simsec/sec=0.999978   ev/simsec=358.049
     Messages:  created: 174010   present: 9   in FES: 5
** Event #1393408   t=4596.537448031881   Elapsed: 4596.48s (1h 16m)  72% completed  (72% total)
     Speed:     ev/sec=500.317   simsec/sec=1.00002   ev/simsec=500.307
     Messages:  created: 174138   present: 9   in FES: 5
** Event #1394688   t=4598.9937551404   Elapsed: 4598.94s (1h 16m)  72% completed  (72% total)
     Speed:     ev/sec=521.108   simsec/sec=1   ev/simsec=521.107
     Messages:  created: 174299   present: 10   in FES: 6
** Event #1395712   t=4601.338631018751   Elapsed: 4601.28s (1h 16m)  73% completed  (73% total)
     Speed:     ev/sec=436.697   simsec/sec=1   ev/simsec=436.697
     Messages:  created: 174426   present: 9   in FES: 5
** Event #1396992   t=4603.638725144671   Elapsed: 4603.58s (1h 16m)  73% completed  (73% total)
     Speed:     ev/sec=556.499   simsec/sec=1   ev/simsec=556.499
     Messages:  created: 174587   present: 10   in FES: 6
** Event #1398272   t=4605.882108646449   Elapsed: 4605.83s (1h 16m)  73% completed  (73% total)
     Speed:     ev/sec=570.567   simsec/sec=1   ev/simsec=570.567
     Messages:  created: 174746   present: 9   in FES: 5
** Event #1399552   t=4608.08302715951   Elapsed: 4608.03s (1h 16m)  73% completed  (73% total)
     Speed:     ev/sec=581.576   simsec/sec=1   ev/simsec=581.575
     Messages:  created: 174906   present: 9   in FES: 5
** Event #1400576   t=4610.12875676174   Elapsed: 4610.07s (1h 16m)  73% completed  (73% total)
     Speed:     ev/sec=500.555   simsec/sec=1   ev/simsec=500.555
     Messages:  created: 175035   present: 10   in FES: 6
** Event #1401856   t=4612.176040842379   Elapsed: 4612.12s (1h 16m)  73% completed  (73% total)
     Speed:     ev/sec=625.219   simsec/sec=1   ev/simsec=625.219
     Messages:  created: 175195   present: 10   in FES: 6
** Event #1403392   t=4614.329139871805   Elapsed: 4614.27s (1h 16m)  73% completed  (73% total)
     Speed:     ev/sec=713.389   simsec/sec=0.999998   ev/simsec=713.39
     Messages:  created: 175386   present: 9   in FES: 5
** Event #1404416   t=4616.447044939564   Elapsed: 4616.39s (1h 16m)  73% completed  (73% total)
     Speed:     ev/sec=483.497   simsec/sec=1   ev/simsec=483.497
     Messages:  created: 175514   present: 9   in FES: 5
** Event #1405440   t=4618.665489455483   Elapsed: 4618.61s (1h 16m)  73% completed  (73% total)
     Speed:     ev/sec=461.585   simsec/sec=1   ev/simsec=461.585
     Messages:  created: 175642   present: 9   in FES: 5
** Event #1406464   t=4621.152640204527   Elapsed: 4621.1s (1h 17m)  73% completed  (73% total)
     Speed:     ev/sec=411.716   simsec/sec=0.999999   ev/simsec=411.716
     Messages:  created: 175770   present: 9   in FES: 5
t=4622.968688 executing setDimmer(0.5)
** Event #1407488   t=4623.625041764715   Elapsed: 4623.57s (1h 17m)  73% completed  (73% total)
     Speed:     ev/sec=414.172   simsec/sec=1   ev/simsec=414.172
     Messages:  created: 175900   present: 15   in FES: 8
** Event #1408768   t=4625.925863544982   Elapsed: 4625.89s (1h 17m)  73% completed  (73% total)
     Speed:     ev/sec=552.104   simsec/sec=0.992417   ev/simsec=556.323
     Messages:  created: 176057   present: 8   in FES: 4
** Event #1409792   t=4627.969698758681   Elapsed: 4627.91s (1h 17m)  73% completed  (73% total)
     Speed:     ev/sec=505.366   simsec/sec=1.00868   ev/simsec=501.019
     Messages:  created: 176186   present: 11   in FES: 7
** Event #1411072   t=4630.248541576225   Elapsed: 4630.19s (1h 17m)  73% completed  (73% total)
     Speed:     ev/sec=561.689   simsec/sec=1   ev/simsec=561.689
     Messages:  created: 176346   present: 11   in FES: 6
** Event #1412352   t=4632.678540611125   Elapsed: 4632.62s (1h 17m)  73% completed  (73% total)
     Speed:     ev/sec=526.75   simsec/sec=1   ev/simsec=526.749
     Messages:  created: 176507   present: 13   in FES: 7
** Event #1413120   t=4634.85207963738   Elapsed: 4634.8s (1h 17m)  73% completed  (73% total)
     Speed:     ev/sec=352.215   simsec/sec=0.996815   ev/simsec=353.341
     Messages:  created: 176601   present: 8   in FES: 4
** Event #1414144   t=4637.382461798815   Elapsed: 4637.33s (1h 17m)  73% completed  (73% total)
     Speed:     ev/sec=405.534   simsec/sec=1.00211   ev/simsec=404.682
     Messages:  created: 176729   present: 8   in FES: 4
** Event #1415424   t=4639.671748435622   Elapsed: 4639.63s (1h 17m)  73% completed  (73% total)
     Speed:     ev/sec=555.428   simsec/sec=0.993385   ev/simsec=559.126
     Messages:  created: 176889   present: 8   in FES: 4
** Event #1416704   t=4641.757544812322   Elapsed: 4641.7s (1h 17m)  73% completed  (73% total)
     Speed:     ev/sec=618.678   simsec/sec=1.00815   ev/simsec=613.674
     Messages:  created: 177050   present: 10   in FES: 6
** Event #1417728   t=4644.284314913232   Elapsed: 4644.23s (1h 17m)  73% completed  (73% total)
     Speed:     ev/sec=405.261   simsec/sec=1   ev/simsec=405.26
     Messages:  created: 177179   present: 12   in FES: 7
** Event #1418496   t=4646.341180706453   Elapsed: 4646.29s (1h 17m)  73% completed  (73% total)
     Speed:     ev/sec=373.384   simsec/sec=1   ev/simsec=373.384
     Messages:  created: 177274   present: 11   in FES: 7
** Event #1419520   t=4648.628644692925   Elapsed: 4648.59s (1h 17m)  73% completed  (73% total)
     Speed:     ev/sec=444.538   simsec/sec=0.993031   ev/simsec=447.657
     Messages:  created: 177401   present: 8   in FES: 4
** Event #1420544   t=4650.987908585276   Elapsed: 4650.93s (1h 17m)  73% completed  (73% total)
     Speed:     ev/sec=437.007   simsec/sec=1.00685   ev/simsec=434.034
     Messages:  created: 177531   present: 12   in FES: 7
** Event #1421312   t=4653.498995146208   Elapsed: 4653.44s (1h 17m)  73% completed  (73% total)
     Speed:     ev/sec=305.844   simsec/sec=1   ev/simsec=305.844
     Messages:  created: 177626   present: 10   in FES: 6
** Event #1422336   t=4656.272309202951   Elapsed: 4656.22s (1h 17m)  73% completed  (73% total)
     Speed:     ev/sec=369.233   simsec/sec=0.999999   ev/simsec=369.233
     Messages:  created: 177754   present: 11   in FES: 7
** Event #1423104   t=4658.278896586338   Elapsed: 4658.22s (1h 17m)  73% completed  (73% total)
     Speed:     ev/sec=382.74   simsec/sec=1   ev/simsec=382.739
     Messages:  created: 177850   present: 10   in FES: 6
** Event #1423872   t=4660.431480703863   Elapsed: 4660.38s (1h 17m)  73% completed  (73% total)
     Speed:     ev/sec=356.781   simsec/sec=1   ev/simsec=356.78
     Messages:  created: 177946   present: 10   in FES: 6
** Event #1425152   t=4662.968229082018   Elapsed: 4662.91s (1h 17m)  74% completed  (74% total)
     Speed:     ev/sec=504.583   simsec/sec=0.999999   ev/simsec=504.583
     Messages:  created: 178106   present: 10   in FES: 6
** Event #1425920   t=4665.10592660454   Elapsed: 4665.07s (1h 17m)  74% completed  (74% total)
     Speed:     ev/sec=355.803   simsec/sec=0.990364   ev/simsec=359.265
     Messages:  created: 178201   present: 8   in FES: 4
** Event #1427200   t=4667.517755364196   Elapsed: 4667.47s (1h 17m)  74% completed  (74% total)
     Speed:     ev/sec=534.43   simsec/sec=1.00699   ev/simsec=530.718
     Messages:  created: 178364   present: 16   in FES: 7
** Event #1428224   t=4669.917633059215   Elapsed: 4669.86s (1h 17m)  74% completed  (74% total)
     Speed:     ev/sec=427.409   simsec/sec=1.00169   ev/simsec=426.688
     Messages:  created: 178491   present: 12   in FES: 8
** Event #1428992   t=4671.971490768496   Elapsed: 4671.95s (1h 17m)  74% completed  (74% total)
     Speed:     ev/sec=367.159   simsec/sec=0.981892   ev/simsec=373.93
     Messages:  created: 178585   present: 8   in FES: 4
** Event #1429760   t=4674.449330024523   Elapsed: 4674.42s (1h 17m)  74% completed  (74% total)
     Speed:     ev/sec=311.354   simsec/sec=1.00454   ev/simsec=309.947
     Messages:  created: 178681   present: 8   in FES: 4
** Event #1430528   t=4677.091263078545   Elapsed: 4677.04s (1h 17m)  74% completed  (74% total)
     Speed:     ev/sec=292.84   simsec/sec=1.00737   ev/simsec=290.696
     Messages:  created: 178777   present: 8   in FES: 4
** Event #1431808   t=4679.347879874059   Elapsed: 4679.29s (1h 17m)  74% completed  (74% total)
     Speed:     ev/sec=569.072   simsec/sec=1.00326   ev/simsec=567.221
     Messages:  created: 178938   present: 10   in FES: 6
** Event #1433088   t=4681.617871550504   Elapsed: 4681.56s (1h 18m)  74% completed  (74% total)
     Speed:     ev/sec=563.751   simsec/sec=0.999773   ev/simsec=563.879
     Messages:  created: 179099   present: 15   in FES: 7
t=4682.272094 executing setDimmer(0.1)
** Event #1434368   t=4684.002321234747   Elapsed: 4683.95s (1h 18m)  74% completed  (74% total)
     Speed:     ev/sec=536.927   simsec/sec=1.00022   ev/simsec=536.811
     Messages:  created: 179257   present: 9   in FES: 5
** Event #1435392   t=4686.100211500114   Elapsed: 4686.05s (1h 18m)  74% completed  (74% total)
     Speed:     ev/sec=488.108   simsec/sec=0.999998   ev/simsec=488.109
     Messages:  created: 179385   present: 9   in FES: 5
** Event #1436416   t=4688.433801912972   Elapsed: 4688.38s (1h 18m)  74% completed  (74% total)
     Speed:     ev/sec=438.81   simsec/sec=1   ev/simsec=438.809
     Messages:  created: 179513   present: 9   in FES: 5
** Event #1437440   t=4691.19403577459   Elapsed: 4691.14s (1h 18m)  74% completed  (74% total)
     Speed:     ev/sec=370.983   simsec/sec=1   ev/simsec=370.983
     Messages:  created: 179641   present: 9   in FES: 5
** Event #1438464   t=4693.467965644688   Elapsed: 4693.41s (1h 18m)  74% completed  (74% total)
     Speed:     ev/sec=450.322   simsec/sec=1   ev/simsec=450.322
     Messages:  created: 179769   present: 9   in FES: 5
** Event #1439744   t=4696.292766388644   Elapsed: 4696.24s (1h 18m)  74% completed  (74% total)
     Speed:     ev/sec=453.129   simsec/sec=1   ev/simsec=453.129
     Messages:  created: 179929   present: 9   in FES: 5
** Event #1440256   t=4698.591183477869   Elapsed: 4698.54s (1h 18m)  74% completed  (74% total)
     Speed:     ev/sec=222.756   simsec/sec=0.999972   ev/simsec=222.762
     Messages:  created: 179993   present: 9   in FES: 5
** Event #1441536   t=4701.193827460621   Elapsed: 4701.14s (1h 18m)  74% completed  (74% total)
     Speed:     ev/sec=491.819   simsec/sec=1.00002   ev/simsec=491.808
     Messages:  created: 180153   present: 9   in FES: 5
** Event #1442304   t=4703.731319017841   Elapsed: 4703.68s (1h 18m)  74% completed  (74% total)
     Speed:     ev/sec=302.662   simsec/sec=1   ev/simsec=302.661
     Messages:  created: 180249   present: 9   in FES: 5
** Event #1443072   t=4706.413468635749   Elapsed: 4706.36s (1h 18m)  74% completed  (74% total)
     Speed:     ev/sec=286.338   simsec/sec=1   ev/simsec=286.337
     Messages:  created: 180345   present: 9   in FES: 5
** Event #1443840   t=4708.630310222506   Elapsed: 4708.58s (1h 18m)  74% completed  (74% total)
     Speed:     ev/sec=346.438   simsec/sec=0.999998   ev/simsec=346.439
     Messages:  created: 180441   present: 9   in FES: 5
** Event #1444608   t=4711.174561173173   Elapsed: 4711.12s (1h 18m)  74% completed  (74% total)
     Speed:     ev/sec=301.817   simsec/sec=0.999866   ev/simsec=301.857
     Messages:  created: 180537   present: 10   in FES: 6
** Event #1445376   t=4713.689932152991   Elapsed: 4713.64s (1h 18m)  74% completed  (74% total)
     Speed:     ev/sec=305.364   simsec/sec=1.00014   ev/simsec=305.323
     Messages:  created: 180633   present: 9   in FES: 5
** Event #1446400   t=4716.084576875762   Elapsed: 4716.03s (1h 18m)  74% completed  (74% total)
     Speed:     ev/sec=427.621   simsec/sec=1   ev/simsec=427.621
     Messages:  created: 180761   present: 9   in FES: 5
** Event #1446912   t=4718.454686084673   Elapsed: 4718.4s (1h 18m)  74% completed  (74% total)
     Speed:     ev/sec=215.968   simsec/sec=0.99974   ev/simsec=216.024
     Messages:  created: 180825   present: 10   in FES: 6
** Event #1447680   t=4720.552126998698   Elapsed: 4720.5s (1h 18m)  74% completed  (74% total)
     Speed:     ev/sec=366.268   simsec/sec=1.00029   ev/simsec=366.16
     Messages:  created: 180921   present: 9   in FES: 5
** Event #1448704   t=4722.841732611722   Elapsed: 4722.79s (1h 18m)  74% completed  (74% total)
     Speed:     ev/sec=447.239   simsec/sec=1   ev/simsec=447.239
     Messages:  created: 181049   present: 9   in FES: 5
** Event #1449728   t=4725.10103082125   Elapsed: 4725.05s (1h 18m)  75% completed  (75% total)
     Speed:     ev/sec=453.238   simsec/sec=1   ev/simsec=453.238
     Messages:  created: 181177   present: 9   in FES: 5
** Event #1450496   t=4727.692784272668   Elapsed: 4727.64s (1h 18m)  75% completed  (75% total)
     Speed:     ev/sec=296.107   simsec/sec=0.999266   ev/simsec=296.324
     Messages:  created: 181273   present: 10   in FES: 6
** Event #1451520   t=4729.749034727283   Elapsed: 4729.69s (1h 18m)  75% completed  (75% total)
     Speed:     ev/sec=498.455   simsec/sec=1.00093   ev/simsec=497.994
     Messages:  created: 181401   present: 9   in FES: 5
** Event #1453312   t=4731.827668607452   Elapsed: 4731.77s (1h 18m)  75% completed  (75% total)
     Speed:     ev/sec=862.105   simsec/sec=1   ev/simsec=862.105
     Messages:  created: 181625   present: 9   in FES: 5
** Event #1454336   t=4734.517888460895   Elapsed: 4734.46s (1h 18m)  75% completed  (75% total)
     Speed:     ev/sec=380.638   simsec/sec=1   ev/simsec=380.638
     Messages:  created: 181753   present: 9   in FES: 5
** Event #1455104   t=4737.012727765176   Elapsed: 4736.96s (1h 18m)  75% completed  (75% total)
     Speed:     ev/sec=307.835   simsec/sec=0.999999   ev/simsec=307.835
     Messages:  created: 181849   present: 9   in FES: 5
** Event #1455872   t=4739.389568604154   Elapsed: 4739.33s (1h 18m)  75% completed  (75% total)
     Speed:     ev/sec=323.118   simsec/sec=1   ev/simsec=323.118
     Messages:  created: 181945   present: 9   in FES: 5
** Event #1456640   t=4741.661114169656   Elapsed: 4741.61s (1h 19m)  75% completed  (75% total)
     Speed:     ev/sec=337.947   simsec/sec=0.999559   ev/simsec=338.096
     Messages:  created: 182040   present: 9   in FES: 5
** Event #1457408   t=4744.008607562868   Elapsed: 4743.95s (1h 19m)  75% completed  (75% total)
     Speed:     ev/sec=327.238   simsec/sec=1.00025   ev/simsec=327.157
     Messages:  created: 182136   present: 9   in FES: 5
** Event #1457920   t=4746.272784765826   Elapsed: 4746.22s (1h 19m)  75% completed  (75% total)
     Speed:     ev/sec=226.123   simsec/sec=0.999966   ev/simsec=226.131
     Messages:  created: 182200   present: 9   in FES: 5
** Event #1459200   t=4748.606437111719   Elapsed: 4748.56s (1h 19m)  75% completed  (75% total)
     Speed:     ev/sec=546.676   simsec/sec=0.99668   ev/simsec=548.496
     Messages:  created: 182360   present: 9   in FES: 5
** Event #1460736   t=4751.279705679808   Elapsed: 4751.23s (1h 19m)  75% completed  (75% total)
     Speed:     ev/sec=576.047   simsec/sec=1.00256   ev/simsec=574.578
     Messages:  created: 182552   present: 9   in FES: 5
** Event #1462272   t=4753.520233302543   Elapsed: 4753.47s (1h 19m)  75% completed  (75% total)
     Speed:     ev/sec=685.743   simsec/sec=1.00028   ev/simsec=685.553
     Messages:  created: 182744   present: 9   in FES: 5
** Event #1463552   t=4755.942530402871   Elapsed: 4755.89s (1h 19m)  75% completed  (75% total)
     Speed:     ev/sec=528.605   simsec/sec=1.00034   ev/simsec=528.424
     Messages:  created: 182904   present: 9   in FES: 5
** Event #1464320   t=4758.01576937881   Elapsed: 4757.96s (1h 19m)  75% completed  (75% total)
     Speed:     ev/sec=370.102   simsec/sec=0.999101   ev/simsec=370.435
     Messages:  created: 183000   present: 9   in FES: 5
** Event #1465088   t=4760.64959566809   Elapsed: 4760.6s (1h 19m)  75% completed  (75% total)
     Speed:     ev/sec=291.597   simsec/sec=1.00002   ev/simsec=291.591
     Messages:  created: 183096   present: 9   in FES: 5
** Event #1465856   t=4762.662070657821   Elapsed: 4762.61s (1h 19m)  75% completed  (75% total)
     Speed:     ev/sec=380.821   simsec/sec=0.997907   ev/simsec=381.62
     Messages:  created: 183192   present: 9   in FES: 5
** Event #1467136   t=4765.32091980967   Elapsed: 4765.27s (1h 19m)  75% completed  (75% total)
     Speed:     ev/sec=482.26   simsec/sec=1.00176   ev/simsec=481.411
     Messages:  created: 183352   present: 9   in FES: 5
** Event #1467904   t=4767.429064058072   Elapsed: 4767.38s (1h 19m)  75% completed  (75% total)
     Speed:     ev/sec=363.862   simsec/sec=0.998794   ev/simsec=364.301
     Messages:  created: 183448   present: 9   in FES: 5
** Event #1468928   t=4769.529135482093   Elapsed: 4769.48s (1h 19m)  75% completed  (75% total)
     Speed:     ev/sec=488.079   simsec/sec=1.00098   ev/simsec=487.602
     Messages:  created: 183576   present: 9   in FES: 5
** Event #1469952   t=4771.786981829448   Elapsed: 4771.74s (1h 19m)  75% completed  (75% total)
     Speed:     ev/sec=452.807   simsec/sec=0.998408   ev/simsec=453.53
     Messages:  created: 183704   present: 9   in FES: 5
** Event #1470720   t=4774.302495284937   Elapsed: 4774.25s (1h 19m)  75% completed  (75% total)
     Speed:     ev/sec=305.927   simsec/sec=1.00204   ev/simsec=305.305
     Messages:  created: 183800   present: 9   in FES: 5
** Event #1471488   t=4776.886726901573   Elapsed: 4776.83s (1h 19m)  75% completed  (75% total)
     Speed:     ev/sec=297.039   simsec/sec=0.999503   ev/simsec=297.187
     Messages:  created: 183896   present: 9   in FES: 5
** Event #1472256   t=4779.487209477423   Elapsed: 4779.43s (1h 19m)  75% completed  (75% total)
     Speed:     ev/sec=295.323   simsec/sec=0.999978   ev/simsec=295.33
     Messages:  created: 183992   present: 9   in FES: 5
** Event #1472768   t=4781.707809352507   Elapsed: 4781.65s (1h 19m)  75% completed  (75% total)
     Speed:     ev/sec=230.593   simsec/sec=1.00011   ev/simsec=230.568
     Messages:  created: 184056   present: 9   in FES: 5
** Event #1473536   t=4785.007524119943   Elapsed: 4784.95s (1h 19m)  75% completed  (75% total)
     Speed:     ev/sec=232.778   simsec/sec=1.00013   ev/simsec=232.747
     Messages:  created: 184152   present: 9   in FES: 5
** Event #1474304   t=4787.802284037579   Elapsed: 4787.75s (1h 19m)  75% completed  (75% total)
     Speed:     ev/sec=274.727   simsec/sec=0.999734   ev/simsec=274.8
     Messages:  created: 184248   present: 9   in FES: 5
** Event #1475584   t=4789.893171453992   Elapsed: 4789.84s (1h 19m)  76% completed  (76% total)
     Speed:     ev/sec=611.432   simsec/sec=0.998777   ev/simsec=612.18
     Messages:  created: 184408   present: 9   in FES: 5
** Event #1476864   t=4792.264486466546   Elapsed: 4792.21s (1h 19m)  76% completed  (76% total)
     Speed:     ev/sec=540.564   simsec/sec=1.00144   ev/simsec=539.785
     Messages:  created: 184568   present: 9   in FES: 5
** Event #1477888   t=4794.635486572418   Elapsed: 4794.6s (1h 19m)  76% completed  (76% total)
     Speed:     ev/sec=428.71   simsec/sec=0.992648   ev/simsec=431.885
     Messages:  created: 184696   present: 9   in FES: 5
** Event #1478656   t=4797.140960348049   Elapsed: 4797.1s (1h 19m)  76% completed  (76% total)
     Speed:     ev/sec=307.639   simsec/sec=1.00362   ev/simsec=306.529
     Messages:  created: 184792   present: 9   in FES: 5
** Event #1479680   t=4799.544014673867   Elapsed: 4799.49s (1h 19m)  76% completed  (76% total)
     Speed:     ev/sec=427.66   simsec/sec=1.0036   ev/simsec=426.124
     Messages:  created: 184920   present: 9   in FES: 5
** Event #1480704   t=4801.674911388866   Elapsed: 4801.62s (1h 20m)  76% completed  (76% total)
     Speed:     ev/sec=480.723   simsec/sec=1.00036   ev/simsec=480.549
     Messages:  created: 185048   present: 10   in FES: 6
** Event #1482240   t=4803.896866996995   Elapsed: 4803.86s (1h 20m)  76% completed  (76% total)
     Speed:     ev/sec=684.47   simsec/sec=0.990145   ev/simsec=691.283
     Messages:  created: 185239   present: 8   in FES: 4
** Event #1483264   t=4806.035969018603   Elapsed: 4806.01s (1h 20m)  76% completed  (76% total)
     Speed:     ev/sec=478.229   simsec/sec=0.999004   ev/simsec=478.706
     Messages:  created: 185367   present: 8   in FES: 4
** Event #1484288   t=4808.158852927144   Elapsed: 4808.12s (1h 20m)  76% completed  (76% total)
     Speed:     ev/sec=484.133   simsec/sec=1.00367   ev/simsec=482.363
     Messages:  created: 185495   present: 8   in FES: 4
** Event #1485568   t=4810.968491107833   Elapsed: 4810.93s (1h 20m)  76% completed  (76% total)
     Speed:     ev/sec=455.245   simsec/sec=0.999276   ev/simsec=455.575
     Messages:  created: 185655   present: 8   in FES: 4
** Event #1486592   t=4813.336188578605   Elapsed: 4813.32s (1h 20m)  76% completed  (76% total)
     Speed:     ev/sec=428.306   simsec/sec=0.990332   ev/simsec=432.488
     Messages:  created: 185783   present: 8   in FES: 4
** Event #1487872   t=4815.70294029229   Elapsed: 4815.65s (1h 20m)  76% completed  (76% total)
     Speed:     ev/sec=550.511   simsec/sec=1.01791   ev/simsec=540.826
     Messages:  created: 185944   present: 10   in FES: 6
** Event #1488896   t=4818.065454980942   Elapsed: 4818.01s (1h 20m)  76% completed  (76% total)
     Speed:     ev/sec=433.436   simsec/sec=0.999999   ev/simsec=433.436
     Messages:  created: 186072   present: 10   in FES: 6
** Event #1490176   t=4820.165495387534   Elapsed: 4820.11s (1h 20m)  76% completed  (76% total)
     Speed:     ev/sec=609.512   simsec/sec=1   ev/simsec=609.512
     Messages:  created: 186232   present: 10   in FES: 6
** Event #1491456   t=4822.512199210684   Elapsed: 4822.48s (1h 20m)  76% completed  (76% total)
     Speed:     ev/sec=539.665   simsec/sec=0.989402   ev/simsec=545.446
     Messages:  created: 186391   present: 8   in FES: 4
** Event #1492992   t=4824.75848597126   Elapsed: 4824.7s (1h 20m)  76% completed  (76% total)
     Speed:     ev/sec=691.534   simsec/sec=1.01132   ev/simsec=683.795
     Messages:  created: 186585   present: 12   in FES: 8
** Event #1494272   t=4827.367794731163   Elapsed: 4827.31s (1h 20m)  76% completed  (76% total)
     Speed:     ev/sec=490.551   simsec/sec=0.999998   ev/simsec=490.551
     Messages:  created: 186744   present: 10   in FES: 6
** Event #1495552   t=4829.722330209234   Elapsed: 4829.67s (1h 20m)  76% completed  (76% total)
     Speed:     ev/sec=542.772   simsec/sec=0.998419   ev/simsec=543.632
     Messages:  created: 186903   present: 8   in FES: 4
** Event #1496832   t=4831.954061334092   Elapsed: 4831.9s (1h 20m)  76% completed  (76% total)
     Speed:     ev/sec=574.507   simsec/sec=1.00168   ev/simsec=573.546
     Messages:  created: 187064   present: 10   in FES: 6
** Event #1498112   t=4834.596280049233   Elapsed: 4834.54s (1h 20m)  76% completed  (76% total)
     Speed:     ev/sec=484.412   simsec/sec=0.999939   ev/simsec=484.441
     Messages:  created: 187223   present: 8   in FES: 4
** Event #1498880   t=4837.610653067134   Elapsed: 4837.56s (1h 20m)  76% completed  (76% total)
     Speed:     ev/sec=254.251   simsec/sec=0.997928   ev/simsec=254.779
     Messages:  created: 187319   present: 8   in FES: 4
** Event #1499648   t=4839.908461132169   Elapsed: 4839.88s (1h 20m)  76% completed  (76% total)
     Speed:     ev/sec=331.459   simsec/sec=0.991705   ev/simsec=334.232
     Messages:  created: 187415   present: 8   in FES: 4
** Event #1500672   t=4842.470021383132   Elapsed: 4842.42s (1h 20m)  76% completed  (76% total)
     Speed:     ev/sec=403.798   simsec/sec=1.01011   ev/simsec=399.756
     Messages:  created: 187544   present: 10   in FES: 6
** Event #1501440   t=4844.681524898356   Elapsed: 4844.63s (1h 20m)  76% completed  (76% total)
     Speed:     ev/sec=347.275   simsec/sec=1   ev/simsec=347.275
     Messages:  created: 187640   present: 10   in FES: 6
** Event #1502720   t=4847.201420788476   Elapsed: 4847.15s (1h 20m)  76% completed  (76% total)
     Speed:     ev/sec=507.957   simsec/sec=1   ev/simsec=507.957
     Messages:  created: 187800   present: 10   in FES: 6
** Event #1503744   t=4849.307810943191   Elapsed: 4849.26s (1h 20m)  76% completed  (76% total)
     Speed:     ev/sec=485.335   simsec/sec=0.998345   ev/simsec=486.14
     Messages:  created: 187927   present: 8   in FES: 4
** Event #1504768   t=4851.350482885709   Elapsed: 4851.31s (1h 20m)  77% completed  (77% total)
     Speed:     ev/sec=499.892   simsec/sec=0.997183   ev/simsec=501.304
     Messages:  created: 188055   present: 8   in FES: 4
** Event #1506560   t=4853.672222801483   Elapsed: 4853.62s (1h 20m)  77% completed  (77% total)
     Speed:     ev/sec=774.927   simsec/sec=1.00401   ev/simsec=771.835
     Messages:  created: 188280   present: 10   in FES: 6
** Event #1507584   t=4855.772097748461   Elapsed: 4855.74s (1h 20m)  77% completed  (77% total)
     Speed:     ev/sec=481.814   simsec/sec=0.988036   ev/simsec=487.648
     Messages:  created: 188407   present: 8   in FES: 4
** Event #1508608   t=4858.261727811231   Elapsed: 4858.21s (1h 20m)  77% completed  (77% total)
     Speed:     ev/sec=415.55   simsec/sec=1.01032   ev/simsec=411.306
     Messages:  created: 188536   present: 10   in FES: 6
** Event #1509376   t=4860.475545805362   Elapsed: 4860.43s (1h 21m)  77% completed  (77% total)
     Speed:     ev/sec=345.691   simsec/sec=0.99648   ev/simsec=346.912
     Messages:  created: 188631   present: 9   in FES: 5
t=4862.090669 executing setDimmer(0.5)
** Event #1509888   t=4862.69276741324   Elapsed: 4862.64s (1h 21m)  77% completed  (77% total)
     Speed:     ev/sec=231.737   simsec/sec=1.00354   ev/simsec=230.92
     Messages:  created: 188695   present: 9   in FES: 5
** Event #1510912   t=4864.901471686644   Elapsed: 4864.85s (1h 21m)  77% completed  (77% total)
     Speed:     ev/sec=463.258   simsec/sec=0.99922   ev/simsec=463.62
     Messages:  created: 188823   present: 10   in FES: 6
** Event #1511936   t=4867.370004599636   Elapsed: 4867.32s (1h 21m)  77% completed  (77% total)
     Speed:     ev/sec=415.111   simsec/sec=1.0007   ev/simsec=414.821
     Messages:  created: 188952   present: 12   in FES: 7
** Event #1512704   t=4869.455240159157   Elapsed: 4869.41s (1h 21m)  77% completed  (77% total)
     Speed:     ev/sec=366.659   simsec/sec=0.995535   ev/simsec=368.304
     Messages:  created: 189047   present: 10   in FES: 6
** Event #1513472   t=4871.552986444341   Elapsed: 4871.5s (1h 21m)  77% completed  (77% total)
     Speed:     ev/sec=367.747   simsec/sec=1.00448   ev/simsec=366.107
     Messages:  created: 189144   present: 12   in FES: 7
** Event #1513984   t=4873.820284576928   Elapsed: 4873.77s (1h 21m)  77% completed  (77% total)
     Speed:     ev/sec=225.814   simsec/sec=0.999975   ev/simsec=225.819
     Messages:  created: 189207   present: 9   in FES: 5
** Event #1515008   t=4876.009612008202   Elapsed: 4875.96s (1h 21m)  77% completed  (77% total)
     Speed:     ev/sec=467.261   simsec/sec=0.999011   ev/simsec=467.724
     Messages:  created: 189335   present: 10   in FES: 6
** Event #1516544   t=4878.125314342742   Elapsed: 4878.07s (1h 21m)  77% completed  (77% total)
     Speed:     ev/sec=726.764   simsec/sec=1.00105   ev/simsec=726
     Messages:  created: 189529   present: 14   in FES: 7
** Event #1517824   t=4880.309291295658   Elapsed: 4880.25s (1h 21m)  77% completed  (77% total)
     Speed:     ev/sec=586.086   simsec/sec=0.999999   ev/simsec=586.087
     Messages:  created: 189688   present: 12   in FES: 8
** Event #1518848   t=4882.402326932275   Elapsed: 4882.35s (1h 21m)  77% completed  (77% total)
     Speed:     ev/sec=488.904   simsec/sec=0.99931   ev/simsec=489.242
     Messages:  created: 189815   present: 10   in FES: 6
** Event #1519616   t=4884.488194513007   Elapsed: 4884.43s (1h 21m)  77% completed  (77% total)
     Speed:     ev/sec=368.447   simsec/sec=1.00069   ev/simsec=368.192
     Messages:  created: 189911   present: 9   in FES: 5
** Event #1520896   t=4886.742228188335   Elapsed: 4886.69s (1h 21m)  77% completed  (77% total)
     Speed:     ev/sec=567.775   simsec/sec=0.999831   ev/simsec=567.871
     Messages:  created: 190071   present: 10   in FES: 6
** Event #1521664   t=4889.377576144096   Elapsed: 4889.32s (1h 21m)  77% completed  (77% total)
     Speed:     ev/sec=291.465   simsec/sec=1.00014   ev/simsec=291.423
     Messages:  created: 190167   present: 9   in FES: 5
** Event #1522432   t=4891.855887802384   Elapsed: 4891.8s (1h 21m)  77% completed  (77% total)
     Speed:     ev/sec=309.888   simsec/sec=1   ev/simsec=309.888
     Messages:  created: 190264   present: 12   in FES: 6
** Event #1523200   t=4895.170241001734   Elapsed: 4895.13s (1h 21m)  77% completed  (77% total)
     Speed:     ev/sec=231.025   simsec/sec=0.997005   ev/simsec=231.719
     Messages:  created: 190359   present: 10   in FES: 6
** Event #1524224   t=4897.390626992323   Elapsed: 4897.34s (1h 21m)  77% completed  (77% total)
     Speed:     ev/sec=463.259   simsec/sec=1.00451   ev/simsec=461.181
     Messages:  created: 190489   present: 14   in FES: 7
** Event #1524992   t=4899.434634558838   Elapsed: 4899.38s (1h 21m)  77% completed  (77% total)
     Speed:     ev/sec=375.732   simsec/sec=0.999999   ev/simsec=375.732
     Messages:  created: 190583   present: 9   in FES: 5
** Event #1525504   t=4901.667862382942   Elapsed: 4901.62s (1h 21m)  77% completed  (77% total)
     Speed:     ev/sec=228.308   simsec/sec=0.995829   ev/simsec=229.265
     Messages:  created: 190647   present: 10   in FES: 5
** Event #1526528   t=4904.313380458323   Elapsed: 4904.26s (1h 21m)  77% completed  (77% total)
     Speed:     ev/sec=387.549   simsec/sec=1.00124   ev/simsec=387.07
     Messages:  created: 190775   present: 10   in FES: 6
** Event #1527552   t=4906.58110116043   Elapsed: 4906.53s (1h 21m)  77% completed  (77% total)
     Speed:     ev/sec=452.483   simsec/sec=1.00206   ev/simsec=451.555
     Messages:  created: 190903   present: 10   in FES: 5
** Event #1528320   t=4908.609372172298   Elapsed: 4908.55s (1h 21m)  77% completed  (77% total)
     Speed:     ev/sec=378.915   simsec/sec=1.00071   ev/simsec=378.648
     Messages:  created: 190999   present: 9   in FES: 5
** Event #1529344   t=4910.932747502053   Elapsed: 4910.88s (1h 21m)  77% completed  (77% total)
     Speed:     ev/sec=440.733   simsec/sec=0.999988   ev/simsec=440.738
     Messages:  created: 191127   present: 9   in FES: 5
** Event #1530368   t=4913.093730521782   Elapsed: 4913.04s (1h 21m)  77% completed  (77% total)
     Speed:     ev/sec=473.864   simsec/sec=1.00001   ev/simsec=473.858
     Messages:  created: 191256   present: 12   in FES: 8
** Event #1531392   t=4915.371431414135   Elapsed: 4915.32s (1h 21m)  78% completed  (78% total)
     Speed:     ev/sec=449.577   simsec/sec=1   ev/simsec=449.576
     Messages:  created: 191385   present: 14   in FES: 7
** Event #1532160   t=4917.381193044503   Elapsed: 4917.33s (1h 21m)  78% completed  (78% total)
     Speed:     ev/sec=382.134   simsec/sec=0.999999   ev/simsec=382.135
     Messages:  created: 191479   present: 9   in FES: 5
** Event #1532672   t=4919.531059853258   Elapsed: 4919.48s (1h 21m)  78% completed  (78% total)
     Speed:     ev/sec=238.154   simsec/sec=1   ev/simsec=238.154
     Messages:  created: 191543   present: 9   in FES: 5
** Event #1534208   t=4921.619545380432   Elapsed: 4921.56s (1h 22m)  78% completed  (78% total)
     Speed:     ev/sec=735.462   simsec/sec=1   ev/simsec=735.461
     Messages:  created: 191735   present: 11   in FES: 7
** Event #1534976   t=4923.943153569711   Elapsed: 4923.89s (1h 22m)  78% completed  (78% total)
     Speed:     ev/sec=330.52   simsec/sec=1   ev/simsec=330.52
     Messages:  created: 191831   present: 11   in FES: 7
** Event #1535744   t=4926.26656957969   Elapsed: 4926.21s (1h 22m)  78% completed  (78% total)
     Speed:     ev/sec=330.548   simsec/sec=1   ev/simsec=330.548
     Messages:  created: 191928   present: 13   in FES: 8
** Event #1536768   t=4928.264496011362   Elapsed: 4928.21s (1h 22m)  78% completed  (78% total)
     Speed:     ev/sec=511.218   simsec/sec=0.997438   ev/simsec=512.531
     Messages:  created: 192054   present: 9   in FES: 5
** Event #1537792   t=4930.309245782882   Elapsed: 4930.25s (1h 22m)  78% completed  (78% total)
     Speed:     ev/sec=502.055   simsec/sec=1.00252   ev/simsec=500.795
     Messages:  created: 192183   present: 11   in FES: 7
** Event #1538560   t=4932.435385840674   Elapsed: 4932.4s (1h 22m)  78% completed  (78% total)
     Speed:     ev/sec=357.569   simsec/sec=0.989897   ev/simsec=361.218
     Messages:  created: 192278   present: 9   in FES: 5
** Event #1539584   t=4934.907767138979   Elapsed: 4934.87s (1h 22m)  78% completed  (78% total)
     Speed:     ev/sec=415.539   simsec/sec=1.00329   ev/simsec=414.176
     Messages:  created: 192406   present: 9   in FES: 5
** Event #1540352   t=4937.057354992644   Elapsed: 4937.07s (1h 22m)  78% completed  (78% total)
     Speed:     ev/sec=348.117   simsec/sec=0.974359   ev/simsec=357.278
     Messages:  created: 192502   present: 9   in FES: 5
** Event #1541376   t=4939.553752558227   Elapsed: 4939.5s (1h 22m)  78% completed  (78% total)
     Speed:     ev/sec=421.718   simsec/sec=1.0281   ev/simsec=410.191
     Messages:  created: 192630   present: 9   in FES: 5
** Event #1542144   t=4941.544816861779   Elapsed: 4941.5s (1h 22m)  78% completed  (78% total)
     Speed:     ev/sec=383.951   simsec/sec=0.995406   ev/simsec=385.723
     Messages:  created: 192726   present: 9   in FES: 5
** Event #1543168   t=4944.472129317952   Elapsed: 4944.44s (1h 22m)  78% completed  (78% total)
     Speed:     ev/sec=348.928   simsec/sec=0.997481   ev/simsec=349.809
     Messages:  created: 192854   present: 9   in FES: 5
** Event #1543936   t=4947.423144059358   Elapsed: 4947.38s (1h 22m)  78% completed  (78% total)
     Speed:     ev/sec=260.984   simsec/sec=1.00282   ev/simsec=260.249
     Messages:  created: 192950   present: 9   in FES: 5
** Event #1544960   t=4949.906689359172   Elapsed: 4949.87s (1h 22m)  78% completed  (78% total)
     Speed:     ev/sec=411.627   simsec/sec=0.998335   ev/simsec=412.314
     Messages:  created: 193078   present: 9   in FES: 5
** Event #1545728   t=4952.323941651995   Elapsed: 4952.27s (1h 22m)  78% completed  (78% total)
     Speed:     ev/sec=319.359   simsec/sec=1.00517   ev/simsec=317.716
     Messages:  created: 193174   present: 9   in FES: 5
** Event #1546496   t=4954.776320347476   Elapsed: 4954.74s (1h 22m)  78% completed  (78% total)
     Speed:     ev/sec=310.928   simsec/sec=0.992855   ev/simsec=313.165
     Messages:  created: 193270   present: 9   in FES: 5
** Event #1547264   t=4957.143362350443   Elapsed: 4957.09s (1h 22m)  78% completed  (78% total)
     Speed:     ev/sec=326.719   simsec/sec=1.00698   ev/simsec=324.456
     Messages:  created: 193366   present: 9   in FES: 5
** Event #1548032   t=4959.252500853062   Elapsed: 4959.21s (1h 22m)  78% completed  (78% total)
     Speed:     ev/sec=362.466   simsec/sec=0.995432   ev/simsec=364.13
     Messages:  created: 193462   present: 9   in FES: 5
** Event #1549056   t=4961.952988963297   Elapsed: 4961.92s (1h 22m)  78% completed  (78% total)
     Speed:     ev/sec=377.79   simsec/sec=0.996305   ev/simsec=379.191
     Messages:  created: 193590   present: 9   in FES: 5
** Event #1549824   t=4964.180229805389   Elapsed: 4964.14s (1h 22m)  78% completed  (78% total)
     Speed:     ev/sec=346.015   simsec/sec=1.00346   ev/simsec=344.821
     Messages:  created: 193686   present: 9   in FES: 5
** Event #1550592   t=4966.553425183975   Elapsed: 4966.51s (1h 22m)  78% completed  (78% total)
     Speed:     ev/sec=324.378   simsec/sec=1.00236   ev/simsec=323.614
     Messages:  created: 193782   present: 9   in FES: 5
** Event #1551616   t=4968.735302802503   Elapsed: 4968.68s (1h 22m)  78% completed  (78% total)
     Speed:     ev/sec=471.357   simsec/sec=1.00434   ev/simsec=469.321
     Messages:  created: 193910   present: 9   in FES: 5
** Event #1552128   t=4970.829564774108   Elapsed: 4970.77s (1h 22m)  78% completed  (78% total)
     Speed:     ev/sec=244.494   simsec/sec=1.00007   ev/simsec=244.478
     Messages:  created: 193975   present: 11   in FES: 7
** Event #1552896   t=4973.633375059962   Elapsed: 4973.58s (1h 22m)  78% completed  (78% total)
     Speed:     ev/sec=273.913   simsec/sec=0.999999   ev/simsec=273.913
     Messages:  created: 194071   present: 11   in FES: 7
** Event #1553408   t=4975.941372533828   Elapsed: 4975.92s (1h 22m)  78% completed  (78% total)
     Speed:     ev/sec=218.816   simsec/sec=0.986379   ev/simsec=221.837
     Messages:  created: 194134   present: 9   in FES: 5
** Event #1553920   t=4978.074572471129   Elapsed: 4978.02s (1h 22m)  79% completed  (79% total)
     Speed:     ev/sec=243.366   simsec/sec=1.01396   ev/simsec=240.015
     Messages:  created: 194198   present: 9   in FES: 5
** Event #1554688   t=4980.463238297843   Elapsed: 4980.42s (1h 23m)  79% completed  (79% total)
     Speed:     ev/sec=320.4   simsec/sec=0.996522   ev/simsec=321.518
     Messages:  created: 194294   present: 10   in FES: 6
** Event #1555456   t=4982.698624339003   Elapsed: 4982.66s (1h 23m)  79% completed  (79% total)
     Speed:     ev/sec=342.58   simsec/sec=0.997134   ev/simsec=343.565
     Messages:  created: 194389   present: 8   in FES: 4
** Event #1556224   t=4985.054342464382   Elapsed: 4985s (1h 23m)  79% completed  (79% total)
     Speed:     ev/sec=328.421   simsec/sec=1.00738   ev/simsec=326.015
     Messages:  created: 194486   present: 10   in FES: 6
** Event #1556992   t=4987.57466255887   Elapsed: 4987.52s (1h 23m)  79% completed  (79% total)
     Speed:     ev/sec=304.723   simsec/sec=1   ev/simsec=304.723
     Messages:  created: 194583   present: 12   in FES: 7
** Event #1557760   t=4989.673475055571   Elapsed: 4989.65s (1h 23m)  79% completed  (79% total)
     Speed:     ev/sec=359.84   simsec/sec=0.983382   ev/simsec=365.921
     Messages:  created: 194677   present: 8   in FES: 4
** Event #1559040   t=4992.294954045749   Elapsed: 4992.24s (1h 23m)  79% completed  (79% total)
     Speed:     ev/sec=494.97   simsec/sec=1.01371   ev/simsec=488.274
     Messages:  created: 194839   present: 12   in FES: 8
** Event #1559808   t=4994.800870219142   Elapsed: 4994.78s (1h 23m)  79% completed  (79% total)
     Speed:     ev/sec=302.718   simsec/sec=0.987741   ev/simsec=306.475
     Messages:  created: 194933   present: 8   in FES: 4
** Event #1560576   t=4997.013394719657   Elapsed: 4996.97s (1h 23m)  79% completed  (79% total)
     Speed:     ev/sec=349.573   simsec/sec=1.00708   ev/simsec=347.115
     Messages:  created: 195029   present: 8   in FES: 4
** Event #1561600   t=4999.940582230311   Elapsed: 4999.89s (1h 23m)  79% completed  (79% total)
     Speed:     ev/sec=350.816   simsec/sec=1.00284   ev/simsec=349.824
     Messages:  created: 195157   present: 8   in FES: 4
** Event #1562368   t=5002.321912682201   Elapsed: 5002.29s (1h 23m)  79% completed  (79% total)
     Speed:     ev/sec=320.329   simsec/sec=0.993241   ev/simsec=322.509
     Messages:  created: 195253   present: 8   in FES: 4
** Event #1563648   t=5004.617129872143   Elapsed: 5004.56s (1h 23m)  79% completed  (79% total)
     Speed:     ev/sec=563.443   simsec/sec=1.01033   ev/simsec=557.681
     Messages:  created: 195414   present: 10   in FES: 6
** Event #1564672   t=5006.866271691932   Elapsed: 5006.83s (1h 23m)  79% completed  (79% total)
     Speed:     ev/sec=452.128   simsec/sec=0.993066   ev/simsec=455.285
     Messages:  created: 195541   present: 8   in FES: 4
** Event #1565952   t=5009.386777358785   Elapsed: 5009.33s (1h 23m)  79% completed  (79% total)
     Speed:     ev/sec=511.019   simsec/sec=1.00627   ev/simsec=507.835
     Messages:  created: 195702   present: 11   in FES: 7
** Event #1566976   t=5012.069862107228   Elapsed: 5012.02s (1h 23m)  79% completed  (79% total)
     Speed:     ev/sec=381.651   simsec/sec=1   ev/simsec=381.65
     Messages:  created: 195830   present: 10   in FES: 6
** Event #1567744   t=5014.390610181029   Elapsed: 5014.34s (1h 23m)  79% completed  (79% total)
     Speed:     ev/sec=330.928   simsec/sec=1   ev/simsec=330.928
     Messages:  created: 195926   present: 10   in FES: 6
** Event #1569024   t=5016.449892877166   Elapsed: 5016.4s (1h 23m)  79% completed  (79% total)
     Speed:     ev/sec=621.472   simsec/sec=0.999834   ev/simsec=621.576
     Messages:  created: 196088   present: 16   in FES: 7
** Event #1570048   t=5019.192078601913   Elapsed: 5019.19s (1h 23m)  79% completed  (79% total)
     Speed:     ev/sec=366.993   simsec/sec=0.982776   ev/simsec=373.425
     Messages:  created: 196213   present: 8   in FES: 4
** Event #1570816   t=5021.409281364536   Elapsed: 5021.43s (1h 23m)  79% completed  (79% total)
     Speed:     ev/sec=341.747   simsec/sec=0.986619   ev/simsec=346.382
     Messages:  created: 196309   present: 8   in FES: 4
** Event #1571584   t=5024.792460905023   Elapsed: 5024.77s (1h 23m)  79% completed  (79% total)
     Speed:     ev/sec=230.433   simsec/sec=1.0151   ev/simsec=227.005
     Messages:  created: 196405   present: 8   in FES: 4
** Event #1572096   t=5026.980701752049   Elapsed: 5026.93s (1h 23m)  79% completed  (79% total)
     Speed:     ev/sec=237.027   simsec/sec=1.01303   ev/simsec=233.978
     Messages:  created: 196470   present: 11   in FES: 7
** Event #1572864   t=5029.548417173731   Elapsed: 5029.5s (1h 23m)  79% completed  (79% total)
     Speed:     ev/sec=298.266   simsec/sec=0.997217   ev/simsec=299.099
     Messages:  created: 196565   present: 8   in FES: 4
** Event #1573632   t=5032.683126101778   Elapsed: 5032.63s (1h 23m)  79% completed  (79% total)
     Speed:     ev/sec=245.56   simsec/sec=1.00229   ev/simsec=244.999
     Messages:  created: 196662   present: 10   in FES: 6
** Event #1574400   t=5035.623967833416   Elapsed: 5035.59s (1h 23m)  79% completed  (79% total)
     Speed:     ev/sec=258.944   simsec/sec=0.991555   ev/simsec=261.15
     Messages:  created: 196757   present: 8   in FES: 4
** Event #1575424   t=5037.746571444112   Elapsed: 5037.72s (1h 23m)  79% completed  (79% total)
     Speed:     ev/sec=481.793   simsec/sec=0.998686   ev/simsec=482.426
     Messages:  created: 196885   present: 8   in FES: 4
** Event #1575936   t=5039.92373653705   Elapsed: 5039.87s (1h 23m)  79% completed  (79% total)
     Speed:     ev/sec=238.215   simsec/sec=1.01295   ev/simsec=235.168
     Messages:  created: 196950   present: 11   in FES: 6
** Event #1576704   t=5042.601458238342   Elapsed: 5042.55s (1h 24m)  80% completed  (80% total)
     Speed:     ev/sec=286.811   simsec/sec=1   ev/simsec=286.811
     Messages:  created: 197045   present: 10   in FES: 6
** Event #1577472   t=5044.791328964277   Elapsed: 5044.74s (1h 24m)  80% completed  (80% total)
     Speed:     ev/sec=350.705   simsec/sec=0.999999   ev/simsec=350.706
     Messages:  created: 197142   present: 13   in FES: 7
** Event #1579008   t=5047.279570891983   Elapsed: 5047.22s (1h 24m)  80% completed  (80% total)
     Speed:     ev/sec=617.304   simsec/sec=1   ev/simsec=617.303
     Messages:  created: 197333   present: 10   in FES: 6
** Event #1580032   t=5050.533537862518   Elapsed: 5050.48s (1h 24m)  80% completed  (80% total)
     Speed:     ev/sec=314.693   simsec/sec=1   ev/simsec=314.693
     Messages:  created: 197461   present: 10   in FES: 6
** Event #1580800   t=5052.977392169001   Elapsed: 5052.92s (1h 24m)  80% completed  (80% total)
     Speed:     ev/sec=314.257   simsec/sec=0.999999   ev/simsec=314.258
     Messages:  created: 197558   present: 11   in FES: 7
** Event #1581312   t=5055.022707856888   Elapsed: 5054.97s (1h 24m)  80% completed  (80% total)
     Speed:     ev/sec=250.326   simsec/sec=0.999993   ev/simsec=250.328
     Messages:  created: 197621   present: 9   in FES: 5
** Event #1583104   t=5057.47634806991   Elapsed: 5057.42s (1h 24m)  80% completed  (80% total)
     Speed:     ev/sec=730.348   simsec/sec=1.00001   ev/simsec=730.343
     Messages:  created: 197845   present: 10   in FES: 6
** Event #1584128   t=5059.905289292618   Elapsed: 5059.85s (1h 24m)  80% completed  (80% total)
     Speed:     ev/sec=421.582   simsec/sec=0.999998   ev/simsec=421.583
     Messages:  created: 197973   present: 9   in FES: 5
** Event #1585152   t=5062.275962070846   Elapsed: 5062.22s (1h 24m)  80% completed  (80% total)
     Speed:     ev/sec=431.946   simsec/sec=1   ev/simsec=431.945
     Messages:  created: 198101   present: 10   in FES: 6
** Event #1585920   t=5064.286974522157   Elapsed: 5064.23s (1h 24m)  80% completed  (80% total)
     Speed:     ev/sec=381.896   simsec/sec=0.999997   ev/simsec=381.897
     Messages:  created: 198197   present: 9   in FES: 5
** Event #1586944   t=5066.336541780514   Elapsed: 5066.28s (1h 24m)  80% completed  (80% total)
     Speed:     ev/sec=499.619   simsec/sec=1   ev/simsec=499.618
     Messages:  created: 198325   present: 9   in FES: 5
** Event #1587968   t=5068.438764246655   Elapsed: 5068.38s (1h 24m)  80% completed  (80% total)
     Speed:     ev/sec=487.104   simsec/sec=1   ev/simsec=487.104
     Messages:  created: 198455   present: 14   in FES: 8
** Event #1589248   t=5070.491348508838   Elapsed: 5070.44s (1h 24m)  80% completed  (80% total)
     Speed:     ev/sec=623.604   simsec/sec=1   ev/simsec=623.604
     Messages:  created: 198614   present: 11   in FES: 6
** Event #1590272   t=5072.512132872571   Elapsed: 5072.46s (1h 24m)  80% completed  (80% total)
     Speed:     ev/sec=506.734   simsec/sec=1   ev/simsec=506.734
     Messages:  created: 198741   present: 9   in FES: 5
** Event #1591296   t=5077.105354977199   Elapsed: 5077.05s (1h 24m)  80% completed  (80% total)
     Speed:     ev/sec=222.937   simsec/sec=1   ev/simsec=222.937
     Messages:  created: 198871   present: 14   in FES: 8
** Event #1592832   t=5079.233516816177   Elapsed: 5079.18s (1h 24m)  80% completed  (80% total)
     Speed:     ev/sec=721.75   simsec/sec=1   ev/simsec=721.75
     Messages:  created: 199064   present: 17   in FES: 7
** Event #1594112   t=5081.463446283662   Elapsed: 5081.41s (1h 24m)  80% completed  (80% total)
     Speed:     ev/sec=574.009   simsec/sec=1   ev/simsec=574.009
     Messages:  created: 199221   present: 9   in FES: 5
** Event #1595136   t=5083.608481654869   Elapsed: 5083.55s (1h 24m)  80% completed  (80% total)
     Speed:     ev/sec=477.382   simsec/sec=1   ev/simsec=477.381
     Messages:  created: 199349   present: 9   in FES: 5
** Event #1596160   t=5086.554820035162   Elapsed: 5086.5s (1h 24m)  80% completed  (80% total)
     Speed:     ev/sec=347.55   simsec/sec=0.999999   ev/simsec=347.55
     Messages:  created: 199477   present: 9   in FES: 5
** Event #1596928   t=5088.608391418686   Elapsed: 5088.55s (1h 24m)  80% completed  (80% total)
     Speed:     ev/sec=373.983   simsec/sec=1   ev/simsec=373.983
     Messages:  created: 199574   present: 12   in FES: 7
** Event #1597696   t=5090.853501564651   Elapsed: 5090.8s (1h 24m)  80% completed  (80% total)
     Speed:     ev/sec=342.077   simsec/sec=1   ev/simsec=342.077
     Messages:  created: 199670   present: 12   in FES: 7
** Event #1599232   t=5093.179072170472   Elapsed: 5093.12s (1h 24m)  80% completed  (80% total)
     Speed:     ev/sec=660.484   simsec/sec=1   ev/simsec=660.483
     Messages:  created: 199861   present: 10   in FES: 6
** Event #1600768   t=5095.471315231554   Elapsed: 5095.42s (1h 24m)  80% completed  (80% total)
     Speed:     ev/sec=670.086   simsec/sec=1   ev/simsec=670.086
     Messages:  created: 200053   present: 10   in FES: 6
** Event #1601792   t=5097.615891934366   Elapsed: 5097.56s (1h 24m)  80% completed  (80% total)
     Speed:     ev/sec=477.483   simsec/sec=1   ev/simsec=477.484
     Messages:  created: 200181   present: 10   in FES: 6
** Event #1602560   t=5099.740069109119   Elapsed: 5099.69s (1h 24m)  80% completed  (80% total)
     Speed:     ev/sec=361.551   simsec/sec=0.999999   ev/simsec=361.552
     Messages:  created: 200279   present: 14   in FES: 8
** Event #1603840   t=5102.140124823593   Elapsed: 5102.09s (1h 25m)  80% completed  (80% total)
     Speed:     ev/sec=533.321   simsec/sec=1   ev/simsec=533.321
     Messages:  created: 200437   present: 10   in FES: 6
** Event #1604864   t=5104.470882128117   Elapsed: 5104.42s (1h 25m)  81% completed  (81% total)
     Speed:     ev/sec=439.343   simsec/sec=1   ev/simsec=439.342
     Messages:  created: 200566   present: 13   in FES: 8
** Event #1605632   t=5106.513213186402   Elapsed: 5106.46s (1h 25m)  81% completed  (81% total)
     Speed:     ev/sec=376.041   simsec/sec=0.999999   ev/simsec=376.041
     Messages:  created: 200660   present: 9   in FES: 5
** Event #1606656   t=5108.86806740509   Elapsed: 5108.81s (1h 25m)  81% completed  (81% total)
     Speed:     ev/sec=434.846   simsec/sec=1   ev/simsec=434.846
     Messages:  created: 200788   present: 9   in FES: 5
** Event #1607936   t=5111.031635989138   Elapsed: 5110.98s (1h 25m)  81% completed  (81% total)
     Speed:     ev/sec=591.615   simsec/sec=1   ev/simsec=591.615
     Messages:  created: 200950   present: 13   in FES: 8
** Event #1609216   t=5113.737512088552   Elapsed: 5113.68s (1h 25m)  81% completed  (81% total)
     Speed:     ev/sec=473.045   simsec/sec=1   ev/simsec=473.045
     Messages:  created: 201109   present: 10   in FES: 6
** Event #1610240   t=5116.401544315458   Elapsed: 5116.35s (1h 25m)  81% completed  (81% total)
     Speed:     ev/sec=384.379   simsec/sec=0.999999   ev/simsec=384.38
     Messages:  created: 201237   present: 11   in FES: 7
** Event #1611008   t=5118.814519600571   Elapsed: 5118.76s (1h 25m)  81% completed  (81% total)
     Speed:     ev/sec=318.279   simsec/sec=0.999999   ev/simsec=318.279
     Messages:  created: 201334   present: 13   in FES: 7
** Event #1611776   t=5120.924221909748   Elapsed: 5120.87s (1h 25m)  81% completed  (81% total)
     Speed:     ev/sec=364.033   simsec/sec=1   ev/simsec=364.032
     Messages:  created: 201429   present: 12   in FES: 7
** Event #1613056   t=5123.292181758724   Elapsed: 5123.24s (1h 25m)  81% completed  (81% total)
     Speed:     ev/sec=540.55   simsec/sec=1   ev/simsec=540.55
     Messages:  created: 201589   present: 10   in FES: 6
** Event #1613824   t=5125.69772514887   Elapsed: 5125.64s (1h 25m)  81% completed  (81% total)
     Speed:     ev/sec=319.263   simsec/sec=1   ev/simsec=319.263
     Messages:  created: 201685   present: 10   in FES: 6
** Event #1614848   t=5128.410116777692   Elapsed: 5128.36s (1h 25m)  81% completed  (81% total)
     Speed:     ev/sec=377.527   simsec/sec=1   ev/simsec=377.527
     Messages:  created: 201813   present: 10   in FES: 6
** Event #1615616   t=5130.715040234087   Elapsed: 5130.66s (1h 25m)  81% completed  (81% total)
     Speed:     ev/sec=333.2   simsec/sec=1   ev/simsec=333.2
     Messages:  created: 201908   present: 9   in FES: 5
** Event #1616640   t=5133.127704846195   Elapsed: 5133.07s (1h 25m)  81% completed  (81% total)
     Speed:     ev/sec=424.427   simsec/sec=0.999999   ev/simsec=424.427
     Messages:  created: 202038   present: 13   in FES: 7
** Event #1617664   t=5135.51054429754   Elapsed: 5135.46s (1h 25m)  81% completed  (81% total)
     Speed:     ev/sec=429.739   simsec/sec=0.999998   ev/simsec=429.739
     Messages:  created: 202165   present: 11   in FES: 6
** Event #1618432   t=5137.916774966209   Elapsed: 5137.86s (1h 25m)  81% completed  (81% total)
     Speed:     ev/sec=319.172   simsec/sec=1   ev/simsec=319.171
     Messages:  created: 202261   present: 10   in FES: 6
** Event #1619200   t=5139.957777871527   Elapsed: 5139.9s (1h 25m)  81% completed  (81% total)
     Speed:     ev/sec=376.286   simsec/sec=1   ev/simsec=376.286
     Messages:  created: 202356   present: 9   in FES: 5
** Event #1619968   t=5142.129148869517   Elapsed: 5142.07s (1h 25m)  81% completed  (81% total)
     Speed:     ev/sec=353.693   simsec/sec=1   ev/simsec=353.694
     Messages:  created: 202452   present: 9   in FES: 5
** Event #1621248   t=5144.397680113798   Elapsed: 5144.34s (1h 25m)  81% completed  (81% total)
     Speed:     ev/sec=564.242   simsec/sec=1   ev/simsec=564.242
     Messages:  created: 202612   present: 9   in FES: 5
** Event #1622016   t=5146.615842007047   Elapsed: 5146.56s (1h 25m)  81% completed  (81% total)
     Speed:     ev/sec=346.233   simsec/sec=1   ev/simsec=346.233
     Messages:  created: 202708   present: 9   in FES: 5
** Event #1623552   t=5148.807892808935   Elapsed: 5148.75s (1h 25m)  81% completed  (81% total)
     Speed:     ev/sec=700.715   simsec/sec=1   ev/simsec=700.714
     Messages:  created: 202901   present: 12   in FES: 7
** Event #1624576   t=5151.356226789095   Elapsed: 5151.3s (1h 25m)  81% completed  (81% total)
     Speed:     ev/sec=401.831   simsec/sec=0.999999   ev/simsec=401.831
     Messages:  created: 203029   present: 11   in FES: 7
** Event #1625600   t=5154.430850386272   Elapsed: 5154.38s (1h 25m)  81% completed  (81% total)
     Speed:     ev/sec=333.049   simsec/sec=1   ev/simsec=333.049
     Messages:  created: 203157   present: 10   in FES: 6
** Event #1626368   t=5156.895561810279   Elapsed: 5156.84s (1h 25m)  81% completed  (81% total)
     Speed:     ev/sec=311.598   simsec/sec=1   ev/simsec=311.598
     Messages:  created: 203253   present: 11   in FES: 6
** Event #1627136   t=5159.477794141538   Elapsed: 5159.42s (1h 25m)  81% completed  (81% total)
     Speed:     ev/sec=297.417   simsec/sec=1   ev/simsec=297.417
     Messages:  created: 203349   present: 10   in FES: 6
** Event #1627904   t=5161.63114655034   Elapsed: 5161.58s (1h 26m)  81% completed  (81% total)
     Speed:     ev/sec=356.651   simsec/sec=0.999993   ev/simsec=356.653
     Messages:  created: 203444   present: 9   in FES: 5
** Event #1628160   t=5164.59139012754   Elapsed: 5164.54s (1h 26m)  81% completed  (81% total)
     Speed:     ev/sec=86.4798   simsec/sec=1.00001   ev/simsec=86.4794
     Messages:  created: 203476   present: 9   in FES: 5
** Event #1628672   t=5167.214460609376   Elapsed: 5167.16s (1h 26m)  82% completed  (82% total)
     Speed:     ev/sec=195.191   simsec/sec=1   ev/simsec=195.191
     Messages:  created: 203540   present: 11   in FES: 7
** Event #1630208   t=5169.753135516826   Elapsed: 5169.7s (1h 26m)  82% completed  (82% total)
     Speed:     ev/sec=605.04   simsec/sec=1   ev/simsec=605.04
     Messages:  created: 203732   present: 9   in FES: 5
** Event #1631232   t=5172.229342666599   Elapsed: 5172.17s (1h 26m)  82% completed  (82% total)
     Speed:     ev/sec=413.536   simsec/sec=1   ev/simsec=413.536
     Messages:  created: 203860   present: 11   in FES: 7
** Event #1632256   t=5174.676995526364   Elapsed: 5174.62s (1h 26m)  82% completed  (82% total)
     Speed:     ev/sec=418.285   simsec/sec=0.99982   ev/simsec=418.36
     Messages:  created: 203989   present: 13   in FES: 7
** Event #1632768   t=5178.481762445835   Elapsed: 5178.43s (1h 26m)  82% completed  (82% total)
     Speed:     ev/sec=134.583   simsec/sec=1.00011   ev/simsec=134.568
     Messages:  created: 204053   present: 12   in FES: 7
** Event #1633024   t=5181.108166732044   Elapsed: 5181.05s (1h 26m)  82% completed  (82% total)
     Speed:     ev/sec=97.4719   simsec/sec=1   ev/simsec=97.4717
     Messages:  created: 204088   present: 20   in FES: 7
** Event #1634304   t=5183.128834163591   Elapsed: 5183.07s (1h 26m)  82% completed  (82% total)
     Speed:     ev/sec=633.457   simsec/sec=1   ev/simsec=633.454
     Messages:  created: 204244   present: 11   in FES: 7
** Event #1635328   t=5185.330920155988   Elapsed: 5185.28s (1h 26m)  82% completed  (82% total)
     Speed:     ev/sec=465.011   simsec/sec=0.999995   ev/simsec=465.014
     Messages:  created: 204372   present: 11   in FES: 7
** Event #1636352   t=5187.35865885744   Elapsed: 5187.3s (1h 26m)  82% completed  (82% total)
     Speed:     ev/sec=504.996   simsec/sec=1   ev/simsec=504.996
     Messages:  created: 204500   present: 10   in FES: 6
** Event #1637376   t=5189.700944964313   Elapsed: 5189.65s (1h 26m)  82% completed  (82% total)
     Speed:     ev/sec=437.052   simsec/sec=0.999707   ev/simsec=437.18
     Messages:  created: 204629   present: 13   in FES: 6
** Event #1638400   t=5192.142550285809   Elapsed: 5192.09s (1h 26m)  82% completed  (82% total)
     Speed:     ev/sec=419.514   simsec/sec=1.00028   ev/simsec=419.396
     Messages:  created: 204756   present: 11   in FES: 6
** Event #1639424   t=5194.243482783375   Elapsed: 5194.19s (1h 26m)  82% completed  (82% total)
     Speed:     ev/sec=487.402   simsec/sec=0.999999   ev/simsec=487.403
     Messages:  created: 204884   present: 9   in FES: 5
** Event #1640192   t=5196.507342953037   Elapsed: 5196.45s (1h 26m)  82% completed  (82% total)
     Speed:     ev/sec=339.244   simsec/sec=1   ev/simsec=339.244
     Messages:  created: 204980   present: 11   in FES: 7
** Event #1640960   t=5199.10757468225   Elapsed: 5199.05s (1h 26m)  82% completed  (82% total)
     Speed:     ev/sec=295.358   simsec/sec=1   ev/simsec=295.358
     Messages:  created: 205076   present: 9   in FES: 5
** Event #1641472   t=5201.441674249873   Elapsed: 5201.39s (1h 26m)  82% completed  (82% total)
     Speed:     ev/sec=219.347   simsec/sec=0.999955   ev/simsec=219.357
     Messages:  created: 205140   present: 9   in FES: 5
** Event #1642240   t=5203.642981436715   Elapsed: 5203.59s (1h 26m)  82% completed  (82% total)
     Speed:     ev/sec=348.9   simsec/sec=1.00005   ev/simsec=348.884
     Messages:  created: 205236   present: 11   in FES: 7
** Event #1643264   t=5206.456410678584   Elapsed: 5206.4s (1h 26m)  82% completed  (82% total)
     Speed:     ev/sec=363.968   simsec/sec=0.999999   ev/simsec=363.969
     Messages:  created: 205364   present: 10   in FES: 6
** Event #1644032   t=5209.222121028805   Elapsed: 5209.17s (1h 26m)  82% completed  (82% total)
     Speed:     ev/sec=277.686   simsec/sec=1   ev/simsec=277.686
     Messages:  created: 205460   present: 9   in FES: 5
** Event #1644800   t=5212.303482340697   Elapsed: 5212.25s (1h 26m)  82% completed  (82% total)
     Speed:     ev/sec=249.241   simsec/sec=1   ev/simsec=249.24
     Messages:  created: 205556   present: 9   in FES: 5
** Event #1645568   t=5214.686653944352   Elapsed: 5214.63s (1h 26m)  82% completed  (82% total)
     Speed:     ev/sec=322.259   simsec/sec=0.999999   ev/simsec=322.26
     Messages:  created: 205653   present: 12   in FES: 8
** Event #1646592   t=5217.436092064779   Elapsed: 5217.38s (1h 26m)  82% completed  (82% total)
     Speed:     ev/sec=372.44   simsec/sec=1   ev/simsec=372.44
     Messages:  created: 205780   present: 10   in FES: 6
** Event #1647360   t=5219.984609867082   Elapsed: 5219.93s (1h 26m)  82% completed  (82% total)
     Speed:     ev/sec=301.348   simsec/sec=0.999988   ev/simsec=301.352
     Messages:  created: 205876   present: 9   in FES: 5
** Event #1648128   t=5222.599638301641   Elapsed: 5222.54s (1h 27m)  82% completed  (82% total)
     Speed:     ev/sec=293.691   simsec/sec=1.00001   ev/simsec=293.687
     Messages:  created: 205971   present: 9   in FES: 5
** Event #1648896   t=5224.78947915279   Elapsed: 5224.73s (1h 27m)  82% completed  (82% total)
     Speed:     ev/sec=350.71   simsec/sec=0.999999   ev/simsec=350.71
     Messages:  created: 206067   present: 9   in FES: 5
** Event #1649664   t=5226.821932552662   Elapsed: 5226.77s (1h 27m)  82% completed  (82% total)
     Speed:     ev/sec=377.867   simsec/sec=0.999996   ev/simsec=377.868
     Messages:  created: 206165   present: 14   in FES: 7
** Event #1650944   t=5229.188159957364   Elapsed: 5229.13s (1h 27m)  83% completed  (83% total)
     Speed:     ev/sec=540.948   simsec/sec=1   ev/simsec=540.945
     Messages:  created: 206323   present: 10   in FES: 6
** Event #1651712   t=5231.330002980419   Elapsed: 5231.28s (1h 27m)  83% completed  (83% total)
     Speed:     ev/sec=358.569   simsec/sec=0.999999   ev/simsec=358.57
     Messages:  created: 206419   present: 9   in FES: 5
** Event #1652480   t=5233.510416606244   Elapsed: 5233.46s (1h 27m)  83% completed  (83% total)
     Speed:     ev/sec=352.227   simsec/sec=1   ev/simsec=352.227
     Messages:  created: 206515   present: 9   in FES: 5
** Event #1653504   t=5235.553983904918   Elapsed: 5235.5s (1h 27m)  83% completed  (83% total)
     Speed:     ev/sec=501.085   simsec/sec=1   ev/simsec=501.085
     Messages:  created: 206645   present: 14   in FES: 7
** Event #1654528   t=5238.050838427662   Elapsed: 5238s (1h 27m)  83% completed  (83% total)
     Speed:     ev/sec=410.116   simsec/sec=0.999999   ev/simsec=410.116
     Messages:  created: 206771   present: 9   in FES: 5
** Event #1655296   t=5240.639552136052   Elapsed: 5240.58s (1h 27m)  83% completed  (83% total)
     Speed:     ev/sec=296.672   simsec/sec=1   ev/simsec=296.672
     Messages:  created: 206867   present: 9   in FES: 5
** Event #1656064   t=5243.246439692305   Elapsed: 5243.19s (1h 27m)  83% completed  (83% total)
     Speed:     ev/sec=294.54   simsec/sec=0.99978   ev/simsec=294.604
     Messages:  created: 206964   present: 12   in FES: 7
** Event #1656832   t=5245.928402657089   Elapsed: 5245.87s (1h 27m)  83% completed  (83% total)
     Speed:     ev/sec=286.419   simsec/sec=1.00021   ev/simsec=286.357
     Messages:  created: 207059   present: 10   in FES: 6
** Event #1658112   t=5248.700628808334   Elapsed: 5248.65s (1h 27m)  83% completed  (83% total)
     Speed:     ev/sec=461.722   simsec/sec=0.999998   ev/simsec=461.723
     Messages:  created: 207219   present: 9   in FES: 5
** Event #1658624   t=5251.390119972865   Elapsed: 5251.34s (1h 27m)  83% completed  (83% total)
     Speed:     ev/sec=190.37   simsec/sec=0.999995   ev/simsec=190.371
     Messages:  created: 207283   present: 9   in FES: 5
** Event #1659136   t=5253.463033196142   Elapsed: 5253.41s (1h 27m)  83% completed  (83% total)
     Speed:     ev/sec=246.998   simsec/sec=1.00001   ev/simsec=246.995
     Messages:  created: 207347   present: 9   in FES: 5
** Event #1659904   t=5256.287039111055   Elapsed: 5256.23s (1h 27m)  83% completed  (83% total)
     Speed:     ev/sec=271.953   simsec/sec=0.999996   ev/simsec=271.954
     Messages:  created: 207443   present: 9   in FES: 5
** Event #1660672   t=5258.582415066345   Elapsed: 5258.53s (1h 27m)  83% completed  (83% total)
     Speed:     ev/sec=334.587   simsec/sec=1.00001   ev/simsec=334.586
     Messages:  created: 207539   present: 10   in FES: 6
** Event #1661440   t=5260.734841104815   Elapsed: 5260.68s (1h 27m)  83% completed  (83% total)
     Speed:     ev/sec=356.807   simsec/sec=1   ev/simsec=356.807
     Messages:  created: 207635   present: 9   in FES: 5
** Event #1662208   t=5263.176849867793   Elapsed: 5263.12s (1h 27m)  83% completed  (83% total)
     Speed:     ev/sec=314.495   simsec/sec=1   ev/simsec=314.495
     Messages:  created: 207731   present: 9   in FES: 5
** Event #1663232   t=5265.642534766148   Elapsed: 5265.59s (1h 27m)  83% completed  (83% total)
     Speed:     ev/sec=415.3   simsec/sec=1   ev/simsec=415.3
     Messages:  created: 207860   present: 11   in FES: 7
** Event #1664000   t=5267.768630284307   Elapsed: 5267.71s (1h 27m)  83% completed  (83% total)
     Speed:     ev/sec=361.225   simsec/sec=0.999998   ev/simsec=361.226
     Messages:  created: 207955   present: 9   in FES: 5
** Event #1664768   t=5270.010404808136   Elapsed: 5269.96s (1h 27m)  83% completed  (83% total)
     Speed:     ev/sec=342.586   simsec/sec=1   ev/simsec=342.586
     Messages:  created: 208051   present: 9   in FES: 5
** Event #1665536   t=5272.601672268429   Elapsed: 5272.55s (1h 27m)  83% completed  (83% total)
     Speed:     ev/sec=296.382   simsec/sec=1.00001   ev/simsec=296.38
     Messages:  created: 208147   present: 10   in FES: 6
** Event #1666048   t=5274.744542618596   Elapsed: 5274.69s (1h 27m)  83% completed  (83% total)
     Speed:     ev/sec=238.918   simsec/sec=0.999941   ev/simsec=238.932
     Messages:  created: 208211   present: 9   in FES: 5
** Event #1666560   t=5277.252983478393   Elapsed: 5277.2s (1h 27m)  83% completed  (83% total)
     Speed:     ev/sec=204.11   simsec/sec=0.999994   ev/simsec=204.111
     Messages:  created: 208275   present: 9   in FES: 5
** Event #1667328   t=5279.355549266526   Elapsed: 5279.3s (1h 27m)  83% completed  (83% total)
     Speed:     ev/sec=365.29   simsec/sec=1.00006   ev/simsec=365.268
     Messages:  created: 208371   present: 9   in FES: 5
** Event #1667840   t=5281.733509892966   Elapsed: 5281.68s (1h 28m)  83% completed  (83% total)
     Speed:     ev/sec=215.311   simsec/sec=1   ev/simsec=215.311
     Messages:  created: 208434   present: 9   in FES: 5
** Event #1668352   t=5284.494620479634   Elapsed: 5284.44s (1h 28m)  83% completed  (83% total)
     Speed:     ev/sec=185.433   simsec/sec=1   ev/simsec=185.433
     Messages:  created: 208499   present: 10   in FES: 6
** Event #1669120   t=5287.218328793753   Elapsed: 5287.16s (1h 28m)  83% completed  (83% total)
     Speed:     ev/sec=281.969   simsec/sec=1   ev/simsec=281.969
     Messages:  created: 208596   present: 14   in FES: 8
** Event #1670144   t=5289.804385774705   Elapsed: 5289.75s (1h 28m)  83% completed  (83% total)
     Speed:     ev/sec=395.97   simsec/sec=1   ev/simsec=395.97
     Messages:  created: 208722   present: 9   in FES: 5
** Event #1670912   t=5291.891500562659   Elapsed: 5291.84s (1h 28m)  83% completed  (83% total)
     Speed:     ev/sec=367.433   simsec/sec=0.998536   ev/simsec=367.972
     Messages:  created: 208819   present: 11   in FES: 6
** Event #1671936   t=5294.241295422315   Elapsed: 5294.19s (1h 28m)  84% completed  (84% total)
     Speed:     ev/sec=436.35   simsec/sec=1.0013   ev/simsec=435.783
     Messages:  created: 208947   present: 10   in FES: 6
** Event #1672960   t=5296.461664358504   Elapsed: 5296.41s (1h 28m)  84% completed  (84% total)
     Speed:     ev/sec=461.185   simsec/sec=1   ev/simsec=461.185
     Messages:  created: 209075   present: 10   in FES: 6
** Event #1673984   t=5299.167476700806   Elapsed: 5299.11s (1h 28m)  84% completed  (84% total)
     Speed:     ev/sec=378.445   simsec/sec=1   ev/simsec=378.445
     Messages:  created: 209202   present: 9   in FES: 5
** Event #1674752   t=5301.287044101716   Elapsed: 5301.23s (1h 28m)  84% completed  (84% total)
     Speed:     ev/sec=362.338   simsec/sec=0.999999   ev/simsec=362.338
     Messages:  created: 209299   present: 10   in FES: 6
** Event #1675520   t=5303.401650585054   Elapsed: 5303.35s (1h 28m)  84% completed  (84% total)
     Speed:     ev/sec=363.187   simsec/sec=0.999995   ev/simsec=363.188
     Messages:  created: 209395   present: 10   in FES: 6
** Event #1676544   t=5305.614188986123   Elapsed: 5305.56s (1h 28m)  84% completed  (84% total)
     Speed:     ev/sec=462.82   simsec/sec=1.00001   ev/simsec=462.817
     Messages:  created: 209523   present: 10   in FES: 6
** Event #1677312   t=5308.29874994186   Elapsed: 5308.24s (1h 28m)  84% completed  (84% total)
     Speed:     ev/sec=286.08   simsec/sec=0.999999   ev/simsec=286.08
     Messages:  created: 209619   present: 10   in FES: 6
** Event #1678336   t=5310.529753054877   Elapsed: 5310.48s (1h 28m)  84% completed  (84% total)
     Speed:     ev/sec=458.979   simsec/sec=0.999983   ev/simsec=458.986
     Messages:  created: 209746   present: 9   in FES: 5
** Event #1679616   t=5313.004494208338   Elapsed: 5312.95s (1h 28m)  84% completed  (84% total)
     Speed:     ev/sec=517.234   simsec/sec=1.00002   ev/simsec=517.226
     Messages:  created: 209906   present: 9   in FES: 5
** Event #1680384   t=5315.606746719512   Elapsed: 5315.55s (1h 28m)  84% completed  (84% total)
     Speed:     ev/sec=295.129   simsec/sec=1   ev/simsec=295.129
     Messages:  created: 210003   present: 10   in FES: 6
** Event #1681152   t=5318.145015313898   Elapsed: 5318.09s (1h 28m)  84% completed  (84% total)
     Speed:     ev/sec=302.568   simsec/sec=0.999998   ev/simsec=302.568
     Messages:  created: 210098   present: 9   in FES: 5
** Event #1681920   t=5320.195153310985   Elapsed: 5320.14s (1h 28m)  84% completed  (84% total)
     Speed:     ev/sec=374.609   simsec/sec=1   ev/simsec=374.609
     Messages:  created: 210195   present: 10   in FES: 6
** Event #1682688   t=5322.735875220747   Elapsed: 5322.68s (1h 28m)  84% completed  (84% total)
     Speed:     ev/sec=302.276   simsec/sec=1   ev/simsec=302.276
     Messages:  created: 210290   present: 9   in FES: 5
** Event #1683456   t=5325.337277244808   Elapsed: 5325.3s (1h 28m)  84% completed  (84% total)
     Speed:     ev/sec=293.665   simsec/sec=0.994714   ev/simsec=295.225
     Messages:  created: 210387   present: 11   in FES: 6
** Event #1683968   t=5327.641414918542   Elapsed: 5327.59s (1h 28m)  84% completed  (84% total)
     Speed:     ev/sec=223.55   simsec/sec=1.00604   ev/simsec=222.209
     Messages:  created: 210450   present: 9   in FES: 5
** Event #1684480   t=5330.48209131893   Elapsed: 5330.43s (1h 28m)  84% completed  (84% total)
     Speed:     ev/sec=180.239   simsec/sec=1   ev/simsec=180.239
     Messages:  created: 210514   present: 9   in FES: 5
** Event #1684992   t=5332.673087505671   Elapsed: 5332.62s (1h 28m)  84% completed  (84% total)
     Speed:     ev/sec=233.684   simsec/sec=1   ev/simsec=233.684
     Messages:  created: 210578   present: 9   in FES: 5
** Event #1685504   t=5334.884316255883   Elapsed: 5334.83s (1h 28m)  84% completed  (84% total)
     Speed:     ev/sec=231.123   simsec/sec=0.998178   ev/simsec=231.545
     Messages:  created: 210643   present: 11   in FES: 6
** Event #1686528   t=5337.680672512052   Elapsed: 5337.63s (1h 28m)  84% completed  (84% total)
     Speed:     ev/sec=366.72   simsec/sec=1.00145   ev/simsec=366.191
     Messages:  created: 210771   present: 10   in FES: 6
** Event #1687040   t=5340.018051810922   Elapsed: 5339.96s (1h 28m)  84% completed  (84% total)
     Speed:     ev/sec=219.049   simsec/sec=1   ev/simsec=219.049
     Messages:  created: 210834   present: 10   in FES: 6
** Event #1687808   t=5342.445856567594   Elapsed: 5342.39s (1h 29m)  84% completed  (84% total)
     Speed:     ev/sec=316.335   simsec/sec=1   ev/simsec=316.335
     Messages:  created: 210930   present: 9   in FES: 5
** Event #1688832   t=5344.815528846525   Elapsed: 5344.76s (1h 29m)  84% completed  (84% total)
     Speed:     ev/sec=431.998   simsec/sec=0.999701   ev/simsec=432.127
     Messages:  created: 211058   present: 10   in FES: 6
** Event #1689600   t=5347.061941542061   Elapsed: 5347.01s (1h 29m)  84% completed  (84% total)
     Speed:     ev/sec=341.986   simsec/sec=1.00031   ev/simsec=341.878
     Messages:  created: 211154   present: 9   in FES: 5
** Event #1690624   t=5349.291287265684   Elapsed: 5349.24s (1h 29m)  84% completed  (84% total)
     Speed:     ev/sec=459.32   simsec/sec=0.999983   ev/simsec=459.328
     Messages:  created: 211282   present: 9   in FES: 5
** Event #1691392   t=5352.121002589574   Elapsed: 5352.07s (1h 29m)  84% completed  (84% total)
     Speed:     ev/sec=271.409   simsec/sec=1.00001   ev/simsec=271.405
     Messages:  created: 211378   present: 9   in FES: 5
** Event #1692416   t=5354.273552415354   Elapsed: 5354.22s (1h 29m)  84% completed  (84% total)
     Speed:     ev/sec=475.178   simsec/sec=0.998871   ev/simsec=475.715
     Messages:  created: 211506   present: 10   in FES: 6
** Event #1693440   t=5356.504580883902   Elapsed: 5356.45s (1h 29m)  85% completed  (85% total)
     Speed:     ev/sec=459.059   simsec/sec=1.00017   ev/simsec=458.981
     Messages:  created: 211634   present: 10   in FES: 6
** Event #1694464   t=5359.690212371017   Elapsed: 5359.64s (1h 29m)  85% completed  (85% total)
     Speed:     ev/sec=321.416   simsec/sec=0.999916   ev/simsec=321.443
     Messages:  created: 211762   present: 10   in FES: 6
** Event #1695488   t=5362.27364256111   Elapsed: 5362.22s (1h 29m)  85% completed  (85% total)
     Speed:     ev/sec=396.729   simsec/sec=1.0009   ev/simsec=396.372
     Messages:  created: 211890   present: 9   in FES: 5
** Event #1696000   t=5364.632202184243   Elapsed: 5364.58s (1h 29m)  85% completed  (85% total)
     Speed:     ev/sec=217.082   simsec/sec=1   ev/simsec=217.082
     Messages:  created: 211954   present: 9   in FES: 5
** Event #1696768   t=5367.382226204248   Elapsed: 5367.33s (1h 29m)  85% completed  (85% total)
     Speed:     ev/sec=279.171   simsec/sec=0.999643   ev/simsec=279.27
     Messages:  created: 212050   present: 10   in FES: 6
** Event #1698048   t=5369.704834459651   Elapsed: 5369.65s (1h 29m)  85% completed  (85% total)
     Speed:     ev/sec=551.338   simsec/sec=1.00042   ev/simsec=551.105
     Messages:  created: 212211   present: 12   in FES: 8
** Event #1698816   t=5371.813623366323   Elapsed: 5371.76s (1h 29m)  85% completed  (85% total)
     Speed:     ev/sec=364.19   simsec/sec=0.999999   ev/simsec=364.19
     Messages:  created: 212306   present: 9   in FES: 5
** Event #1699584   t=5374.111477981883   Elapsed: 5374.06s (1h 29m)  85% completed  (85% total)
     Speed:     ev/sec=334.225   simsec/sec=1   ev/simsec=334.225
     Messages:  created: 212402   present: 9   in FES: 5
** Event #1700096   t=5376.211403753686   Elapsed: 5376.16s (1h 29m)  85% completed  (85% total)
     Speed:     ev/sec=243.818   simsec/sec=0.999999   ev/simsec=243.818
     Messages:  created: 212466   present: 9   in FES: 5
** Event #1700864   t=5378.486449426775   Elapsed: 5378.43s (1h 29m)  85% completed  (85% total)
     Speed:     ev/sec=337.576   simsec/sec=1   ev/simsec=337.576
     Messages:  created: 212562   present: 9   in FES: 5
** Event #1701376   t=5380.876796161895   Elapsed: 5380.82s (1h 29m)  85% completed  (85% total)
     Speed:     ev/sec=214.176   simsec/sec=0.999914   ev/simsec=214.195
     Messages:  created: 212626   present: 10   in FES: 6
** Event #1702656   t=5383.332563898963   Elapsed: 5383.28s (1h 29m)  85% completed  (85% total)
     Speed:     ev/sec=521.265   simsec/sec=1.00008   ev/simsec=521.222
     Messages:  created: 212786   present: 9   in FES: 5
** Event #1703424   t=5385.660549254574   Elapsed: 5385.61s (1h 29m)  85% completed  (85% total)
     Speed:     ev/sec=329.899   simsec/sec=1   ev/simsec=329.899
     Messages:  created: 212882   present: 9   in FES: 5
** Event #1704704   t=5388.198203802156   Elapsed: 5388.14s (1h 29m)  85% completed  (85% total)
     Speed:     ev/sec=504.328   simsec/sec=0.999852   ev/simsec=504.403
     Messages:  created: 213042   present: 10   in FES: 6
** Event #1705728   t=5390.812511057999   Elapsed: 5390.76s (1h 29m)  85% completed  (85% total)
     Speed:     ev/sec=391.281   simsec/sec=0.998954   ev/simsec=391.691
     Messages:  created: 213170   present: 10   in FES: 6
** Event #1706496   t=5392.887027499451   Elapsed: 5392.83s (1h 29m)  85% completed  (85% total)
     Speed:     ev/sec=370.764   simsec/sec=1.0015   ev/simsec=370.207
     Messages:  created: 213268   present: 14   in FES: 7
** Event #1708032   t=5394.942369741925   Elapsed: 5394.9s (1h 29m)  85% completed  (85% total)
     Speed:     ev/sec=743.651   simsec/sec=0.99509   ev/simsec=747.321
     Messages:  created: 213458   present: 10   in FES: 6
** Event #1709056   t=5396.982459281065   Elapsed: 5396.94s (1h 29m)  85% completed  (85% total)
     Speed:     ev/sec=501.525   simsec/sec=0.999175   ev/simsec=501.939
     Messages:  created: 213586   present: 10   in FES: 6
** Event #1710080   t=5399.434340046215   Elapsed: 5399.39s (1h 29m)  85% completed  (85% total)
     Speed:     ev/sec=418.042   simsec/sec=1.00097   ev/simsec=417.639
     Messages:  created: 213714   present: 10   in FES: 5
** Event #1710848   t=5401.768073311572   Elapsed: 5401.71s (1h 30m)  85% completed  (85% total)
     Speed:     ev/sec=330.275   simsec/sec=1.00361   ev/simsec=329.086
     Messages:  created: 213812   present: 17   in FES: 7
** Event #1711616   t=5404.079479875368   Elapsed: 5404.02s (1h 30m)  85% completed  (85% total)
     Speed:     ev/sec=332.417   simsec/sec=1.00046   ev/simsec=332.265
     Messages:  created: 213906   present: 11   in FES: 6
** Event #1712640   t=5406.524814446806   Elapsed: 5406.47s (1h 30m)  85% completed  (85% total)
     Speed:     ev/sec=418.687   simsec/sec=0.999833   ev/simsec=418.757
     Messages:  created: 214033   present: 9   in FES: 5
** Event #1713664   t=5409.065357942415   Elapsed: 5409.01s (1h 30m)  85% completed  (85% total)
     Speed:     ev/sec=402.949   simsec/sec=0.999716   ev/simsec=403.063
     Messages:  created: 214161   present: 9   in FES: 5
** Event #1714432   t=5411.652655192679   Elapsed: 5411.6s (1h 30m)  85% completed  (85% total)
     Speed:     ev/sec=296.506   simsec/sec=0.998891   ev/simsec=296.835
     Messages:  created: 214257   present: 9   in FES: 5
** Event #1714944   t=5414.15714501545   Elapsed: 5414.1s (1h 30m)  85% completed  (85% total)
     Speed:     ev/sec=204.739   simsec/sec=1.0015   ev/simsec=204.433
     Messages:  created: 214321   present: 9   in FES: 5
** Event #1715456   t=5416.545662392059   Elapsed: 5416.49s (1h 30m)  85% completed  (85% total)
     Speed:     ev/sec=214.27   simsec/sec=0.999585   ev/simsec=214.359
     Messages:  created: 214385   present: 9   in FES: 5
** Event #1716224   t=5419.344722409589   Elapsed: 5419.32s (1h 30m)  86% completed  (86% total)
     Speed:     ev/sec=271.553   simsec/sec=0.989704   ev/simsec=274.378
     Messages:  created: 214481   present: 9   in FES: 5
** Event #1716992   t=5422.166495458127   Elapsed: 5422.16s (1h 30m)  86% completed  (86% total)
     Speed:     ev/sec=270.625   simsec/sec=0.994325   ev/simsec=272.169
     Messages:  created: 214577   present: 9   in FES: 5
** Event #1717504   t=5424.219930136971   Elapsed: 5424.17s (1h 30m)  86% completed  (86% total)
     Speed:     ev/sec=254.802   simsec/sec=1.02191   ev/simsec=249.338
     Messages:  created: 214641   present: 9   in FES: 5
** Event #1718016   t=5426.716500949902   Elapsed: 5426.66s (1h 30m)  86% completed  (86% total)
     Speed:     ev/sec=205.079   simsec/sec=0.999989   ev/simsec=205.081
     Messages:  created: 214705   present: 9   in FES: 5
** Event #1719040   t=5429.156664193742   Elapsed: 5429.11s (1h 30m)  86% completed  (86% total)
     Speed:     ev/sec=418.962   simsec/sec=0.998375   ev/simsec=419.644
     Messages:  created: 214833   present: 9   in FES: 5
** Event #1719808   t=5431.848166778976   Elapsed: 5431.79s (1h 30m)  86% completed  (86% total)
     Speed:     ev/sec=285.913   simsec/sec=1.002   ev/simsec=285.342
     Messages:  created: 214929   present: 9   in FES: 5
** Event #1720576   t=5434.839152187002   Elapsed: 5434.79s (1h 30m)  86% completed  (86% total)
     Speed:     ev/sec=256.731   simsec/sec=0.999842   ev/simsec=256.772
     Messages:  created: 215025   present: 9   in FES: 5
** Event #1721088   t=5437.593630222451   Elapsed: 5437.54s (1h 30m)  86% completed  (86% total)
     Speed:     ev/sec=185.867   simsec/sec=0.999932   ev/simsec=185.879
     Messages:  created: 215089   present: 9   in FES: 5
** Event #1721600   t=5439.944845134953   Elapsed: 5439.89s (1h 30m)  86% completed  (86% total)
     Speed:     ev/sec=217.671   simsec/sec=0.999594   ev/simsec=217.76
     Messages:  created: 215153   present: 9   in FES: 5
** Event #1722112   t=5442.411794449513   Elapsed: 5442.36s (1h 30m)  86% completed  (86% total)
     Speed:     ev/sec=207.383   simsec/sec=0.999226   ev/simsec=207.544
     Messages:  created: 215217   present: 9   in FES: 5
** Event #1722624   t=5444.625164144065   Elapsed: 5444.57s (1h 30m)  86% completed  (86% total)
     Speed:     ev/sec=231.802   simsec/sec=1.00208   ev/simsec=231.322
     Messages:  created: 215282   present: 11   in FES: 6
** Event #1723392   t=5446.869163997991   Elapsed: 5446.81s (1h 30m)  86% completed  (86% total)
     Speed:     ev/sec=342.224   simsec/sec=0.999934   ev/simsec=342.246
     Messages:  created: 215377   present: 9   in FES: 5
** Event #1724416   t=5449.137822137523   Elapsed: 5449.09s (1h 30m)  86% completed  (86% total)
     Speed:     ev/sec=449.507   simsec/sec=0.995876   ev/simsec=451.368
     Messages:  created: 215505   present: 9   in FES: 5
** Event #1725440   t=5451.287186122141   Elapsed: 5451.24s (1h 30m)  86% completed  (86% total)
     Speed:     ev/sec=477.251   simsec/sec=1.00174   ev/simsec=476.42
     Messages:  created: 215633   present: 9   in FES: 5
** Event #1725952   t=5454.050275740882   Elapsed: 5454s (1h 30m)  86% completed  (86% total)
     Speed:     ev/sec=185.69   simsec/sec=1.0021   ev/simsec=185.3
     Messages:  created: 215698   present: 11   in FES: 7
** Event #1726720   t=5456.317842023962   Elapsed: 5456.27s (1h 30m)  86% completed  (86% total)
     Speed:     ev/sec=338.173   simsec/sec=0.998476   ev/simsec=338.689
     Messages:  created: 215793   present: 9   in FES: 5
** Event #1727488   t=5458.531937022855   Elapsed: 5458.48s (1h 30m)  86% completed  (86% total)
     Speed:     ev/sec=346.3   simsec/sec=0.99836   ev/simsec=346.869
     Messages:  created: 215889   present: 9   in FES: 5
** Event #1728256   t=5461.31022195412   Elapsed: 5461.32s (1h 31m)  86% completed  (86% total)
     Speed:     ev/sec=270.906   simsec/sec=0.980017   ev/simsec=276.43
     Messages:  created: 215984   present: 8   in FES: 4
** Event #1729280   t=5464.216773666364   Elapsed: 5464.16s (1h 31m)  86% completed  (86% total)
     Speed:     ev/sec=360.208   simsec/sec=1.02242   ev/simsec=352.308
     Messages:  created: 216113   present: 10   in FES: 6
** Event #1730048   t=5466.662518211275   Elapsed: 5466.64s (1h 31m)  86% completed  (86% total)
     Speed:     ev/sec=310.211   simsec/sec=0.987885   ev/simsec=314.015
     Messages:  created: 216208   present: 8   in FES: 4
** Event #1731072   t=5468.997267890414   Elapsed: 5468.94s (1h 31m)  86% completed  (86% total)
     Speed:     ev/sec=444.299   simsec/sec=1.01301   ev/simsec=438.591
     Messages:  created: 216338   present: 12   in FES: 7
** Event #1731840   t=5471.214965995865   Elapsed: 5471.16s (1h 31m)  86% completed  (86% total)
     Speed:     ev/sec=346.305   simsec/sec=1   ev/simsec=346.305
     Messages:  created: 216434   present: 12   in FES: 8
** Event #1732608   t=5473.510084370707   Elapsed: 5473.46s (1h 31m)  86% completed  (86% total)
     Speed:     ev/sec=334.623   simsec/sec=1   ev/simsec=334.623
     Messages:  created: 216530   present: 12   in FES: 7
** Event #1733632   t=5476.221255305873   Elapsed: 5476.17s (1h 31m)  86% completed  (86% total)
     Speed:     ev/sec=377.697   simsec/sec=1   ev/simsec=377.697
     Messages:  created: 216658   present: 12   in FES: 8
** Event #1734400   t=5478.548322140206   Elapsed: 5478.49s (1h 31m)  86% completed  (86% total)
     Speed:     ev/sec=330.029   simsec/sec=0.999999   ev/simsec=330.029
     Messages:  created: 216754   present: 13   in FES: 7
** Event #1735168   t=5480.62739087288   Elapsed: 5480.57s (1h 31m)  86% completed  (86% total)
     Speed:     ev/sec=369.397   simsec/sec=1   ev/simsec=369.396
     Messages:  created: 216849   present: 10   in FES: 6
** Event #1735680   t=5483.00088387867   Elapsed: 5482.98s (1h 31m)  87% completed  (87% total)
     Speed:     ev/sec=213.006   simsec/sec=0.987437   ev/simsec=215.716
     Messages:  created: 216912   present: 8   in FES: 4
** Event #1736448   t=5485.308127975637   Elapsed: 5485.25s (1h 31m)  87% completed  (87% total)
     Speed:     ev/sec=337.279   simsec/sec=1.01326   ev/simsec=332.865
     Messages:  created: 217009   present: 10   in FES: 6
** Event #1737216   t=5487.424365725771   Elapsed: 5487.38s (1h 31m)  87% completed  (87% total)
     Speed:     ev/sec=360.351   simsec/sec=0.992953   ev/simsec=362.908
     Messages:  created: 217104   present: 8   in FES: 4
** Event #1738240   t=5490.033814963093   Elapsed: 5489.98s (1h 31m)  87% completed  (87% total)
     Speed:     ev/sec=394.692   simsec/sec=1.00579   ev/simsec=392.42
     Messages:  created: 217233   present: 11   in FES: 7
** Event #1739264   t=5492.391456971211   Elapsed: 5492.34s (1h 31m)  87% completed  (87% total)
     Speed:     ev/sec=434.332   simsec/sec=1   ev/simsec=434.332
     Messages:  created: 217361   present: 11   in FES: 7
** Event #1740032   t=5494.578785487148   Elapsed: 5494.52s (1h 31m)  87% completed  (87% total)
     Speed:     ev/sec=351.113   simsec/sec=0.999999   ev/simsec=351.113
     Messages:  created: 217458   present: 13   in FES: 7
** Event #1740800   t=5496.725763169391   Elapsed: 5496.67s (1h 31m)  87% completed  (87% total)
     Speed:     ev/sec=357.373   simsec/sec=0.999052   ev/simsec=357.712
     Messages:  created: 217552   present: 8   in FES: 4
** Event #1741312   t=5498.754723018196   Elapsed: 5498.7s (1h 31m)  87% completed  (87% total)
     Speed:     ev/sec=252.6   simsec/sec=1.001   ev/simsec=252.346
     Messages:  created: 217618   present: 14   in FES: 8
** Event #1742336   t=5501.132228038476   Elapsed: 5501.09s (1h 31m)  87% completed  (87% total)
     Speed:     ev/sec=428.532   simsec/sec=0.994959   ev/simsec=430.704
     Messages:  created: 217744   present: 8   in FES: 4
** Event #1743104   t=5503.897031565624   Elapsed: 5503.86s (1h 31m)  87% completed  (87% total)
     Speed:     ev/sec=277.312   simsec/sec=0.998324   ev/simsec=277.777
     Messages:  created: 217840   present: 8   in FES: 4
** Event #1743616   t=5506.45924462578   Elapsed: 5506.48s (1h 31m)  87% completed  (87% total)
     Speed:     ev/sec=195.429   simsec/sec=0.977992   ev/simsec=199.827
     Messages:  created: 217904   present: 8   in FES: 4
** Event #1744384   t=5509.069311018204   Elapsed: 5509.01s (1h 31m)  87% completed  (87% total)
     Speed:     ev/sec=302.873   simsec/sec=1.02932   ev/simsec=294.245
     Messages:  created: 218001   present: 10   in FES: 6
** Event #1745152   t=5511.418460061877   Elapsed: 5511.36s (1h 31m)  87% completed  (87% total)
     Speed:     ev/sec=326.927   simsec/sec=1   ev/simsec=326.927
     Messages:  created: 218097   present: 10   in FES: 6
** Event #1745920   t=5514.910676083171   Elapsed: 5514.87s (1h 31m)  87% completed  (87% total)
     Speed:     ev/sec=219.263   simsec/sec=0.997025   ev/simsec=219.918
     Messages:  created: 218192   present: 8   in FES: 4
** Event #1746432   t=5516.939188785398   Elapsed: 5516.95s (1h 31m)  87% completed  (87% total)
     Speed:     ev/sec=245.513   simsec/sec=0.972707   ev/simsec=252.402
     Messages:  created: 218256   present: 8   in FES: 4
** Event #1747456   t=5519.058185652611   Elapsed: 5519s (1h 31m)  87% completed  (87% total)
     Speed:     ev/sec=499.109   simsec/sec=1.03282   ev/simsec=483.248
     Messages:  created: 218385   present: 11   in FES: 6
** Event #1748480   t=5521.107062607428   Elapsed: 5521.05s (1h 32m)  87% completed  (87% total)
     Speed:     ev/sec=499.785   simsec/sec=0.999999   ev/simsec=499.786
     Messages:  created: 218512   present: 9   in FES: 5
** Event #1748992   t=5523.223408770229   Elapsed: 5523.17s (1h 32m)  87% completed  (87% total)
     Speed:     ev/sec=241.927   simsec/sec=1   ev/simsec=241.926
     Messages:  created: 218577   present: 11   in FES: 7
** Event #1750016   t=5525.362030946003   Elapsed: 5525.31s (1h 32m)  87% completed  (87% total)
     Speed:     ev/sec=478.813   simsec/sec=1   ev/simsec=478.813
     Messages:  created: 218704   present: 10   in FES: 6
** Event #1751040   t=5527.529841992612   Elapsed: 5527.48s (1h 32m)  87% completed  (87% total)
     Speed:     ev/sec=472.366   simsec/sec=1   ev/simsec=472.366
     Messages:  created: 218832   present: 10   in FES: 6
** Event #1751552   t=5529.754819666433   Elapsed: 5529.7s (1h 32m)  87% completed  (87% total)
     Speed:     ev/sec=230.115   simsec/sec=0.999999   ev/simsec=230.115
     Messages:  created: 218896   present: 10   in FES: 6
** Event #1752320   t=5532.82784402216   Elapsed: 5532.77s (1h 32m)  87% completed  (87% total)
     Speed:     ev/sec=249.917   simsec/sec=1   ev/simsec=249.917
     Messages:  created: 218992   present: 9   in FES: 5
** Event #1752832   t=5535.218026949825   Elapsed: 5535.16s (1h 32m)  87% completed  (87% total)
     Speed:     ev/sec=214.21   simsec/sec=1   ev/simsec=214.21
     Messages:  created: 219057   present: 11   in FES: 7
** Event #1753344   t=5537.345275560945   Elapsed: 5537.29s (1h 32m)  87% completed  (87% total)
     Speed:     ev/sec=240.686   simsec/sec=0.999999   ev/simsec=240.686
     Messages:  created: 219120   present: 10   in FES: 6
** Event #1753856   t=5539.592468187066   Elapsed: 5539.54s (1h 32m)  87% completed  (87% total)
     Speed:     ev/sec=227.84   simsec/sec=1   ev/simsec=227.84
     Messages:  created: 219184   present: 9   in FES: 5
** Event #1754368   t=5542.012359884358   Elapsed: 5541.96s (1h 32m)  87% completed  (87% total)
     Speed:     ev/sec=211.58   simsec/sec=1   ev/simsec=211.58
     Messages:  created: 219248   present: 9   in FES: 5
** Event #1754880   t=5544.299264547635   Elapsed: 5544.24s (1h 32m)  88% completed  (88% total)
     Speed:     ev/sec=223.883   simsec/sec=1   ev/simsec=223.883
     Messages:  created: 219313   present: 12   in FES: 7
** Event #1755392   t=5546.433735715947   Elapsed: 5546.38s (1h 32m)  88% completed  (88% total)
     Speed:     ev/sec=239.872   simsec/sec=1   ev/simsec=239.872
     Messages:  created: 219377   present: 11   in FES: 7
** Event #1756160   t=5548.81786397587   Elapsed: 5548.76s (1h 32m)  88% completed  (88% total)
     Speed:     ev/sec=322.13   simsec/sec=1   ev/simsec=322.13
     Messages:  created: 219472   present: 10   in FES: 6
** Event #1756928   t=5551.134498025413   Elapsed: 5551.08s (1h 32m)  88% completed  (88% total)
     Speed:     ev/sec=331.515   simsec/sec=0.999999   ev/simsec=331.515
     Messages:  created: 219569   present: 11   in FES: 6
** Event #1758208   t=5553.510809239125   Elapsed: 5553.46s (1h 32m)  88% completed  (88% total)
     Speed:     ev/sec=538.65   simsec/sec=0.999999   ev/simsec=538.65
     Messages:  created: 219728   present: 9   in FES: 5
** Event #1758976   t=5556.036030092701   Elapsed: 5555.98s (1h 32m)  88% completed  (88% total)
     Speed:     ev/sec=304.131   simsec/sec=0.999999   ev/simsec=304.132
     Messages:  created: 219824   present: 9   in FES: 5
** Event #1760000   t=5558.350260203241   Elapsed: 5558.3s (1h 32m)  88% completed  (88% total)
     Speed:     ev/sec=442.481   simsec/sec=1   ev/simsec=442.48
     Messages:  created: 219953   present: 11   in FES: 7
** Event #1761024   t=5560.385897301645   Elapsed: 5560.33s (1h 32m)  88% completed  (88% total)
     Speed:     ev/sec=503.037   simsec/sec=1   ev/simsec=503.037
     Messages:  created: 220080   present: 10   in FES: 6
** Event #1762304   t=5562.610632177829   Elapsed: 5562.56s (1h 32m)  88% completed  (88% total)
     Speed:     ev/sec=575.349   simsec/sec=0.999999   ev/simsec=575.349
     Messages:  created: 220241   present: 13   in FES: 7
** Event #1763072   t=5564.770838910136   Elapsed: 5564.72s (1h 32m)  88% completed  (88% total)
     Speed:     ev/sec=355.522   simsec/sec=1   ev/simsec=355.522
     Messages:  created: 220336   present: 10   in FES: 6
** Event #1763840   t=5567.464899219452   Elapsed: 5567.41s (1h 32m)  88% completed  (88% total)
     Speed:     ev/sec=285.072   simsec/sec=1   ev/simsec=285.072
     Messages:  created: 220432   present: 10   in FES: 6
** Event #1764864   t=5570.06173331277   Elapsed: 5570.01s (1h 32m)  88% completed  (88% total)
     Speed:     ev/sec=394.326   simsec/sec=1   ev/simsec=394.326
     Messages:  created: 220560   present: 9   in FES: 5
** Event #1765376   t=5572.121925252262   Elapsed: 5572.07s (1h 32m)  88% completed  (88% total)
     Speed:     ev/sec=248.521   simsec/sec=1   ev/simsec=248.521
     Messages:  created: 220624   present: 10   in FES: 6
** Event #1765888   t=5574.171690750703   Elapsed: 5574.12s (1h 32m)  88% completed  (88% total)
     Speed:     ev/sec=249.785   simsec/sec=1   ev/simsec=249.785
     Messages:  created: 220688   present: 10   in FES: 6
** Event #1766656   t=5576.654891089421   Elapsed: 5576.6s (1h 32m)  88% completed  (88% total)
     Speed:     ev/sec=309.278   simsec/sec=1   ev/simsec=309.278
     Messages:  created: 220784   present: 10   in FES: 6
** Event #1767680   t=5579.080988439562   Elapsed: 5579.03s (1h 32m)  88% completed  (88% total)
     Speed:     ev/sec=422.077   simsec/sec=0.999999   ev/simsec=422.077
     Messages:  created: 220913   present: 11   in FES: 7
** Event #1768960   t=5581.507183790071   Elapsed: 5581.45s (1h 33m)  88% completed  (88% total)
     Speed:     ev/sec=527.574   simsec/sec=0.999998   ev/simsec=527.575
     Messages:  created: 221072   present: 10   in FES: 6
** Event #1770240   t=5583.790023154299   Elapsed: 5583.74s (1h 33m)  88% completed  (88% total)
     Speed:     ev/sec=560.706   simsec/sec=1   ev/simsec=560.705
     Messages:  created: 221232   present: 12   in FES: 6
** Event #1771264   t=5586.148662918029   Elapsed: 5586.09s (1h 33m)  88% completed  (88% total)
     Speed:     ev/sec=434.149   simsec/sec=1   ev/simsec=434.149
     Messages:  created: 221360   present: 10   in FES: 6
** Event #1772032   t=5588.401380188178   Elapsed: 5588.35s (1h 33m)  88% completed  (88% total)
     Speed:     ev/sec=340.922   simsec/sec=1   ev/simsec=340.922
     Messages:  created: 221456   present: 10   in FES: 6
** Event #1772800   t=5590.92434209831   Elapsed: 5590.87s (1h 33m)  88% completed  (88% total)
     Speed:     ev/sec=304.404   simsec/sec=1   ev/simsec=304.404
     Messages:  created: 221552   present: 10   in FES: 6
** Event #1773568   t=5593.183604204184   Elapsed: 5593.13s (1h 33m)  88% completed  (88% total)
     Speed:     ev/sec=339.934   simsec/sec=1   ev/simsec=339.934
     Messages:  created: 221647   present: 9   in FES: 5
** Event #1774080   t=5595.432089318181   Elapsed: 5595.38s (1h 33m)  88% completed  (88% total)
     Speed:     ev/sec=227.709   simsec/sec=0.999999   ev/simsec=227.709
     Messages:  created: 221712   present: 11   in FES: 6
** Event #1774848   t=5597.811750717366   Elapsed: 5597.76s (1h 33m)  88% completed  (88% total)
     Speed:     ev/sec=322.735   simsec/sec=1   ev/simsec=322.735
     Messages:  created: 221807   present: 9   in FES: 5
** Event #1775616   t=5599.97882629281   Elapsed: 5599.92s (1h 33m)  88% completed  (88% total)
     Speed:     ev/sec=354.394   simsec/sec=0.999999   ev/simsec=354.395
     Messages:  created: 221904   present: 10   in FES: 6
** Event #1776640   t=5602.662926214877   Elapsed: 5602.61s (1h 33m)  88% completed  (88% total)
     Speed:     ev/sec=381.506   simsec/sec=1   ev/simsec=381.506
     Messages:  created: 222031   present: 9   in FES: 5
** Event #1777408   t=5604.878382921425   Elapsed: 5604.82s (1h 33m)  88% completed  (88% total)
     Speed:     ev/sec=346.656   simsec/sec=1   ev/simsec=346.655
     Messages:  created: 222127   present: 9   in FES: 5
** Event #1778432   t=5607.746150934435   Elapsed: 5607.69s (1h 33m)  89% completed  (89% total)
     Speed:     ev/sec=357.071   simsec/sec=0.999998   ev/simsec=357.072
     Messages:  created: 222256   present: 10   in FES: 6
** Event #1779200   t=5609.784729298765   Elapsed: 5609.73s (1h 33m)  89% completed  (89% total)
     Speed:     ev/sec=376.734   simsec/sec=1   ev/simsec=376.733
     Messages:  created: 222353   present: 13   in FES: 7
** Event #1780224   t=5612.327124140382   Elapsed: 5612.27s (1h 33m)  89% completed  (89% total)
     Speed:     ev/sec=402.77   simsec/sec=1   ev/simsec=402.77
     Messages:  created: 222479   present: 9   in FES: 5
** Event #1780992   t=5614.347363680088   Elapsed: 5614.29s (1h 33m)  89% completed  (89% total)
     Speed:     ev/sec=380.153   simsec/sec=1   ev/simsec=380.153
     Messages:  created: 222576   present: 11   in FES: 6
** Event #1782528   t=5616.521493905879   Elapsed: 5616.47s (1h 33m)  89% completed  (89% total)
     Speed:     ev/sec=706.489   simsec/sec=1   ev/simsec=706.489
     Messages:  created: 222768   present: 11   in FES: 7
** Event #1783808   t=5618.71352221453   Elapsed: 5618.66s (1h 33m)  89% completed  (89% total)
     Speed:     ev/sec=583.934   simsec/sec=1   ev/simsec=583.934
     Messages:  created: 222928   present: 11   in FES: 7
** Event #1784832   t=5620.975950854425   Elapsed: 5620.92s (1h 33m)  89% completed  (89% total)
     Speed:     ev/sec=452.611   simsec/sec=1   ev/simsec=452.611
     Messages:  created: 223056   present: 11   in FES: 7
** Event #1785856   t=5623.044991598275   Elapsed: 5622.99s (1h 33m)  89% completed  (89% total)
     Speed:     ev/sec=494.915   simsec/sec=0.999999   ev/simsec=494.915
     Messages:  created: 223184   present: 11   in FES: 7
** Event #1786880   t=5625.362315187977   Elapsed: 5625.31s (1h 33m)  89% completed  (89% total)
     Speed:     ev/sec=441.889   simsec/sec=1   ev/simsec=441.889
     Messages:  created: 223313   present: 13   in FES: 7
** Event #1788160   t=5627.889584760356   Elapsed: 5627.83s (1h 33m)  89% completed  (89% total)
     Speed:     ev/sec=506.476   simsec/sec=1   ev/simsec=506.475
     Messages:  created: 223472   present: 11   in FES: 7
** Event #1789184   t=5630.400912921818   Elapsed: 5630.35s (1h 33m)  89% completed  (89% total)
     Speed:     ev/sec=407.752   simsec/sec=1   ev/simsec=407.752
     Messages:  created: 223599   present: 9   in FES: 5
** Event #1789952   t=5632.615905378465   Elapsed: 5632.56s (1h 33m)  89% completed  (89% total)
     Speed:     ev/sec=346.728   simsec/sec=0.999999   ev/simsec=346.728
     Messages:  created: 223696   present: 11   in FES: 7
** Event #1790720   t=5634.752422153719   Elapsed: 5634.7s (1h 33m)  89% completed  (89% total)
     Speed:     ev/sec=359.462   simsec/sec=0.999995   ev/simsec=359.464
     Messages:  created: 223792   present: 10   in FES: 6
** Event #1792256   t=5637.016191111474   Elapsed: 5636.96s (1h 33m)  89% completed  (89% total)
     Speed:     ev/sec=678.518   simsec/sec=1.00001   ev/simsec=678.514
     Messages:  created: 223984   present: 10   in FES: 6
** Event #1793280   t=5639.676845427207   Elapsed: 5639.62s (1h 33m)  89% completed  (89% total)
     Speed:     ev/sec=384.867   simsec/sec=0.999999   ev/simsec=384.868
     Messages:  created: 224111   present: 9   in FES: 5
** Event #1793792   t=5642.248356424579   Elapsed: 5642.19s (1h 34m)  89% completed  (89% total)
     Speed:     ev/sec=199.105   simsec/sec=1   ev/simsec=199.105
     Messages:  created: 224175   present: 9   in FES: 5
** Event #1794560   t=5644.470005814372   Elapsed: 5644.42s (1h 34m)  89% completed  (89% total)
     Speed:     ev/sec=345.689   simsec/sec=1   ev/simsec=345.689
     Messages:  created: 224271   present: 10   in FES: 6
** Event #1795072   t=5647.235767058337   Elapsed: 5647.18s (1h 34m)  89% completed  (89% total)
     Speed:     ev/sec=185.121   simsec/sec=1   ev/simsec=185.121
     Messages:  created: 224335   present: 10   in FES: 6
** Event #1795840   t=5649.692997519021   Elapsed: 5649.64s (1h 34m)  89% completed  (89% total)
     Speed:     ev/sec=312.546   simsec/sec=0.999998   ev/simsec=312.547
     Messages:  created: 224431   present: 9   in FES: 5
** Event #1796608   t=5651.995312582363   Elapsed: 5651.94s (1h 34m)  89% completed  (89% total)
     Speed:     ev/sec=333.578   simsec/sec=1   ev/simsec=333.577
     Messages:  created: 224528   present: 12   in FES: 6
** Event #1797120   t=5654.854710659663   Elapsed: 5654.8s (1h 34m)  89% completed  (89% total)
     Speed:     ev/sec=179.059   simsec/sec=1   ev/simsec=179.059
     Messages:  created: 224591   present: 9   in FES: 5
** Event #1797632   t=5657.148990256901   Elapsed: 5657.09s (1h 34m)  89% completed  (89% total)
     Speed:     ev/sec=223.162   simsec/sec=0.999994   ev/simsec=223.164
     Messages:  created: 224655   present: 10   in FES: 6
** Event #1798144   t=5659.167525769025   Elapsed: 5659.11s (1h 34m)  89% completed  (89% total)
     Speed:     ev/sec=253.651   simsec/sec=1.00001   ev/simsec=253.649
     Messages:  created: 224719   present: 9   in FES: 5
** Event #1799168   t=5661.386324189965   Elapsed: 5661.33s (1h 34m)  89% completed  (89% total)
     Speed:     ev/sec=461.511   simsec/sec=0.999999   ev/simsec=461.511
     Messages:  created: 224847   present: 11   in FES: 7
** Event #1800192   t=5664.303467994686   Elapsed: 5664.25s (1h 34m)  89% completed  (89% total)
     Speed:     ev/sec=351.027   simsec/sec=0.999996   ev/simsec=351.028
     Messages:  created: 224975   present: 9   in FES: 5
** Event #1801216   t=5666.923281727765   Elapsed: 5666.87s (1h 34m)  89% completed  (89% total)
     Speed:     ev/sec=390.869   simsec/sec=1   ev/simsec=390.867
     Messages:  created: 225103   present: 10   in FES: 6
** Event #1802240   t=5669.374704920921   Elapsed: 5669.32s (1h 34m)  89% completed  (89% total)
     Speed:     ev/sec=417.725   simsec/sec=1.00002   ev/simsec=417.717
     Messages:  created: 225231   present: 10   in FES: 6
** Event #1803008   t=5672.420676678134   Elapsed: 5672.37s (1h 34m)  90% completed  (90% total)
     Speed:     ev/sec=252.132   simsec/sec=0.999985   ev/simsec=252.136
     Messages:  created: 225327   present: 10   in FES: 6
** Event #1803776   t=5674.998595618885   Elapsed: 5674.94s (1h 34m)  90% completed  (90% total)
     Speed:     ev/sec=297.915   simsec/sec=1   ev/simsec=297.915
     Messages:  created: 225423   present: 10   in FES: 6
** Event #1804544   t=5677.073604682234   Elapsed: 5677.02s (1h 34m)  90% completed  (90% total)
     Speed:     ev/sec=370.119   simsec/sec=1   ev/simsec=370.119
     Messages:  created: 225519   present: 9   in FES: 5
** Event #1805312   t=5679.280277064999   Elapsed: 5679.23s (1h 34m)  90% completed  (90% total)
     Speed:     ev/sec=348.036   simsec/sec=1   ev/simsec=348.035
     Messages:  created: 225615   present: 11   in FES: 7
** Event #1806080   t=5681.381847195035   Elapsed: 5681.33s (1h 34m)  90% completed  (90% total)
     Speed:     ev/sec=365.441   simsec/sec=1   ev/simsec=365.441
     Messages:  created: 225711   present: 9   in FES: 5
** Event #1806592   t=5683.621727750077   Elapsed: 5683.57s (1h 34m)  90% completed  (90% total)
     Speed:     ev/sec=228.583   simsec/sec=0.999999   ev/simsec=228.584
     Messages:  created: 225775   present: 10   in FES: 6
** Event #1807360   t=5686.508942775124   Elapsed: 5686.45s (1h 34m)  90% completed  (90% total)
     Speed:     ev/sec=266   simsec/sec=1   ev/simsec=266
     Messages:  created: 225871   present: 11   in FES: 7
** Event #1808128   t=5688.872644118256   Elapsed: 5688.82s (1h 34m)  90% completed  (90% total)
     Speed:     ev/sec=324.914   simsec/sec=1   ev/simsec=324.914
     Messages:  created: 225968   present: 12   in FES: 6
** Event #1809152   t=5691.170883645763   Elapsed: 5691.12s (1h 34m)  90% completed  (90% total)
     Speed:     ev/sec=445.559   simsec/sec=1   ev/simsec=445.558
     Messages:  created: 226095   present: 11   in FES: 6
** Event #1809920   t=5693.450985135158   Elapsed: 5693.4s (1h 34m)  90% completed  (90% total)
     Speed:     ev/sec=336.827   simsec/sec=1   ev/simsec=336.827
     Messages:  created: 226192   present: 12   in FES: 7
** Event #1810688   t=5695.650569527351   Elapsed: 5695.6s (1h 34m)  90% completed  (90% total)
     Speed:     ev/sec=347.78   simsec/sec=0.996057   ev/simsec=349.157
     Messages:  created: 226288   present: 13   in FES: 7
** Event #1811712   t=5698.667276450073   Elapsed: 5698.61s (1h 34m)  90% completed  (90% total)
     Speed:     ev/sec=340.425   simsec/sec=1.00289   ev/simsec=339.443
     Messages:  created: 226415   present: 9   in FES: 5
** Event #1812480   t=5701.266478164163   Elapsed: 5701.21s (1h 35m)  90% completed  (90% total)
     Speed:     ev/sec=295.475   simsec/sec=1   ev/simsec=295.475
     Messages:  created: 226510   present: 9   in FES: 5
** Event #1813248   t=5704.421770923863   Elapsed: 5704.37s (1h 35m)  90% completed  (90% total)
     Speed:     ev/sec=243.401   simsec/sec=1   ev/simsec=243.401
     Messages:  created: 226606   present: 10   in FES: 6
** Event #1814016   t=5706.982858347915   Elapsed: 5706.93s (1h 35m)  90% completed  (90% total)
     Speed:     ev/sec=299.807   simsec/sec=0.999783   ev/simsec=299.873
     Messages:  created: 226703   present: 12   in FES: 7
** Event #1814528   t=5709.013882159433   Elapsed: 5708.96s (1h 35m)  90% completed  (90% total)
     Speed:     ev/sec=252.159   simsec/sec=1.00027   ev/simsec=252.09
     Messages:  created: 226767   present: 11   in FES: 6
** Event #1815552   t=5711.292623844916   Elapsed: 5711.24s (1h 35m)  90% completed  (90% total)
     Speed:     ev/sec=449.371   simsec/sec=1   ev/simsec=449.371
     Messages:  created: 226894   present: 10   in FES: 6
** Event #1817088   t=5713.389545707111   Elapsed: 5713.33s (1h 35m)  90% completed  (90% total)
     Speed:     ev/sec=732.502   simsec/sec=1   ev/simsec=732.502
     Messages:  created: 227087   present: 11   in FES: 6
** Event #1817856   t=5716.210830671159   Elapsed: 5716.16s (1h 35m)  90% completed  (90% total)
     Speed:     ev/sec=272.216   simsec/sec=1   ev/simsec=272.216
     Messages:  created: 227183   present: 11   in FES: 7
** Event #1818624   t=5718.800508056659   Elapsed: 5718.75s (1h 35m)  90% completed  (90% total)
     Speed:     ev/sec=296.562   simsec/sec=0.999999   ev/simsec=296.562
     Messages:  created: 227278   present: 10   in FES: 6
** Event #1819392   t=5721.214127785322   Elapsed: 5721.16s (1h 35m)  90% completed  (90% total)
     Speed:     ev/sec=318.194   simsec/sec=0.999999   ev/simsec=318.194
     Messages:  created: 227375   present: 11   in FES: 6
** Event #1820160   t=5723.380815119703   Elapsed: 5723.33s (1h 35m)  90% completed  (90% total)
     Speed:     ev/sec=354.458   simsec/sec=1   ev/simsec=354.458
     Messages:  created: 227470   present: 10   in FES: 6
** Event #1821440   t=5725.406630350321   Elapsed: 5725.35s (1h 35m)  90% completed  (90% total)
     Speed:     ev/sec=631.844   simsec/sec=1   ev/simsec=631.844
     Messages:  created: 227631   present: 11   in FES: 7
** Event #1822464   t=5727.795296939916   Elapsed: 5727.74s (1h 35m)  90% completed  (90% total)
     Speed:     ev/sec=428.691   simsec/sec=1   ev/simsec=428.691
     Messages:  created: 227758   present: 9   in FES: 5
** Event #1823232   t=5730.887714050902   Elapsed: 5730.83s (1h 35m)  90% completed  (90% total)
     Speed:     ev/sec=248.35   simsec/sec=1   ev/simsec=248.349
     Messages:  created: 227854   present: 9   in FES: 5
** Event #1824000   t=5733.426219502022   Elapsed: 5733.37s (1h 35m)  91% completed  (91% total)
     Speed:     ev/sec=302.54   simsec/sec=1   ev/simsec=302.54
     Messages:  created: 227950   present: 10   in FES: 6
** Event #1825280   t=5736.031534456357   Elapsed: 5735.98s (1h 35m)  91% completed  (91% total)
     Speed:     ev/sec=491.303   simsec/sec=1   ev/simsec=491.303
     Messages:  created: 228110   present: 10   in FES: 6
** Event #1826048   t=5738.943979334171   Elapsed: 5738.89s (1h 35m)  91% completed  (91% total)
     Speed:     ev/sec=263.696   simsec/sec=1   ev/simsec=263.696
     Messages:  created: 228206   present: 10   in FES: 6
** Event #1827072   t=5741.669044564278   Elapsed: 5741.61s (1h 35m)  91% completed  (91% total)
     Speed:     ev/sec=375.771   simsec/sec=1   ev/simsec=375.771
     Messages:  created: 228334   present: 10   in FES: 6
** Event #1827840   t=5744.423788118397   Elapsed: 5744.37s (1h 35m)  91% completed  (91% total)
     Speed:     ev/sec=278.792   simsec/sec=1   ev/simsec=278.792
     Messages:  created: 228430   present: 10   in FES: 6
** Event #1828608   t=5746.542707996763   Elapsed: 5746.49s (1h 35m)  91% completed  (91% total)
     Speed:     ev/sec=362.449   simsec/sec=1   ev/simsec=362.449
     Messages:  created: 228528   present: 14   in FES: 8
** Event #1829632   t=5748.822423703196   Elapsed: 5748.77s (1h 35m)  91% completed  (91% total)
     Speed:     ev/sec=449.179   simsec/sec=0.999999   ev/simsec=449.179
     Messages:  created: 228654   present: 10   in FES: 6
** Event #1830144   t=5750.867908296789   Elapsed: 5750.81s (1h 35m)  91% completed  (91% total)
     Speed:     ev/sec=250.299   simsec/sec=0.999968   ev/simsec=250.307
     Messages:  created: 228718   present: 9   in FES: 5
** Event #1830912   t=5753.689794910961   Elapsed: 5753.64s (1h 35m)  91% completed  (91% total)
     Speed:     ev/sec=272.161   simsec/sec=1.00001   ev/simsec=272.158
     Messages:  created: 228814   present: 9   in FES: 5
** Event #1831680   t=5756.74187838547   Elapsed: 5756.69s (1h 35m)  91% completed  (91% total)
     Speed:     ev/sec=251.633   simsec/sec=1.00001   ev/simsec=251.631
     Messages:  created: 228910   present: 9   in FES: 5
** Event #1832448   t=5759.607178652055   Elapsed: 5759.55s (1h 35m)  91% completed  (91% total)
     Speed:     ev/sec=268.036   simsec/sec=1   ev/simsec=268.035
     Messages:  created: 229006   present: 10   in FES: 6
** Event #1832960   t=5761.85257428785   Elapsed: 5761.8s (1h 36m)  91% completed  (91% total)
     Speed:     ev/sec=228.022   simsec/sec=1   ev/simsec=228.022
     Messages:  created: 229069   present: 9   in FES: 5
** Event #1833728   t=5764.058854914653   Elapsed: 5764s (1h 36m)  91% completed  (91% total)
     Speed:     ev/sec=348.096   simsec/sec=0.999998   ev/simsec=348.097
     Messages:  created: 229166   present: 10   in FES: 6
** Event #1834496   t=5766.542443966978   Elapsed: 5766.49s (1h 36m)  91% completed  (91% total)
     Speed:     ev/sec=309.231   simsec/sec=1   ev/simsec=309.23
     Messages:  created: 229261   present: 9   in FES: 5
** Event #1835520   t=5769.392950895874   Elapsed: 5769.34s (1h 36m)  91% completed  (91% total)
     Speed:     ev/sec=359.234   simsec/sec=0.999999   ev/simsec=359.234
     Messages:  created: 229389   present: 9   in FES: 5
** Event #1836288   t=5771.793113095211   Elapsed: 5771.74s (1h 36m)  91% completed  (91% total)
     Speed:     ev/sec=319.978   simsec/sec=0.999999   ev/simsec=319.978
     Messages:  created: 229485   present: 9   in FES: 5
** Event #1837312   t=5774.378963714752   Elapsed: 5774.32s (1h 36m)  91% completed  (91% total)
     Speed:     ev/sec=396.001   simsec/sec=1   ev/simsec=396.001
     Messages:  created: 229614   present: 10   in FES: 6
** Event #1837824   t=5776.597883019022   Elapsed: 5776.54s (1h 36m)  91% completed  (91% total)
     Speed:     ev/sec=230.743   simsec/sec=1   ev/simsec=230.743
     Messages:  created: 229677   present: 9   in FES: 5
** Event #1839104   t=5779.108160868205   Elapsed: 5779.05s (1h 36m)  91% completed  (91% total)
     Speed:     ev/sec=509.904   simsec/sec=1   ev/simsec=509.904
     Messages:  created: 229838   present: 10   in FES: 6
** Event #1840128   t=5781.214449188209   Elapsed: 5781.16s (1h 36m)  91% completed  (91% total)
     Speed:     ev/sec=486.163   simsec/sec=1   ev/simsec=486.163
     Messages:  created: 229965   present: 9   in FES: 5
** Event #1840896   t=5783.227705768048   Elapsed: 5783.17s (1h 36m)  91% completed  (91% total)
     Speed:     ev/sec=381.481   simsec/sec=1.00002   ev/simsec=381.471
     Messages:  created: 230063   present: 14   in FES: 7
** Event #1841920   t=5785.319426609228   Elapsed: 5785.28s (1h 36m)  91% completed  (91% total)
     Speed:     ev/sec=486.483   simsec/sec=0.993738   ev/simsec=489.549
     Messages:  created: 230190   present: 11   in FES: 7
** Event #1843200   t=5787.950597694976   Elapsed: 5787.9s (1h 36m)  91% completed  (91% total)
     Speed:     ev/sec=488.916   simsec/sec=1.00502   ev/simsec=486.475
     Messages:  created: 230349   present: 9   in FES: 5
** Event #1844224   t=5790.357498708723   Elapsed: 5790.3s (1h 36m)  91% completed  (91% total)
     Speed:     ev/sec=425.238   simsec/sec=0.999518   ev/simsec=425.443
     Messages:  created: 230478   present: 11   in FES: 7
** Event #1844992   t=5794.021011803158   Elapsed: 5793.97s (1h 36m)  91% completed  (91% total)
     Speed:     ev/sec=209.701   simsec/sec=1.00032   ev/simsec=209.635
     Messages:  created: 230573   present: 9   in FES: 5
** Event #1845504   t=5796.14173798096   Elapsed: 5796.09s (1h 36m)  92% completed  (92% total)
     Speed:     ev/sec=241.427   simsec/sec=1   ev/simsec=241.427
     Messages:  created: 230637   present: 9   in FES: 5
** Event #1846016   t=5798.687306377557   Elapsed: 5798.63s (1h 36m)  92% completed  (92% total)
     Speed:     ev/sec=201.134   simsec/sec=0.999999   ev/simsec=201.134
     Messages:  created: 230702   present: 10   in FES: 6
** Event #1847040   t=5801.421236317719   Elapsed: 5801.37s (1h 36m)  92% completed  (92% total)
     Speed:     ev/sec=374.227   simsec/sec=0.99913   ev/simsec=374.552
     Messages:  created: 230830   present: 11   in FES: 7
** Event #1847808   t=5804.086078315717   Elapsed: 5804.04s (1h 36m)  92% completed  (92% total)
     Speed:     ev/sec=287.246   simsec/sec=0.996699   ev/simsec=288.197
     Messages:  created: 230926   present: 11   in FES: 6
** Event #1848320   t=5806.508761997601   Elapsed: 5806.45s (1h 36m)  92% completed  (92% total)
     Speed:     ev/sec=212.318   simsec/sec=1.00465   ev/simsec=211.336
     Messages:  created: 230989   present: 9   in FES: 5
** Event #1849088   t=5808.754836088148   Elapsed: 5808.7s (1h 36m)  92% completed  (92% total)
     Speed:     ev/sec=341.93   simsec/sec=0.999999   ev/simsec=341.93
     Messages:  created: 231085   present: 9   in FES: 5
** Event #1849600   t=5811.352414907736   Elapsed: 5811.3s (1h 36m)  92% completed  (92% total)
     Speed:     ev/sec=197.107   simsec/sec=1   ev/simsec=197.107
     Messages:  created: 231150   present: 10   in FES: 6
** Event #1850368   t=5813.692706985222   Elapsed: 5813.64s (1h 36m)  92% completed  (92% total)
     Speed:     ev/sec=328.171   simsec/sec=1.00002   ev/simsec=328.164
     Messages:  created: 231245   present: 9   in FES: 5
** Event #1850880   t=5816.181914201625   Elapsed: 5816.13s (1h 36m)  92% completed  (92% total)
     Speed:     ev/sec=205.684   simsec/sec=0.999981   ev/simsec=205.688
     Messages:  created: 231309   present: 9   in FES: 5
** Event #1851648   t=5818.496575601082   Elapsed: 5818.45s (1h 36m)  92% completed  (92% total)
     Speed:     ev/sec=330.943   simsec/sec=0.997422   ev/simsec=331.798
     Messages:  created: 231406   present: 11   in FES: 6
** Event #1852416   t=5820.527488237365   Elapsed: 5820.47s (1h 37m)  92% completed  (92% total)
     Speed:     ev/sec=379.272   simsec/sec=1.00295   ev/simsec=378.155
     Messages:  created: 231501   present: 9   in FES: 5
** Event #1853184   t=5822.578690640918   Elapsed: 5822.52s (1h 37m)  92% completed  (92% total)
     Speed:     ev/sec=374.415   simsec/sec=1   ev/simsec=374.415
     Messages:  created: 231597   present: 9   in FES: 5
** Event #1853952   t=5824.638219913129   Elapsed: 5824.6s (1h 37m)  92% completed  (92% total)
     Speed:     ev/sec=370.544   simsec/sec=0.993679   ev/simsec=372.901
     Messages:  created: 231693   present: 10   in FES: 5
** Event #1854976   t=5827.064281696896   Elapsed: 5827.01s (1h 37m)  92% completed  (92% total)
     Speed:     ev/sec=424.375   simsec/sec=1.00543   ev/simsec=422.083
     Messages:  created: 231822   present: 12   in FES: 6
** Event #1855744   t=5829.500497586887   Elapsed: 5829.45s (1h 37m)  92% completed  (92% total)
     Speed:     ev/sec=314.849   simsec/sec=0.99875   ev/simsec=315.243
     Messages:  created: 231917   present: 10   in FES: 6
** Event #1856768   t=5831.706289285344   Elapsed: 5831.65s (1h 37m)  92% completed  (92% total)
     Speed:     ev/sec=464.875   simsec/sec=1.00138   ev/simsec=464.232
     Messages:  created: 232045   present: 9   in FES: 5
** Event #1857792   t=5834.209338380924   Elapsed: 5834.15s (1h 37m)  92% completed  (92% total)
     Speed:     ev/sec=409.101   simsec/sec=1   ev/simsec=409.101
     Messages:  created: 232173   present: 9   in FES: 5
** Event #1858816   t=5836.487249132858   Elapsed: 5836.43s (1h 37m)  92% completed  (92% total)
     Speed:     ev/sec=449.535   simsec/sec=1   ev/simsec=449.535
     Messages:  created: 232302   present: 13   in FES: 8
** Event #1859840   t=5838.714247450905   Elapsed: 5838.66s (1h 37m)  92% completed  (92% total)
     Speed:     ev/sec=459.811   simsec/sec=0.999998   ev/simsec=459.812
     Messages:  created: 232433   present: 20   in FES: 8
** Event #1861120   t=5841.457324487719   Elapsed: 5841.4s (1h 37m)  92% completed  (92% total)
     Speed:     ev/sec=466.629   simsec/sec=1   ev/simsec=466.629
     Messages:  created: 232590   present: 12   in FES: 8
** Event #1861888   t=5844.369022437974   Elapsed: 5844.32s (1h 37m)  92% completed  (92% total)
     Speed:     ev/sec=263.688   simsec/sec=0.999712   ev/simsec=263.764
     Messages:  created: 232685   present: 10   in FES: 6
** Event #1862912   t=5847.222226498735   Elapsed: 5847.17s (1h 37m)  92% completed  (92% total)
     Speed:     ev/sec=359   simsec/sec=1.00029   ev/simsec=358.895
     Messages:  created: 232813   present: 9   in FES: 5
** Event #1863680   t=5849.56702987718   Elapsed: 5849.51s (1h 37m)  92% completed  (92% total)
     Speed:     ev/sec=327.364   simsec/sec=0.999484   ev/simsec=327.533
     Messages:  created: 232909   present: 10   in FES: 6
** Event #1864704   t=5852.152223894103   Elapsed: 5852.1s (1h 37m)  92% completed  (92% total)
     Speed:     ev/sec=396.288   simsec/sec=1.00047   ev/simsec=396.102
     Messages:  created: 233037   present: 9   in FES: 5
** Event #1865216   t=5854.267772315921   Elapsed: 5854.21s (1h 37m)  92% completed  (92% total)
     Speed:     ev/sec=242.01   simsec/sec=0.999969   ev/simsec=242.018
     Messages:  created: 233101   present: 9   in FES: 5
** Event #1865984   t=5856.577491467386   Elapsed: 5856.52s (1h 37m)  92% completed  (92% total)
     Speed:     ev/sec=332.517   simsec/sec=1.00003   ev/simsec=332.508
     Messages:  created: 233200   present: 17   in FES: 8
** Event #1867264   t=5859.222978743676   Elapsed: 5859.17s (1h 37m)  93% completed  (93% total)
     Speed:     ev/sec=483.843   simsec/sec=1   ev/simsec=483.843
     Messages:  created: 233357   present: 9   in FES: 5
** Event #1868288   t=5861.229719024044   Elapsed: 5861.18s (1h 37m)  93% completed  (93% total)
     Speed:     ev/sec=510.066   simsec/sec=0.99958   ev/simsec=510.28
     Messages:  created: 233485   present: 10   in FES: 6
** Event #1869568   t=5863.633342759488   Elapsed: 5863.58s (1h 37m)  93% completed  (93% total)
     Speed:     ev/sec=532.201   simsec/sec=0.999384   ev/simsec=532.529
     Messages:  created: 233645   present: 10   in FES: 5
** Event #1870336   t=5866.111495773584   Elapsed: 5866.06s (1h 37m)  93% completed  (93% total)
     Speed:     ev/sec=310.101   simsec/sec=1.00062   ev/simsec=309.908
     Messages:  created: 233741   present: 10   in FES: 6
** Event #1871104   t=5868.341716217695   Elapsed: 5868.29s (1h 37m)  93% completed  (93% total)
     Speed:     ev/sec=344.482   simsec/sec=1.00035   ev/simsec=344.361
     Messages:  created: 233838   present: 12   in FES: 7
** Event #1872128   t=5870.370040712195   Elapsed: 5870.33s (1h 37m)  93% completed  (93% total)
     Speed:     ev/sec=501.649   simsec/sec=0.99366   ev/simsec=504.85
     Messages:  created: 233965   present: 10   in FES: 6
** Event #1873152   t=5872.565330994081   Elapsed: 5872.52s (1h 37m)  93% completed  (93% total)
     Speed:     ev/sec=468.236   simsec/sec=1.00382   ev/simsec=466.453
     Messages:  created: 234093   present: 10   in FES: 6
** Event #1874176   t=5875.039665795122   Elapsed: 5874.99s (1h 37m)  93% completed  (93% total)
     Speed:     ev/sec=414.582   simsec/sec=1.00177   ev/simsec=413.849
     Messages:  created: 234221   present: 10   in FES: 6
** Event #1874688   t=5877.127708568442   Elapsed: 5877.07s (1h 37m)  93% completed  (93% total)
     Speed:     ev/sec=245.23   simsec/sec=1.0001   ev/simsec=245.206
     Messages:  created: 234285   present: 9   in FES: 5
** Event #1875200   t=5879.737947714684   Elapsed: 5879.69s (1h 37m)  93% completed  (93% total)
     Speed:     ev/sec=195.558   simsec/sec=0.99698   ev/simsec=196.151
     Messages:  created: 234349   present: 10   in FES: 6
** Event #1875712   t=5882.061279652194   Elapsed: 5882.01s (1h 38m)  93% completed  (93% total)
     Speed:     ev/sec=220.991   simsec/sec=1.00281   ev/simsec=220.373
     Messages:  created: 234412   present: 9   in FES: 5
** Event #1876736   t=5884.398108463183   Elapsed: 5884.34s (1h 38m)  93% completed  (93% total)
     Speed:     ev/sec=438.444   simsec/sec=1.00056   ev/simsec=438.201
     Messages:  created: 234540   present: 9   in FES: 5
** Event #1877504   t=5886.505418823974   Elapsed: 5886.45s (1h 38m)  93% completed  (93% total)
     Speed:     ev/sec=364.465   simsec/sec=1.00005   ev/simsec=364.446
     Messages:  created: 234637   present: 12   in FES: 7
** Event #1878272   t=5888.708410421155   Elapsed: 5888.65s (1h 38m)  93% completed  (93% total)
     Speed:     ev/sec=348.617   simsec/sec=1   ev/simsec=348.617
     Messages:  created: 234733   present: 11   in FES: 7
** Event #1879040   t=5890.950638596595   Elapsed: 5890.92s (1h 38m)  93% completed  (93% total)
     Speed:     ev/sec=338.918   simsec/sec=0.989493   ev/simsec=342.516
     Messages:  created: 234828   present: 9   in FES: 5
** Event #1879808   t=5893.427598628953   Elapsed: 5893.39s (1h 38m)  93% completed  (93% total)
     Speed:     ev/sec=310.484   simsec/sec=1.00138   ev/simsec=310.057
     Messages:  created: 234924   present: 9   in FES: 5
** Event #1880576   t=5895.531756449975   Elapsed: 5895.48s (1h 38m)  93% completed  (93% total)
     Speed:     ev/sec=368.497   simsec/sec=1.0096   ev/simsec=364.992
     Messages:  created: 235020   present: 9   in FES: 5
** Event #1881344   t=5898.025715605562   Elapsed: 5897.99s (1h 38m)  93% completed  (93% total)
     Speed:     ev/sec=306.075   simsec/sec=0.993931   ev/simsec=307.944
     Messages:  created: 235116   present: 9   in FES: 5
** Event #1882112   t=5900.767458222098   Elapsed: 5900.72s (1h 38m)  93% completed  (93% total)
     Speed:     ev/sec=281.448   simsec/sec=1.00476   ev/simsec=280.114
     Messages:  created: 235212   present: 9   in FES: 5
** Event #1882880   t=5904.232615708104   Elapsed: 5904.19s (1h 38m)  93% completed  (93% total)
     Speed:     ev/sec=220.878   simsec/sec=0.996584   ev/simsec=221.635
     Messages:  created: 235308   present: 9   in FES: 5
** Event #1883392   t=5906.784921287455   Elapsed: 5906.74s (1h 38m)  93% completed  (93% total)
     Speed:     ev/sec=201.053   simsec/sec=1.00224   ev/simsec=200.603
     Messages:  created: 235372   present: 9   in FES: 5
** Event #1883904   t=5909.433556739288   Elapsed: 5909.38s (1h 38m)  93% completed  (93% total)
     Speed:     ev/sec=193.885   simsec/sec=1.00299   ev/simsec=193.307
     Messages:  created: 235436   present: 9   in FES: 5
** Event #1884416   t=5912.172132634395   Elapsed: 5912.13s (1h 38m)  93% completed  (93% total)
     Speed:     ev/sec=186.19   simsec/sec=0.995889   ev/simsec=186.958
     Messages:  created: 235500   present: 9   in FES: 5
** Event #1884928   t=5914.290827167327   Elapsed: 5914.25s (1h 38m)  93% completed  (93% total)
     Speed:     ev/sec=241.219   simsec/sec=0.998183   ev/simsec=241.658
     Messages:  created: 235564   present: 9   in FES: 5
** Event #1885696   t=5916.535909207242   Elapsed: 5916.49s (1h 38m)  93% completed  (93% total)
     Speed:     ev/sec=343.244   simsec/sec=1.0034   ev/simsec=342.081
     Messages:  created: 235660   present: 9   in FES: 5
** Event #1886464   t=5919.227423074597   Elapsed: 5919.17s (1h 38m)  93% completed  (93% total)
     Speed:     ev/sec=286.154   simsec/sec=1.00285   ev/simsec=285.341
     Messages:  created: 235756   present: 9   in FES: 5
** Event #1887232   t=5921.575198030613   Elapsed: 5921.52s (1h 38m)  93% completed  (93% total)
     Speed:     ev/sec=327.23   simsec/sec=1.00034   ev/simsec=327.118
     Messages:  created: 235854   present: 13   in FES: 8
** Event #1888000   t=5923.737702914666   Elapsed: 5923.68s (1h 38m)  94% completed  (94% total)
     Speed:     ev/sec=355.144   simsec/sec=1   ev/simsec=355.144
     Messages:  created: 235949   present: 12   in FES: 7
** Event #1888512   t=5925.947250043383   Elapsed: 5925.89s (1h 38m)  94% completed  (94% total)
     Speed:     ev/sec=231.565   simsec/sec=0.999324   ev/simsec=231.722
     Messages:  created: 236012   present: 9   in FES: 5
** Event #1889280   t=5928.161943525616   Elapsed: 5928.11s (1h 38m)  94% completed  (94% total)
     Speed:     ev/sec=347.009   simsec/sec=1.00068   ev/simsec=346.775
     Messages:  created: 236109   present: 12   in FES: 8
** Event #1889792   t=5930.548529988237   Elapsed: 5930.51s (1h 38m)  94% completed  (94% total)
     Speed:     ev/sec=213.418   simsec/sec=0.994804   ev/simsec=214.532
     Messages:  created: 236172   present: 9   in FES: 5
** Event #1890560   t=5932.866573730959   Elapsed: 5932.81s (1h 38m)  94% completed  (94% total)
     Speed:     ev/sec=333.105   simsec/sec=1.00541   ev/simsec=331.314
     Messages:  created: 236269   present: 11   in FES: 7
** Event #1891328   t=5934.845922719472   Elapsed: 5934.81s (1h 38m)  94% completed  (94% total)
     Speed:     ev/sec=383.6   simsec/sec=0.988644   ev/simsec=388.006
     Messages:  created: 236364   present: 9   in FES: 5
** Event #1892096   t=5937.652543782997   Elapsed: 5937.6s (1h 38m)  94% completed  (94% total)
     Speed:     ev/sec=275.653   simsec/sec=1.00736   ev/simsec=273.639
     Messages:  created: 236460   present: 9   in FES: 5
** Event #1892608   t=5939.973977283851   Elapsed: 5939.92s (1h 38m)  94% completed  (94% total)
     Speed:     ev/sec=220.765   simsec/sec=1.00096   ev/simsec=220.553
     Messages:  created: 236526   present: 14   in FES: 8
** Event #1893376   t=5942.445884570586   Elapsed: 5942.39s (1h 39m)  94% completed  (94% total)
     Speed:     ev/sec=310.691   simsec/sec=0.999999   ev/simsec=310.691
     Messages:  created: 236620   present: 10   in FES: 6
** Event #1894144   t=5945.36604355601   Elapsed: 5945.31s (1h 39m)  94% completed  (94% total)
     Speed:     ev/sec=263   simsec/sec=1   ev/simsec=262.999
     Messages:  created: 236717   present: 12   in FES: 7
** Event #1894912   t=5947.710582617286   Elapsed: 5947.66s (1h 39m)  94% completed  (94% total)
     Speed:     ev/sec=327.57   simsec/sec=1   ev/simsec=327.57
     Messages:  created: 236813   present: 12   in FES: 8
** Event #1895936   t=5950.184085604715   Elapsed: 5950.13s (1h 39m)  94% completed  (94% total)
     Speed:     ev/sec=413.427   simsec/sec=0.998646   ev/simsec=413.988
     Messages:  created: 236939   present: 8   in FES: 4
** Event #1896704   t=5952.675141377028   Elapsed: 5952.62s (1h 39m)  94% completed  (94% total)
     Speed:     ev/sec=308.718   simsec/sec=1.00135   ev/simsec=308.303
     Messages:  created: 237036   present: 10   in FES: 6
** Event #1897472   t=5955.50641975996   Elapsed: 5955.46s (1h 39m)  94% completed  (94% total)
     Speed:     ev/sec=270.916   simsec/sec=0.998748   ev/simsec=271.256
     Messages:  created: 237131   present: 8   in FES: 4
** Event #1898240   t=5957.487525073399   Elapsed: 5957.62s (1h 39m)  94% completed  (94% total)
     Speed:     ev/sec=354.735   simsec/sec=0.915062   ev/simsec=387.662
     Messages:  created: 237227   present: 8   in FES: 4
** Event #1899008   t=5959.770520028722   Elapsed: 5959.72s (1h 39m)  94% completed  (94% total)
     Speed:     ev/sec=366.49   simsec/sec=1.08945   ev/simsec=336.4
     Messages:  created: 237324   present: 10   in FES: 6
** Event #1900288   t=5961.907053910533   Elapsed: 5961.85s (1h 39m)  94% completed  (94% total)
     Speed:     ev/sec=599.101   simsec/sec=0.999999   ev/simsec=599.101
     Messages:  created: 237488   present: 21   in FES: 8
** Event #1901568   t=5964.628321279019   Elapsed: 5964.61s (1h 39m)  94% completed  (94% total)
     Speed:     ev/sec=463.699   simsec/sec=0.985819   ev/simsec=470.369
     Messages:  created: 237643   present: 8   in FES: 4
** Event #1902336   t=5967.178221521236   Elapsed: 5967.19s (1h 39m)  94% completed  (94% total)
     Speed:     ev/sec=298.147   simsec/sec=0.989902   ev/simsec=301.188
     Messages:  created: 237739   present: 8   in FES: 4
** Event #1903360   t=5969.785778123725   Elapsed: 5969.73s (1h 39m)  94% completed  (94% total)
     Speed:     ev/sec=402.77   simsec/sec=1.02563   ev/simsec=392.705
     Messages:  created: 237868   present: 11   in FES: 7
** Event #1904384   t=5972.057378629547   Elapsed: 5972s (1h 39m)  94% completed  (94% total)
     Speed:     ev/sec=450.784   simsec/sec=1   ev/simsec=450.783
     Messages:  created: 237996   present: 10   in FES: 6
** Event #1905152   t=5974.500633572164   Elapsed: 5974.45s (1h 39m)  94% completed  (94% total)
     Speed:     ev/sec=314.335   simsec/sec=1   ev/simsec=314.335
     Messages:  created: 238092   present: 10   in FES: 6
** Event #1905920   t=5976.767889746753   Elapsed: 5976.71s (1h 39m)  94% completed  (94% total)
     Speed:     ev/sec=338.735   simsec/sec=0.999999   ev/simsec=338.735
     Messages:  created: 238188   present: 10   in FES: 6
** Event #1906688   t=5979.764846091433   Elapsed: 5979.72s (1h 39m)  94% completed  (94% total)
     Speed:     ev/sec=255.466   simsec/sec=0.996901   ev/simsec=256.26
     Messages:  created: 238283   present: 8   in FES: 4
** Event #1907456   t=5982.510905813147   Elapsed: 5982.46s (1h 39m)  94% completed  (94% total)
     Speed:     ev/sec=280.626   simsec/sec=1.00341   ev/simsec=279.673
     Messages:  created: 238380   present: 10   in FES: 6
** Event #1907968   t=5984.572266260006   Elapsed: 5984.52s (1h 39m)  94% completed  (94% total)
     Speed:     ev/sec=248.38   simsec/sec=1   ev/simsec=248.38
     Messages:  created: 238444   present: 11   in FES: 7
** Event #1908480   t=5986.752456152321   Elapsed: 5986.82s (1h 39m)  95% completed  (95% total)
     Speed:     ev/sec=222.743   simsec/sec=0.948479   ev/simsec=234.842
     Messages:  created: 238507   present: 8   in FES: 4
** Event #1909248   t=5990.094273200142   Elapsed: 5990.04s (1h 39m)  95% completed  (95% total)
     Speed:     ev/sec=238.258   simsec/sec=1.03674   ev/simsec=229.815
     Messages:  created: 238604   present: 10   in FES: 6
** Event #1910016   t=5992.596825329752   Elapsed: 5992.54s (1h 39m)  95% completed  (95% total)
     Speed:     ev/sec=306.887   simsec/sec=1   ev/simsec=306.887
     Messages:  created: 238700   present: 11   in FES: 6
** Event #1910784   t=5995.016026598501   Elapsed: 5994.96s (1h 39m)  95% completed  (95% total)
     Speed:     ev/sec=317.46   simsec/sec=1   ev/simsec=317.46
     Messages:  created: 238796   present: 11   in FES: 7
** Event #1911552   t=5997.649122823773   Elapsed: 5997.61s (1h 39m)  95% completed  (95% total)
     Speed:     ev/sec=289.435   simsec/sec=0.99233   ev/simsec=291.672
     Messages:  created: 238891   present: 8   in FES: 4
** Event #1912576   t=5999.741323202671   Elapsed: 5999.69s (1h 39m)  95% completed  (95% total)
     Speed:     ev/sec=493.488   simsec/sec=1.00828   ev/simsec=489.437
     Messages:  created: 239019   present: 8   in FES: 4
** Event #1913344   t=6002.433447181087   Elapsed: 6002.38s (1h 40m)  95% completed  (95% total)
     Speed:     ev/sec=285.613   simsec/sec=1.00118   ev/simsec=285.277
     Messages:  created: 239115   present: 9   in FES: 5
** Event #1914112   t=6004.778747805766   Elapsed: 6004.72s (1h 40m)  95% completed  (95% total)
     Speed:     ev/sec=327.464   simsec/sec=1   ev/simsec=327.463
     Messages:  created: 239211   present: 9   in FES: 5
** Event #1915136   t=6007.528690704332   Elapsed: 6007.47s (1h 40m)  95% completed  (95% total)
     Speed:     ev/sec=372.371   simsec/sec=1   ev/simsec=372.371
     Messages:  created: 239340   present: 13   in FES: 7
** Event #1915904   t=6010.205647201039   Elapsed: 6010.15s (1h 40m)  95% completed  (95% total)
     Speed:     ev/sec=286.893   simsec/sec=1   ev/simsec=286.893
     Messages:  created: 239435   present: 10   in FES: 6
** Event #1916672   t=6012.898373581379   Elapsed: 6012.84s (1h 40m)  95% completed  (95% total)
     Speed:     ev/sec=285.213   simsec/sec=0.999999   ev/simsec=285.213
     Messages:  created: 239531   present: 9   in FES: 5
** Event #1917440   t=6015.439809585727   Elapsed: 6015.39s (1h 40m)  95% completed  (95% total)
     Speed:     ev/sec=302.191   simsec/sec=1   ev/simsec=302.191
     Messages:  created: 239627   present: 10   in FES: 6
** Event #1917952   t=6017.710235346071   Elapsed: 6017.66s (1h 40m)  95% completed  (95% total)
     Speed:     ev/sec=225.508   simsec/sec=0.999999   ev/simsec=225.508
     Messages:  created: 239691   present: 9   in FES: 5
** Event #1918464   t=6020.144370304166   Elapsed: 6020.09s (1h 40m)  95% completed  (95% total)
     Speed:     ev/sec=210.342   simsec/sec=1   ev/simsec=210.342
     Messages:  created: 239755   present: 10   in FES: 6
** Event #1919232   t=6022.542697481995   Elapsed: 6022.49s (1h 40m)  95% completed  (95% total)
     Speed:     ev/sec=320.223   simsec/sec=1   ev/simsec=320.223
     Messages:  created: 239851   present: 9   in FES: 5
** Event #1920000   t=6024.910027909801   Elapsed: 6024.86s (1h 40m)  95% completed  (95% total)
     Speed:     ev/sec=324.416   simsec/sec=1   ev/simsec=324.416
     Messages:  created: 239947   present: 9   in FES: 5
** Event #1921024   t=6027.360959095714   Elapsed: 6027.32s (1h 40m)  95% completed  (95% total)
     Speed:     ev/sec=415.536   simsec/sec=0.994581   ev/simsec=417.8
     Messages:  created: 240077   present: 15   in FES: 7
** Event #1921792   t=6029.605289922299   Elapsed: 6029.55s (1h 40m)  95% completed  (95% total)
     Speed:     ev/sec=344.244   simsec/sec=1.00599   ev/simsec=342.196
     Messages:  created: 240171   present: 9   in FES: 5
** Event #1922816   t=6031.716920334116   Elapsed: 6031.66s (1h 40m)  95% completed  (95% total)
     Speed:     ev/sec=484.93   simsec/sec=0.999993   ev/simsec=484.933
     Messages:  created: 240299   present: 9   in FES: 5
** Event #1923328   t=6033.9705032934   Elapsed: 6033.92s (1h 40m)  95% completed  (95% total)
     Speed:     ev/sec=227.194   simsec/sec=1   ev/simsec=227.194
     Messages:  created: 240363   present: 9   in FES: 5
** Event #1924096   t=6035.994482304722   Elapsed: 6035.94s (1h 40m)  95% completed  (95% total)
     Speed:     ev/sec=379.452   simsec/sec=1   ev/simsec=379.451
     Messages:  created: 240459   present: 10   in FES: 6
** Event #1924864   t=6039.183486006183   Elapsed: 6039.13s (1h 40m)  95% completed  (95% total)
     Speed:     ev/sec=240.828   simsec/sec=1   ev/simsec=240.828
     Messages:  created: 240555   present: 10   in FES: 6
** Event #1925632   t=6041.293756990187   Elapsed: 6041.24s (1h 40m)  95% completed  (95% total)
     Speed:     ev/sec=363.934   simsec/sec=1   ev/simsec=363.934
     Messages:  created: 240652   present: 12   in FES: 7
** Event #1926400   t=6043.307286609236   Elapsed: 6043.25s (1h 40m)  95% completed  (95% total)
     Speed:     ev/sec=381.42   simsec/sec=1   ev/simsec=381.42
     Messages:  created: 240747   present: 10   in FES: 6
** Event #1927168   t=6045.603938619869   Elapsed: 6045.55s (1h 40m)  95% completed  (95% total)
     Speed:     ev/sec=334.4   simsec/sec=0.999999   ev/simsec=334.4
     Messages:  created: 240844   present: 12   in FES: 7
** Event #1928192   t=6048.04665309786   Elapsed: 6047.99s (1h 40m)  96% completed  (96% total)
     Speed:     ev/sec=419.206   simsec/sec=0.999999   ev/simsec=419.206
     Messages:  created: 240972   present: 12   in FES: 7
** Event #1928960   t=6050.291166426648   Elapsed: 6050.24s (1h 40m)  96% completed  (96% total)
     Speed:     ev/sec=342.168   simsec/sec=1   ev/simsec=342.168
     Messages:  created: 241067   present: 9   in FES: 5
** Event #1929728   t=6052.626310085322   Elapsed: 6052.57s (1h 40m)  96% completed  (96% total)
     Speed:     ev/sec=328.866   simsec/sec=0.999933   ev/simsec=328.888
     Messages:  created: 241165   present: 15   in FES: 7
** Event #1930496   t=6054.832415899459   Elapsed: 6054.78s (1h 40m)  96% completed  (96% total)
     Speed:     ev/sec=348.139   simsec/sec=1.00004   ev/simsec=348.125
     Messages:  created: 241259   present: 9   in FES: 5
** Event #1931264   t=6057.567952514865   Elapsed: 6057.51s (1h 40m)  96% completed  (96% total)
     Speed:     ev/sec=280.756   simsec/sec=1.00002   ev/simsec=280.749
     Messages:  created: 241355   present: 10   in FES: 6
** Event #1931776   t=6060   Elapsed: 6060.05s (1h 41m)  96% completed  (96% total)
     Speed:     ev/sec=202.005   simsec/sec=0.959541   ev/simsec=210.522
     Messages:  created: 241418   present: 8   in FES: 4
** Event #1932544   t=6062.66170102043   Elapsed: 6062.61s (1h 41m)  96% completed  (96% total)
     Speed:     ev/sec=300.099   simsec/sec=1.04007   ev/simsec=288.537
     Messages:  created: 241515   present: 10   in FES: 6
** Event #1933056   t=6065.181671464889   Elapsed: 6065.13s (1h 41m)  96% completed  (96% total)
     Speed:     ev/sec=203.177   simsec/sec=1   ev/simsec=203.177
     Messages:  created: 241579   present: 10   in FES: 6
** Event #1933568   t=6067.354727964199   Elapsed: 6067.3s (1h 41m)  96% completed  (96% total)
     Speed:     ev/sec=235.613   simsec/sec=1   ev/simsec=235.613
     Messages:  created: 241642   present: 9   in FES: 5
** Event #1934336   t=6069.377808338778   Elapsed: 6069.32s (1h 41m)  96% completed  (96% total)
     Speed:     ev/sec=379.619   simsec/sec=1   ev/simsec=379.619
     Messages:  created: 241739   present: 10   in FES: 6
** Event #1934848   t=6071.498038514043   Elapsed: 6071.44s (1h 41m)  96% completed  (96% total)
     Speed:     ev/sec=241.483   simsec/sec=1   ev/simsec=241.483
     Messages:  created: 241802   present: 9   in FES: 5
** Event #1935616   t=6074.175642492107   Elapsed: 6074.12s (1h 41m)  96% completed  (96% total)
     Speed:     ev/sec=286.823   simsec/sec=0.999999   ev/simsec=286.824
     Messages:  created: 241899   present: 11   in FES: 7
** Event #1936384   t=6077.0068669259   Elapsed: 6076.95s (1h 41m)  96% completed  (96% total)
     Speed:     ev/sec=271.261   simsec/sec=1   ev/simsec=271.261
     Messages:  created: 241994   present: 9   in FES: 5
** Event #1936896   t=6079.109250507763   Elapsed: 6079.05s (1h 41m)  96% completed  (96% total)
     Speed:     ev/sec=243.533   simsec/sec=1   ev/simsec=243.533
     Messages:  created: 242058   present: 9   in FES: 5
** Event #1937408   t=6081.909767192261   Elapsed: 6081.86s (1h 41m)  96% completed  (96% total)
     Speed:     ev/sec=182.823   simsec/sec=1   ev/simsec=182.823
     Messages:  created: 242123   present: 10   in FES: 6
** Event #1938176   t=6084.693154109336   Elapsed: 6084.64s (1h 41m)  96% completed  (96% total)
     Speed:     ev/sec=275.923   simsec/sec=0.999999   ev/simsec=275.923
     Messages:  created: 242219   present: 10   in FES: 6
** Event #1938688   t=6086.973148992706   Elapsed: 6086.92s (1h 41m)  96% completed  (96% total)
     Speed:     ev/sec=224.562   simsec/sec=1   ev/simsec=224.562
     Messages:  created: 242283   present: 10   in FES: 6
** Event #1939456   t=6089.901904754437   Elapsed: 6089.85s (1h 41m)  96% completed  (96% total)
     Speed:     ev/sec=262.227   simsec/sec=0.999999   ev/simsec=262.227
     Messages:  created: 242378   present: 9   in FES: 5
** Event #1940992   t=6092.30320089796   Elapsed: 6092.25s (1h 41m)  96% completed  (96% total)
     Speed:     ev/sec=639.655   simsec/sec=1   ev/simsec=639.655
     Messages:  created: 242570   present: 9   in FES: 5
** Event #1942016   t=6094.714311840156   Elapsed: 6094.66s (1h 41m)  96% completed  (96% total)
     Speed:     ev/sec=424.316   simsec/sec=0.999096   ev/simsec=424.7
     Messages:  created: 242700   present: 14   in FES: 7
** Event #1943040   t=6096.966334495527   Elapsed: 6096.91s (1h 41m)  96% completed  (96% total)
     Speed:     ev/sec=455.143   simsec/sec=1.00097   ev/simsec=454.702
     Messages:  created: 242826   present: 9   in FES: 5
** Event #1944064   t=6099.456574065146   Elapsed: 6099.4s (1h 41m)  96% completed  (96% total)
     Speed:     ev/sec=411.205   simsec/sec=0.999999   ev/simsec=411.205
     Messages:  created: 242954   present: 9   in FES: 5
** Event #1944832   t=6101.676923080233   Elapsed: 6101.62s (1h 41m)  96% completed  (96% total)
     Speed:     ev/sec=345.891   simsec/sec=1   ev/simsec=345.892
     Messages:  created: 243051   present: 10   in FES: 6
** Event #1945600   t=6104.518114042086   Elapsed: 6104.46s (1h 41m)  96% completed  (96% total)
     Speed:     ev/sec=270.309   simsec/sec=1   ev/simsec=270.309
     Messages:  created: 243146   present: 9   in FES: 5
** Event #1946368   t=6106.836751212873   Elapsed: 6106.78s (1h 41m)  96% completed  (96% total)
     Speed:     ev/sec=331.229   simsec/sec=1   ev/simsec=331.229
     Messages:  created: 243242   present: 9   in FES: 5
** Event #1946880   t=6109.262332480797   Elapsed: 6109.21s (1h 41m)  96% completed  (96% total)
     Speed:     ev/sec=211.084   simsec/sec=1   ev/simsec=211.083
     Messages:  created: 243306   present: 9   in FES: 5
** Event #1947392   t=6111.454884316104   Elapsed: 6111.4s (1h 41m)  97% completed  (97% total)
     Speed:     ev/sec=233.518   simsec/sec=1   ev/simsec=233.518
     Messages:  created: 243371   present: 10   in FES: 6
** Event #1947904   t=6114.080350159583   Elapsed: 6114.03s (1h 41m)  97% completed  (97% total)
     Speed:     ev/sec=195.013   simsec/sec=1   ev/simsec=195.013
     Messages:  created: 243434   present: 9   in FES: 5
** Event #1948672   t=6117.446638187419   Elapsed: 6117.39s (1h 41m)  97% completed  (97% total)
     Speed:     ev/sec=228.145   simsec/sec=1   ev/simsec=228.144
     Messages:  created: 243530   present: 9   in FES: 5
** Event #1949440   t=6120.190845585772   Elapsed: 6120.14s (1h 42m)  97% completed  (97% total)
     Speed:     ev/sec=279.862   simsec/sec=0.999998   ev/simsec=279.862
     Messages:  created: 243626   present: 9   in FES: 5
** Event #1949952   t=6122.380383351849   Elapsed: 6122.33s (1h 42m)  97% completed  (97% total)
     Speed:     ev/sec=233.632   simsec/sec=0.999114   ev/simsec=233.839
     Messages:  created: 243691   present: 13   in FES: 7
** Event #1950720   t=6125.068393990817   Elapsed: 6125.01s (1h 42m)  97% completed  (97% total)
     Speed:     ev/sec=285.92   simsec/sec=1.00072   ev/simsec=285.713
     Messages:  created: 243786   present: 9   in FES: 5
** Event #1951488   t=6127.400595747626   Elapsed: 6127.35s (1h 42m)  97% completed  (97% total)
     Speed:     ev/sec=329.302   simsec/sec=0.999999   ev/simsec=329.303
     Messages:  created: 243882   present: 10   in FES: 6
** Event #1952512   t=6129.580211392108   Elapsed: 6129.53s (1h 42m)  97% completed  (97% total)
     Speed:     ev/sec=469.642   simsec/sec=0.999649   ev/simsec=469.808
     Messages:  created: 244011   present: 13   in FES: 7
** Event #1953536   t=6131.596097202781   Elapsed: 6131.54s (1h 42m)  97% completed  (97% total)
     Speed:     ev/sec=508.159   simsec/sec=1.00038   ev/simsec=507.965
     Messages:  created: 244138   present: 11   in FES: 7
** Event #1954560   t=6134.043030193023   Elapsed: 6133.99s (1h 42m)  97% completed  (97% total)
     Speed:     ev/sec=418.483   simsec/sec=1   ev/simsec=418.483
     Messages:  created: 244266   present: 9   in FES: 5
** Event #1955584   t=6136.294528913737   Elapsed: 6136.24s (1h 42m)  97% completed  (97% total)
     Speed:     ev/sec=454.809   simsec/sec=1   ev/simsec=454.808
     Messages:  created: 244394   present: 11   in FES: 6
** Event #1956608   t=6138.509900345019   Elapsed: 6138.46s (1h 42m)  97% completed  (97% total)
     Speed:     ev/sec=462.225   simsec/sec=1   ev/simsec=462.225
     Messages:  created: 244522   present: 11   in FES: 7
** Event #1957632   t=6140.733122358565   Elapsed: 6140.68s (1h 42m)  97% completed  (97% total)
     Speed:     ev/sec=460.593   simsec/sec=1   ev/simsec=460.593
     Messages:  created: 244651   present: 12   in FES: 7
** Event #1958656   t=6143.056005953041   Elapsed: 6143s (1h 42m)  97% completed  (97% total)
     Speed:     ev/sec=440.832   simsec/sec=1   ev/simsec=440.831
     Messages:  created: 244779   present: 12   in FES: 7
** Event #1959424   t=6145.069300043948   Elapsed: 6145.01s (1h 42m)  97% completed  (97% total)
     Speed:     ev/sec=381.464   simsec/sec=0.999999   ev/simsec=381.464
     Messages:  created: 244874   present: 9   in FES: 5
** Event #1960448   t=6147.677058227324   Elapsed: 6147.62s (1h 42m)  97% completed  (97% total)
     Speed:     ev/sec=392.675   simsec/sec=1   ev/simsec=392.674
     Messages:  created: 245002   present: 11   in FES: 6
** Event #1961216   t=6149.771600326757   Elapsed: 6149.72s (1h 42m)  97% completed  (97% total)
     Speed:     ev/sec=366.667   simsec/sec=1   ev/simsec=366.667
     Messages:  created: 245098   present: 10   in FES: 6
** Event #1962240   t=6152.412564944061   Elapsed: 6152.36s (1h 42m)  97% completed  (97% total)
     Speed:     ev/sec=387.738   simsec/sec=1   ev/simsec=387.737
     Messages:  created: 245226   present: 9   in FES: 5
** Event #1963008   t=6155.009543927067   Elapsed: 6154.95s (1h 42m)  97% completed  (97% total)
     Speed:     ev/sec=295.728   simsec/sec=0.999998   ev/simsec=295.728
     Messages:  created: 245322   present: 10   in FES: 6
** Event #1964032   t=6157.847313153551   Elapsed: 6157.79s (1h 42m)  97% completed  (97% total)
     Speed:     ev/sec=360.847   simsec/sec=1   ev/simsec=360.847
     Messages:  created: 245450   present: 9   in FES: 5
** Event #1965056   t=6160.381652566885   Elapsed: 6160.33s (1h 42m)  97% completed  (97% total)
     Speed:     ev/sec=404.049   simsec/sec=0.999999   ev/simsec=404.05
     Messages:  created: 245578   present: 9   in FES: 5
** Event #1966336   t=6163.282389873262   Elapsed: 6163.23s (1h 42m)  97% completed  (97% total)
     Speed:     ev/sec=441.268   simsec/sec=1   ev/simsec=441.267
     Messages:  created: 245738   present: 9   in FES: 5
** Event #1966848   t=6165.402796174776   Elapsed: 6165.35s (1h 42m)  97% completed  (97% total)
     Speed:     ev/sec=241.463   simsec/sec=0.999999   ev/simsec=241.463
     Messages:  created: 245802   present: 10   in FES: 6
** Event #1967360   t=6167.624911353161   Elapsed: 6167.57s (1h 42m)  97% completed  (97% total)
     Speed:     ev/sec=230.411   simsec/sec=1   ev/simsec=230.411
     Messages:  created: 245866   present: 9   in FES: 5
** Event #1967872   t=6170.069318302431   Elapsed: 6170.01s (1h 42m)  97% completed  (97% total)
     Speed:     ev/sec=209.458   simsec/sec=1   ev/simsec=209.458
     Messages:  created: 245930   present: 9   in FES: 5
** Event #1968640   t=6172.432439169916   Elapsed: 6172.38s (1h 42m)  97% completed  (97% total)
     Speed:     ev/sec=324.994   simsec/sec=0.999999   ev/simsec=324.994
     Messages:  created: 246026   present: 9   in FES: 5
** Event #1969408   t=6174.576114987083   Elapsed: 6174.52s (1h 42m)  98% completed  (98% total)
     Speed:     ev/sec=358.264   simsec/sec=1   ev/simsec=358.263
     Messages:  created: 246122   present: 10   in FES: 6
** Event #1970176   t=6176.988255962474   Elapsed: 6176.93s (1h 42m)  98% completed  (98% total)
     Speed:     ev/sec=318.389   simsec/sec=0.999999   ev/simsec=318.389
     Messages:  created: 246218   present: 9   in FES: 5
** Event #1971200   t=6179.318746994055   Elapsed: 6179.26s (1h 42m)  98% completed  (98% total)
     Speed:     ev/sec=439.393   simsec/sec=1   ev/simsec=439.392
     Messages:  created: 246346   present: 9   in FES: 5
** Event #1972480   t=6181.77569987304   Elapsed: 6181.72s (1h 43m)  98% completed  (98% total)
     Speed:     ev/sec=520.97   simsec/sec=1   ev/simsec=520.971
     Messages:  created: 246505   present: 9   in FES: 5
** Event #1973248   t=6183.983687630144   Elapsed: 6183.93s (1h 43m)  98% completed  (98% total)
     Speed:     ev/sec=347.832   simsec/sec=1.00001   ev/simsec=347.828
     Messages:  created: 246601   present: 10   in FES: 6
** Event #1974272   t=6186.448009282623   Elapsed: 6186.39s (1h 43m)  98% completed  (98% total)
     Speed:     ev/sec=415.526   simsec/sec=0.999989   ev/simsec=415.53
     Messages:  created: 246729   present: 10   in FES: 6
** Event #1975296   t=6188.638546259673   Elapsed: 6188.58s (1h 43m)  98% completed  (98% total)
     Speed:     ev/sec=467.465   simsec/sec=1   ev/simsec=467.465
     Messages:  created: 246857   present: 10   in FES: 6
** Event #1976320   t=6190.99022139439   Elapsed: 6190.94s (1h 43m)  98% completed  (98% total)
     Speed:     ev/sec=433.827   simsec/sec=0.996308   ev/simsec=435.434
     Messages:  created: 246986   present: 12   in FES: 6
** Event #1977600   t=6193.451460306941   Elapsed: 6193.4s (1h 43m)  98% completed  (98% total)
     Speed:     ev/sec=521.912   simsec/sec=1.00355   ev/simsec=520.063
     Messages:  created: 247148   present: 16   in FES: 8
** Event #1978368   t=6195.570583819227   Elapsed: 6195.52s (1h 43m)  98% completed  (98% total)
     Speed:     ev/sec=362.414   simsec/sec=1   ev/simsec=362.414
     Messages:  created: 247241   present: 10   in FES: 6
** Event #1979392   t=6198.078811287754   Elapsed: 6198.02s (1h 43m)  98% completed  (98% total)
     Speed:     ev/sec=408.157   simsec/sec=0.999756   ev/simsec=408.256
     Messages:  created: 247370   present: 12   in FES: 7
** Event #1980416   t=6200.529141646022   Elapsed: 6200.47s (1h 43m)  98% completed  (98% total)
     Speed:     ev/sec=418.007   simsec/sec=1.00025   ev/simsec=417.903
     Messages:  created: 247497   present: 10   in FES: 6
** Event #1981184   t=6202.903175276994   Elapsed: 6202.85s (1h 43m)  98% completed  (98% total)
     Speed:     ev/sec=323.5   simsec/sec=0.999999   ev/simsec=323.5
     Messages:  created: 247593   present: 9   in FES: 5
** Event #1982208   t=6205.511030014329   Elapsed: 6205.46s (1h 43m)  98% completed  (98% total)
     Speed:     ev/sec=392.66   simsec/sec=1   ev/simsec=392.66
     Messages:  created: 247721   present: 9   in FES: 5
** Event #1983232   t=6207.681404959721   Elapsed: 6207.63s (1h 43m)  98% completed  (98% total)
     Speed:     ev/sec=471.808   simsec/sec=1   ev/simsec=471.808
     Messages:  created: 247849   present: 9   in FES: 5
** Event #1984000   t=6209.826746614787   Elapsed: 6209.77s (1h 43m)  98% completed  (98% total)
     Speed:     ev/sec=357.985   simsec/sec=1   ev/simsec=357.985
     Messages:  created: 247946   present: 11   in FES: 6
** Event #1984512   t=6211.936559871531   Elapsed: 6211.88s (1h 43m)  98% completed  (98% total)
     Speed:     ev/sec=242.676   simsec/sec=1   ev/simsec=242.676
     Messages:  created: 248009   present: 10   in FES: 6
** Event #1985280   t=6214.654789002585   Elapsed: 6214.6s (1h 43m)  98% completed  (98% total)
     Speed:     ev/sec=282.537   simsec/sec=0.999999   ev/simsec=282.537
     Messages:  created: 248105   present: 10   in FES: 6
** Event #1985792   t=6217.263525360095   Elapsed: 6217.21s (1h 43m)  98% completed  (98% total)
     Speed:     ev/sec=196.263   simsec/sec=0.999997   ev/simsec=196.264
     Messages:  created: 248169   present: 9   in FES: 5
** Event #1986560   t=6219.494940228073   Elapsed: 6219.44s (1h 43m)  98% completed  (98% total)
     Speed:     ev/sec=344.047   simsec/sec=0.999626   ev/simsec=344.176
     Messages:  created: 248266   present: 12   in FES: 5
** Event #1987328   t=6221.652662477037   Elapsed: 6221.6s (1h 43m)  98% completed  (98% total)
     Speed:     ev/sec=356.07   simsec/sec=1.00039   ev/simsec=355.931
     Messages:  created: 248361   present: 9   in FES: 5
** Event #1988352   t=6223.877325990317   Elapsed: 6223.82s (1h 43m)  98% completed  (98% total)
     Speed:     ev/sec=460.294   simsec/sec=1   ev/simsec=460.294
     Messages:  created: 248489   present: 10   in FES: 6
** Event #1989120   t=6226.184829767591   Elapsed: 6226.13s (1h 43m)  98% completed  (98% total)
     Speed:     ev/sec=332.827   simsec/sec=0.999999   ev/simsec=332.827
     Messages:  created: 248585   present: 9   in FES: 5
** Event #1989632   t=6228.235165152078   Elapsed: 6228.18s (1h 43m)  98% completed  (98% total)
     Speed:     ev/sec=249.715   simsec/sec=1   ev/simsec=249.715
     Messages:  created: 248649   present: 9   in FES: 5
** Event #1990400   t=6230.852019242204   Elapsed: 6230.8s (1h 43m)  98% completed  (98% total)
     Speed:     ev/sec=293.427   simsec/sec=0.999812   ev/simsec=293.482
     Messages:  created: 248746   present: 12   in FES: 7
** Event #1991168   t=6233.226314881066   Elapsed: 6233.17s (1h 43m)  98% completed  (98% total)
     Speed:     ev/sec=323.531   simsec/sec=1.00021   ev/simsec=323.464
     Messages:  created: 248844   present: 17   in FES: 8
** Event #1991936   t=6235.472975821595   Elapsed: 6235.42s (1h 43m)  98% completed  (98% total)
     Speed:     ev/sec=341.372   simsec/sec=0.99863   ev/simsec=341.841
     Messages:  created: 248938   present: 12   in FES: 6
** Event #1992448   t=6237.77698480592   Elapsed: 6237.72s (1h 43m)  99% completed  (99% total)
     Speed:     ev/sec=222.519   simsec/sec=1.00134   ev/simsec=222.221
     Messages:  created: 249001   present: 10   in FES: 6
** Event #1993728   t=6240.005014895269   Elapsed: 6239.95s (1h 43m)  99% completed  (99% total)
     Speed:     ev/sec=574.498   simsec/sec=0.999999   ev/simsec=574.499
     Messages:  created: 249161   present: 11   in FES: 6
** Event #1994496   t=6242.279240108541   Elapsed: 6242.22s (1h 44m)  99% completed  (99% total)
     Speed:     ev/sec=337.697   simsec/sec=0.999999   ev/simsec=337.697
     Messages:  created: 249256   present: 9   in FES: 5
** Event #1995264   t=6244.322599478994   Elapsed: 6244.27s (1h 44m)  99% completed  (99% total)
     Speed:     ev/sec=375.549   simsec/sec=0.999194   ev/simsec=375.852
     Messages:  created: 249353   present: 11   in FES: 6
** Event #1996544   t=6247.079161258863   Elapsed: 6247.02s (1h 44m)  99% completed  (99% total)
     Speed:     ev/sec=464.625   simsec/sec=1.0006   ev/simsec=464.347
     Messages:  created: 249512   present: 9   in FES: 5
** Event #1997312   t=6249.550486054949   Elapsed: 6249.55s (1h 44m)  99% completed  (99% total)
     Speed:     ev/sec=304.231   simsec/sec=0.978977   ev/simsec=310.764
     Messages:  created: 249609   present: 11   in FES: 6
** Event #1998080   t=6251.899620822498   Elapsed: 6251.84s (1h 44m)  99% completed  (99% total)
     Speed:     ev/sec=334.485   simsec/sec=1.02311   ev/simsec=326.929
     Messages:  created: 249704   present: 9   in FES: 5
** Event #1998848   t=6254.337363348643   Elapsed: 6254.28s (1h 44m)  99% completed  (99% total)
     Speed:     ev/sec=315.045   simsec/sec=0.999999   ev/simsec=315.046
     Messages:  created: 249802   present: 13   in FES: 8
** Event #1999616   t=6256.4443078938   Elapsed: 6256.39s (1h 44m)  99% completed  (99% total)
     Speed:     ev/sec=364.509   simsec/sec=1   ev/simsec=364.509
     Messages:  created: 249897   present: 10   in FES: 6
** Event #2000128   t=6258.776326702589   Elapsed: 6258.72s (1h 44m)  99% completed  (99% total)
     Speed:     ev/sec=219.552   simsec/sec=1   ev/simsec=219.552
     Messages:  created: 249961   present: 10   in FES: 6
** Event #2000640   t=6260.980827238466   Elapsed: 6260.93s (1h 44m)  99% completed  (99% total)
     Speed:     ev/sec=232.252   simsec/sec=0.999999   ev/simsec=232.252
     Messages:  created: 250025   present: 10   in FES: 6
** Event #2001408   t=6263.747200551142   Elapsed: 6263.69s (1h 44m)  99% completed  (99% total)
     Speed:     ev/sec=277.62   simsec/sec=1   ev/simsec=277.62
     Messages:  created: 250120   present: 9   in FES: 5
** Event #2001920   t=6265.781696214943   Elapsed: 6265.73s (1h 44m)  99% completed  (99% total)
     Speed:     ev/sec=251.555   simsec/sec=0.999587   ev/simsec=251.659
     Messages:  created: 250185   present: 11   in FES: 6
** Event #2002688   t=6268.763627881363   Elapsed: 6268.71s (1h 44m)  99% completed  (99% total)
     Speed:     ev/sec=257.624   simsec/sec=1.00028   ev/simsec=257.551
     Messages:  created: 250281   present: 10   in FES: 6
** Event #2003456   t=6270.811432069121   Elapsed: 6270.76s (1h 44m)  99% completed  (99% total)
     Speed:     ev/sec=375.036   simsec/sec=1   ev/simsec=375.036
     Messages:  created: 250377   present: 10   in FES: 6
** Event #2003968   t=6273.158583751307   Elapsed: 6273.1s (1h 44m)  99% completed  (99% total)
     Speed:     ev/sec=218.137   simsec/sec=1   ev/simsec=218.137
     Messages:  created: 250440   present: 9   in FES: 5
** Event #2004736   t=6275.325780689303   Elapsed: 6275.27s (1h 44m)  99% completed  (99% total)
     Speed:     ev/sec=354.374   simsec/sec=0.999999   ev/simsec=354.375
     Messages:  created: 250536   present: 9   in FES: 5
** Event #2005248   t=6277.41868768862   Elapsed: 6277.36s (1h 44m)  99% completed  (99% total)
     Speed:     ev/sec=244.636   simsec/sec=1   ev/simsec=244.636
     Messages:  created: 250601   present: 10   in FES: 6
** Event #2006016   t=6279.454207238898   Elapsed: 6279.4s (1h 44m)  99% completed  (99% total)
     Speed:     ev/sec=377.299   simsec/sec=1   ev/simsec=377.299
     Messages:  created: 250697   present: 10   in FES: 6
** Event #2006784   t=6281.523039035888   Elapsed: 6281.47s (1h 44m)  99% completed  (99% total)
     Speed:     ev/sec=371.224   simsec/sec=1   ev/simsec=371.224
     Messages:  created: 250793   present: 10   in FES: 6
** Event #2007552   t=6284.35573638726   Elapsed: 6284.3s (1h 44m)  99% completed  (99% total)
     Speed:     ev/sec=271.12   simsec/sec=1   ev/simsec=271.12
     Messages:  created: 250888   present: 9   in FES: 5
** Event #2008320   t=6287.042477189276   Elapsed: 6286.99s (1h 44m)  99% completed  (99% total)
     Speed:     ev/sec=285.848   simsec/sec=1   ev/simsec=285.848
     Messages:  created: 250984   present: 9   in FES: 5
** Event #2009088   t=6289.14932545191   Elapsed: 6289.09s (1h 44m)  99% completed  (99% total)
     Speed:     ev/sec=364.526   simsec/sec=1   ev/simsec=364.526
     Messages:  created: 251080   present: 9   in FES: 5
** Event #2009600   t=6291.507046350198   Elapsed: 6291.45s (1h 44m)  99% completed  (99% total)
     Speed:     ev/sec=217.159   simsec/sec=1   ev/simsec=217.159
     Messages:  created: 251144   present: 9   in FES: 5
** Event #2010112   t=6293.791888995771   Elapsed: 6293.74s (1h 44m)  99% completed  (99% total)
     Speed:     ev/sec=224.086   simsec/sec=1   ev/simsec=224.085
     Messages:  created: 251209   present: 10   in FES: 6
** Event #2010624   t=6296.157182431348   Elapsed: 6296.1s (1h 44m)  99% completed  (99% total)
     Speed:     ev/sec=216.464   simsec/sec=1   ev/simsec=216.464
     Messages:  created: 251272   present: 9   in FES: 5
** Event #2011392   t=6298.344777924617   Elapsed: 6298.29s (1h 44m)  99% completed  (99% total)
     Speed:     ev/sec=350.934   simsec/sec=0.999612   ev/simsec=351.07
     Messages:  created: 251369   present: 11   in FES: 7
** Event #2011861   t=6300   Elapsed: 6299.95s (1h 44m)  100% completed  (100% total)
     Speed:     ev/sec=282.766   simsec/sec=1.00009   ev/simsec=282.742
     Messages:  created: 251426   present: 8   in FES: 4

<!> Simulation time limit reached -- at t=6300s, event #2011861

Calling finish() at end of Run #6...

End.
