WARNING: Error changing the container working directory. Using '/mnt/iusers01/sk01/t95317ha' instead: chdir /mnt/iusers01/sk01/t95317ha/h200-scratch/SELAS/CONTROLLER: no such file or directory
OMNeT++ Discrete Event Simulation  (C) 1992-2018 Andras Varga, OpenSim Ltd.
Version: 5.4.1, build: 180629-5e28390, edition: Academic Public License -- NOT FOR COMMERCIAL USE
See the license for distribution terms and warranty disclaimer

Setting up Cmdenv...

Loading NED files from ..:  3
Loading NED files from ../../src:  21
Loading NED files from ../../../queueinglib:  20

Preparing for running configuration sim, run #6...
Scenario: $trace="traces/clarknet-http-105m-l70.delta", $latency=60, $repetition=0
Assigned runID=sim-6-20260917-22:38:24-3118072
Setting up network "SWIM"...
Initializing...
t=0 addServer() complete
t=0 addServer() complete
t=0 addServer() complete

Running simulation...
** Event #0   t=0   Elapsed: 1.5e-05s (0m 00s)  0% completed  (0% total)
     Speed:     ev/sec=0   simsec/sec=0   ev/simsec=0
     Messages:  created: 11   present: 8   in FES: 5
t=0.844529 executing setDimmer(1)
** Event #512   t=2.616922290349   Elapsed: 2.56198s (0m 02s)  0% completed  (0% total)
     Speed:     ev/sec=200.236   simsec/sec=1.02145   ev/simsec=196.032
     Messages:  created: 79   present: 19   in FES: 8
** Event #1024   t=4.981811283766   Elapsed: 4.92687s (0m 04s)  0% completed  (0% total)
     Speed:     ev/sec=216.501   simsec/sec=1   ev/simsec=216.501
     Messages:  created: 139   present: 10   in FES: 6
** Event #1536   t=7.084653144757   Elapsed: 7.02995s (0m 07s)  0% completed  (0% total)
     Speed:     ev/sec=243.452   simsec/sec=0.999886   ev/simsec=243.48
     Messages:  created: 204   present: 12   in FES: 7
** Event #2304   t=9.74628742332   Elapsed: 9.69136s (0m 09s)  0% completed  (0% total)
     Speed:     ev/sec=288.57   simsec/sec=1.00009   ev/simsec=288.545
     Messages:  created: 304   present: 23   in FES: 8
** Event #2816   t=11.883167987799   Elapsed: 11.8282s (0m 11s)  0% completed  (0% total)
     Speed:     ev/sec=239.602   simsec/sec=1   ev/simsec=239.602
     Messages:  created: 367   present: 19   in FES: 7
** Event #3328   t=14.060004048446   Elapsed: 14.0051s (0m 14s)  0% completed  (0% total)
     Speed:     ev/sec=235.203   simsec/sec=0.999998   ev/simsec=235.204
     Messages:  created: 430   present: 17   in FES: 8
** Event #3840   t=16.109311744359   Elapsed: 16.0544s (0m 16s)  0% completed  (0% total)
     Speed:     ev/sec=249.841   simsec/sec=1   ev/simsec=249.84
     Messages:  created: 494   present: 16   in FES: 7
** Event #4608   t=18.636104132466   Elapsed: 18.5993s (0m 18s)  0% completed  (0% total)
     Speed:     ev/sec=301.781   simsec/sec=0.992887   ev/simsec=303.943
     Messages:  created: 606   present: 60   in FES: 7
** Event #5376   t=20.80995634194   Elapsed: 20.755s (0m 20s)  0% completed  (0% total)
     Speed:     ev/sec=356.257   simsec/sec=1.0084   ev/simsec=353.29
     Messages:  created: 722   present: 113   in FES: 8
** Event #6144   t=23.321684555223   Elapsed: 23.2668s (0m 23s)  0% completed  (0% total)
     Speed:     ev/sec=305.764   simsec/sec=0.999995   ev/simsec=305.766
     Messages:  created: 837   present: 163   in FES: 8
** Event #6912   t=26.06430395687   Elapsed: 26.0094s (0m 26s)  0% completed  (0% total)
     Speed:     ev/sec=280.026   simsec/sec=1.00001   ev/simsec=280.024
     Messages:  created: 937   present: 174   in FES: 8
** Event #7680   t=28.627334082386   Elapsed: 28.5795s (0m 28s)  0% completed  (0% total)
     Speed:     ev/sec=298.816   simsec/sec=0.997232   ev/simsec=299.645
     Messages:  created: 1035   present: 180   in FES: 7
** Event #8448   t=31.293645036539   Elapsed: 31.2387s (0m 31s)  0% completed  (0% total)
     Speed:     ev/sec=288.809   simsec/sec=1.00267   ev/simsec=288.038
     Messages:  created: 1133   present: 184   in FES: 8
** Event #9216   t=33.804113379719   Elapsed: 33.7492s (0m 33s)  0% completed  (0% total)
     Speed:     ev/sec=305.92   simsec/sec=1   ev/simsec=305.919
     Messages:  created: 1238   present: 209   in FES: 8
** Event #9728   t=35.836755620247   Elapsed: 35.7957s (0m 35s)  0% completed  (0% total)
     Speed:     ev/sec=250.178   simsec/sec=0.993208   ev/simsec=251.889
     Messages:  created: 1294   present: 188   in FES: 7
** Event #10496   t=38.378760849325   Elapsed: 38.3238s (0m 38s)  0% completed  (0% total)
     Speed:     ev/sec=303.784   simsec/sec=1.0055   ev/simsec=302.124
     Messages:  created: 1376   present: 150   in FES: 8
** Event #11264   t=40.66315536007   Elapsed: 40.6082s (0m 40s)  0% completed  (0% total)
     Speed:     ev/sec=336.194   simsec/sec=1   ev/simsec=336.194
     Messages:  created: 1474   present: 155   in FES: 8
** Event #12032   t=43.141404753748   Elapsed: 43.0865s (0m 43s)  0% completed  (0% total)
     Speed:     ev/sec=309.896   simsec/sec=1   ev/simsec=309.896
     Messages:  created: 1583   present: 191   in FES: 8
** Event #12800   t=45.555134358092   Elapsed: 45.5002s (0m 45s)  0% completed  (0% total)
     Speed:     ev/sec=318.18   simsec/sec=0.999999   ev/simsec=318.18
     Messages:  created: 1683   present: 202   in FES: 8
** Event #13312   t=47.673137157399   Elapsed: 47.6182s (0m 47s)  0% completed  (0% total)
     Speed:     ev/sec=241.737   simsec/sec=1   ev/simsec=241.737
     Messages:  created: 1743   present: 191   in FES: 8
** Event #14080   t=49.879724902738   Elapsed: 49.8248s (0m 49s)  0% completed  (0% total)
     Speed:     ev/sec=348.048   simsec/sec=0.999998   ev/simsec=348.049
     Messages:  created: 1837   present: 185   in FES: 8
** Event #14848   t=52.322945730752   Elapsed: 52.2932s (0m 52s)  0% completed  (0% total)
     Speed:     ev/sec=311.131   simsec/sec=0.989795   ev/simsec=314.339
     Messages:  created: 1931   present: 180   in FES: 7
** Event #15616   t=54.818402022063   Elapsed: 54.7635s (0m 54s)  0% completed  (0% total)
     Speed:     ev/sec=310.898   simsec/sec=1.0102   ev/simsec=307.759
     Messages:  created: 2025   present: 175   in FES: 8
** Event #16384   t=57.364802446838   Elapsed: 57.3099s (0m 57s)  0% completed  (0% total)
     Speed:     ev/sec=301.602   simsec/sec=1   ev/simsec=301.602
     Messages:  created: 2104   present: 128   in FES: 8
** Event #17152   t=59.705281395484   Elapsed: 59.6571s (0m 59s)  0% completed  (0% total)
     Speed:     ev/sec=327.189   simsec/sec=0.997108   ev/simsec=328.138
     Messages:  created: 2192   present: 108   in FES: 7
t=60.84351 executing setDimmer(0.75)
** Event #17920   t=62.574159088508   Elapsed: 62.5483s (1m 02s)  0% completed  (0% total)
     Speed:     ev/sec=265.636   simsec/sec=0.992289   ev/simsec=267.701
     Messages:  created: 2264   present: 46   in FES: 6
** Event #18432   t=64.961912869945   Elapsed: 64.907s (1m 04s)  1% completed  (1% total)
     Speed:     ev/sec=217.072   simsec/sec=1.01233   ev/simsec=214.427
     Messages:  created: 2314   present: 9   in FES: 5
** Event #18944   t=67.507447590889   Elapsed: 67.4525s (1m 07s)  1% completed  (1% total)
     Speed:     ev/sec=201.136   simsec/sec=1   ev/simsec=201.137
     Messages:  created: 2379   present: 10   in FES: 6
** Event #19712   t=70.263313265381   Elapsed: 70.2084s (1m 10s)  1% completed  (1% total)
     Speed:     ev/sec=278.678   simsec/sec=0.999998   ev/simsec=278.678
     Messages:  created: 2478   present: 18   in FES: 8
** Event #20480   t=72.899461946817   Elapsed: 72.8445s (1m 12s)  1% completed  (1% total)
     Speed:     ev/sec=291.335   simsec/sec=1   ev/simsec=291.334
     Messages:  created: 2570   present: 9   in FES: 5
** Event #21248   t=75.474656256627   Elapsed: 75.4197s (1m 15s)  1% completed  (1% total)
     Speed:     ev/sec=298.23   simsec/sec=0.999999   ev/simsec=298.23
     Messages:  created: 2667   present: 11   in FES: 7
** Event #21760   t=77.530813216263   Elapsed: 77.4805s (1m 17s)  1% completed  (1% total)
     Speed:     ev/sec=248.447   simsec/sec=0.997746   ev/simsec=249.008
     Messages:  created: 2735   present: 22   in FES: 7
** Event #22784   t=80.134782001365   Elapsed: 80.0888s (1m 20s)  1% completed  (1% total)
     Speed:     ev/sec=392.592   simsec/sec=0.998337   ev/simsec=393.246
     Messages:  created: 2866   present: 30   in FES: 7
** Event #23552   t=82.451916366821   Elapsed: 82.4s (1m 22s)  1% completed  (1% total)
     Speed:     ev/sec=332.304   simsec/sec=1.00259   ev/simsec=331.444
     Messages:  created: 2956   present: 14   in FES: 6
** Event #24320   t=85.130069065524   Elapsed: 85.0751s (1m 25s)  1% completed  (1% total)
     Speed:     ev/sec=287.085   simsec/sec=1.00112   ev/simsec=286.765
     Messages:  created: 3051   present: 10   in FES: 6
** Event #24832   t=87.478301587166   Elapsed: 87.4234s (1m 27s)  1% completed  (1% total)
     Speed:     ev/sec=218.036   simsec/sec=0.999999   ev/simsec=218.036
     Messages:  created: 3116   present: 13   in FES: 7
** Event #25856   t=89.966046911971   Elapsed: 89.9111s (1m 29s)  1% completed  (1% total)
     Speed:     ev/sec=411.619   simsec/sec=1   ev/simsec=411.618
     Messages:  created: 3248   present: 25   in FES: 8
** Event #26624   t=92.503132431693   Elapsed: 92.4482s (1m 32s)  1% completed  (1% total)
     Speed:     ev/sec=302.71   simsec/sec=1   ev/simsec=302.71
     Messages:  created: 3340   present: 13   in FES: 7
** Event #27136   t=95.204719174967   Elapsed: 95.1498s (1m 35s)  1% completed  (1% total)
     Speed:     ev/sec=189.518   simsec/sec=0.999997   ev/simsec=189.518
     Messages:  created: 3403   present: 10   in FES: 6
** Event #27648   t=97.617477532806   Elapsed: 97.5625s (1m 37s)  1% completed  (1% total)
     Speed:     ev/sec=212.209   simsec/sec=1.00002   ev/simsec=212.205
     Messages:  created: 3466   present: 9   in FES: 5
** Event #28160   t=100.119378264672   Elapsed: 100.064s (1m 40s)  1% completed  (1% total)
     Speed:     ev/sec=204.641   simsec/sec=0.999984   ev/simsec=204.644
     Messages:  created: 3531   present: 11   in FES: 7
** Event #28672   t=102.735502249034   Elapsed: 102.691s (1m 42s)  1% completed  (1% total)
     Speed:     ev/sec=194.936   simsec/sec=0.996048   ev/simsec=195.709
     Messages:  created: 3596   present: 14   in FES: 7
** Event #29184   t=105.047349802137   Elapsed: 104.992s (1m 44s)  1% completed  (1% total)
     Speed:     ev/sec=222.467   simsec/sec=1.00451   ev/simsec=221.468
     Messages:  created: 3659   present: 10   in FES: 6
** Event #29696   t=107.232339579704   Elapsed: 107.177s (1m 47s)  1% completed  (1% total)
     Speed:     ev/sec=234.326   simsec/sec=1   ev/simsec=234.326
     Messages:  created: 3723   present: 10   in FES: 6
** Event #30208   t=109.53761291262   Elapsed: 109.483s (1m 49s)  1% completed  (1% total)
     Speed:     ev/sec=222.099   simsec/sec=0.999998   ev/simsec=222.099
     Messages:  created: 3787   present: 10   in FES: 6
** Event #30720   t=111.731750517105   Elapsed: 111.677s (1m 51s)  1% completed  (1% total)
     Speed:     ev/sec=233.349   simsec/sec=1   ev/simsec=233.349
     Messages:  created: 3853   present: 16   in FES: 8
** Event #31488   t=113.759213596932   Elapsed: 113.704s (1m 53s)  1% completed  (1% total)
     Speed:     ev/sec=378.798   simsec/sec=1   ev/simsec=378.799
     Messages:  created: 3947   present: 12   in FES: 7
** Event #32000   t=116.568038697893   Elapsed: 116.513s (1m 56s)  1% completed  (1% total)
     Speed:     ev/sec=182.283   simsec/sec=1   ev/simsec=182.283
     Messages:  created: 4011   present: 11   in FES: 7
** Event #32512   t=118.995949363203   Elapsed: 118.941s (1m 58s)  1% completed  (1% total)
     Speed:     ev/sec=210.881   simsec/sec=1   ev/simsec=210.881
     Messages:  created: 4075   present: 10   in FES: 6
t=120.843549 executing setDimmer(1)
** Event #33024   t=121.889334222744   Elapsed: 121.834s (2m 01s)  1% completed  (1% total)
     Speed:     ev/sec=176.955   simsec/sec=0.999998   ev/simsec=176.955
     Messages:  created: 4138   present: 10   in FES: 6
** Event #33536   t=124.740071854865   Elapsed: 124.797s (2m 04s)  1% completed  (1% total)
     Speed:     ev/sec=172.815   simsec/sec=0.962207   ev/simsec=179.603
     Messages:  created: 4201   present: 8   in FES: 4
** Event #34048   t=127.791018411324   Elapsed: 127.736s (2m 07s)  2% completed  (2% total)
     Speed:     ev/sec=174.21   simsec/sec=1.0381   ev/simsec=167.817
     Messages:  created: 4266   present: 10   in FES: 6
** Event #34816   t=130.348321861773   Elapsed: 130.295s (2m 10s)  2% completed  (2% total)
     Speed:     ev/sec=300.166   simsec/sec=0.9995   ev/simsec=300.316
     Messages:  created: 4364   present: 16   in FES: 7
** Event #35328   t=132.888090514916   Elapsed: 132.833s (2m 12s)  2% completed  (2% total)
     Speed:     ev/sec=201.695   simsec/sec=1.00051   ev/simsec=201.593
     Messages:  created: 4426   present: 11   in FES: 7
** Event #35840   t=135.703391913289   Elapsed: 135.648s (2m 15s)  2% completed  (2% total)
     Speed:     ev/sec=181.863   simsec/sec=0.999999   ev/simsec=181.863
     Messages:  created: 4490   present: 10   in FES: 6
** Event #36352   t=137.996224407077   Elapsed: 137.941s (2m 17s)  2% completed  (2% total)
     Speed:     ev/sec=223.305   simsec/sec=1   ev/simsec=223.305
     Messages:  created: 4555   present: 12   in FES: 7
** Event #36864   t=141.452640729348   Elapsed: 141.398s (2m 21s)  2% completed  (2% total)
     Speed:     ev/sec=148.13   simsec/sec=1   ev/simsec=148.13
     Messages:  created: 4619   present: 13   in FES: 8
** Event #37120   t=144.100896164686   Elapsed: 144.046s (2m 24s)  2% completed  (2% total)
     Speed:     ev/sec=96.6674   simsec/sec=0.999999   ev/simsec=96.6674
     Messages:  created: 4650   present: 10   in FES: 6
** Event #37376   t=146.785739039614   Elapsed: 146.731s (2m 26s)  2% completed  (2% total)
     Speed:     ev/sec=95.35   simsec/sec=1   ev/simsec=95.3501
     Messages:  created: 4682   present: 10   in FES: 6
** Event #37888   t=149.522995020209   Elapsed: 149.468s (2m 29s)  2% completed  (2% total)
     Speed:     ev/sec=187.049   simsec/sec=1   ev/simsec=187.049
     Messages:  created: 4746   present: 11   in FES: 6
** Event #38400   t=152.456512965177   Elapsed: 152.402s (2m 32s)  2% completed  (2% total)
     Speed:     ev/sec=174.534   simsec/sec=1   ev/simsec=174.534
     Messages:  created: 4810   present: 11   in FES: 7
** Event #38656   t=154.605031078484   Elapsed: 154.55s (2m 34s)  2% completed  (2% total)
     Speed:     ev/sec=119.152   simsec/sec=0.999999   ev/simsec=119.152
     Messages:  created: 4842   present: 11   in FES: 7
** Event #39424   t=157.023495440517   Elapsed: 156.969s (2m 36s)  2% completed  (2% total)
     Speed:     ev/sec=317.557   simsec/sec=1   ev/simsec=317.557
     Messages:  created: 4960   present: 69   in FES: 8
** Event #40192   t=160.114993456534   Elapsed: 160.06s (2m 40s)  2% completed  (2% total)
     Speed:     ev/sec=248.423   simsec/sec=1   ev/simsec=248.423
     Messages:  created: 5034   present: 10   in FES: 6
** Event #40960   t=162.300907204261   Elapsed: 162.246s (2m 42s)  2% completed  (2% total)
     Speed:     ev/sec=351.34   simsec/sec=1   ev/simsec=351.34
     Messages:  created: 5134   present: 22   in FES: 8
** Event #41472   t=164.719981728653   Elapsed: 164.693s (2m 44s)  2% completed  (2% total)
     Speed:     ev/sec=209.193   simsec/sec=0.988386   ev/simsec=211.651
     Messages:  created: 5193   present: 8   in FES: 4
** Event #41984   t=166.836203370477   Elapsed: 166.781s (2m 46s)  2% completed  (2% total)
     Speed:     ev/sec=245.235   simsec/sec=1.01362   ev/simsec=241.941
     Messages:  created: 5259   present: 12   in FES: 8
** Event #42496   t=168.919873653959   Elapsed: 168.865s (2m 48s)  2% completed  (2% total)
     Speed:     ev/sec=245.72   simsec/sec=0.999999   ev/simsec=245.72
     Messages:  created: 5322   present: 10   in FES: 6
** Event #43264   t=172.039847220268   Elapsed: 171.985s (2m 51s)  2% completed  (2% total)
     Speed:     ev/sec=246.156   simsec/sec=0.999999   ev/simsec=246.156
     Messages:  created: 5419   present: 12   in FES: 8
** Event #44032   t=174.549158295021   Elapsed: 174.494s (2m 54s)  2% completed  (2% total)
     Speed:     ev/sec=306.061   simsec/sec=1   ev/simsec=306.06
     Messages:  created: 5517   present: 19   in FES: 8
** Event #44544   t=176.916265732013   Elapsed: 176.861s (2m 56s)  2% completed  (2% total)
     Speed:     ev/sec=216.298   simsec/sec=1   ev/simsec=216.298
     Messages:  created: 5579   present: 13   in FES: 8
** Event #45312   t=179.656438393888   Elapsed: 179.602s (2m 59s)  2% completed  (2% total)
     Speed:     ev/sec=280.273   simsec/sec=0.999997   ev/simsec=280.274
     Messages:  created: 5674   present: 11   in FES: 7
t=180.843499 executing removeServer()
scheduled complete remove at 180.843499
** Event #46080   t=182.229362026766   Elapsed: 182.174s (3m 02s)  2% completed  (2% total)
     Speed:     ev/sec=298.493   simsec/sec=1   ev/simsec=298.493
     Messages:  created: 5784   present: 43   in FES: 7
** Event #46848   t=184.798650535708   Elapsed: 184.744s (3m 04s)  2% completed  (2% total)
     Speed:     ev/sec=298.916   simsec/sec=1   ev/simsec=298.915
     Messages:  created: 5894   present: 81   in FES: 7
** Event #47616   t=186.993038872863   Elapsed: 186.938s (3m 06s)  2% completed  (2% total)
     Speed:     ev/sec=349.984   simsec/sec=1   ev/simsec=349.984
     Messages:  created: 6013   present: 143   in FES: 7
** Event #48384   t=189.549269574968   Elapsed: 189.494s (3m 09s)  3% completed  (3% total)
     Speed:     ev/sec=300.443   simsec/sec=1   ev/simsec=300.442
     Messages:  created: 6127   present: 190   in FES: 7
** Event #48896   t=191.891584470924   Elapsed: 191.837s (3m 11s)  3% completed  (3% total)
     Speed:     ev/sec=218.587   simsec/sec=0.999999   ev/simsec=218.587
     Messages:  created: 6186   present: 177   in FES: 7
** Event #49408   t=193.909773323894   Elapsed: 193.857s (3m 13s)  3% completed  (3% total)
     Speed:     ev/sec=253.38   simsec/sec=0.998767   ev/simsec=253.693
     Messages:  created: 6239   present: 148   in FES: 6
** Event #50176   t=196.602539776219   Elapsed: 196.548s (3m 16s)  3% completed  (3% total)
     Speed:     ev/sec=285.473   simsec/sec=1.00093   ev/simsec=285.209
     Messages:  created: 6323   present: 115   in FES: 7
** Event #50944   t=198.771968689038   Elapsed: 198.717s (3m 18s)  3% completed  (3% total)
     Speed:     ev/sec=353.948   simsec/sec=0.999823   ev/simsec=354.01
     Messages:  created: 6434   present: 156   in FES: 6
** Event #51712   t=201.578452874037   Elapsed: 201.538s (3m 21s)  3% completed  (3% total)
     Speed:     ev/sec=272.28   simsec/sec=0.994986   ev/simsec=273.652
     Messages:  created: 6533   present: 164   in FES: 6
** Event #52224   t=203.902623276228   Elapsed: 203.848s (3m 23s)  3% completed  (3% total)
     Speed:     ev/sec=221.679   simsec/sec=1.00629   ev/simsec=220.294
     Messages:  created: 6586   present: 134   in FES: 7
** Event #52992   t=206.696721369961   Elapsed: 206.642s (3m 26s)  3% completed  (3% total)
     Speed:     ev/sec=274.865   simsec/sec=1   ev/simsec=274.865
     Messages:  created: 6656   present: 66   in FES: 7
** Event #53760   t=209.707717759856   Elapsed: 209.673s (3m 29s)  3% completed  (3% total)
     Speed:     ev/sec=253.372   simsec/sec=0.993361   ev/simsec=255.065
     Messages:  created: 6741   present: 36   in FES: 6
** Event #54528   t=212.246681984742   Elapsed: 212.192s (3m 32s)  3% completed  (3% total)
     Speed:     ev/sec=304.902   simsec/sec=1.00799   ev/simsec=302.486
     Messages:  created: 6855   present: 83   in FES: 7
** Event #55296   t=214.949983981962   Elapsed: 214.895s (3m 34s)  3% completed  (3% total)
     Speed:     ev/sec=284.098   simsec/sec=1   ev/simsec=284.097
     Messages:  created: 6959   present: 105   in FES: 7
** Event #55808   t=216.993620725455   Elapsed: 216.948s (3m 36s)  3% completed  (3% total)
     Speed:     ev/sec=249.401   simsec/sec=0.995478   ev/simsec=250.534
     Messages:  created: 7018   present: 92   in FES: 6
** Event #56576   t=219.280431979096   Elapsed: 219.225s (3m 39s)  3% completed  (3% total)
     Speed:     ev/sec=337.207   simsec/sec=1.00407   ev/simsec=335.839
     Messages:  created: 7122   present: 113   in FES: 7
** Event #57088   t=221.34774609939   Elapsed: 221.293s (3m 41s)  3% completed  (3% total)
     Speed:     ev/sec=247.665   simsec/sec=1   ev/simsec=247.664
     Messages:  created: 7170   present: 70   in FES: 7
** Event #57856   t=223.91646272953   Elapsed: 223.862s (3m 43s)  3% completed  (3% total)
     Speed:     ev/sec=298.981   simsec/sec=0.999998   ev/simsec=298.982
     Messages:  created: 7260   present: 54   in FES: 7
** Event #58624   t=226.550567669669   Elapsed: 226.496s (3m 46s)  3% completed  (3% total)
     Speed:     ev/sec=291.56   simsec/sec=1   ev/simsec=291.56
     Messages:  created: 7356   present: 54   in FES: 7
** Event #59392   t=228.971541643535   Elapsed: 228.917s (3m 48s)  3% completed  (3% total)
     Speed:     ev/sec=317.228   simsec/sec=1   ev/simsec=317.228
     Messages:  created: 7448   present: 43   in FES: 7
** Event #60160   t=231.466259463447   Elapsed: 231.417s (3m 51s)  3% completed  (3% total)
     Speed:     ev/sec=307.112   simsec/sec=0.9976   ev/simsec=307.85
     Messages:  created: 7547   present: 52   in FES: 6
** Event #60672   t=233.466339625761   Elapsed: 233.426s (3m 53s)  3% completed  (3% total)
     Speed:     ev/sec=254.885   simsec/sec=0.995685   ev/simsec=255.99
     Messages:  created: 7605   present: 36   in FES: 6
** Event #61440   t=236.566360653449   Elapsed: 236.511s (3m 56s)  3% completed  (3% total)
     Speed:     ev/sec=248.918   simsec/sec=1.00475   ev/simsec=247.74
     Messages:  created: 7691   present: 9   in FES: 6
** Event #61952   t=238.639167603985   Elapsed: 238.587s (3m 58s)  3% completed  (3% total)
     Speed:     ev/sec=246.628   simsec/sec=0.998461   ev/simsec=247.008
     Messages:  created: 7756   present: 12   in FES: 6
t=240.843526 executing addServer()
adding server with latency=60
** Event #62464   t=241.760897017544   Elapsed: 241.706s (4m 01s)  3% completed  (3% total)
     Speed:     ev/sec=164.18   simsec/sec=1.00103   ev/simsec=164.012
     Messages:  created: 7821   present: 12   in FES: 8
** Event #63232   t=244.013590088167   Elapsed: 243.959s (4m 03s)  3% completed  (3% total)
     Speed:     ev/sec=340.925   simsec/sec=1   ev/simsec=340.925
     Messages:  created: 7941   present: 77   in FES: 8
** Event #64000   t=246.443054894598   Elapsed: 246.388s (4m 06s)  3% completed  (3% total)
     Speed:     ev/sec=316.119   simsec/sec=0.999999   ev/simsec=316.119
     Messages:  created: 8034   present: 69   in FES: 8
** Event #64512   t=248.543510508967   Elapsed: 248.507s (4m 08s)  3% completed  (3% total)
     Speed:     ev/sec=241.652   simsec/sec=0.991365   ev/simsec=243.757
     Messages:  created: 8087   present: 40   in FES: 7
** Event #65280   t=251.369658359512   Elapsed: 251.315s (4m 11s)  3% completed  (3% total)
     Speed:     ev/sec=273.519   simsec/sec=1.00652   ev/simsec=271.748
     Messages:  created: 8172   present: 10   in FES: 6
** Event #66048   t=254.043581950102   Elapsed: 253.989s (4m 13s)  4% completed  (4% total)
     Speed:     ev/sec=287.219   simsec/sec=1   ev/simsec=287.218
     Messages:  created: 8271   present: 19   in FES: 8
** Event #66816   t=256.355427832967   Elapsed: 256.3s (4m 16s)  4% completed  (4% total)
     Speed:     ev/sec=332.202   simsec/sec=1   ev/simsec=332.202
     Messages:  created: 8377   present: 45   in FES: 8
** Event #67584   t=259.050896183204   Elapsed: 258.996s (4m 18s)  4% completed  (4% total)
     Speed:     ev/sec=284.923   simsec/sec=1   ev/simsec=284.923
     Messages:  created: 8462   present: 15   in FES: 8
** Event #68096   t=261.459850636447   Elapsed: 261.405s (4m 21s)  4% completed  (4% total)
     Speed:     ev/sec=212.54   simsec/sec=0.999999   ev/simsec=212.54
     Messages:  created: 8525   present: 13   in FES: 8
** Event #68864   t=264.404109120742   Elapsed: 264.388s (4m 24s)  4% completed  (4% total)
     Speed:     ev/sec=257.455   simsec/sec=0.986999   ev/simsec=260.847
     Messages:  created: 8622   present: 16   in FES: 7
** Event #69376   t=267.410825169583   Elapsed: 267.356s (4m 27s)  4% completed  (4% total)
     Speed:     ev/sec=172.507   simsec/sec=1.01305   ev/simsec=170.285
     Messages:  created: 8684   present: 10   in FES: 6
** Event #69888   t=270.987763530685   Elapsed: 270.933s (4m 30s)  4% completed  (4% total)
     Speed:     ev/sec=143.142   simsec/sec=1.00002   ev/simsec=143.139
     Messages:  created: 8749   present: 12   in FES: 7
** Event #70400   t=274.872034207767   Elapsed: 274.817s (4m 34s)  4% completed  (4% total)
     Speed:     ev/sec=131.814   simsec/sec=0.999999   ev/simsec=131.814
     Messages:  created: 8813   present: 13   in FES: 8
** Event #70912   t=277.184202029675   Elapsed: 277.129s (4m 37s)  4% completed  (4% total)
     Speed:     ev/sec=221.437   simsec/sec=1   ev/simsec=221.437
     Messages:  created: 8877   present: 14   in FES: 8
** Event #71424   t=279.850455462409   Elapsed: 279.796s (4m 39s)  4% completed  (4% total)
     Speed:     ev/sec=192.03   simsec/sec=1   ev/simsec=192.03
     Messages:  created: 8940   present: 11   in FES: 7
** Event #71936   t=282.428872538858   Elapsed: 282.374s (4m 42s)  4% completed  (4% total)
     Speed:     ev/sec=198.571   simsec/sec=1   ev/simsec=198.571
     Messages:  created: 9005   present: 14   in FES: 8
** Event #72448   t=285.472122546305   Elapsed: 285.417s (4m 45s)  4% completed  (4% total)
     Speed:     ev/sec=168.241   simsec/sec=1   ev/simsec=168.241
     Messages:  created: 9069   present: 14   in FES: 7
** Event #72960   t=288.766632871321   Elapsed: 288.712s (4m 48s)  4% completed  (4% total)
     Speed:     ev/sec=155.41   simsec/sec=1   ev/simsec=155.41
     Messages:  created: 9132   present: 10   in FES: 6
** Event #73728   t=291.866100169143   Elapsed: 291.811s (4m 51s)  4% completed  (4% total)
     Speed:     ev/sec=247.784   simsec/sec=0.999999   ev/simsec=247.785
     Messages:  created: 9228   present: 11   in FES: 7
** Event #74240   t=294.028540019769   Elapsed: 293.979s (4m 53s)  4% completed  (4% total)
     Speed:     ev/sec=236.196   simsec/sec=0.997577   ev/simsec=236.77
     Messages:  created: 9297   present: 24   in FES: 7
** Event #75008   t=296.839850077092   Elapsed: 296.785s (4m 56s)  4% completed  (4% total)
     Speed:     ev/sec=273.693   simsec/sec=1.00187   ev/simsec=273.182
     Messages:  created: 9388   present: 11   in FES: 7
** Event #75520   t=299.997772986082   Elapsed: 299.943s (4m 59s)  4% completed  (4% total)
     Speed:     ev/sec=162.132   simsec/sec=1   ev/simsec=162.132
     Messages:  created: 9452   present: 10   in FES: 6
t=300.843526 addServer() complete
** Event #75776   t=302.248383524636   Elapsed: 302.222s (5m 02s)  4% completed  (4% total)
     Speed:     ev/sec=112.339   simsec/sec=0.987625   ev/simsec=113.747
     Messages:  created: 9483   present: 9   in FES: 5
** Event #76032   t=304.708579699159   Elapsed: 304.689s (5m 04s)  4% completed  (4% total)
     Speed:     ev/sec=103.759   simsec/sec=0.997137   ev/simsec=104.057
     Messages:  created: 9515   present: 9   in FES: 5
** Event #76544   t=307.893929854558   Elapsed: 307.839s (5m 07s)  4% completed  (4% total)
     Speed:     ev/sec=162.528   simsec/sec=1.01115   ev/simsec=160.736
     Messages:  created: 9579   present: 9   in FES: 5
** Event #77056   t=310.656213478062   Elapsed: 310.61s (5m 10s)  4% completed  (4% total)
     Speed:     ev/sec=184.786   simsec/sec=0.996936   ev/simsec=185.354
     Messages:  created: 9643   present: 9   in FES: 5
** Event #77568   t=313.500359643021   Elapsed: 313.466s (5m 13s)  4% completed  (4% total)
     Speed:     ev/sec=179.257   simsec/sec=0.995768   ev/simsec=180.019
     Messages:  created: 9707   present: 9   in FES: 5
** Event #78080   t=316.649962164622   Elapsed: 316.624s (5m 16s)  5% completed  (5% total)
     Speed:     ev/sec=162.135   simsec/sec=0.997385   ev/simsec=162.56
     Messages:  created: 9771   present: 9   in FES: 5
** Event #78592   t=319.080637252381   Elapsed: 319.05s (5m 19s)  5% completed  (5% total)
     Speed:     ev/sec=211.021   simsec/sec=1.0018   ev/simsec=210.641
     Messages:  created: 9835   present: 9   in FES: 5
** Event #78848   t=321.392487813039   Elapsed: 321.369s (5m 21s)  5% completed  (5% total)
     Speed:     ev/sec=110.421   simsec/sec=0.997179   ev/simsec=110.734
     Messages:  created: 9867   present: 9   in FES: 5
** Event #79616   t=324.623543145621   Elapsed: 324.569s (5m 24s)  5% completed  (5% total)
     Speed:     ev/sec=240.005   simsec/sec=1.00972   ev/simsec=237.693
     Messages:  created: 9964   present: 11   in FES: 6
** Event #80128   t=327.32868192977   Elapsed: 327.276s (5m 27s)  5% completed  (5% total)
     Speed:     ev/sec=189.133   simsec/sec=0.999282   ev/simsec=189.269
     Messages:  created: 10030   present: 17   in FES: 7
** Event #80640   t=330.114672141519   Elapsed: 330.06s (5m 30s)  5% completed  (5% total)
     Speed:     ev/sec=183.871   simsec/sec=1.00051   ev/simsec=183.777
     Messages:  created: 10091   present: 9   in FES: 5
** Event #81408   t=332.272352478765   Elapsed: 332.217s (5m 32s)  5% completed  (5% total)
     Speed:     ev/sec=356.026   simsec/sec=1.00025   ev/simsec=355.938
     Messages:  created: 10188   present: 12   in FES: 7
** Event #81920   t=334.387229123315   Elapsed: 334.332s (5m 34s)  5% completed  (5% total)
     Speed:     ev/sec=242.095   simsec/sec=1   ev/simsec=242.094
     Messages:  created: 10252   present: 12   in FES: 7
** Event #82432   t=337.153450516419   Elapsed: 337.124s (5m 37s)  5% completed  (5% total)
     Speed:     ev/sec=183.42   simsec/sec=0.990979   ev/simsec=185.09
     Messages:  created: 10315   present: 9   in FES: 5
** Event #82944   t=339.667804809074   Elapsed: 339.635s (5m 39s)  5% completed  (5% total)
     Speed:     ev/sec=203.843   simsec/sec=1.00104   ev/simsec=203.631
     Messages:  created: 10379   present: 9   in FES: 5
** Event #83456   t=342.816966640845   Elapsed: 342.762s (5m 42s)  5% completed  (5% total)
     Speed:     ev/sec=163.756   simsec/sec=1.00722   ev/simsec=162.583
     Messages:  created: 10444   present: 11   in FES: 6
** Event #83968   t=345.948433581268   Elapsed: 345.893s (5m 45s)  5% completed  (5% total)
     Speed:     ev/sec=163.502   simsec/sec=1   ev/simsec=163.502
     Messages:  created: 10508   present: 12   in FES: 7
** Event #84224   t=348.095667021529   Elapsed: 348.07s (5m 48s)  5% completed  (5% total)
     Speed:     ev/sec=117.603   simsec/sec=0.986409   ev/simsec=119.223
     Messages:  created: 10539   present: 9   in FES: 5
** Event #84736   t=350.508517406187   Elapsed: 350.454s (5m 50s)  5% completed  (5% total)
     Speed:     ev/sec=214.831   simsec/sec=1.01241   ev/simsec=212.197
     Messages:  created: 10604   present: 11   in FES: 7
** Event #84992   t=352.650961026567   Elapsed: 352.611s (5m 52s)  5% completed  (5% total)
     Speed:     ev/sec=118.661   simsec/sec=0.993062   ev/simsec=119.49
     Messages:  created: 10635   present: 9   in FES: 5
** Event #85504   t=356.462417785173   Elapsed: 356.409s (5m 56s)  5% completed  (5% total)
     Speed:     ev/sec=134.794   simsec/sec=1.00344   ev/simsec=134.332
     Messages:  created: 10699   present: 9   in FES: 5
** Event #86016   t=359.016788308565   Elapsed: 358.962s (5m 58s)  5% completed  (5% total)
     Speed:     ev/sec=200.589   simsec/sec=1.00074   ev/simsec=200.441
     Messages:  created: 10765   present: 13   in FES: 8
t=360.843495 executing removeServer()
scheduled complete remove at 360.843495
** Event #86784   t=361.528413647806   Elapsed: 361.473s (6m 01s)  5% completed  (5% total)
     Speed:     ev/sec=305.785   simsec/sec=1.00002   ev/simsec=305.778
     Messages:  created: 10861   present: 9   in FES: 6
** Event #87296   t=363.866507729831   Elapsed: 363.812s (6m 03s)  5% completed  (5% total)
     Speed:     ev/sec=218.977   simsec/sec=0.999977   ev/simsec=218.982
     Messages:  created: 10927   present: 16   in FES: 7
** Event #88064   t=366.629960659692   Elapsed: 366.575s (6m 06s)  5% completed  (5% total)
     Speed:     ev/sec=277.913   simsec/sec=0.999999   ev/simsec=277.913
     Messages:  created: 11021   present: 11   in FES: 6
** Event #88576   t=368.708377728596   Elapsed: 368.653s (6m 08s)  5% completed  (5% total)
     Speed:     ev/sec=246.342   simsec/sec=1   ev/simsec=246.341
     Messages:  created: 11084   present: 8   in FES: 5
** Event #89088   t=371.185375582339   Elapsed: 371.13s (6m 11s)  5% completed  (5% total)
     Speed:     ev/sec=206.702   simsec/sec=1   ev/simsec=206.702
     Messages:  created: 11149   present: 9   in FES: 6
** Event #89600   t=373.473164661797   Elapsed: 373.418s (6m 13s)  5% completed  (5% total)
     Speed:     ev/sec=223.797   simsec/sec=0.999999   ev/simsec=223.797
     Messages:  created: 11212   present: 8   in FES: 5
** Event #89856   t=375.790560546022   Elapsed: 375.736s (6m 15s)  5% completed  (5% total)
     Speed:     ev/sec=110.469   simsec/sec=1   ev/simsec=110.469
     Messages:  created: 11244   present: 8   in FES: 5
** Event #90112   t=378.056452138416   Elapsed: 378.002s (6m 18s)  6% completed  (6% total)
     Speed:     ev/sec=112.98   simsec/sec=0.999999   ev/simsec=112.98
     Messages:  created: 11276   present: 8   in FES: 5
** Event #90368   t=380.194572285372   Elapsed: 380.14s (6m 20s)  6% completed  (6% total)
     Speed:     ev/sec=119.732   simsec/sec=1   ev/simsec=119.731
     Messages:  created: 11308   present: 8   in FES: 5
** Event #90880   t=382.8186835302   Elapsed: 382.764s (6m 22s)  6% completed  (6% total)
     Speed:     ev/sec=195.114   simsec/sec=0.999999   ev/simsec=195.114
     Messages:  created: 11372   present: 8   in FES: 5
** Event #91648   t=385.535163079335   Elapsed: 385.48s (6m 25s)  6% completed  (6% total)
     Speed:     ev/sec=282.719   simsec/sec=1   ev/simsec=282.719
     Messages:  created: 11471   present: 15   in FES: 7
** Event #92160   t=388.754320984963   Elapsed: 388.699s (6m 28s)  6% completed  (6% total)
     Speed:     ev/sec=159.048   simsec/sec=1   ev/simsec=159.048
     Messages:  created: 11532   present: 8   in FES: 5
** Event #92672   t=391.929050894555   Elapsed: 391.874s (6m 31s)  6% completed  (6% total)
     Speed:     ev/sec=161.273   simsec/sec=0.999999   ev/simsec=161.274
     Messages:  created: 11596   present: 8   in FES: 5
** Event #93184   t=395.405759962961   Elapsed: 395.351s (6m 35s)  6% completed  (6% total)
     Speed:     ev/sec=147.266   simsec/sec=1   ev/simsec=147.266
     Messages:  created: 11661   present: 9   in FES: 6
** Event #93696   t=398.647259422233   Elapsed: 398.592s (6m 38s)  6% completed  (6% total)
     Speed:     ev/sec=157.951   simsec/sec=0.999998   ev/simsec=157.952
     Messages:  created: 11725   present: 9   in FES: 6
** Event #94208   t=401.478529411951   Elapsed: 401.424s (6m 41s)  6% completed  (6% total)
     Speed:     ev/sec=180.838   simsec/sec=1   ev/simsec=180.838
     Messages:  created: 11789   present: 11   in FES: 7
** Event #94720   t=403.688288568066   Elapsed: 403.633s (6m 43s)  6% completed  (6% total)
     Speed:     ev/sec=231.699   simsec/sec=0.999998   ev/simsec=231.699
     Messages:  created: 11853   present: 9   in FES: 6
** Event #95232   t=406.785641030778   Elapsed: 406.731s (6m 46s)  6% completed  (6% total)
     Speed:     ev/sec=165.302   simsec/sec=1   ev/simsec=165.302
     Messages:  created: 11916   present: 8   in FES: 5
** Event #95744   t=409.462127068752   Elapsed: 409.407s (6m 49s)  6% completed  (6% total)
     Speed:     ev/sec=191.296   simsec/sec=1   ev/simsec=191.296
     Messages:  created: 11981   present: 10   in FES: 7
** Event #96512   t=411.864005457313   Elapsed: 411.809s (6m 51s)  6% completed  (6% total)
     Speed:     ev/sec=319.748   simsec/sec=0.999996   ev/simsec=319.75
     Messages:  created: 12077   present: 10   in FES: 6
** Event #97024   t=414.063089055915   Elapsed: 414.008s (6m 54s)  6% completed  (6% total)
     Speed:     ev/sec=232.825   simsec/sec=1   ev/simsec=232.824
     Messages:  created: 12142   present: 12   in FES: 7
** Event #97792   t=416.149772744584   Elapsed: 416.096s (6m 56s)  6% completed  (6% total)
     Speed:     ev/sec=367.841   simsec/sec=0.999438   ev/simsec=368.048
     Messages:  created: 12241   present: 21   in FES: 6
** Event #98560   t=419.161531283671   Elapsed: 419.107s (6m 59s)  6% completed  (6% total)
     Speed:     ev/sec=255.1   simsec/sec=1.00039   ev/simsec=255.001
     Messages:  created: 12336   present: 17   in FES: 7
** Event #99328   t=421.17686495347   Elapsed: 421.122s (7m 01s)  6% completed  (6% total)
     Speed:     ev/sec=381.078   simsec/sec=1   ev/simsec=381.078
     Messages:  created: 12439   present: 39   in FES: 7
** Event #100096   t=424.641273953625   Elapsed: 424.586s (7m 04s)  6% completed  (6% total)
     Speed:     ev/sec=221.683   simsec/sec=0.999999   ev/simsec=221.683
     Messages:  created: 12524   present: 9   in FES: 6
** Event #100608   t=427.319337920757   Elapsed: 427.264s (7m 07s)  6% completed  (6% total)
     Speed:     ev/sec=191.184   simsec/sec=1   ev/simsec=191.183
     Messages:  created: 12589   present: 11   in FES: 7
** Event #101120   t=430.834853954972   Elapsed: 430.78s (7m 10s)  6% completed  (6% total)
     Speed:     ev/sec=145.64   simsec/sec=0.999999   ev/simsec=145.64
     Messages:  created: 12653   present: 11   in FES: 7
** Event #101632   t=432.906780490531   Elapsed: 432.852s (7m 12s)  6% completed  (6% total)
     Speed:     ev/sec=247.113   simsec/sec=0.999999   ev/simsec=247.113
     Messages:  created: 12716   present: 10   in FES: 7
** Event #102400   t=435.7780519014   Elapsed: 435.781s (7m 15s)  6% completed  (6% total)
     Speed:     ev/sec=262.156   simsec/sec=0.980106   ev/simsec=267.477
     Messages:  created: 12813   present: 12   in FES: 6
** Event #102912   t=438.45108949301   Elapsed: 438.396s (7m 18s)  6% completed  (6% total)
     Speed:     ev/sec=195.812   simsec/sec=1.02229   ev/simsec=191.542
     Messages:  created: 12876   present: 10   in FES: 6
** Event #103424   t=441.226483461488   Elapsed: 441.172s (7m 21s)  7% completed  (7% total)
     Speed:     ev/sec=184.478   simsec/sec=1   ev/simsec=184.478
     Messages:  created: 12940   present: 9   in FES: 6
** Event #103936   t=443.788515322051   Elapsed: 443.734s (7m 23s)  7% completed  (7% total)
     Speed:     ev/sec=199.841   simsec/sec=1   ev/simsec=199.841
     Messages:  created: 13004   present: 8   in FES: 5
** Event #104448   t=446.613354633991   Elapsed: 446.558s (7m 26s)  7% completed  (7% total)
     Speed:     ev/sec=181.249   simsec/sec=0.999997   ev/simsec=181.249
     Messages:  created: 13068   present: 9   in FES: 6
** Event #105216   t=448.959025500891   Elapsed: 448.904s (7m 28s)  7% completed  (7% total)
     Speed:     ev/sec=327.412   simsec/sec=1   ev/simsec=327.412
     Messages:  created: 13168   present: 19   in FES: 7
** Event #105728   t=451.001879360082   Elapsed: 450.947s (7m 30s)  7% completed  (7% total)
     Speed:     ev/sec=250.63   simsec/sec=1   ev/simsec=250.63
     Messages:  created: 13228   present: 10   in FES: 7
** Event #106240   t=453.326276073429   Elapsed: 453.271s (7m 33s)  7% completed  (7% total)
     Speed:     ev/sec=220.272   simsec/sec=1   ev/simsec=220.272
     Messages:  created: 13292   present: 8   in FES: 5
** Event #106752   t=456.477623230259   Elapsed: 456.423s (7m 36s)  7% completed  (7% total)
     Speed:     ev/sec=162.47   simsec/sec=1   ev/simsec=162.47
     Messages:  created: 13357   present: 11   in FES: 7
** Event #107264   t=459.557311654744   Elapsed: 459.502s (7m 39s)  7% completed  (7% total)
     Speed:     ev/sec=166.251   simsec/sec=1   ev/simsec=166.251
     Messages:  created: 13420   present: 8   in FES: 5
** Event #107776   t=464.162833121711   Elapsed: 464.108s (7m 44s)  7% completed  (7% total)
     Speed:     ev/sec=111.171   simsec/sec=0.999998   ev/simsec=111.171
     Messages:  created: 13484   present: 8   in FES: 5
** Event #108288   t=467.871242482992   Elapsed: 467.816s (7m 47s)  7% completed  (7% total)
     Speed:     ev/sec=138.065   simsec/sec=1   ev/simsec=138.065
     Messages:  created: 13548   present: 8   in FES: 5
** Event #108544   t=470.091287202992   Elapsed: 470.036s (7m 50s)  7% completed  (7% total)
     Speed:     ev/sec=115.313   simsec/sec=0.999999   ev/simsec=115.313
     Messages:  created: 13580   present: 8   in FES: 5
** Event #109056   t=472.977383791365   Elapsed: 472.922s (7m 52s)  7% completed  (7% total)
     Speed:     ev/sec=177.402   simsec/sec=1   ev/simsec=177.402
     Messages:  created: 13644   present: 9   in FES: 6
** Event #109568   t=475.968158042426   Elapsed: 475.913s (7m 55s)  7% completed  (7% total)
     Speed:     ev/sec=171.193   simsec/sec=1   ev/simsec=171.193
     Messages:  created: 13708   present: 10   in FES: 7
** Event #110080   t=479.362786603965   Elapsed: 479.308s (7m 59s)  7% completed  (7% total)
     Speed:     ev/sec=150.827   simsec/sec=1   ev/simsec=150.827
     Messages:  created: 13773   present: 11   in FES: 7
** Event #110848   t=483.041913066056   Elapsed: 482.987s (8m 02s)  7% completed  (7% total)
     Speed:     ev/sec=208.745   simsec/sec=0.999999   ev/simsec=208.745
     Messages:  created: 13867   present: 9   in FES: 6
** Event #111104   t=485.176064106449   Elapsed: 485.121s (8m 05s)  7% completed  (7% total)
     Speed:     ev/sec=119.954   simsec/sec=0.999998   ev/simsec=119.954
     Messages:  created: 13899   present: 8   in FES: 5
** Event #111360   t=487.339675329598   Elapsed: 487.285s (8m 07s)  7% completed  (7% total)
     Speed:     ev/sec=118.316   simsec/sec=0.999959   ev/simsec=118.321
     Messages:  created: 13931   present: 8   in FES: 5
** Event #111872   t=490.500674221507   Elapsed: 490.446s (8m 10s)  7% completed  (7% total)
     Speed:     ev/sec=161.979   simsec/sec=1.00003   ev/simsec=161.974
     Messages:  created: 13995   present: 9   in FES: 6
** Event #112640   t=493.505825844875   Elapsed: 493.454s (8m 13s)  7% completed  (7% total)
     Speed:     ev/sec=255.263   simsec/sec=0.998832   ev/simsec=255.561
     Messages:  created: 14092   present: 11   in FES: 6
** Event #113408   t=496.636683875246   Elapsed: 496.582s (8m 16s)  7% completed  (7% total)
     Speed:     ev/sec=245.576   simsec/sec=1.00112   ev/simsec=245.3
     Messages:  created: 14190   present: 16   in FES: 7
** Event #113920   t=499.667129371975   Elapsed: 499.612s (8m 19s)  7% completed  (7% total)
     Speed:     ev/sec=168.952   simsec/sec=1   ev/simsec=168.952
     Messages:  created: 14251   present: 8   in FES: 5
** Event #114432   t=502.623722275069   Elapsed: 502.569s (8m 22s)  7% completed  (7% total)
     Speed:     ev/sec=173.173   simsec/sec=1   ev/simsec=173.172
     Messages:  created: 14315   present: 9   in FES: 6
** Event #114944   t=506.02168130889   Elapsed: 505.97s (8m 25s)  8% completed  (8% total)
     Speed:     ev/sec=150.556   simsec/sec=0.999184   ev/simsec=150.679
     Messages:  created: 14380   present: 11   in FES: 6
** Event #115200   t=508.543064663693   Elapsed: 508.488s (8m 28s)  8% completed  (8% total)
     Speed:     ev/sec=101.643   simsec/sec=1.0011   ev/simsec=101.532
     Messages:  created: 14411   present: 9   in FES: 6
** Event #115712   t=511.202589414543   Elapsed: 511.148s (8m 31s)  8% completed  (8% total)
     Speed:     ev/sec=192.515   simsec/sec=0.999998   ev/simsec=192.516
     Messages:  created: 14476   present: 10   in FES: 7
** Event #116480   t=513.633089607816   Elapsed: 513.578s (8m 33s)  8% completed  (8% total)
     Speed:     ev/sec=315.986   simsec/sec=1   ev/simsec=315.984
     Messages:  created: 14574   present: 17   in FES: 7
** Event #116992   t=515.971227247417   Elapsed: 515.916s (8m 35s)  8% completed  (8% total)
     Speed:     ev/sec=218.968   simsec/sec=0.999957   ev/simsec=218.978
     Messages:  created: 14635   present: 8   in FES: 5
** Event #117504   t=518.54387806403   Elapsed: 518.489s (8m 38s)  8% completed  (8% total)
     Speed:     ev/sec=199.024   simsec/sec=1.00004   ev/simsec=199.017
     Messages:  created: 14701   present: 13   in FES: 7
** Event #118016   t=520.979625099884   Elapsed: 520.925s (8m 40s)  8% completed  (8% total)
     Speed:     ev/sec=210.203   simsec/sec=1   ev/simsec=210.202
     Messages:  created: 14763   present: 9   in FES: 6
** Event #118528   t=523.2576946818   Elapsed: 523.252s (8m 43s)  8% completed  (8% total)
     Speed:     ev/sec=219.97   simsec/sec=0.978723   ev/simsec=224.752
     Messages:  created: 14828   present: 11   in FES: 5
** Event #119040   t=525.621737593525   Elapsed: 525.568s (8m 45s)  8% completed  (8% total)
     Speed:     ev/sec=221.085   simsec/sec=1.02081   ev/simsec=216.578
     Messages:  created: 14892   present: 11   in FES: 6
** Event #119552   t=528.278700735716   Elapsed: 528.224s (8m 48s)  8% completed  (8% total)
     Speed:     ev/sec=192.798   simsec/sec=1.0005   ev/simsec=192.701
     Messages:  created: 14956   present: 10   in FES: 6
** Event #120064   t=530.680183474304   Elapsed: 530.625s (8m 50s)  8% completed  (8% total)
     Speed:     ev/sec=213.202   simsec/sec=0.999999   ev/simsec=213.202
     Messages:  created: 15019   present: 8   in FES: 5
** Event #120576   t=533.760875865926   Elapsed: 533.71s (8m 53s)  8% completed  (8% total)
     Speed:     ev/sec=165.998   simsec/sec=0.998806   ev/simsec=166.196
     Messages:  created: 15084   present: 11   in FES: 6
** Event #121344   t=536.178346872414   Elapsed: 536.123s (8m 56s)  8% completed  (8% total)
     Speed:     ev/sec=318.172   simsec/sec=1.00152   ev/simsec=317.687
     Messages:  created: 15181   present: 13   in FES: 7
** Event #121856   t=538.690862676028   Elapsed: 538.636s (8m 58s)  8% completed  (8% total)
     Speed:     ev/sec=203.78   simsec/sec=1   ev/simsec=203.78
     Messages:  created: 15243   present: 9   in FES: 6
** Event #122368   t=541.06206328646   Elapsed: 541.007s (9m 01s)  8% completed  (8% total)
     Speed:     ev/sec=215.924   simsec/sec=0.999999   ev/simsec=215.924
     Messages:  created: 15309   present: 15   in FES: 7
** Event #122880   t=543.236266826984   Elapsed: 543.181s (9m 03s)  8% completed  (8% total)
     Speed:     ev/sec=235.489   simsec/sec=1   ev/simsec=235.489
     Messages:  created: 15370   present: 8   in FES: 5
** Event #123392   t=545.840838336486   Elapsed: 545.786s (9m 05s)  8% completed  (8% total)
     Speed:     ev/sec=196.577   simsec/sec=0.999999   ev/simsec=196.577
     Messages:  created: 15434   present: 8   in FES: 5
** Event #123904   t=547.924265781436   Elapsed: 547.87s (9m 07s)  8% completed  (8% total)
     Speed:     ev/sec=245.685   simsec/sec=0.999739   ev/simsec=245.749
     Messages:  created: 15499   present: 10   in FES: 6
** Event #124416   t=550.191823380855   Elapsed: 550.147s (9m 10s)  8% completed  (8% total)
     Speed:     ev/sec=224.859   simsec/sec=0.995861   ev/simsec=225.794
     Messages:  created: 15563   present: 10   in FES: 6
** Event #125184   t=552.807738287972   Elapsed: 552.765s (9m 12s)  8% completed  (8% total)
     Speed:     ev/sec=293.306   simsec/sec=0.999041   ev/simsec=293.588
     Messages:  created: 15659   present: 10   in FES: 6
** Event #125696   t=554.975298476082   Elapsed: 554.933s (9m 14s)  8% completed  (8% total)
     Speed:     ev/sec=236.216   simsec/sec=1.00002   ev/simsec=236.21
     Messages:  created: 15723   present: 10   in FES: 6
** Event #126208   t=557.818332261368   Elapsed: 557.763s (9m 17s)  8% completed  (8% total)
     Speed:     ev/sec=180.88   simsec/sec=1.00439   ev/simsec=180.089
     Messages:  created: 15787   present: 9   in FES: 6
** Event #126720   t=560.669673923984   Elapsed: 560.615s (9m 20s)  8% completed  (8% total)
     Speed:     ev/sec=179.565   simsec/sec=1   ev/simsec=179.565
     Messages:  created: 15851   present: 9   in FES: 6
** Event #127232   t=563.268305402129   Elapsed: 563.235s (9m 23s)  8% completed  (8% total)
     Speed:     ev/sec=195.374   simsec/sec=0.991611   ev/simsec=197.027
     Messages:  created: 15915   present: 10   in FES: 6
** Event #128000   t=565.836772309572   Elapsed: 565.782s (9m 25s)  8% completed  (8% total)
     Speed:     ev/sec=301.591   simsec/sec=1.00863   ev/simsec=299.011
     Messages:  created: 16016   present: 23   in FES: 7
** Event #128512   t=567.884255662466   Elapsed: 567.829s (9m 27s)  9% completed  (9% total)
     Speed:     ev/sec=250.064   simsec/sec=1   ev/simsec=250.063
     Messages:  created: 16075   present: 9   in FES: 6
** Event #129024   t=570.609908310705   Elapsed: 570.555s (9m 30s)  9% completed  (9% total)
     Speed:     ev/sec=187.845   simsec/sec=1   ev/simsec=187.845
     Messages:  created: 16140   present: 13   in FES: 7
** Event #129792   t=572.858310586607   Elapsed: 572.803s (9m 32s)  9% completed  (9% total)
     Speed:     ev/sec=341.577   simsec/sec=1   ev/simsec=341.576
     Messages:  created: 16246   present: 38   in FES: 7
** Event #130304   t=575.5328860508   Elapsed: 575.486s (9m 35s)  9% completed  (9% total)
     Speed:     ev/sec=190.883   simsec/sec=0.997128   ev/simsec=191.432
     Messages:  created: 16299   present: 10   in FES: 5
** Event #130816   t=577.701687618529   Elapsed: 577.654s (9m 37s)  9% completed  (9% total)
     Speed:     ev/sec=236.147   simsec/sec=1.00031   ev/simsec=236.075
     Messages:  created: 16363   present: 10   in FES: 6
** Event #131584   t=581.869990568011   Elapsed: 581.815s (9m 41s)  9% completed  (9% total)
     Speed:     ev/sec=184.559   simsec/sec=1.00169   ev/simsec=184.248
     Messages:  created: 16458   present: 8   in FES: 5
** Event #131840   t=583.938510596646   Elapsed: 583.884s (9m 43s)  9% completed  (9% total)
     Speed:     ev/sec=123.76   simsec/sec=1   ev/simsec=123.76
     Messages:  created: 16492   present: 12   in FES: 7
** Event #132096   t=586.208364082016   Elapsed: 586.153s (9m 46s)  9% completed  (9% total)
     Speed:     ev/sec=112.782   simsec/sec=0.999998   ev/simsec=112.783
     Messages:  created: 16523   present: 9   in FES: 6
** Event #132352   t=588.99721040722   Elapsed: 588.942s (9m 48s)  9% completed  (9% total)
     Speed:     ev/sec=91.7942   simsec/sec=1   ev/simsec=91.7942
     Messages:  created: 16555   present: 9   in FES: 6
** Event #132864   t=591.188021464394   Elapsed: 591.141s (9m 51s)  9% completed  (9% total)
     Speed:     ev/sec=232.89   simsec/sec=0.996518   ev/simsec=233.703
     Messages:  created: 16619   present: 10   in FES: 6
** Event #133376   t=593.475569561059   Elapsed: 593.427s (9m 53s)  9% completed  (9% total)
     Speed:     ev/sec=223.952   simsec/sec=1.00059   ev/simsec=223.82
     Messages:  created: 16683   present: 10   in FES: 6
** Event #133888   t=596.310957978161   Elapsed: 596.256s (9m 56s)  9% completed  (9% total)
     Speed:     ev/sec=180.978   simsec/sec=1.00223   ev/simsec=180.575
     Messages:  created: 16747   present: 9   in FES: 6
** Event #134656   t=599.771653965032   Elapsed: 599.717s (9m 59s)  9% completed  (9% total)
     Speed:     ev/sec=221.921   simsec/sec=1   ev/simsec=221.921
     Messages:  created: 16842   present: 8   in FES: 5
** Event #134912   t=601.966501334739   Elapsed: 601.912s (10m 01s)  9% completed  (9% total)
     Speed:     ev/sec=116.629   simsec/sec=0.999937   ev/simsec=116.637
     Messages:  created: 16874   present: 8   in FES: 5
** Event #135168   t=604.416100386548   Elapsed: 604.385s (10m 04s)  9% completed  (9% total)
     Speed:     ev/sec=103.514   simsec/sec=0.990499   ev/simsec=104.507
     Messages:  created: 16906   present: 9   in FES: 5
** Event #135680   t=606.566903673243   Elapsed: 606.512s (10m 06s)  9% completed  (9% total)
     Speed:     ev/sec=240.696   simsec/sec=1.01111   ev/simsec=238.051
     Messages:  created: 16971   present: 11   in FES: 7
** Event #136192   t=609.170478619627   Elapsed: 609.116s (10m 09s)  9% completed  (9% total)
     Speed:     ev/sec=196.652   simsec/sec=0.999999   ev/simsec=196.653
     Messages:  created: 17035   present: 12   in FES: 7
** Event #136448   t=611.290930126486   Elapsed: 611.253s (10m 11s)  9% completed  (9% total)
     Speed:     ev/sec=119.742   simsec/sec=0.991826   ev/simsec=120.729
     Messages:  created: 17066   present: 9   in FES: 6
** Event #136960   t=614.724259342204   Elapsed: 614.669s (10m 14s)  9% completed  (9% total)
     Speed:     ev/sec=149.887   simsec/sec=1.0051   ev/simsec=149.126
     Messages:  created: 17130   present: 8   in FES: 5
** Event #137472   t=616.990447295752   Elapsed: 616.94s (10m 16s)  9% completed  (9% total)
     Speed:     ev/sec=225.512   simsec/sec=0.998148   ev/simsec=225.93
     Messages:  created: 17194   present: 9   in FES: 6
** Event #138240   t=619.668022630776   Elapsed: 619.613s (10m 19s)  9% completed  (9% total)
     Speed:     ev/sec=287.284   simsec/sec=1.0016   ev/simsec=286.827
     Messages:  created: 17290   present: 8   in FES: 5
** Event #138752   t=621.880911855342   Elapsed: 621.83s (10m 21s)  9% completed  (9% total)
     Speed:     ev/sec=230.978   simsec/sec=0.998298   ev/simsec=231.372
     Messages:  created: 17354   present: 9   in FES: 6
** Event #139520   t=624.532276059696   Elapsed: 624.477s (10m 24s)  9% completed  (9% total)
     Speed:     ev/sec=290.075   simsec/sec=1.00143   ev/simsec=289.662
     Messages:  created: 17450   present: 8   in FES: 5
** Event #140288   t=626.943669735843   Elapsed: 626.89s (10m 26s)  9% completed  (9% total)
     Speed:     ev/sec=318.375   simsec/sec=0.999644   ev/simsec=318.488
     Messages:  created: 17546   present: 9   in FES: 6
** Event #140800   t=629.392939023995   Elapsed: 629.338s (10m 29s)  9% completed  (9% total)
     Speed:     ev/sec=209.116   simsec/sec=1.00035   ev/simsec=209.042
     Messages:  created: 17610   present: 8   in FES: 5
** Event #141312   t=631.940789722733   Elapsed: 631.886s (10m 31s)  10% completed  (10% total)
     Speed:     ev/sec=200.953   simsec/sec=0.999996   ev/simsec=200.954
     Messages:  created: 17674   present: 8   in FES: 5
** Event #141824   t=635.194032720317   Elapsed: 635.139s (10m 35s)  10% completed  (10% total)
     Speed:     ev/sec=157.376   simsec/sec=0.999969   ev/simsec=157.381
     Messages:  created: 17738   present: 8   in FES: 5
** Event #142080   t=637.761192818936   Elapsed: 637.706s (10m 37s)  10% completed  (10% total)
     Speed:     ev/sec=99.72   simsec/sec=0.99999   ev/simsec=99.7211
     Messages:  created: 17770   present: 8   in FES: 5
** Event #142336   t=640.006318784988   Elapsed: 639.96s (10m 39s)  10% completed  (10% total)
     Speed:     ev/sec=113.615   simsec/sec=0.996406   ev/simsec=114.025
     Messages:  created: 17802   present: 9   in FES: 6
** Event #142848   t=643.297962508506   Elapsed: 643.246s (10m 43s)  10% completed  (10% total)
     Speed:     ev/sec=155.789   simsec/sec=1.00157   ev/simsec=155.545
     Messages:  created: 17866   present: 9   in FES: 6
** Event #143360   t=646.403975177291   Elapsed: 646.377s (10m 46s)  10% completed  (10% total)
     Speed:     ev/sec=163.51   simsec/sec=0.991922   ev/simsec=164.842
     Messages:  created: 17930   present: 9   in FES: 6
** Event #143872   t=649.564533567116   Elapsed: 649.545s (10m 49s)  10% completed  (10% total)
     Speed:     ev/sec=161.656   simsec/sec=0.997897   ev/simsec=161.997
     Messages:  created: 17994   present: 9   in FES: 5
** Event #144384   t=652.093723981023   Elapsed: 652.076s (10m 52s)  10% completed  (10% total)
     Speed:     ev/sec=202.263   simsec/sec=0.999144   ev/simsec=202.436
     Messages:  created: 18058   present: 9   in FES: 6
** Event #144896   t=655.082591991188   Elapsed: 655.028s (10m 55s)  10% completed  (10% total)
     Speed:     ev/sec=173.461   simsec/sec=1.0126   ev/simsec=171.302
     Messages:  created: 18122   present: 8   in FES: 5
** Event #145408   t=658.016938101393   Elapsed: 657.981s (10m 57s)  10% completed  (10% total)
     Speed:     ev/sec=173.375   simsec/sec=0.993635   ev/simsec=174.485
     Messages:  created: 18186   present: 9   in FES: 6
** Event #145920   t=660.090253737302   Elapsed: 660.035s (11m 00s)  10% completed  (10% total)
     Speed:     ev/sec=249.207   simsec/sec=1.00915   ev/simsec=246.947
     Messages:  created: 18256   present: 25   in FES: 7
t=660.843523 executing removeServer()
scheduled complete remove at 661.140656152844
** Event #146688   t=663.01283105695   Elapsed: 662.97s (11m 02s)  10% completed  (10% total)
     Speed:     ev/sec=261.694   simsec/sec=0.995862   ev/simsec=262.782
     Messages:  created: 18352   present: 21   in FES: 5
** Event #147200   t=665.367617898556   Elapsed: 665.317s (11m 05s)  10% completed  (10% total)
     Speed:     ev/sec=218.137   simsec/sec=1.00325   ev/simsec=217.429
     Messages:  created: 18416   present: 21   in FES: 5
** Event #147712   t=668.168771848209   Elapsed: 668.114s (11m 08s)  10% completed  (10% total)
     Speed:     ev/sec=183.076   simsec/sec=1.00161   ev/simsec=182.782
     Messages:  created: 18482   present: 26   in FES: 6
** Event #148224   t=670.931433849972   Elapsed: 670.876s (11m 10s)  10% completed  (10% total)
     Speed:     ev/sec=185.329   simsec/sec=1   ev/simsec=185.328
     Messages:  created: 18541   present: 12   in FES: 6
** Event #148736   t=673.100886353842   Elapsed: 673.046s (11m 13s)  10% completed  (10% total)
     Speed:     ev/sec=236.004   simsec/sec=0.999999   ev/simsec=236.004
     Messages:  created: 18613   present: 33   in FES: 6
** Event #149248   t=675.584349881226   Elapsed: 675.529s (11m 15s)  10% completed  (10% total)
     Speed:     ev/sec=206.164   simsec/sec=1   ev/simsec=206.164
     Messages:  created: 18679   present: 40   in FES: 6
** Event #149760   t=677.990781242492   Elapsed: 677.936s (11m 17s)  10% completed  (10% total)
     Speed:     ev/sec=212.763   simsec/sec=1   ev/simsec=212.763
     Messages:  created: 18747   present: 49   in FES: 6
** Event #150272   t=680.757048312047   Elapsed: 680.702s (11m 20s)  10% completed  (10% total)
     Speed:     ev/sec=185.087   simsec/sec=1   ev/simsec=185.087
     Messages:  created: 18814   present: 58   in FES: 6
** Event #150784   t=683.554897227384   Elapsed: 683.5s (11m 23s)  10% completed  (10% total)
     Speed:     ev/sec=182.999   simsec/sec=1.00001   ev/simsec=182.998
     Messages:  created: 18883   present: 72   in FES: 6
** Event #151296   t=686.545483477887   Elapsed: 686.491s (11m 26s)  10% completed  (10% total)
     Speed:     ev/sec=171.203   simsec/sec=0.999993   ev/simsec=171.204
     Messages:  created: 18942   present: 57   in FES: 6
** Event #151808   t=689.935822933862   Elapsed: 689.881s (11m 29s)  10% completed  (10% total)
     Speed:     ev/sec=151.017   simsec/sec=1   ev/simsec=151.017
     Messages:  created: 18992   present: 20   in FES: 6
** Event #152064   t=692.449311316786   Elapsed: 692.394s (11m 32s)  10% completed  (10% total)
     Speed:     ev/sec=101.851   simsec/sec=1   ev/simsec=101.85
     Messages:  created: 19019   present: 8   in FES: 6
** Event #152576   t=695.110654195949   Elapsed: 695.056s (11m 35s)  11% completed  (11% total)
     Speed:     ev/sec=192.384   simsec/sec=0.999999   ev/simsec=192.384
     Messages:  created: 19085   present: 12   in FES: 6
** Event #153088   t=697.24972847969   Elapsed: 697.195s (11m 37s)  11% completed  (11% total)
     Speed:     ev/sec=239.356   simsec/sec=1   ev/simsec=239.356
     Messages:  created: 19157   present: 33   in FES: 6
** Event #153600   t=699.870142958892   Elapsed: 699.815s (11m 39s)  11% completed  (11% total)
     Speed:     ev/sec=195.389   simsec/sec=0.999999   ev/simsec=195.389
     Messages:  created: 19220   present: 31   in FES: 6
** Event #154112   t=702.147941675016   Elapsed: 702.093s (11m 42s)  11% completed  (11% total)
     Speed:     ev/sec=224.779   simsec/sec=1   ev/simsec=224.778
     Messages:  created: 19300   present: 73   in FES: 6
** Event #154624   t=704.973419657831   Elapsed: 704.944s (11m 44s)  11% completed  (11% total)
     Speed:     ev/sec=179.613   simsec/sec=0.991194   ev/simsec=181.208
     Messages:  created: 19362   present: 69   in FES: 5
** Event #155136   t=708.169045585262   Elapsed: 708.114s (11m 48s)  11% completed  (11% total)
     Speed:     ev/sec=161.487   simsec/sec=1.00792   ev/simsec=160.219
     Messages:  created: 19416   present: 43   in FES: 6
** Event #155648   t=711.570917368701   Elapsed: 711.574s (11m 51s)  11% completed  (11% total)
     Speed:     ev/sec=147.991   simsec/sec=0.983292   ev/simsec=150.505
     Messages:  created: 19469   present: 13   in FES: 5
** Event #156160   t=713.925150391624   Elapsed: 713.87s (11m 53s)  11% completed  (11% total)
     Speed:     ev/sec=222.955   simsec/sec=1.02517   ev/simsec=217.481
     Messages:  created: 19534   present: 16   in FES: 6
** Event #156672   t=717.04939644614   Elapsed: 716.994s (11m 56s)  11% completed  (11% total)
     Speed:     ev/sec=163.879   simsec/sec=0.999997   ev/simsec=163.88
     Messages:  created: 19596   present: 11   in FES: 6
** Event #157184   t=719.833282054463   Elapsed: 719.778s (11m 59s)  11% completed  (11% total)
     Speed:     ev/sec=183.916   simsec/sec=1   ev/simsec=183.916
     Messages:  created: 19660   present: 10   in FES: 6
t=720.843504 executing addServer()
adding server with latency=60
** Event #157696   t=722.777871122409   Elapsed: 722.73s (12m 02s)  11% completed  (11% total)
     Speed:     ev/sec=173.459   simsec/sec=0.997589   ev/simsec=173.878
     Messages:  created: 19724   present: 9   in FES: 6
** Event #158208   t=726.078591049581   Elapsed: 726.024s (12m 06s)  11% completed  (11% total)
     Speed:     ev/sec=155.453   simsec/sec=1.00216   ev/simsec=155.118
     Messages:  created: 19789   present: 11   in FES: 7
** Event #158720   t=729.185118562448   Elapsed: 729.141s (12m 09s)  11% completed  (11% total)
     Speed:     ev/sec=164.246   simsec/sec=0.996552   ev/simsec=164.814
     Messages:  created: 19852   present: 9   in FES: 6
** Event #159232   t=732.072194974756   Elapsed: 732.017s (12m 12s)  11% completed  (11% total)
     Speed:     ev/sec=178.004   simsec/sec=1.00374   ev/simsec=177.342
     Messages:  created: 19918   present: 13   in FES: 7
** Event #159744   t=734.362218863959   Elapsed: 734.307s (12m 14s)  11% completed  (11% total)
     Speed:     ev/sec=223.578   simsec/sec=1   ev/simsec=223.578
     Messages:  created: 19990   present: 35   in FES: 7
** Event #160256   t=736.925292207794   Elapsed: 736.87s (12m 16s)  11% completed  (11% total)
     Speed:     ev/sec=199.76   simsec/sec=1   ev/simsec=199.76
     Messages:  created: 20061   present: 55   in FES: 7
** Event #161024   t=739.714107475291   Elapsed: 739.659s (12m 19s)  11% completed  (11% total)
     Speed:     ev/sec=275.386   simsec/sec=1   ev/simsec=275.386
     Messages:  created: 20177   present: 107   in FES: 7
** Event #161536   t=742.080747625703   Elapsed: 742.026s (12m 22s)  11% completed  (11% total)
     Speed:     ev/sec=216.34   simsec/sec=0.999999   ev/simsec=216.34
     Messages:  created: 20268   present: 161   in FES: 7
** Event #162048   t=744.350000921266   Elapsed: 744.295s (12m 24s)  11% completed  (11% total)
     Speed:     ev/sec=225.625   simsec/sec=1   ev/simsec=225.625
     Messages:  created: 20347   present: 191   in FES: 7
** Event #162560   t=746.43994413918   Elapsed: 746.385s (12m 26s)  11% completed  (11% total)
     Speed:     ev/sec=244.983   simsec/sec=1   ev/simsec=244.983
     Messages:  created: 20423   present: 215   in FES: 7
** Event #163328   t=749.673391782024   Elapsed: 749.618s (12m 29s)  11% completed  (11% total)
     Speed:     ev/sec=237.517   simsec/sec=0.999998   ev/simsec=237.517
     Messages:  created: 20524   present: 225   in FES: 7
** Event #163840   t=752.125091209568   Elapsed: 752.07s (12m 32s)  11% completed  (11% total)
     Speed:     ev/sec=208.835   simsec/sec=0.999999   ev/simsec=208.835
     Messages:  created: 20592   present: 233   in FES: 7
** Event #164352   t=754.338495803933   Elapsed: 754.284s (12m 34s)  11% completed  (11% total)
     Speed:     ev/sec=231.318   simsec/sec=1   ev/simsec=231.318
     Messages:  created: 20650   present: 221   in FES: 7
** Event #164864   t=756.612724145106   Elapsed: 756.558s (12m 36s)  12% completed  (12% total)
     Speed:     ev/sec=225.131   simsec/sec=1   ev/simsec=225.131
     Messages:  created: 20724   present: 242   in FES: 8
** Event #165376   t=758.721470439065   Elapsed: 758.667s (12m 38s)  12% completed  (12% total)
     Speed:     ev/sec=242.798   simsec/sec=1   ev/simsec=242.798
     Messages:  created: 20792   present: 250   in FES: 8
** Event #165888   t=761.451373449059   Elapsed: 761.396s (12m 41s)  12% completed  (12% total)
     Speed:     ev/sec=187.553   simsec/sec=1   ev/simsec=187.552
     Messages:  created: 20857   present: 252   in FES: 8
** Event #166400   t=764.484108813912   Elapsed: 764.429s (12m 44s)  12% completed  (12% total)
     Speed:     ev/sec=168.824   simsec/sec=0.999996   ev/simsec=168.824
     Messages:  created: 20912   present: 233   in FES: 7
** Event #166912   t=767.571019293302   Elapsed: 767.516s (12m 47s)  12% completed  (12% total)
     Speed:     ev/sec=165.862   simsec/sec=1   ev/simsec=165.862
     Messages:  created: 20950   present: 182   in FES: 8
** Event #167424   t=771.086995327313   Elapsed: 771.032s (12m 51s)  12% completed  (12% total)
     Speed:     ev/sec=145.621   simsec/sec=1   ev/simsec=145.621
     Messages:  created: 21001   present: 156   in FES: 8
** Event #167936   t=774.110111105502   Elapsed: 774.055s (12m 54s)  12% completed  (12% total)
     Speed:     ev/sec=169.361   simsec/sec=0.999998   ev/simsec=169.362
     Messages:  created: 21049   present: 124   in FES: 8
** Event #168448   t=776.923846306047   Elapsed: 776.869s (12m 56s)  12% completed  (12% total)
     Speed:     ev/sec=181.965   simsec/sec=1   ev/simsec=181.965
     Messages:  created: 21107   present: 111   in FES: 7
** Event #168960   t=779.212735423971   Elapsed: 779.158s (12m 59s)  12% completed  (12% total)
     Speed:     ev/sec=223.689   simsec/sec=0.999999   ev/simsec=223.689
     Messages:  created: 21182   present: 134   in FES: 8
t=780.843504 addServer() complete
t=780.843504 executing setDimmer(0.75)
** Event #169472   t=782.065790790798   Elapsed: 782.011s (13m 02s)  12% completed  (12% total)
     Speed:     ev/sec=179.456   simsec/sec=0.999998   ev/simsec=179.457
     Messages:  created: 21233   present: 109   in FES: 7
** Event #169984   t=784.387366424435   Elapsed: 784.332s (13m 04s)  12% completed  (12% total)
     Speed:     ev/sec=220.541   simsec/sec=1   ev/simsec=220.54
     Messages:  created: 21275   present: 50   in FES: 6
** Event #170752   t=786.787938447478   Elapsed: 786.733s (13m 06s)  12% completed  (12% total)
     Speed:     ev/sec=319.923   simsec/sec=0.999999   ev/simsec=319.924
     Messages:  created: 21356   present: 10   in FES: 7
** Event #171264   t=789.754850078191   Elapsed: 789.7s (13m 09s)  12% completed  (12% total)
     Speed:     ev/sec=172.57   simsec/sec=0.999999   ev/simsec=172.57
     Messages:  created: 21419   present: 8   in FES: 5
** Event #171776   t=791.825731858892   Elapsed: 791.771s (13m 11s)  12% completed  (12% total)
     Speed:     ev/sec=247.238   simsec/sec=1   ev/simsec=247.238
     Messages:  created: 21483   present: 8   in FES: 5
** Event #172544   t=794.781219035368   Elapsed: 794.726s (13m 14s)  12% completed  (12% total)
     Speed:     ev/sec=259.856   simsec/sec=1   ev/simsec=259.856
     Messages:  created: 21579   present: 8   in FES: 5
** Event #173056   t=798.372009756851   Elapsed: 798.317s (13m 18s)  12% completed  (12% total)
     Speed:     ev/sec=142.587   simsec/sec=0.999998   ev/simsec=142.587
     Messages:  created: 21643   present: 8   in FES: 5
** Event #173568   t=801.963526229888   Elapsed: 801.909s (13m 21s)  12% completed  (12% total)
     Speed:     ev/sec=142.559   simsec/sec=1   ev/simsec=142.558
     Messages:  created: 21707   present: 8   in FES: 5
** Event #174080   t=804.995434332386   Elapsed: 804.94s (13m 24s)  12% completed  (12% total)
     Speed:     ev/sec=168.871   simsec/sec=1   ev/simsec=168.871
     Messages:  created: 21771   present: 8   in FES: 5
** Event #174336   t=807.935203534713   Elapsed: 807.88s (13m 27s)  12% completed  (12% total)
     Speed:     ev/sec=87.0818   simsec/sec=1   ev/simsec=87.0817
     Messages:  created: 21803   present: 8   in FES: 5
** Event #174592   t=810.453937999698   Elapsed: 810.399s (13m 30s)  12% completed  (12% total)
     Speed:     ev/sec=101.638   simsec/sec=0.999998   ev/simsec=101.638
     Messages:  created: 21836   present: 10   in FES: 7
** Event #175104   t=812.624192703734   Elapsed: 812.569s (13m 32s)  12% completed  (12% total)
     Speed:     ev/sec=235.917   simsec/sec=0.999999   ev/simsec=235.917
     Messages:  created: 21900   present: 10   in FES: 6
** Event #175616   t=814.988990466856   Elapsed: 814.934s (13m 34s)  12% completed  (12% total)
     Speed:     ev/sec=216.509   simsec/sec=1   ev/simsec=216.509
     Messages:  created: 21963   present: 8   in FES: 5
** Event #175872   t=817.587874708973   Elapsed: 817.533s (13m 37s)  12% completed  (12% total)
     Speed:     ev/sec=98.5039   simsec/sec=1   ev/simsec=98.5038
     Messages:  created: 21996   present: 10   in FES: 7
** Event #176128   t=819.927285471357   Elapsed: 819.872s (13m 39s)  13% completed  (13% total)
     Speed:     ev/sec=109.429   simsec/sec=0.999999   ev/simsec=109.429
     Messages:  created: 22028   present: 9   in FES: 6
** Event #176640   t=822.541253968702   Elapsed: 822.492s (13m 42s)  13% completed  (13% total)
     Speed:     ev/sec=195.478   simsec/sec=0.997996   ev/simsec=195.871
     Messages:  created: 22093   present: 13   in FES: 6
** Event #177152   t=825.022146028407   Elapsed: 824.967s (13m 44s)  13% completed  (13% total)
     Speed:     ev/sec=206.815   simsec/sec=1.00212   ev/simsec=206.377
     Messages:  created: 22155   present: 8   in FES: 5
** Event #177664   t=828.394151710625   Elapsed: 828.339s (13m 48s)  13% completed  (13% total)
     Speed:     ev/sec=151.839   simsec/sec=1   ev/simsec=151.838
     Messages:  created: 22219   present: 8   in FES: 5
** Event #178176   t=831.113568786508   Elapsed: 831.059s (13m 51s)  13% completed  (13% total)
     Speed:     ev/sec=188.276   simsec/sec=1   ev/simsec=188.276
     Messages:  created: 22284   present: 10   in FES: 7
** Event #178688   t=833.977732152528   Elapsed: 833.923s (13m 53s)  13% completed  (13% total)
     Speed:     ev/sec=178.76   simsec/sec=0.999998   ev/simsec=178.761
     Messages:  created: 22348   present: 9   in FES: 6
** Event #179456   t=837.229976763468   Elapsed: 837.175s (13m 57s)  13% completed  (13% total)
     Speed:     ev/sec=236.145   simsec/sec=1   ev/simsec=236.145
     Messages:  created: 22444   present: 9   in FES: 6
** Event #179968   t=840.433757890231   Elapsed: 840.379s (14m 00s)  13% completed  (13% total)
     Speed:     ev/sec=159.811   simsec/sec=0.999998   ev/simsec=159.811
     Messages:  created: 22507   present: 8   in FES: 5
t=840.843547 executing setDimmer(1)
** Event #180480   t=843.491390521448   Elapsed: 843.436s (14m 03s)  13% completed  (13% total)
     Speed:     ev/sec=167.45   simsec/sec=0.999999   ev/simsec=167.45
     Messages:  created: 22571   present: 9   in FES: 6
** Event #180992   t=847.971670799887   Elapsed: 847.917s (14m 07s)  13% completed  (13% total)
     Speed:     ev/sec=114.279   simsec/sec=1   ev/simsec=114.279
     Messages:  created: 22636   present: 11   in FES: 7
** Event #181248   t=850.49678922274   Elapsed: 850.442s (14m 10s)  13% completed  (13% total)
     Speed:     ev/sec=101.38   simsec/sec=0.999987   ev/simsec=101.381
     Messages:  created: 22667   present: 9   in FES: 6
** Event #181504   t=853.249328596492   Elapsed: 853.194s (14m 13s)  13% completed  (13% total)
     Speed:     ev/sec=93.006   simsec/sec=1.00001   ev/simsec=93.005
     Messages:  created: 22699   present: 10   in FES: 6
** Event #182016   t=856.693276330449   Elapsed: 856.638s (14m 16s)  13% completed  (13% total)
     Speed:     ev/sec=148.666   simsec/sec=0.999999   ev/simsec=148.667
     Messages:  created: 22763   present: 9   in FES: 6
** Event #182528   t=859.583860823459   Elapsed: 859.568s (14m 19s)  13% completed  (13% total)
     Speed:     ev/sec=174.743   simsec/sec=0.986544   ev/simsec=177.127
     Messages:  created: 22826   present: 7   in FES: 4
** Event #183296   t=862.065915097305   Elapsed: 862.051s (14m 22s)  13% completed  (13% total)
     Speed:     ev/sec=309.291   simsec/sec=0.999581   ev/simsec=309.421
     Messages:  created: 22922   present: 7   in FES: 4
** Event #184064   t=864.657939057233   Elapsed: 864.603s (14m 24s)  13% completed  (13% total)
     Speed:     ev/sec=300.993   simsec/sec=1.01586   ev/simsec=296.294
     Messages:  created: 23019   present: 9   in FES: 6
** Event #184832   t=867.088972169581   Elapsed: 867.034s (14m 27s)  13% completed  (13% total)
     Speed:     ev/sec=315.915   simsec/sec=1   ev/simsec=315.915
     Messages:  created: 23115   present: 10   in FES: 7
** Event #185344   t=869.562901736728   Elapsed: 869.508s (14m 29s)  13% completed  (13% total)
     Speed:     ev/sec=206.958   simsec/sec=1   ev/simsec=206.958
     Messages:  created: 23181   present: 14   in FES: 7
** Event #185856   t=872.597547284389   Elapsed: 872.646s (14m 32s)  13% completed  (13% total)
     Speed:     ev/sec=163.143   simsec/sec=0.966954   ev/simsec=168.718
     Messages:  created: 23242   present: 7   in FES: 4
** Event #186368   t=875.779804737789   Elapsed: 875.725s (14m 35s)  13% completed  (13% total)
     Speed:     ev/sec=166.312   simsec/sec=1.03369   ev/simsec=160.892
     Messages:  created: 23308   present: 12   in FES: 7
** Event #186880   t=877.814026893062   Elapsed: 877.759s (14m 37s)  13% completed  (13% total)
     Speed:     ev/sec=251.694   simsec/sec=1   ev/simsec=251.693
     Messages:  created: 23371   present: 9   in FES: 6
** Event #187392   t=880.07398951152   Elapsed: 880.019s (14m 40s)  13% completed  (13% total)
     Speed:     ev/sec=226.552   simsec/sec=0.999998   ev/simsec=226.552
     Messages:  created: 23436   present: 11   in FES: 7
** Event #188160   t=882.981785523939   Elapsed: 882.927s (14m 42s)  14% completed  (14% total)
     Speed:     ev/sec=264.118   simsec/sec=1   ev/simsec=264.118
     Messages:  created: 23531   present: 9   in FES: 6
** Event #188672   t=887.300365351753   Elapsed: 887.245s (14m 47s)  14% completed  (14% total)
     Speed:     ev/sec=118.557   simsec/sec=0.999999   ev/simsec=118.557
     Messages:  created: 23595   present: 9   in FES: 6
** Event #189184   t=891.398367911869   Elapsed: 891.504s (14m 51s)  14% completed  (14% total)
     Speed:     ev/sec=120.225   simsec/sec=0.962269   ev/simsec=124.939
     Messages:  created: 23658   present: 7   in FES: 4
** Event #189440   t=895.115475178241   Elapsed: 895.061s (14m 55s)  14% completed  (14% total)
     Speed:     ev/sec=71.9824   simsec/sec=1.04518   ev/simsec=68.8708
     Messages:  created: 23691   present: 9   in FES: 6
** Event #189952   t=899.441512899865   Elapsed: 899.387s (14m 59s)  14% completed  (14% total)
     Speed:     ev/sec=118.353   simsec/sec=1   ev/simsec=118.353
     Messages:  created: 23756   present: 11   in FES: 7
t=901.0565 executing removeServer()
scheduled complete remove at 901.05668830987
** Event #190464   t=903.097934278623   Elapsed: 903.043s (15m 03s)  14% completed  (14% total)
     Speed:     ev/sec=140.027   simsec/sec=0.999999   ev/simsec=140.028
     Messages:  created: 23820   present: 8   in FES: 6
** Event #190720   t=905.328402785197   Elapsed: 905.273s (15m 05s)  14% completed  (14% total)
     Speed:     ev/sec=114.774   simsec/sec=1   ev/simsec=114.774
     Messages:  created: 23854   present: 13   in FES: 6
** Event #191232   t=908.546388569226   Elapsed: 908.52s (15m 08s)  14% completed  (14% total)
     Speed:     ev/sec=157.706   simsec/sec=0.991202   ev/simsec=159.106
     Messages:  created: 23917   present: 11   in FES: 5
** Event #191744   t=911.628249952367   Elapsed: 911.573s (15m 11s)  14% completed  (14% total)
     Speed:     ev/sec=167.688   simsec/sec=1.00936   ev/simsec=166.133
     Messages:  created: 23981   present: 10   in FES: 6
** Event #192256   t=914.600317837256   Elapsed: 914.545s (15m 14s)  14% completed  (14% total)
     Speed:     ev/sec=172.271   simsec/sec=1   ev/simsec=172.271
     Messages:  created: 24050   present: 24   in FES: 6
** Event #192768   t=917.342513408307   Elapsed: 917.288s (15m 17s)  14% completed  (14% total)
     Speed:     ev/sec=186.711   simsec/sec=0.999998   ev/simsec=186.712
     Messages:  created: 24108   present: 8   in FES: 6
** Event #193024   t=919.61743828372   Elapsed: 919.563s (15m 19s)  14% completed  (14% total)
     Speed:     ev/sec=112.531   simsec/sec=1   ev/simsec=112.531
     Messages:  created: 24141   present: 10   in FES: 6
** Event #193280   t=921.948135645754   Elapsed: 921.893s (15m 21s)  14% completed  (14% total)
     Speed:     ev/sec=109.838   simsec/sec=1   ev/simsec=109.838
     Messages:  created: 24173   present: 10   in FES: 6
** Event #193792   t=925.252457929686   Elapsed: 925.213s (15m 25s)  14% completed  (14% total)
     Speed:     ev/sec=154.229   simsec/sec=0.995359   ev/simsec=154.949
     Messages:  created: 24237   present: 11   in FES: 5
** Event #194304   t=927.364155287304   Elapsed: 927.309s (15m 27s)  14% completed  (14% total)
     Speed:     ev/sec=244.241   simsec/sec=1.00735   ev/simsec=242.459
     Messages:  created: 24311   present: 37   in FES: 6
** Event #194816   t=930.270638936488   Elapsed: 930.216s (15m 30s)  14% completed  (14% total)
     Speed:     ev/sec=176.158   simsec/sec=1   ev/simsec=176.158
     Messages:  created: 24364   present: 8   in FES: 6
** Event #195328   t=933.006230037951   Elapsed: 933.005s (15m 33s)  14% completed  (14% total)
     Speed:     ev/sec=183.568   simsec/sec=0.980794   ev/simsec=187.162
     Messages:  created: 24432   present: 19   in FES: 5
** Event #195840   t=935.38905991901   Elapsed: 935.334s (15m 35s)  14% completed  (14% total)
     Speed:     ev/sec=219.812   simsec/sec=1.023   ev/simsec=214.871
     Messages:  created: 24508   present: 50   in FES: 6
** Event #196352   t=938.279940745799   Elapsed: 938.252s (15m 38s)  14% completed  (14% total)
     Speed:     ev/sec=175.451   simsec/sec=0.990642   ev/simsec=177.109
     Messages:  created: 24575   present: 59   in FES: 5
** Event #196864   t=940.800330465693   Elapsed: 940.745s (15m 40s)  14% completed  (14% total)
     Speed:     ev/sec=205.368   simsec/sec=1.01095   ev/simsec=203.143
     Messages:  created: 24625   present: 21   in FES: 6
** Event #197376   t=943.613764910899   Elapsed: 943.559s (15m 43s)  14% completed  (14% total)
     Speed:     ev/sec=181.984   simsec/sec=1   ev/simsec=181.984
     Messages:  created: 24684   present: 8   in FES: 6
** Event #197888   t=946.979052153283   Elapsed: 946.924s (15m 46s)  15% completed  (15% total)
     Speed:     ev/sec=152.137   simsec/sec=0.999972   ev/simsec=152.142
     Messages:  created: 24748   present: 7   in FES: 5
** Event #198400   t=948.994898189567   Elapsed: 948.94s (15m 48s)  15% completed  (15% total)
     Speed:     ev/sec=253.999   simsec/sec=1.00004   ev/simsec=253.988
     Messages:  created: 24821   present: 32   in FES: 6
** Event #198912   t=951.450046311899   Elapsed: 951.395s (15m 51s)  15% completed  (15% total)
     Speed:     ev/sec=208.54   simsec/sec=0.999993   ev/simsec=208.541
     Messages:  created: 24884   present: 30   in FES: 6
** Event #199424   t=954.356156534974   Elapsed: 954.301s (15m 54s)  15% completed  (15% total)
     Speed:     ev/sec=176.182   simsec/sec=1.00001   ev/simsec=176.181
     Messages:  created: 24940   present: 7   in FES: 5
** Event #199936   t=956.594594871667   Elapsed: 956.54s (15m 56s)  15% completed  (15% total)
     Speed:     ev/sec=228.731   simsec/sec=1   ev/simsec=228.731
     Messages:  created: 25012   present: 29   in FES: 6
** Event #200448   t=959.204089145048   Elapsed: 959.149s (15m 59s)  15% completed  (15% total)
     Speed:     ev/sec=196.207   simsec/sec=1   ev/simsec=196.207
     Messages:  created: 25070   present: 14   in FES: 6
** Event #200960   t=961.706588273026   Elapsed: 961.652s (16m 01s)  15% completed  (15% total)
     Speed:     ev/sec=204.535   simsec/sec=0.999705   ev/simsec=204.595
     Messages:  created: 25138   present: 26   in FES: 5
** Event #201472   t=964.175596736814   Elapsed: 964.138s (16m 04s)  15% completed  (15% total)
     Speed:     ev/sec=205.956   simsec/sec=0.99318   ev/simsec=207.371
     Messages:  created: 25202   present: 26   in FES: 5
** Event #201984   t=967.453707259163   Elapsed: 967.399s (16m 07s)  15% completed  (15% total)
     Speed:     ev/sec=157.034   simsec/sec=1.00542   ev/simsec=156.188
     Messages:  created: 25261   present: 13   in FES: 6
** Event #202240   t=969.521429993509   Elapsed: 969.467s (16m 09s)  15% completed  (15% total)
     Speed:     ev/sec=123.757   simsec/sec=0.999588   ev/simsec=123.808
     Messages:  created: 25292   present: 10   in FES: 5
** Event #202752   t=973.450709368027   Elapsed: 973.396s (16m 13s)  15% completed  (15% total)
     Speed:     ev/sec=130.333   simsec/sec=1.00022   ev/simsec=130.304
     Messages:  created: 25355   present: 8   in FES: 6
** Event #203008   t=975.868278390632   Elapsed: 975.813s (16m 15s)  15% completed  (15% total)
     Speed:     ev/sec=105.891   simsec/sec=1   ev/simsec=105.891
     Messages:  created: 25388   present: 9   in FES: 6
** Event #203520   t=979.620935982288   Elapsed: 979.566s (16m 19s)  15% completed  (15% total)
     Speed:     ev/sec=136.437   simsec/sec=1   ev/simsec=136.437
     Messages:  created: 25455   present: 17   in FES: 6
** Event #204032   t=983.040405854116   Elapsed: 982.985s (16m 22s)  15% completed  (15% total)
     Speed:     ev/sec=149.731   simsec/sec=1   ev/simsec=149.731
     Messages:  created: 25515   present: 8   in FES: 6
** Event #204288   t=985.139111904969   Elapsed: 985.084s (16m 25s)  15% completed  (15% total)
     Speed:     ev/sec=121.98   simsec/sec=1   ev/simsec=121.98
     Messages:  created: 25550   present: 15   in FES: 6
** Event #204544   t=987.597552306861   Elapsed: 987.543s (16m 27s)  15% completed  (15% total)
     Speed:     ev/sec=104.131   simsec/sec=0.999999   ev/simsec=104.131
     Messages:  created: 25579   present: 7   in FES: 5
** Event #205056   t=990.404886178361   Elapsed: 990.35s (16m 30s)  15% completed  (15% total)
     Speed:     ev/sec=182.379   simsec/sec=0.999999   ev/simsec=182.379
     Messages:  created: 25654   present: 36   in FES: 6
** Event #205568   t=992.560327220149   Elapsed: 992.505s (16m 32s)  15% completed  (15% total)
     Speed:     ev/sec=237.539   simsec/sec=1   ev/simsec=237.538
     Messages:  created: 25724   present: 53   in FES: 6
** Event #206080   t=994.88616176636   Elapsed: 994.858s (16m 34s)  15% completed  (15% total)
     Speed:     ev/sec=217.627   simsec/sec=0.988604   ev/simsec=220.136
     Messages:  created: 25790   present: 58   in FES: 5
** Event #206592   t=997.10459975648   Elapsed: 997.058s (16m 37s)  15% completed  (15% total)
     Speed:     ev/sec=232.692   simsec/sec=1.00823   ev/simsec=230.793
     Messages:  created: 25857   present: 66   in FES: 5
** Event #207104   t=999.472801097527   Elapsed: 999.418s (16m 39s)  15% completed  (15% total)
     Speed:     ev/sec=216.993   simsec/sec=1.00368   ev/simsec=216.198
     Messages:  created: 25932   present: 95   in FES: 6
** Event #207616   t=1002.025729062339   Elapsed: 1001.97s (16m 41s)  15% completed  (15% total)
     Speed:     ev/sec=200.556   simsec/sec=1.00001   ev/simsec=200.554
     Messages:  created: 25999   present: 103   in FES: 6
** Event #208128   t=1004.208861033231   Elapsed: 1004.19s (16m 44s)  15% completed  (15% total)
     Speed:     ev/sec=231.101   simsec/sec=0.985399   ev/simsec=234.525
     Messages:  created: 26070   present: 118   in FES: 5
** Event #208640   t=1006.545072372092   Elapsed: 1006.49s (16m 46s)  15% completed  (15% total)
     Speed:     ev/sec=221.849   simsec/sec=1.01228   ev/simsec=219.158
     Messages:  created: 26140   present: 130   in FES: 5
** Event #209152   t=1009.182525407899   Elapsed: 1009.14s (16m 49s)  16% completed  (16% total)
     Speed:     ev/sec=193.741   simsec/sec=0.998014   ev/simsec=194.127
     Messages:  created: 26195   present: 112   in FES: 5
** Event #209920   t=1012.317006959937   Elapsed: 1012.28s (16m 52s)  16% completed  (16% total)
     Speed:     ev/sec=244.628   simsec/sec=0.998415   ev/simsec=245.017
     Messages:  created: 26305   present: 140   in FES: 5
** Event #210432   t=1015.065178360683   Elapsed: 1015.05s (16m 55s)  16% completed  (16% total)
     Speed:     ev/sec=184.839   simsec/sec=0.992129   ev/simsec=186.306
     Messages:  created: 26366   present: 134   in FES: 5
** Event #211200   t=1017.763123337042   Elapsed: 1017.71s (16m 57s)  16% completed  (16% total)
     Speed:     ev/sec=288.174   simsec/sec=1.01234   ev/simsec=284.661
     Messages:  created: 26487   present: 184   in FES: 5
** Event #211968   t=1020.713183784243   Elapsed: 1020.66s (17m 00s)  16% completed  (16% total)
     Speed:     ev/sec=260.612   simsec/sec=1.00107   ev/simsec=260.334
     Messages:  created: 26600   present: 218   in FES: 6
t=1020.843508 executing addServer()
adding server with latency=60
** Event #212480   t=1023.611686077238   Elapsed: 1023.56s (17m 03s)  16% completed  (16% total)
     Speed:     ev/sec=176.643   simsec/sec=0.999999   ev/simsec=176.643
     Messages:  created: 26669   present: 227   in FES: 7
** Event #212992   t=1026.517873104796   Elapsed: 1026.46s (17m 06s)  16% completed  (16% total)
     Speed:     ev/sec=176.176   simsec/sec=1   ev/simsec=176.176
     Messages:  created: 26712   present: 186   in FES: 8
** Event #213504   t=1029.910611539468   Elapsed: 1029.86s (17m 09s)  16% completed  (16% total)
     Speed:     ev/sec=150.911   simsec/sec=1   ev/simsec=150.911
     Messages:  created: 26765   present: 164   in FES: 8
** Event #214016   t=1032.131737616907   Elapsed: 1032.08s (17m 12s)  16% completed  (16% total)
     Speed:     ev/sec=230.514   simsec/sec=0.999999   ev/simsec=230.514
     Messages:  created: 26831   present: 167   in FES: 7
** Event #214528   t=1035.51768336731   Elapsed: 1035.46s (17m 15s)  16% completed  (16% total)
     Speed:     ev/sec=151.213   simsec/sec=1   ev/simsec=151.213
     Messages:  created: 26874   present: 126   in FES: 8
** Event #215040   t=1038.635791895624   Elapsed: 1038.58s (17m 18s)  16% completed  (16% total)
     Speed:     ev/sec=164.202   simsec/sec=1   ev/simsec=164.202
     Messages:  created: 26926   present: 100   in FES: 7
** Event #215552   t=1041.428937498699   Elapsed: 1041.37s (17m 21s)  16% completed  (16% total)
     Speed:     ev/sec=183.306   simsec/sec=0.999998   ev/simsec=183.306
     Messages:  created: 26983   present: 80   in FES: 7
** Event #216064   t=1044.008927556412   Elapsed: 1043.95s (17m 23s)  16% completed  (16% total)
     Speed:     ev/sec=198.451   simsec/sec=1   ev/simsec=198.45
     Messages:  created: 27044   present: 73   in FES: 7
** Event #216576   t=1047.355075376046   Elapsed: 1047.3s (17m 27s)  16% completed  (16% total)
     Speed:     ev/sec=153.012   simsec/sec=1   ev/simsec=153.012
     Messages:  created: 27084   present: 9   in FES: 6
** Event #217088   t=1050.894793828283   Elapsed: 1050.84s (17m 30s)  16% completed  (16% total)
     Speed:     ev/sec=144.644   simsec/sec=1   ev/simsec=144.644
     Messages:  created: 27149   present: 11   in FES: 7
** Event #217600   t=1054.589314764579   Elapsed: 1054.67s (17m 34s)  16% completed  (16% total)
     Speed:     ev/sec=133.693   simsec/sec=0.964712   ev/simsec=138.584
     Messages:  created: 27214   present: 14   in FES: 6
** Event #218112   t=1057.966356887744   Elapsed: 1057.93s (17m 37s)  16% completed  (16% total)
     Speed:     ev/sec=157.144   simsec/sec=1.03649   ev/simsec=151.612
     Messages:  created: 27278   present: 14   in FES: 6
** Event #218368   t=1060.233814956384   Elapsed: 1060.19s (17m 40s)  16% completed  (16% total)
     Speed:     ev/sec=113.162   simsec/sec=1.0023   ev/simsec=112.902
     Messages:  created: 27310   present: 14   in FES: 6
** Event #218624   t=1062.798457533402   Elapsed: 1062.74s (17m 42s)  16% completed  (16% total)
     Speed:     ev/sec=100.251   simsec/sec=1.00433   ev/simsec=99.819
     Messages:  created: 27341   present: 12   in FES: 7
** Event #219136   t=1066.60089409968   Elapsed: 1066.56s (17m 46s)  16% completed  (16% total)
     Speed:     ev/sec=134.105   simsec/sec=0.99595   ev/simsec=134.651
     Messages:  created: 27406   present: 14   in FES: 6
** Event #219648   t=1069.088685989283   Elapsed: 1069.03s (17m 49s)  16% completed  (16% total)
     Speed:     ev/sec=207.092   simsec/sec=1.00625   ev/simsec=205.805
     Messages:  created: 27472   present: 19   in FES: 7
** Event #220160   t=1071.569838561641   Elapsed: 1071.52s (17m 51s)  17% completed  (17% total)
     Speed:     ev/sec=206.278   simsec/sec=0.999623   ev/simsec=206.356
     Messages:  created: 27540   present: 30   in FES: 6
** Event #220672   t=1074.4094957505   Elapsed: 1074.35s (17m 54s)  17% completed  (17% total)
     Speed:     ev/sec=180.363   simsec/sec=1.00033   ev/simsec=180.303
     Messages:  created: 27597   present: 10   in FES: 7
** Event #221184   t=1077.429389796019   Elapsed: 1077.37s (17m 57s)  17% completed  (17% total)
     Speed:     ev/sec=169.542   simsec/sec=0.999999   ev/simsec=169.542
     Messages:  created: 27662   present: 13   in FES: 7
** Event #221696   t=1079.920400837853   Elapsed: 1079.87s (17m 59s)  17% completed  (17% total)
     Speed:     ev/sec=205.53   simsec/sec=0.999956   ev/simsec=205.539
     Messages:  created: 27735   present: 38   in FES: 6
t=1080.843508 addServer() complete
t=1080.84351 executing setDimmer(0.75)
** Event #222208   t=1082.790028914057   Elapsed: 1082.74s (18m 02s)  17% completed  (17% total)
     Speed:     ev/sec=178.427   simsec/sec=1.00004   ev/simsec=178.42
     Messages:  created: 27787   present: 8   in FES: 5
** Event #222720   t=1085.128703869792   Elapsed: 1085.07s (18m 05s)  17% completed  (17% total)
     Speed:     ev/sec=218.846   simsec/sec=0.999629   ev/simsec=218.927
     Messages:  created: 27852   present: 10   in FES: 6
** Event #223232   t=1087.800263268584   Elapsed: 1087.75s (18m 07s)  17% completed  (17% total)
     Speed:     ev/sec=191.711   simsec/sec=1.00033   ev/simsec=191.648
     Messages:  created: 27917   present: 12   in FES: 6
** Event #223744   t=1091.115058882791   Elapsed: 1091.06s (18m 11s)  17% completed  (17% total)
     Speed:     ev/sec=154.459   simsec/sec=0.999999   ev/simsec=154.459
     Messages:  created: 27980   present: 9   in FES: 6
** Event #224000   t=1093.399554902871   Elapsed: 1093.34s (18m 13s)  17% completed  (17% total)
     Speed:     ev/sec=112.06   simsec/sec=1   ev/simsec=112.06
     Messages:  created: 28012   present: 9   in FES: 6
** Event #224512   t=1096.436341495528   Elapsed: 1096.38s (18m 16s)  17% completed  (17% total)
     Speed:     ev/sec=168.599   simsec/sec=1   ev/simsec=168.599
     Messages:  created: 28075   present: 8   in FES: 5
** Event #224768   t=1098.534338585573   Elapsed: 1098.48s (18m 18s)  17% completed  (17% total)
     Speed:     ev/sec=122.021   simsec/sec=1   ev/simsec=122.021
     Messages:  created: 28107   present: 8   in FES: 5
** Event #225024   t=1101.477086464915   Elapsed: 1101.42s (18m 21s)  17% completed  (17% total)
     Speed:     ev/sec=86.9935   simsec/sec=1   ev/simsec=86.9935
     Messages:  created: 28139   present: 8   in FES: 5
** Event #225280   t=1104.623040893886   Elapsed: 1104.57s (18m 24s)  17% completed  (17% total)
     Speed:     ev/sec=81.3744   simsec/sec=1   ev/simsec=81.3744
     Messages:  created: 28172   present: 9   in FES: 6
** Event #225536   t=1107.651310919841   Elapsed: 1107.6s (18m 27s)  17% completed  (17% total)
     Speed:     ev/sec=84.5365   simsec/sec=0.999998   ev/simsec=84.5367
     Messages:  created: 28203   present: 8   in FES: 5
** Event #225792   t=1109.680515299631   Elapsed: 1109.63s (18m 29s)  17% completed  (17% total)
     Speed:     ev/sec=126.158   simsec/sec=1   ev/simsec=126.158
     Messages:  created: 28235   present: 8   in FES: 5
** Event #226048   t=1113.738543112757   Elapsed: 1113.68s (18m 33s)  17% completed  (17% total)
     Speed:     ev/sec=63.0848   simsec/sec=0.999999   ev/simsec=63.0848
     Messages:  created: 28267   present: 8   in FES: 5
** Event #226304   t=1116.260970437951   Elapsed: 1116.21s (18m 36s)  17% completed  (17% total)
     Speed:     ev/sec=101.49   simsec/sec=1   ev/simsec=101.49
     Messages:  created: 28300   present: 9   in FES: 6
** Event #226816   t=1120.913989228059   Elapsed: 1120.86s (18m 40s)  17% completed  (17% total)
     Speed:     ev/sec=110.036   simsec/sec=1   ev/simsec=110.036
     Messages:  created: 28363   present: 8   in FES: 5
** Event #227072   t=1124.272508997167   Elapsed: 1124.22s (18m 44s)  17% completed  (17% total)
     Speed:     ev/sec=76.2241   simsec/sec=1   ev/simsec=76.2241
     Messages:  created: 28395   present: 8   in FES: 5
** Event #227584   t=1127.537725509099   Elapsed: 1127.48s (18m 47s)  17% completed  (17% total)
     Speed:     ev/sec=156.804   simsec/sec=1   ev/simsec=156.804
     Messages:  created: 28459   present: 8   in FES: 5
** Event #228096   t=1130.821582923444   Elapsed: 1130.77s (18m 50s)  17% completed  (17% total)
     Speed:     ev/sec=155.914   simsec/sec=1   ev/simsec=155.914
     Messages:  created: 28524   present: 9   in FES: 6
** Event #228608   t=1134.789154918904   Elapsed: 1134.73s (18m 54s)  18% completed  (18% total)
     Speed:     ev/sec=129.046   simsec/sec=1   ev/simsec=129.046
     Messages:  created: 28587   present: 8   in FES: 5
** Event #228864   t=1137.37301881222   Elapsed: 1137.32s (18m 57s)  18% completed  (18% total)
     Speed:     ev/sec=99.0765   simsec/sec=1   ev/simsec=99.0764
     Messages:  created: 28619   present: 8   in FES: 5
t=1140.843532 executing setDimmer(1)
** Event #229120   t=1140.857198173498   Elapsed: 1140.8s (19m 00s)  18% completed  (18% total)
     Speed:     ev/sec=73.4747   simsec/sec=0.999997   ev/simsec=73.475
     Messages:  created: 28651   present: 9   in FES: 6
** Event #229376   t=1143.793873478765   Elapsed: 1143.74s (19m 03s)  18% completed  (18% total)
     Speed:     ev/sec=87.1696   simsec/sec=0.999957   ev/simsec=87.1734
     Messages:  created: 28683   present: 8   in FES: 5
** Event #229632   t=1146.383010400595   Elapsed: 1146.33s (19m 06s)  18% completed  (18% total)
     Speed:     ev/sec=98.8798   simsec/sec=1.00005   ev/simsec=98.8746
     Messages:  created: 28715   present: 9   in FES: 6
** Event #230144   t=1149.052933558959   Elapsed: 1149s (19m 08s)  18% completed  (18% total)
     Speed:     ev/sec=191.766   simsec/sec=1   ev/simsec=191.766
     Messages:  created: 28779   present: 9   in FES: 6
** Event #230656   t=1153.497789869684   Elapsed: 1153.44s (19m 13s)  18% completed  (18% total)
     Speed:     ev/sec=115.188   simsec/sec=0.999987   ev/simsec=115.189
     Messages:  created: 28843   present: 8   in FES: 5
** Event #231424   t=1156.357716902932   Elapsed: 1156.3s (19m 16s)  18% completed  (18% total)
     Speed:     ev/sec=268.544   simsec/sec=1.00002   ev/simsec=268.538
     Messages:  created: 28940   present: 11   in FES: 7
** Event #232448   t=1159.936296024491   Elapsed: 1159.88s (19m 19s)  18% completed  (18% total)
     Speed:     ev/sec=286.147   simsec/sec=0.999998   ev/simsec=286.147
     Messages:  created: 29067   present: 8   in FES: 5
** Event #232960   t=1162.854977181906   Elapsed: 1162.8s (19m 22s)  18% completed  (18% total)
     Speed:     ev/sec=175.422   simsec/sec=1   ev/simsec=175.422
     Messages:  created: 29133   present: 15   in FES: 7
** Event #233472   t=1165.098309229608   Elapsed: 1165.04s (19m 25s)  18% completed  (18% total)
     Speed:     ev/sec=228.232   simsec/sec=1   ev/simsec=228.232
     Messages:  created: 29195   present: 10   in FES: 7
** Event #233984   t=1168.321307169629   Elapsed: 1168.27s (19m 28s)  18% completed  (18% total)
     Speed:     ev/sec=158.859   simsec/sec=1   ev/simsec=158.858
     Messages:  created: 29259   present: 9   in FES: 6
** Event #234496   t=1170.881730753071   Elapsed: 1170.83s (19m 30s)  18% completed  (18% total)
     Speed:     ev/sec=199.967   simsec/sec=0.999998   ev/simsec=199.967
     Messages:  created: 29323   present: 9   in FES: 6
** Event #235008   t=1173.393170371433   Elapsed: 1173.34s (19m 33s)  18% completed  (18% total)
     Speed:     ev/sec=203.867   simsec/sec=0.999999   ev/simsec=203.867
     Messages:  created: 29387   present: 8   in FES: 5
** Event #235520   t=1176.675701871915   Elapsed: 1176.62s (19m 36s)  18% completed  (18% total)
     Speed:     ev/sec=155.977   simsec/sec=1   ev/simsec=155.977
     Messages:  created: 29452   present: 11   in FES: 7
** Event #236032   t=1179.354334814609   Elapsed: 1179.3s (19m 39s)  18% completed  (18% total)
     Speed:     ev/sec=191.142   simsec/sec=0.999999   ev/simsec=191.142
     Messages:  created: 29515   present: 9   in FES: 6
** Event #236544   t=1181.418321892125   Elapsed: 1181.36s (19m 41s)  18% completed  (18% total)
     Speed:     ev/sec=248.064   simsec/sec=1   ev/simsec=248.064
     Messages:  created: 29579   present: 8   in FES: 5
** Event #237056   t=1183.565216427925   Elapsed: 1183.51s (19m 43s)  18% completed  (18% total)
     Speed:     ev/sec=238.484   simsec/sec=0.999999   ev/simsec=238.484
     Messages:  created: 29643   present: 9   in FES: 6
** Event #237568   t=1187.17547073001   Elapsed: 1187.12s (19m 47s)  18% completed  (18% total)
     Speed:     ev/sec=141.818   simsec/sec=1   ev/simsec=141.818
     Messages:  created: 29707   present: 10   in FES: 7
** Event #238080   t=1189.817050617694   Elapsed: 1189.77s (19m 49s)  18% completed  (18% total)
     Speed:     ev/sec=192.946   simsec/sec=0.995474   ev/simsec=193.823
     Messages:  created: 29772   present: 12   in FES: 6
** Event #238592   t=1194.270885159428   Elapsed: 1194.22s (19m 54s)  18% completed  (18% total)
     Speed:     ev/sec=115.265   simsec/sec=1.00268   ev/simsec=114.957
     Messages:  created: 29835   present: 8   in FES: 5
** Event #238848   t=1196.968574710897   Elapsed: 1196.91s (19m 56s)  18% completed  (18% total)
     Speed:     ev/sec=94.9005   simsec/sec=1.00005   ev/simsec=94.896
     Messages:  created: 29867   present: 9   in FES: 6
** Event #239104   t=1199.025797735856   Elapsed: 1198.97s (19m 58s)  19% completed  (19% total)
     Speed:     ev/sec=124.438   simsec/sec=0.999986   ev/simsec=124.44
     Messages:  created: 29899   present: 8   in FES: 5
t=1200.843497 executing removeServer()
scheduled complete remove at 1200.843497
** Event #239360   t=1202.498855521829   Elapsed: 1202.44s (20m 02s)  19% completed  (19% total)
     Speed:     ev/sec=73.7096   simsec/sec=0.999991   ev/simsec=73.7103
     Messages:  created: 29932   present: 7   in FES: 5
** Event #239616   t=1205.679067437887   Elapsed: 1205.62s (20m 05s)  19% completed  (19% total)
     Speed:     ev/sec=80.4992   simsec/sec=1.00002   ev/simsec=80.4978
     Messages:  created: 29966   present: 13   in FES: 6
** Event #239872   t=1208.89361481267   Elapsed: 1208.84s (20m 08s)  19% completed  (19% total)
     Speed:     ev/sec=79.6377   simsec/sec=0.999997   ev/simsec=79.638
     Messages:  created: 29997   present: 10   in FES: 6
** Event #240128   t=1210.896405816636   Elapsed: 1210.84s (20m 10s)  19% completed  (19% total)
     Speed:     ev/sec=127.819   simsec/sec=0.99998   ev/simsec=127.822
     Messages:  created: 30033   present: 20   in FES: 6
** Event #240640   t=1216.07181297339   Elapsed: 1216.02s (20m 16s)  19% completed  (19% total)
     Speed:     ev/sec=98.9292   simsec/sec=0.999998   ev/simsec=98.9294
     Messages:  created: 30092   present: 7   in FES: 5
** Event #241152   t=1218.922158466402   Elapsed: 1218.88s (20m 18s)  19% completed  (19% total)
     Speed:     ev/sec=178.859   simsec/sec=0.995725   ev/simsec=179.627
     Messages:  created: 30156   present: 8   in FES: 5
** Event #241408   t=1221.382374898703   Elapsed: 1221.33s (20m 21s)  19% completed  (19% total)
     Speed:     ev/sec=104.577   simsec/sec=1.00501   ev/simsec=104.056
     Messages:  created: 30188   present: 7   in FES: 5
** Event #241920   t=1224.204121053095   Elapsed: 1224.15s (20m 24s)  19% completed  (19% total)
     Speed:     ev/sec=181.45   simsec/sec=1.00001   ev/simsec=181.448
     Messages:  created: 30257   present: 21   in FES: 6
** Event #242432   t=1229.709715624711   Elapsed: 1229.65s (20m 29s)  19% completed  (19% total)
     Speed:     ev/sec=92.9962   simsec/sec=0.999998   ev/simsec=92.9963
     Messages:  created: 30317   present: 10   in FES: 6
** Event #242688   t=1232.762618884027   Elapsed: 1232.71s (20m 32s)  19% completed  (19% total)
     Speed:     ev/sec=83.8549   simsec/sec=1   ev/simsec=83.8546
     Messages:  created: 30348   present: 7   in FES: 5
** Event #243200   t=1237.599645115397   Elapsed: 1237.56s (20m 37s)  19% completed  (19% total)
     Speed:     ev/sec=105.576   simsec/sec=0.99741   ev/simsec=105.85
     Messages:  created: 30412   present: 8   in FES: 5
** Event #243456   t=1239.598737487054   Elapsed: 1239.58s (20m 39s)  19% completed  (19% total)
     Speed:     ev/sec=126.772   simsec/sec=0.98996   ev/simsec=128.058
     Messages:  created: 30444   present: 8   in FES: 5
** Event #243712   t=1241.657035052391   Elapsed: 1241.6s (20m 41s)  19% completed  (19% total)
     Speed:     ev/sec=126.391   simsec/sec=1.01621   ev/simsec=124.375
     Messages:  created: 30477   present: 10   in FES: 6
** Event #244224   t=1245.225632435197   Elapsed: 1245.17s (20m 45s)  19% completed  (19% total)
     Speed:     ev/sec=143.474   simsec/sec=1   ev/simsec=143.474
     Messages:  created: 30542   present: 14   in FES: 6
** Event #244480   t=1247.75436370745   Elapsed: 1247.78s (20m 47s)  19% completed  (19% total)
     Speed:     ev/sec=98.1155   simsec/sec=0.96917   ev/simsec=101.237
     Messages:  created: 30572   present: 8   in FES: 5
** Event #244736   t=1250.488899610287   Elapsed: 1250.44s (20m 50s)  19% completed  (19% total)
     Speed:     ev/sec=96.2343   simsec/sec=1.02795   ev/simsec=93.6173
     Messages:  created: 30604   present: 8   in FES: 5
** Event #245248   t=1252.812402758874   Elapsed: 1252.77s (20m 52s)  19% completed  (19% total)
     Speed:     ev/sec=219.379   simsec/sec=0.995561   ev/simsec=220.357
     Messages:  created: 30680   present: 40   in FES: 5
** Event #245760   t=1254.95263234468   Elapsed: 1254.9s (20m 54s)  19% completed  (19% total)
     Speed:     ev/sec=241.078   simsec/sec=1.00774   ev/simsec=239.227
     Messages:  created: 30752   present: 61   in FES: 6
** Event #246272   t=1257.444734912776   Elapsed: 1257.39s (20m 57s)  19% completed  (19% total)
     Speed:     ev/sec=205.449   simsec/sec=1   ev/simsec=205.449
     Messages:  created: 30832   present: 103   in FES: 6
** Event #246784   t=1260.932532300213   Elapsed: 1260.88s (21m 00s)  20% completed  (20% total)
     Speed:     ev/sec=146.798   simsec/sec=1   ev/simsec=146.798
     Messages:  created: 30876   present: 53   in FES: 6
** Event #247296   t=1263.582560483882   Elapsed: 1263.53s (21m 03s)  20% completed  (20% total)
     Speed:     ev/sec=192.689   simsec/sec=0.997325   ev/simsec=193.205
     Messages:  created: 30926   present: 15   in FES: 5
** Event #247552   t=1267.010659819473   Elapsed: 1266.96s (21m 06s)  20% completed  (20% total)
     Speed:     ev/sec=74.8322   simsec/sec=1.00208   ev/simsec=74.6769
     Messages:  created: 30956   present: 9   in FES: 6
** Event #248064   t=1271.079825308735   Elapsed: 1271.03s (21m 11s)  20% completed  (20% total)
     Speed:     ev/sec=125.556   simsec/sec=0.997866   ev/simsec=125.824
     Messages:  created: 31019   present: 7   in FES: 5
** Event #248320   t=1273.359686851137   Elapsed: 1273.3s (21m 13s)  20% completed  (20% total)
     Speed:     ev/sec=112.717   simsec/sec=1.00383   ev/simsec=112.288
     Messages:  created: 31052   present: 10   in FES: 6
** Event #248832   t=1276.873595660227   Elapsed: 1276.82s (21m 16s)  20% completed  (20% total)
     Speed:     ev/sec=145.707   simsec/sec=0.999999   ev/simsec=145.707
     Messages:  created: 31117   present: 11   in FES: 6
** Event #249344   t=1280.279215808928   Elapsed: 1280.22s (21m 20s)  20% completed  (20% total)
     Speed:     ev/sec=150.34   simsec/sec=1   ev/simsec=150.34
     Messages:  created: 31183   present: 17   in FES: 6
** Event #249856   t=1283.537438327042   Elapsed: 1283.48s (21m 23s)  20% completed  (20% total)
     Speed:     ev/sec=157.141   simsec/sec=0.999999   ev/simsec=157.141
     Messages:  created: 31244   present: 9   in FES: 6
** Event #250112   t=1285.782987329534   Elapsed: 1285.73s (21m 25s)  20% completed  (20% total)
     Speed:     ev/sec=113.951   simsec/sec=0.999542   ev/simsec=114.003
     Messages:  created: 31275   present: 7   in FES: 5
** Event #250368   t=1287.952374000652   Elapsed: 1287.91s (21m 27s)  20% completed  (20% total)
     Speed:     ev/sec=117.488   simsec/sec=0.995609   ev/simsec=118.006
     Messages:  created: 31307   present: 7   in FES: 5
** Event #250624   t=1290.049371860758   Elapsed: 1289.99s (21m 29s)  20% completed  (20% total)
     Speed:     ev/sec=122.699   simsec/sec=1.00508   ev/simsec=122.079
     Messages:  created: 31340   present: 10   in FES: 6
** Event #251136   t=1293.263273424086   Elapsed: 1293.26s (21m 33s)  20% completed  (20% total)
     Speed:     ev/sec=156.798   simsec/sec=0.984247   ev/simsec=159.308
     Messages:  created: 31403   present: 7   in FES: 5
** Event #251648   t=1297.212466135805   Elapsed: 1297.16s (21m 37s)  20% completed  (20% total)
     Speed:     ev/sec=131.358   simsec/sec=1.0132   ev/simsec=129.647
     Messages:  created: 31468   present: 9   in FES: 6
** Event #252160   t=1299.566197102947   Elapsed: 1299.51s (21m 39s)  20% completed  (20% total)
     Speed:     ev/sec=217.527   simsec/sec=1   ev/simsec=217.527
     Messages:  created: 31535   present: 17   in FES: 6
** Event #252672   t=1302.965602686386   Elapsed: 1302.94s (21m 42s)  20% completed  (20% total)
     Speed:     ev/sec=149.298   simsec/sec=0.991258   ev/simsec=150.615
     Messages:  created: 31595   present: 7   in FES: 5
** Event #252928   t=1305.158827862942   Elapsed: 1305.14s (21m 45s)  20% completed  (20% total)
     Speed:     ev/sec=116.251   simsec/sec=0.995953   ev/simsec=116.723
     Messages:  created: 31627   present: 7   in FES: 5
** Event #253440   t=1308.189872074438   Elapsed: 1308.13s (21m 48s)  20% completed  (20% total)
     Speed:     ev/sec=171.114   simsec/sec=1.013   ev/simsec=168.919
     Messages:  created: 31692   present: 10   in FES: 6
** Event #253952   t=1312.171406137487   Elapsed: 1312.14s (21m 52s)  20% completed  (20% total)
     Speed:     ev/sec=127.724   simsec/sec=0.993239   ev/simsec=128.594
     Messages:  created: 31755   present: 7   in FES: 5
** Event #254464   t=1316.399507292584   Elapsed: 1316.37s (21m 56s)  20% completed  (20% total)
     Speed:     ev/sec=121.254   simsec/sec=1.00132   ev/simsec=121.095
     Messages:  created: 31819   present: 7   in FES: 5
** Event #254720   t=1319.473562564504   Elapsed: 1319.45s (21m 59s)  20% completed  (20% total)
     Speed:     ev/sec=83.1342   simsec/sec=0.998278   ev/simsec=83.2776
     Messages:  created: 31851   present: 7   in FES: 5
** Event #254976   t=1322.480813247692   Elapsed: 1322.43s (22m 02s)  20% completed  (20% total)
     Speed:     ev/sec=85.8944   simsec/sec=1.00901   ev/simsec=85.1276
     Messages:  created: 31885   present: 13   in FES: 6
** Event #255488   t=1325.068621797844   Elapsed: 1325.02s (22m 05s)  21% completed  (21% total)
     Speed:     ev/sec=197.547   simsec/sec=0.998465   ev/simsec=197.851
     Messages:  created: 31949   present: 14   in FES: 5
** Event #256000   t=1327.451988854941   Elapsed: 1327.4s (22m 07s)  21% completed  (21% total)
     Speed:     ev/sec=215.182   simsec/sec=1.00167   ev/simsec=214.822
     Messages:  created: 32015   present: 19   in FES: 6
** Event #256256   t=1331.01700418532   Elapsed: 1330.96s (22m 10s)  21% completed  (21% total)
     Speed:     ev/sec=71.8089   simsec/sec=0.999999   ev/simsec=71.8089
     Messages:  created: 32043   present: 9   in FES: 6
** Event #256512   t=1333.745026413107   Elapsed: 1333.69s (22m 13s)  21% completed  (21% total)
     Speed:     ev/sec=93.6906   simsec/sec=0.998399   ev/simsec=93.8409
     Messages:  created: 32074   present: 6   in FES: 4
** Event #257024   t=1337.700663420179   Elapsed: 1337.65s (22m 17s)  21% completed  (21% total)
     Speed:     ev/sec=129.579   simsec/sec=1.00111   ev/simsec=129.436
     Messages:  created: 32140   present: 11   in FES: 6
** Event #257536   t=1340.599267239893   Elapsed: 1340.54s (22m 20s)  21% completed  (21% total)
     Speed:     ev/sec=176.637   simsec/sec=1   ev/simsec=176.637
     Messages:  created: 32208   present: 21   in FES: 6
** Event #258048   t=1344.041327736135   Elapsed: 1343.99s (22m 23s)  21% completed  (21% total)
     Speed:     ev/sec=148.748   simsec/sec=1   ev/simsec=148.748
     Messages:  created: 32267   present: 8   in FES: 6
** Event #258304   t=1346.584992795923   Elapsed: 1346.53s (22m 26s)  21% completed  (21% total)
     Speed:     ev/sec=100.642   simsec/sec=0.999999   ev/simsec=100.642
     Messages:  created: 32303   present: 18   in FES: 6
** Event #258816   t=1349.072950154765   Elapsed: 1349.02s (22m 29s)  21% completed  (21% total)
     Speed:     ev/sec=205.791   simsec/sec=0.999999   ev/simsec=205.791
     Messages:  created: 32363   present: 9   in FES: 6
** Event #259072   t=1351.555933995266   Elapsed: 1351.68s (22m 31s)  21% completed  (21% total)
     Speed:     ev/sec=96.2138   simsec/sec=0.933192   ev/simsec=103.102
     Messages:  created: 32394   present: 6   in FES: 4
** Event #259328   t=1354.764664305793   Elapsed: 1354.71s (22m 34s)  21% completed  (21% total)
     Speed:     ev/sec=84.4315   simsec/sec=1.05827   ev/simsec=79.7823
     Messages:  created: 32426   present: 6   in FES: 4
** Event #259584   t=1357.677453344383   Elapsed: 1357.63s (22m 37s)  21% completed  (21% total)
     Speed:     ev/sec=87.6522   simsec/sec=0.997314   ev/simsec=87.8883
     Messages:  created: 32458   present: 6   in FES: 4
** Event #259840   t=1361.512332778758   Elapsed: 1361.48s (22m 41s)  21% completed  (21% total)
     Speed:     ev/sec=66.5696   simsec/sec=0.997213   ev/simsec=66.7557
     Messages:  created: 32490   present: 6   in FES: 4
** Event #260096   t=1365.59366550941   Elapsed: 1365.54s (22m 45s)  21% completed  (21% total)
     Speed:     ev/sec=63.0075   simsec/sec=1.00451   ev/simsec=62.7246
     Messages:  created: 32522   present: 6   in FES: 4
** Event #260352   t=1369.8552268092   Elapsed: 1369.9s (22m 49s)  21% completed  (21% total)
     Speed:     ev/sec=58.689   simsec/sec=0.97698   ev/simsec=60.0719
     Messages:  created: 32554   present: 6   in FES: 4
** Event #260608   t=1372.697755117173   Elapsed: 1372.64s (22m 52s)  21% completed  (21% total)
     Speed:     ev/sec=93.4032   simsec/sec=1.03711   ev/simsec=90.0607
     Messages:  created: 32591   present: 18   in FES: 6
** Event #261120   t=1374.818279382653   Elapsed: 1374.76s (22m 54s)  21% completed  (21% total)
     Speed:     ev/sec=241.45   simsec/sec=1   ev/simsec=241.45
     Messages:  created: 32661   present: 34   in FES: 6
** Event #261888   t=1378.075643626216   Elapsed: 1378.02s (22m 58s)  21% completed  (21% total)
     Speed:     ev/sec=235.773   simsec/sec=0.999999   ev/simsec=235.773
     Messages:  created: 32771   present: 72   in FES: 6
** Event #262400   t=1380.976938295161   Elapsed: 1380.92s (23m 00s)  21% completed  (21% total)
     Speed:     ev/sec=176.473   simsec/sec=1   ev/simsec=176.473
     Messages:  created: 32828   present: 55   in FES: 6
** Event #262912   t=1385.459849489038   Elapsed: 1385.4s (23m 05s)  21% completed  (21% total)
     Speed:     ev/sec=114.211   simsec/sec=1   ev/simsec=114.211
     Messages:  created: 32875   present: 10   in FES: 6
** Event #263168   t=1387.907299536584   Elapsed: 1387.85s (23m 07s)  22% completed  (22% total)
     Speed:     ev/sec=104.598   simsec/sec=0.999993   ev/simsec=104.599
     Messages:  created: 32906   present: 7   in FES: 5
** Event #263680   t=1391.994780759032   Elapsed: 1391.94s (23m 11s)  22% completed  (22% total)
     Speed:     ev/sec=125.261   simsec/sec=1   ev/simsec=125.261
     Messages:  created: 32971   present: 10   in FES: 6
** Event #263936   t=1394.821476262781   Elapsed: 1394.79s (23m 14s)  22% completed  (22% total)
     Speed:     ev/sec=89.9282   simsec/sec=0.992968   ev/simsec=90.5651
     Messages:  created: 33004   present: 13   in FES: 5
** Event #264448   t=1397.590093945364   Elapsed: 1397.54s (23m 17s)  22% completed  (22% total)
     Speed:     ev/sec=186.276   simsec/sec=1.00728   ev/simsec=184.93
     Messages:  created: 33068   present: 12   in FES: 6
** Event #264960   t=1400.513826002011   Elapsed: 1400.46s (23m 20s)  22% completed  (22% total)
     Speed:     ev/sec=175.12   simsec/sec=1.00001   ev/simsec=175.119
     Messages:  created: 33134   present: 17   in FES: 6
** Event #265216   t=1402.69106215443   Elapsed: 1402.64s (23m 22s)  22% completed  (22% total)
     Speed:     ev/sec=117.58   simsec/sec=0.999999   ev/simsec=117.58
     Messages:  created: 33163   present: 9   in FES: 6
** Event #265472   t=1405.639996851569   Elapsed: 1405.59s (23m 25s)  22% completed  (22% total)
     Speed:     ev/sec=86.811   simsec/sec=1   ev/simsec=86.811
     Messages:  created: 33194   present: 8   in FES: 6
** Event #265728   t=1408.020493255974   Elapsed: 1407.97s (23m 27s)  22% completed  (22% total)
     Speed:     ev/sec=107.541   simsec/sec=1   ev/simsec=107.541
     Messages:  created: 33227   present: 11   in FES: 6
** Event #266240   t=1412.153948150515   Elapsed: 1412.1s (23m 32s)  22% completed  (22% total)
     Speed:     ev/sec=123.867   simsec/sec=0.999999   ev/simsec=123.867
     Messages:  created: 33290   present: 8   in FES: 6
** Event #266496   t=1414.178493113497   Elapsed: 1414.12s (23m 34s)  22% completed  (22% total)
     Speed:     ev/sec=126.448   simsec/sec=0.999999   ev/simsec=126.448
     Messages:  created: 33322   present: 8   in FES: 6
** Event #267008   t=1419.411705784588   Elapsed: 1419.36s (23m 39s)  22% completed  (22% total)
     Speed:     ev/sec=97.8367   simsec/sec=1   ev/simsec=97.8367
     Messages:  created: 33386   present: 8   in FES: 6
** Event #267264   t=1422.319224355592   Elapsed: 1422.26s (23m 42s)  22% completed  (22% total)
     Speed:     ev/sec=88.0475   simsec/sec=1   ev/simsec=88.0476
     Messages:  created: 33419   present: 9   in FES: 6
** Event #267520   t=1425.105025331205   Elapsed: 1425.05s (23m 45s)  22% completed  (22% total)
     Speed:     ev/sec=91.8936   simsec/sec=0.999989   ev/simsec=91.8946
     Messages:  created: 33450   present: 7   in FES: 5
** Event #268032   t=1428.147518737797   Elapsed: 1428.12s (23m 48s)  22% completed  (22% total)
     Speed:     ev/sec=166.785   simsec/sec=0.9911   ev/simsec=168.283
     Messages:  created: 33516   present: 13   in FES: 5
** Event #268544   t=1434.032583660235   Elapsed: 1433.98s (23m 53s)  22% completed  (22% total)
     Speed:     ev/sec=87.4062   simsec/sec=1.00467   ev/simsec=86.9999
     Messages:  created: 33578   present: 8   in FES: 6
** Event #269056   t=1436.491628444366   Elapsed: 1436.44s (23m 56s)  22% completed  (22% total)
     Speed:     ev/sec=208.211   simsec/sec=0.999999   ev/simsec=208.211
     Messages:  created: 33650   present: 28   in FES: 6
** Event #269568   t=1439.19405984127   Elapsed: 1439.18s (23m 59s)  22% completed  (22% total)
     Speed:     ev/sec=186.968   simsec/sec=0.986851   ev/simsec=189.459
     Messages:  created: 33711   present: 21   in FES: 5
** Event #270080   t=1442.308554354726   Elapsed: 1442.27s (24m 02s)  22% completed  (22% total)
     Speed:     ev/sec=165.202   simsec/sec=1.00492   ev/simsec=164.393
     Messages:  created: 33774   present: 20   in FES: 5
** Event #270592   t=1445.354877656896   Elapsed: 1445.3s (24m 05s)  22% completed  (22% total)
     Speed:     ev/sec=169.224   simsec/sec=1.00686   ev/simsec=168.071
     Messages:  created: 33840   present: 24   in FES: 6
** Event #271104   t=1448.095918418142   Elapsed: 1448.04s (24m 08s)  22% completed  (22% total)
     Speed:     ev/sec=186.79   simsec/sec=1   ev/simsec=186.79
     Messages:  created: 33904   present: 26   in FES: 6
** Event #271360   t=1450.159826016968   Elapsed: 1450.1s (24m 10s)  23% completed  (23% total)
     Speed:     ev/sec=124.036   simsec/sec=0.999999   ev/simsec=124.037
     Messages:  created: 33930   present: 8   in FES: 6
** Event #271616   t=1452.786665818832   Elapsed: 1452.73s (24m 12s)  23% completed  (23% total)
     Speed:     ev/sec=97.4556   simsec/sec=1   ev/simsec=97.4555
     Messages:  created: 33961   present: 7   in FES: 5
** Event #271872   t=1455.910142645519   Elapsed: 1455.86s (24m 15s)  23% completed  (23% total)
     Speed:     ev/sec=81.96   simsec/sec=1   ev/simsec=81.9599
     Messages:  created: 33994   present: 8   in FES: 6
** Event #272128   t=1460.41466876094   Elapsed: 1460.36s (24m 20s)  23% completed  (23% total)
     Speed:     ev/sec=56.8317   simsec/sec=0.999999   ev/simsec=56.8317
     Messages:  created: 34025   present: 7   in FES: 5
** Event #272384   t=1463.589153817873   Elapsed: 1463.53s (24m 23s)  23% completed  (23% total)
     Speed:     ev/sec=80.643   simsec/sec=1   ev/simsec=80.643
     Messages:  created: 34059   present: 11   in FES: 6
** Event #272896   t=1466.278967482642   Elapsed: 1466.22s (24m 26s)  23% completed  (23% total)
     Speed:     ev/sec=190.348   simsec/sec=1   ev/simsec=190.348
     Messages:  created: 34131   present: 34   in FES: 6
** Event #273408   t=1470.811639402805   Elapsed: 1470.76s (24m 30s)  23% completed  (23% total)
     Speed:     ev/sec=112.958   simsec/sec=1   ev/simsec=112.958
     Messages:  created: 34186   present: 8   in FES: 6
** Event #273664   t=1473.209856983815   Elapsed: 1473.15s (24m 33s)  23% completed  (23% total)
     Speed:     ev/sec=106.746   simsec/sec=1   ev/simsec=106.746
     Messages:  created: 34218   present: 10   in FES: 6
** Event #273920   t=1476.070585937305   Elapsed: 1476.02s (24m 36s)  23% completed  (23% total)
     Speed:     ev/sec=89.4876   simsec/sec=0.999999   ev/simsec=89.4877
     Messages:  created: 34249   present: 7   in FES: 5
** Event #274432   t=1480.289196592156   Elapsed: 1480.23s (24m 40s)  23% completed  (23% total)
     Speed:     ev/sec=121.367   simsec/sec=1   ev/simsec=121.367
     Messages:  created: 34313   present: 7   in FES: 5
** Event #274944   t=1483.348115447779   Elapsed: 1483.29s (24m 43s)  23% completed  (23% total)
     Speed:     ev/sec=167.379   simsec/sec=1   ev/simsec=167.379
     Messages:  created: 34379   present: 11   in FES: 6
** Event #275456   t=1485.940687808973   Elapsed: 1485.89s (24m 45s)  23% completed  (23% total)
     Speed:     ev/sec=197.487   simsec/sec=1   ev/simsec=197.487
     Messages:  created: 34447   present: 23   in FES: 6
** Event #275968   t=1488.479879336072   Elapsed: 1488.42s (24m 48s)  23% completed  (23% total)
     Speed:     ev/sec=201.639   simsec/sec=1   ev/simsec=201.639
     Messages:  created: 34506   present: 9   in FES: 6
** Event #276480   t=1491.95126459684   Elapsed: 1491.9s (24m 51s)  23% completed  (23% total)
     Speed:     ev/sec=147.49   simsec/sec=0.999991   ev/simsec=147.492
     Messages:  created: 34570   present: 10   in FES: 6
** Event #276992   t=1494.218151305708   Elapsed: 1494.16s (24m 54s)  23% completed  (23% total)
     Speed:     ev/sec=225.863   simsec/sec=1.00001   ev/simsec=225.86
     Messages:  created: 34637   present: 17   in FES: 6
** Event #277504   t=1497.301022872759   Elapsed: 1497.25s (24m 57s)  23% completed  (23% total)
     Speed:     ev/sec=166.079   simsec/sec=1   ev/simsec=166.079
     Messages:  created: 34697   present: 7   in FES: 5
** Event #278016   t=1500.242301039642   Elapsed: 1500.19s (25m 00s)  23% completed  (23% total)
     Speed:     ev/sec=174.074   simsec/sec=0.999999   ev/simsec=174.074
     Messages:  created: 34765   present: 18   in FES: 6
** Event #278528   t=1503.143345011619   Elapsed: 1503.09s (25m 03s)  23% completed  (23% total)
     Speed:     ev/sec=176.488   simsec/sec=1   ev/simsec=176.488
     Messages:  created: 34825   present: 9   in FES: 6
** Event #279040   t=1505.208255157243   Elapsed: 1505.15s (25m 05s)  23% completed  (23% total)
     Speed:     ev/sec=247.952   simsec/sec=0.999998   ev/simsec=247.953
     Messages:  created: 34903   present: 45   in FES: 6
** Event #279808   t=1508.640042045062   Elapsed: 1508.59s (25m 08s)  23% completed  (23% total)
     Speed:     ev/sec=223.79   simsec/sec=1   ev/simsec=223.79
     Messages:  created: 34999   present: 46   in FES: 6
** Event #280320   t=1510.695274448682   Elapsed: 1510.64s (25m 10s)  23% completed  (23% total)
     Speed:     ev/sec=249.12   simsec/sec=1   ev/simsec=249.12
     Messages:  created: 35073   present: 73   in FES: 6
** Event #280832   t=1513.080208794554   Elapsed: 1513.03s (25m 13s)  24% completed  (24% total)
     Speed:     ev/sec=214.682   simsec/sec=1   ev/simsec=214.681
     Messages:  created: 35146   present: 95   in FES: 6
** Event #281344   t=1515.506763666374   Elapsed: 1515.45s (25m 15s)  24% completed  (24% total)
     Speed:     ev/sec=210.998   simsec/sec=0.999998   ev/simsec=210.999
     Messages:  created: 35212   present: 102   in FES: 6
** Event #281856   t=1517.880748079898   Elapsed: 1517.83s (25m 17s)  24% completed  (24% total)
     Speed:     ev/sec=215.671   simsec/sec=1   ev/simsec=215.671
     Messages:  created: 35273   present: 94   in FES: 6
** Event #282368   t=1521.17740887369   Elapsed: 1521.12s (25m 21s)  24% completed  (24% total)
     Speed:     ev/sec=155.309   simsec/sec=1   ev/simsec=155.309
     Messages:  created: 35306   present: 10   in FES: 6
** Event #282880   t=1524.848580163833   Elapsed: 1524.79s (25m 24s)  24% completed  (24% total)
     Speed:     ev/sec=139.465   simsec/sec=0.999998   ev/simsec=139.465
     Messages:  created: 35370   present: 10   in FES: 6
** Event #283392   t=1527.357523493971   Elapsed: 1527.3s (25m 27s)  24% completed  (24% total)
     Speed:     ev/sec=204.069   simsec/sec=0.999997   ev/simsec=204.07
     Messages:  created: 35435   present: 13   in FES: 6
** Event #284160   t=1530.385663908235   Elapsed: 1530.33s (25m 30s)  24% completed  (24% total)
     Speed:     ev/sec=253.622   simsec/sec=1   ev/simsec=253.621
     Messages:  created: 35549   present: 61   in FES: 6
** Event #284928   t=1533.258344551519   Elapsed: 1533.2s (25m 33s)  24% completed  (24% total)
     Speed:     ev/sec=267.346   simsec/sec=0.999998   ev/simsec=267.346
     Messages:  created: 35666   present: 115   in FES: 7
** Event #285440   t=1536.473459645777   Elapsed: 1536.42s (25m 36s)  24% completed  (24% total)
     Speed:     ev/sec=159.248   simsec/sec=1   ev/simsec=159.248
     Messages:  created: 35719   present: 89   in FES: 6
** Event #285952   t=1538.627226699193   Elapsed: 1538.57s (25m 38s)  24% completed  (24% total)
     Speed:     ev/sec=237.431   simsec/sec=0.99877   ev/simsec=237.723
     Messages:  created: 35781   present: 83   in FES: 5
** Event #286464   t=1540.973890050621   Elapsed: 1540.93s (25m 40s)  24% completed  (24% total)
     Speed:     ev/sec=217.056   simsec/sec=0.99484   ev/simsec=218.182
     Messages:  created: 35851   present: 99   in FES: 5
** Event #286976   t=1543.348921010658   Elapsed: 1543.29s (25m 43s)  24% completed  (24% total)
     Speed:     ev/sec=216.93   simsec/sec=1.00628   ev/simsec=215.576
     Messages:  created: 35926   present: 122   in FES: 6
** Event #287488   t=1545.78329851948   Elapsed: 1545.73s (25m 45s)  24% completed  (24% total)
     Speed:     ev/sec=210.321   simsec/sec=1   ev/simsec=210.321
     Messages:  created: 35991   present: 124   in FES: 6
** Event #288000   t=1549.167578657771   Elapsed: 1549.11s (25m 49s)  24% completed  (24% total)
     Speed:     ev/sec=151.288   simsec/sec=1   ev/simsec=151.288
     Messages:  created: 36041   present: 94   in FES: 6
** Event #288512   t=1551.697205742114   Elapsed: 1551.64s (25m 51s)  24% completed  (24% total)
     Speed:     ev/sec=202.401   simsec/sec=1   ev/simsec=202.401
     Messages:  created: 36090   present: 54   in FES: 6
** Event #289024   t=1554.190933603278   Elapsed: 1554.22s (25m 54s)  24% completed  (24% total)
     Speed:     ev/sec=198.458   simsec/sec=0.9666   ev/simsec=205.315
     Messages:  created: 36141   present: 19   in FES: 5
** Event #289536   t=1557.030241650655   Elapsed: 1556.98s (25m 56s)  24% completed  (24% total)
     Speed:     ev/sec=185.969   simsec/sec=1.0313   ev/simsec=180.326
     Messages:  created: 36208   present: 26   in FES: 6
** Event #290048   t=1559.468333498875   Elapsed: 1559.41s (25m 59s)  24% completed  (24% total)
     Speed:     ev/sec=210.001   simsec/sec=1   ev/simsec=210
     Messages:  created: 36282   present: 53   in FES: 6
t=1560.84352 executing addServer()
adding server with latency=60
** Event #290560   t=1562.365112622795   Elapsed: 1562.31s (26m 02s)  24% completed  (24% total)
     Speed:     ev/sec=176.748   simsec/sec=0.999999   ev/simsec=176.748
     Messages:  created: 36333   present: 18   in FES: 7
** Event #291072   t=1565.618703884715   Elapsed: 1565.56s (26m 05s)  24% completed  (24% total)
     Speed:     ev/sec=157.364   simsec/sec=0.999995   ev/simsec=157.365
     Messages:  created: 36394   present: 9   in FES: 6
** Event #291584   t=1568.958463379455   Elapsed: 1568.9s (26m 08s)  24% completed  (24% total)
     Speed:     ev/sec=153.305   simsec/sec=1   ev/simsec=153.304
     Messages:  created: 36458   present: 10   in FES: 7
** Event #292096   t=1574.101743606588   Elapsed: 1574.05s (26m 14s)  24% completed  (24% total)
     Speed:     ev/sec=99.5474   simsec/sec=1   ev/simsec=99.5474
     Messages:  created: 36523   present: 11   in FES: 7
** Event #292608   t=1576.709047770083   Elapsed: 1576.65s (26m 16s)  25% completed  (25% total)
     Speed:     ev/sec=196.372   simsec/sec=1   ev/simsec=196.371
     Messages:  created: 36591   present: 22   in FES: 7
** Event #293376   t=1579.668123216312   Elapsed: 1579.61s (26m 19s)  25% completed  (25% total)
     Speed:     ev/sec=259.54   simsec/sec=0.999997   ev/simsec=259.541
     Messages:  created: 36697   present: 49   in FES: 7
** Event #293888   t=1581.848468424599   Elapsed: 1581.84s (26m 21s)  25% completed  (25% total)
     Speed:     ev/sec=229.512   simsec/sec=0.977374   ev/simsec=234.825
     Messages:  created: 36766   present: 63   in FES: 6
** Event #294400   t=1584.659041285313   Elapsed: 1584.61s (26m 24s)  25% completed  (25% total)
     Speed:     ev/sec=185.14   simsec/sec=1.01631   ev/simsec=182.169
     Messages:  created: 36821   present: 39   in FES: 6
** Event #294912   t=1587.31360958216   Elapsed: 1587.26s (26m 27s)  25% completed  (25% total)
     Speed:     ev/sec=193.267   simsec/sec=1.00203   ev/simsec=192.875
     Messages:  created: 36874   present: 10   in FES: 7
** Event #295424   t=1591.290595256433   Elapsed: 1591.24s (26m 31s)  25% completed  (25% total)
     Speed:     ev/sec=128.741   simsec/sec=1   ev/simsec=128.741
     Messages:  created: 36938   present: 9   in FES: 6
** Event #295936   t=1594.912084790244   Elapsed: 1594.86s (26m 34s)  25% completed  (25% total)
     Speed:     ev/sec=141.378   simsec/sec=1   ev/simsec=141.378
     Messages:  created: 37002   present: 10   in FES: 7
** Event #296448   t=1598.353635051952   Elapsed: 1598.3s (26m 38s)  25% completed  (25% total)
     Speed:     ev/sec=148.77   simsec/sec=1   ev/simsec=148.77
     Messages:  created: 37067   present: 13   in FES: 7
** Event #296704   t=1600.65283093841   Elapsed: 1600.6s (26m 40s)  25% completed  (25% total)
     Speed:     ev/sec=111.343   simsec/sec=1   ev/simsec=111.343
     Messages:  created: 37099   present: 11   in FES: 7
** Event #297216   t=1603.873391934286   Elapsed: 1603.82s (26m 43s)  25% completed  (25% total)
     Speed:     ev/sec=158.978   simsec/sec=0.999998   ev/simsec=158.979
     Messages:  created: 37163   present: 13   in FES: 7
** Event #297728   t=1608.057293476708   Elapsed: 1608s (26m 48s)  25% completed  (25% total)
     Speed:     ev/sec=122.374   simsec/sec=1   ev/simsec=122.374
     Messages:  created: 37226   present: 9   in FES: 6
** Event #297984   t=1611.236553666691   Elapsed: 1611.18s (26m 51s)  25% completed  (25% total)
     Speed:     ev/sec=80.5218   simsec/sec=0.999999   ev/simsec=80.5219
     Messages:  created: 37259   present: 11   in FES: 7
** Event #298496   t=1614.466521611599   Elapsed: 1614.41s (26m 54s)  25% completed  (25% total)
     Speed:     ev/sec=158.516   simsec/sec=1   ev/simsec=158.516
     Messages:  created: 37324   present: 14   in FES: 7
** Event #299008   t=1617.135765401482   Elapsed: 1617.08s (26m 57s)  25% completed  (25% total)
     Speed:     ev/sec=191.815   simsec/sec=1   ev/simsec=191.815
     Messages:  created: 37391   present: 22   in FES: 7
** Event #299520   t=1619.821587509773   Elapsed: 1619.82s (26m 59s)  25% completed  (25% total)
     Speed:     ev/sec=186.933   simsec/sec=0.980605   ev/simsec=190.631
     Messages:  created: 37455   present: 23   in FES: 6
t=1620.84352 addServer() complete
** Event #300032   t=1623.933345582963   Elapsed: 1623.88s (27m 03s)  25% completed  (25% total)
     Speed:     ev/sec=126.151   simsec/sec=1.01309   ev/simsec=124.521
     Messages:  created: 37515   present: 12   in FES: 7
** Event #300288   t=1626.416601270892   Elapsed: 1626.37s (27m 06s)  25% completed  (25% total)
     Speed:     ev/sec=102.736   simsec/sec=0.996559   ev/simsec=103.09
     Messages:  created: 37545   present: 8   in FES: 5
** Event #300544   t=1629.185873996898   Elapsed: 1629.15s (27m 09s)  25% completed  (25% total)
     Speed:     ev/sec=92.2327   simsec/sec=0.997725   ev/simsec=92.443
     Messages:  created: 37577   present: 8   in FES: 5
** Event #301056   t=1632.247191918924   Elapsed: 1632.22s (27m 12s)  25% completed  (25% total)
     Speed:     ev/sec=166.442   simsec/sec=0.995181   ev/simsec=167.248
     Messages:  created: 37641   present: 8   in FES: 5
** Event #301312   t=1634.796335331678   Elapsed: 1634.74s (27m 14s)  25% completed  (25% total)
     Speed:     ev/sec=101.53   simsec/sec=1.01099   ev/simsec=100.426
     Messages:  created: 37673   present: 8   in FES: 5
** Event #301824   t=1637.192161909376   Elapsed: 1637.14s (27m 17s)  25% completed  (25% total)
     Speed:     ev/sec=213.883   simsec/sec=1.00083   ev/simsec=213.705
     Messages:  created: 37738   present: 11   in FES: 7
** Event #302336   t=1640.223709031527   Elapsed: 1640.17s (27m 20s)  26% completed  (26% total)
     Speed:     ev/sec=168.891   simsec/sec=1   ev/simsec=168.891
     Messages:  created: 37802   present: 10   in FES: 7
** Event #302848   t=1642.958572834853   Elapsed: 1642.96s (27m 22s)  26% completed  (26% total)
     Speed:     ev/sec=183.132   simsec/sec=0.978206   ev/simsec=187.212
     Messages:  created: 37865   present: 8   in FES: 5
** Event #303104   t=1645.479798690233   Elapsed: 1645.43s (27m 25s)  26% completed  (26% total)
     Speed:     ev/sec=104.035   simsec/sec=1.02459   ev/simsec=101.538
     Messages:  created: 37897   present: 8   in FES: 5
** Event #303360   t=1648.211511836075   Elapsed: 1648.18s (27m 28s)  26% completed  (26% total)
     Speed:     ev/sec=92.7928   simsec/sec=0.990169   ev/simsec=93.7141
     Messages:  created: 37929   present: 8   in FES: 5
** Event #303872   t=1651.762738937839   Elapsed: 1651.74s (27m 31s)  26% completed  (26% total)
     Speed:     ev/sec=143.849   simsec/sec=0.997736   ev/simsec=144.176
     Messages:  created: 37993   present: 8   in FES: 5
** Event #304128   t=1653.896301641932   Elapsed: 1653.84s (27m 33s)  26% completed  (26% total)
     Speed:     ev/sec=122.023   simsec/sec=1.01697   ev/simsec=119.987
     Messages:  created: 38029   present: 18   in FES: 7
** Event #304384   t=1656.141290772917   Elapsed: 1656.09s (27m 36s)  26% completed  (26% total)
     Speed:     ev/sec=114.032   simsec/sec=1   ev/simsec=114.032
     Messages:  created: 38058   present: 10   in FES: 6
** Event #304896   t=1659.491465876055   Elapsed: 1659.47s (27m 39s)  26% completed  (26% total)
     Speed:     ev/sec=151.503   simsec/sec=0.991329   ev/simsec=152.828
     Messages:  created: 38121   present: 8   in FES: 5
** Event #305408   t=1661.735584484952   Elapsed: 1661.68s (27m 41s)  26% completed  (26% total)
     Speed:     ev/sec=231.17   simsec/sec=1.01323   ev/simsec=228.152
     Messages:  created: 38187   present: 12   in FES: 7
** Event #305920   t=1664.852896929978   Elapsed: 1664.8s (27m 44s)  26% completed  (26% total)
     Speed:     ev/sec=164.244   simsec/sec=1   ev/simsec=164.244
     Messages:  created: 38250   present: 11   in FES: 7
** Event #306688   t=1666.902280981685   Elapsed: 1666.86s (27m 46s)  26% completed  (26% total)
     Speed:     ev/sec=371.759   simsec/sec=0.992026   ev/simsec=374.747
     Messages:  created: 38354   present: 32   in FES: 6
** Event #307200   t=1669.399050134565   Elapsed: 1669.34s (27m 49s)  26% completed  (26% total)
     Speed:     ev/sec=206.426   simsec/sec=1.00664   ev/simsec=205.065
     Messages:  created: 38410   present: 10   in FES: 7
** Event #307712   t=1674.118946070892   Elapsed: 1674.12s (27m 54s)  26% completed  (26% total)
     Speed:     ev/sec=107.298   simsec/sec=0.989134   ev/simsec=108.477
     Messages:  created: 38473   present: 8   in FES: 5
** Event #308224   t=1677.283819773098   Elapsed: 1677.25s (27m 57s)  26% completed  (26% total)
     Speed:     ev/sec=163.258   simsec/sec=1.00916   ev/simsec=161.776
     Messages:  created: 38537   present: 8   in FES: 5
** Event #308736   t=1679.672065569968   Elapsed: 1679.63s (27m 59s)  26% completed  (26% total)
     Speed:     ev/sec=215.284   simsec/sec=1.0042   ev/simsec=214.383
     Messages:  created: 38601   present: 8   in FES: 5
t=1680.843529 executing removeServer()
scheduled complete remove at 1680.843529
** Event #309248   t=1682.441729721082   Elapsed: 1682.39s (28m 02s)  26% completed  (26% total)
     Speed:     ev/sec=185.74   simsec/sec=1.00476   ev/simsec=184.86
     Messages:  created: 38669   present: 14   in FES: 6
** Event #309760   t=1685.083552056634   Elapsed: 1685.04s (28m 05s)  26% completed  (26% total)
     Speed:     ev/sec=193.252   simsec/sec=0.997142   ev/simsec=193.806
     Messages:  created: 38738   present: 28   in FES: 5
** Event #310272   t=1688.046236977677   Elapsed: 1687.99s (28m 07s)  26% completed  (26% total)
     Speed:     ev/sec=173.259   simsec/sec=1.00256   ev/simsec=172.816
     Messages:  created: 38796   present: 11   in FES: 6
** Event #310784   t=1691.267088292528   Elapsed: 1691.21s (28m 11s)  26% completed  (26% total)
     Speed:     ev/sec=158.963   simsec/sec=0.999992   ev/simsec=158.964
     Messages:  created: 38860   present: 11   in FES: 6
** Event #311040   t=1693.748690395897   Elapsed: 1693.69s (28m 13s)  26% completed  (26% total)
     Speed:     ev/sec=103.16   simsec/sec=1.00001   ev/simsec=103.159
     Messages:  created: 38890   present: 7   in FES: 5
** Event #311296   t=1695.842033775736   Elapsed: 1695.79s (28m 15s)  26% completed  (26% total)
     Speed:     ev/sec=122.292   simsec/sec=1   ev/simsec=122.292
     Messages:  created: 38923   present: 10   in FES: 6
** Event #311552   t=1698.386352452389   Elapsed: 1698.33s (28m 18s)  26% completed  (26% total)
     Speed:     ev/sec=100.616   simsec/sec=0.999999   ev/simsec=100.616
     Messages:  created: 38955   present: 8   in FES: 6
** Event #312064   t=1701.487027336493   Elapsed: 1701.43s (28m 21s)  27% completed  (27% total)
     Speed:     ev/sec=165.125   simsec/sec=1   ev/simsec=165.125
     Messages:  created: 39020   present: 11   in FES: 6
** Event #312576   t=1706.620300261273   Elapsed: 1706.57s (28m 26s)  27% completed  (27% total)
     Speed:     ev/sec=99.7414   simsec/sec=1   ev/simsec=99.7414
     Messages:  created: 39086   present: 16   in FES: 6
** Event #313344   t=1709.744564035576   Elapsed: 1709.71s (28m 29s)  27% completed  (27% total)
     Speed:     ev/sec=244.066   simsec/sec=0.992873   ev/simsec=245.818
     Messages:  created: 39198   present: 60   in FES: 5
** Event #313856   t=1713.450610989243   Elapsed: 1713.4s (28m 33s)  27% completed  (27% total)
     Speed:     ev/sec=138.994   simsec/sec=1.00609   ev/simsec=138.153
     Messages:  created: 39242   present: 7   in FES: 5
** Event #314368   t=1717.691595282753   Elapsed: 1717.64s (28m 37s)  27% completed  (27% total)
     Speed:     ev/sec=120.727   simsec/sec=1   ev/simsec=120.727
     Messages:  created: 39307   present: 8   in FES: 6
** Event #314624   t=1720.198273747744   Elapsed: 1720.14s (28m 40s)  27% completed  (27% total)
     Speed:     ev/sec=102.126   simsec/sec=0.999986   ev/simsec=102.127
     Messages:  created: 39338   present: 7   in FES: 5
** Event #315136   t=1723.321770644767   Elapsed: 1723.27s (28m 43s)  27% completed  (27% total)
     Speed:     ev/sec=163.921   simsec/sec=1.00001   ev/simsec=163.919
     Messages:  created: 39402   present: 7   in FES: 5
** Event #315648   t=1726.167745460522   Elapsed: 1726.11s (28m 46s)  27% completed  (27% total)
     Speed:     ev/sec=179.903   simsec/sec=0.999999   ev/simsec=179.903
     Messages:  created: 39467   present: 9   in FES: 6
** Event #315904   t=1731.110712850891   Elapsed: 1731.06s (28m 51s)  27% completed  (27% total)
     Speed:     ev/sec=51.7908   simsec/sec=1   ev/simsec=51.7908
     Messages:  created: 39499   present: 8   in FES: 6
** Event #316160   t=1733.185186030483   Elapsed: 1733.13s (28m 53s)  27% completed  (27% total)
     Speed:     ev/sec=123.405   simsec/sec=0.999998   ev/simsec=123.405
     Messages:  created: 39533   present: 14   in FES: 6
** Event #316672   t=1736.393218458255   Elapsed: 1736.34s (28m 56s)  27% completed  (27% total)
     Speed:     ev/sec=159.599   simsec/sec=1   ev/simsec=159.599
     Messages:  created: 39597   present: 14   in FES: 6
** Event #317184   t=1739.130618268857   Elapsed: 1739.08s (28m 59s)  27% completed  (27% total)
     Speed:     ev/sec=187.039   simsec/sec=1   ev/simsec=187.039
     Messages:  created: 39658   present: 7   in FES: 5
** Event #317696   t=1742.14066418441   Elapsed: 1742.09s (29m 02s)  27% completed  (27% total)
     Speed:     ev/sec=169.592   simsec/sec=0.997032   ev/simsec=170.097
     Messages:  created: 39723   present: 11   in FES: 5
** Event #318208   t=1745.488484841786   Elapsed: 1745.45s (29m 05s)  27% completed  (27% total)
     Speed:     ev/sec=152.463   simsec/sec=0.996909   ev/simsec=152.935
     Messages:  created: 39787   present: 11   in FES: 5
** Event #318720   t=1747.905835475628   Elapsed: 1747.85s (29m 07s)  27% completed  (27% total)
     Speed:     ev/sec=213.511   simsec/sec=1.00807   ev/simsec=211.802
     Messages:  created: 39856   present: 23   in FES: 6
** Event #319232   t=1750.278134098976   Elapsed: 1750.23s (29m 10s)  27% completed  (27% total)
     Speed:     ev/sec=214.941   simsec/sec=0.995907   ev/simsec=215.824
     Messages:  created: 39930   present: 51   in FES: 5
** Event #319744   t=1754.519943479412   Elapsed: 1754.47s (29m 14s)  27% completed  (27% total)
     Speed:     ev/sec=120.981   simsec/sec=1.0023   ev/simsec=120.703
     Messages:  created: 39979   present: 10   in FES: 6
** Event #320000   t=1757.178752286969   Elapsed: 1757.14s (29m 17s)  27% completed  (27% total)
     Speed:     ev/sec=95.7949   simsec/sec=0.994923   ev/simsec=96.2837
     Messages:  created: 40011   present: 11   in FES: 5
** Event #320512   t=1761.058822243869   Elapsed: 1761s (29m 21s)  27% completed  (27% total)
     Speed:     ev/sec=132.419   simsec/sec=1.00351   ev/simsec=131.956
     Messages:  created: 40075   present: 10   in FES: 6
** Event #321024   t=1763.752188930161   Elapsed: 1763.7s (29m 23s)  27% completed  (27% total)
     Speed:     ev/sec=190.098   simsec/sec=1   ev/simsec=190.097
     Messages:  created: 40138   present: 8   in FES: 6
** Event #321536   t=1767.42713173802   Elapsed: 1767.37s (29m 27s)  28% completed  (28% total)
     Speed:     ev/sec=139.278   simsec/sec=0.999682   ev/simsec=139.322
     Messages:  created: 40203   present: 11   in FES: 5
** Event #322048   t=1770.914058517235   Elapsed: 1770.86s (29m 30s)  28% completed  (28% total)
     Speed:     ev/sec=146.883   simsec/sec=1.00033   ev/simsec=146.834
     Messages:  created: 40267   present: 10   in FES: 6
** Event #322304   t=1773.625562734721   Elapsed: 1773.57s (29m 33s)  28% completed  (28% total)
     Speed:     ev/sec=94.4126   simsec/sec=1   ev/simsec=94.4125
     Messages:  created: 40298   present: 7   in FES: 5
** Event #322816   t=1777.772504367115   Elapsed: 1777.72s (29m 37s)  28% completed  (28% total)
     Speed:     ev/sec=123.462   simsec/sec=0.999977   ev/simsec=123.464
     Messages:  created: 40362   present: 7   in FES: 5
** Event #323072   t=1779.900378350034   Elapsed: 1779.85s (29m 39s)  28% completed  (28% total)
     Speed:     ev/sec=120.307   simsec/sec=0.999989   ev/simsec=120.308
     Messages:  created: 40394   present: 7   in FES: 5
** Event #323584   t=1782.373971023786   Elapsed: 1782.32s (29m 42s)  28% completed  (28% total)
     Speed:     ev/sec=206.724   simsec/sec=0.998731   ev/simsec=206.986
     Messages:  created: 40471   present: 43   in FES: 5
** Event #324096   t=1784.993632125948   Elapsed: 1784.94s (29m 44s)  28% completed  (28% total)
     Speed:     ev/sec=195.689   simsec/sec=1.00125   ev/simsec=195.445
     Messages:  created: 40536   present: 46   in FES: 6
** Event #324608   t=1787.717306921666   Elapsed: 1787.66s (29m 47s)  28% completed  (28% total)
     Speed:     ev/sec=187.981   simsec/sec=1   ev/simsec=187.981
     Messages:  created: 40588   present: 13   in FES: 6
** Event #324864   t=1790.052381171872   Elapsed: 1790s (29m 49s)  28% completed  (28% total)
     Speed:     ev/sec=109.632   simsec/sec=0.999998   ev/simsec=109.632
     Messages:  created: 40618   present: 7   in FES: 5
** Event #325376   t=1793.465614071539   Elapsed: 1793.54s (29m 53s)  28% completed  (28% total)
     Speed:     ev/sec=144.613   simsec/sec=0.96406   ev/simsec=150.004
     Messages:  created: 40686   present: 19   in FES: 5
** Event #325888   t=1796.653687907106   Elapsed: 1796.6s (29m 56s)  28% completed  (28% total)
     Speed:     ev/sec=167.275   simsec/sec=1.04157   ev/simsec=160.599
     Messages:  created: 40746   present: 9   in FES: 6
** Event #326144   t=1800.402171638832   Elapsed: 1800.35s (30m 00s)  28% completed  (28% total)
     Speed:     ev/sec=68.2943   simsec/sec=1   ev/simsec=68.2943
     Messages:  created: 40778   present: 8   in FES: 6
** Event #326400   t=1803.433138383476   Elapsed: 1803.38s (30m 03s)  28% completed  (28% total)
     Speed:     ev/sec=84.4614   simsec/sec=0.999998   ev/simsec=84.4615
     Messages:  created: 40809   present: 8   in FES: 6
** Event #326912   t=1808.284804626684   Elapsed: 1808.23s (30m 08s)  28% completed  (28% total)
     Speed:     ev/sec=105.484   simsec/sec=0.999561   ev/simsec=105.531
     Messages:  created: 40874   present: 10   in FES: 5
** Event #327424   t=1811.221215658254   Elapsed: 1811.17s (30m 11s)  28% completed  (28% total)
     Speed:     ev/sec=174.49   simsec/sec=1.00073   ev/simsec=174.363
     Messages:  created: 40945   present: 28   in FES: 6
** Event #327936   t=1814.057356589126   Elapsed: 1814s (30m 14s)  28% completed  (28% total)
     Speed:     ev/sec=180.524   simsec/sec=0.999981   ev/simsec=180.527
     Messages:  created: 41001   present: 7   in FES: 5
** Event #328448   t=1816.973390564779   Elapsed: 1816.92s (30m 16s)  28% completed  (28% total)
     Speed:     ev/sec=175.584   simsec/sec=1.00002   ev/simsec=175.581
     Messages:  created: 41068   present: 15   in FES: 6
** Event #328960   t=1819.149927977715   Elapsed: 1819.09s (30m 19s)  28% completed  (28% total)
     Speed:     ev/sec=235.236   simsec/sec=1   ev/simsec=235.236
     Messages:  created: 41143   present: 45   in FES: 6
** Event #329472   t=1821.131065909715   Elapsed: 1821.1s (30m 21s)  28% completed  (28% total)
     Speed:     ev/sec=255.123   simsec/sec=0.987174   ev/simsec=258.437
     Messages:  created: 41221   present: 82   in FES: 5
** Event #329984   t=1824.106568951888   Elapsed: 1824.05s (30m 24s)  28% completed  (28% total)
     Speed:     ev/sec=173.573   simsec/sec=1.00873   ev/simsec=172.072
     Messages:  created: 41271   present: 45   in FES: 6
** Event #330496   t=1826.873702067988   Elapsed: 1826.82s (30m 26s)  28% completed  (28% total)
     Speed:     ev/sec=185.024   simsec/sec=0.999973   ev/simsec=185.029
     Messages:  created: 41321   present: 7   in FES: 5
** Event #330752   t=1831.166158723086   Elapsed: 1831.11s (30m 31s)  29% completed  (29% total)
     Speed:     ev/sec=59.6401   simsec/sec=1.00001   ev/simsec=59.6395
     Messages:  created: 41353   present: 7   in FES: 5
** Event #331008   t=1834.266444806788   Elapsed: 1834.21s (30m 34s)  29% completed  (29% total)
     Speed:     ev/sec=82.5739   simsec/sec=1.00001   ev/simsec=82.573
     Messages:  created: 41388   present: 14   in FES: 6
** Event #331264   t=1836.690458767063   Elapsed: 1836.64s (30m 36s)  29% completed  (29% total)
     Speed:     ev/sec=105.608   simsec/sec=0.999977   ev/simsec=105.61
     Messages:  created: 41417   present: 7   in FES: 5
** Event #331776   t=1840.750646043338   Elapsed: 1840.7s (30m 40s)  29% completed  (29% total)
     Speed:     ev/sec=126.104   simsec/sec=1.00001   ev/simsec=126.103
     Messages:  created: 41481   present: 7   in FES: 5
** Event #332288   t=1843.499184861294   Elapsed: 1843.45s (30m 43s)  29% completed  (29% total)
     Speed:     ev/sec=186.059   simsec/sec=0.998811   ev/simsec=186.281
     Messages:  created: 41546   present: 10   in FES: 5
** Event #332800   t=1846.685814717669   Elapsed: 1846.63s (30m 46s)  29% completed  (29% total)
     Speed:     ev/sec=160.837   simsec/sec=1.00103   ev/simsec=160.671
     Messages:  created: 41612   present: 14   in FES: 6
** Event #333312   t=1849.692393003649   Elapsed: 1849.64s (30m 49s)  29% completed  (29% total)
     Speed:     ev/sec=170.293   simsec/sec=0.999998   ev/simsec=170.293
     Messages:  created: 41678   present: 20   in FES: 6
** Event #333824   t=1852.699278877341   Elapsed: 1852.64s (30m 52s)  29% completed  (29% total)
     Speed:     ev/sec=170.273   simsec/sec=0.999984   ev/simsec=170.276
     Messages:  created: 41737   present: 7   in FES: 5
** Event #334336   t=1855.424911139191   Elapsed: 1855.37s (30m 55s)  29% completed  (29% total)
     Speed:     ev/sec=187.85   simsec/sec=1.00002   ev/simsec=187.846
     Messages:  created: 41806   present: 21   in FES: 6
** Event #335104   t=1858.003449871736   Elapsed: 1857.95s (30m 57s)  29% completed  (29% total)
     Speed:     ev/sec=297.843   simsec/sec=1   ev/simsec=297.843
     Messages:  created: 41926   present: 85   in FES: 6
** Event #335616   t=1860.119399892008   Elapsed: 1860.06s (31m 00s)  29% completed  (29% total)
     Speed:     ev/sec=241.976   simsec/sec=1.00002   ev/simsec=241.972
     Messages:  created: 42008   present: 127   in FES: 7
** Event #336128   t=1862.781388715009   Elapsed: 1862.73s (31m 02s)  29% completed  (29% total)
     Speed:     ev/sec=192.336   simsec/sec=0.999994   ev/simsec=192.337
     Messages:  created: 42063   present: 110   in FES: 6
** Event #336640   t=1865.496988648692   Elapsed: 1865.44s (31m 05s)  29% completed  (29% total)
     Speed:     ev/sec=188.538   simsec/sec=0.99999   ev/simsec=188.54
     Messages:  created: 42124   present: 101   in FES: 6
** Event #337152   t=1868.094582572437   Elapsed: 1868.04s (31m 08s)  29% completed  (29% total)
     Speed:     ev/sec=197.106   simsec/sec=1   ev/simsec=197.105
     Messages:  created: 42186   present: 96   in FES: 6
** Event #337664   t=1871.131308871766   Elapsed: 1871.08s (31m 11s)  29% completed  (29% total)
     Speed:     ev/sec=168.602   simsec/sec=0.999999   ev/simsec=168.603
     Messages:  created: 42237   present: 63   in FES: 6
** Event #338176   t=1874.003875432428   Elapsed: 1873.95s (31m 13s)  29% completed  (29% total)
     Speed:     ev/sec=178.238   simsec/sec=1   ev/simsec=178.238
     Messages:  created: 42282   present: 11   in FES: 6
** Event #338688   t=1877.016343641546   Elapsed: 1876.96s (31m 16s)  29% completed  (29% total)
     Speed:     ev/sec=169.96   simsec/sec=0.999999   ev/simsec=169.96
     Messages:  created: 42345   present: 8   in FES: 6
** Event #338944   t=1879.094637928751   Elapsed: 1879.04s (31m 19s)  29% completed  (29% total)
     Speed:     ev/sec=123.178   simsec/sec=0.999999   ev/simsec=123.178
     Messages:  created: 42378   present: 11   in FES: 6
** Event #339456   t=1881.87355986932   Elapsed: 1881.82s (31m 21s)  29% completed  (29% total)
     Speed:     ev/sec=184.028   simsec/sec=0.998827   ev/simsec=184.244
     Messages:  created: 42441   present: 9   in FES: 5
** Event #339968   t=1883.923330511389   Elapsed: 1883.87s (31m 23s)  29% completed  (29% total)
     Speed:     ev/sec=250.183   simsec/sec=1.0016   ev/simsec=249.784
     Messages:  created: 42516   present: 39   in FES: 6
** Event #340480   t=1886.90034422006   Elapsed: 1886.85s (31m 26s)  29% completed  (29% total)
     Speed:     ev/sec=171.961   simsec/sec=0.999863   ev/simsec=171.984
     Messages:  created: 42569   present: 9   in FES: 5
** Event #340992   t=1889.845697388994   Elapsed: 1889.79s (31m 29s)  29% completed  (29% total)
     Speed:     ev/sec=173.857   simsec/sec=1.00014   ev/simsec=173.833
     Messages:  created: 42637   present: 20   in FES: 6
** Event #341504   t=1893.265445605462   Elapsed: 1893.24s (31m 33s)  30% completed  (30% total)
     Speed:     ev/sec=148.404   simsec/sec=0.991218   ev/simsec=149.719
     Messages:  created: 42697   present: 9   in FES: 5
** Event #342016   t=1896.266405030731   Elapsed: 1896.29s (31m 36s)  30% completed  (30% total)
     Speed:     ev/sec=167.755   simsec/sec=0.983253   ev/simsec=170.612
     Messages:  created: 42770   present: 33   in FES: 5
** Event #342528   t=1899.059913263951   Elapsed: 1899.01s (31m 39s)  30% completed  (30% total)
     Speed:     ev/sec=188.397   simsec/sec=1.02791   ev/simsec=183.282
     Messages:  created: 42831   present: 25   in FES: 5
** Event #343040   t=1901.841502610449   Elapsed: 1901.82s (31m 41s)  30% completed  (30% total)
     Speed:     ev/sec=182.201   simsec/sec=0.98986   ev/simsec=184.067
     Messages:  created: 42901   present: 41   in FES: 5
** Event #343552   t=1906.273514808215   Elapsed: 1906.22s (31m 46s)  30% completed  (30% total)
     Speed:     ev/sec=116.418   simsec/sec=1.00775   ev/simsec=115.523
     Messages:  created: 42954   present: 12   in FES: 6
** Event #344064   t=1908.691849159329   Elapsed: 1908.64s (31m 48s)  30% completed  (30% total)
     Speed:     ev/sec=211.716   simsec/sec=1   ev/simsec=211.716
     Messages:  created: 43030   present: 44   in FES: 6
** Event #344576   t=1910.932595391501   Elapsed: 1910.88s (31m 50s)  30% completed  (30% total)
     Speed:     ev/sec=228.495   simsec/sec=1   ev/simsec=228.495
     Messages:  created: 43091   present: 36   in FES: 6
** Event #345088   t=1913.913845955038   Elapsed: 1913.86s (31m 53s)  30% completed  (30% total)
     Speed:     ev/sec=171.74   simsec/sec=1   ev/simsec=171.74
     Messages:  created: 43145   present: 8   in FES: 6
** Event #345600   t=1917.514983366286   Elapsed: 1917.46s (31m 57s)  30% completed  (30% total)
     Speed:     ev/sec=142.177   simsec/sec=1   ev/simsec=142.177
     Messages:  created: 43211   present: 13   in FES: 6
** Event #346112   t=1920.738140291736   Elapsed: 1920.68s (32m 00s)  30% completed  (30% total)
     Speed:     ev/sec=158.85   simsec/sec=0.999999   ev/simsec=158.85
     Messages:  created: 43274   present: 13   in FES: 6
t=1920.843523 executing addServer()
adding server with latency=60
** Event #346368   t=1922.846013373865   Elapsed: 1922.79s (32m 02s)  30% completed  (30% total)
     Speed:     ev/sec=121.449   simsec/sec=0.999995   ev/simsec=121.449
     Messages:  created: 43306   present: 9   in FES: 6
** Event #346624   t=1924.872251095857   Elapsed: 1924.82s (32m 04s)  30% completed  (30% total)
     Speed:     ev/sec=126.343   simsec/sec=1.00001   ev/simsec=126.343
     Messages:  created: 43339   present: 12   in FES: 7
** Event #346880   t=1926.997124147015   Elapsed: 1926.94s (32m 06s)  30% completed  (30% total)
     Speed:     ev/sec=120.478   simsec/sec=1   ev/simsec=120.478
     Messages:  created: 43370   present: 11   in FES: 7
** Event #347392   t=1929.039078718189   Elapsed: 1928.98s (32m 08s)  30% completed  (30% total)
     Speed:     ev/sec=250.74   simsec/sec=0.999998   ev/simsec=250.74
     Messages:  created: 43446   present: 41   in FES: 7
** Event #347904   t=1931.852963490139   Elapsed: 1931.81s (32m 11s)  30% completed  (30% total)
     Speed:     ev/sec=181.428   simsec/sec=0.997103   ev/simsec=181.955
     Messages:  created: 43505   present: 29   in FES: 6
** Event #348416   t=1934.427910499877   Elapsed: 1934.42s (32m 14s)  30% completed  (30% total)
     Speed:     ev/sec=196.154   simsec/sec=0.986496   ev/simsec=198.839
     Messages:  created: 43563   present: 13   in FES: 6
** Event #348928   t=1938.20303485461   Elapsed: 1938.15s (32m 18s)  30% completed  (30% total)
     Speed:     ev/sec=137.203   simsec/sec=1.01164   ev/simsec=135.625
     Messages:  created: 43626   present: 10   in FES: 7
** Event #349184   t=1940.561960147786   Elapsed: 1940.51s (32m 20s)  30% completed  (30% total)
     Speed:     ev/sec=108.524   simsec/sec=1   ev/simsec=108.524
     Messages:  created: 43658   present: 10   in FES: 7
** Event #349696   t=1943.325214803086   Elapsed: 1943.27s (32m 23s)  30% completed  (30% total)
     Speed:     ev/sec=185.288   simsec/sec=0.999998   ev/simsec=185.289
     Messages:  created: 43728   present: 25   in FES: 7
** Event #350208   t=1946.645106936933   Elapsed: 1946.59s (32m 26s)  30% completed  (30% total)
     Speed:     ev/sec=154.222   simsec/sec=1   ev/simsec=154.222
     Messages:  created: 43789   present: 17   in FES: 7
** Event #350720   t=1949.079008742569   Elapsed: 1949.04s (32m 29s)  30% completed  (30% total)
     Speed:     ev/sec=208.755   simsec/sec=0.99236   ev/simsec=210.362
     Messages:  created: 43854   present: 21   in FES: 6
** Event #350976   t=1951.666395194324   Elapsed: 1951.67s (32m 31s)  30% completed  (30% total)
     Speed:     ev/sec=97.4165   simsec/sec=0.984586   ev/simsec=98.9415
     Messages:  created: 43883   present: 13   in FES: 6
** Event #351488   t=1954.37116739099   Elapsed: 1954.32s (32m 34s)  31% completed  (31% total)
     Speed:     ev/sec=193.534   simsec/sec=1.02239   ev/simsec=189.295
     Messages:  created: 43946   present: 11   in FES: 7
** Event #352000   t=1958.753744916572   Elapsed: 1958.7s (32m 38s)  31% completed  (31% total)
     Speed:     ev/sec=116.826   simsec/sec=1   ev/simsec=116.826
     Messages:  created: 44010   present: 9   in FES: 6
** Event #352256   t=1961.178015504798   Elapsed: 1961.12s (32m 41s)  31% completed  (31% total)
     Speed:     ev/sec=105.598   simsec/sec=0.999995   ev/simsec=105.599
     Messages:  created: 44042   present: 11   in FES: 7
** Event #352768   t=1963.929658498687   Elapsed: 1963.87s (32m 43s)  31% completed  (31% total)
     Speed:     ev/sec=186.071   simsec/sec=1   ev/simsec=186.071
     Messages:  created: 44106   present: 10   in FES: 7
** Event #353024   t=1966.046603417059   Elapsed: 1965.99s (32m 45s)  31% completed  (31% total)
     Speed:     ev/sec=120.929   simsec/sec=1   ev/simsec=120.929
     Messages:  created: 44141   present: 18   in FES: 7
** Event #353536   t=1968.705050274905   Elapsed: 1968.67s (32m 48s)  31% completed  (31% total)
     Speed:     ev/sec=191.354   simsec/sec=0.993562   ev/simsec=192.594
     Messages:  created: 44212   present: 37   in FES: 6
** Event #354048   t=1971.013277451519   Elapsed: 1970.96s (32m 50s)  31% completed  (31% total)
     Speed:     ev/sec=223.483   simsec/sec=1.00752   ev/simsec=221.815
     Messages:  created: 44278   present: 43   in FES: 7
** Event #354560   t=1973.123587026516   Elapsed: 1973.07s (32m 53s)  31% completed  (31% total)
     Speed:     ev/sec=242.1   simsec/sec=0.997862   ev/simsec=242.618
     Messages:  created: 44355   present: 77   in FES: 6
** Event #355328   t=1975.714673365677   Elapsed: 1975.66s (32m 55s)  31% completed  (31% total)
     Speed:     ev/sec=296.92   simsec/sec=1.00175   ev/simsec=296.401
     Messages:  created: 44487   present: 156   in FES: 7
** Event #355840   t=1978.113416559505   Elapsed: 1978.06s (32m 58s)  31% completed  (31% total)
     Speed:     ev/sec=213.445   simsec/sec=0.999998   ev/simsec=213.445
     Messages:  created: 44556   present: 167   in FES: 8
** Event #356352   t=1980.312177229329   Elapsed: 1980.26s (33m 00s)  31% completed  (31% total)
     Speed:     ev/sec=232.859   simsec/sec=1   ev/simsec=232.858
     Messages:  created: 44613   present: 153   in FES: 7
t=1980.843515 executing setDimmer(0.75)
t=1980.843523 addServer() complete
** Event #356864   t=1982.40859276011   Elapsed: 1982.35s (33m 02s)  31% completed  (31% total)
     Speed:     ev/sec=244.226   simsec/sec=0.999999   ev/simsec=244.226
     Messages:  created: 44674   present: 148   in FES: 8
** Event #357632   t=1985.530636193133   Elapsed: 1985.48s (33m 05s)  31% completed  (31% total)
     Speed:     ev/sec=245.993   simsec/sec=1   ev/simsec=245.993
     Messages:  created: 44735   present: 68   in FES: 6
** Event #358144   t=1988.553323873728   Elapsed: 1988.5s (33m 08s)  31% completed  (31% total)
     Speed:     ev/sec=169.265   simsec/sec=0.99929   ev/simsec=169.386
     Messages:  created: 44777   present: 9   in FES: 6
** Event #358656   t=1991.439011799667   Elapsed: 1991.38s (33m 11s)  31% completed  (31% total)
     Speed:     ev/sec=177.555   simsec/sec=1.00072   ev/simsec=177.427
     Messages:  created: 44841   present: 8   in FES: 5
** Event #359168   t=1994.247613373085   Elapsed: 1994.23s (33m 14s)  31% completed  (31% total)
     Speed:     ev/sec=180.083   simsec/sec=0.987853   ev/simsec=182.297
     Messages:  created: 44905   present: 9   in FES: 6
** Event #359680   t=1997.668932003921   Elapsed: 1997.61s (33m 17s)  31% completed  (31% total)
     Speed:     ev/sec=151.179   simsec/sec=1.01022   ev/simsec=149.65
     Messages:  created: 44971   present: 13   in FES: 7
** Event #360192   t=2000.053051309086   Elapsed: 2000s (33m 19s)  31% completed  (31% total)
     Speed:     ev/sec=214.754   simsec/sec=0.999998   ev/simsec=214.754
     Messages:  created: 45033   present: 8   in FES: 5
** Event #360960   t=2002.692236510981   Elapsed: 2002.64s (33m 22s)  31% completed  (31% total)
     Speed:     ev/sec=291   simsec/sec=1   ev/simsec=290.999
     Messages:  created: 45130   present: 12   in FES: 6
** Event #361472   t=2004.878369953717   Elapsed: 2004.82s (33m 24s)  31% completed  (31% total)
     Speed:     ev/sec=234.146   simsec/sec=0.999755   ev/simsec=234.203
     Messages:  created: 45193   present: 9   in FES: 6
** Event #361984   t=2007.554530164466   Elapsed: 2007.51s (33m 27s)  31% completed  (31% total)
     Speed:     ev/sec=190.727   simsec/sec=0.996904   ev/simsec=191.319
     Messages:  created: 45257   present: 9   in FES: 6
** Event #362752   t=2009.624854834713   Elapsed: 2009.57s (33m 29s)  31% completed  (31% total)
     Speed:     ev/sec=372.548   simsec/sec=1.00429   ev/simsec=370.956
     Messages:  created: 45358   present: 23   in FES: 7
** Event #364032   t=2012.642428190436   Elapsed: 2012.59s (33m 32s)  31% completed  (31% total)
     Speed:     ev/sec=424.175   simsec/sec=0.999984   ev/simsec=424.182
     Messages:  created: 45513   present: 8   in FES: 5
** Event #364544   t=2015.34766612314   Elapsed: 2015.29s (33m 35s)  31% completed  (31% total)
     Speed:     ev/sec=189.266   simsec/sec=1.00002   ev/simsec=189.262
     Messages:  created: 45577   present: 8   in FES: 5
** Event #365056   t=2018.194882323984   Elapsed: 2018.14s (33m 38s)  32% completed  (32% total)
     Speed:     ev/sec=179.818   simsec/sec=0.999963   ev/simsec=179.825
     Messages:  created: 45641   present: 8   in FES: 5
** Event #365568   t=2022.127857263517   Elapsed: 2022.07s (33m 42s)  32% completed  (32% total)
     Speed:     ev/sec=130.185   simsec/sec=1.00003   ev/simsec=130.181
     Messages:  created: 45705   present: 8   in FES: 5
** Event #365824   t=2024.194201586332   Elapsed: 2024.14s (33m 44s)  32% completed  (32% total)
     Speed:     ev/sec=123.889   simsec/sec=0.999986   ev/simsec=123.89
     Messages:  created: 45737   present: 8   in FES: 5
** Event #366336   t=2027.838332825341   Elapsed: 2027.78s (33m 47s)  32% completed  (32% total)
     Speed:     ev/sec=140.501   simsec/sec=1   ev/simsec=140.5
     Messages:  created: 45801   present: 8   in FES: 5
** Event #366848   t=2030.57481917864   Elapsed: 2030.52s (33m 50s)  32% completed  (32% total)
     Speed:     ev/sec=187.102   simsec/sec=1   ev/simsec=187.101
     Messages:  created: 45867   present: 13   in FES: 7
** Event #367360   t=2033.64367168587   Elapsed: 2033.63s (33m 53s)  32% completed  (32% total)
     Speed:     ev/sec=164.78   simsec/sec=0.987669   ev/simsec=166.838
     Messages:  created: 45929   present: 9   in FES: 6
** Event #367872   t=2036.627268991157   Elapsed: 2036.57s (33m 56s)  32% completed  (32% total)
     Speed:     ev/sec=173.837   simsec/sec=1.01301   ev/simsec=171.605
     Messages:  created: 45995   present: 15   in FES: 7
** Event #368128   t=2038.631483863018   Elapsed: 2038.58s (33m 58s)  32% completed  (32% total)
     Speed:     ev/sec=127.731   simsec/sec=1   ev/simsec=127.731
     Messages:  created: 46025   present: 8   in FES: 5
t=2040.843513 executing setDimmer(1)
** Event #368640   t=2041.514080833629   Elapsed: 2041.46s (34m 01s)  32% completed  (32% total)
     Speed:     ev/sec=177.529   simsec/sec=0.9995   ev/simsec=177.618
     Messages:  created: 46089   present: 11   in FES: 6
** Event #369152   t=2043.664048218579   Elapsed: 2043.61s (34m 03s)  32% completed  (32% total)
     Speed:     ev/sec=238.303   simsec/sec=1.00067   ev/simsec=238.143
     Messages:  created: 46153   present: 10   in FES: 6
** Event #369664   t=2046.713696998904   Elapsed: 2046.66s (34m 06s)  32% completed  (32% total)
     Speed:     ev/sec=167.888   simsec/sec=1   ev/simsec=167.888
     Messages:  created: 46216   present: 8   in FES: 5
** Event #370176   t=2049.271848225361   Elapsed: 2049.22s (34m 09s)  32% completed  (32% total)
     Speed:     ev/sec=200.144   simsec/sec=0.999999   ev/simsec=200.145
     Messages:  created: 46282   present: 14   in FES: 7
** Event #370944   t=2052.497488030071   Elapsed: 2052.44s (34m 12s)  32% completed  (32% total)
     Speed:     ev/sec=238.092   simsec/sec=1   ev/simsec=238.092
     Messages:  created: 46377   present: 10   in FES: 7
** Event #371456   t=2056.812108489659   Elapsed: 2056.76s (34m 16s)  32% completed  (32% total)
     Speed:     ev/sec=118.666   simsec/sec=0.999999   ev/simsec=118.666
     Messages:  created: 46440   present: 8   in FES: 5
** Event #371712   t=2059.030182574283   Elapsed: 2058.98s (34m 18s)  32% completed  (32% total)
     Speed:     ev/sec=115.416   simsec/sec=1   ev/simsec=115.415
     Messages:  created: 46473   present: 10   in FES: 7
** Event #372224   t=2062.579409165046   Elapsed: 2062.52s (34m 22s)  32% completed  (32% total)
     Speed:     ev/sec=144.259   simsec/sec=1.00001   ev/simsec=144.257
     Messages:  created: 46537   present: 10   in FES: 7
** Event #372736   t=2065.634792344877   Elapsed: 2065.58s (34m 25s)  32% completed  (32% total)
     Speed:     ev/sec=167.57   simsec/sec=0.999982   ev/simsec=167.573
     Messages:  created: 46600   present: 8   in FES: 5
** Event #373248   t=2069.202175572635   Elapsed: 2069.15s (34m 29s)  32% completed  (32% total)
     Speed:     ev/sec=143.523   simsec/sec=1   ev/simsec=143.523
     Messages:  created: 46664   present: 8   in FES: 5
** Event #373760   t=2071.724275018502   Elapsed: 2071.67s (34m 31s)  32% completed  (32% total)
     Speed:     ev/sec=203.006   simsec/sec=1   ev/simsec=203.005
     Messages:  created: 46729   present: 10   in FES: 7
** Event #374528   t=2075.07445364204   Elapsed: 2075.02s (34m 35s)  32% completed  (32% total)
     Speed:     ev/sec=229.238   simsec/sec=0.999984   ev/simsec=229.242
     Messages:  created: 46824   present: 8   in FES: 5
** Event #375040   t=2078.357106218353   Elapsed: 2078.32s (34m 38s)  32% completed  (32% total)
     Speed:     ev/sec=154.939   simsec/sec=0.99338   ev/simsec=155.971
     Messages:  created: 46889   present: 11   in FES: 6
** Event #375552   t=2081.278481256843   Elapsed: 2081.22s (34m 41s)  33% completed  (33% total)
     Speed:     ev/sec=176.586   simsec/sec=1.00756   ev/simsec=175.26
     Messages:  created: 46952   present: 9   in FES: 6
** Event #376320   t=2083.785069122485   Elapsed: 2083.73s (34m 43s)  33% completed  (33% total)
     Speed:     ev/sec=306.392   simsec/sec=0.999999   ev/simsec=306.393
     Messages:  created: 47048   present: 8   in FES: 5
** Event #376832   t=2086.198804241273   Elapsed: 2086.17s (34m 46s)  33% completed  (33% total)
     Speed:     ev/sec=209.912   simsec/sec=0.989595   ev/simsec=212.119
     Messages:  created: 47113   present: 11   in FES: 5
** Event #377344   t=2088.63386840272   Elapsed: 2088.58s (34m 48s)  33% completed  (33% total)
     Speed:     ev/sec=212.476   simsec/sec=1.01053   ev/simsec=210.261
     Messages:  created: 47176   present: 8   in FES: 5
** Event #377856   t=2090.910421095657   Elapsed: 2090.86s (34m 50s)  33% completed  (33% total)
     Speed:     ev/sec=224.901   simsec/sec=0.999999   ev/simsec=224.901
     Messages:  created: 47240   present: 9   in FES: 6
** Event #378112   t=2093.589471462691   Elapsed: 2093.53s (34m 53s)  33% completed  (33% total)
     Speed:     ev/sec=95.5562   simsec/sec=1   ev/simsec=95.5562
     Messages:  created: 47272   present: 8   in FES: 5
** Event #378624   t=2096.623366703502   Elapsed: 2096.57s (34m 56s)  33% completed  (33% total)
     Speed:     ev/sec=168.76   simsec/sec=0.999999   ev/simsec=168.76
     Messages:  created: 47337   present: 10   in FES: 7
** Event #379136   t=2099.021360179188   Elapsed: 2098.97s (34m 58s)  33% completed  (33% total)
     Speed:     ev/sec=213.271   simsec/sec=0.99887   ev/simsec=213.512
     Messages:  created: 47401   present: 11   in FES: 6
t=2100.84353 executing removeServer()
scheduled complete remove at 2100.84353
** Event #379648   t=2101.205958143475   Elapsed: 2101.15s (35m 01s)  33% completed  (33% total)
     Speed:     ev/sec=234.66   simsec/sec=1.00124   ev/simsec=234.368
     Messages:  created: 47466   present: 9   in FES: 6
** Event #380160   t=2104.261706752757   Elapsed: 2104.26s (35m 04s)  33% completed  (33% total)
     Speed:     ev/sec=164.633   simsec/sec=0.982574   ev/simsec=167.553
     Messages:  created: 47532   present: 15   in FES: 5
** Event #380672   t=2106.513528351538   Elapsed: 2106.47s (35m 06s)  33% completed  (33% total)
     Speed:     ev/sec=232.286   simsec/sec=1.02162   ev/simsec=227.371
     Messages:  created: 47596   present: 15   in FES: 5
** Event #381440   t=2109.166713308466   Elapsed: 2109.11s (35m 09s)  33% completed  (33% total)
     Speed:     ev/sec=290.179   simsec/sec=1.00247   ev/simsec=289.463
     Messages:  created: 47729   present: 111   in FES: 6
** Event #381952   t=2111.48584654242   Elapsed: 2111.43s (35m 11s)  33% completed  (33% total)
     Speed:     ev/sec=220.772   simsec/sec=1   ev/simsec=220.772
     Messages:  created: 47805   present: 135   in FES: 6
** Event #382720   t=2114.736349868752   Elapsed: 2114.68s (35m 14s)  33% completed  (33% total)
     Speed:     ev/sec=236.271   simsec/sec=0.999999   ev/simsec=236.271
     Messages:  created: 47911   present: 156   in FES: 7
** Event #383232   t=2117.534967914301   Elapsed: 2117.48s (35m 17s)  33% completed  (33% total)
     Speed:     ev/sec=182.947   simsec/sec=0.999996   ev/simsec=182.947
     Messages:  created: 47959   present: 124   in FES: 7
** Event #383744   t=2120.602751076686   Elapsed: 2120.55s (35m 20s)  33% completed  (33% total)
     Speed:     ev/sec=166.897   simsec/sec=1.00001   ev/simsec=166.896
     Messages:  created: 48009   present: 91   in FES: 6
** Event #384256   t=2124.017416486494   Elapsed: 2123.96s (35m 23s)  33% completed  (33% total)
     Speed:     ev/sec=149.941   simsec/sec=0.999999   ev/simsec=149.941
     Messages:  created: 48057   present: 50   in FES: 6
** Event #384768   t=2126.948913586064   Elapsed: 2126.92s (35m 26s)  33% completed  (33% total)
     Speed:     ev/sec=173.378   simsec/sec=0.992692   ev/simsec=174.655
     Messages:  created: 48105   present: 7   in FES: 5
** Event #385024   t=2129.123617768139   Elapsed: 2129.07s (35m 29s)  33% completed  (33% total)
     Speed:     ev/sec=118.897   simsec/sec=1.01002   ev/simsec=117.717
     Messages:  created: 48138   present: 9   in FES: 6
** Event #385536   t=2131.980084026707   Elapsed: 2131.93s (35m 31s)  33% completed  (33% total)
     Speed:     ev/sec=179.242   simsec/sec=1   ev/simsec=179.242
     Messages:  created: 48204   present: 14   in FES: 6
** Event #386048   t=2134.389607751044   Elapsed: 2134.33s (35m 34s)  33% completed  (33% total)
     Speed:     ev/sec=212.49   simsec/sec=1   ev/simsec=212.49
     Messages:  created: 48279   present: 44   in FES: 6
** Event #386816   t=2136.862788763504   Elapsed: 2136.81s (35m 36s)  33% completed  (33% total)
     Speed:     ev/sec=310.532   simsec/sec=1   ev/simsec=310.531
     Messages:  created: 48393   present: 92   in FES: 6
** Event #387584   t=2139.430971537372   Elapsed: 2139.38s (35m 39s)  33% completed  (33% total)
     Speed:     ev/sec=299.045   simsec/sec=1   ev/simsec=299.044
     Messages:  created: 48529   present: 176   in FES: 7
** Event #388352   t=2142.58752281575   Elapsed: 2142.53s (35m 42s)  34% completed  (34% total)
     Speed:     ev/sec=243.303   simsec/sec=0.999999   ev/simsec=243.304
     Messages:  created: 48647   present: 220   in FES: 7
** Event #389120   t=2145.611766701162   Elapsed: 2145.56s (35m 45s)  34% completed  (34% total)
     Speed:     ev/sec=253.948   simsec/sec=0.999999   ev/simsec=253.948
     Messages:  created: 48743   present: 220   in FES: 7
** Event #389632   t=2148.703978581893   Elapsed: 2148.65s (35m 48s)  34% completed  (34% total)
     Speed:     ev/sec=165.577   simsec/sec=0.999999   ev/simsec=165.577
     Messages:  created: 48806   present: 217   in FES: 6
** Event #390144   t=2151.013323378442   Elapsed: 2150.96s (35m 50s)  34% completed  (34% total)
     Speed:     ev/sec=221.708   simsec/sec=0.999999   ev/simsec=221.708
     Messages:  created: 48878   present: 234   in FES: 7
** Event #390656   t=2153.731752694891   Elapsed: 2153.68s (35m 53s)  34% completed  (34% total)
     Speed:     ev/sec=188.344   simsec/sec=1   ev/simsec=188.344
     Messages:  created: 48935   present: 220   in FES: 7
** Event #391168   t=2156.581049311687   Elapsed: 2156.53s (35m 56s)  34% completed  (34% total)
     Speed:     ev/sec=179.693   simsec/sec=0.999999   ev/simsec=179.693
     Messages:  created: 48989   present: 200   in FES: 7
** Event #391680   t=2159.410389692765   Elapsed: 2159.36s (35m 59s)  34% completed  (34% total)
     Speed:     ev/sec=180.961   simsec/sec=1   ev/simsec=180.961
     Messages:  created: 49046   present: 185   in FES: 6
t=2160.843495 executing addServer()
adding server with latency=60
** Event #392192   t=2161.47840696417   Elapsed: 2161.42s (36m 01s)  34% completed  (34% total)
     Speed:     ev/sec=247.58   simsec/sec=0.999998   ev/simsec=247.58
     Messages:  created: 49124   present: 214   in FES: 7
** Event #392704   t=2163.834905422797   Elapsed: 2163.78s (36m 03s)  34% completed  (34% total)
     Speed:     ev/sec=217.271   simsec/sec=1   ev/simsec=217.272
     Messages:  created: 49192   present: 222   in FES: 7
** Event #393216   t=2165.896785453709   Elapsed: 2165.84s (36m 05s)  34% completed  (34% total)
     Speed:     ev/sec=248.318   simsec/sec=1   ev/simsec=248.317
     Messages:  created: 49267   present: 243   in FES: 7
** Event #393728   t=2168.505669409472   Elapsed: 2168.45s (36m 08s)  34% completed  (34% total)
     Speed:     ev/sec=196.252   simsec/sec=0.999998   ev/simsec=196.253
     Messages:  created: 49340   present: 261   in FES: 7
** Event #394240   t=2171.158033782409   Elapsed: 2171.1s (36m 11s)  34% completed  (34% total)
     Speed:     ev/sec=193.036   simsec/sec=1   ev/simsec=193.035
     Messages:  created: 49390   present: 233   in FES: 7
** Event #394752   t=2173.510932717215   Elapsed: 2173.46s (36m 13s)  34% completed  (34% total)
     Speed:     ev/sec=217.604   simsec/sec=0.999999   ev/simsec=217.604
     Messages:  created: 49467   present: 259   in FES: 7
** Event #395264   t=2176.325386920559   Elapsed: 2176.27s (36m 16s)  34% completed  (34% total)
     Speed:     ev/sec=181.92   simsec/sec=1.00001   ev/simsec=181.918
     Messages:  created: 49523   present: 244   in FES: 7
** Event #395776   t=2178.781571716074   Elapsed: 2178.73s (36m 18s)  34% completed  (34% total)
     Speed:     ev/sec=208.451   simsec/sec=0.999989   ev/simsec=208.453
     Messages:  created: 49574   present: 218   in FES: 7
** Event #396288   t=2181.201976752961   Elapsed: 2181.15s (36m 21s)  34% completed  (34% total)
     Speed:     ev/sec=211.535   simsec/sec=1   ev/simsec=211.535
     Messages:  created: 49645   present: 231   in FES: 7
** Event #396800   t=2183.295518354245   Elapsed: 2183.24s (36m 23s)  34% completed  (34% total)
     Speed:     ev/sec=244.562   simsec/sec=1   ev/simsec=244.562
     Messages:  created: 49718   present: 249   in FES: 7
** Event #397312   t=2185.778422175594   Elapsed: 2185.72s (36m 25s)  34% completed  (34% total)
     Speed:     ev/sec=206.21   simsec/sec=1   ev/simsec=206.21
     Messages:  created: 49785   present: 255   in FES: 7
** Event #397824   t=2188.850489973652   Elapsed: 2188.8s (36m 28s)  34% completed  (34% total)
     Speed:     ev/sec=166.657   simsec/sec=0.999965   ev/simsec=166.663
     Messages:  created: 49843   present: 244   in FES: 7
** Event #398336   t=2191.466920263824   Elapsed: 2191.41s (36m 31s)  34% completed  (34% total)
     Speed:     ev/sec=195.694   simsec/sec=1.00004   ev/simsec=195.686
     Messages:  created: 49892   present: 214   in FES: 7
** Event #398848   t=2195.090226481163   Elapsed: 2195.04s (36m 35s)  34% completed  (34% total)
     Speed:     ev/sec=141.308   simsec/sec=1   ev/simsec=141.307
     Messages:  created: 49945   present: 192   in FES: 7
** Event #399616   t=2197.718899562897   Elapsed: 2197.66s (36m 37s)  34% completed  (34% total)
     Speed:     ev/sec=292.163   simsec/sec=1   ev/simsec=292.163
     Messages:  created: 50054   present: 217   in FES: 7
** Event #400128   t=2200.815638829826   Elapsed: 2200.76s (36m 40s)  34% completed  (34% total)
     Speed:     ev/sec=165.335   simsec/sec=0.999999   ev/simsec=165.335
     Messages:  created: 50102   present: 186   in FES: 7
** Event #400640   t=2203.749328569152   Elapsed: 2203.69s (36m 43s)  34% completed  (34% total)
     Speed:     ev/sec=174.524   simsec/sec=0.999997   ev/simsec=174.524
     Messages:  created: 50167   present: 188   in FES: 7
** Event #401152   t=2206.778288767054   Elapsed: 2206.72s (36m 46s)  35% completed  (35% total)
     Speed:     ev/sec=169.036   simsec/sec=1   ev/simsec=169.035
     Messages:  created: 50214   present: 153   in FES: 7
** Event #401664   t=2209.692653358327   Elapsed: 2209.64s (36m 49s)  35% completed  (35% total)
     Speed:     ev/sec=175.681   simsec/sec=0.999999   ev/simsec=175.682
     Messages:  created: 50272   present: 141   in FES: 7
** Event #402176   t=2211.697958452467   Elapsed: 2211.64s (36m 51s)  35% completed  (35% total)
     Speed:     ev/sec=255.323   simsec/sec=1   ev/simsec=255.323
     Messages:  created: 50339   present: 147   in FES: 7
** Event #402688   t=2214.026622724554   Elapsed: 2213.97s (36m 53s)  35% completed  (35% total)
     Speed:     ev/sec=219.868   simsec/sec=0.999999   ev/simsec=219.869
     Messages:  created: 50400   present: 141   in FES: 7
** Event #403200   t=2216.78012177917   Elapsed: 2216.73s (36m 56s)  35% completed  (35% total)
     Speed:     ev/sec=185.945   simsec/sec=0.999999   ev/simsec=185.945
     Messages:  created: 50456   present: 126   in FES: 7
** Event #403712   t=2218.951170777545   Elapsed: 2218.9s (36m 58s)  35% completed  (35% total)
     Speed:     ev/sec=235.831   simsec/sec=1   ev/simsec=235.831
     Messages:  created: 50516   present: 117   in FES: 7
t=2220.843495 addServer() complete
t=2220.843543 executing setDimmer(0.75)
** Event #404224   t=2221.407648742868   Elapsed: 2221.35s (37m 01s)  35% completed  (35% total)
     Speed:     ev/sec=208.428   simsec/sec=0.999997   ev/simsec=208.428
     Messages:  created: 50576   present: 111   in FES: 7
** Event #404736   t=2223.589704448475   Elapsed: 2223.53s (37m 03s)  35% completed  (35% total)
     Speed:     ev/sec=234.642   simsec/sec=1   ev/simsec=234.641
     Messages:  created: 50621   present: 59   in FES: 6
** Event #405504   t=2226.874436709813   Elapsed: 2226.87s (37m 06s)  35% completed  (35% total)
     Speed:     ev/sec=230.558   simsec/sec=0.986097   ev/simsec=233.809
     Messages:  created: 50697   present: 7   in FES: 4
** Event #406016   t=2229.784575812332   Elapsed: 2229.73s (37m 09s)  35% completed  (35% total)
     Speed:     ev/sec=178.782   simsec/sec=1.01617   ev/simsec=175.937
     Messages:  created: 50763   present: 11   in FES: 7
** Event #406528   t=2232.320975736841   Elapsed: 2232.29s (37m 12s)  35% completed  (35% total)
     Speed:     ev/sec=199.865   simsec/sec=0.99011   ev/simsec=201.861
     Messages:  created: 50825   present: 7   in FES: 4
** Event #407040   t=2234.542818804357   Elapsed: 2234.49s (37m 14s)  35% completed  (35% total)
     Speed:     ev/sec=232.828   simsec/sec=1.01037   ev/simsec=230.439
     Messages:  created: 50889   present: 7   in FES: 4
** Event #407552   t=2237.786631151302   Elapsed: 2237.73s (37m 17s)  35% completed  (35% total)
     Speed:     ev/sec=157.963   simsec/sec=1.00078   ev/simsec=157.839
     Messages:  created: 50954   present: 10   in FES: 7
** Event #408064   t=2240.142451847263   Elapsed: 2240.09s (37m 20s)  35% completed  (35% total)
     Speed:     ev/sec=217.334   simsec/sec=0.999999   ev/simsec=217.334
     Messages:  created: 51019   present: 13   in FES: 6
** Event #408576   t=2242.275533004389   Elapsed: 2242.22s (37m 22s)  35% completed  (35% total)
     Speed:     ev/sec=240.028   simsec/sec=1   ev/simsec=240.028
     Messages:  created: 51082   present: 9   in FES: 6
** Event #409600   t=2244.495609548049   Elapsed: 2244.45s (37m 24s)  35% completed  (35% total)
     Speed:     ev/sec=458.967   simsec/sec=0.995061   ev/simsec=461.245
     Messages:  created: 51221   present: 39   in FES: 6
** Event #410368   t=2247.039712284402   Elapsed: 2246.98s (37m 26s)  35% completed  (35% total)
     Speed:     ev/sec=303.188   simsec/sec=1.00435   ev/simsec=301.875
     Messages:  created: 51307   present: 11   in FES: 7
** Event #411136   t=2249.498028648742   Elapsed: 2249.51s (37m 29s)  35% completed  (35% total)
     Speed:     ev/sec=303.554   simsec/sec=0.971657   ev/simsec=312.409
     Messages:  created: 51401   present: 7   in FES: 4
** Event #411648   t=2251.620813167837   Elapsed: 2251.57s (37m 31s)  35% completed  (35% total)
     Speed:     ev/sec=249.626   simsec/sec=1.03496   ev/simsec=241.193
     Messages:  created: 51467   present: 11   in FES: 7
** Event #412160   t=2253.741692889838   Elapsed: 2253.69s (37m 33s)  35% completed  (35% total)
     Speed:     ev/sec=241.409   simsec/sec=0.999999   ev/simsec=241.409
     Messages:  created: 51532   present: 14   in FES: 7
** Event #412928   t=2255.917547982155   Elapsed: 2255.89s (37m 35s)  35% completed  (35% total)
     Speed:     ev/sec=348.166   simsec/sec=0.986404   ev/simsec=352.965
     Messages:  created: 51625   present: 7   in FES: 4
** Event #413696   t=2258.805800010118   Elapsed: 2258.81s (37m 38s)  35% completed  (35% total)
     Speed:     ev/sec=263.244   simsec/sec=0.989993   ev/simsec=265.905
     Messages:  created: 51721   present: 7   in FES: 4
** Event #414720   t=2261.519823246119   Elapsed: 2261.48s (37m 41s)  35% completed  (35% total)
     Speed:     ev/sec=384.177   simsec/sec=1.01823   ev/simsec=377.3
     Messages:  created: 51849   present: 7   in FES: 4
** Event #415744   t=2264.347219324359   Elapsed: 2264.29s (37m 44s)  35% completed  (35% total)
     Speed:     ev/sec=363.533   simsec/sec=1.00376   ev/simsec=362.171
     Messages:  created: 51978   present: 9   in FES: 6
** Event #416512   t=2266.464287690804   Elapsed: 2266.42s (37m 46s)  35% completed  (35% total)
     Speed:     ev/sec=360.649   simsec/sec=0.994166   ev/simsec=362.766
     Messages:  created: 52073   present: 7   in FES: 4
** Event #417280   t=2269.587466590287   Elapsed: 2269.53s (37m 49s)  36% completed  (36% total)
     Speed:     ev/sec=246.885   simsec/sec=1.00399   ev/simsec=245.903
     Messages:  created: 52170   present: 9   in FES: 6
** Event #417792   t=2271.771401616965   Elapsed: 2271.73s (37m 51s)  36% completed  (36% total)
     Speed:     ev/sec=232.834   simsec/sec=0.993153   ev/simsec=234.439
     Messages:  created: 52233   present: 7   in FES: 4
** Event #418304   t=2273.836724408398   Elapsed: 2273.78s (37m 53s)  36% completed  (36% total)
     Speed:     ev/sec=249.723   simsec/sec=1.00734   ev/simsec=247.903
     Messages:  created: 52302   present: 19   in FES: 7
** Event #419328   t=2277.372857981248   Elapsed: 2277.32s (37m 57s)  36% completed  (36% total)
     Speed:     ev/sec=289.582   simsec/sec=1   ev/simsec=289.582
     Messages:  created: 52426   present: 9   in FES: 6
** Event #419840   t=2280.821370135458   Elapsed: 2280.77s (38m 00s)  36% completed  (36% total)
     Speed:     ev/sec=148.47   simsec/sec=0.999999   ev/simsec=148.47
     Messages:  created: 52489   present: 8   in FES: 5
** Event #420352   t=2283.52064638093   Elapsed: 2283.47s (38m 03s)  36% completed  (36% total)
     Speed:     ev/sec=189.68   simsec/sec=0.999999   ev/simsec=189.68
     Messages:  created: 52553   present: 8   in FES: 5
** Event #420864   t=2285.906656925489   Elapsed: 2285.85s (38m 05s)  36% completed  (36% total)
     Speed:     ev/sec=214.585   simsec/sec=1   ev/simsec=214.584
     Messages:  created: 52617   present: 8   in FES: 5
** Event #421376   t=2288.94430172955   Elapsed: 2288.89s (38m 08s)  36% completed  (36% total)
     Speed:     ev/sec=168.552   simsec/sec=0.999999   ev/simsec=168.552
     Messages:  created: 52681   present: 9   in FES: 6
** Event #421888   t=2291.431635107766   Elapsed: 2291.38s (38m 11s)  36% completed  (36% total)
     Speed:     ev/sec=205.843   simsec/sec=1   ev/simsec=205.843
     Messages:  created: 52746   present: 12   in FES: 7
** Event #422656   t=2294.088476604987   Elapsed: 2294.03s (38m 14s)  36% completed  (36% total)
     Speed:     ev/sec=289.065   simsec/sec=1   ev/simsec=289.065
     Messages:  created: 52842   present: 10   in FES: 6
** Event #423168   t=2296.183191848201   Elapsed: 2296.14s (38m 16s)  36% completed  (36% total)
     Speed:     ev/sec=243.167   simsec/sec=0.994853   ev/simsec=244.425
     Messages:  created: 52907   present: 14   in FES: 6
** Event #423680   t=2298.701982870315   Elapsed: 2298.65s (38m 18s)  36% completed  (36% total)
     Speed:     ev/sec=204.15   simsec/sec=1.00432   ev/simsec=203.272
     Messages:  created: 52969   present: 8   in FES: 5
** Event #424448   t=2301.527141304731   Elapsed: 2301.47s (38m 21s)  36% completed  (36% total)
     Speed:     ev/sec=271.843   simsec/sec=1   ev/simsec=271.843
     Messages:  created: 53066   present: 10   in FES: 7
** Event #424960   t=2304.226728893016   Elapsed: 2304.17s (38m 24s)  36% completed  (36% total)
     Speed:     ev/sec=189.658   simsec/sec=0.999999   ev/simsec=189.659
     Messages:  created: 53130   present: 10   in FES: 7
** Event #425472   t=2307.67863921086   Elapsed: 2307.62s (38m 27s)  36% completed  (36% total)
     Speed:     ev/sec=148.324   simsec/sec=1   ev/simsec=148.324
     Messages:  created: 53193   present: 8   in FES: 5
** Event #426240   t=2310.798086176072   Elapsed: 2310.74s (38m 30s)  36% completed  (36% total)
     Speed:     ev/sec=246.198   simsec/sec=1   ev/simsec=246.197
     Messages:  created: 53289   present: 9   in FES: 6
** Event #426752   t=2313.193410807017   Elapsed: 2313.14s (38m 33s)  36% completed  (36% total)
     Speed:     ev/sec=213.754   simsec/sec=1.00002   ev/simsec=213.75
     Messages:  created: 53353   present: 8   in FES: 5
** Event #427264   t=2315.336744274823   Elapsed: 2315.28s (38m 35s)  36% completed  (36% total)
     Speed:     ev/sec=238.875   simsec/sec=0.999977   ev/simsec=238.88
     Messages:  created: 53418   present: 12   in FES: 7
** Event #427776   t=2317.561096623208   Elapsed: 2317.51s (38m 37s)  36% completed  (36% total)
     Speed:     ev/sec=230.179   simsec/sec=0.999999   ev/simsec=230.179
     Messages:  created: 53483   present: 13   in FES: 6
** Event #428288   t=2319.765874193167   Elapsed: 2319.71s (38m 39s)  36% completed  (36% total)
     Speed:     ev/sec=232.223   simsec/sec=0.999999   ev/simsec=232.223
     Messages:  created: 53546   present: 10   in FES: 6
** Event #428800   t=2322.351351841673   Elapsed: 2322.3s (38m 42s)  36% completed  (36% total)
     Speed:     ev/sec=198.029   simsec/sec=0.999997   ev/simsec=198.029
     Messages:  created: 53609   present: 8   in FES: 5
** Event #429312   t=2324.53138279452   Elapsed: 2324.48s (38m 44s)  36% completed  (36% total)
     Speed:     ev/sec=234.862   simsec/sec=1.00001   ev/simsec=234.859
     Messages:  created: 53673   present: 9   in FES: 6
** Event #429824   t=2326.76820652675   Elapsed: 2326.71s (38m 46s)  36% completed  (36% total)
     Speed:     ev/sec=228.894   simsec/sec=0.99999   ev/simsec=228.896
     Messages:  created: 53738   present: 11   in FES: 7
** Event #430848   t=2328.962949736387   Elapsed: 2328.91s (38m 48s)  36% completed  (36% total)
     Speed:     ev/sec=466.569   simsec/sec=1   ev/simsec=466.569
     Messages:  created: 53869   present: 19   in FES: 7
** Event #431616   t=2331.505788271521   Elapsed: 2331.45s (38m 51s)  37% completed  (37% total)
     Speed:     ev/sec=302.025   simsec/sec=1   ev/simsec=302.025
     Messages:  created: 53961   present: 9   in FES: 6
** Event #432128   t=2333.901998349447   Elapsed: 2333.85s (38m 53s)  37% completed  (37% total)
     Speed:     ev/sec=213.671   simsec/sec=1   ev/simsec=213.671
     Messages:  created: 54025   present: 9   in FES: 6
** Event #432640   t=2336.713096587241   Elapsed: 2336.66s (38m 56s)  37% completed  (37% total)
     Speed:     ev/sec=182.135   simsec/sec=0.999997   ev/simsec=182.135
     Messages:  created: 54089   present: 8   in FES: 5
** Event #433152   t=2339.224244059125   Elapsed: 2339.17s (38m 59s)  37% completed  (37% total)
     Speed:     ev/sec=203.891   simsec/sec=1   ev/simsec=203.891
     Messages:  created: 54153   present: 9   in FES: 6
t=2340.843515 executing setDimmer(1)
** Event #433664   t=2341.324990785583   Elapsed: 2341.27s (39m 01s)  37% completed  (37% total)
     Speed:     ev/sec=243.314   simsec/sec=0.998323   ev/simsec=243.723
     Messages:  created: 54216   present: 8   in FES: 5
** Event #434432   t=2343.736830440443   Elapsed: 2343.68s (39m 03s)  37% completed  (37% total)
     Speed:     ev/sec=318.893   simsec/sec=1.00146   ev/simsec=318.429
     Messages:  created: 54319   present: 26   in FES: 7
** Event #435200   t=2346.082279246358   Elapsed: 2346.04s (39m 06s)  37% completed  (37% total)
     Speed:     ev/sec=325.894   simsec/sec=0.995269   ev/simsec=327.443
     Messages:  created: 54408   present: 8   in FES: 5
** Event #435968   t=2348.929698028616   Elapsed: 2348.87s (39m 08s)  37% completed  (37% total)
     Speed:     ev/sec=270.78   simsec/sec=1.00394   ev/simsec=269.718
     Messages:  created: 54505   present: 10   in FES: 6
** Event #436736   t=2351.328033204191   Elapsed: 2351.28s (39m 11s)  37% completed  (37% total)
     Speed:     ev/sec=319.423   simsec/sec=0.997505   ev/simsec=320.222
     Messages:  created: 54606   present: 24   in FES: 6
** Event #437760   t=2353.839092979651   Elapsed: 2353.78s (39m 13s)  37% completed  (37% total)
     Speed:     ev/sec=408.773   simsec/sec=1.0024   ev/simsec=407.796
     Messages:  created: 54738   present: 35   in FES: 7
** Event #438528   t=2356.550487917745   Elapsed: 2356.53s (39m 16s)  37% completed  (37% total)
     Speed:     ev/sec=280.158   simsec/sec=0.989086   ev/simsec=283.249
     Messages:  created: 54824   present: 8   in FES: 5
** Event #439040   t=2359.751254816968   Elapsed: 2359.7s (39m 19s)  37% completed  (37% total)
     Speed:     ev/sec=161.471   simsec/sec=1.00944   ev/simsec=159.962
     Messages:  created: 54889   present: 10   in FES: 7
** Event #439552   t=2363.247340697092   Elapsed: 2363.19s (39m 23s)  37% completed  (37% total)
     Speed:     ev/sec=146.449   simsec/sec=0.999998   ev/simsec=146.449
     Messages:  created: 54954   present: 13   in FES: 7
** Event #440064   t=2366.022882328124   Elapsed: 2365.98s (39m 25s)  37% completed  (37% total)
     Speed:     ev/sec=183.482   simsec/sec=0.994655   ev/simsec=184.468
     Messages:  created: 55019   present: 16   in FES: 6
** Event #440832   t=2368.502838823586   Elapsed: 2368.45s (39m 28s)  37% completed  (37% total)
     Speed:     ev/sec=311.558   simsec/sec=1.00605   ev/simsec=309.683
     Messages:  created: 55114   present: 12   in FES: 7
** Event #441600   t=2371.279106135973   Elapsed: 2371.29s (39m 31s)  37% completed  (37% total)
     Speed:     ev/sec=270.423   simsec/sec=0.977562   ev/simsec=276.63
     Messages:  created: 55208   present: 8   in FES: 5
** Event #442368   t=2374.346313693385   Elapsed: 2374.31s (39m 34s)  37% completed  (37% total)
     Speed:     ev/sec=254.539   simsec/sec=1.01657   ev/simsec=250.391
     Messages:  created: 55304   present: 8   in FES: 5
** Event #443136   t=2377.025158940242   Elapsed: 2376.97s (39m 36s)  37% completed  (37% total)
     Speed:     ev/sec=288.168   simsec/sec=1.00515   ev/simsec=286.691
     Messages:  created: 55401   present: 11   in FES: 7
** Event #443904   t=2380.110978637422   Elapsed: 2380.06s (39m 40s)  37% completed  (37% total)
     Speed:     ev/sec=248.88   simsec/sec=0.999998   ev/simsec=248.88
     Messages:  created: 55499   present: 15   in FES: 6
** Event #444416   t=2382.399906550374   Elapsed: 2382.37s (39m 42s)  37% completed  (37% total)
     Speed:     ev/sec=221.31   simsec/sec=0.989381   ev/simsec=223.686
     Messages:  created: 55560   present: 8   in FES: 5
** Event #445440   t=2385.166553415579   Elapsed: 2385.11s (39m 45s)  37% completed  (37% total)
     Speed:     ev/sec=373.44   simsec/sec=1.00896   ev/simsec=370.123
     Messages:  created: 55689   present: 10   in FES: 6
** Event #446208   t=2387.598455428291   Elapsed: 2387.54s (39m 47s)  37% completed  (37% total)
     Speed:     ev/sec=315.802   simsec/sec=0.999999   ev/simsec=315.802
     Messages:  created: 55787   present: 15   in FES: 7
** Event #446976   t=2390.075368465605   Elapsed: 2390.02s (39m 50s)  37% completed  (37% total)
     Speed:     ev/sec=310.064   simsec/sec=1   ev/simsec=310.063
     Messages:  created: 55887   present: 27   in FES: 7
** Event #447744   t=2392.44890112022   Elapsed: 2392.39s (39m 52s)  37% completed  (37% total)
     Speed:     ev/sec=323.442   simsec/sec=0.999609   ev/simsec=323.568
     Messages:  created: 55976   present: 8   in FES: 5
** Event #448256   t=2394.475234597303   Elapsed: 2394.42s (39m 54s)  38% completed  (38% total)
     Speed:     ev/sec=252.336   simsec/sec=0.998666   ev/simsec=252.673
     Messages:  created: 56040   present: 8   in FES: 5
** Event #449024   t=2396.480906203324   Elapsed: 2396.43s (39m 56s)  38% completed  (38% total)
     Speed:     ev/sec=383.609   simsec/sec=1.00182   ev/simsec=382.914
     Messages:  created: 56148   present: 39   in FES: 7
** Event #450048   t=2399.054010908691   Elapsed: 2399s (39m 58s)  38% completed  (38% total)
     Speed:     ev/sec=397.963   simsec/sec=1   ev/simsec=397.963
     Messages:  created: 56271   present: 26   in FES: 7
** Event #450816   t=2401.623081256365   Elapsed: 2401.61s (40m 01s)  38% completed  (38% total)
     Speed:     ev/sec=294.269   simsec/sec=0.984373   ev/simsec=298.941
     Messages:  created: 56359   present: 7   in FES: 4
** Event #451584   t=2404.403301365627   Elapsed: 2404.35s (40m 04s)  38% completed  (38% total)
     Speed:     ev/sec=280.35   simsec/sec=1.01489   ev/simsec=276.237
     Messages:  created: 56456   present: 10   in FES: 7
** Event #452352   t=2407.519776571958   Elapsed: 2407.46s (40m 07s)  38% completed  (38% total)
     Speed:     ev/sec=246.432   simsec/sec=0.999998   ev/simsec=246.432
     Messages:  created: 56552   present: 9   in FES: 6
** Event #452864   t=2410.156095859205   Elapsed: 2410.12s (40m 10s)  38% completed  (38% total)
     Speed:     ev/sec=193.126   simsec/sec=0.99442   ev/simsec=194.21
     Messages:  created: 56615   present: 7   in FES: 4
** Event #453120   t=2412.142210669202   Elapsed: 2412.12s (40m 12s)  38% completed  (38% total)
     Speed:     ev/sec=127.446   simsec/sec=0.988758   ev/simsec=128.895
     Messages:  created: 56647   present: 7   in FES: 4
** Event #453632   t=2414.728004850016   Elapsed: 2414.67s (40m 14s)  38% completed  (38% total)
     Speed:     ev/sec=200.777   simsec/sec=1.014   ev/simsec=198.005
     Messages:  created: 56714   present: 15   in FES: 6
** Event #454144   t=2416.958410567532   Elapsed: 2416.9s (40m 16s)  38% completed  (38% total)
     Speed:     ev/sec=229.727   simsec/sec=1.00075   ev/simsec=229.555
     Messages:  created: 56776   present: 10   in FES: 7
** Event #454656   t=2419.793372610453   Elapsed: 2419.74s (40m 19s)  38% completed  (38% total)
     Speed:     ev/sec=180.602   simsec/sec=0.999999   ev/simsec=180.602
     Messages:  created: 56840   present: 9   in FES: 6
** Event #455424   t=2421.994970744637   Elapsed: 2421.95s (40m 21s)  38% completed  (38% total)
     Speed:     ev/sec=346.864   simsec/sec=0.994342   ev/simsec=348.838
     Messages:  created: 56941   present: 23   in FES: 6
** Event #456192   t=2424.683699752579   Elapsed: 2424.63s (40m 24s)  38% completed  (38% total)
     Speed:     ev/sec=286.974   simsec/sec=1.00468   ev/simsec=285.637
     Messages:  created: 57032   present: 9   in FES: 6
** Event #456704   t=2426.90178504165   Elapsed: 2426.85s (40m 26s)  38% completed  (38% total)
     Speed:     ev/sec=230.83   simsec/sec=0.999999   ev/simsec=230.83
     Messages:  created: 57097   present: 12   in FES: 7
** Event #457472   t=2429.112000876242   Elapsed: 2429.06s (40m 29s)  38% completed  (38% total)
     Speed:     ev/sec=347.478   simsec/sec=1   ev/simsec=347.477
     Messages:  created: 57192   present: 10   in FES: 6
** Event #458240   t=2431.66844119986   Elapsed: 2431.61s (40m 31s)  38% completed  (38% total)
     Speed:     ev/sec=300.418   simsec/sec=1   ev/simsec=300.418
     Messages:  created: 57289   present: 11   in FES: 7
** Event #459008   t=2434.165709635215   Elapsed: 2434.11s (40m 34s)  38% completed  (38% total)
     Speed:     ev/sec=307.536   simsec/sec=0.999999   ev/simsec=307.536
     Messages:  created: 57386   present: 14   in FES: 7
** Event #459520   t=2436.323328999957   Elapsed: 2436.27s (40m 36s)  38% completed  (38% total)
     Speed:     ev/sec=237.299   simsec/sec=1   ev/simsec=237.299
     Messages:  created: 57450   present: 14   in FES: 6
** Event #460288   t=2439.208396363701   Elapsed: 2439.15s (40m 39s)  38% completed  (38% total)
     Speed:     ev/sec=266.198   simsec/sec=0.999999   ev/simsec=266.198
     Messages:  created: 57545   present: 13   in FES: 7
** Event #461056   t=2441.981471744791   Elapsed: 2441.93s (40m 41s)  38% completed  (38% total)
     Speed:     ev/sec=276.949   simsec/sec=1   ev/simsec=276.949
     Messages:  created: 57641   present: 12   in FES: 7
** Event #461568   t=2445.696976580785   Elapsed: 2445.64s (40m 45s)  38% completed  (38% total)
     Speed:     ev/sec=137.801   simsec/sec=1   ev/simsec=137.801
     Messages:  created: 57704   present: 9   in FES: 6
** Event #462080   t=2447.887344814568   Elapsed: 2447.83s (40m 47s)  38% completed  (38% total)
     Speed:     ev/sec=233.751   simsec/sec=1   ev/simsec=233.751
     Messages:  created: 57768   present: 9   in FES: 6
** Event #462592   t=2450.578515490079   Elapsed: 2450.52s (40m 50s)  38% completed  (38% total)
     Speed:     ev/sec=190.252   simsec/sec=1   ev/simsec=190.252
     Messages:  created: 57832   present: 9   in FES: 6
** Event #463360   t=2453.203497477171   Elapsed: 2453.16s (40m 53s)  38% completed  (38% total)
     Speed:     ev/sec=291.001   simsec/sec=0.994624   ev/simsec=292.573
     Messages:  created: 57927   present: 7   in FES: 4
** Event #463872   t=2455.586663851686   Elapsed: 2455.53s (40m 55s)  38% completed  (38% total)
     Speed:     ev/sec=216.126   simsec/sec=1.00599   ev/simsec=214.84
     Messages:  created: 57993   present: 12   in FES: 6
** Event #464640   t=2457.647827643235   Elapsed: 2457.6s (40m 57s)  39% completed  (39% total)
     Speed:     ev/sec=370.55   simsec/sec=0.994485   ev/simsec=372.605
     Messages:  created: 58090   present: 15   in FES: 6
** Event #465152   t=2459.668932392235   Elapsed: 2459.65s (40m 59s)  39% completed  (39% total)
     Speed:     ev/sec=250.468   simsec/sec=0.988716   ev/simsec=253.327
     Messages:  created: 58151   present: 7   in FES: 4
** Event #465920   t=2462.085985606919   Elapsed: 2462.03s (41m 02s)  39% completed  (39% total)
     Speed:     ev/sec=322.342   simsec/sec=1.01448   ev/simsec=317.742
     Messages:  created: 58251   present: 18   in FES: 7
** Event #466688   t=2464.105922330376   Elapsed: 2464.05s (41m 04s)  39% completed  (39% total)
     Speed:     ev/sec=380.21   simsec/sec=1   ev/simsec=380.21
     Messages:  created: 58346   present: 17   in FES: 7
** Event #467456   t=2466.470004227734   Elapsed: 2466.43s (41m 06s)  39% completed  (39% total)
     Speed:     ev/sec=323.116   simsec/sec=0.994625   ev/simsec=324.862
     Messages:  created: 58441   present: 14   in FES: 6
** Event #467968   t=2468.516744594989   Elapsed: 2468.46s (41m 08s)  39% completed  (39% total)
     Speed:     ev/sec=251.725   simsec/sec=1.00628   ev/simsec=250.154
     Messages:  created: 58503   present: 8   in FES: 5
** Event #468736   t=2471.062068796167   Elapsed: 2471.02s (41m 11s)  39% completed  (39% total)
     Speed:     ev/sec=300.28   simsec/sec=0.995197   ev/simsec=301.73
     Messages:  created: 58601   present: 14   in FES: 6
** Event #469504   t=2473.218234906666   Elapsed: 2473.16s (41m 13s)  39% completed  (39% total)
     Speed:     ev/sec=358.229   simsec/sec=1.00573   ev/simsec=356.188
     Messages:  created: 58696   present: 11   in FES: 7
** Event #470016   t=2475.573214782847   Elapsed: 2475.52s (41m 15s)  39% completed  (39% total)
     Speed:     ev/sec=217.403   simsec/sec=0.999961   ev/simsec=217.412
     Messages:  created: 58759   present: 8   in FES: 5
** Event #470528   t=2478.777895737351   Elapsed: 2478.72s (41m 18s)  39% completed  (39% total)
     Speed:     ev/sec=159.771   simsec/sec=1.00003   ev/simsec=159.766
     Messages:  created: 58823   present: 9   in FES: 6
** Event #471040   t=2481.12336977081   Elapsed: 2481.07s (41m 21s)  39% completed  (39% total)
     Speed:     ev/sec=218.293   simsec/sec=1   ev/simsec=218.293
     Messages:  created: 58888   present: 10   in FES: 6
** Event #471552   t=2483.280768506172   Elapsed: 2483.23s (41m 23s)  39% completed  (39% total)
     Speed:     ev/sec=237.323   simsec/sec=1   ev/simsec=237.323
     Messages:  created: 58952   present: 10   in FES: 7
** Event #472064   t=2485.624458402489   Elapsed: 2485.57s (41m 25s)  39% completed  (39% total)
     Speed:     ev/sec=218.458   simsec/sec=0.999998   ev/simsec=218.459
     Messages:  created: 59016   present: 11   in FES: 7
** Event #472832   t=2487.922111981231   Elapsed: 2487.87s (41m 27s)  39% completed  (39% total)
     Speed:     ev/sec=334.255   simsec/sec=1   ev/simsec=334.254
     Messages:  created: 59115   present: 19   in FES: 7
** Event #473344   t=2489.936440227826   Elapsed: 2489.88s (41m 29s)  39% completed  (39% total)
     Speed:     ev/sec=254.179   simsec/sec=0.999999   ev/simsec=254.179
     Messages:  created: 59176   present: 10   in FES: 7
** Event #473856   t=2491.939353463057   Elapsed: 2491.88s (41m 31s)  39% completed  (39% total)
     Speed:     ev/sec=255.627   simsec/sec=0.999999   ev/simsec=255.628
     Messages:  created: 59239   present: 9   in FES: 6
** Event #474624   t=2494.98083189864   Elapsed: 2494.93s (41m 34s)  39% completed  (39% total)
     Speed:     ev/sec=252.509   simsec/sec=1   ev/simsec=252.509
     Messages:  created: 59337   present: 13   in FES: 7
** Event #475392   t=2497.859433922206   Elapsed: 2497.8s (41m 37s)  39% completed  (39% total)
     Speed:     ev/sec=266.796   simsec/sec=0.999999   ev/simsec=266.796
     Messages:  created: 59432   present: 12   in FES: 7
** Event #476160   t=2501.078238341596   Elapsed: 2501.02s (41m 41s)  39% completed  (39% total)
     Speed:     ev/sec=238.594   simsec/sec=0.999985   ev/simsec=238.598
     Messages:  created: 59527   present: 8   in FES: 5
** Event #476672   t=2503.36405263572   Elapsed: 2503.31s (41m 43s)  39% completed  (39% total)
     Speed:     ev/sec=223.995   simsec/sec=1.00002   ev/simsec=223.99
     Messages:  created: 59592   present: 10   in FES: 6
** Event #477440   t=2505.622256390683   Elapsed: 2505.57s (41m 45s)  39% completed  (39% total)
     Speed:     ev/sec=340.094   simsec/sec=1   ev/simsec=340.093
     Messages:  created: 59691   present: 19   in FES: 7
** Event #478208   t=2508.342692773213   Elapsed: 2508.29s (41m 48s)  39% completed  (39% total)
     Speed:     ev/sec=282.307   simsec/sec=0.999999   ev/simsec=282.308
     Messages:  created: 59783   present: 9   in FES: 6
** Event #478720   t=2511.656503626217   Elapsed: 2511.61s (41m 51s)  39% completed  (39% total)
     Speed:     ev/sec=154.066   simsec/sec=0.99716   ev/simsec=154.505
     Messages:  created: 59849   present: 14   in FES: 6
** Event #479488   t=2513.784669576684   Elapsed: 2513.73s (41m 53s)  39% completed  (39% total)
     Speed:     ev/sec=362.481   simsec/sec=1.00445   ev/simsec=360.874
     Messages:  created: 59948   present: 21   in FES: 7
** Event #480512   t=2516.104194001434   Elapsed: 2516.05s (41m 56s)  39% completed  (39% total)
     Speed:     ev/sec=441.47   simsec/sec=1   ev/simsec=441.47
     Messages:  created: 60088   present: 53   in FES: 7
** Event #481280   t=2518.209607231591   Elapsed: 2518.15s (41m 58s)  39% completed  (39% total)
     Speed:     ev/sec=364.775   simsec/sec=1   ev/simsec=364.774
     Messages:  created: 60168   present: 11   in FES: 7
** Event #482048   t=2520.722902528916   Elapsed: 2520.67s (42m 00s)  40% completed  (40% total)
     Speed:     ev/sec=305.575   simsec/sec=1   ev/simsec=305.575
     Messages:  created: 60264   present: 11   in FES: 7
** Event #482560   t=2522.931455133628   Elapsed: 2522.88s (42m 02s)  40% completed  (40% total)
     Speed:     ev/sec=231.825   simsec/sec=0.999996   ev/simsec=231.826
     Messages:  created: 60326   present: 8   in FES: 5
** Event #483328   t=2525.205186795297   Elapsed: 2525.15s (42m 05s)  40% completed  (40% total)
     Speed:     ev/sec=337.771   simsec/sec=1   ev/simsec=337.771
     Messages:  created: 60424   present: 12   in FES: 6
** Event #484096   t=2527.753342331964   Elapsed: 2527.7s (42m 07s)  40% completed  (40% total)
     Speed:     ev/sec=301.395   simsec/sec=1   ev/simsec=301.394
     Messages:  created: 60525   present: 27   in FES: 7
** Event #484864   t=2530.374848226415   Elapsed: 2530.32s (42m 10s)  40% completed  (40% total)
     Speed:     ev/sec=292.961   simsec/sec=0.999999   ev/simsec=292.961
     Messages:  created: 60615   present: 10   in FES: 6
** Event #485632   t=2533.551818448189   Elapsed: 2533.5s (42m 13s)  40% completed  (40% total)
     Speed:     ev/sec=241.739   simsec/sec=0.999997   ev/simsec=241.74
     Messages:  created: 60710   present: 8   in FES: 5
** Event #486144   t=2535.863084892955   Elapsed: 2535.81s (42m 15s)  40% completed  (40% total)
     Speed:     ev/sec=221.524   simsec/sec=1   ev/simsec=221.524
     Messages:  created: 60775   present: 9   in FES: 6
** Event #486656   t=2537.918560198022   Elapsed: 2537.86s (42m 17s)  40% completed  (40% total)
     Speed:     ev/sec=249.091   simsec/sec=1   ev/simsec=249.091
     Messages:  created: 60840   present: 12   in FES: 7
** Event #487168   t=2540.432166805731   Elapsed: 2540.38s (42m 20s)  40% completed  (40% total)
     Speed:     ev/sec=203.691   simsec/sec=1   ev/simsec=203.691
     Messages:  created: 60905   present: 16   in FES: 7
** Event #487936   t=2542.858954904191   Elapsed: 2542.8s (42m 22s)  40% completed  (40% total)
     Speed:     ev/sec=316.468   simsec/sec=1   ev/simsec=316.468
     Messages:  created: 61002   present: 19   in FES: 7
** Event #488704   t=2545.416608135777   Elapsed: 2545.36s (42m 25s)  40% completed  (40% total)
     Speed:     ev/sec=300.275   simsec/sec=1   ev/simsec=300.275
     Messages:  created: 61097   present: 16   in FES: 7
** Event #489472   t=2547.764655885206   Elapsed: 2547.71s (42m 27s)  40% completed  (40% total)
     Speed:     ev/sec=326.666   simsec/sec=0.998733   ev/simsec=327.08
     Messages:  created: 61192   present: 13   in FES: 6
** Event #490496   t=2550.202414068641   Elapsed: 2550.15s (42m 30s)  40% completed  (40% total)
     Speed:     ev/sec=420.572   simsec/sec=1.00122   ev/simsec=420.058
     Messages:  created: 61323   present: 20   in FES: 7
** Event #491520   t=2552.553656030652   Elapsed: 2552.5s (42m 32s)  40% completed  (40% total)
     Speed:     ev/sec=435.514   simsec/sec=0.999999   ev/simsec=435.515
     Messages:  created: 61456   present: 35   in FES: 7
** Event #492544   t=2555.574076511825   Elapsed: 2555.52s (42m 35s)  40% completed  (40% total)
     Speed:     ev/sec=339.026   simsec/sec=1   ev/simsec=339.026
     Messages:  created: 61581   present: 27   in FES: 7
** Event #493056   t=2558.171404789087   Elapsed: 2558.12s (42m 38s)  40% completed  (40% total)
     Speed:     ev/sec=197.125   simsec/sec=0.999999   ev/simsec=197.126
     Messages:  created: 61639   present: 9   in FES: 6
** Event #493824   t=2560.186169912456   Elapsed: 2560.13s (42m 40s)  40% completed  (40% total)
     Speed:     ev/sec=381.186   simsec/sec=1   ev/simsec=381.186
     Messages:  created: 61746   present: 40   in FES: 7
** Event #495104   t=2562.302400685277   Elapsed: 2562.25s (42m 42s)  40% completed  (40% total)
     Speed:     ev/sec=602.759   simsec/sec=0.996544   ev/simsec=604.849
     Messages:  created: 61953   present: 165   in FES: 6
** Event #495872   t=2564.514172168456   Elapsed: 2564.46s (42m 44s)  40% completed  (40% total)
     Speed:     ev/sec=348.389   simsec/sec=1.00333   ev/simsec=347.233
     Messages:  created: 62041   present: 143   in FES: 7
** Event #496640   t=2567.166887217115   Elapsed: 2567.14s (42m 47s)  40% completed  (40% total)
     Speed:     ev/sec=286.926   simsec/sec=0.99106   ev/simsec=289.515
     Messages:  created: 62091   present: 21   in FES: 6
** Event #497408   t=2570.363696231079   Elapsed: 2570.31s (42m 50s)  40% completed  (40% total)
     Speed:     ev/sec=242.051   simsec/sec=1.00754   ev/simsec=240.24
     Messages:  created: 62183   present: 9   in FES: 6
** Event #497920   t=2573.111954101062   Elapsed: 2573.06s (42m 53s)  40% completed  (40% total)
     Speed:     ev/sec=186.3   simsec/sec=1   ev/simsec=186.3
     Messages:  created: 62246   present: 8   in FES: 5
** Event #498432   t=2575.755342731973   Elapsed: 2575.7s (42m 55s)  40% completed  (40% total)
     Speed:     ev/sec=193.691   simsec/sec=1   ev/simsec=193.691
     Messages:  created: 62311   present: 10   in FES: 7
** Event #498944   t=2578.524475314966   Elapsed: 2578.47s (42m 58s)  40% completed  (40% total)
     Speed:     ev/sec=184.895   simsec/sec=0.999999   ev/simsec=184.895
     Messages:  created: 62375   present: 10   in FES: 7
** Event #499712   t=2580.543999478296   Elapsed: 2580.49s (43m 00s)  40% completed  (40% total)
     Speed:     ev/sec=380.287   simsec/sec=0.999999   ev/simsec=380.288
     Messages:  created: 62472   present: 13   in FES: 7
** Event #500224   t=2582.867030251744   Elapsed: 2582.81s (43m 02s)  40% completed  (40% total)
     Speed:     ev/sec=220.402   simsec/sec=1   ev/simsec=220.402
     Messages:  created: 62537   present: 16   in FES: 7
** Event #500736   t=2585.123167225184   Elapsed: 2585.07s (43m 05s)  41% completed  (41% total)
     Speed:     ev/sec=226.936   simsec/sec=0.999999   ev/simsec=226.937
     Messages:  created: 62598   present: 9   in FES: 6
** Event #501504   t=2587.907451355156   Elapsed: 2587.85s (43m 07s)  41% completed  (41% total)
     Speed:     ev/sec=275.834   simsec/sec=1   ev/simsec=275.834
     Messages:  created: 62694   present: 10   in FES: 6
** Event #502272   t=2590.672258034065   Elapsed: 2590.62s (43m 10s)  41% completed  (41% total)
     Speed:     ev/sec=277.776   simsec/sec=0.999998   ev/simsec=277.777
     Messages:  created: 62794   present: 19   in FES: 7
** Event #503040   t=2592.674665870278   Elapsed: 2592.62s (43m 12s)  41% completed  (41% total)
     Speed:     ev/sec=383.538   simsec/sec=1   ev/simsec=383.538
     Messages:  created: 62893   present: 28   in FES: 6
** Event #503808   t=2595.885621902504   Elapsed: 2595.83s (43m 15s)  41% completed  (41% total)
     Speed:     ev/sec=239.181   simsec/sec=1   ev/simsec=239.181
     Messages:  created: 62982   present: 9   in FES: 6
** Event #504576   t=2598.502764622309   Elapsed: 2598.45s (43m 18s)  41% completed  (41% total)
     Speed:     ev/sec=293.45   simsec/sec=1   ev/simsec=293.45
     Messages:  created: 63078   present: 8   in FES: 5
** Event #505344   t=2600.72366432245   Elapsed: 2600.67s (43m 20s)  41% completed  (41% total)
     Speed:     ev/sec=345.806   simsec/sec=1   ev/simsec=345.806
     Messages:  created: 63176   present: 14   in FES: 7
** Event #506112   t=2603.206835251213   Elapsed: 2603.15s (43m 23s)  41% completed  (41% total)
     Speed:     ev/sec=309.282   simsec/sec=0.999999   ev/simsec=309.282
     Messages:  created: 63270   present: 8   in FES: 5
** Event #506880   t=2605.274742094588   Elapsed: 2605.24s (43m 25s)  41% completed  (41% total)
     Speed:     ev/sec=367.663   simsec/sec=0.989964   ev/simsec=371.39
     Messages:  created: 63370   present: 20   in FES: 5
** Event #507392   t=2608.032896266527   Elapsed: 2607.98s (43m 27s)  41% completed  (41% total)
     Speed:     ev/sec=187.053   simsec/sec=1.00766   ev/simsec=185.631
     Messages:  created: 63430   present: 8   in FES: 5
** Event #508160   t=2610.246918817869   Elapsed: 2610.19s (43m 30s)  41% completed  (41% total)
     Speed:     ev/sec=346.88   simsec/sec=1   ev/simsec=346.88
     Messages:  created: 63528   present: 14   in FES: 6
** Event #509184   t=2612.623801879946   Elapsed: 2612.58s (43m 32s)  41% completed  (41% total)
     Speed:     ev/sec=429.179   simsec/sec=0.9962   ev/simsec=430.816
     Messages:  created: 63673   present: 60   in FES: 6
** Event #509952   t=2614.955234499614   Elapsed: 2614.9s (43m 34s)  41% completed  (41% total)
     Speed:     ev/sec=330.698   simsec/sec=1.00391   ev/simsec=329.411
     Messages:  created: 63753   present: 18   in FES: 6
** Event #510720   t=2617.108477678132   Elapsed: 2617.05s (43m 37s)  41% completed  (41% total)
     Speed:     ev/sec=356.67   simsec/sec=0.999998   ev/simsec=356.671
     Messages:  created: 63851   present: 23   in FES: 7
** Event #511744   t=2619.750936320743   Elapsed: 2619.7s (43m 39s)  41% completed  (41% total)
     Speed:     ev/sec=387.518   simsec/sec=0.999999   ev/simsec=387.518
     Messages:  created: 63980   present: 25   in FES: 7
** Event #512512   t=2621.803164883012   Elapsed: 2621.75s (43m 41s)  41% completed  (41% total)
     Speed:     ev/sec=374.227   simsec/sec=1   ev/simsec=374.227
     Messages:  created: 64076   present: 25   in FES: 7
** Event #513280   t=2624.00385554357   Elapsed: 2623.97s (43m 43s)  41% completed  (41% total)
     Speed:     ev/sec=345.212   simsec/sec=0.989198   ev/simsec=348.981
     Messages:  created: 64167   present: 12   in FES: 5
** Event #514048   t=2626.862923787647   Elapsed: 2626.81s (43m 46s)  41% completed  (41% total)
     Speed:     ev/sec=270.896   simsec/sec=1.00848   ev/simsec=268.619
     Messages:  created: 64263   present: 11   in FES: 7
** Event #515072   t=2629.131270258789   Elapsed: 2629.08s (43m 49s)  41% completed  (41% total)
     Speed:     ev/sec=451.431   simsec/sec=1   ev/simsec=451.43
     Messages:  created: 64402   present: 42   in FES: 7
** Event #515840   t=2631.598491160373   Elapsed: 2631.54s (43m 51s)  41% completed  (41% total)
     Speed:     ev/sec=311.281   simsec/sec=1   ev/simsec=311.281
     Messages:  created: 64486   present: 8   in FES: 5
** Event #516352   t=2633.758998659415   Elapsed: 2633.7s (43m 53s)  41% completed  (41% total)
     Speed:     ev/sec=236.981   simsec/sec=0.999999   ev/simsec=236.981
     Messages:  created: 64550   present: 10   in FES: 6
** Event #517120   t=2636.665394825382   Elapsed: 2636.61s (43m 56s)  41% completed  (41% total)
     Speed:     ev/sec=264.242   simsec/sec=0.999989   ev/simsec=264.245
     Messages:  created: 64646   present: 8   in FES: 5
** Event #517632   t=2638.946185590243   Elapsed: 2638.89s (43m 58s)  41% completed  (41% total)
     Speed:     ev/sec=224.487   simsec/sec=1.00002   ev/simsec=224.484
     Messages:  created: 64710   present: 10   in FES: 6
** Event #518400   t=2641.18739165939   Elapsed: 2641.13s (44m 01s)  41% completed  (41% total)
     Speed:     ev/sec=342.673   simsec/sec=1   ev/simsec=342.673
     Messages:  created: 64808   present: 15   in FES: 7
** Event #519424   t=2643.747246182515   Elapsed: 2643.69s (44m 03s)  41% completed  (41% total)
     Speed:     ev/sec=400.023   simsec/sec=1   ev/simsec=400.023
     Messages:  created: 64939   present: 25   in FES: 7
** Event #520192   t=2646.349466765664   Elapsed: 2646.3s (44m 06s)  42% completed  (42% total)
     Speed:     ev/sec=295.006   simsec/sec=0.99957   ev/simsec=295.133
     Messages:  created: 65030   present: 11   in FES: 5
** Event #520960   t=2648.560927781221   Elapsed: 2648.51s (44m 08s)  42% completed  (42% total)
     Speed:     ev/sec=347.457   simsec/sec=1.0005   ev/simsec=347.282
     Messages:  created: 65131   present: 25   in FES: 7
** Event #521728   t=2651.280966774969   Elapsed: 2651.23s (44m 11s)  42% completed  (42% total)
     Speed:     ev/sec=282.348   simsec/sec=0.999999   ev/simsec=282.349
     Messages:  created: 65221   present: 9   in FES: 6
** Event #522240   t=2653.43738177938   Elapsed: 2653.38s (44m 13s)  42% completed  (42% total)
     Speed:     ev/sec=237.434   simsec/sec=1.00001   ev/simsec=237.431
     Messages:  created: 65285   present: 8   in FES: 5
** Event #523008   t=2656.077923235405   Elapsed: 2656.02s (44m 16s)  42% completed  (42% total)
     Speed:     ev/sec=290.847   simsec/sec=0.999991   ev/simsec=290.849
     Messages:  created: 65382   present: 10   in FES: 7
** Event #523264   t=2658.220747601516   Elapsed: 2658.17s (44m 18s)  42% completed  (42% total)
     Speed:     ev/sec=119.468   simsec/sec=1   ev/simsec=119.468
     Messages:  created: 65414   present: 10   in FES: 7
** Event #524032   t=2660.780323429684   Elapsed: 2660.73s (44m 20s)  42% completed  (42% total)
     Speed:     ev/sec=299.161   simsec/sec=0.997038   ev/simsec=300.05
     Messages:  created: 65510   present: 11   in FES: 6
** Event #524800   t=2663.715602906192   Elapsed: 2663.66s (44m 23s)  42% completed  (42% total)
     Speed:     ev/sec=262.324   simsec/sec=1.0026   ev/simsec=261.645
     Messages:  created: 65605   present: 8   in FES: 5
** Event #525824   t=2666.308513471761   Elapsed: 2666.26s (44m 26s)  42% completed  (42% total)
     Speed:     ev/sec=394.583   simsec/sec=0.99914   ev/simsec=394.923
     Messages:  created: 65737   present: 19   in FES: 6
** Event #526592   t=2668.463570429145   Elapsed: 2668.41s (44m 28s)  42% completed  (42% total)
     Speed:     ev/sec=356.742   simsec/sec=1.00104   ev/simsec=356.371
     Messages:  created: 65832   present: 16   in FES: 7
** Event #527360   t=2670.495057423907   Elapsed: 2670.44s (44m 30s)  42% completed  (42% total)
     Speed:     ev/sec=378.049   simsec/sec=1   ev/simsec=378.048
     Messages:  created: 65930   present: 22   in FES: 7
** Event #528128   t=2672.792698439848   Elapsed: 2672.74s (44m 32s)  42% completed  (42% total)
     Speed:     ev/sec=334.255   simsec/sec=0.999997   ev/simsec=334.256
     Messages:  created: 66024   present: 16   in FES: 7
** Event #528896   t=2674.805737714332   Elapsed: 2674.75s (44m 34s)  42% completed  (42% total)
     Speed:     ev/sec=381.513   simsec/sec=1   ev/simsec=381.513
     Messages:  created: 66128   present: 37   in FES: 7
** Event #529664   t=2676.948646135527   Elapsed: 2676.89s (44m 36s)  42% completed  (42% total)
     Speed:     ev/sec=358.392   simsec/sec=1   ev/simsec=358.391
     Messages:  created: 66216   present: 16   in FES: 7
** Event #530432   t=2679.908954601163   Elapsed: 2679.85s (44m 39s)  42% completed  (42% total)
     Speed:     ev/sec=259.432   simsec/sec=0.999999   ev/simsec=259.432
     Messages:  created: 66309   present: 8   in FES: 5
** Event #531200   t=2682.496932681814   Elapsed: 2682.44s (44m 42s)  42% completed  (42% total)
     Speed:     ev/sec=296.757   simsec/sec=1   ev/simsec=296.757
     Messages:  created: 66405   present: 9   in FES: 6
** Event #531712   t=2685.083534054381   Elapsed: 2685.03s (44m 45s)  42% completed  (42% total)
     Speed:     ev/sec=197.936   simsec/sec=0.999965   ev/simsec=197.943
     Messages:  created: 66469   present: 8   in FES: 5
** Event #532224   t=2687.217099235795   Elapsed: 2687.16s (44m 47s)  42% completed  (42% total)
     Speed:     ev/sec=239.984   simsec/sec=1.00004   ev/simsec=239.974
     Messages:  created: 66534   present: 10   in FES: 7
** Event #532992   t=2689.675099578462   Elapsed: 2689.63s (44m 49s)  42% completed  (42% total)
     Speed:     ev/sec=311.362   simsec/sec=0.996522   ev/simsec=312.449
     Messages:  created: 66630   present: 11   in FES: 6
** Event #533760   t=2692.146867729881   Elapsed: 2692.09s (44m 52s)  42% completed  (42% total)
     Speed:     ev/sec=311.79   simsec/sec=1.00348   ev/simsec=310.709
     Messages:  created: 66732   present: 27   in FES: 6
** Event #534784   t=2694.868132034554   Elapsed: 2694.81s (44m 54s)  42% completed  (42% total)
     Speed:     ev/sec=376.297   simsec/sec=1   ev/simsec=376.296
     Messages:  created: 66858   present: 21   in FES: 7
** Event #535808   t=2696.969333540005   Elapsed: 2696.91s (44m 56s)  42% completed  (42% total)
     Speed:     ev/sec=487.34   simsec/sec=0.999999   ev/simsec=487.34
     Messages:  created: 67001   present: 61   in FES: 7
** Event #536832   t=2699.445556407726   Elapsed: 2699.41s (44m 59s)  42% completed  (42% total)
     Speed:     ev/sec=410.262   simsec/sec=0.992091   ev/simsec=413.533
     Messages:  created: 67143   present: 99   in FES: 6
** Event #537856   t=2701.756926133317   Elapsed: 2701.7s (45m 01s)  42% completed  (42% total)
     Speed:     ev/sec=446.844   simsec/sec=1.00861   ev/simsec=443.027
     Messages:  created: 67282   present: 129   in FES: 7
** Event #538880   t=2704.174300324343   Elapsed: 2704.12s (45m 04s)  42% completed  (42% total)
     Speed:     ev/sec=422.964   simsec/sec=0.998497   ev/simsec=423.6
     Messages:  created: 67410   present: 130   in FES: 6
** Event #540160   t=2706.849871619277   Elapsed: 2706.79s (45m 06s)  42% completed  (42% total)
     Speed:     ev/sec=479.054   simsec/sec=1.00136   ev/simsec=478.403
     Messages:  created: 67604   present: 215   in FES: 7
** Event #541184   t=2709.358746714422   Elapsed: 2709.3s (45m 09s)  43% completed  (43% total)
     Speed:     ev/sec=408.152   simsec/sec=1   ev/simsec=408.151
     Messages:  created: 67736   present: 224   in FES: 7
** Event #542464   t=2712.21103862541   Elapsed: 2712.16s (45m 12s)  43% completed  (43% total)
     Speed:     ev/sec=448.761   simsec/sec=0.999999   ev/simsec=448.762
     Messages:  created: 67916   present: 265   in FES: 7
** Event #543232   t=2714.547452732778   Elapsed: 2714.49s (45m 14s)  43% completed  (43% total)
     Speed:     ev/sec=328.709   simsec/sec=1   ev/simsec=328.709
     Messages:  created: 68000   present: 241   in FES: 7
** Event #544256   t=2717.104398800074   Elapsed: 2717.05s (45m 17s)  43% completed  (43% total)
     Speed:     ev/sec=400.478   simsec/sec=1   ev/simsec=400.478
     Messages:  created: 68120   present: 223   in FES: 7
** Event #545280   t=2719.566766295482   Elapsed: 2719.51s (45m 19s)  43% completed  (43% total)
     Speed:     ev/sec=415.86   simsec/sec=0.999999   ev/simsec=415.86
     Messages:  created: 68247   present: 223   in FES: 7
** Event #546304   t=2721.728791363562   Elapsed: 2721.67s (45m 21s)  43% completed  (43% total)
     Speed:     ev/sec=473.63   simsec/sec=1   ev/simsec=473.63
     Messages:  created: 68369   present: 210   in FES: 7
** Event #547328   t=2723.782708129169   Elapsed: 2723.73s (45m 23s)  43% completed  (43% total)
     Speed:     ev/sec=498.561   simsec/sec=1   ev/simsec=498.56
     Messages:  created: 68518   present: 253   in FES: 7
** Event #548352   t=2726.192131639335   Elapsed: 2726.14s (45m 26s)  43% completed  (43% total)
     Speed:     ev/sec=424.997   simsec/sec=0.999999   ev/simsec=424.998
     Messages:  created: 68652   present: 265   in FES: 7
** Event #549376   t=2728.362381884191   Elapsed: 2728.31s (45m 28s)  43% completed  (43% total)
     Speed:     ev/sec=471.835   simsec/sec=0.999999   ev/simsec=471.835
     Messages:  created: 68806   present: 317   in FES: 7
** Event #550400   t=2731.034784258436   Elapsed: 2730.98s (45m 30s)  43% completed  (43% total)
     Speed:     ev/sec=383.175   simsec/sec=0.999998   ev/simsec=383.176
     Messages:  created: 68941   present: 332   in FES: 7
** Event #551168   t=2733.103008556647   Elapsed: 2733.05s (45m 33s)  43% completed  (43% total)
     Speed:     ev/sec=371.334   simsec/sec=1   ev/simsec=371.333
     Messages:  created: 69020   present: 298   in FES: 7
** Event #552192   t=2735.285782239967   Elapsed: 2735.23s (45m 35s)  43% completed  (43% total)
     Speed:     ev/sec=469.127   simsec/sec=0.999999   ev/simsec=469.128
     Messages:  created: 69168   present: 338   in FES: 7
** Event #552960   t=2737.398513786301   Elapsed: 2737.34s (45m 37s)  43% completed  (43% total)
     Speed:     ev/sec=363.511   simsec/sec=1   ev/simsec=363.51
     Messages:  created: 69261   present: 332   in FES: 7
** Event #553984   t=2739.939251129324   Elapsed: 2739.88s (45m 39s)  43% completed  (43% total)
     Speed:     ev/sec=403.033   simsec/sec=1   ev/simsec=403.033
     Messages:  created: 69381   present: 315   in FES: 7
** Event #554752   t=2742.434745550031   Elapsed: 2742.38s (45m 42s)  43% completed  (43% total)
     Speed:     ev/sec=307.755   simsec/sec=1   ev/simsec=307.755
     Messages:  created: 69463   present: 288   in FES: 7
** Event #555520   t=2744.599247260467   Elapsed: 2744.54s (45m 44s)  43% completed  (43% total)
     Speed:     ev/sec=354.816   simsec/sec=1   ev/simsec=354.816
     Messages:  created: 69527   present: 224   in FES: 7
** Event #556288   t=2746.97959431059   Elapsed: 2746.94s (45m 46s)  43% completed  (43% total)
     Speed:     ev/sec=320.394   simsec/sec=0.993034   ev/simsec=322.642
     Messages:  created: 69601   present: 170   in FES: 6
** Event #557312   t=2749.599191777851   Elapsed: 2749.54s (45m 49s)  43% completed  (43% total)
     Speed:     ev/sec=393.408   simsec/sec=1.00642   ev/simsec=390.9
     Messages:  created: 69713   present: 127   in FES: 7
** Event #558080   t=2751.619400559847   Elapsed: 2751.56s (45m 51s)  43% completed  (43% total)
     Speed:     ev/sec=380.166   simsec/sec=1.00002   ev/simsec=380.159
     Messages:  created: 69797   present: 95   in FES: 7
** Event #559104   t=2754.05799683419   Elapsed: 2754s (45m 54s)  43% completed  (43% total)
     Speed:     ev/sec=419.906   simsec/sec=0.999982   ev/simsec=419.914
     Messages:  created: 69916   present: 71   in FES: 7
** Event #560128   t=2756.704468929288   Elapsed: 2756.65s (45m 56s)  43% completed  (43% total)
     Speed:     ev/sec=386.931   simsec/sec=1   ev/simsec=386.93
     Messages:  created: 70041   present: 64   in FES: 7
** Event #560896   t=2758.742002732246   Elapsed: 2758.69s (45m 58s)  43% completed  (43% total)
     Speed:     ev/sec=376.927   simsec/sec=1   ev/simsec=376.926
     Messages:  created: 70128   present: 38   in FES: 7
t=2760.843523 executing addServer()
adding server with latency=60
** Event #561664   t=2761.128919649867   Elapsed: 2761.07s (46m 01s)  43% completed  (43% total)
     Speed:     ev/sec=321.754   simsec/sec=1   ev/simsec=321.754
     Messages:  created: 70214   present: 12   in FES: 8
** Event #562432   t=2763.238582595323   Elapsed: 2763.18s (46m 03s)  43% completed  (43% total)
     Speed:     ev/sec=364.038   simsec/sec=0.999998   ev/simsec=364.039
     Messages:  created: 70322   present: 43   in FES: 8
** Event #563456   t=2765.257833192823   Elapsed: 2765.2s (46m 05s)  43% completed  (43% total)
     Speed:     ev/sec=507.12   simsec/sec=1   ev/simsec=507.119
     Messages:  created: 70462   present: 75   in FES: 8
** Event #564480   t=2767.659983301209   Elapsed: 2767.61s (46m 07s)  43% completed  (43% total)
     Speed:     ev/sec=426.285   simsec/sec=1   ev/simsec=426.285
     Messages:  created: 70577   present: 41   in FES: 8
** Event #565504   t=2770.4826910444   Elapsed: 2770.43s (46m 10s)  43% completed  (43% total)
     Speed:     ev/sec=362.772   simsec/sec=0.999998   ev/simsec=362.772
     Messages:  created: 70696   present: 17   in FES: 7
** Event #566528   t=2772.632685608546   Elapsed: 2772.58s (46m 12s)  44% completed  (44% total)
     Speed:     ev/sec=476.281   simsec/sec=1   ev/simsec=476.28
     Messages:  created: 70843   present: 68   in FES: 8
** Event #567552   t=2775.128917083076   Elapsed: 2775.09s (46m 15s)  44% completed  (44% total)
     Speed:     ev/sec=407.769   simsec/sec=0.99403   ev/simsec=410.218
     Messages:  created: 70978   present: 86   in FES: 7
** Event #568320   t=2777.402310704337   Elapsed: 2777.35s (46m 17s)  44% completed  (44% total)
     Speed:     ev/sec=340.063   simsec/sec=1.00664   ev/simsec=337.821
     Messages:  created: 71057   present: 40   in FES: 8
** Event #569088   t=2779.758840079925   Elapsed: 2779.7s (46m 19s)  44% completed  (44% total)
     Speed:     ev/sec=325.903   simsec/sec=1   ev/simsec=325.903
     Messages:  created: 71148   present: 27   in FES: 8
** Event #570368   t=2782.19769147491   Elapsed: 2782.14s (46m 22s)  44% completed  (44% total)
     Speed:     ev/sec=524.837   simsec/sec=1   ev/simsec=524.837
     Messages:  created: 71326   present: 74   in FES: 8
** Event #571392   t=2784.834380869842   Elapsed: 2784.78s (46m 24s)  44% completed  (44% total)
     Speed:     ev/sec=388.366   simsec/sec=1   ev/simsec=388.366
     Messages:  created: 71454   present: 75   in FES: 8
** Event #572416   t=2787.507182554095   Elapsed: 2787.45s (46m 27s)  44% completed  (44% total)
     Speed:     ev/sec=383.119   simsec/sec=1   ev/simsec=383.119
     Messages:  created: 71572   present: 48   in FES: 8
** Event #573184   t=2789.628212855519   Elapsed: 2789.6s (46m 29s)  44% completed  (44% total)
     Speed:     ev/sec=357.88   simsec/sec=0.988377   ev/simsec=362.088
     Messages:  created: 71655   present: 14   in FES: 7
** Event #573696   t=2791.696127294269   Elapsed: 2791.64s (46m 31s)  44% completed  (44% total)
     Speed:     ev/sec=250.615   simsec/sec=1.01221   ev/simsec=247.592
     Messages:  created: 71719   present: 13   in FES: 8
** Event #574464   t=2794.184964220393   Elapsed: 2794.13s (46m 34s)  44% completed  (44% total)
     Speed:     ev/sec=308.578   simsec/sec=1   ev/simsec=308.578
     Messages:  created: 71817   present: 20   in FES: 8
** Event #575488   t=2796.813086804874   Elapsed: 2796.76s (46m 36s)  44% completed  (44% total)
     Speed:     ev/sec=389.63   simsec/sec=0.999996   ev/simsec=389.632
     Messages:  created: 71944   present: 16   in FES: 8
** Event #576512   t=2798.905516723343   Elapsed: 2798.85s (46m 38s)  44% completed  (44% total)
     Speed:     ev/sec=489.383   simsec/sec=1   ev/simsec=489.383
     Messages:  created: 72100   present: 91   in FES: 8
** Event #577536   t=2800.926019559055   Elapsed: 2800.87s (46m 40s)  44% completed  (44% total)
     Speed:     ev/sec=506.806   simsec/sec=1   ev/simsec=506.805
     Messages:  created: 72246   present: 139   in FES: 8
** Event #578304   t=2803.248622276796   Elapsed: 2803.19s (46m 43s)  44% completed  (44% total)
     Speed:     ev/sec=330.664   simsec/sec=1   ev/simsec=330.664
     Messages:  created: 72317   present: 73   in FES: 8
** Event #579328   t=2805.408437931108   Elapsed: 2805.35s (46m 45s)  44% completed  (44% total)
     Speed:     ev/sec=474.114   simsec/sec=0.999999   ev/simsec=474.115
     Messages:  created: 72459   present: 109   in FES: 8
** Event #580352   t=2807.874414193845   Elapsed: 2807.82s (46m 47s)  44% completed  (44% total)
     Speed:     ev/sec=415.26   simsec/sec=1.00002   ev/simsec=415.251
     Messages:  created: 72591   present: 121   in FES: 8
** Event #581376   t=2810.156731726038   Elapsed: 2810.11s (46m 50s)  44% completed  (44% total)
     Speed:     ev/sec=447.507   simsec/sec=0.997415   ev/simsec=448.667
     Messages:  created: 72724   present: 134   in FES: 7
** Event #582400   t=2812.614342553209   Elapsed: 2812.57s (46m 52s)  44% completed  (44% total)
     Speed:     ev/sec=415.74   simsec/sec=0.997782   ev/simsec=416.665
     Messages:  created: 72858   present: 150   in FES: 7
** Event #583168   t=2814.772269468201   Elapsed: 2814.72s (46m 54s)  44% completed  (44% total)
     Speed:     ev/sec=357.774   simsec/sec=1.00527   ev/simsec=355.897
     Messages:  created: 72953   present: 148   in FES: 8
** Event #584192   t=2817.197768675257   Elapsed: 2817.14s (46m 57s)  44% completed  (44% total)
     Speed:     ev/sec=421.94   simsec/sec=0.999429   ev/simsec=422.181
     Messages:  created: 73073   present: 126   in FES: 7
** Event #585216   t=2819.475550249417   Elapsed: 2819.42s (46m 59s)  44% completed  (44% total)
     Speed:     ev/sec=449.834   simsec/sec=1.00061   ev/simsec=449.56
     Messages:  created: 73222   present: 176   in FES: 8
t=2820.843508 executing setDimmer(0.75)
t=2820.843523 addServer() complete
** Event #586240   t=2821.540277272449   Elapsed: 2821.49s (47m 01s)  44% completed  (44% total)
     Speed:     ev/sec=495.949   simsec/sec=1   ev/simsec=495.949
     Messages:  created: 73352   present: 182   in FES: 8
** Event #587520   t=2823.734679612442   Elapsed: 2823.68s (47m 03s)  44% completed  (44% total)
     Speed:     ev/sec=583.302   simsec/sec=1   ev/simsec=583.302
     Messages:  created: 73480   present: 104   in FES: 8
** Event #588544   t=2826.730173691591   Elapsed: 2826.68s (47m 06s)  44% completed  (44% total)
     Speed:     ev/sec=341.844   simsec/sec=0.999991   ev/simsec=341.847
     Messages:  created: 73573   present: 9   in FES: 5
** Event #589312   t=2829.444828888183   Elapsed: 2829.39s (47m 09s)  44% completed  (44% total)
     Speed:     ev/sec=282.912   simsec/sec=1.00001   ev/simsec=282.909
     Messages:  created: 73669   present: 9   in FES: 5
** Event #589824   t=2832.017276196359   Elapsed: 2831.96s (47m 11s)  44% completed  (44% total)
     Speed:     ev/sec=199.034   simsec/sec=1.00001   ev/simsec=199.032
     Messages:  created: 73734   present: 13   in FES: 8
** Event #590592   t=2834.801115284108   Elapsed: 2834.75s (47m 14s)  44% completed  (44% total)
     Speed:     ev/sec=275.875   simsec/sec=0.999991   ev/simsec=275.878
     Messages:  created: 73829   present: 9   in FES: 5
** Event #591360   t=2836.837458982746   Elapsed: 2836.78s (47m 16s)  45% completed  (45% total)
     Speed:     ev/sec=377.146   simsec/sec=1   ev/simsec=377.147
     Messages:  created: 73928   present: 17   in FES: 8
** Event #592128   t=2838.954682347561   Elapsed: 2838.92s (47m 18s)  45% completed  (45% total)
     Speed:     ev/sec=359.532   simsec/sec=0.991157   ev/simsec=362.739
     Messages:  created: 74021   present: 10   in FES: 6
** Event #593152   t=2841.527100804871   Elapsed: 2841.49s (47m 21s)  45% completed  (45% total)
     Speed:     ev/sec=398.672   simsec/sec=1.00151   ev/simsec=398.069
     Messages:  created: 74149   present: 10   in FES: 5
** Event #593920   t=2844.111947666213   Elapsed: 2844.07s (47m 24s)  45% completed  (45% total)
     Speed:     ev/sec=297.478   simsec/sec=1.00122   ev/simsec=297.116
     Messages:  created: 74245   present: 10   in FES: 5
** Event #594944   t=2846.230104757582   Elapsed: 2846.18s (47m 26s)  45% completed  (45% total)
     Speed:     ev/sec=486.161   simsec/sec=1.00563   ev/simsec=483.439
     Messages:  created: 74374   present: 13   in FES: 8
** Event #595968   t=2848.669056099427   Elapsed: 2848.62s (47m 28s)  45% completed  (45% total)
     Speed:     ev/sec=418.998   simsec/sec=0.997965   ev/simsec=419.853
     Messages:  created: 74501   present: 10   in FES: 6
** Event #596736   t=2850.837899373436   Elapsed: 2850.78s (47m 30s)  45% completed  (45% total)
     Speed:     ev/sec=354.772   simsec/sec=1.00188   ev/simsec=354.106
     Messages:  created: 74597   present: 10   in FES: 6
** Event #597760   t=2852.905558684581   Elapsed: 2852.85s (47m 32s)  45% completed  (45% total)
     Speed:     ev/sec=495.461   simsec/sec=1.00044   ev/simsec=495.246
     Messages:  created: 74734   present: 33   in FES: 8
** Event #599040   t=2855.235885873936   Elapsed: 2855.18s (47m 35s)  45% completed  (45% total)
     Speed:     ev/sec=549.278   simsec/sec=0.999999   ev/simsec=549.279
     Messages:  created: 74893   present: 30   in FES: 8
** Event #600064   t=2857.404871433126   Elapsed: 2857.35s (47m 37s)  45% completed  (45% total)
     Speed:     ev/sec=472.111   simsec/sec=1   ev/simsec=472.11
     Messages:  created: 75017   present: 20   in FES: 8
** Event #601600   t=2859.659633935384   Elapsed: 2859.64s (47m 39s)  45% completed  (45% total)
     Speed:     ev/sec=670.109   simsec/sec=0.983682   ev/simsec=681.225
     Messages:  created: 75214   present: 34   in FES: 6
** Event #602368   t=2862.1409859723   Elapsed: 2862.09s (47m 42s)  45% completed  (45% total)
     Speed:     ev/sec=314.245   simsec/sec=1.0153   ev/simsec=309.509
     Messages:  created: 75302   present: 12   in FES: 7
** Event #602880   t=2864.159248190855   Elapsed: 2864.11s (47m 44s)  45% completed  (45% total)
     Speed:     ev/sec=252.837   simsec/sec=0.996661   ev/simsec=253.684
     Messages:  created: 75365   present: 10   in FES: 6
** Event #603648   t=2866.405400475289   Elapsed: 2866.36s (47m 46s)  45% completed  (45% total)
     Speed:     ev/sec=341.744   simsec/sec=0.999491   ev/simsec=341.918
     Messages:  created: 75461   present: 10   in FES: 6
** Event #604160   t=2868.710865477358   Elapsed: 2868.67s (47m 48s)  45% completed  (45% total)
     Speed:     ev/sec=221.856   simsec/sec=0.998988   ev/simsec=222.081
     Messages:  created: 75525   present: 10   in FES: 6
** Event #605184   t=2870.94712969286   Elapsed: 2870.89s (47m 50s)  45% completed  (45% total)
     Speed:     ev/sec=460.013   simsec/sec=1.0046   ev/simsec=457.907
     Messages:  created: 75654   present: 13   in FES: 8
** Event #605696   t=2872.990271354846   Elapsed: 2872.94s (47m 52s)  45% completed  (45% total)
     Speed:     ev/sec=250.594   simsec/sec=1   ev/simsec=250.594
     Messages:  created: 75718   present: 13   in FES: 8
** Event #606464   t=2875.204001938695   Elapsed: 2875.15s (47m 55s)  45% completed  (45% total)
     Speed:     ev/sec=346.707   simsec/sec=0.999369   ev/simsec=346.926
     Messages:  created: 75813   present: 10   in FES: 5
** Event #607232   t=2877.740679452883   Elapsed: 2877.69s (47m 57s)  45% completed  (45% total)
     Speed:     ev/sec=302.444   simsec/sec=0.998963   ev/simsec=302.758
     Messages:  created: 75909   present: 10   in FES: 6
** Event #608000   t=2880.838242516609   Elapsed: 2880.79s (48m 00s)  45% completed  (45% total)
     Speed:     ev/sec=248.105   simsec/sec=1.00068   ev/simsec=247.937
     Messages:  created: 76004   present: 9   in FES: 5
t=2880.84354 executing setDimmer(1)
** Event #608768   t=2883.160521175252   Elapsed: 2883.11s (48m 03s)  45% completed  (45% total)
     Speed:     ev/sec=330.984   simsec/sec=1.00083   ev/simsec=330.71
     Messages:  created: 76100   present: 9   in FES: 5
** Event #609536   t=2886.076498644833   Elapsed: 2886.02s (48m 06s)  45% completed  (45% total)
     Speed:     ev/sec=263.375   simsec/sec=0.999993   ev/simsec=263.377
     Messages:  created: 76196   present: 10   in FES: 6
** Event #610304   t=2888.511454617867   Elapsed: 2888.46s (48m 08s)  45% completed  (45% total)
     Speed:     ev/sec=315.409   simsec/sec=1.00001   ev/simsec=315.406
     Messages:  created: 76292   present: 10   in FES: 6
** Event #610816   t=2890.646129587625   Elapsed: 2890.59s (48m 10s)  45% completed  (45% total)
     Speed:     ev/sec=239.849   simsec/sec=1   ev/simsec=239.849
     Messages:  created: 76357   present: 11   in FES: 7
** Event #611584   t=2893.069282857043   Elapsed: 2893.01s (48m 13s)  45% completed  (45% total)
     Speed:     ev/sec=316.943   simsec/sec=1   ev/simsec=316.942
     Messages:  created: 76452   present: 10   in FES: 6
** Event #612608   t=2895.591177788979   Elapsed: 2895.54s (48m 15s)  45% completed  (45% total)
     Speed:     ev/sec=406.042   simsec/sec=0.999996   ev/simsec=406.044
     Messages:  created: 76583   present: 16   in FES: 7
** Event #613632   t=2897.764281699593   Elapsed: 2897.71s (48m 17s)  45% completed  (45% total)
     Speed:     ev/sec=471.217   simsec/sec=1   ev/simsec=471.215
     Messages:  created: 76714   present: 25   in FES: 7
** Event #614656   t=2900.393203950784   Elapsed: 2900.35s (48m 20s)  46% completed  (46% total)
     Speed:     ev/sec=387.907   simsec/sec=0.995875   ev/simsec=389.513
     Messages:  created: 76837   present: 12   in FES: 6
** Event #615424   t=2902.75221773412   Elapsed: 2902.7s (48m 22s)  46% completed  (46% total)
     Speed:     ev/sec=327.069   simsec/sec=1.00463   ev/simsec=325.56
     Messages:  created: 76935   present: 17   in FES: 8
** Event #616192   t=2905.218794572524   Elapsed: 2905.17s (48m 25s)  46% completed  (46% total)
     Speed:     ev/sec=311.09   simsec/sec=0.999125   ev/simsec=311.363
     Messages:  created: 77029   present: 12   in FES: 7
** Event #617472   t=2907.424838688319   Elapsed: 2907.37s (48m 27s)  46% completed  (46% total)
     Speed:     ev/sec=580.794   simsec/sec=1.00098   ev/simsec=580.224
     Messages:  created: 77211   present: 70   in FES: 8
** Event #618752   t=2909.491749683214   Elapsed: 2909.44s (48m 29s)  46% completed  (46% total)
     Speed:     ev/sec=619.28   simsec/sec=0.999997   ev/simsec=619.282
     Messages:  created: 77381   present: 97   in FES: 8
** Event #620032   t=2912.157137057141   Elapsed: 2912.1s (48m 32s)  46% completed  (46% total)
     Speed:     ev/sec=480.232   simsec/sec=1   ev/simsec=480.23
     Messages:  created: 77526   present: 56   in FES: 8
** Event #621056   t=2914.638329412512   Elapsed: 2914.59s (48m 34s)  46% completed  (46% total)
     Speed:     ev/sec=412.142   simsec/sec=0.998637   ev/simsec=412.705
     Messages:  created: 77646   present: 36   in FES: 7
** Event #622080   t=2916.782206294466   Elapsed: 2916.74s (48m 36s)  46% completed  (46% total)
     Speed:     ev/sec=475.772   simsec/sec=0.99609   ev/simsec=477.639
     Messages:  created: 77780   present: 52   in FES: 7
** Event #623360   t=2919.414662877032   Elapsed: 2919.37s (48m 39s)  46% completed  (46% total)
     Speed:     ev/sec=486.763   simsec/sec=1.00108   ev/simsec=486.238
     Messages:  created: 77943   present: 60   in FES: 7
** Event #624384   t=2921.836222588565   Elapsed: 2921.78s (48m 41s)  46% completed  (46% total)
     Speed:     ev/sec=424.438   simsec/sec=1.00371   ev/simsec=422.868
     Messages:  created: 78060   present: 31   in FES: 8
** Event #625664   t=2923.917828651515   Elapsed: 2923.86s (48m 43s)  46% completed  (46% total)
     Speed:     ev/sec=614.91   simsec/sec=1   ev/simsec=614.91
     Messages:  created: 78228   present: 51   in FES: 8
** Event #626944   t=2926.116696671003   Elapsed: 2926.06s (48m 46s)  46% completed  (46% total)
     Speed:     ev/sec=582.118   simsec/sec=1   ev/simsec=582.118
     Messages:  created: 78396   present: 72   in FES: 8
** Event #627968   t=2928.193298591235   Elapsed: 2928.14s (48m 48s)  46% completed  (46% total)
     Speed:     ev/sec=492.98   simsec/sec=0.999729   ev/simsec=493.113
     Messages:  created: 78525   present: 76   in FES: 7
** Event #629248   t=2930.425852437509   Elapsed: 2930.37s (48m 50s)  46% completed  (46% total)
     Speed:     ev/sec=573.395   simsec/sec=1.00011   ev/simsec=573.334
     Messages:  created: 78691   present: 92   in FES: 7
** Event #630528   t=2932.929116677601   Elapsed: 2932.87s (48m 52s)  46% completed  (46% total)
     Speed:     ev/sec=511.399   simsec/sec=1.00013   ev/simsec=511.332
     Messages:  created: 78840   present: 62   in FES: 7
** Event #631808   t=2935.608922360371   Elapsed: 2935.55s (48m 55s)  46% completed  (46% total)
     Speed:     ev/sec=477.647   simsec/sec=1   ev/simsec=477.647
     Messages:  created: 79000   present: 63   in FES: 7
** Event #632832   t=2938.044179420475   Elapsed: 2937.99s (48m 57s)  46% completed  (46% total)
     Speed:     ev/sec=420.489   simsec/sec=1   ev/simsec=420.489
     Messages:  created: 79119   present: 38   in FES: 7
** Event #634112   t=2940.494369602913   Elapsed: 2940.44s (49m 00s)  46% completed  (46% total)
     Speed:     ev/sec=522.406   simsec/sec=0.999996   ev/simsec=522.408
     Messages:  created: 79276   present: 31   in FES: 6
** Event #634880   t=2942.57405315096   Elapsed: 2942.52s (49m 02s)  46% completed  (46% total)
     Speed:     ev/sec=369.29   simsec/sec=1.00001   ev/simsec=369.287
     Messages:  created: 79363   present: 9   in FES: 5
** Event #635648   t=2944.950834007655   Elapsed: 2944.9s (49m 04s)  46% completed  (46% total)
     Speed:     ev/sec=323.125   simsec/sec=0.999997   ev/simsec=323.126
     Messages:  created: 79461   present: 13   in FES: 7
** Event #636416   t=2947.21057587504   Elapsed: 2947.16s (49m 07s)  46% completed  (46% total)
     Speed:     ev/sec=339.862   simsec/sec=1   ev/simsec=339.862
     Messages:  created: 79557   present: 13   in FES: 8
** Event #637184   t=2949.26810676417   Elapsed: 2949.21s (49m 09s)  46% completed  (46% total)
     Speed:     ev/sec=373.263   simsec/sec=1   ev/simsec=373.263
     Messages:  created: 79654   present: 17   in FES: 8
** Event #638464   t=2951.50923709919   Elapsed: 2951.45s (49m 11s)  46% completed  (46% total)
     Speed:     ev/sec=571.141   simsec/sec=1   ev/simsec=571.14
     Messages:  created: 79820   present: 32   in FES: 8
** Event #639744   t=2954.135856695068   Elapsed: 2954.08s (49m 14s)  46% completed  (46% total)
     Speed:     ev/sec=487.318   simsec/sec=0.999998   ev/simsec=487.318
     Messages:  created: 79975   present: 18   in FES: 8
** Event #640768   t=2956.702268998972   Elapsed: 2956.65s (49m 16s)  46% completed  (46% total)
     Speed:     ev/sec=399.001   simsec/sec=1   ev/simsec=399.001
     Messages:  created: 80100   present: 10   in FES: 6
** Event #641792   t=2959.391775573547   Elapsed: 2959.34s (49m 19s)  46% completed  (46% total)
     Speed:     ev/sec=380.334   simsec/sec=0.998936   ev/simsec=380.739
     Messages:  created: 80228   present: 11   in FES: 6
** Event #642816   t=2962.251933859735   Elapsed: 2962.2s (49m 22s)  47% completed  (47% total)
     Speed:     ev/sec=358.381   simsec/sec=1.001   ev/simsec=358.022
     Messages:  created: 80356   present: 10   in FES: 6
** Event #644096   t=2964.497047560587   Elapsed: 2964.44s (49m 24s)  47% completed  (47% total)
     Speed:     ev/sec=570.128   simsec/sec=1   ev/simsec=570.127
     Messages:  created: 80535   present: 62   in FES: 8
** Event #645120   t=2966.738423314182   Elapsed: 2966.68s (49m 26s)  47% completed  (47% total)
     Speed:     ev/sec=456.861   simsec/sec=0.999998   ev/simsec=456.862
     Messages:  created: 80648   present: 21   in FES: 7
** Event #646144   t=2969.366445943263   Elapsed: 2969.31s (49m 29s)  47% completed  (47% total)
     Speed:     ev/sec=389.313   simsec/sec=0.999143   ev/simsec=389.647
     Messages:  created: 80775   present: 19   in FES: 7
** Event #647168   t=2971.684016960894   Elapsed: 2971.64s (49m 31s)  47% completed  (47% total)
     Speed:     ev/sec=439.995   simsec/sec=0.995821   ev/simsec=441.842
     Messages:  created: 80900   present: 11   in FES: 6
** Event #648448   t=2974.193078350615   Elapsed: 2974.14s (49m 34s)  47% completed  (47% total)
     Speed:     ev/sec=512.599   simsec/sec=1.0048   ev/simsec=510.151
     Messages:  created: 81060   present: 10   in FES: 6
** Event #649472   t=2976.194547085277   Elapsed: 2976.14s (49m 36s)  47% completed  (47% total)
     Speed:     ev/sec=511.624   simsec/sec=1   ev/simsec=511.624
     Messages:  created: 81189   present: 14   in FES: 8
** Event #650240   t=2978.312068790417   Elapsed: 2978.26s (49m 38s)  47% completed  (47% total)
     Speed:     ev/sec=362.537   simsec/sec=0.999584   ev/simsec=362.688
     Messages:  created: 81284   present: 11   in FES: 6
** Event #651264   t=2980.315660612462   Elapsed: 2980.26s (49m 40s)  47% completed  (47% total)
     Speed:     ev/sec=511.308   simsec/sec=1.00044   ev/simsec=511.082
     Messages:  created: 81423   present: 40   in FES: 8
** Event #652288   t=2982.772088286795   Elapsed: 2982.72s (49m 42s)  47% completed  (47% total)
     Speed:     ev/sec=416.865   simsec/sec=0.999998   ev/simsec=416.866
     Messages:  created: 81539   present: 9   in FES: 5
** Event #653568   t=2985.043218083313   Elapsed: 2984.99s (49m 44s)  47% completed  (47% total)
     Speed:     ev/sec=563.598   simsec/sec=1   ev/simsec=563.596
     Messages:  created: 81702   present: 15   in FES: 7
** Event #654592   t=2987.659919832976   Elapsed: 2987.6s (49m 47s)  47% completed  (47% total)
     Speed:     ev/sec=391.332   simsec/sec=0.999998   ev/simsec=391.332
     Messages:  created: 81829   present: 14   in FES: 8
** Event #656128   t=2989.930143063321   Elapsed: 2989.88s (49m 49s)  47% completed  (47% total)
     Speed:     ev/sec=676.585   simsec/sec=0.999999   ev/simsec=676.585
     Messages:  created: 82050   present: 90   in FES: 8
** Event #657152   t=2991.943231606082   Elapsed: 2991.89s (49m 51s)  47% completed  (47% total)
     Speed:     ev/sec=508.672   simsec/sec=1   ev/simsec=508.671
     Messages:  created: 82161   present: 45   in FES: 8
** Event #657920   t=2994.575345483813   Elapsed: 2994.52s (49m 54s)  47% completed  (47% total)
     Speed:     ev/sec=291.781   simsec/sec=1   ev/simsec=291.781
     Messages:  created: 82244   present: 10   in FES: 6
** Event #658688   t=2997.319334550117   Elapsed: 2997.27s (49m 57s)  47% completed  (47% total)
     Speed:     ev/sec=279.442   simsec/sec=0.998417   ev/simsec=279.884
     Messages:  created: 82340   present: 11   in FES: 6
** Event #659712   t=3000.030522077576   Elapsed: 2999.98s (49m 59s)  47% completed  (47% total)
     Speed:     ev/sec=378.072   simsec/sec=1.001   ev/simsec=377.694
     Messages:  created: 82468   present: 12   in FES: 7
** Event #660736   t=3002.566426378925   Elapsed: 3002.52s (50m 02s)  47% completed  (47% total)
     Speed:     ev/sec=403.276   simsec/sec=0.998701   ev/simsec=403.801
     Messages:  created: 82595   present: 10   in FES: 6
** Event #661760   t=3004.748829158626   Elapsed: 3004.69s (50m 04s)  47% completed  (47% total)
     Speed:     ev/sec=470.27   simsec/sec=1.00226   ev/simsec=469.208
     Messages:  created: 82724   present: 13   in FES: 7
** Event #663040   t=3007.212229027338   Elapsed: 3007.16s (50m 07s)  47% completed  (47% total)
     Speed:     ev/sec=519.607   simsec/sec=1   ev/simsec=519.607
     Messages:  created: 82887   present: 21   in FES: 8
** Event #663808   t=3009.478856868473   Elapsed: 3009.42s (50m 09s)  47% completed  (47% total)
     Speed:     ev/sec=338.83   simsec/sec=1   ev/simsec=338.829
     Messages:  created: 82979   present: 9   in FES: 5
** Event #664576   t=3012.01947670905   Elapsed: 3011.96s (50m 11s)  47% completed  (47% total)
     Speed:     ev/sec=302.264   simsec/sec=0.99992   ev/simsec=302.288
     Messages:  created: 83075   present: 10   in FES: 6
** Event #665344   t=3014.405857539295   Elapsed: 3014.37s (50m 14s)  47% completed  (47% total)
     Speed:     ev/sec=319.95   simsec/sec=0.99417   ev/simsec=321.826
     Messages:  created: 83171   present: 10   in FES: 6
** Event #666368   t=3016.935766784995   Elapsed: 3016.88s (50m 16s)  47% completed  (47% total)
     Speed:     ev/sec=407.041   simsec/sec=1.00564   ev/simsec=404.758
     Messages:  created: 83300   present: 13   in FES: 7
** Event #667136   t=3019.175502607625   Elapsed: 3019.12s (50m 19s)  47% completed  (47% total)
     Speed:     ev/sec=342.899   simsec/sec=1   ev/simsec=342.898
     Messages:  created: 83396   present: 12   in FES: 7
** Event #667904   t=3021.716386226447   Elapsed: 3021.66s (50m 21s)  47% completed  (47% total)
     Speed:     ev/sec=302.257   simsec/sec=0.999999   ev/simsec=302.257
     Messages:  created: 83492   present: 12   in FES: 8
** Event #668416   t=3023.718364233313   Elapsed: 3023.68s (50m 23s)  47% completed  (47% total)
     Speed:     ev/sec=253.734   simsec/sec=0.992128   ev/simsec=255.747
     Messages:  created: 83555   present: 10   in FES: 5
** Event #669184   t=3025.849836844011   Elapsed: 3025.79s (50m 25s)  48% completed  (48% total)
     Speed:     ev/sec=363.02   simsec/sec=1.00751   ev/simsec=360.314
     Messages:  created: 83652   present: 12   in FES: 8
** Event #670208   t=3028.20240474782   Elapsed: 3028.15s (50m 28s)  48% completed  (48% total)
     Speed:     ev/sec=434.283   simsec/sec=0.997734   ev/simsec=435.269
     Messages:  created: 83779   present: 10   in FES: 6
** Event #670976   t=3030.540595529322   Elapsed: 3030.49s (50m 30s)  48% completed  (48% total)
     Speed:     ev/sec=329.211   simsec/sec=1.00229   ev/simsec=328.459
     Messages:  created: 83876   present: 12   in FES: 6
** Event #672256   t=3033.210667800913   Elapsed: 3033.16s (50m 33s)  48% completed  (48% total)
     Speed:     ev/sec=478.858   simsec/sec=0.998895   ev/simsec=479.388
     Messages:  created: 84035   present: 10   in FES: 6
** Event #673024   t=3035.728459151079   Elapsed: 3035.67s (50m 35s)  48% completed  (48% total)
     Speed:     ev/sec=305.388   simsec/sec=1.00118   ev/simsec=305.029
     Messages:  created: 84132   present: 13   in FES: 8
** Event #674304   t=3037.801141716963   Elapsed: 3037.75s (50m 37s)  48% completed  (48% total)
     Speed:     ev/sec=617.556   simsec/sec=0.999999   ev/simsec=617.557
     Messages:  created: 84314   present: 71   in FES: 8
** Event #675328   t=3040.004972993565   Elapsed: 3039.95s (50m 39s)  48% completed  (48% total)
     Speed:     ev/sec=463.612   simsec/sec=0.997776   ev/simsec=464.645
     Messages:  created: 84422   present: 18   in FES: 7
** Event #676608   t=3042.208365566956   Elapsed: 3042.15s (50m 42s)  48% completed  (48% total)
     Speed:     ev/sec=582.22   simsec/sec=1.00223   ev/simsec=580.922
     Messages:  created: 84590   present: 38   in FES: 8
** Event #678144   t=3044.376329687377   Elapsed: 3044.32s (50m 44s)  48% completed  (48% total)
     Speed:     ev/sec=708.5   simsec/sec=1   ev/simsec=708.499
     Messages:  created: 84803   present: 94   in FES: 8
** Event #679168   t=3046.867934602357   Elapsed: 3046.81s (50m 46s)  48% completed  (48% total)
     Speed:     ev/sec=410.979   simsec/sec=0.999998   ev/simsec=410.98
     Messages:  created: 84904   present: 24   in FES: 8
** Event #680192   t=3049.155743451562   Elapsed: 3049.13s (50m 49s)  48% completed  (48% total)
     Speed:     ev/sec=442.297   simsec/sec=0.988175   ev/simsec=447.59
     Messages:  created: 85039   present: 42   in FES: 7
** Event #681216   t=3051.503030359019   Elapsed: 3051.47s (50m 51s)  48% completed  (48% total)
     Speed:     ev/sec=437.424   simsec/sec=1.00269   ev/simsec=436.248
     Messages:  created: 85155   present: 10   in FES: 5
** Event #681984   t=3053.672076215921   Elapsed: 3053.62s (50m 53s)  48% completed  (48% total)
     Speed:     ev/sec=357.546   simsec/sec=1.00981   ev/simsec=354.073
     Messages:  created: 85252   present: 12   in FES: 8
** Event #682752   t=3055.876132363781   Elapsed: 3055.82s (50m 55s)  48% completed  (48% total)
     Speed:     ev/sec=348.449   simsec/sec=1   ev/simsec=348.448
     Messages:  created: 85348   present: 12   in FES: 7
** Event #683520   t=3058.263164486192   Elapsed: 3058.21s (50m 58s)  48% completed  (48% total)
     Speed:     ev/sec=321.738   simsec/sec=0.999998   ev/simsec=321.738
     Messages:  created: 85447   present: 20   in FES: 8
** Event #684544   t=3060.612073694881   Elapsed: 3060.56s (51m 00s)  48% completed  (48% total)
     Speed:     ev/sec=435.948   simsec/sec=1   ev/simsec=435.947
     Messages:  created: 85573   present: 17   in FES: 7
** Event #685312   t=3062.664192572502   Elapsed: 3062.61s (51m 02s)  48% completed  (48% total)
     Speed:     ev/sec=374.247   simsec/sec=0.999999   ev/simsec=374.247
     Messages:  created: 85667   present: 11   in FES: 7
** Event #686080   t=3064.71652787691   Elapsed: 3064.68s (51m 04s)  48% completed  (48% total)
     Speed:     ev/sec=370.956   simsec/sec=0.99131   ev/simsec=374.208
     Messages:  created: 85762   present: 9   in FES: 5
** Event #687104   t=3067.127538976388   Elapsed: 3067.07s (51m 07s)  48% completed  (48% total)
     Speed:     ev/sec=427.912   simsec/sec=1.00752   ev/simsec=424.718
     Messages:  created: 85891   present: 11   in FES: 7
** Event #687872   t=3069.176291195971   Elapsed: 3069.12s (51m 09s)  48% completed  (48% total)
     Speed:     ev/sec=374.863   simsec/sec=1   ev/simsec=374.862
     Messages:  created: 85988   present: 14   in FES: 8
** Event #688640   t=3071.383298133833   Elapsed: 3071.34s (51m 11s)  48% completed  (48% total)
     Speed:     ev/sec=345.949   simsec/sec=0.994155   ev/simsec=347.983
     Messages:  created: 86085   present: 17   in FES: 7
** Event #689664   t=3074.348814739306   Elapsed: 3074.31s (51m 14s)  48% completed  (48% total)
     Speed:     ev/sec=344.633   simsec/sec=0.998061   ev/simsec=345.302
     Messages:  created: 86210   present: 9   in FES: 5
** Event #690688   t=3076.857190521938   Elapsed: 3076.87s (51m 16s)  48% completed  (48% total)
     Speed:     ev/sec=400.652   simsec/sec=0.981431   ev/simsec=408.232
     Messages:  created: 86338   present: 9   in FES: 5
** Event #691456   t=3079.651713209096   Elapsed: 3079.6s (51m 19s)  48% completed  (48% total)
     Speed:     ev/sec=281.135   simsec/sec=1.02297   ev/simsec=274.823
     Messages:  created: 86434   present: 9   in FES: 5
** Event #692224   t=3081.706939315088   Elapsed: 3081.65s (51m 21s)  48% completed  (48% total)
     Speed:     ev/sec=374.311   simsec/sec=1.00168   ev/simsec=373.682
     Messages:  created: 86532   present: 15   in FES: 8
** Event #693248   t=3084.046358465485   Elapsed: 3083.99s (51m 23s)  48% completed  (48% total)
     Speed:     ev/sec=437.716   simsec/sec=1   ev/simsec=437.715
     Messages:  created: 86663   present: 23   in FES: 8
** Event #694016   t=3086.074907133994   Elapsed: 3086.02s (51m 26s)  48% completed  (48% total)
     Speed:     ev/sec=378.596   simsec/sec=1   ev/simsec=378.596
     Messages:  created: 86755   present: 11   in FES: 7
** Event #695040   t=3088.336096791528   Elapsed: 3088.28s (51m 28s)  49% completed  (49% total)
     Speed:     ev/sec=452.86   simsec/sec=1   ev/simsec=452.859
     Messages:  created: 86884   present: 14   in FES: 7
** Event #696320   t=3090.552172729478   Elapsed: 3090.5s (51m 30s)  49% completed  (49% total)
     Speed:     ev/sec=577.596   simsec/sec=0.999997   ev/simsec=577.598
     Messages:  created: 87050   present: 30   in FES: 8
** Event #697600   t=3092.852910547416   Elapsed: 3092.8s (51m 32s)  49% completed  (49% total)
     Speed:     ev/sec=556.343   simsec/sec=1   ev/simsec=556.343
     Messages:  created: 87210   present: 30   in FES: 8
** Event #698880   t=3095.247993547481   Elapsed: 3095.2s (51m 35s)  49% completed  (49% total)
     Speed:     ev/sec=532.919   simsec/sec=0.997177   ev/simsec=534.428
     Messages:  created: 87365   present: 17   in FES: 6
** Event #699648   t=3097.797467995732   Elapsed: 3097.74s (51m 37s)  49% completed  (49% total)
     Speed:     ev/sec=302.042   simsec/sec=1.00267   ev/simsec=301.239
     Messages:  created: 87461   present: 16   in FES: 8
** Event #700672   t=3100.423964786658   Elapsed: 3100.4s (51m 40s)  49% completed  (49% total)
     Speed:     ev/sec=384.9   simsec/sec=0.987245   ev/simsec=389.873
     Messages:  created: 87586   present: 9   in FES: 5
** Event #701696   t=3102.75491279212   Elapsed: 3102.73s (51m 42s)  49% completed  (49% total)
     Speed:     ev/sec=440.783   simsec/sec=1.00336   ev/simsec=439.306
     Messages:  created: 87714   present: 9   in FES: 5
** Event #702464   t=3104.899111949977   Elapsed: 3104.85s (51m 44s)  49% completed  (49% total)
     Speed:     ev/sec=361.517   simsec/sec=1.00933   ev/simsec=358.176
     Messages:  created: 87813   present: 17   in FES: 7
** Event #703232   t=3107.347757066726   Elapsed: 3107.31s (51m 47s)  49% completed  (49% total)
     Speed:     ev/sec=312.815   simsec/sec=0.99736   ev/simsec=313.643
     Messages:  created: 87906   present: 9   in FES: 5
** Event #704000   t=3109.803138061226   Elapsed: 3109.75s (51m 49s)  49% completed  (49% total)
     Speed:     ev/sec=314.42   simsec/sec=1.00523   ev/simsec=312.782
     Messages:  created: 88003   present: 12   in FES: 7
** Event #704768   t=3112.177429755407   Elapsed: 3112.13s (51m 52s)  49% completed  (49% total)
     Speed:     ev/sec=323.039   simsec/sec=0.998683   ev/simsec=323.465
     Messages:  created: 88098   present: 9   in FES: 5
** Event #705280   t=3114.193073007717   Elapsed: 3114.14s (51m 54s)  49% completed  (49% total)
     Speed:     ev/sec=254.408   simsec/sec=1.00156   ev/simsec=254.013
     Messages:  created: 88163   present: 11   in FES: 7
** Event #705792   t=3116.814390859924   Elapsed: 3116.77s (51m 56s)  49% completed  (49% total)
     Speed:     ev/sec=194.183   simsec/sec=0.994172   ev/simsec=195.322
     Messages:  created: 88226   present: 9   in FES: 5
** Event #707072   t=3119.428840076822   Elapsed: 3119.37s (51m 59s)  49% completed  (49% total)
     Speed:     ev/sec=492.481   simsec/sec=1.00591   ev/simsec=489.587
     Messages:  created: 88387   present: 11   in FES: 7
t=3120.843491 executing removeServer()
scheduled complete remove at 3120.843491
** Event #707840   t=3121.784367058598   Elapsed: 3121.73s (52m 01s)  49% completed  (49% total)
     Speed:     ev/sec=326.043   simsec/sec=1   ev/simsec=326.042
     Messages:  created: 88484   present: 9   in FES: 6
** Event #708608   t=3123.801851553055   Elapsed: 3123.75s (52m 03s)  49% completed  (49% total)
     Speed:     ev/sec=380.67   simsec/sec=0.999995   ev/simsec=380.672
     Messages:  created: 88583   present: 19   in FES: 7
** Event #709632   t=3126.038271853772   Elapsed: 3125.98s (52m 05s)  49% completed  (49% total)
     Speed:     ev/sec=457.875   simsec/sec=1   ev/simsec=457.875
     Messages:  created: 88732   present: 74   in FES: 7
** Event #710656   t=3128.178614195354   Elapsed: 3128.15s (52m 08s)  49% completed  (49% total)
     Speed:     ev/sec=473.027   simsec/sec=0.988711   ev/simsec=478.428
     Messages:  created: 88879   present: 125   in FES: 6
** Event #711680   t=3130.214126348896   Elapsed: 3130.17s (52m 10s)  49% completed  (49% total)
     Speed:     ev/sec=505.572   simsec/sec=1.00498   ev/simsec=503.067
     Messages:  created: 89036   present: 202   in FES: 6
** Event #712704   t=3132.647856535774   Elapsed: 3132.59s (52m 12s)  49% completed  (49% total)
     Speed:     ev/sec=423.247   simsec/sec=1.00593   ev/simsec=420.753
     Messages:  created: 89170   present: 216   in FES: 8
** Event #713472   t=3134.677169067934   Elapsed: 3134.62s (52m 14s)  49% completed  (49% total)
     Speed:     ev/sec=378.455   simsec/sec=1   ev/simsec=378.453
     Messages:  created: 89264   present: 211   in FES: 7
** Event #714496   t=3137.663121981738   Elapsed: 3137.61s (52m 17s)  49% completed  (49% total)
     Speed:     ev/sec=342.938   simsec/sec=0.999997   ev/simsec=342.939
     Messages:  created: 89367   present: 147   in FES: 7
** Event #715520   t=3140.148539388087   Elapsed: 3140.11s (52m 20s)  49% completed  (49% total)
     Speed:     ev/sec=410.089   simsec/sec=0.995354   ev/simsec=412.003
     Messages:  created: 89481   present: 109   in FES: 6
** Event #716544   t=3142.224440967926   Elapsed: 3142.17s (52m 22s)  49% completed  (49% total)
     Speed:     ev/sec=496.054   simsec/sec=1.00562   ev/simsec=493.28
     Messages:  created: 89626   present: 154   in FES: 7
** Event #717824   t=3144.56215094914   Elapsed: 3144.51s (52m 24s)  49% completed  (49% total)
     Speed:     ev/sec=547.546   simsec/sec=1   ev/simsec=547.544
     Messages:  created: 89818   present: 231   in FES: 7
** Event #719104   t=3147.020070991822   Elapsed: 3146.97s (52m 26s)  49% completed  (49% total)
     Speed:     ev/sec=520.765   simsec/sec=0.999999   ev/simsec=520.766
     Messages:  created: 90016   present: 307   in FES: 7
** Event #720384   t=3149.471426341135   Elapsed: 3149.42s (52m 29s)  49% completed  (49% total)
     Speed:     ev/sec=522.16   simsec/sec=0.999999   ev/simsec=522.16
     Messages:  created: 90217   present: 389   in FES: 7
** Event #721152   t=3152.543118806489   Elapsed: 3152.49s (52m 32s)  50% completed  (50% total)
     Speed:     ev/sec=250.025   simsec/sec=0.999999   ev/simsec=250.025
     Messages:  created: 90247   present: 258   in FES: 8
** Event #722432   t=3155.069503262961   Elapsed: 3155.01s (52m 35s)  50% completed  (50% total)
     Speed:     ev/sec=506.653   simsec/sec=1   ev/simsec=506.653
     Messages:  created: 90442   present: 328   in FES: 8
** Event #723456   t=3157.248514947778   Elapsed: 3157.19s (52m 37s)  50% completed  (50% total)
     Speed:     ev/sec=469.938   simsec/sec=1   ev/simsec=469.938
     Messages:  created: 90583   present: 354   in FES: 8
** Event #724480   t=3159.872703267732   Elapsed: 3159.82s (52m 39s)  50% completed  (50% total)
     Speed:     ev/sec=390.216   simsec/sec=0.999999   ev/simsec=390.216
     Messages:  created: 90705   present: 341   in FES: 7
** Event #725248   t=3161.915411539506   Elapsed: 3161.86s (52m 41s)  50% completed  (50% total)
     Speed:     ev/sec=375.972   simsec/sec=1   ev/simsec=375.971
     Messages:  created: 90773   present: 286   in FES: 8
** Event #726016   t=3164.270757186884   Elapsed: 3164.22s (52m 44s)  50% completed  (50% total)
     Speed:     ev/sec=326.065   simsec/sec=0.999993   ev/simsec=326.067
     Messages:  created: 90842   present: 231   in FES: 7
** Event #726784   t=3166.628635400715   Elapsed: 3166.57s (52m 46s)  50% completed  (50% total)
     Speed:     ev/sec=325.719   simsec/sec=1.00001   ev/simsec=325.717
     Messages:  created: 90903   present: 147   in FES: 7
** Event #727552   t=3168.799402342684   Elapsed: 3168.74s (52m 48s)  50% completed  (50% total)
     Speed:     ev/sec=353.792   simsec/sec=1   ev/simsec=353.792
     Messages:  created: 90975   present: 81   in FES: 7
** Event #728576   t=3171.399131178642   Elapsed: 3171.34s (52m 51s)  50% completed  (50% total)
     Speed:     ev/sec=393.888   simsec/sec=1   ev/simsec=393.887
     Messages:  created: 91096   present: 63   in FES: 7
** Event #729600   t=3173.943740897619   Elapsed: 3173.89s (52m 53s)  50% completed  (50% total)
     Speed:     ev/sec=402.419   simsec/sec=1   ev/simsec=402.419
     Messages:  created: 91234   present: 90   in FES: 7
** Event #730624   t=3176.442812079168   Elapsed: 3176.39s (52m 56s)  50% completed  (50% total)
     Speed:     ev/sec=409.752   simsec/sec=0.999998   ev/simsec=409.752
     Messages:  created: 91353   present: 67   in FES: 7
** Event #731392   t=3179.004854549426   Elapsed: 3178.95s (52m 58s)  50% completed  (50% total)
     Speed:     ev/sec=299.761   simsec/sec=1   ev/simsec=299.761
     Messages:  created: 91438   present: 36   in FES: 7
t=3180.843526 executing addServer()
adding server with latency=60
** Event #732416   t=3181.641002341032   Elapsed: 3181.59s (53m 01s)  50% completed  (50% total)
     Speed:     ev/sec=388.445   simsec/sec=1   ev/simsec=388.446
     Messages:  created: 91574   present: 56   in FES: 8
** Event #733440   t=3183.897797829985   Elapsed: 3183.84s (53m 03s)  50% completed  (50% total)
     Speed:     ev/sec=453.741   simsec/sec=1   ev/simsec=453.741
     Messages:  created: 91707   present: 70   in FES: 8
** Event #734464   t=3186.332220830969   Elapsed: 3186.28s (53m 06s)  50% completed  (50% total)
     Speed:     ev/sec=420.634   simsec/sec=1   ev/simsec=420.634
     Messages:  created: 91849   present: 108   in FES: 8
** Event #735744   t=3188.822903706244   Elapsed: 3188.77s (53m 08s)  50% completed  (50% total)
     Speed:     ev/sec=513.135   simsec/sec=0.998481   ev/simsec=513.915
     Messages:  created: 92038   present: 185   in FES: 7
** Event #737024   t=3191.27727552704   Elapsed: 3191.23s (53m 11s)  50% completed  (50% total)
     Speed:     ev/sec=520.356   simsec/sec=0.997772   ev/simsec=521.518
     Messages:  created: 92233   present: 261   in FES: 7
** Event #737792   t=3193.393673017261   Elapsed: 3193.35s (53m 13s)  50% completed  (50% total)
     Speed:     ev/sec=363.007   simsec/sec=1.00035   ev/simsec=362.881
     Messages:  created: 92338   present: 279   in FES: 7
** Event #738816   t=3195.44387704133   Elapsed: 3195.4s (53m 15s)  50% completed  (50% total)
     Speed:     ev/sec=499.766   simsec/sec=1.00061   ev/simsec=499.462
     Messages:  created: 92479   present: 305   in FES: 7
** Event #739840   t=3197.453274631718   Elapsed: 3197.4s (53m 17s)  50% completed  (50% total)
     Speed:     ev/sec=510.414   simsec/sec=1.00159   ev/simsec=509.605
     Messages:  created: 92641   present: 373   in FES: 7
** Event #740864   t=3199.598314323028   Elapsed: 3199.54s (53m 19s)  50% completed  (50% total)
     Speed:     ev/sec=478.102   simsec/sec=1.00151   ev/simsec=477.38
     Messages:  created: 92803   present: 441   in FES: 7
** Event #741888   t=3201.769161520647   Elapsed: 3201.73s (53m 21s)  50% completed  (50% total)
     Speed:     ev/sec=469.084   simsec/sec=0.994443   ev/simsec=471.705
     Messages:  created: 92944   present: 467   in FES: 7
** Event #742912   t=3204.019490902552   Elapsed: 3203.96s (53m 23s)  50% completed  (50% total)
     Speed:     ev/sec=457.611   simsec/sec=1.00564   ev/simsec=455.044
     Messages:  created: 93081   present: 485   in FES: 7
** Event #743936   t=3206.521118762662   Elapsed: 3206.47s (53m 26s)  50% completed  (50% total)
     Speed:     ev/sec=408.96   simsec/sec=0.999087   ev/simsec=409.333
     Messages:  created: 93211   present: 489   in FES: 7
** Event #744960   t=3208.956840602868   Elapsed: 3208.91s (53m 28s)  50% completed  (50% total)
     Speed:     ev/sec=420.25   simsec/sec=0.999622   ev/simsec=420.409
     Messages:  created: 93359   present: 529   in FES: 7
** Event #745728   t=3210.989761565582   Elapsed: 3210.94s (53m 30s)  50% completed  (50% total)
     Speed:     ev/sec=376.694   simsec/sec=0.99712   ev/simsec=377.782
     Messages:  created: 93443   present: 505   in FES: 7
** Event #746496   t=3213.276567665228   Elapsed: 3213.23s (53m 33s)  51% completed  (51% total)
     Speed:     ev/sec=336.093   simsec/sec=1.00075   ev/simsec=335.84
     Messages:  created: 93532   present: 491   in FES: 7
** Event #747776   t=3215.718661891447   Elapsed: 3215.67s (53m 35s)  51% completed  (51% total)
     Speed:     ev/sec=523.629   simsec/sec=0.999025   ev/simsec=524.14
     Messages:  created: 93711   present: 529   in FES: 7
** Event #748800   t=3217.954792241548   Elapsed: 3217.91s (53m 37s)  51% completed  (51% total)
     Speed:     ev/sec=458.743   simsec/sec=1.00177   ev/simsec=457.934
     Messages:  created: 93839   present: 529   in FES: 7
** Event #750080   t=3219.96582125239   Elapsed: 3219.93s (53m 39s)  51% completed  (51% total)
     Speed:     ev/sec=632.895   simsec/sec=0.994351   ev/simsec=636.49
     Messages:  created: 94055   present: 641   in FES: 7
** Event #751104   t=3222.16170135308   Elapsed: 3222.11s (53m 42s)  51% completed  (51% total)
     Speed:     ev/sec=470.095   simsec/sec=1.00808   ev/simsec=466.328
     Messages:  created: 94196   present: 667   in FES: 7
** Event #752128   t=3224.301490001035   Elapsed: 3224.27s (53m 44s)  51% completed  (51% total)
     Speed:     ev/sec=472.39   simsec/sec=0.987124   ev/simsec=478.552
     Messages:  created: 94330   present: 679   in FES: 7
** Event #753152   t=3226.589521037204   Elapsed: 3226.54s (53m 46s)  51% completed  (51% total)
     Speed:     ev/sec=451.477   simsec/sec=1.00878   ev/simsec=447.546
     Messages:  created: 94475   present: 713   in FES: 7
** Event #753920   t=3228.624202211301   Elapsed: 3228.59s (53m 48s)  51% completed  (51% total)
     Speed:     ev/sec=374.473   simsec/sec=0.992101   ev/simsec=377.455
     Messages:  created: 94553   present: 677   in FES: 7
** Event #754944   t=3231.078433833615   Elapsed: 3231.05s (53m 51s)  51% completed  (51% total)
     Speed:     ev/sec=416.844   simsec/sec=0.999054   ev/simsec=417.239
     Messages:  created: 94693   present: 701   in FES: 7
** Event #755968   t=3233.609101700019   Elapsed: 3233.58s (53m 53s)  51% completed  (51% total)
     Speed:     ev/sec=405.123   simsec/sec=1.0012   ev/simsec=404.636
     Messages:  created: 94804   present: 667   in FES: 7
** Event #756736   t=3235.73088913   Elapsed: 3235.68s (53m 55s)  51% completed  (51% total)
     Speed:     ev/sec=365   simsec/sec=1.0084   ev/simsec=361.959
     Messages:  created: 94887   present: 641   in FES: 7
** Event #757504   t=3237.936293823101   Elapsed: 3237.91s (53m 57s)  51% completed  (51% total)
     Speed:     ev/sec=345.371   simsec/sec=0.991774   ev/simsec=348.235
     Messages:  created: 94964   present: 603   in FES: 7
** Event #758528   t=3240.374644868401   Elapsed: 3240.32s (54m 00s)  51% completed  (51% total)
     Speed:     ev/sec=424.146   simsec/sec=1.00998   ev/simsec=419.956
     Messages:  created: 95075   present: 570   in FES: 9
t=3240.843506 executing setDimmer(0.75)
t=3240.843526 addServer() complete
** Event #759552   t=3242.719599515795   Elapsed: 3242.66s (54m 02s)  51% completed  (51% total)
     Speed:     ev/sec=436.68   simsec/sec=0.999996   ev/simsec=436.682
     Messages:  created: 95159   present: 481   in FES: 7
** Event #760832   t=3244.915255779212   Elapsed: 3244.87s (54m 04s)  51% completed  (51% total)
     Speed:     ev/sec=581.088   simsec/sec=0.996773   ev/simsec=582.969
     Messages:  created: 95295   present: 434   in FES: 7
** Event #761856   t=3247.055923319684   Elapsed: 3247.01s (54m 07s)  51% completed  (51% total)
     Speed:     ev/sec=477.902   simsec/sec=0.999053   ev/simsec=478.355
     Messages:  created: 95368   present: 324   in FES: 7
** Event #762880   t=3249.193317920106   Elapsed: 3249.14s (54m 09s)  51% completed  (51% total)
     Speed:     ev/sec=481.149   simsec/sec=1.0043   ev/simsec=479.088
     Messages:  created: 95458   present: 248   in FES: 8
** Event #763904   t=3251.531614290174   Elapsed: 3251.48s (54m 11s)  51% completed  (51% total)
     Speed:     ev/sec=437.87   simsec/sec=0.999872   ev/simsec=437.926
     Messages:  created: 95547   present: 157   in FES: 6
** Event #765184   t=3253.647197164477   Elapsed: 3253.59s (54m 13s)  51% completed  (51% total)
     Speed:     ev/sec=605.119   simsec/sec=1.00014   ev/simsec=605.034
     Messages:  created: 95686   present: 100   in FES: 8
** Event #766464   t=3255.985491472856   Elapsed: 3255.94s (54m 15s)  51% completed  (51% total)
     Speed:     ev/sec=546.043   simsec/sec=0.997508   ev/simsec=547.408
     Messages:  created: 95816   present: 21   in FES: 7
** Event #767232   t=3258.071502776996   Elapsed: 3258.02s (54m 18s)  51% completed  (51% total)
     Speed:     ev/sec=369.2   simsec/sec=1.00281   ev/simsec=368.167
     Messages:  created: 95908   present: 11   in FES: 7
** Event #768000   t=3260.771954758169   Elapsed: 3260.72s (54m 20s)  51% completed  (51% total)
     Speed:     ev/sec=284.397   simsec/sec=1   ev/simsec=284.397
     Messages:  created: 96004   present: 11   in FES: 6
** Event #769024   t=3263.014877164645   Elapsed: 3262.97s (54m 22s)  51% completed  (51% total)
     Speed:     ev/sec=454.713   simsec/sec=0.995981   ev/simsec=456.547
     Messages:  created: 96133   present: 13   in FES: 7
** Event #770304   t=3265.065555288733   Elapsed: 3265.01s (54m 25s)  51% completed  (51% total)
     Speed:     ev/sec=626.951   simsec/sec=1.00443   ev/simsec=624.184
     Messages:  created: 96293   present: 12   in FES: 7
** Event #771328   t=3267.519197984737   Elapsed: 3267.46s (54m 27s)  51% completed  (51% total)
     Speed:     ev/sec=417.338   simsec/sec=0.999999   ev/simsec=417.339
     Messages:  created: 96420   present: 11   in FES: 7
** Event #772608   t=3269.698096203467   Elapsed: 3269.65s (54m 29s)  51% completed  (51% total)
     Speed:     ev/sec=586.839   simsec/sec=0.998955   ev/simsec=587.453
     Messages:  created: 96584   present: 21   in FES: 7
** Event #774144   t=3271.845851182162   Elapsed: 3271.79s (54m 31s)  51% completed  (51% total)
     Speed:     ev/sec=715.422   simsec/sec=1.00036   ev/simsec=715.165
     Messages:  created: 96773   present: 13   in FES: 5
** Event #775168   t=3274.433732752444   Elapsed: 3274.38s (54m 34s)  51% completed  (51% total)
     Speed:     ev/sec=395.921   simsec/sec=1.00058   ev/simsec=395.69
     Messages:  created: 96903   present: 17   in FES: 8
** Event #776192   t=3277.132140205607   Elapsed: 3277.08s (54m 37s)  52% completed  (52% total)
     Speed:     ev/sec=379.483   simsec/sec=1   ev/simsec=379.483
     Messages:  created: 97028   present: 10   in FES: 6
** Event #777216   t=3279.264658126023   Elapsed: 3279.21s (54m 39s)  52% completed  (52% total)
     Speed:     ev/sec=480.184   simsec/sec=1   ev/simsec=480.184
     Messages:  created: 97156   present: 11   in FES: 6
** Event #778240   t=3281.97249457499   Elapsed: 3281.92s (54m 41s)  52% completed  (52% total)
     Speed:     ev/sec=378.162   simsec/sec=1   ev/simsec=378.162
     Messages:  created: 97284   present: 9   in FES: 5
** Event #779520   t=3284.689310743475   Elapsed: 3284.63s (54m 44s)  52% completed  (52% total)
     Speed:     ev/sec=471.14   simsec/sec=1   ev/simsec=471.14
     Messages:  created: 97444   present: 10   in FES: 6
** Event #780288   t=3287.782182412536   Elapsed: 3287.73s (54m 47s)  52% completed  (52% total)
     Speed:     ev/sec=248.313   simsec/sec=0.999999   ev/simsec=248.313
     Messages:  created: 97540   present: 10   in FES: 6
** Event #781056   t=3289.895844497446   Elapsed: 3289.85s (54m 49s)  52% completed  (52% total)
     Speed:     ev/sec=361.031   simsec/sec=0.993618   ev/simsec=363.35
     Messages:  created: 97637   present: 13   in FES: 7
** Event #782336   t=3292.498894606598   Elapsed: 3292.44s (54m 52s)  52% completed  (52% total)
     Speed:     ev/sec=494.309   simsec/sec=1.00524   ev/simsec=491.731
     Messages:  created: 97796   present: 11   in FES: 7
** Event #783104   t=3294.604329139583   Elapsed: 3294.55s (54m 54s)  52% completed  (52% total)
     Speed:     ev/sec=364.77   simsec/sec=1   ev/simsec=364.77
     Messages:  created: 97892   present: 9   in FES: 5
** Event #784384   t=3296.939599793585   Elapsed: 3296.89s (54m 56s)  52% completed  (52% total)
     Speed:     ev/sec=547.898   simsec/sec=0.999602   ev/simsec=548.116
     Messages:  created: 98053   present: 13   in FES: 7
** Event #785152   t=3299.429682990924   Elapsed: 3299.37s (54m 59s)  52% completed  (52% total)
     Speed:     ev/sec=308.539   simsec/sec=1.00037   ev/simsec=308.423
     Messages:  created: 98148   present: 11   in FES: 7
t=3300.843541 executing setDimmer(0.5)
** Event #786176   t=3301.978399689061   Elapsed: 3301.92s (55m 01s)  52% completed  (52% total)
     Speed:     ev/sec=401.77   simsec/sec=0.999999   ev/simsec=401.771
     Messages:  created: 98275   present: 9   in FES: 5
** Event #786944   t=3304.002064212856   Elapsed: 3303.95s (55m 03s)  52% completed  (52% total)
     Speed:     ev/sec=379.51   simsec/sec=1   ev/simsec=379.51
     Messages:  created: 98372   present: 11   in FES: 7
** Event #787712   t=3306.262719316558   Elapsed: 3306.21s (55m 06s)  52% completed  (52% total)
     Speed:     ev/sec=339.725   simsec/sec=1   ev/simsec=339.725
     Messages:  created: 98467   present: 9   in FES: 5
** Event #788992   t=3308.43323747721   Elapsed: 3308.38s (55m 08s)  52% completed  (52% total)
     Speed:     ev/sec=589.722   simsec/sec=1   ev/simsec=589.721
     Messages:  created: 98628   present: 12   in FES: 7
** Event #790016   t=3310.863140926121   Elapsed: 3310.81s (55m 10s)  52% completed  (52% total)
     Speed:     ev/sec=421.417   simsec/sec=1   ev/simsec=421.416
     Messages:  created: 98755   present: 10   in FES: 6
** Event #791040   t=3312.86542430188   Elapsed: 3312.81s (55m 12s)  52% completed  (52% total)
     Speed:     ev/sec=511.414   simsec/sec=0.999997   ev/simsec=511.416
     Messages:  created: 98883   present: 10   in FES: 6
** Event #792576   t=3314.976424538456   Elapsed: 3314.92s (55m 14s)  52% completed  (52% total)
     Speed:     ev/sec=727.223   simsec/sec=0.999459   ev/simsec=727.617
     Messages:  created: 99077   present: 15   in FES: 7
** Event #793856   t=3317.365338316952   Elapsed: 3317.31s (55m 17s)  52% completed  (52% total)
     Speed:     ev/sec=536.066   simsec/sec=1.00048   ev/simsec=535.808
     Messages:  created: 99235   present: 10   in FES: 6
** Event #794880   t=3319.533766918932   Elapsed: 3319.48s (55m 19s)  52% completed  (52% total)
     Speed:     ev/sec=472.231   simsec/sec=0.999999   ev/simsec=472.231
     Messages:  created: 99363   present: 10   in FES: 6
** Event #795904   t=3321.779027502324   Elapsed: 3321.72s (55m 21s)  52% completed  (52% total)
     Speed:     ev/sec=456.071   simsec/sec=0.999999   ev/simsec=456.072
     Messages:  created: 99492   present: 11   in FES: 7
** Event #797440   t=3324.496846421016   Elapsed: 3324.44s (55m 24s)  52% completed  (52% total)
     Speed:     ev/sec=565.16   simsec/sec=1   ev/simsec=565.159
     Messages:  created: 99684   present: 11   in FES: 7
** Event #798208   t=3327.010924352004   Elapsed: 3326.96s (55m 26s)  52% completed  (52% total)
     Speed:     ev/sec=305.479   simsec/sec=0.999997   ev/simsec=305.48
     Messages:  created: 99780   present: 12   in FES: 7
** Event #799232   t=3329.167826182424   Elapsed: 3329.11s (55m 29s)  52% completed  (52% total)
     Speed:     ev/sec=474.755   simsec/sec=1   ev/simsec=474.755
     Messages:  created: 99907   present: 10   in FES: 6
** Event #800512   t=3331.693040061207   Elapsed: 3331.64s (55m 31s)  52% completed  (52% total)
     Speed:     ev/sec=506.889   simsec/sec=1   ev/simsec=506.888
     Messages:  created: 100067   present: 10   in FES: 6
** Event #801536   t=3333.869440705581   Elapsed: 3333.81s (55m 33s)  52% completed  (52% total)
     Speed:     ev/sec=470.5   simsec/sec=0.999998   ev/simsec=470.502
     Messages:  created: 100196   present: 12   in FES: 7
** Event #802560   t=3336.069896540371   Elapsed: 3336.01s (55m 36s)  52% completed  (52% total)
     Speed:     ev/sec=465.354   simsec/sec=0.999991   ev/simsec=465.358
     Messages:  created: 100323   present: 9   in FES: 5
** Event #803328   t=3338.097890535534   Elapsed: 3338.04s (55m 38s)  52% completed  (52% total)
     Speed:     ev/sec=378.704   simsec/sec=1.00001   ev/simsec=378.699
     Messages:  created: 100420   present: 11   in FES: 7
** Event #804352   t=3340.559701972221   Elapsed: 3340.5s (55m 40s)  53% completed  (53% total)
     Speed:     ev/sec=415.953   simsec/sec=0.999997   ev/simsec=415.954
     Messages:  created: 100548   present: 11   in FES: 7
** Event #805376   t=3342.902901054644   Elapsed: 3342.85s (55m 42s)  53% completed  (53% total)
     Speed:     ev/sec=437.01   simsec/sec=1   ev/simsec=437.009
     Messages:  created: 100676   present: 11   in FES: 7
** Event #806400   t=3345.186764106041   Elapsed: 3345.13s (55m 45s)  53% completed  (53% total)
     Speed:     ev/sec=448.362   simsec/sec=0.999998   ev/simsec=448.363
     Messages:  created: 100804   present: 12   in FES: 7
** Event #807168   t=3347.199465873724   Elapsed: 3347.14s (55m 47s)  53% completed  (53% total)
     Speed:     ev/sec=381.577   simsec/sec=1   ev/simsec=381.577
     Messages:  created: 100899   present: 9   in FES: 5
** Event #808448   t=3349.438308048594   Elapsed: 3349.38s (55m 49s)  53% completed  (53% total)
     Speed:     ev/sec=571.723   simsec/sec=0.999999   ev/simsec=571.724
     Messages:  created: 101060   present: 12   in FES: 7
** Event #809472   t=3351.681020842733   Elapsed: 3351.63s (55m 51s)  53% completed  (53% total)
     Speed:     ev/sec=456.59   simsec/sec=1   ev/simsec=456.59
     Messages:  created: 101191   present: 19   in FES: 8
** Event #810240   t=3353.729994230631   Elapsed: 3353.68s (55m 53s)  53% completed  (53% total)
     Speed:     ev/sec=374.818   simsec/sec=0.99999   ev/simsec=374.822
     Messages:  created: 101283   present: 9   in FES: 5
** Event #811008   t=3356.750924439771   Elapsed: 3356.7s (55m 56s)  53% completed  (53% total)
     Speed:     ev/sec=254.228   simsec/sec=1.00001   ev/simsec=254.226
     Messages:  created: 101379   present: 9   in FES: 5
** Event #811776   t=3359.401916480898   Elapsed: 3359.35s (55m 59s)  53% completed  (53% total)
     Speed:     ev/sec=289.703   simsec/sec=0.999999   ev/simsec=289.703
     Messages:  created: 101476   present: 12   in FES: 8
t=3360.84351 executing setDimmer(0.75)
** Event #812800   t=3361.609127103288   Elapsed: 3361.55s (56m 01s)  53% completed  (53% total)
     Speed:     ev/sec=463.935   simsec/sec=1   ev/simsec=463.934
     Messages:  created: 101603   present: 12   in FES: 7
** Event #813824   t=3363.715425935668   Elapsed: 3363.66s (56m 03s)  53% completed  (53% total)
     Speed:     ev/sec=485.976   simsec/sec=0.999619   ev/simsec=486.161
     Messages:  created: 101730   present: 9   in FES: 5
** Event #814592   t=3365.746748433926   Elapsed: 3365.69s (56m 05s)  53% completed  (53% total)
     Speed:     ev/sec=377.933   simsec/sec=0.999615   ev/simsec=378.079
     Messages:  created: 101826   present: 9   in FES: 5
** Event #815616   t=3367.902794002776   Elapsed: 3367.85s (56m 07s)  53% completed  (53% total)
     Speed:     ev/sec=475.198   simsec/sec=1.00054   ev/simsec=474.944
     Messages:  created: 101954   present: 9   in FES: 5
** Event #816640   t=3370.36705251291   Elapsed: 3370.31s (56m 10s)  53% completed  (53% total)
     Speed:     ev/sec=415.612   simsec/sec=1.00017   ev/simsec=415.541
     Messages:  created: 102084   present: 13   in FES: 7
** Event #818176   t=3372.54439005297   Elapsed: 3372.5s (56m 12s)  53% completed  (53% total)
     Speed:     ev/sec=703.014   simsec/sec=0.996549   ev/simsec=705.449
     Messages:  created: 102277   present: 17   in FES: 7
** Event #819456   t=3374.91029990026   Elapsed: 3374.87s (56m 14s)  53% completed  (53% total)
     Speed:     ev/sec=538.544   simsec/sec=0.995427   ev/simsec=541.018
     Messages:  created: 102434   present: 9   in FES: 5
** Event #820736   t=3377.245195963279   Elapsed: 3377.19s (56m 17s)  53% completed  (53% total)
     Speed:     ev/sec=552.561   simsec/sec=1.00795   ev/simsec=548.204
     Messages:  created: 102595   present: 11   in FES: 7
** Event #821760   t=3379.423611511968   Elapsed: 3379.38s (56m 19s)  53% completed  (53% total)
     Speed:     ev/sec=468.387   simsec/sec=0.996427   ev/simsec=470.066
     Messages:  created: 102722   present: 9   in FES: 5
** Event #823040   t=3381.750471024914   Elapsed: 3381.7s (56m 21s)  53% completed  (53% total)
     Speed:     ev/sec=551.95   simsec/sec=1.00337   ev/simsec=550.098
     Messages:  created: 102888   present: 24   in FES: 8
** Event #824576   t=3384.057592909057   Elapsed: 3384s (56m 24s)  53% completed  (53% total)
     Speed:     ev/sec=665.765   simsec/sec=1   ev/simsec=665.765
     Messages:  created: 103078   present: 19   in FES: 8
** Event #825856   t=3386.243052400856   Elapsed: 3386.19s (56m 26s)  53% completed  (53% total)
     Speed:     ev/sec=585.692   simsec/sec=1   ev/simsec=585.689
     Messages:  created: 103235   present: 12   in FES: 8
** Event #826880   t=3388.37717148859   Elapsed: 3388.32s (56m 28s)  53% completed  (53% total)
     Speed:     ev/sec=479.822   simsec/sec=0.999997   ev/simsec=479.823
     Messages:  created: 103365   present: 16   in FES: 8
** Event #827648   t=3390.550411482041   Elapsed: 3390.5s (56m 30s)  53% completed  (53% total)
     Speed:     ev/sec=353.39   simsec/sec=1   ev/simsec=353.389
     Messages:  created: 103459   present: 12   in FES: 6
** Event #828672   t=3392.777299776957   Elapsed: 3392.72s (56m 32s)  53% completed  (53% total)
     Speed:     ev/sec=459.835   simsec/sec=1   ev/simsec=459.834
     Messages:  created: 103592   present: 24   in FES: 8
** Event #830208   t=3395.202511923373   Elapsed: 3395.15s (56m 35s)  53% completed  (53% total)
     Speed:     ev/sec=633.346   simsec/sec=0.999999   ev/simsec=633.347
     Messages:  created: 103779   present: 12   in FES: 7
** Event #830976   t=3397.257145709516   Elapsed: 3397.21s (56m 37s)  53% completed  (53% total)
     Speed:     ev/sec=372.616   simsec/sec=0.996862   ev/simsec=373.789
     Messages:  created: 103874   present: 9   in FES: 5
** Event #832000   t=3399.791657003492   Elapsed: 3399.74s (56m 39s)  53% completed  (53% total)
     Speed:     ev/sec=405.056   simsec/sec=1.00256   ev/simsec=404.023
     Messages:  created: 104003   present: 12   in FES: 7
** Event #832768   t=3401.92474718196   Elapsed: 3401.87s (56m 41s)  53% completed  (53% total)
     Speed:     ev/sec=360.041   simsec/sec=1   ev/simsec=360.041
     Messages:  created: 104099   present: 11   in FES: 7
** Event #834048   t=3404.267161648371   Elapsed: 3404.21s (56m 44s)  54% completed  (54% total)
     Speed:     ev/sec=546.445   simsec/sec=1   ev/simsec=546.445
     Messages:  created: 104262   present: 20   in FES: 8
** Event #835328   t=3406.39422685678   Elapsed: 3406.34s (56m 46s)  54% completed  (54% total)
     Speed:     ev/sec=601.552   simsec/sec=0.999641   ev/simsec=601.768
     Messages:  created: 104418   present: 9   in FES: 5
** Event #836096   t=3408.606885476555   Elapsed: 3408.55s (56m 48s)  54% completed  (54% total)
     Speed:     ev/sec=347.139   simsec/sec=1.00013   ev/simsec=347.094
     Messages:  created: 104514   present: 9   in FES: 5
** Event #836864   t=3411.09733970446   Elapsed: 3411.04s (56m 51s)  54% completed  (54% total)
     Speed:     ev/sec=308.33   simsec/sec=0.999845   ev/simsec=308.377
     Messages:  created: 104610   present: 9   in FES: 5
** Event #837888   t=3413.816568982622   Elapsed: 3413.76s (56m 53s)  54% completed  (54% total)
     Speed:     ev/sec=376.698   simsec/sec=1.00032   ev/simsec=376.577
     Messages:  created: 104740   present: 15   in FES: 8
** Event #838656   t=3416.272816417454   Elapsed: 3416.22s (56m 56s)  54% completed  (54% total)
     Speed:     ev/sec=312.672   simsec/sec=0.999999   ev/simsec=312.672
     Messages:  created: 104835   present: 11   in FES: 7
** Event #839424   t=3418.361631826065   Elapsed: 3418.31s (56m 58s)  54% completed  (54% total)
     Speed:     ev/sec=367.472   simsec/sec=0.999455   ev/simsec=367.673
     Messages:  created: 104930   present: 9   in FES: 5
** Event #840448   t=3420.792978246409   Elapsed: 3420.75s (57m 00s)  54% completed  (54% total)
     Speed:     ev/sec=419.629   simsec/sec=0.996351   ev/simsec=421.166
     Messages:  created: 105058   present: 10   in FES: 6
t=3420.843539 executing setDimmer(1)
** Event #841472   t=3423.284034542194   Elapsed: 3423.23s (57m 03s)  54% completed  (54% total)
     Speed:     ev/sec=412.568   simsec/sec=1.00364   ev/simsec=411.071
     Messages:  created: 105186   present: 11   in FES: 7
** Event #842496   t=3425.295788534831   Elapsed: 3425.24s (57m 05s)  54% completed  (54% total)
     Speed:     ev/sec=509.262   simsec/sec=1.0005   ev/simsec=509.009
     Messages:  created: 105331   present: 56   in FES: 8
** Event #843776   t=3427.351517736879   Elapsed: 3427.3s (57m 07s)  54% completed  (54% total)
     Speed:     ev/sec=622.34   simsec/sec=0.999502   ev/simsec=622.65
     Messages:  created: 105498   present: 75   in FES: 7
** Event #845056   t=3429.678069512397   Elapsed: 3429.62s (57m 09s)  54% completed  (54% total)
     Speed:     ev/sec=550.413   simsec/sec=1.00044   ev/simsec=550.17
     Messages:  created: 105663   present: 87   in FES: 8
** Event #846336   t=3431.896507954517   Elapsed: 3431.84s (57m 11s)  54% completed  (54% total)
     Speed:     ev/sec=576.982   simsec/sec=0.999999   ev/simsec=576.982
     Messages:  created: 105809   present: 50   in FES: 8
** Event #847616   t=3434.253496416894   Elapsed: 3434.2s (57m 14s)  54% completed  (54% total)
     Speed:     ev/sec=543.066   simsec/sec=1   ev/simsec=543.066
     Messages:  created: 105962   present: 31   in FES: 8
** Event #848384   t=3436.66624902123   Elapsed: 3436.61s (57m 16s)  54% completed  (54% total)
     Speed:     ev/sec=318.309   simsec/sec=1   ev/simsec=318.309
     Messages:  created: 106050   present: 10   in FES: 6
** Event #849152   t=3438.884054668509   Elapsed: 3438.85s (57m 18s)  54% completed  (54% total)
     Speed:     ev/sec=343.256   simsec/sec=0.991245   ev/simsec=346.288
     Messages:  created: 106146   present: 11   in FES: 6
** Event #849920   t=3441.090598203515   Elapsed: 3441.04s (57m 21s)  54% completed  (54% total)
     Speed:     ev/sec=351.089   simsec/sec=1.00871   ev/simsec=348.056
     Messages:  created: 106242   present: 11   in FES: 6
** Event #850944   t=3443.537251188187   Elapsed: 3443.48s (57m 23s)  54% completed  (54% total)
     Speed:     ev/sec=418.621   simsec/sec=1.00022   ev/simsec=418.531
     Messages:  created: 106376   present: 26   in FES: 8
** Event #851968   t=3445.868612889617   Elapsed: 3445.81s (57m 25s)  54% completed  (54% total)
     Speed:     ev/sec=439.228   simsec/sec=0.999999   ev/simsec=439.228
     Messages:  created: 106500   present: 16   in FES: 7
** Event #852992   t=3447.897706102756   Elapsed: 3447.86s (57m 27s)  54% completed  (54% total)
     Speed:     ev/sec=500.18   simsec/sec=0.991125   ev/simsec=504.659
     Messages:  created: 106626   present: 11   in FES: 6
** Event #853760   t=3450.010356727732   Elapsed: 3449.96s (57m 29s)  54% completed  (54% total)
     Speed:     ev/sec=365.188   simsec/sec=1.00458   ev/simsec=363.524
     Messages:  created: 106722   present: 11   in FES: 6
** Event #854784   t=3452.646216611119   Elapsed: 3452.59s (57m 32s)  54% completed  (54% total)
     Speed:     ev/sec=389.493   simsec/sec=1.00259   ev/simsec=388.488
     Messages:  created: 106850   present: 11   in FES: 7
** Event #856064   t=3454.884726850985   Elapsed: 3454.83s (57m 34s)  54% completed  (54% total)
     Speed:     ev/sec=572.256   simsec/sec=1.00078   ev/simsec=571.809
     Messages:  created: 107019   present: 34   in FES: 8
** Event #857344   t=3456.943583708599   Elapsed: 3456.89s (57m 36s)  54% completed  (54% total)
     Speed:     ev/sec=621.701   simsec/sec=0.999996   ev/simsec=621.704
     Messages:  created: 107178   present: 31   in FES: 8
** Event #858880   t=3459.262831871986   Elapsed: 3459.21s (57m 39s)  54% completed  (54% total)
     Speed:     ev/sec=660.653   simsec/sec=0.997537   ev/simsec=662.284
     Messages:  created: 107371   present: 35   in FES: 7
** Event #860416   t=3461.629194293833   Elapsed: 3461.57s (57m 41s)  54% completed  (54% total)
     Speed:     ev/sec=650.673   simsec/sec=1.00243   ev/simsec=649.098
     Messages:  created: 107577   present: 72   in FES: 8
** Event #861696   t=3464.071584013748   Elapsed: 3464.02s (57m 44s)  54% completed  (54% total)
     Speed:     ev/sec=524.077   simsec/sec=1   ev/simsec=524.077
     Messages:  created: 107722   present: 33   in FES: 8
** Event #862976   t=3466.60772837953   Elapsed: 3466.55s (57m 46s)  55% completed  (55% total)
     Speed:     ev/sec=504.703   simsec/sec=0.999999   ev/simsec=504.703
     Messages:  created: 107878   present: 22   in FES: 8
** Event #863744   t=3468.658552657174   Elapsed: 3468.6s (57m 48s)  55% completed  (55% total)
     Speed:     ev/sec=374.483   simsec/sec=1   ev/simsec=374.484
     Messages:  created: 107969   present: 9   in FES: 5
** Event #864512   t=3470.818113251657   Elapsed: 3470.76s (57m 50s)  55% completed  (55% total)
     Speed:     ev/sec=355.628   simsec/sec=0.999999   ev/simsec=355.628
     Messages:  created: 108067   present: 13   in FES: 8
** Event #865792   t=3472.877276375745   Elapsed: 3472.82s (57m 52s)  55% completed  (55% total)
     Speed:     ev/sec=621.154   simsec/sec=0.999263   ev/simsec=621.612
     Messages:  created: 108244   present: 59   in FES: 7
** Event #867072   t=3475.090697456048   Elapsed: 3475.04s (57m 55s)  55% completed  (55% total)
     Speed:     ev/sec=576.985   simsec/sec=0.997743   ev/simsec=578.29
     Messages:  created: 108404   present: 59   in FES: 7
** Event #868352   t=3477.242452326261   Elapsed: 3477.19s (57m 57s)  55% completed  (55% total)
     Speed:     ev/sec=596.675   simsec/sec=1.00305   ev/simsec=594.863
     Messages:  created: 108560   present: 48   in FES: 8
** Event #869376   t=3479.411790355063   Elapsed: 3479.36s (57m 59s)  55% completed  (55% total)
     Speed:     ev/sec=472.033   simsec/sec=1   ev/simsec=472.033
     Messages:  created: 108684   present: 38   in FES: 8
** Event #870912   t=3481.961520494398   Elapsed: 3481.91s (58m 01s)  55% completed  (55% total)
     Speed:     ev/sec=602.416   simsec/sec=0.999998   ev/simsec=602.417
     Messages:  created: 108876   present: 39   in FES: 7
** Event #871680   t=3483.98591548054   Elapsed: 3483.93s (58m 03s)  55% completed  (55% total)
     Speed:     ev/sec=379.372   simsec/sec=0.999999   ev/simsec=379.373
     Messages:  created: 108968   present: 29   in FES: 8
** Event #872960   t=3486.221419614292   Elapsed: 3486.17s (58m 06s)  55% completed  (55% total)
     Speed:     ev/sec=572.577   simsec/sec=0.999999   ev/simsec=572.578
     Messages:  created: 109129   present: 32   in FES: 8
** Event #873984   t=3488.455633311746   Elapsed: 3488.4s (58m 08s)  55% completed  (55% total)
     Speed:     ev/sec=458.327   simsec/sec=1   ev/simsec=458.327
     Messages:  created: 109254   present: 23   in FES: 8
** Event #875008   t=3490.731542266183   Elapsed: 3490.68s (58m 10s)  55% completed  (55% total)
     Speed:     ev/sec=449.931   simsec/sec=1   ev/simsec=449.93
     Messages:  created: 109379   present: 14   in FES: 7
** Event #875776   t=3493.127237277657   Elapsed: 3493.09s (58m 13s)  55% completed  (55% total)
     Speed:     ev/sec=317.802   simsec/sec=0.991349   ev/simsec=320.575
     Messages:  created: 109473   present: 10   in FES: 6
** Event #876800   t=3495.792746509723   Elapsed: 3495.74s (58m 15s)  55% completed  (55% total)
     Speed:     ev/sec=387.203   simsec/sec=1.0079   ev/simsec=384.167
     Messages:  created: 109602   present: 12   in FES: 7
** Event #877568   t=3498.404753142286   Elapsed: 3498.35s (58m 18s)  55% completed  (55% total)
     Speed:     ev/sec=294.027   simsec/sec=0.999999   ev/simsec=294.027
     Messages:  created: 109698   present: 12   in FES: 7
** Event #878336   t=3500.631394402413   Elapsed: 3500.59s (58m 20s)  55% completed  (55% total)
     Speed:     ev/sec=343.112   simsec/sec=0.994776   ev/simsec=344.914
     Messages:  created: 109793   present: 10   in FES: 6
** Event #879360   t=3503.143553872542   Elapsed: 3503.13s (58m 23s)  55% completed  (55% total)
     Speed:     ev/sec=402.711   simsec/sec=0.987964   ev/simsec=407.617
     Messages:  created: 109921   present: 10   in FES: 5
** Event #880640   t=3505.990694764241   Elapsed: 3505.95s (58m 25s)  55% completed  (55% total)
     Speed:     ev/sec=454.449   simsec/sec=1.01084   ev/simsec=449.574
     Messages:  created: 110081   present: 10   in FES: 6
** Event #881408   t=3508.021274176671   Elapsed: 3507.97s (58m 27s)  55% completed  (55% total)
     Speed:     ev/sec=380.353   simsec/sec=1.00565   ev/simsec=378.217
     Messages:  created: 110177   present: 10   in FES: 6
** Event #882176   t=3510.111112869002   Elapsed: 3510.06s (58m 30s)  55% completed  (55% total)
     Speed:     ev/sec=367.555   simsec/sec=1.00017   ev/simsec=367.492
     Messages:  created: 110274   present: 12   in FES: 7
** Event #883200   t=3512.281330413215   Elapsed: 3512.23s (58m 32s)  55% completed  (55% total)
     Speed:     ev/sec=471.842   simsec/sec=0.999999   ev/simsec=471.842
     Messages:  created: 110403   present: 14   in FES: 8
** Event #884480   t=3514.324829137243   Elapsed: 3514.27s (58m 34s)  55% completed  (55% total)
     Speed:     ev/sec=626.376   simsec/sec=0.999999   ev/simsec=626.377
     Messages:  created: 110587   present: 80   in FES: 8
** Event #885760   t=3516.368180049055   Elapsed: 3516.31s (58m 36s)  55% completed  (55% total)
     Speed:     ev/sec=626.422   simsec/sec=1   ev/simsec=626.422
     Messages:  created: 110755   present: 100   in FES: 8
** Event #887040   t=3518.597692709377   Elapsed: 3518.54s (58m 38s)  55% completed  (55% total)
     Speed:     ev/sec=574.116   simsec/sec=0.999999   ev/simsec=574.116
     Messages:  created: 110900   present: 60   in FES: 8
** Event #888320   t=3521.234314938474   Elapsed: 3521.2s (58m 41s)  55% completed  (55% total)
     Speed:     ev/sec=481.242   simsec/sec=0.991292   ev/simsec=485.47
     Messages:  created: 111041   present: 10   in FES: 6
** Event #889600   t=3523.437196389331   Elapsed: 3523.38s (58m 43s)  55% completed  (55% total)
     Speed:     ev/sec=587.231   simsec/sec=1.01063   ev/simsec=581.057
     Messages:  created: 111215   present: 48   in FES: 8
** Event #890880   t=3525.787311756842   Elapsed: 3525.74s (58m 45s)  55% completed  (55% total)
     Speed:     ev/sec=542.551   simsec/sec=0.996138   ev/simsec=544.654
     Messages:  created: 111373   present: 42   in FES: 7
** Event #891904   t=3528.361839380188   Elapsed: 3528.31s (58m 48s)  56% completed  (56% total)
     Speed:     ev/sec=399.156   simsec/sec=1.00355   ev/simsec=397.743
     Messages:  created: 111490   present: 13   in FES: 8
** Event #893184   t=3530.59688261017   Elapsed: 3530.54s (58m 50s)  56% completed  (56% total)
     Speed:     ev/sec=572.696   simsec/sec=1   ev/simsec=572.696
     Messages:  created: 111654   present: 24   in FES: 8
** Event #894208   t=3532.66824023062   Elapsed: 3532.61s (58m 52s)  56% completed  (56% total)
     Speed:     ev/sec=494.361   simsec/sec=0.999999   ev/simsec=494.362
     Messages:  created: 111778   present: 13   in FES: 7
** Event #895232   t=3534.880654290643   Elapsed: 3534.83s (58m 54s)  56% completed  (56% total)
     Speed:     ev/sec=462.844   simsec/sec=1   ev/simsec=462.843
     Messages:  created: 111912   present: 29   in FES: 8
** Event #896512   t=3537.595983770688   Elapsed: 3537.54s (58m 57s)  56% completed  (56% total)
     Speed:     ev/sec=471.397   simsec/sec=0.999998   ev/simsec=471.398
     Messages:  created: 112066   present: 13   in FES: 7
** Event #897536   t=3539.700637531838   Elapsed: 3539.65s (58m 59s)  56% completed  (56% total)
     Speed:     ev/sec=485.714   simsec/sec=0.998301   ev/simsec=486.541
     Messages:  created: 112193   present: 10   in FES: 6
** Event #898816   t=3541.963628703574   Elapsed: 3541.91s (59m 01s)  56% completed  (56% total)
     Speed:     ev/sec=566.521   simsec/sec=1.00159   ev/simsec=565.623
     Messages:  created: 112354   present: 15   in FES: 8
** Event #899840   t=3544.069928247685   Elapsed: 3544.02s (59m 04s)  56% completed  (56% total)
     Speed:     ev/sec=486.159   simsec/sec=0.999997   ev/simsec=486.161
     Messages:  created: 112481   present: 12   in FES: 7
** Event #900352   t=3546.095532982167   Elapsed: 3546.07s (59m 06s)  56% completed  (56% total)
     Speed:     ev/sec=249.123   simsec/sec=0.985596   ev/simsec=252.764
     Messages:  created: 112544   present: 9   in FES: 5
** Event #900864   t=3548.775863097889   Elapsed: 3548.73s (59m 08s)  56% completed  (56% total)
     Speed:     ev/sec=192.61   simsec/sec=1.00832   ev/simsec=191.021
     Messages:  created: 112608   present: 9   in FES: 5
** Event #901376   t=3551.836151634424   Elapsed: 3551.78s (59m 11s)  56% completed  (56% total)
     Speed:     ev/sec=167.632   simsec/sec=1.00196   ev/simsec=167.304
     Messages:  created: 112672   present: 9   in FES: 5
** Event #901888   t=3555.337446969218   Elapsed: 3555.28s (59m 15s)  56% completed  (56% total)
     Speed:     ev/sec=146.295   simsec/sec=1.00043   ev/simsec=146.232
     Messages:  created: 112737   present: 11   in FES: 7
** Event #902656   t=3557.882440478251   Elapsed: 3557.83s (59m 17s)  56% completed  (56% total)
     Speed:     ev/sec=301.769   simsec/sec=1   ev/simsec=301.769
     Messages:  created: 112833   present: 12   in FES: 8
** Event #903424   t=3560.386134741436   Elapsed: 3560.33s (59m 20s)  56% completed  (56% total)
     Speed:     ev/sec=306.747   simsec/sec=1   ev/simsec=306.747
     Messages:  created: 112929   present: 11   in FES: 7
** Event #903936   t=3563.051678675821   Elapsed: 3563.01s (59m 23s)  56% completed  (56% total)
     Speed:     ev/sec=191.303   simsec/sec=0.995949   ev/simsec=192.081
     Messages:  created: 112992   present: 9   in FES: 5
** Event #904704   t=3565.346508355443   Elapsed: 3565.31s (59m 25s)  56% completed  (56% total)
     Speed:     ev/sec=334.029   simsec/sec=0.998097   ev/simsec=334.665
     Messages:  created: 113088   present: 9   in FES: 5
** Event #905472   t=3567.687585722899   Elapsed: 3567.63s (59m 27s)  56% completed  (56% total)
     Speed:     ev/sec=330.2   simsec/sec=1.00654   ev/simsec=328.054
     Messages:  created: 113185   present: 11   in FES: 7
** Event #906496   t=3570.008612491022   Elapsed: 3569.96s (59m 29s)  56% completed  (56% total)
     Speed:     ev/sec=439.504   simsec/sec=0.996193   ev/simsec=441.184
     Messages:  created: 113312   present: 9   in FES: 5
** Event #907264   t=3572.347604855533   Elapsed: 3572.29s (59m 32s)  56% completed  (56% total)
     Speed:     ev/sec=329.596   simsec/sec=1.00381   ev/simsec=328.347
     Messages:  created: 113409   present: 11   in FES: 6
** Event #908288   t=3574.603500694735   Elapsed: 3574.56s (59m 34s)  56% completed  (56% total)
     Speed:     ev/sec=452.342   simsec/sec=0.996519   ev/simsec=453.922
     Messages:  created: 113536   present: 9   in FES: 5
** Event #909056   t=3576.902325437671   Elapsed: 3576.85s (59m 36s)  56% completed  (56% total)
     Speed:     ev/sec=335.233   simsec/sec=1.00344   ev/simsec=334.084
     Messages:  created: 113633   present: 11   in FES: 7
** Event #910592   t=3579.36455170836   Elapsed: 3579.31s (59m 39s)  56% completed  (56% total)
     Speed:     ev/sec=623.827   simsec/sec=1   ev/simsec=623.826
     Messages:  created: 113826   present: 14   in FES: 7
** Event #911616   t=3581.872810906609   Elapsed: 3581.82s (59m 41s)  56% completed  (56% total)
     Speed:     ev/sec=408.251   simsec/sec=0.999999   ev/simsec=408.251
     Messages:  created: 113953   present: 11   in FES: 7
** Event #912896   t=3584.527206100788   Elapsed: 3584.47s (59m 44s)  56% completed  (56% total)
     Speed:     ev/sec=482.219   simsec/sec=0.999999   ev/simsec=482.219
     Messages:  created: 114114   present: 13   in FES: 8
** Event #913664   t=3586.592195680787   Elapsed: 3586.54s (59m 46s)  56% completed  (56% total)
     Speed:     ev/sec=370.977   simsec/sec=0.997478   ev/simsec=371.915
     Messages:  created: 114208   present: 9   in FES: 5
** Event #914688   t=3588.967055301444   Elapsed: 3588.91s (59m 48s)  56% completed  (56% total)
     Speed:     ev/sec=432.133   simsec/sec=1.0022   ev/simsec=431.183
     Messages:  created: 114339   present: 16   in FES: 8
** Event #915200   t=3591.344579724692   Elapsed: 3591.29s (59m 51s)  57% completed  (57% total)
     Speed:     ev/sec=215.16   simsec/sec=0.999116   ev/simsec=215.35
     Messages:  created: 114400   present: 9   in FES: 5
** Event #916224   t=3593.560947499892   Elapsed: 3593.51s (59m 53s)  57% completed  (57% total)
     Speed:     ev/sec=462.456   simsec/sec=1.00095   ev/simsec=462.017
     Messages:  created: 114528   present: 9   in FES: 5
** Event #917248   t=3596.310768648908   Elapsed: 3596.28s (59m 56s)  57% completed  (57% total)
     Speed:     ev/sec=369.517   simsec/sec=0.99229   ev/simsec=372.388
     Messages:  created: 114656   present: 9   in FES: 5
** Event #918016   t=3599.088198616081   Elapsed: 3599.03s (59m 59s)  57% completed  (57% total)
     Speed:     ev/sec=278.659   simsec/sec=1.00775   ev/simsec=276.515
     Messages:  created: 114754   present: 13   in FES: 8
t=3600.843503 executing removeServer()
scheduled complete remove at 3600.901140954774
** Event #919040   t=3601.384077059235   Elapsed: 3601.33s (1h 00m)  57% completed  (57% total)
     Speed:     ev/sec=446.017   simsec/sec=1   ev/simsec=446.017
     Messages:  created: 114887   present: 23   in FES: 7
** Event #919808   t=3603.801745686445   Elapsed: 3603.75s (1h 00m)  57% completed  (57% total)
     Speed:     ev/sec=317.661   simsec/sec=1   ev/simsec=317.661
     Messages:  created: 114984   present: 25   in FES: 7
** Event #920832   t=3606.418724260867   Elapsed: 3606.37s (1h 00m)  57% completed  (57% total)
     Speed:     ev/sec=390.779   simsec/sec=0.998693   ev/simsec=391.291
     Messages:  created: 115107   present: 13   in FES: 6
** Event #921856   t=3608.578373950317   Elapsed: 3608.52s (1h 00m)  57% completed  (57% total)
     Speed:     ev/sec=474.904   simsec/sec=1.00159   ev/simsec=474.151
     Messages:  created: 115246   present: 42   in FES: 7
** Event #922880   t=3611.284504316259   Elapsed: 3611.23s (1h 00m)  57% completed  (57% total)
     Speed:     ev/sec=378.401   simsec/sec=1   ev/simsec=378.4
     Messages:  created: 115365   present: 19   in FES: 7
** Event #923648   t=3613.393959598618   Elapsed: 3613.35s (1h 00m)  57% completed  (57% total)
     Speed:     ev/sec=361.919   simsec/sec=0.994077   ev/simsec=364.075
     Messages:  created: 115468   present: 37   in FES: 6
** Event #924672   t=3616.017971166023   Elapsed: 3615.96s (1h 00m)  57% completed  (57% total)
     Speed:     ev/sec=392.119   simsec/sec=1.00481   ev/simsec=390.242
     Messages:  created: 115592   present: 25   in FES: 7
** Event #925696   t=3618.45283081376   Elapsed: 3618.4s (1h 00m)  57% completed  (57% total)
     Speed:     ev/sec=420.558   simsec/sec=1   ev/simsec=420.558
     Messages:  created: 115727   present: 44   in FES: 7
** Event #926720   t=3620.578316757273   Elapsed: 3620.53s (1h 00m)  57% completed  (57% total)
     Speed:     ev/sec=481.134   simsec/sec=0.998675   ev/simsec=481.772
     Messages:  created: 115873   present: 93   in FES: 6
** Event #927744   t=3622.788211436164   Elapsed: 3622.73s (1h 00m)  57% completed  (57% total)
     Speed:     ev/sec=463.962   simsec/sec=1.00128   ev/simsec=463.37
     Messages:  created: 116015   present: 130   in FES: 7
** Event #929024   t=3625.330514308125   Elapsed: 3625.28s (1h 00m)  57% completed  (57% total)
     Speed:     ev/sec=503.48   simsec/sec=0.999999   ev/simsec=503.481
     Messages:  created: 116188   present: 164   in FES: 7
** Event #930048   t=3627.773087135475   Elapsed: 3627.72s (1h 00m)  57% completed  (57% total)
     Speed:     ev/sec=418.689   simsec/sec=0.998708   ev/simsec=419.23
     Messages:  created: 116330   present: 202   in FES: 6
** Event #930816   t=3629.801858911601   Elapsed: 3629.76s (1h 00m)  57% completed  (57% total)
     Speed:     ev/sec=376.582   simsec/sec=0.994791   ev/simsec=378.554
     Messages:  created: 116427   present: 205   in FES: 6
** Event #931584   t=3631.921175002794   Elapsed: 3631.87s (1h 00m)  57% completed  (57% total)
     Speed:     ev/sec=364.753   simsec/sec=1.00655   ev/simsec=362.381
     Messages:  created: 116506   present: 159   in FES: 7
** Event #932608   t=3634.515355035241   Elapsed: 3634.48s (1h 00m)  57% completed  (57% total)
     Speed:     ev/sec=391.944   simsec/sec=0.992943   ev/simsec=394.73
     Messages:  created: 116618   present: 117   in FES: 6
** Event #933632   t=3636.669492732071   Elapsed: 3636.61s (1h 00m)  57% completed  (57% total)
     Speed:     ev/sec=479.469   simsec/sec=1.00863   ev/simsec=475.364
     Messages:  created: 116760   present: 154   in FES: 7
** Event #934656   t=3639.2244810097   Elapsed: 3639.17s (1h 00m)  57% completed  (57% total)
     Speed:     ev/sec=400.784   simsec/sec=0.999997   ev/simsec=400.785
     Messages:  created: 116881   present: 136   in FES: 7
** Event #935680   t=3641.44604797147   Elapsed: 3641.39s (1h 00m)  57% completed  (57% total)
     Speed:     ev/sec=460.936   simsec/sec=1   ev/simsec=460.936
     Messages:  created: 117019   present: 162   in FES: 7
** Event #936704   t=3643.775311755357   Elapsed: 3643.72s (1h 00m)  57% completed  (57% total)
     Speed:     ev/sec=439.624   simsec/sec=1   ev/simsec=439.624
     Messages:  created: 117155   present: 183   in FES: 7
** Event #937728   t=3646.146164111025   Elapsed: 3646.09s (1h 00m)  57% completed  (57% total)
     Speed:     ev/sec=431.912   simsec/sec=0.999999   ev/simsec=431.912
     Messages:  created: 117284   present: 187   in FES: 7
** Event #938752   t=3648.205688522364   Elapsed: 3648.15s (1h 00m)  57% completed  (57% total)
     Speed:     ev/sec=497.203   simsec/sec=1   ev/simsec=497.202
     Messages:  created: 117436   present: 240   in FES: 8
** Event #939776   t=3650.501647829886   Elapsed: 3650.45s (1h 00m)  57% completed  (57% total)
     Speed:     ev/sec=446   simsec/sec=0.999999   ev/simsec=446.001
     Messages:  created: 117563   present: 237   in FES: 7
** Event #940800   t=3652.799062872992   Elapsed: 3652.74s (1h 00m)  57% completed  (57% total)
     Speed:     ev/sec=445.718   simsec/sec=0.999999   ev/simsec=445.718
     Messages:  created: 117695   present: 245   in FES: 7
** Event #941824   t=3654.912453491584   Elapsed: 3654.86s (1h 00m)  58% completed  (58% total)
     Speed:     ev/sec=484.53   simsec/sec=1   ev/simsec=484.529
     Messages:  created: 117822   present: 244   in FES: 8
** Event #942848   t=3657.42651866209   Elapsed: 3657.37s (1h 00m)  58% completed  (58% total)
     Speed:     ev/sec=407.308   simsec/sec=0.999998   ev/simsec=407.308
     Messages:  created: 117963   present: 270   in FES: 8
** Event #943872   t=3659.791050030281   Elapsed: 3659.74s (1h 00m)  58% completed  (58% total)
     Speed:     ev/sec=433.068   simsec/sec=1   ev/simsec=433.067
     Messages:  created: 118084   present: 256   in FES: 8
t=3660.843526 executing addServer()
adding server with latency=60
** Event #944896   t=3662.510334089358   Elapsed: 3662.47s (1h 01m)  58% completed  (58% total)
     Speed:     ev/sec=374.684   simsec/sec=0.994991   ev/simsec=376.57
     Messages:  created: 118217   present: 265   in FES: 7
** Event #945920   t=3664.954323888142   Elapsed: 3664.92s (1h 01m)  58% completed  (58% total)
     Speed:     ev/sec=418.288   simsec/sec=0.998331   ev/simsec=418.987
     Messages:  created: 118347   present: 269   in FES: 7
** Event #946944   t=3667.042510579046   Elapsed: 3667s (1h 01m)  58% completed  (58% total)
     Speed:     ev/sec=491.555   simsec/sec=1.0024   ev/simsec=490.378
     Messages:  created: 118481   present: 281   in FES: 7
** Event #947968   t=3669.648313946881   Elapsed: 3669.59s (1h 01m)  58% completed  (58% total)
     Speed:     ev/sec=394.833   simsec/sec=1.00474   ev/simsec=392.969
     Messages:  created: 118608   present: 279   in FES: 7
** Event #949248   t=3671.995277506216   Elapsed: 3671.94s (1h 01m)  58% completed  (58% total)
     Speed:     ev/sec=545.458   simsec/sec=1.00013   ev/simsec=545.386
     Messages:  created: 118808   present: 359   in FES: 7
** Event #950272   t=3674.025383395004   Elapsed: 3674s (1h 01m)  58% completed  (58% total)
     Speed:     ev/sec=496.989   simsec/sec=0.985294   ev/simsec=504.407
     Messages:  created: 118961   present: 409   in FES: 7
** Event #951296   t=3676.500873799081   Elapsed: 3676.45s (1h 01m)  58% completed  (58% total)
     Speed:     ev/sec=418.396   simsec/sec=1.01146   ev/simsec=413.655
     Messages:  created: 119079   present: 389   in FES: 7
** Event #952320   t=3678.833630592385   Elapsed: 3678.81s (1h 01m)  58% completed  (58% total)
     Speed:     ev/sec=433.23   simsec/sec=0.986933   ev/simsec=438.966
     Messages:  created: 119225   present: 425   in FES: 7
** Event #953344   t=3681.202205261435   Elapsed: 3681.15s (1h 01m)  58% completed  (58% total)
     Speed:     ev/sec=437.22   simsec/sec=1.01132   ev/simsec=432.328
     Messages:  created: 119360   present: 439   in FES: 7
** Event #954112   t=3683.408230697352   Elapsed: 3683.36s (1h 01m)  58% completed  (58% total)
     Speed:     ev/sec=348.4   simsec/sec=1.00075   ev/simsec=348.137
     Messages:  created: 119448   present: 423   in FES: 7
** Event #955648   t=3685.745938364965   Elapsed: 3685.7s (1h 01m)  58% completed  (58% total)
     Speed:     ev/sec=657.04   simsec/sec=0.999978   ev/simsec=657.054
     Messages:  created: 119689   present: 521   in FES: 7
** Event #956928   t=3688.06220702569   Elapsed: 3688.01s (1h 01m)  58% completed  (58% total)
     Speed:     ev/sec=553.773   simsec/sec=1.0021   ev/simsec=552.613
     Messages:  created: 119895   present: 613   in FES: 7
** Event #957952   t=3690.08435393364   Elapsed: 3690.03s (1h 01m)  58% completed  (58% total)
     Speed:     ev/sec=506.304   simsec/sec=0.999826   ev/simsec=506.392
     Messages:  created: 120051   present: 669   in FES: 7
** Event #958976   t=3692.219208217547   Elapsed: 3692.16s (1h 01m)  58% completed  (58% total)
     Speed:     ev/sec=479.702   simsec/sec=1.00009   ev/simsec=479.658
     Messages:  created: 120204   present: 719   in FES: 7
** Event #960256   t=3694.775492244424   Elapsed: 3694.74s (1h 01m)  58% completed  (58% total)
     Speed:     ev/sec=497.617   simsec/sec=0.99379   ev/simsec=500.727
     Messages:  created: 120376   present: 743   in FES: 7
** Event #961280   t=3697.139970583608   Elapsed: 3697.1s (1h 01m)  58% completed  (58% total)
     Speed:     ev/sec=433.575   simsec/sec=1.00115   ev/simsec=433.076
     Messages:  created: 120515   present: 765   in FES: 7
** Event #962048   t=3699.151905225445   Elapsed: 3699.1s (1h 01m)  58% completed  (58% total)
     Speed:     ev/sec=383.15   simsec/sec=1.00374   ev/simsec=381.722
     Messages:  created: 120597   present: 737   in FES: 7
** Event #962816   t=3701.30385507912   Elapsed: 3701.25s (1h 01m)  58% completed  (58% total)
     Speed:     ev/sec=357.343   simsec/sec=1.00128   ev/simsec=356.886
     Messages:  created: 120684   present: 719   in FES: 7
** Event #963840   t=3703.810672997797   Elapsed: 3703.76s (1h 01m)  58% completed  (58% total)
     Speed:     ev/sec=409.055   simsec/sec=1.00139   ev/simsec=408.486
     Messages:  created: 120789   present: 664   in FES: 8
** Event #964864   t=3705.818600349778   Elapsed: 3705.76s (1h 01m)  58% completed  (58% total)
     Speed:     ev/sec=509.979   simsec/sec=1   ev/simsec=509.979
     Messages:  created: 120928   present: 686   in FES: 8
** Event #966144   t=3708.475225828704   Elapsed: 3708.42s (1h 01m)  58% completed  (58% total)
     Speed:     ev/sec=481.814   simsec/sec=0.999999   ev/simsec=481.814
     Messages:  created: 121113   present: 733   in FES: 8
** Event #967168   t=3710.914299526765   Elapsed: 3710.86s (1h 01m)  58% completed  (58% total)
     Speed:     ev/sec=419.831   simsec/sec=1   ev/simsec=419.832
     Messages:  created: 121240   present: 732   in FES: 9
** Event #968192   t=3713.329913763   Elapsed: 3713.27s (1h 01m)  58% completed  (58% total)
     Speed:     ev/sec=423.909   simsec/sec=1   ev/simsec=423.909
     Messages:  created: 121375   present: 745   in FES: 8
** Event #969472   t=3715.804621338184   Elapsed: 3715.75s (1h 01m)  58% completed  (58% total)
     Speed:     ev/sec=517.232   simsec/sec=0.999998   ev/simsec=517.233
     Messages:  created: 121560   present: 796   in FES: 9
** Event #970496   t=3718.052504302139   Elapsed: 3718.02s (1h 01m)  59% completed  (59% total)
     Speed:     ev/sec=450.48   simsec/sec=0.988892   ev/simsec=455.54
     Messages:  created: 121698   present: 810   in FES: 7
** Event #971520   t=3720.188879285391   Elapsed: 3720.13s (1h 02m)  59% completed  (59% total)
     Speed:     ev/sec=485.05   simsec/sec=1.01196   ev/simsec=479.317
     Messages:  created: 121836   present: 829   in FES: 8
t=3720.843508 executing setDimmer(0.75)
t=3720.843526 addServer() complete
** Event #972800   t=3722.367635830464   Elapsed: 3722.31s (1h 02m)  59% completed  (59% total)
     Speed:     ev/sec=586.984   simsec/sec=0.999137   ev/simsec=587.491
     Messages:  created: 121995   present: 828   in FES: 7
** Event #974080   t=3724.613594659371   Elapsed: 3724.56s (1h 02m)  59% completed  (59% total)
     Speed:     ev/sec=569.016   simsec/sec=0.998426   ev/simsec=569.912
     Messages:  created: 122111   present: 739   in FES: 7
** Event #975104   t=3726.773891261292   Elapsed: 3726.72s (1h 02m)  59% completed  (59% total)
     Speed:     ev/sec=475.201   simsec/sec=1.00252   ev/simsec=474.009
     Messages:  created: 122214   present: 688   in FES: 8
** Event #976384   t=3728.927265091658   Elapsed: 3728.87s (1h 02m)  59% completed  (59% total)
     Speed:     ev/sec=594.417   simsec/sec=1   ev/simsec=594.416
     Messages:  created: 122343   present: 622   in FES: 9
** Event #977664   t=3731.079370760751   Elapsed: 3731.02s (1h 02m)  59% completed  (59% total)
     Speed:     ev/sec=594.615   simsec/sec=0.999745   ev/simsec=594.766
     Messages:  created: 122461   present: 537   in FES: 7
** Event #978944   t=3733.186409599201   Elapsed: 3733.13s (1h 02m)  59% completed  (59% total)
     Speed:     ev/sec=607.642   simsec/sec=1.00025   ev/simsec=607.488
     Messages:  created: 122601   present: 498   in FES: 8
** Event #979968   t=3735.357027949346   Elapsed: 3735.32s (1h 02m)  59% completed  (59% total)
     Speed:     ev/sec=467.451   simsec/sec=0.990877   ev/simsec=471.755
     Messages:  created: 122679   present: 397   in FES: 7
** Event #981248   t=3737.663812688201   Elapsed: 3737.61s (1h 02m)  59% completed  (59% total)
     Speed:     ev/sec=559.736   simsec/sec=1.00874   ev/simsec=554.885
     Messages:  created: 122806   present: 331   in FES: 8
** Event #982528   t=3740.135337792432   Elapsed: 3740.08s (1h 02m)  59% completed  (59% total)
     Speed:     ev/sec=517.465   simsec/sec=0.999163   ev/simsec=517.899
     Messages:  created: 122926   present: 251   in FES: 7
** Event #983808   t=3742.545345130226   Elapsed: 3742.49s (1h 02m)  59% completed  (59% total)
     Speed:     ev/sec=531.576   simsec/sec=1.00086   ev/simsec=531.119
     Messages:  created: 123048   present: 164   in FES: 8
** Event #985088   t=3745.093696130166   Elapsed: 3745.04s (1h 02m)  59% completed  (59% total)
     Speed:     ev/sec=501.746   simsec/sec=0.998926   ev/simsec=502.286
     Messages:  created: 123168   present: 57   in FES: 7
** Event #985856   t=3747.713196225416   Elapsed: 3747.66s (1h 02m)  59% completed  (59% total)
     Speed:     ev/sec=293.493   simsec/sec=1.00105   ev/simsec=293.186
     Messages:  created: 123248   present: 14   in FES: 8
** Event #986880   t=3750.203860530188   Elapsed: 3750.15s (1h 02m)  59% completed  (59% total)
     Speed:     ev/sec=411.136   simsec/sec=1   ev/simsec=411.135
     Messages:  created: 123377   present: 16   in FES: 8
** Event #988160   t=3752.676206097753   Elapsed: 3752.63s (1h 02m)  59% completed  (59% total)
     Speed:     ev/sec=515.409   simsec/sec=0.995522   ev/simsec=517.727
     Messages:  created: 123534   present: 9   in FES: 5
** Event #989184   t=3755.469857988524   Elapsed: 3755.42s (1h 02m)  59% completed  (59% total)
     Speed:     ev/sec=367.418   simsec/sec=1.00238   ev/simsec=366.545
     Messages:  created: 123662   present: 9   in FES: 5
** Event #990208   t=3758.032704070774   Elapsed: 3757.98s (1h 02m)  59% completed  (59% total)
     Speed:     ev/sec=400.256   simsec/sec=1.00175   ev/simsec=399.556
     Messages:  created: 123791   present: 11   in FES: 7
** Event #991232   t=3760.121103300233   Elapsed: 3760.07s (1h 02m)  59% completed  (59% total)
     Speed:     ev/sec=490.328   simsec/sec=1   ev/simsec=490.328
     Messages:  created: 123920   present: 14   in FES: 7
** Event #992512   t=3762.458705626615   Elapsed: 3762.4s (1h 02m)  59% completed  (59% total)
     Speed:     ev/sec=547.569   simsec/sec=0.999999   ev/simsec=547.57
     Messages:  created: 124080   present: 14   in FES: 6
** Event #993280   t=3764.815886439017   Elapsed: 3764.76s (1h 02m)  59% completed  (59% total)
     Speed:     ev/sec=325.269   simsec/sec=0.99833   ev/simsec=325.813
     Messages:  created: 124174   present: 9   in FES: 5
** Event #993792   t=3767.602190479177   Elapsed: 3767.55s (1h 02m)  59% completed  (59% total)
     Speed:     ev/sec=184.017   simsec/sec=1.00142   ev/simsec=183.756
     Messages:  created: 124239   present: 11   in FES: 7
** Event #994816   t=3770.054654225597   Elapsed: 3770s (1h 02m)  59% completed  (59% total)
     Speed:     ev/sec=417.538   simsec/sec=0.999996   ev/simsec=417.539
     Messages:  created: 124367   present: 11   in FES: 6
** Event #995584   t=3772.10638091323   Elapsed: 3772.05s (1h 02m)  59% completed  (59% total)
     Speed:     ev/sec=374.321   simsec/sec=1.00001   ev/simsec=374.319
     Messages:  created: 124463   present: 12   in FES: 6
** Event #996864   t=3774.512327311148   Elapsed: 3774.46s (1h 02m)  59% completed  (59% total)
     Speed:     ev/sec=532.015   simsec/sec=0.999999   ev/simsec=532.015
     Messages:  created: 124623   present: 11   in FES: 7
** Event #997888   t=3776.875998613401   Elapsed: 3776.82s (1h 02m)  59% completed  (59% total)
     Speed:     ev/sec=433.225   simsec/sec=1   ev/simsec=433.224
     Messages:  created: 124752   present: 14   in FES: 8
** Event #999168   t=3779.051443340756   Elapsed: 3779s (1h 02m)  59% completed  (59% total)
     Speed:     ev/sec=588.385   simsec/sec=0.999998   ev/simsec=588.385
     Messages:  created: 124911   present: 11   in FES: 7
t=3780.843537 executing setDimmer(0.5)
** Event #1000192   t=3781.749685317531   Elapsed: 3781.7s (1h 03m)  60% completed  (60% total)
     Speed:     ev/sec=379.322   simsec/sec=0.999514   ev/simsec=379.506
     Messages:  created: 125038   present: 11   in FES: 6
** Event #1001216   t=3783.849907037977   Elapsed: 3783.8s (1h 03m)  60% completed  (60% total)
     Speed:     ev/sec=487.715   simsec/sec=1.0003   ev/simsec=487.568
     Messages:  created: 125166   present: 11   in FES: 7
** Event #1002240   t=3785.994170623574   Elapsed: 3785.94s (1h 03m)  60% completed  (60% total)
     Speed:     ev/sec=477.705   simsec/sec=1.00032   ev/simsec=477.553
     Messages:  created: 125294   present: 10   in FES: 6
** Event #1003520   t=3788.342563849498   Elapsed: 3788.29s (1h 03m)  60% completed  (60% total)
     Speed:     ev/sec=545.051   simsec/sec=0.999996   ev/simsec=545.054
     Messages:  created: 125455   present: 13   in FES: 8
** Event #1004800   t=3790.764335124107   Elapsed: 3790.72s (1h 03m)  60% completed  (60% total)
     Speed:     ev/sec=526.558   simsec/sec=0.996253   ev/simsec=528.539
     Messages:  created: 125614   present: 11   in FES: 6
** Event #1005824   t=3793.095612445772   Elapsed: 3793.04s (1h 03m)  60% completed  (60% total)
     Speed:     ev/sec=440.521   simsec/sec=1.00291   ev/simsec=439.244
     Messages:  created: 125742   present: 11   in FES: 6
** Event #1007616   t=3795.254098212425   Elapsed: 3795.2s (1h 03m)  60% completed  (60% total)
     Speed:     ev/sec=831.122   simsec/sec=1.0011   ev/simsec=830.212
     Messages:  created: 125968   present: 15   in FES: 8
** Event #1009408   t=3797.645412373733   Elapsed: 3797.59s (1h 03m)  60% completed  (60% total)
     Speed:     ev/sec=749.394   simsec/sec=1.00002   ev/simsec=749.379
     Messages:  created: 126189   present: 9   in FES: 5
** Event #1010688   t=3800.16614747435   Elapsed: 3800.11s (1h 03m)  60% completed  (60% total)
     Speed:     ev/sec=507.778   simsec/sec=0.999979   ev/simsec=507.788
     Messages:  created: 126350   present: 10   in FES: 6
** Event #1011968   t=3802.615603055729   Elapsed: 3802.56s (1h 03m)  60% completed  (60% total)
     Speed:     ev/sec=522.564   simsec/sec=0.999999   ev/simsec=522.565
     Messages:  created: 126509   present: 9   in FES: 5
** Event #1012992   t=3804.812860913187   Elapsed: 3804.76s (1h 03m)  60% completed  (60% total)
     Speed:     ev/sec=466.037   simsec/sec=1   ev/simsec=466.035
     Messages:  created: 126638   present: 10   in FES: 6
** Event #1014272   t=3807.34831456489   Elapsed: 3807.29s (1h 03m)  60% completed  (60% total)
     Speed:     ev/sec=504.842   simsec/sec=1   ev/simsec=504.841
     Messages:  created: 126798   present: 10   in FES: 6
** Event #1015296   t=3809.454676475504   Elapsed: 3809.4s (1h 03m)  60% completed  (60% total)
     Speed:     ev/sec=486.146   simsec/sec=0.999999   ev/simsec=486.146
     Messages:  created: 126925   present: 9   in FES: 5
** Event #1016320   t=3811.558909230745   Elapsed: 3811.51s (1h 03m)  60% completed  (60% total)
     Speed:     ev/sec=485.236   simsec/sec=0.997119   ev/simsec=486.638
     Messages:  created: 127054   present: 11   in FES: 7
** Event #1017600   t=3813.87589905546   Elapsed: 3813.82s (1h 03m)  60% completed  (60% total)
     Speed:     ev/sec=553.894   simsec/sec=1.00263   ev/simsec=552.441
     Messages:  created: 127216   present: 15   in FES: 8
** Event #1018880   t=3816.224093617577   Elapsed: 3816.17s (1h 03m)  60% completed  (60% total)
     Speed:     ev/sec=545.099   simsec/sec=0.999998   ev/simsec=545.1
     Messages:  created: 127374   present: 10   in FES: 6
** Event #1019904   t=3818.402304826354   Elapsed: 3818.35s (1h 03m)  60% completed  (60% total)
     Speed:     ev/sec=470.112   simsec/sec=1   ev/simsec=470.111
     Messages:  created: 127504   present: 16   in FES: 6
** Event #1020928   t=3820.547223552708   Elapsed: 3820.49s (1h 03m)  60% completed  (60% total)
     Speed:     ev/sec=477.406   simsec/sec=0.999996   ev/simsec=477.407
     Messages:  created: 127629   present: 9   in FES: 5
** Event #1021952   t=3822.741731740535   Elapsed: 3822.69s (1h 03m)  60% completed  (60% total)
     Speed:     ev/sec=466.621   simsec/sec=1   ev/simsec=466.619
     Messages:  created: 127758   present: 10   in FES: 6
** Event #1022976   t=3824.78127412193   Elapsed: 3824.73s (1h 03m)  60% completed  (60% total)
     Speed:     ev/sec=502.072   simsec/sec=0.999997   ev/simsec=502.073
     Messages:  created: 127886   present: 10   in FES: 6
** Event #1024256   t=3827.324857755156   Elapsed: 3827.27s (1h 03m)  60% completed  (60% total)
     Speed:     ev/sec=503.227   simsec/sec=1   ev/simsec=503.227
     Messages:  created: 128045   present: 9   in FES: 5
** Event #1025280   t=3829.365177177607   Elapsed: 3829.31s (1h 03m)  60% completed  (60% total)
     Speed:     ev/sec=501.882   simsec/sec=0.999999   ev/simsec=501.882
     Messages:  created: 128175   present: 13   in FES: 8
** Event #1026304   t=3831.507040299513   Elapsed: 3831.45s (1h 03m)  60% completed  (60% total)
     Speed:     ev/sec=478.088   simsec/sec=0.999998   ev/simsec=478.088
     Messages:  created: 128305   present: 18   in FES: 8
** Event #1027584   t=3833.785717779454   Elapsed: 3833.73s (1h 03m)  60% completed  (60% total)
     Speed:     ev/sec=561.731   simsec/sec=1   ev/simsec=561.729
     Messages:  created: 128461   present: 9   in FES: 5
** Event #1028608   t=3836.266974441406   Elapsed: 3836.23s (1h 03m)  60% completed  (60% total)
     Speed:     ev/sec=410.348   simsec/sec=0.994316   ev/simsec=412.694
     Messages:  created: 128590   present: 11   in FES: 6
** Event #1029632   t=3838.482545892388   Elapsed: 3838.43s (1h 03m)  60% completed  (60% total)
     Speed:     ev/sec=465.16   simsec/sec=1.00644   ev/simsec=462.183
     Messages:  created: 128719   present: 13   in FES: 7
** Event #1030912   t=3840.570546211472   Elapsed: 3840.52s (1h 04m)  60% completed  (60% total)
     Speed:     ev/sec=613.028   simsec/sec=1   ev/simsec=613.027
     Messages:  created: 128877   present: 10   in FES: 6
t=3840.843503 executing setDimmer(0.75)
** Event #1031680   t=3843.070509617012   Elapsed: 3843.02s (1h 04m)  61% completed  (61% total)
     Speed:     ev/sec=307.204   simsec/sec=0.999997   ev/simsec=307.204
     Messages:  created: 128973   present: 10   in FES: 6
** Event #1032704   t=3845.187975876828   Elapsed: 3845.13s (1h 04m)  61% completed  (61% total)
     Speed:     ev/sec=483.598   simsec/sec=1   ev/simsec=483.597
     Messages:  created: 129101   present: 10   in FES: 6
** Event #1033728   t=3847.376538899467   Elapsed: 3847.32s (1h 04m)  61% completed  (61% total)
     Speed:     ev/sec=467.887   simsec/sec=1   ev/simsec=467.887
     Messages:  created: 129229   present: 10   in FES: 6
** Event #1034752   t=3850.190361180223   Elapsed: 3850.14s (1h 04m)  61% completed  (61% total)
     Speed:     ev/sec=363.918   simsec/sec=1   ev/simsec=363.918
     Messages:  created: 129357   present: 9   in FES: 5
** Event #1035776   t=3852.475719545094   Elapsed: 3852.42s (1h 04m)  61% completed  (61% total)
     Speed:     ev/sec=448.07   simsec/sec=1   ev/simsec=448.07
     Messages:  created: 129485   present: 11   in FES: 7
** Event #1036288   t=3854.657119664202   Elapsed: 3854.6s (1h 04m)  61% completed  (61% total)
     Speed:     ev/sec=234.712   simsec/sec=1   ev/simsec=234.712
     Messages:  created: 129549   present: 10   in FES: 6
** Event #1037312   t=3857.070932370913   Elapsed: 3857.02s (1h 04m)  61% completed  (61% total)
     Speed:     ev/sec=424.223   simsec/sec=0.999996   ev/simsec=424.225
     Messages:  created: 129677   present: 9   in FES: 5
** Event #1038592   t=3859.132820963987   Elapsed: 3859.08s (1h 04m)  61% completed  (61% total)
     Speed:     ev/sec=620.792   simsec/sec=1   ev/simsec=620.79
     Messages:  created: 129839   present: 16   in FES: 8
** Event #1039872   t=3861.283589035433   Elapsed: 3861.23s (1h 04m)  61% completed  (61% total)
     Speed:     ev/sec=595.137   simsec/sec=1   ev/simsec=595.136
     Messages:  created: 129997   present: 11   in FES: 7
** Event #1041408   t=3863.76212335458   Elapsed: 3863.71s (1h 04m)  61% completed  (61% total)
     Speed:     ev/sec=619.719   simsec/sec=0.999997   ev/simsec=619.721
     Messages:  created: 130189   present: 10   in FES: 6
** Event #1042432   t=3866.102257807468   Elapsed: 3866.05s (1h 04m)  61% completed  (61% total)
     Speed:     ev/sec=437.582   simsec/sec=1   ev/simsec=437.582
     Messages:  created: 130317   present: 11   in FES: 6
** Event #1043968   t=3868.371891280916   Elapsed: 3868.32s (1h 04m)  61% completed  (61% total)
     Speed:     ev/sec=676.761   simsec/sec=0.999999   ev/simsec=676.761
     Messages:  created: 130512   present: 18   in FES: 8
** Event #1045248   t=3870.40536718564   Elapsed: 3870.35s (1h 04m)  61% completed  (61% total)
     Speed:     ev/sec=629.465   simsec/sec=1   ev/simsec=629.464
     Messages:  created: 130672   present: 19   in FES: 8
** Event #1046528   t=3872.612250260386   Elapsed: 3872.56s (1h 04m)  61% completed  (61% total)
     Speed:     ev/sec=580.004   simsec/sec=1   ev/simsec=580.004
     Messages:  created: 130831   present: 16   in FES: 6
** Event #1048064   t=3874.721865779615   Elapsed: 3874.67s (1h 04m)  61% completed  (61% total)
     Speed:     ev/sec=728.038   simsec/sec=0.999922   ev/simsec=728.095
     Messages:  created: 131025   present: 21   in FES: 7
** Event #1049088   t=3877.260003404895   Elapsed: 3877.21s (1h 04m)  61% completed  (61% total)
     Speed:     ev/sec=403.472   simsec/sec=1.00006   ev/simsec=403.445
     Messages:  created: 131149   present: 9   in FES: 5
** Event #1050112   t=3879.733115947657   Elapsed: 3879.68s (1h 04m)  61% completed  (61% total)
     Speed:     ev/sec=414.053   simsec/sec=1   ev/simsec=414.053
     Messages:  created: 131277   present: 10   in FES: 6
** Event #1051392   t=3882.208802401387   Elapsed: 3882.15s (1h 04m)  61% completed  (61% total)
     Speed:     ev/sec=517.027   simsec/sec=0.999997   ev/simsec=517.028
     Messages:  created: 131437   present: 9   in FES: 5
** Event #1052160   t=3884.285283732556   Elapsed: 3884.23s (1h 04m)  61% completed  (61% total)
     Speed:     ev/sec=369.857   simsec/sec=1   ev/simsec=369.856
     Messages:  created: 131533   present: 10   in FES: 6
** Event #1053184   t=3887.079405353092   Elapsed: 3887.02s (1h 04m)  61% completed  (61% total)
     Speed:     ev/sec=366.484   simsec/sec=1   ev/simsec=366.484
     Messages:  created: 131661   present: 9   in FES: 5
** Event #1053952   t=3889.59644413257   Elapsed: 3889.54s (1h 04m)  61% completed  (61% total)
     Speed:     ev/sec=305.12   simsec/sec=0.999999   ev/simsec=305.12
     Messages:  created: 131757   present: 11   in FES: 7
** Event #1054720   t=3891.670816379227   Elapsed: 3891.62s (1h 04m)  61% completed  (61% total)
     Speed:     ev/sec=370.233   simsec/sec=1   ev/simsec=370.232
     Messages:  created: 131854   present: 12   in FES: 7
** Event #1055744   t=3894.326991689714   Elapsed: 3894.27s (1h 04m)  61% completed  (61% total)
     Speed:     ev/sec=385.517   simsec/sec=1   ev/simsec=385.517
     Messages:  created: 131981   present: 10   in FES: 6
** Event #1056768   t=3896.42295460765   Elapsed: 3896.37s (1h 04m)  61% completed  (61% total)
     Speed:     ev/sec=488.558   simsec/sec=0.999999   ev/simsec=488.558
     Messages:  created: 132109   present: 10   in FES: 6
** Event #1057792   t=3898.741933447972   Elapsed: 3898.69s (1h 04m)  61% completed  (61% total)
     Speed:     ev/sec=441.574   simsec/sec=1   ev/simsec=441.574
     Messages:  created: 132237   present: 10   in FES: 6
t=3900.843538 executing setDimmer(1)
** Event #1058560   t=3901.123748392143   Elapsed: 3901.07s (1h 05m)  61% completed  (61% total)
     Speed:     ev/sec=322.443   simsec/sec=1   ev/simsec=322.443
     Messages:  created: 132334   present: 14   in FES: 8
** Event #1059584   t=3903.753087574181   Elapsed: 3903.7s (1h 05m)  61% completed  (61% total)
     Speed:     ev/sec=389.447   simsec/sec=0.999989   ev/simsec=389.451
     Messages:  created: 132460   present: 9   in FES: 5
** Event #1060096   t=3905.804319687797   Elapsed: 3905.75s (1h 05m)  61% completed  (61% total)
     Speed:     ev/sec=249.61   simsec/sec=1.00001   ev/simsec=249.606
     Messages:  created: 132524   present: 10   in FES: 6
** Event #1061120   t=3907.973445487303   Elapsed: 3907.92s (1h 05m)  62% completed  (62% total)
     Speed:     ev/sec=472.08   simsec/sec=1   ev/simsec=472.08
     Messages:  created: 132653   present: 13   in FES: 6
** Event #1062144   t=3919.734986249217   Elapsed: 3919.69s (1h 05m)  62% completed  (62% total)
     Speed:     ev/sec=87.0128   simsec/sec=0.999418   ev/simsec=87.0634
     Messages:  created: 132788   present: 31   in FES: 7
** Event #1063168   t=3922.459883440448   Elapsed: 3922.4s (1h 05m)  62% completed  (62% total)
     Speed:     ev/sec=376.74   simsec/sec=1.00252   ev/simsec=375.794
     Messages:  created: 132909   present: 12   in FES: 7
** Event #1063936   t=3924.730717345364   Elapsed: 3924.68s (1h 05m)  62% completed  (62% total)
     Speed:     ev/sec=338.202   simsec/sec=1   ev/simsec=338.202
     Messages:  created: 133005   present: 11   in FES: 7
** Event #1064960   t=3926.993714474054   Elapsed: 3926.94s (1h 05m)  62% completed  (62% total)
     Speed:     ev/sec=452.498   simsec/sec=1   ev/simsec=452.497
     Messages:  created: 133136   present: 19   in FES: 8
** Event #1066240   t=3929.281052894502   Elapsed: 3929.23s (1h 05m)  62% completed  (62% total)
     Speed:     ev/sec=559.601   simsec/sec=0.999997   ev/simsec=559.602
     Messages:  created: 133292   present: 10   in FES: 6
** Event #1067264   t=3931.381146820514   Elapsed: 3931.33s (1h 05m)  62% completed  (62% total)
     Speed:     ev/sec=487.599   simsec/sec=1   ev/simsec=487.597
     Messages:  created: 133424   present: 21   in FES: 8
** Event #1068544   t=3933.443344141423   Elapsed: 3933.39s (1h 05m)  62% completed  (62% total)
     Speed:     ev/sec=620.695   simsec/sec=0.999997   ev/simsec=620.697
     Messages:  created: 133594   present: 46   in FES: 8
** Event #1069568   t=3935.955099666087   Elapsed: 3935.9s (1h 05m)  62% completed  (62% total)
     Speed:     ev/sec=407.683   simsec/sec=1   ev/simsec=407.683
     Messages:  created: 133709   present: 12   in FES: 6
** Event #1070848   t=3938.086238115508   Elapsed: 3938.03s (1h 05m)  62% completed  (62% total)
     Speed:     ev/sec=600.618   simsec/sec=1   ev/simsec=600.618
     Messages:  created: 133874   present: 25   in FES: 8
** Event #1071872   t=3940.226109288388   Elapsed: 3940.19s (1h 05m)  62% completed  (62% total)
     Speed:     ev/sec=474.981   simsec/sec=0.992577   ev/simsec=478.533
     Messages:  created: 133998   present: 15   in FES: 7
** Event #1073152   t=3942.827263157899   Elapsed: 3942.77s (1h 05m)  62% completed  (62% total)
     Speed:     ev/sec=495.137   simsec/sec=1.00619   ev/simsec=492.089
     Messages:  created: 134157   present: 12   in FES: 7
** Event #1074432   t=3945.099970326409   Elapsed: 3945.05s (1h 05m)  62% completed  (62% total)
     Speed:     ev/sec=563.204   simsec/sec=0.999997   ev/simsec=563.205
     Messages:  created: 134330   present: 46   in FES: 8
** Event #1075712   t=3947.431683181646   Elapsed: 3947.38s (1h 05m)  62% completed  (62% total)
     Speed:     ev/sec=548.953   simsec/sec=1   ev/simsec=548.953
     Messages:  created: 134483   present: 28   in FES: 7
** Event #1076480   t=3949.535615491759   Elapsed: 3949.48s (1h 05m)  62% completed  (62% total)
     Speed:     ev/sec=365.031   simsec/sec=1   ev/simsec=365.031
     Messages:  created: 134573   present: 13   in FES: 7
** Event #1077504   t=3951.982944101719   Elapsed: 3951.93s (1h 05m)  62% completed  (62% total)
     Speed:     ev/sec=418.416   simsec/sec=1   ev/simsec=418.415
     Messages:  created: 134701   present: 11   in FES: 7
** Event #1078528   t=3953.995635212565   Elapsed: 3953.94s (1h 05m)  62% completed  (62% total)
     Speed:     ev/sec=508.771   simsec/sec=0.999999   ev/simsec=508.772
     Messages:  created: 134835   present: 28   in FES: 8
** Event #1080064   t=3956.279863777542   Elapsed: 3956.22s (1h 05m)  62% completed  (62% total)
     Speed:     ev/sec=672.438   simsec/sec=1   ev/simsec=672.437
     Messages:  created: 135033   present: 43   in FES: 8
** Event #1081600   t=3958.618288748512   Elapsed: 3958.56s (1h 05m)  62% completed  (62% total)
     Speed:     ev/sec=656.854   simsec/sec=1   ev/simsec=656.852
     Messages:  created: 135230   present: 57   in FES: 8
t=3960.843488 executing removeServer()
** Event #1082624   t=3960.887828439828   Elapsed: 3960.84s (1h 06m)  62% completed  (62% total)
     Speed:     ev/sec=449.831   simsec/sec=0.996981   ev/simsec=451.193
     Messages:  created: 135343   present: 17   in FES: 7
scheduled complete remove at 3960.895869271946
** Event #1083648   t=3963.004269353869   Elapsed: 3962.95s (1h 06m)  62% completed  (62% total)
     Speed:     ev/sec=485.405   simsec/sec=1.00325   ev/simsec=483.831
     Messages:  created: 135484   present: 49   in FES: 7
** Event #1084672   t=3965.349212405234   Elapsed: 3965.29s (1h 06m)  62% completed  (62% total)
     Speed:     ev/sec=436.685   simsec/sec=1   ev/simsec=436.684
     Messages:  created: 135636   present: 111   in FES: 7
** Event #1085696   t=3967.775546944103   Elapsed: 3967.72s (1h 06m)  62% completed  (62% total)
     Speed:     ev/sec=422.037   simsec/sec=1   ev/simsec=422.036
     Messages:  created: 135769   present: 126   in FES: 7
** Event #1086720   t=3970.045004321148   Elapsed: 3969.99s (1h 06m)  63% completed  (63% total)
     Speed:     ev/sec=451.207   simsec/sec=0.999995   ev/simsec=451.209
     Messages:  created: 135904   present: 144   in FES: 7
** Event #1088000   t=3972.287190819204   Elapsed: 3972.23s (1h 06m)  63% completed  (63% total)
     Speed:     ev/sec=570.194   simsec/sec=0.998814   ev/simsec=570.871
     Messages:  created: 136097   present: 226   in FES: 6
** Event #1089536   t=3974.736939273995   Elapsed: 3974.7s (1h 06m)  63% completed  (63% total)
     Speed:     ev/sec=623.883   simsec/sec=0.995024   ev/simsec=627.003
     Messages:  created: 136367   present: 382   in FES: 6
** Event #1090560   t=3976.937605686404   Elapsed: 3976.9s (1h 06m)  63% completed  (63% total)
     Speed:     ev/sec=464.543   simsec/sec=0.998343   ev/simsec=465.314
     Messages:  created: 136520   present: 432   in FES: 6
** Event #1091840   t=3979.427753613343   Elapsed: 3979.38s (1h 06m)  63% completed  (63% total)
     Speed:     ev/sec=517.005   simsec/sec=1.0058   ev/simsec=514.026
     Messages:  created: 136701   present: 474   in FES: 6
** Event #1092864   t=3981.72578320612   Elapsed: 3981.67s (1h 06m)  63% completed  (63% total)
     Speed:     ev/sec=445.678   simsec/sec=1.00018   ev/simsec=445.599
     Messages:  created: 136853   present: 522   in FES: 6
** Event #1093888   t=3984.134357266987   Elapsed: 3984.1s (1h 06m)  63% completed  (63% total)
     Speed:     ev/sec=422.769   simsec/sec=0.994405   ev/simsec=425.148
     Messages:  created: 136976   present: 512   in FES: 6
** Event #1094912   t=3986.389604982429   Elapsed: 3986.34s (1h 06m)  63% completed  (63% total)
     Speed:     ev/sec=456.274   simsec/sec=1.00489   ev/simsec=454.052
     Messages:  created: 137131   present: 566   in FES: 6
** Event #1096192   t=3988.858412426865   Elapsed: 3988.81s (1h 06m)  63% completed  (63% total)
     Speed:     ev/sec=517.552   simsec/sec=0.998232   ev/simsec=518.469
     Messages:  created: 137328   present: 640   in FES: 6
** Event #1097472   t=3991.109815895062   Elapsed: 3991.07s (1h 06m)  63% completed  (63% total)
     Speed:     ev/sec=567.046   simsec/sec=0.997382   ev/simsec=568.534
     Messages:  created: 137531   present: 726   in FES: 6
** Event #1098752   t=3993.737585724344   Elapsed: 3993.7s (1h 06m)  63% completed  (63% total)
     Speed:     ev/sec=486.617   simsec/sec=0.998999   ev/simsec=487.105
     Messages:  created: 137706   present: 756   in FES: 6
** Event #1099776   t=3995.839654161936   Elapsed: 3995.8s (1h 06m)  63% completed  (63% total)
     Speed:     ev/sec=487.956   simsec/sec=1.00168   ev/simsec=487.139
     Messages:  created: 137853   present: 794   in FES: 6
** Event #1100800   t=3998.029126776933   Elapsed: 3997.98s (1h 06m)  63% completed  (63% total)
     Speed:     ev/sec=469.088   simsec/sec=1.00298   ev/simsec=467.693
     Messages:  created: 137993   present: 818   in FES: 6
** Event #1101824   t=4000.259280143892   Elapsed: 4000.21s (1h 06m)  63% completed  (63% total)
     Speed:     ev/sec=460.759   simsec/sec=1.00348   ev/simsec=459.161
     Messages:  created: 138130   present: 836   in FES: 6
** Event #1103104   t=4002.632451826444   Elapsed: 4002.58s (1h 06m)  63% completed  (63% total)
     Speed:     ev/sec=539.71   simsec/sec=1.00064   ev/simsec=539.363
     Messages:  created: 138310   present: 869   in FES: 7
** Event #1104384   t=4005.179726398304   Elapsed: 4005.12s (1h 06m)  63% completed  (63% total)
     Speed:     ev/sec=502.498   simsec/sec=1   ev/simsec=502.498
     Messages:  created: 138476   present: 879   in FES: 8
** Event #1105408   t=4007.242562813031   Elapsed: 4007.19s (1h 06m)  63% completed  (63% total)
     Speed:     ev/sec=496.404   simsec/sec=1   ev/simsec=496.404
     Messages:  created: 138600   present: 860   in FES: 8
** Event #1106432   t=4009.438967350199   Elapsed: 4009.39s (1h 06m)  63% completed  (63% total)
     Speed:     ev/sec=465.814   simsec/sec=0.999137   ev/simsec=466.216
     Messages:  created: 138717   present: 834   in FES: 6
** Event #1107456   t=4011.513374791843   Elapsed: 4011.46s (1h 06m)  63% completed  (63% total)
     Speed:     ev/sec=494.087   simsec/sec=1.00092   ev/simsec=493.635
     Messages:  created: 138857   present: 857   in FES: 8
** Event #1108480   t=4013.741922344675   Elapsed: 4013.69s (1h 06m)  63% completed  (63% total)
     Speed:     ev/sec=458.473   simsec/sec=0.997782   ev/simsec=459.492
     Messages:  created: 138938   present: 746   in FES: 6
** Event #1109504   t=4016.071622364979   Elapsed: 4016.02s (1h 06m)  63% completed  (63% total)
     Speed:     ev/sec=440.478   simsec/sec=1.00213   ev/simsec=439.542
     Messages:  created: 139058   present: 722   in FES: 8
** Event #1110528   t=4018.587005044418   Elapsed: 4018.53s (1h 06m)  63% completed  (63% total)
     Speed:     ev/sec=407.096   simsec/sec=1   ev/simsec=407.095
     Messages:  created: 139190   present: 726   in FES: 7
t=4020.843524 executing addServer()
adding server with latency=60
** Event #1111552   t=4020.844421621754   Elapsed: 4020.88s (1h 07m)  63% completed  (63% total)
     Speed:     ev/sec=435.234   simsec/sec=0.959477   ev/simsec=453.616
     Messages:  created: 139308   present: 701   in FES: 9
** Event #1112832   t=4023.322900562291   Elapsed: 4023.27s (1h 07m)  63% completed  (63% total)
     Speed:     ev/sec=537.107   simsec/sec=1.04001   ev/simsec=516.446
     Messages:  created: 139473   present: 707   in FES: 8
** Event #1113600   t=4025.32610696322   Elapsed: 4025.27s (1h 07m)  63% completed  (63% total)
     Speed:     ev/sec=383.385   simsec/sec=0.999999   ev/simsec=383.385
     Messages:  created: 139565   present: 700   in FES: 9
** Event #1114368   t=4027.415712060224   Elapsed: 4027.36s (1h 07m)  63% completed  (63% total)
     Speed:     ev/sec=367.533   simsec/sec=0.999999   ev/simsec=367.534
     Messages:  created: 139648   present: 674   in FES: 9
** Event #1115136   t=4029.72323358312   Elapsed: 4029.67s (1h 07m)  63% completed  (63% total)
     Speed:     ev/sec=332.825   simsec/sec=1   ev/simsec=332.825
     Messages:  created: 139720   present: 625   in FES: 8
** Event #1116160   t=4032.248521402607   Elapsed: 4032.19s (1h 07m)  64% completed  (64% total)
     Speed:     ev/sec=405.498   simsec/sec=1   ev/simsec=405.498
     Messages:  created: 139847   present: 623   in FES: 8
** Event #1117184   t=4034.753300590079   Elapsed: 4034.72s (1h 07m)  64% completed  (64% total)
     Speed:     ev/sec=405.852   simsec/sec=0.992743   ev/simsec=408.818
     Messages:  created: 139968   present: 609   in FES: 7
** Event #1118208   t=4037.118358840655   Elapsed: 4037.06s (1h 07m)  64% completed  (64% total)
     Speed:     ev/sec=436.191   simsec/sec=1.00744   ev/simsec=432.97
     Messages:  created: 140087   present: 591   in FES: 7
** Event #1119232   t=4039.709071073436   Elapsed: 4039.66s (1h 07m)  64% completed  (64% total)
     Speed:     ev/sec=394.745   simsec/sec=0.998701   ev/simsec=395.258
     Messages:  created: 140222   present: 605   in FES: 7
** Event #1120256   t=4041.727497671656   Elapsed: 4041.67s (1h 07m)  64% completed  (64% total)
     Speed:     ev/sec=507.979   simsec/sec=1.00129   ev/simsec=507.326
     Messages:  created: 140371   present: 647   in FES: 7
** Event #1121536   t=4044.256464410716   Elapsed: 4044.21s (1h 07m)  64% completed  (64% total)
     Speed:     ev/sec=504.265   simsec/sec=0.996305   ev/simsec=506.136
     Messages:  created: 140558   present: 701   in FES: 7
** Event #1122816   t=4046.427435348246   Elapsed: 4046.37s (1h 07m)  64% completed  (64% total)
     Speed:     ev/sec=592.451   simsec/sec=1.00484   ev/simsec=589.598
     Messages:  created: 140772   present: 809   in FES: 7
** Event #1124096   t=4049.072642958365   Elapsed: 4049.02s (1h 07m)  64% completed  (64% total)
     Speed:     ev/sec=483.796   simsec/sec=0.999798   ev/simsec=483.894
     Messages:  created: 140932   present: 809   in FES: 7
** Event #1124864   t=4051.27519060577   Elapsed: 4051.24s (1h 07m)  64% completed  (64% total)
     Speed:     ev/sec=345.969   simsec/sec=0.992204   ev/simsec=348.687
     Messages:  created: 141022   present: 797   in FES: 7
** Event #1125888   t=4053.836449800414   Elapsed: 4053.78s (1h 07m)  64% completed  (64% total)
     Speed:     ev/sec=402.55   simsec/sec=1.00687   ev/simsec=399.803
     Messages:  created: 141148   present: 793   in FES: 7
** Event #1127168   t=4056.162429231242   Elapsed: 4056.11s (1h 07m)  64% completed  (64% total)
     Speed:     ev/sec=550.519   simsec/sec=1.00039   ev/simsec=550.306
     Messages:  created: 141296   present: 751   in FES: 8
** Event #1128192   t=4058.337614551055   Elapsed: 4058.28s (1h 07m)  64% completed  (64% total)
     Speed:     ev/sec=470.766   simsec/sec=1   ev/simsec=470.764
     Messages:  created: 141417   present: 726   in FES: 8
** Event #1129216   t=4060.640098211338   Elapsed: 4060.6s (1h 07m)  64% completed  (64% total)
     Speed:     ev/sec=442.44   simsec/sec=0.994836   ev/simsec=444.737
     Messages:  created: 141542   present: 718   in FES: 7
** Event #1130496   t=4062.816744254617   Elapsed: 4062.78s (1h 07m)  64% completed  (64% total)
     Speed:     ev/sec=586.147   simsec/sec=0.996746   ev/simsec=588.061
     Messages:  created: 141736   present: 786   in FES: 7
** Event #1131520   t=4065.007238323507   Elapsed: 4064.96s (1h 07m)  64% completed  (64% total)
     Speed:     ev/sec=470.007   simsec/sec=1.00542   ev/simsec=467.474
     Messages:  created: 141881   present: 820   in FES: 7
** Event #1132544   t=4067.191273999895   Elapsed: 4067.14s (1h 07m)  64% completed  (64% total)
     Speed:     ev/sec=469.725   simsec/sec=1.00185   ev/simsec=468.857
     Messages:  created: 142021   present: 844   in FES: 7
** Event #1133568   t=4069.267826463986   Elapsed: 4069.22s (1h 07m)  64% completed  (64% total)
     Speed:     ev/sec=493.081   simsec/sec=0.99991   ev/simsec=493.125
     Messages:  created: 142180   present: 906   in FES: 7
** Event #1134848   t=4071.685130741033   Elapsed: 4071.63s (1h 07m)  64% completed  (64% total)
     Speed:     ev/sec=530.262   simsec/sec=1.00141   ev/simsec=529.515
     Messages:  created: 142339   present: 891   in FES: 9
** Event #1135872   t=4073.905611032996   Elapsed: 4073.87s (1h 07m)  64% completed  (64% total)
     Speed:     ev/sec=456.581   simsec/sec=0.990068   ev/simsec=461.161
     Messages:  created: 142439   present: 821   in FES: 7
** Event #1136896   t=4076.278872620476   Elapsed: 4076.22s (1h 07m)  64% completed  (64% total)
     Speed:     ev/sec=435.562   simsec/sec=1.00947   ev/simsec=431.474
     Messages:  created: 142549   present: 781   in FES: 8
** Event #1137920   t=4078.388598311062   Elapsed: 4078.33s (1h 07m)  64% completed  (64% total)
     Speed:     ev/sec=485.372   simsec/sec=1   ev/simsec=485.371
     Messages:  created: 142684   present: 791   in FES: 8
** Event #1138944   t=4080.478273482794   Elapsed: 4080.42s (1h 08m)  64% completed  (64% total)
     Speed:     ev/sec=490.028   simsec/sec=0.999999   ev/simsec=490.028
     Messages:  created: 142785   present: 726   in FES: 8
t=4080.843524 addServer() complete
t=4080.843542 executing setDimmer(0.75)
** Event #1139968   t=4082.61952454826   Elapsed: 4082.56s (1h 08m)  64% completed  (64% total)
     Speed:     ev/sec=478.226   simsec/sec=1   ev/simsec=478.225
     Messages:  created: 142887   present: 672   in FES: 8
** Event #1141248   t=4084.750214024553   Elapsed: 4084.7s (1h 08m)  64% completed  (64% total)
     Speed:     ev/sec=599.525   simsec/sec=0.997969   ev/simsec=600.745
     Messages:  created: 143003   present: 584   in FES: 7
** Event #1142528   t=4086.78124303417   Elapsed: 4086.73s (1h 08m)  64% completed  (64% total)
     Speed:     ev/sec=631.415   simsec/sec=1.00189   ev/simsec=630.222
     Messages:  created: 143141   present: 541   in FES: 7
** Event #1144064   t=4088.860091204048   Elapsed: 4088.81s (1h 08m)  64% completed  (64% total)
     Speed:     ev/sec=739.049   simsec/sec=1.00024   ev/simsec=738.871
     Messages:  created: 143329   present: 531   in FES: 7
** Event #1145600   t=4091.172602783624   Elapsed: 4091.12s (1h 08m)  64% completed  (64% total)
     Speed:     ev/sec=664.213   simsec/sec=1   ev/simsec=664.213
     Messages:  created: 143506   present: 501   in FES: 7
** Event #1146880   t=4093.203660534581   Elapsed: 4093.15s (1h 08m)  64% completed  (64% total)
     Speed:     ev/sec=630.213   simsec/sec=1   ev/simsec=630.213
     Messages:  created: 143637   present: 444   in FES: 8
** Event #1148160   t=4095.58627628366   Elapsed: 4095.53s (1h 08m)  65% completed  (65% total)
     Speed:     ev/sec=537.224   simsec/sec=0.999999   ev/simsec=537.225
     Messages:  created: 143773   present: 396   in FES: 8
** Event #1149696   t=4097.960733130961   Elapsed: 4097.91s (1h 08m)  65% completed  (65% total)
     Speed:     ev/sec=646.163   simsec/sec=0.998884   ev/simsec=646.885
     Messages:  created: 143929   present: 324   in FES: 7
** Event #1150976   t=4100.30132068057   Elapsed: 4100.25s (1h 08m)  65% completed  (65% total)
     Speed:     ev/sec=547.493   simsec/sec=1.00114   ev/simsec=546.871
     Messages:  created: 144059   present: 264   in FES: 8
** Event #1152512   t=4102.520444896387   Elapsed: 4102.47s (1h 08m)  65% completed  (65% total)
     Speed:     ev/sec=692.164   simsec/sec=0.999998   ev/simsec=692.165
     Messages:  created: 144238   present: 237   in FES: 8
** Event #1154560   t=4104.717569781853   Elapsed: 4104.66s (1h 08m)  65% completed  (65% total)
     Speed:     ev/sec=932.129   simsec/sec=1   ev/simsec=932.127
     Messages:  created: 144497   present: 248   in FES: 9
** Event #1155840   t=4106.791955583247   Elapsed: 4106.74s (1h 08m)  65% completed  (65% total)
     Speed:     ev/sec=616.55   simsec/sec=0.99919   ev/simsec=617.05
     Messages:  created: 144635   present: 197   in FES: 7
** Event #1157376   t=4108.912828258918   Elapsed: 4108.87s (1h 08m)  65% completed  (65% total)
     Speed:     ev/sec=721.818   simsec/sec=0.996669   ev/simsec=724.23
     Messages:  created: 144823   present: 186   in FES: 7
** Event #1158912   t=4111.105783935669   Elapsed: 4111.05s (1h 08m)  65% completed  (65% total)
     Speed:     ev/sec=703.236   simsec/sec=1.00401   ev/simsec=700.425
     Messages:  created: 145000   present: 147   in FES: 7
** Event #1160448   t=4113.316202469815   Elapsed: 4113.26s (1h 08m)  65% completed  (65% total)
     Speed:     ev/sec=694.89   simsec/sec=0.999998   ev/simsec=694.891
     Messages:  created: 145189   present: 137   in FES: 8
** Event #1161728   t=4115.349649232153   Elapsed: 4115.29s (1h 08m)  65% completed  (65% total)
     Speed:     ev/sec=629.474   simsec/sec=1   ev/simsec=629.473
     Messages:  created: 145329   present: 84   in FES: 7
** Event #1163008   t=4117.649303451394   Elapsed: 4117.59s (1h 08m)  65% completed  (65% total)
     Speed:     ev/sec=556.453   simsec/sec=0.999726   ev/simsec=556.605
     Messages:  created: 145462   present: 13   in FES: 5
** Event #1164032   t=4120.379814810345   Elapsed: 4120.32s (1h 08m)  65% completed  (65% total)
     Speed:     ev/sec=375.103   simsec/sec=1.00022   ev/simsec=375.021
     Messages:  created: 145589   present: 9   in FES: 5
** Event #1165056   t=4122.536301369858   Elapsed: 4122.48s (1h 08m)  65% completed  (65% total)
     Speed:     ev/sec=474.854   simsec/sec=1.00002   ev/simsec=474.846
     Messages:  created: 145717   present: 9   in FES: 5
** Event #1166080   t=4124.967369907311   Elapsed: 4124.91s (1h 08m)  65% completed  (65% total)
     Speed:     ev/sec=421.214   simsec/sec=1   ev/simsec=421.214
     Messages:  created: 145845   present: 9   in FES: 5
** Event #1167104   t=4127.163594111895   Elapsed: 4127.11s (1h 08m)  65% completed  (65% total)
     Speed:     ev/sec=466.254   simsec/sec=0.999998   ev/simsec=466.255
     Messages:  created: 145973   present: 10   in FES: 6
** Event #1168128   t=4129.412334759488   Elapsed: 4129.36s (1h 08m)  65% completed  (65% total)
     Speed:     ev/sec=455.367   simsec/sec=1   ev/simsec=455.366
     Messages:  created: 146101   present: 9   in FES: 5
** Event #1169664   t=4131.871910965484   Elapsed: 4131.82s (1h 08m)  65% completed  (65% total)
     Speed:     ev/sec=624.498   simsec/sec=1   ev/simsec=624.498
     Messages:  created: 146294   present: 12   in FES: 6
** Event #1170688   t=4134.069501287138   Elapsed: 4134.01s (1h 08m)  65% completed  (65% total)
     Speed:     ev/sec=465.965   simsec/sec=0.999999   ev/simsec=465.965
     Messages:  created: 146423   present: 16   in FES: 8
** Event #1171968   t=4136.158479740148   Elapsed: 4136.11s (1h 08m)  65% completed  (65% total)
     Speed:     ev/sec=611.101   simsec/sec=0.997325   ev/simsec=612.74
     Messages:  created: 146582   present: 13   in FES: 7
** Event #1173248   t=4138.666112762532   Elapsed: 4138.61s (1h 08m)  65% completed  (65% total)
     Speed:     ev/sec=511.437   simsec/sec=1.00195   ev/simsec=510.442
     Messages:  created: 146742   present: 13   in FES: 7
t=4140.84351 executing setDimmer(0.5)
** Event #1174528   t=4141.09639650445   Elapsed: 4141.04s (1h 09m)  65% completed  (65% total)
     Speed:     ev/sec=526.852   simsec/sec=1.00031   ev/simsec=526.687
     Messages:  created: 146900   present: 10   in FES: 6
** Event #1175552   t=4143.140084251103   Elapsed: 4143.09s (1h 09m)  65% completed  (65% total)
     Speed:     ev/sec=501.046   simsec/sec=0.999983   ev/simsec=501.055
     Messages:  created: 147029   present: 13   in FES: 8
** Event #1176832   t=4145.483204298007   Elapsed: 4145.43s (1h 09m)  65% completed  (65% total)
     Speed:     ev/sec=546.279   simsec/sec=0.999998   ev/simsec=546.28
     Messages:  created: 147188   present: 9   in FES: 5
** Event #1177856   t=4147.581058837804   Elapsed: 4147.53s (1h 09m)  65% completed  (65% total)
     Speed:     ev/sec=487.738   simsec/sec=0.999223   ev/simsec=488.118
     Messages:  created: 147318   present: 15   in FES: 7
** Event #1179392   t=4150.077062187651   Elapsed: 4150.02s (1h 09m)  65% completed  (65% total)
     Speed:     ev/sec=615.787   simsec/sec=1.00066   ev/simsec=615.384
     Messages:  created: 147508   present: 9   in FES: 5
** Event #1180672   t=4152.459050170641   Elapsed: 4152.4s (1h 09m)  65% completed  (65% total)
     Speed:     ev/sec=537.366   simsec/sec=0.999999   ev/simsec=537.366
     Messages:  created: 147668   present: 10   in FES: 6
** Event #1181952   t=4154.666681067278   Elapsed: 4154.61s (1h 09m)  65% completed  (65% total)
     Speed:     ev/sec=579.808   simsec/sec=1   ev/simsec=579.807
     Messages:  created: 147830   present: 14   in FES: 8
** Event #1182976   t=4156.710155288204   Elapsed: 4156.66s (1h 09m)  65% completed  (65% total)
     Speed:     ev/sec=501.105   simsec/sec=0.999996   ev/simsec=501.107
     Messages:  created: 147957   present: 11   in FES: 7
** Event #1184256   t=4159.142750486837   Elapsed: 4159.09s (1h 09m)  66% completed  (66% total)
     Speed:     ev/sec=526.188   simsec/sec=1   ev/simsec=526.187
     Messages:  created: 148116   present: 10   in FES: 6
** Event #1185280   t=4161.201122037654   Elapsed: 4161.15s (1h 09m)  66% completed  (66% total)
     Speed:     ev/sec=497.48   simsec/sec=0.999999   ev/simsec=497.481
     Messages:  created: 148245   present: 13   in FES: 7
** Event #1186560   t=4163.255860142566   Elapsed: 4163.2s (1h 09m)  66% completed  (66% total)
     Speed:     ev/sec=622.95   simsec/sec=1   ev/simsec=622.95
     Messages:  created: 148405   present: 12   in FES: 7
** Event #1188096   t=4165.679685845988   Elapsed: 4165.62s (1h 09m)  66% completed  (66% total)
     Speed:     ev/sec=633.711   simsec/sec=1   ev/simsec=633.709
     Messages:  created: 148596   present: 10   in FES: 6
** Event #1189120   t=4167.840355538844   Elapsed: 4167.79s (1h 09m)  66% completed  (66% total)
     Speed:     ev/sec=473.924   simsec/sec=0.999993   ev/simsec=473.927
     Messages:  created: 148725   present: 11   in FES: 7
** Event #1190144   t=4169.875622437094   Elapsed: 4169.82s (1h 09m)  66% completed  (66% total)
     Speed:     ev/sec=503.13   simsec/sec=1   ev/simsec=503.128
     Messages:  created: 148853   present: 11   in FES: 7
** Event #1191168   t=4172.031142867301   Elapsed: 4171.98s (1h 09m)  66% completed  (66% total)
     Speed:     ev/sec=475.07   simsec/sec=1.00002   ev/simsec=475.059
     Messages:  created: 148981   present: 11   in FES: 7
** Event #1192192   t=4174.508164910245   Elapsed: 4174.45s (1h 09m)  66% completed  (66% total)
     Speed:     ev/sec=413.392   simsec/sec=0.999981   ev/simsec=413.4
     Messages:  created: 149108   present: 9   in FES: 5
** Event #1193216   t=4177.012625296773   Elapsed: 4176.96s (1h 09m)  66% completed  (66% total)
     Speed:     ev/sec=408.866   simsec/sec=0.999988   ev/simsec=408.871
     Messages:  created: 149236   present: 9   in FES: 5
** Event #1194240   t=4179.446270152963   Elapsed: 4179.39s (1h 09m)  66% completed  (66% total)
     Speed:     ev/sec=420.773   simsec/sec=1.00001   ev/simsec=420.768
     Messages:  created: 149364   present: 9   in FES: 5
** Event #1195776   t=4182.046781300976   Elapsed: 4181.99s (1h 09m)  66% completed  (66% total)
     Speed:     ev/sec=590.653   simsec/sec=0.999999   ev/simsec=590.653
     Messages:  created: 149557   present: 11   in FES: 7
** Event #1196800   t=4184.477631373437   Elapsed: 4184.42s (1h 09m)  66% completed  (66% total)
     Speed:     ev/sec=421.253   simsec/sec=1   ev/simsec=421.252
     Messages:  created: 149684   present: 9   in FES: 5
** Event #1198080   t=4186.704308101482   Elapsed: 4186.65s (1h 09m)  66% completed  (66% total)
     Speed:     ev/sec=574.847   simsec/sec=0.999999   ev/simsec=574.848
     Messages:  created: 149845   present: 13   in FES: 7
** Event #1199104   t=4188.870684686451   Elapsed: 4188.82s (1h 09m)  66% completed  (66% total)
     Speed:     ev/sec=472.679   simsec/sec=1   ev/simsec=472.679
     Messages:  created: 149972   present: 10   in FES: 6
** Event #1200384   t=4191.234134593778   Elapsed: 4191.18s (1h 09m)  66% completed  (66% total)
     Speed:     ev/sec=541.58   simsec/sec=0.999998   ev/simsec=541.581
     Messages:  created: 150132   present: 10   in FES: 6
** Event #1201152   t=4193.470575902935   Elapsed: 4193.42s (1h 09m)  66% completed  (66% total)
     Speed:     ev/sec=343.402   simsec/sec=0.999999   ev/simsec=343.403
     Messages:  created: 150228   present: 9   in FES: 5
** Event #1202688   t=4195.941312734975   Elapsed: 4195.89s (1h 09m)  66% completed  (66% total)
     Speed:     ev/sec=621.677   simsec/sec=1   ev/simsec=621.677
     Messages:  created: 150420   present: 10   in FES: 6
** Event #1203968   t=4198.127003406156   Elapsed: 4198.07s (1h 09m)  66% completed  (66% total)
     Speed:     ev/sec=585.628   simsec/sec=1   ev/simsec=585.627
     Messages:  created: 150581   present: 11   in FES: 7
** Event #1205248   t=4200.28610218384   Elapsed: 4200.23s (1h 10m)  66% completed  (66% total)
     Speed:     ev/sec=592.839   simsec/sec=0.999999   ev/simsec=592.84
     Messages:  created: 150740   present: 10   in FES: 6
t=4200.843536 executing setDimmer(0.75)
** Event #1206272   t=4202.404431771149   Elapsed: 4202.35s (1h 10m)  66% completed  (66% total)
     Speed:     ev/sec=483.401   simsec/sec=1   ev/simsec=483.4
     Messages:  created: 150868   present: 12   in FES: 7
** Event #1207040   t=4204.596356472928   Elapsed: 4204.54s (1h 10m)  66% completed  (66% total)
     Speed:     ev/sec=350.376   simsec/sec=0.999997   ev/simsec=350.377
     Messages:  created: 150965   present: 13   in FES: 8
** Event #1207808   t=4206.88392937595   Elapsed: 4206.83s (1h 10m)  66% completed  (66% total)
     Speed:     ev/sec=335.727   simsec/sec=1   ev/simsec=335.727
     Messages:  created: 151061   present: 15   in FES: 8
** Event #1208576   t=4209.325002763643   Elapsed: 4209.27s (1h 10m)  66% completed  (66% total)
     Speed:     ev/sec=314.616   simsec/sec=1   ev/simsec=314.616
     Messages:  created: 151156   present: 12   in FES: 7
** Event #1209600   t=4211.447389826539   Elapsed: 4211.4s (1h 10m)  66% completed  (66% total)
     Speed:     ev/sec=481.278   simsec/sec=0.997518   ev/simsec=482.476
     Messages:  created: 151283   present: 9   in FES: 5
** Event #1210368   t=4213.70837507727   Elapsed: 4213.65s (1h 10m)  66% completed  (66% total)
     Speed:     ev/sec=340.469   simsec/sec=1.00234   ev/simsec=339.675
     Messages:  created: 151380   present: 11   in FES: 7
** Event #1211136   t=4215.841766481101   Elapsed: 4215.8s (1h 10m)  66% completed  (66% total)
     Speed:     ev/sec=357.639   simsec/sec=0.99347   ev/simsec=359.99
     Messages:  created: 151475   present: 9   in FES: 5
** Event #1212416   t=4218.686098280021   Elapsed: 4218.63s (1h 10m)  66% completed  (66% total)
     Speed:     ev/sec=452.247   simsec/sec=1.00495   ev/simsec=450.018
     Messages:  created: 151636   present: 11   in FES: 7
** Event #1213184   t=4221.008298072916   Elapsed: 4220.95s (1h 10m)  67% completed  (67% total)
     Speed:     ev/sec=330.722   simsec/sec=1   ev/simsec=330.721
     Messages:  created: 151733   present: 13   in FES: 7
** Event #1214208   t=4223.659269035086   Elapsed: 4223.6s (1h 10m)  67% completed  (67% total)
     Speed:     ev/sec=386.273   simsec/sec=0.999999   ev/simsec=386.274
     Messages:  created: 151861   present: 13   in FES: 7
** Event #1215488   t=4226.296507845279   Elapsed: 4226.26s (1h 10m)  67% completed  (67% total)
     Speed:     ev/sec=482.179   simsec/sec=0.993454   ev/simsec=485.356
     Messages:  created: 152019   present: 9   in FES: 5
** Event #1216000   t=4228.587456255982   Elapsed: 4228.53s (1h 10m)  67% completed  (67% total)
     Speed:     ev/sec=225.196   simsec/sec=1.00764   ev/simsec=223.488
     Messages:  created: 152084   present: 11   in FES: 7
** Event #1217024   t=4230.815536920167   Elapsed: 4230.76s (1h 10m)  67% completed  (67% total)
     Speed:     ev/sec=459.589   simsec/sec=1   ev/simsec=459.588
     Messages:  created: 152213   present: 13   in FES: 7
** Event #1217792   t=4232.937972767968   Elapsed: 4232.88s (1h 10m)  67% completed  (67% total)
     Speed:     ev/sec=361.849   simsec/sec=1   ev/simsec=361.848
     Messages:  created: 152308   present: 12   in FES: 8
** Event #1218560   t=4235.93431389813   Elapsed: 4235.88s (1h 10m)  67% completed  (67% total)
     Speed:     ev/sec=256.312   simsec/sec=0.999998   ev/simsec=256.313
     Messages:  created: 152404   present: 11   in FES: 7
** Event #1219328   t=4237.959848834427   Elapsed: 4237.9s (1h 10m)  67% completed  (67% total)
     Speed:     ev/sec=379.159   simsec/sec=1   ev/simsec=379.159
     Messages:  created: 152500   present: 11   in FES: 7
** Event #1220608   t=4240.199210247184   Elapsed: 4240.15s (1h 10m)  67% completed  (67% total)
     Speed:     ev/sec=571.289   simsec/sec=0.999471   ev/simsec=571.592
     Messages:  created: 152671   present: 41   in FES: 7
** Event #1222144   t=4242.88831279386   Elapsed: 4242.83s (1h 10m)  67% completed  (67% total)
     Speed:     ev/sec=571.446   simsec/sec=1.00044   ev/simsec=571.194
     Messages:  created: 152852   present: 11   in FES: 7
** Event #1223424   t=4245.424390695812   Elapsed: 4245.37s (1h 10m)  67% completed  (67% total)
     Speed:     ev/sec=504.716   simsec/sec=0.999999   ev/simsec=504.716
     Messages:  created: 153012   present: 11   in FES: 6
** Event #1224192   t=4247.457378117184   Elapsed: 4247.42s (1h 10m)  67% completed  (67% total)
     Speed:     ev/sec=375.271   simsec/sec=0.993387   ev/simsec=377.769
     Messages:  created: 153107   present: 9   in FES: 5
** Event #1225472   t=4249.500334974638   Elapsed: 4249.45s (1h 10m)  67% completed  (67% total)
     Speed:     ev/sec=630.722   simsec/sec=1.00667   ev/simsec=626.543
     Messages:  created: 153278   present: 39   in FES: 8
** Event #1227520   t=4251.602503023155   Elapsed: 4251.55s (1h 10m)  67% completed  (67% total)
     Speed:     ev/sec=974.232   simsec/sec=1   ev/simsec=974.232
     Messages:  created: 153563   present: 115   in FES: 8
** Event #1229312   t=4253.807932809367   Elapsed: 4253.75s (1h 10m)  67% completed  (67% total)
     Speed:     ev/sec=812.54   simsec/sec=1   ev/simsec=812.54
     Messages:  created: 153779   present: 95   in FES: 8
** Event #1230848   t=4255.895210131114   Elapsed: 4255.84s (1h 10m)  67% completed  (67% total)
     Speed:     ev/sec=735.888   simsec/sec=1   ev/simsec=735.887
     Messages:  created: 153954   present: 48   in FES: 7
** Event #1232640   t=4258.12589758588   Elapsed: 4258.07s (1h 10m)  67% completed  (67% total)
     Speed:     ev/sec=803.339   simsec/sec=0.999999   ev/simsec=803.34
     Messages:  created: 154182   present: 60   in FES: 8
** Event #1234432   t=4260.261925144512   Elapsed: 4260.21s (1h 11m)  67% completed  (67% total)
     Speed:     ev/sec=838.941   simsec/sec=1   ev/simsec=838.94
     Messages:  created: 154394   present: 29   in FES: 8
t=4260.843505 executing setDimmer(1)
** Event #1235968   t=4262.387131987943   Elapsed: 4262.33s (1h 11m)  67% completed  (67% total)
     Speed:     ev/sec=722.752   simsec/sec=0.999998   ev/simsec=722.753
     Messages:  created: 154598   present: 61   in FES: 8
** Event #1237248   t=4264.501172904108   Elapsed: 4264.45s (1h 11m)  67% completed  (67% total)
     Speed:     ev/sec=605.476   simsec/sec=1   ev/simsec=605.476
     Messages:  created: 154753   present: 49   in FES: 8
** Event #1238272   t=4266.955187131193   Elapsed: 4266.9s (1h 11m)  67% completed  (67% total)
     Speed:     ev/sec=417.275   simsec/sec=1   ev/simsec=417.275
     Messages:  created: 154867   present: 10   in FES: 6
** Event #1239552   t=4269.118199138082   Elapsed: 4269.06s (1h 11m)  67% completed  (67% total)
     Speed:     ev/sec=591.766   simsec/sec=0.999997   ev/simsec=591.767
     Messages:  created: 155047   present: 64   in FES: 8
** Event #1241088   t=4271.206795153997   Elapsed: 4271.15s (1h 11m)  67% completed  (67% total)
     Speed:     ev/sec=735.424   simsec/sec=1   ev/simsec=735.422
     Messages:  created: 155271   present: 150   in FES: 8
** Event #1242368   t=4273.393963809515   Elapsed: 4273.34s (1h 11m)  67% completed  (67% total)
     Speed:     ev/sec=585.231   simsec/sec=0.999999   ev/simsec=585.232
     Messages:  created: 155428   present: 141   in FES: 8
** Event #1243648   t=4275.422432172631   Elapsed: 4275.37s (1h 11m)  67% completed  (67% total)
     Speed:     ev/sec=631.018   simsec/sec=1   ev/simsec=631.018
     Messages:  created: 155590   present: 146   in FES: 8
** Event #1244672   t=4277.616857050795   Elapsed: 4277.56s (1h 11m)  67% completed  (67% total)
     Speed:     ev/sec=466.637   simsec/sec=1   ev/simsec=466.637
     Messages:  created: 155691   present: 74   in FES: 8
** Event #1245696   t=4279.787365808575   Elapsed: 4279.73s (1h 11m)  67% completed  (67% total)
     Speed:     ev/sec=471.779   simsec/sec=1   ev/simsec=471.779
     Messages:  created: 155796   present: 14   in FES: 8
** Event #1246464   t=4281.973723620482   Elapsed: 4281.92s (1h 11m)  67% completed  (67% total)
     Speed:     ev/sec=351.269   simsec/sec=1   ev/simsec=351.269
     Messages:  created: 155895   present: 22   in FES: 8
** Event #1248000   t=4283.988772960052   Elapsed: 4283.93s (1h 11m)  67% completed  (67% total)
     Speed:     ev/sec=762.264   simsec/sec=1   ev/simsec=762.264
     Messages:  created: 156126   present: 125   in FES: 8
** Event #1249280   t=4286.173952361366   Elapsed: 4286.12s (1h 11m)  68% completed  (68% total)
     Speed:     ev/sec=585.765   simsec/sec=1   ev/simsec=585.764
     Messages:  created: 156281   present: 111   in FES: 8
** Event #1250816   t=4288.580264051487   Elapsed: 4288.53s (1h 11m)  68% completed  (68% total)
     Speed:     ev/sec=638.211   simsec/sec=0.999827   ev/simsec=638.321
     Messages:  created: 156483   present: 139   in FES: 7
** Event #1252608   t=4290.714290548015   Elapsed: 4290.66s (1h 11m)  68% completed  (68% total)
     Speed:     ev/sec=837.902   simsec/sec=0.997826   ev/simsec=839.727
     Messages:  created: 156755   present: 267   in FES: 7
** Event #1253888   t=4293.143085661347   Elapsed: 4293.09s (1h 11m)  68% completed  (68% total)
     Speed:     ev/sec=528.111   simsec/sec=1.00209   ev/simsec=527.01
     Messages:  created: 156887   present: 193   in FES: 8
** Event #1255168   t=4295.313940620857   Elapsed: 4295.27s (1h 11m)  68% completed  (68% total)
     Speed:     ev/sec=586.991   simsec/sec=0.995526   ev/simsec=589.629
     Messages:  created: 157024   present: 131   in FES: 7
** Event #1256448   t=4297.785170121123   Elapsed: 4297.73s (1h 11m)  68% completed  (68% total)
     Speed:     ev/sec=520.014   simsec/sec=1.00396   ev/simsec=517.961
     Messages:  created: 157150   present: 40   in FES: 8
** Event #1257728   t=4299.864953243782   Elapsed: 4299.81s (1h 11m)  68% completed  (68% total)
     Speed:     ev/sec=615.451   simsec/sec=1   ev/simsec=615.449
     Messages:  created: 157311   present: 42   in FES: 8
** Event #1259008   t=4302.165853122007   Elapsed: 4302.11s (1h 11m)  68% completed  (68% total)
     Speed:     ev/sec=555.786   simsec/sec=0.999069   ev/simsec=556.304
     Messages:  created: 157468   present: 35   in FES: 7
** Event #1260544   t=4304.31703511033   Elapsed: 4304.26s (1h 11m)  68% completed  (68% total)
     Speed:     ev/sec=714.738   simsec/sec=1.001   ev/simsec=714.026
     Messages:  created: 157686   present: 103   in FES: 8
** Event #1261824   t=4306.460170062518   Elapsed: 4306.41s (1h 11m)  68% completed  (68% total)
     Speed:     ev/sec=597.255   simsec/sec=0.999999   ev/simsec=597.256
     Messages:  created: 157851   present: 118   in FES: 8
** Event #1263104   t=4308.633832883443   Elapsed: 4308.58s (1h 11m)  68% completed  (68% total)
     Speed:     ev/sec=588.138   simsec/sec=0.998761   ev/simsec=588.868
     Messages:  created: 157992   present: 67   in FES: 7
** Event #1264384   t=4310.991676924554   Elapsed: 4310.94s (1h 11m)  68% completed  (68% total)
     Speed:     ev/sec=543.49   simsec/sec=1.00114   ev/simsec=542.869
     Messages:  created: 158130   present: 9   in FES: 5
** Event #1265152   t=4313.078678772034   Elapsed: 4313.02s (1h 11m)  68% completed  (68% total)
     Speed:     ev/sec=367.992   simsec/sec=1   ev/simsec=367.992
     Messages:  created: 158229   present: 15   in FES: 8
** Event #1266432   t=4315.45317462194   Elapsed: 4315.4s (1h 11m)  68% completed  (68% total)
     Speed:     ev/sec=539.062   simsec/sec=1   ev/simsec=539.062
     Messages:  created: 158395   present: 32   in FES: 8
** Event #1267712   t=4317.674396599887   Elapsed: 4317.62s (1h 11m)  68% completed  (68% total)
     Speed:     ev/sec=576.259   simsec/sec=0.999999   ev/simsec=576.259
     Messages:  created: 158559   present: 42   in FES: 8
t=4320.843543 executing setDimmer(0.75)
** Event #1268736   t=4320.907288785446   Elapsed: 4320.85s (1h 12m)  68% completed  (68% total)
     Speed:     ev/sec=316.744   simsec/sec=0.999999   ev/simsec=316.744
     Messages:  created: 158674   present: 11   in FES: 7
** Event #1269504   t=4323.231398478565   Elapsed: 4323.18s (1h 12m)  68% completed  (68% total)
     Speed:     ev/sec=330.453   simsec/sec=1.00001   ev/simsec=330.449
     Messages:  created: 158772   present: 15   in FES: 8
** Event #1270784   t=4325.344930953397   Elapsed: 4325.29s (1h 12m)  68% completed  (68% total)
     Speed:     ev/sec=605.615   simsec/sec=0.99999   ev/simsec=605.621
     Messages:  created: 158930   present: 11   in FES: 7
** Event #1271808   t=4327.356679637359   Elapsed: 4327.3s (1h 12m)  68% completed  (68% total)
     Speed:     ev/sec=509.009   simsec/sec=0.999999   ev/simsec=509.01
     Messages:  created: 159060   present: 15   in FES: 8
** Event #1273088   t=4329.375119498797   Elapsed: 4329.32s (1h 12m)  68% completed  (68% total)
     Speed:     ev/sec=634.154   simsec/sec=1   ev/simsec=634.153
     Messages:  created: 159218   present: 9   in FES: 5
** Event #1273856   t=4331.606724411365   Elapsed: 4331.55s (1h 12m)  68% completed  (68% total)
     Speed:     ev/sec=344.148   simsec/sec=1   ev/simsec=344.147
     Messages:  created: 159314   present: 11   in FES: 7
** Event #1274880   t=4333.810847670783   Elapsed: 4333.76s (1h 12m)  68% completed  (68% total)
     Speed:     ev/sec=463.621   simsec/sec=0.997928   ev/simsec=464.584
     Messages:  created: 159443   present: 13   in FES: 6
** Event #1275904   t=4335.934744318372   Elapsed: 4335.88s (1h 12m)  68% completed  (68% total)
     Speed:     ev/sec=483.172   simsec/sec=1.00216   ev/simsec=482.133
     Messages:  created: 159570   present: 10   in FES: 6
** Event #1276672   t=4338.494284845352   Elapsed: 4338.45s (1h 12m)  68% completed  (68% total)
     Speed:     ev/sec=298.866   simsec/sec=0.996041   ev/simsec=300.054
     Messages:  created: 159667   present: 13   in FES: 7
** Event #1277696   t=4340.970027460396   Elapsed: 4340.92s (1h 12m)  68% completed  (68% total)
     Speed:     ev/sec=415.32   simsec/sec=1.00413   ev/simsec=413.613
     Messages:  created: 159794   present: 10   in FES: 6
** Event #1278976   t=4343.14478022404   Elapsed: 4343.09s (1h 12m)  68% completed  (68% total)
     Speed:     ev/sec=588.204   simsec/sec=0.999373   ev/simsec=588.573
     Messages:  created: 159955   present: 13   in FES: 7
** Event #1279744   t=4345.792230269117   Elapsed: 4345.74s (1h 12m)  68% completed  (68% total)
     Speed:     ev/sec=289.793   simsec/sec=0.998976   ev/simsec=290.09
     Messages:  created: 160051   present: 13   in FES: 7
** Event #1280512   t=4347.855142936649   Elapsed: 4347.8s (1h 12m)  69% completed  (69% total)
     Speed:     ev/sec=373.027   simsec/sec=1.00198   ev/simsec=372.289
     Messages:  created: 160147   present: 12   in FES: 7
** Event #1281280   t=4349.932615179039   Elapsed: 4349.88s (1h 12m)  69% completed  (69% total)
     Speed:     ev/sec=369.679   simsec/sec=0.999998   ev/simsec=369.68
     Messages:  created: 160242   present: 10   in FES: 6
** Event #1282560   t=4352.004812708489   Elapsed: 4351.95s (1h 12m)  69% completed  (69% total)
     Speed:     ev/sec=617.704   simsec/sec=1   ev/simsec=617.702
     Messages:  created: 160402   present: 10   in FES: 6
** Event #1283328   t=4354.038276183926   Elapsed: 4353.99s (1h 12m)  69% completed  (69% total)
     Speed:     ev/sec=376.891   simsec/sec=0.997908   ev/simsec=377.681
     Messages:  created: 160499   present: 13   in FES: 7
** Event #1284096   t=4356.664244915847   Elapsed: 4356.61s (1h 12m)  69% completed  (69% total)
     Speed:     ev/sec=292.939   simsec/sec=1.00163   ev/simsec=292.463
     Messages:  created: 160594   present: 10   in FES: 6
** Event #1284864   t=4359.083773046653   Elapsed: 4359.03s (1h 12m)  69% completed  (69% total)
     Speed:     ev/sec=317.417   simsec/sec=0.999998   ev/simsec=317.417
     Messages:  created: 160690   present: 10   in FES: 6
** Event #1286400   t=4361.394174530687   Elapsed: 4361.34s (1h 12m)  69% completed  (69% total)
     Speed:     ev/sec=664.819   simsec/sec=1   ev/simsec=664.82
     Messages:  created: 160888   present: 26   in FES: 8
** Event #1287424   t=4363.483579387527   Elapsed: 4363.43s (1h 12m)  69% completed  (69% total)
     Speed:     ev/sec=490.091   simsec/sec=0.999998   ev/simsec=490.092
     Messages:  created: 161012   present: 15   in FES: 7
** Event #1288704   t=4365.724322074853   Elapsed: 4365.67s (1h 12m)  69% completed  (69% total)
     Speed:     ev/sec=571.239   simsec/sec=1   ev/simsec=571.239
     Messages:  created: 161173   present: 19   in FES: 8
** Event #1289728   t=4368.085380004522   Elapsed: 4368.03s (1h 12m)  69% completed  (69% total)
     Speed:     ev/sec=433.703   simsec/sec=0.999997   ev/simsec=433.704
     Messages:  created: 161298   present: 10   in FES: 6
** Event #1290752   t=4370.4115544458   Elapsed: 4370.36s (1h 12m)  69% completed  (69% total)
     Speed:     ev/sec=439.812   simsec/sec=0.999102   ev/simsec=440.208
     Messages:  created: 161427   present: 13   in FES: 7
** Event #1291776   t=4372.742644665204   Elapsed: 4372.69s (1h 12m)  69% completed  (69% total)
     Speed:     ev/sec=439.676   simsec/sec=1.0009   ev/simsec=439.279
     Messages:  created: 161556   present: 16   in FES: 8
** Event #1293056   t=4375.157529803252   Elapsed: 4375.1s (1h 12m)  69% completed  (69% total)
     Speed:     ev/sec=530.047   simsec/sec=1   ev/simsec=530.046
     Messages:  created: 161716   present: 16   in FES: 8
** Event #1294080   t=4377.576275186868   Elapsed: 4377.52s (1h 12m)  69% completed  (69% total)
     Speed:     ev/sec=423.36   simsec/sec=0.999999   ev/simsec=423.36
     Messages:  created: 161842   present: 11   in FES: 7
** Event #1295616   t=4379.686628396708   Elapsed: 4379.63s (1h 12m)  69% completed  (69% total)
     Speed:     ev/sec=727.841   simsec/sec=1   ev/simsec=727.84
     Messages:  created: 162038   present: 20   in FES: 8
t=4380.843509 executing setDimmer(1)
** Event #1296640   t=4382.287975253913   Elapsed: 4382.23s (1h 13m)  69% completed  (69% total)
     Speed:     ev/sec=393.642   simsec/sec=1   ev/simsec=393.642
     Messages:  created: 162162   present: 11   in FES: 7
** Event #1297920   t=4384.947609191979   Elapsed: 4384.89s (1h 13m)  69% completed  (69% total)
     Speed:     ev/sec=481.269   simsec/sec=0.999999   ev/simsec=481.269
     Messages:  created: 162321   present: 10   in FES: 6
** Event #1298688   t=4387.05065658889   Elapsed: 4387s (1h 13m)  69% completed  (69% total)
     Speed:     ev/sec=365.185   simsec/sec=1   ev/simsec=365.184
     Messages:  created: 162418   present: 12   in FES: 8
** Event #1299456   t=4389.251437022335   Elapsed: 4389.2s (1h 13m)  69% completed  (69% total)
     Speed:     ev/sec=348.967   simsec/sec=0.999999   ev/simsec=348.967
     Messages:  created: 162514   present: 12   in FES: 7
** Event #1300480   t=4391.44331789124   Elapsed: 4391.39s (1h 13m)  69% completed  (69% total)
     Speed:     ev/sec=467.18   simsec/sec=1   ev/simsec=467.179
     Messages:  created: 162643   present: 14   in FES: 8
** Event #1301248   t=4393.720426043134   Elapsed: 4393.67s (1h 13m)  69% completed  (69% total)
     Speed:     ev/sec=337.269   simsec/sec=0.999999   ev/simsec=337.27
     Messages:  created: 162738   present: 11   in FES: 6
** Event #1302016   t=4395.965273034112   Elapsed: 4395.91s (1h 13m)  69% completed  (69% total)
     Speed:     ev/sec=342.117   simsec/sec=1   ev/simsec=342.117
     Messages:  created: 162834   present: 13   in FES: 6
** Event #1302784   t=4398.286364058732   Elapsed: 4398.23s (1h 13m)  69% completed  (69% total)
     Speed:     ev/sec=330.879   simsec/sec=1   ev/simsec=330.879
     Messages:  created: 162930   present: 11   in FES: 7
** Event #1304064   t=4400.456035097127   Elapsed: 4400.4s (1h 13m)  69% completed  (69% total)
     Speed:     ev/sec=589.95   simsec/sec=0.999997   ev/simsec=589.951
     Messages:  created: 163092   present: 17   in FES: 7
** Event #1305088   t=4402.59053076049   Elapsed: 4402.54s (1h 13m)  69% completed  (69% total)
     Speed:     ev/sec=479.74   simsec/sec=1   ev/simsec=479.739
     Messages:  created: 163221   present: 20   in FES: 8
** Event #1306368   t=4405.144764559971   Elapsed: 4405.09s (1h 13m)  69% completed  (69% total)
     Speed:     ev/sec=501   simsec/sec=0.999743   ev/simsec=501.129
     Messages:  created: 163379   present: 15   in FES: 7
** Event #1307648   t=4407.66054973987   Elapsed: 4407.61s (1h 13m)  69% completed  (69% total)
     Speed:     ev/sec=508.92   simsec/sec=1.00026   ev/simsec=508.787
     Messages:  created: 163538   present: 12   in FES: 8
** Event #1308928   t=4410.006598533033   Elapsed: 4409.95s (1h 13m)  70% completed  (70% total)
     Speed:     ev/sec=544.893   simsec/sec=0.998707   ev/simsec=545.598
     Messages:  created: 163711   present: 47   in FES: 7
** Event #1310208   t=4412.025314595319   Elapsed: 4411.99s (1h 13m)  70% completed  (70% total)
     Speed:     ev/sec=629.135   simsec/sec=0.992222   ev/simsec=634.066
     Messages:  created: 163874   present: 55   in FES: 7
** Event #1311232   t=4414.217891916389   Elapsed: 4414.16s (1h 13m)  70% completed  (70% total)
     Speed:     ev/sec=471.082   simsec/sec=1.00868   ev/simsec=467.03
     Messages:  created: 163986   present: 13   in FES: 8
** Event #1312768   t=4416.864864268608   Elapsed: 4416.81s (1h 13m)  70% completed  (70% total)
     Speed:     ev/sec=580.287   simsec/sec=1   ev/simsec=580.286
     Messages:  created: 164187   present: 36   in FES: 8
** Event #1313792   t=4419.275251995759   Elapsed: 4419.22s (1h 13m)  70% completed  (70% total)
     Speed:     ev/sec=424.829   simsec/sec=1   ev/simsec=424.828
     Messages:  created: 164306   present: 12   in FES: 7
** Event #1314816   t=4421.53814178254   Elapsed: 4421.49s (1h 13m)  70% completed  (70% total)
     Speed:     ev/sec=450.9   simsec/sec=0.996424   ev/simsec=452.519
     Messages:  created: 164438   present: 23   in FES: 7
** Event #1315840   t=4423.856504768518   Elapsed: 4423.8s (1h 13m)  70% completed  (70% total)
     Speed:     ev/sec=443.244   simsec/sec=1.00352   ev/simsec=441.691
     Messages:  created: 164567   present: 26   in FES: 8
** Event #1316608   t=4426.374003472874   Elapsed: 4426.32s (1h 13m)  70% completed  (70% total)
     Speed:     ev/sec=305.064   simsec/sec=0.999999   ev/simsec=305.065
     Messages:  created: 164658   present: 12   in FES: 8
** Event #1317120   t=4434.110956309329   Elapsed: 4434.06s (1h 13m)  70% completed  (70% total)
     Speed:     ev/sec=66.1747   simsec/sec=0.999981   ev/simsec=66.1759
     Messages:  created: 164721   present: 9   in FES: 5
** Event #1318144   t=4436.603818246158   Elapsed: 4436.55s (1h 13m)  70% completed  (70% total)
     Speed:     ev/sec=409.898   simsec/sec=0.99787   ev/simsec=410.773
     Messages:  created: 164854   present: 23   in FES: 7
** Event #1319424   t=4439.019419956293   Elapsed: 4438.97s (1h 13m)  70% completed  (70% total)
     Speed:     ev/sec=530.504   simsec/sec=1.00116   ev/simsec=529.889
     Messages:  created: 165011   present: 15   in FES: 5
t=4440.843532 executing removeServer()
scheduled complete remove at 4440.84410044478
** Event #1320704   t=4441.175284734842   Elapsed: 4441.12s (1h 14m)  70% completed  (70% total)
     Speed:     ev/sec=594.465   simsec/sec=1.00124   ev/simsec=593.729
     Messages:  created: 165179   present: 31   in FES: 7
** Event #1321728   t=4443.926660868232   Elapsed: 4443.87s (1h 14m)  70% completed  (70% total)
     Speed:     ev/sec=372.177   simsec/sec=0.999999   ev/simsec=372.177
     Messages:  created: 165304   present: 23   in FES: 7
** Event #1322752   t=4446.136354565371   Elapsed: 4446.08s (1h 14m)  70% completed  (70% total)
     Speed:     ev/sec=463.412   simsec/sec=0.999999   ev/simsec=463.413
     Messages:  created: 165445   present: 58   in FES: 7
** Event #1324032   t=4448.60691474552   Elapsed: 4448.55s (1h 14m)  70% completed  (70% total)
     Speed:     ev/sec=518.101   simsec/sec=1   ev/simsec=518.101
     Messages:  created: 165633   present: 133   in FES: 7
** Event #1325312   t=4450.633727875405   Elapsed: 4450.58s (1h 14m)  70% completed  (70% total)
     Speed:     ev/sec=630.518   simsec/sec=0.998392   ev/simsec=631.533
     Messages:  created: 165847   present: 260   in FES: 6
** Event #1326336   t=4452.763938450583   Elapsed: 4452.71s (1h 14m)  70% completed  (70% total)
     Speed:     ev/sec=480.951   simsec/sec=1.00052   ev/simsec=480.704
     Messages:  created: 166013   present: 336   in FES: 6
** Event #1327360   t=4454.776632838453   Elapsed: 4454.72s (1h 14m)  70% completed  (70% total)
     Speed:     ev/sec=508.583   simsec/sec=0.999632   ev/simsec=508.771
     Messages:  created: 166144   present: 342   in FES: 6
** Event #1328384   t=4456.913362280891   Elapsed: 4456.86s (1h 14m)  70% completed  (70% total)
     Speed:     ev/sec=479.235   simsec/sec=0.999995   ev/simsec=479.237
     Messages:  created: 166294   present: 386   in FES: 6
** Event #1329664   t=4459.22957200015   Elapsed: 4459.18s (1h 14m)  70% completed  (70% total)
     Speed:     ev/sec=551.028   simsec/sec=0.997107   ev/simsec=552.627
     Messages:  created: 166499   present: 476   in FES: 6
** Event #1330688   t=4461.367836407366   Elapsed: 4461.32s (1h 14m)  70% completed  (70% total)
     Speed:     ev/sec=480.059   simsec/sec=1.00244   ev/simsec=478.893
     Messages:  created: 166649   present: 520   in FES: 6
** Event #1331968   t=4463.949808640815   Elapsed: 4463.91s (1h 14m)  70% completed  (70% total)
     Speed:     ev/sec=494.399   simsec/sec=0.997284   ev/simsec=495.745
     Messages:  created: 166826   present: 554   in FES: 6
** Event #1332736   t=4466.093516636308   Elapsed: 4466.07s (1h 14m)  70% completed  (70% total)
     Speed:     ev/sec=355.49   simsec/sec=0.992273   ev/simsec=358.258
     Messages:  created: 166904   present: 518   in FES: 6
** Event #1333760   t=4468.078188245418   Elapsed: 4468.07s (1h 14m)  70% completed  (70% total)
     Speed:     ev/sec=511.309   simsec/sec=0.990997   ev/simsec=515.954
     Messages:  created: 167051   present: 556   in FES: 6
** Event #1334528   t=4470.202591224824   Elapsed: 4470.16s (1h 14m)  70% completed  (70% total)
     Speed:     ev/sec=367.013   simsec/sec=1.01521   ev/simsec=361.513
     Messages:  created: 167131   present: 524   in FES: 6
** Event #1335552   t=4472.516030311502   Elapsed: 4472.46s (1h 14m)  70% completed  (70% total)
     Speed:     ev/sec=445.067   simsec/sec=1.0055   ev/simsec=442.631
     Messages:  created: 167267   present: 540   in FES: 6
** Event #1336576   t=4474.930325722134   Elapsed: 4474.88s (1h 14m)  71% completed  (71% total)
     Speed:     ev/sec=423.797   simsec/sec=0.99919   ev/simsec=424.14
     Messages:  created: 167398   present: 546   in FES: 6
** Event #1337600   t=4477.373569949129   Elapsed: 4477.33s (1h 14m)  71% completed  (71% total)
     Speed:     ev/sec=418.618   simsec/sec=0.998815   ev/simsec=419.115
     Messages:  created: 167553   present: 600   in FES: 6
** Event #1338880   t=4479.800200549964   Elapsed: 4479.75s (1h 14m)  71% completed  (71% total)
     Speed:     ev/sec=528.614   simsec/sec=1.00215   ev/simsec=527.48
     Messages:  created: 167743   present: 660   in FES: 6
** Event #1340160   t=4482.176598852368   Elapsed: 4482.13s (1h 14m)  71% completed  (71% total)
     Speed:     ev/sec=536.403   simsec/sec=0.995865   ev/simsec=538.63
     Messages:  created: 167935   present: 724   in FES: 6
** Event #1341184   t=4484.32449289613   Elapsed: 4484.27s (1h 14m)  71% completed  (71% total)
     Speed:     ev/sec=478.088   simsec/sec=1.00282   ev/simsec=476.746
     Messages:  created: 168076   present: 750   in FES: 6
** Event #1342208   t=4486.802199097045   Elapsed: 4486.75s (1h 14m)  71% completed  (71% total)
     Speed:     ev/sec=414.096   simsec/sec=1.00196   ev/simsec=413.285
     Messages:  created: 168215   present: 772   in FES: 6
** Event #1343488   t=4489.479513318926   Elapsed: 4489.44s (1h 14m)  71% completed  (71% total)
     Speed:     ev/sec=475.295   simsec/sec=0.994151   ev/simsec=478.091
     Messages:  created: 168394   present: 810   in FES: 6
** Event #1344512   t=4491.858553812774   Elapsed: 4491.8s (1h 14m)  71% completed  (71% total)
     Speed:     ev/sec=433.356   simsec/sec=1.00681   ev/simsec=430.426
     Messages:  created: 168509   present: 778   in FES: 7
** Event #1345536   t=4494.014076608769   Elapsed: 4493.96s (1h 14m)  71% completed  (71% total)
     Speed:     ev/sec=474.044   simsec/sec=0.997863   ev/simsec=475.059
     Messages:  created: 168634   present: 768   in FES: 6
** Event #1346560   t=4496.423812489926   Elapsed: 4496.37s (1h 14m)  71% completed  (71% total)
     Speed:     ev/sec=425.758   simsec/sec=1.00192   ev/simsec=424.943
     Messages:  created: 168760   present: 764   in FES: 7
** Event #1347840   t=4498.755538746282   Elapsed: 4498.7s (1h 14m)  71% completed  (71% total)
     Speed:     ev/sec=548.951   simsec/sec=1   ev/simsec=548.95
     Messages:  created: 168919   present: 745   in FES: 7
t=4500.843523 executing addServer()
adding server with latency=60
** Event #1348864   t=4501.225116412034   Elapsed: 4501.18s (1h 15m)  71% completed  (71% total)
     Speed:     ev/sec=413.329   simsec/sec=0.996824   ev/simsec=414.646
     Messages:  created: 169050   present: 751   in FES: 7
** Event #1349632   t=4503.293997742704   Elapsed: 4503.24s (1h 15m)  71% completed  (71% total)
     Speed:     ev/sec=372.341   simsec/sec=1.00303   ev/simsec=371.215
     Messages:  created: 169122   present: 703   in FES: 7
** Event #1350656   t=4505.414316117317   Elapsed: 4505.37s (1h 15m)  71% completed  (71% total)
     Speed:     ev/sec=481.45   simsec/sec=0.996901   ev/simsec=482.946
     Messages:  created: 169248   present: 699   in FES: 7
** Event #1351680   t=4507.758382603565   Elapsed: 4507.71s (1h 15m)  71% completed  (71% total)
     Speed:     ev/sec=437.324   simsec/sec=1.00109   ev/simsec=436.848
     Messages:  created: 169387   present: 721   in FES: 7
** Event #1352960   t=4510.11804527479   Elapsed: 4510.06s (1h 15m)  71% completed  (71% total)
     Speed:     ev/sec=543.753   simsec/sec=1.0024   ev/simsec=542.45
     Messages:  created: 169584   present: 789   in FES: 8
** Event #1353728   t=4512.156792592444   Elapsed: 4512.1s (1h 15m)  71% completed  (71% total)
     Speed:     ev/sec=376.701   simsec/sec=0.999997   ev/simsec=376.702
     Messages:  created: 169664   present: 757   in FES: 8
** Event #1354752   t=4514.622224725775   Elapsed: 4514.57s (1h 15m)  71% completed  (71% total)
     Speed:     ev/sec=415.344   simsec/sec=1   ev/simsec=415.343
     Messages:  created: 169789   present: 751   in FES: 8
** Event #1355776   t=4516.938952294772   Elapsed: 4516.88s (1h 15m)  71% completed  (71% total)
     Speed:     ev/sec=442.002   simsec/sec=0.999999   ev/simsec=442.003
     Messages:  created: 169924   present: 766   in FES: 9
** Event #1356800   t=4519.400939336307   Elapsed: 4519.35s (1h 15m)  71% completed  (71% total)
     Speed:     ev/sec=415.923   simsec/sec=0.999998   ev/simsec=415.924
     Messages:  created: 170028   present: 703   in FES: 8
** Event #1357824   t=4521.735496557844   Elapsed: 4521.68s (1h 15m)  71% completed  (71% total)
     Speed:     ev/sec=438.629   simsec/sec=1   ev/simsec=438.627
     Messages:  created: 170143   present: 673   in FES: 8
** Event #1358848   t=4524.30938056771   Elapsed: 4524.25s (1h 15m)  71% completed  (71% total)
     Speed:     ev/sec=397.842   simsec/sec=1   ev/simsec=397.842
     Messages:  created: 170271   present: 673   in FES: 8
** Event #1359872   t=4526.807509118044   Elapsed: 4526.75s (1h 15m)  71% completed  (71% total)
     Speed:     ev/sec=409.906   simsec/sec=0.999998   ev/simsec=409.907
     Messages:  created: 170410   present: 696   in FES: 8
** Event #1361152   t=4529.123090579393   Elapsed: 4529.07s (1h 15m)  71% completed  (71% total)
     Speed:     ev/sec=552.778   simsec/sec=1   ev/simsec=552.777
     Messages:  created: 170596   present: 746   in FES: 8
** Event #1362176   t=4531.390781867247   Elapsed: 4531.34s (1h 15m)  71% completed  (71% total)
     Speed:     ev/sec=451.561   simsec/sec=1   ev/simsec=451.561
     Messages:  created: 170744   present: 786   in FES: 8
** Event #1363456   t=4533.810028073757   Elapsed: 4533.76s (1h 15m)  71% completed  (71% total)
     Speed:     ev/sec=529.09   simsec/sec=0.999998   ev/simsec=529.09
     Messages:  created: 170926   present: 831   in FES: 9
** Event #1364224   t=4535.84268466256   Elapsed: 4535.79s (1h 15m)  71% completed  (71% total)
     Speed:     ev/sec=377.831   simsec/sec=1   ev/simsec=377.831
     Messages:  created: 171028   present: 842   in FES: 8
** Event #1365248   t=4538.215904926586   Elapsed: 4538.16s (1h 15m)  72% completed  (72% total)
     Speed:     ev/sec=431.481   simsec/sec=1   ev/simsec=431.481
     Messages:  created: 171150   present: 826   in FES: 8
** Event #1366528   t=4540.857082802153   Elapsed: 4540.8s (1h 15m)  72% completed  (72% total)
     Speed:     ev/sec=484.632   simsec/sec=0.999999   ev/simsec=484.632
     Messages:  created: 171311   present: 820   in FES: 8
** Event #1367552   t=4543.021999955872   Elapsed: 4542.97s (1h 15m)  72% completed  (72% total)
     Speed:     ev/sec=472.999   simsec/sec=1   ev/simsec=472.997
     Messages:  created: 171405   present: 737   in FES: 9
** Event #1368320   t=4545.283436432667   Elapsed: 4545.24s (1h 15m)  72% completed  (72% total)
     Speed:     ev/sec=337.597   simsec/sec=0.994081   ev/simsec=339.607
     Messages:  created: 171464   present: 657   in FES: 7
** Event #1369088   t=4547.298761936409   Elapsed: 4547.25s (1h 15m)  72% completed  (72% total)
     Speed:     ev/sec=382.724   simsec/sec=1.00432   ev/simsec=381.08
     Messages:  created: 171564   present: 665   in FES: 7
** Event #1370368   t=4549.870385448749   Elapsed: 4549.82s (1h 15m)  72% completed  (72% total)
     Speed:     ev/sec=498.671   simsec/sec=1.00187   ev/simsec=497.74
     Messages:  created: 171715   present: 636   in FES: 9
** Event #1371136   t=4551.878703824531   Elapsed: 4551.82s (1h 15m)  72% completed  (72% total)
     Speed:     ev/sec=382.41   simsec/sec=1   ev/simsec=382.409
     Messages:  created: 171808   present: 629   in FES: 8
** Event #1372160   t=4554.431058563224   Elapsed: 4554.38s (1h 15m)  72% completed  (72% total)
     Speed:     ev/sec=401.197   simsec/sec=0.999998   ev/simsec=401.198
     Messages:  created: 171927   present: 611   in FES: 8
** Event #1373184   t=4556.763705420817   Elapsed: 4556.71s (1h 15m)  72% completed  (72% total)
     Speed:     ev/sec=438.987   simsec/sec=1   ev/simsec=438.986
     Messages:  created: 172083   present: 667   in FES: 8
** Event #1374208   t=4559.22862564786   Elapsed: 4559.17s (1h 15m)  72% completed  (72% total)
     Speed:     ev/sec=415.431   simsec/sec=1   ev/simsec=415.429
     Messages:  created: 172219   present: 684   in FES: 9
t=4560.843502 executing setDimmer(0.75)
t=4560.843523 addServer() complete
** Event #1375232   t=4561.321907616687   Elapsed: 4561.27s (1h 16m)  72% completed  (72% total)
     Speed:     ev/sec=489.181   simsec/sec=0.999994   ev/simsec=489.184
     Messages:  created: 172361   present: 713   in FES: 7
** Event #1376768   t=4563.707317205372   Elapsed: 4563.65s (1h 16m)  72% completed  (72% total)
     Speed:     ev/sec=643.917   simsec/sec=1   ev/simsec=643.915
     Messages:  created: 172526   present: 659   in FES: 9
** Event #1378048   t=4565.958959887035   Elapsed: 4565.9s (1h 16m)  72% completed  (72% total)
     Speed:     ev/sec=568.472   simsec/sec=0.999996   ev/simsec=568.474
     Messages:  created: 172650   present: 587   in FES: 7
** Event #1379072   t=4568.027756734365   Elapsed: 4567.97s (1h 16m)  72% completed  (72% total)
     Speed:     ev/sec=494.975   simsec/sec=1   ev/simsec=494.974
     Messages:  created: 172743   present: 516   in FES: 7
** Event #1380352   t=4570.307760785211   Elapsed: 4570.25s (1h 16m)  72% completed  (72% total)
     Speed:     ev/sec=561.4   simsec/sec=0.999996   ev/simsec=561.403
     Messages:  created: 172884   present: 482   in FES: 8
** Event #1381632   t=4572.360640281899   Elapsed: 4572.31s (1h 16m)  72% completed  (72% total)
     Speed:     ev/sec=623.515   simsec/sec=1   ev/simsec=623.514
     Messages:  created: 173005   present: 401   in FES: 7
** Event #1382912   t=4574.605095824711   Elapsed: 4574.55s (1h 16m)  72% completed  (72% total)
     Speed:     ev/sec=570.292   simsec/sec=0.999997   ev/simsec=570.294
     Messages:  created: 173121   present: 313   in FES: 7
** Event #1384192   t=4576.877951564468   Elapsed: 4576.83s (1h 16m)  72% completed  (72% total)
     Speed:     ev/sec=561.166   simsec/sec=0.996446   ev/simsec=563.168
     Messages:  created: 173240   present: 227   in FES: 6
** Event #1385216   t=4578.923517881243   Elapsed: 4578.87s (1h 16m)  72% completed  (72% total)
     Speed:     ev/sec=502.59   simsec/sec=1.00399   ev/simsec=500.595
     Messages:  created: 173341   present: 163   in FES: 8
** Event #1386496   t=4581.416778633177   Elapsed: 4581.36s (1h 16m)  72% completed  (72% total)
     Speed:     ev/sec=513.383   simsec/sec=0.999999   ev/simsec=513.384
     Messages:  created: 173474   present: 94   in FES: 7
** Event #1387776   t=4583.537718700429   Elapsed: 4583.48s (1h 16m)  72% completed  (72% total)
     Speed:     ev/sec=603.506   simsec/sec=1   ev/simsec=603.506
     Messages:  created: 173624   present: 66   in FES: 7
** Event #1388800   t=4586.08263860702   Elapsed: 4586.03s (1h 16m)  72% completed  (72% total)
     Speed:     ev/sec=402.37   simsec/sec=1   ev/simsec=402.37
     Messages:  created: 173730   present: 9   in FES: 5
** Event #1389568   t=4588.249285976056   Elapsed: 4588.19s (1h 16m)  72% completed  (72% total)
     Speed:     ev/sec=354.465   simsec/sec=1   ev/simsec=354.465
     Messages:  created: 173826   present: 9   in FES: 5
** Event #1390336   t=4590.803872883341   Elapsed: 4590.78s (1h 16m)  72% completed  (72% total)
     Speed:     ev/sec=296.883   simsec/sec=0.987518   ev/simsec=300.636
     Messages:  created: 173923   present: 11   in FES: 7
** Event #1390848   t=4593.276592795435   Elapsed: 4593.22s (1h 16m)  72% completed  (72% total)
     Speed:     ev/sec=209.799   simsec/sec=1.01323   ev/simsec=207.059
     Messages:  created: 173986   present: 9   in FES: 5
** Event #1391872   t=4595.548007562426   Elapsed: 4595.5s (1h 16m)  72% completed  (72% total)
     Speed:     ev/sec=450.222   simsec/sec=0.998674   ev/simsec=450.82
     Messages:  created: 174115   present: 11   in FES: 6
** Event #1392896   t=4597.561949026813   Elapsed: 4597.51s (1h 16m)  72% completed  (72% total)
     Speed:     ev/sec=509.22   simsec/sec=1.0015   ev/simsec=508.456
     Messages:  created: 174245   present: 16   in FES: 7
** Event #1393920   t=4599.587614896073   Elapsed: 4599.54s (1h 16m)  73% completed  (73% total)
     Speed:     ev/sec=504.83   simsec/sec=0.99865   ev/simsec=505.513
     Messages:  created: 174371   present: 11   in FES: 7
** Event #1394944   t=4601.680089597562   Elapsed: 4601.63s (1h 16m)  73% completed  (73% total)
     Speed:     ev/sec=490.013   simsec/sec=1.00131   ev/simsec=489.373
     Messages:  created: 174503   present: 21   in FES: 8
** Event #1396224   t=4604.213549849521   Elapsed: 4604.16s (1h 16m)  73% completed  (73% total)
     Speed:     ev/sec=505.238   simsec/sec=1   ev/simsec=505.238
     Messages:  created: 174660   present: 14   in FES: 8
** Event #1397504   t=4606.303625045485   Elapsed: 4606.25s (1h 16m)  73% completed  (73% total)
     Speed:     ev/sec=612.419   simsec/sec=1   ev/simsec=612.418
     Messages:  created: 174818   present: 9   in FES: 5
** Event #1398784   t=4608.437069408932   Elapsed: 4608.38s (1h 16m)  73% completed  (73% total)
     Speed:     ev/sec=599.968   simsec/sec=0.999998   ev/simsec=599.969
     Messages:  created: 174981   present: 16   in FES: 7
** Event #1399808   t=4610.44805222842   Elapsed: 4610.39s (1h 16m)  73% completed  (73% total)
     Speed:     ev/sec=509.204   simsec/sec=1   ev/simsec=509.204
     Messages:  created: 175109   present: 16   in FES: 7
** Event #1401344   t=4612.729171596788   Elapsed: 4612.67s (1h 16m)  73% completed  (73% total)
     Speed:     ev/sec=673.355   simsec/sec=1   ev/simsec=673.354
     Messages:  created: 175303   present: 22   in FES: 8
** Event #1402880   t=4615.129279901428   Elapsed: 4615.07s (1h 16m)  73% completed  (73% total)
     Speed:     ev/sec=639.97   simsec/sec=0.999999   ev/simsec=639.971
     Messages:  created: 175492   present: 14   in FES: 7
** Event #1403904   t=4617.468717580414   Elapsed: 4617.42s (1h 16m)  73% completed  (73% total)
     Speed:     ev/sec=437.131   simsec/sec=0.998674   ev/simsec=437.712
     Messages:  created: 175619   present: 11   in FES: 7
** Event #1404928   t=4619.848484228612   Elapsed: 4619.79s (1h 16m)  73% completed  (73% total)
     Speed:     ev/sec=430.857   simsec/sec=1.00131   ev/simsec=430.294
     Messages:  created: 175749   present: 17   in FES: 8
t=4620.84354 executing setDimmer(0.5)
** Event #1405952   t=4622.378765725413   Elapsed: 4622.33s (1h 17m)  73% completed  (73% total)
     Speed:     ev/sec=403.646   simsec/sec=0.997401   ev/simsec=404.698
     Messages:  created: 175875   present: 13   in FES: 6
** Event #1406976   t=4624.58294284614   Elapsed: 4624.53s (1h 17m)  73% completed  (73% total)
     Speed:     ev/sec=465.965   simsec/sec=1.003   ev/simsec=464.572
     Messages:  created: 176002   present: 10   in FES: 6
** Event #1408256   t=4626.670905737796   Elapsed: 4626.62s (1h 17m)  73% completed  (73% total)
     Speed:     ev/sec=612.261   simsec/sec=0.998732   ev/simsec=613.038
     Messages:  created: 176163   present: 13   in FES: 7
** Event #1409280   t=4628.902428339241   Elapsed: 4628.85s (1h 17m)  73% completed  (73% total)
     Speed:     ev/sec=459.426   simsec/sec=1.00119   ev/simsec=458.88
     Messages:  created: 176291   present: 12   in FES: 8
** Event #1410560   t=4631.1888860872   Elapsed: 4631.13s (1h 17m)  73% completed  (73% total)
     Speed:     ev/sec=559.819   simsec/sec=1   ev/simsec=559.818
     Messages:  created: 176450   present: 11   in FES: 7
** Event #1411840   t=4634.080221851998   Elapsed: 4634.03s (1h 17m)  73% completed  (73% total)
     Speed:     ev/sec=442.701   simsec/sec=0.999999   ev/simsec=442.702
     Messages:  created: 176610   present: 9   in FES: 5
** Event #1412864   t=4636.456128201844   Elapsed: 4636.4s (1h 17m)  73% completed  (73% total)
     Speed:     ev/sec=430.993   simsec/sec=0.999998   ev/simsec=430.993
     Messages:  created: 176738   present: 10   in FES: 6
** Event #1413888   t=4638.561906111107   Elapsed: 4638.51s (1h 17m)  73% completed  (73% total)
     Speed:     ev/sec=486.282   simsec/sec=1   ev/simsec=486.281
     Messages:  created: 176868   present: 15   in FES: 8
** Event #1415168   t=4640.983372350485   Elapsed: 4640.93s (1h 17m)  73% completed  (73% total)
     Speed:     ev/sec=528.605   simsec/sec=0.999999   ev/simsec=528.605
     Messages:  created: 177027   present: 12   in FES: 7
** Event #1416448   t=4643.465557705146   Elapsed: 4643.41s (1h 17m)  73% completed  (73% total)
     Speed:     ev/sec=515.663   simsec/sec=0.999978   ev/simsec=515.675
     Messages:  created: 177186   present: 9   in FES: 5
** Event #1417216   t=4645.639235511184   Elapsed: 4645.58s (1h 17m)  73% completed  (73% total)
     Speed:     ev/sec=353.328   simsec/sec=1.00003   ev/simsec=353.318
     Messages:  created: 177282   present: 9   in FES: 5
** Event #1418240   t=4648.059420097417   Elapsed: 4648s (1h 17m)  73% completed  (73% total)
     Speed:     ev/sec=423.107   simsec/sec=0.999997   ev/simsec=423.108
     Messages:  created: 177410   present: 9   in FES: 5
** Event #1419264   t=4650.331015139805   Elapsed: 4650.28s (1h 17m)  73% completed  (73% total)
     Speed:     ev/sec=450.784   simsec/sec=1   ev/simsec=450.785
     Messages:  created: 177538   present: 10   in FES: 6
** Event #1420032   t=4652.520720485817   Elapsed: 4652.47s (1h 17m)  73% completed  (73% total)
     Speed:     ev/sec=350.732   simsec/sec=1   ev/simsec=350.732
     Messages:  created: 177634   present: 9   in FES: 5
** Event #1420800   t=4654.779304931207   Elapsed: 4654.72s (1h 17m)  73% completed  (73% total)
     Speed:     ev/sec=340.036   simsec/sec=1   ev/simsec=340.036
     Messages:  created: 177730   present: 9   in FES: 5
** Event #1421824   t=4657.262510153082   Elapsed: 4657.21s (1h 17m)  73% completed  (73% total)
     Speed:     ev/sec=412.371   simsec/sec=1   ev/simsec=412.37
     Messages:  created: 177858   present: 11   in FES: 7
** Event #1422592   t=4659.632390942497   Elapsed: 4659.58s (1h 17m)  73% completed  (73% total)
     Speed:     ev/sec=324.066   simsec/sec=0.999998   ev/simsec=324.067
     Messages:  created: 177954   present: 10   in FES: 6
** Event #1423616   t=4661.827396704751   Elapsed: 4661.77s (1h 17m)  73% completed  (73% total)
     Speed:     ev/sec=466.493   simsec/sec=0.999956   ev/simsec=466.514
     Messages:  created: 178083   present: 13   in FES: 6
** Event #1424640   t=4664.29499714633   Elapsed: 4664.24s (1h 17m)  74% completed  (74% total)
     Speed:     ev/sec=414.993   simsec/sec=1.00004   ev/simsec=414.978
     Messages:  created: 178210   present: 10   in FES: 6
** Event #1425408   t=4666.298885716722   Elapsed: 4666.24s (1h 17m)  74% completed  (74% total)
     Speed:     ev/sec=383.256   simsec/sec=1   ev/simsec=383.255
     Messages:  created: 178307   present: 12   in FES: 7
** Event #1426688   t=4668.577937053523   Elapsed: 4668.52s (1h 17m)  74% completed  (74% total)
     Speed:     ev/sec=561.636   simsec/sec=0.999998   ev/simsec=561.637
     Messages:  created: 178468   present: 15   in FES: 7
** Event #1427712   t=4671.215013718458   Elapsed: 4671.16s (1h 17m)  74% completed  (74% total)
     Speed:     ev/sec=388.309   simsec/sec=1   ev/simsec=388.309
     Messages:  created: 178594   present: 11   in FES: 7
** Event #1428480   t=4673.578697416552   Elapsed: 4673.52s (1h 17m)  74% completed  (74% total)
     Speed:     ev/sec=324.916   simsec/sec=0.999998   ev/simsec=324.917
     Messages:  created: 178690   present: 9   in FES: 5
** Event #1429248   t=4676.278748689885   Elapsed: 4676.22s (1h 17m)  74% completed  (74% total)
     Speed:     ev/sec=284.439   simsec/sec=1   ev/simsec=284.439
     Messages:  created: 178786   present: 9   in FES: 5
** Event #1430272   t=4678.437747279481   Elapsed: 4678.38s (1h 17m)  74% completed  (74% total)
     Speed:     ev/sec=474.294   simsec/sec=1   ev/simsec=474.294
     Messages:  created: 178914   present: 10   in FES: 6
t=4680.843498 executing setDimmer(0.75)
** Event #1431552   t=4680.871297180376   Elapsed: 4680.82s (1h 18m)  74% completed  (74% total)
     Speed:     ev/sec=525.982   simsec/sec=1   ev/simsec=525.981
     Messages:  created: 179075   present: 14   in FES: 8
** Event #1432832   t=4682.992933111855   Elapsed: 4682.94s (1h 18m)  74% completed  (74% total)
     Speed:     ev/sec=603.306   simsec/sec=0.999997   ev/simsec=603.308
     Messages:  created: 179236   present: 18   in FES: 8
** Event #1433856   t=4685.310873293272   Elapsed: 4685.26s (1h 18m)  74% completed  (74% total)
     Speed:     ev/sec=441.776   simsec/sec=1.00001   ev/simsec=441.772
     Messages:  created: 179364   present: 17   in FES: 8
** Event #1435136   t=4687.693704973646   Elapsed: 4687.64s (1h 18m)  74% completed  (74% total)
     Speed:     ev/sec=537.171   simsec/sec=0.999991   ev/simsec=537.176
     Messages:  created: 179522   present: 12   in FES: 7
** Event #1435904   t=4689.710864033791   Elapsed: 4689.66s (1h 18m)  74% completed  (74% total)
     Speed:     ev/sec=380.733   simsec/sec=1   ev/simsec=380.733
     Messages:  created: 179618   present: 12   in FES: 8
** Event #1436928   t=4692.448842803798   Elapsed: 4692.39s (1h 18m)  74% completed  (74% total)
     Speed:     ev/sec=373.999   simsec/sec=1   ev/simsec=373.999
     Messages:  created: 179745   present: 9   in FES: 5
** Event #1438208   t=4694.8768013379   Elapsed: 4694.82s (1h 18m)  74% completed  (74% total)
     Speed:     ev/sec=527.191   simsec/sec=0.999999   ev/simsec=527.192
     Messages:  created: 179906   present: 13   in FES: 8
** Event #1438976   t=4696.894250522825   Elapsed: 4696.84s (1h 18m)  74% completed  (74% total)
     Speed:     ev/sec=380.678   simsec/sec=0.999998   ev/simsec=380.679
     Messages:  created: 180001   present: 9   in FES: 5
** Event #1439488   t=4699.243807857292   Elapsed: 4699.19s (1h 18m)  74% completed  (74% total)
     Speed:     ev/sec=217.914   simsec/sec=1   ev/simsec=217.913
     Messages:  created: 180065   present: 10   in FES: 6
** Event #1440768   t=4702.183817782945   Elapsed: 4702.13s (1h 18m)  74% completed  (74% total)
     Speed:     ev/sec=435.372   simsec/sec=0.999998   ev/simsec=435.373
     Messages:  created: 180226   present: 12   in FES: 8
** Event #1441536   t=4704.185235594565   Elapsed: 4704.13s (1h 18m)  74% completed  (74% total)
     Speed:     ev/sec=383.721   simsec/sec=0.999982   ev/simsec=383.728
     Messages:  created: 180321   present: 9   in FES: 5
** Event #1442048   t=4706.366243542855   Elapsed: 4706.31s (1h 18m)  74% completed  (74% total)
     Speed:     ev/sec=234.758   simsec/sec=1.00002   ev/simsec=234.754
     Messages:  created: 180386   present: 11   in FES: 7
** Event #1442816   t=4708.555926332203   Elapsed: 4708.5s (1h 18m)  74% completed  (74% total)
     Speed:     ev/sec=350.736   simsec/sec=1   ev/simsec=350.736
     Messages:  created: 180482   present: 11   in FES: 6
** Event #1443584   t=4711.145319542531   Elapsed: 4711.09s (1h 18m)  74% completed  (74% total)
     Speed:     ev/sec=296.598   simsec/sec=1.00001   ev/simsec=296.595
     Messages:  created: 180578   present: 13   in FES: 8
** Event #1444352   t=4713.572501437626   Elapsed: 4713.52s (1h 18m)  74% completed  (74% total)
     Speed:     ev/sec=316.412   simsec/sec=0.999985   ev/simsec=316.416
     Messages:  created: 180674   present: 11   in FES: 7
** Event #1445376   t=4716.002550092234   Elapsed: 4715.95s (1h 18m)  74% completed  (74% total)
     Speed:     ev/sec=421.391   simsec/sec=1   ev/simsec=421.391
     Messages:  created: 180801   present: 9   in FES: 5
** Event #1445888   t=4718.320102090986   Elapsed: 4718.27s (1h 18m)  74% completed  (74% total)
     Speed:     ev/sec=220.923   simsec/sec=1   ev/simsec=220.923
     Messages:  created: 180865   present: 9   in FES: 5
** Event #1446656   t=4720.528796436631   Elapsed: 4720.47s (1h 18m)  74% completed  (74% total)
     Speed:     ev/sec=347.717   simsec/sec=1   ev/simsec=347.717
     Messages:  created: 180962   present: 11   in FES: 7
** Event #1447680   t=4722.740058623525   Elapsed: 4722.69s (1h 18m)  74% completed  (74% total)
     Speed:     ev/sec=463.084   simsec/sec=1   ev/simsec=463.084
     Messages:  created: 181089   present: 10   in FES: 6
** Event #1448704   t=4725.011512663628   Elapsed: 4724.96s (1h 18m)  75% completed  (75% total)
     Speed:     ev/sec=450.813   simsec/sec=1   ev/simsec=450.813
     Messages:  created: 181217   present: 10   in FES: 6
** Event #1449472   t=4727.671064039117   Elapsed: 4727.62s (1h 18m)  75% completed  (75% total)
     Speed:     ev/sec=288.77   simsec/sec=0.999998   ev/simsec=288.771
     Messages:  created: 181313   present: 9   in FES: 5
** Event #1450496   t=4729.822763909321   Elapsed: 4729.77s (1h 18m)  75% completed  (75% total)
     Speed:     ev/sec=475.902   simsec/sec=0.999999   ev/simsec=475.903
     Messages:  created: 181461   present: 62   in FES: 8
** Event #1452288   t=4731.99427419812   Elapsed: 4731.94s (1h 18m)  75% completed  (75% total)
     Speed:     ev/sec=825.163   simsec/sec=0.999917   ev/simsec=825.232
     Messages:  created: 181688   present: 71   in FES: 7
** Event #1453312   t=4734.318050193341   Elapsed: 4734.26s (1h 18m)  75% completed  (75% total)
     Speed:     ev/sec=440.697   simsec/sec=1.00008   ev/simsec=440.662
     Messages:  created: 181793   present: 9   in FES: 5
** Event #1454080   t=4736.962697380018   Elapsed: 4736.91s (1h 18m)  75% completed  (75% total)
     Speed:     ev/sec=290.398   simsec/sec=1   ev/simsec=290.398
     Messages:  created: 181889   present: 10   in FES: 6
** Event #1454848   t=4739.235347882532   Elapsed: 4739.18s (1h 18m)  75% completed  (75% total)
     Speed:     ev/sec=337.93   simsec/sec=0.999995   ev/simsec=337.931
     Messages:  created: 181985   present: 9   in FES: 5
t=4740.843546 executing setDimmer(1)
** Event #1455616   t=4741.580911662223   Elapsed: 4741.53s (1h 19m)  75% completed  (75% total)
     Speed:     ev/sec=326.311   simsec/sec=0.996592   ev/simsec=327.427
     Messages:  created: 182080   present: 9   in FES: 5
** Event #1456384   t=4743.947319015569   Elapsed: 4743.89s (1h 19m)  75% completed  (75% total)
     Speed:     ev/sec=325.649   simsec/sec=1.00341   ev/simsec=324.543
     Messages:  created: 182177   present: 12   in FES: 6
** Event #1456896   t=4746.037803458812   Elapsed: 4746.03s (1h 19m)  75% completed  (75% total)
     Speed:     ev/sec=239.891   simsec/sec=0.979468   ev/simsec=244.919
     Messages:  created: 182240   present: 9   in FES: 5
** Event #1457920   t=4748.194285776447   Elapsed: 4748.14s (1h 19m)  75% completed  (75% total)
     Speed:     ev/sec=484.696   simsec/sec=1.02074   ev/simsec=474.847
     Messages:  created: 182373   present: 21   in FES: 7
** Event #1459456   t=4750.612559015148   Elapsed: 4750.56s (1h 19m)  75% completed  (75% total)
     Speed:     ev/sec=635.165   simsec/sec=1   ev/simsec=635.164
     Messages:  created: 182567   present: 28   in FES: 8
** Event #1460480   t=4752.619896220182   Elapsed: 4752.56s (1h 19m)  75% completed  (75% total)
     Speed:     ev/sec=510.127   simsec/sec=0.999998   ev/simsec=510.129
     Messages:  created: 182690   present: 15   in FES: 8
** Event #1462016   t=4754.913954726887   Elapsed: 4754.86s (1h 19m)  75% completed  (75% total)
     Speed:     ev/sec=669.556   simsec/sec=1   ev/simsec=669.556
     Messages:  created: 182891   present: 38   in FES: 8
** Event #1463040   t=4757.133631916684   Elapsed: 4757.08s (1h 19m)  75% completed  (75% total)
     Speed:     ev/sec=461.329   simsec/sec=1   ev/simsec=461.328
     Messages:  created: 183009   present: 11   in FES: 7
** Event #1463808   t=4759.82294260183   Elapsed: 4759.77s (1h 19m)  75% completed  (75% total)
     Speed:     ev/sec=285.575   simsec/sec=1   ev/simsec=285.575
     Messages:  created: 183106   present: 13   in FES: 7
** Event #1464576   t=4762.299322349198   Elapsed: 4762.25s (1h 19m)  75% completed  (75% total)
     Speed:     ev/sec=309.723   simsec/sec=0.998688   ev/simsec=310.13
     Messages:  created: 183203   present: 17   in FES: 7
** Event #1465856   t=4764.595867930682   Elapsed: 4764.54s (1h 19m)  75% completed  (75% total)
     Speed:     ev/sec=558.148   simsec/sec=1.00142   ev/simsec=557.359
     Messages:  created: 183361   present: 11   in FES: 6
** Event #1466624   t=4766.909756362081   Elapsed: 4766.85s (1h 19m)  75% completed  (75% total)
     Speed:     ev/sec=331.91   simsec/sec=1   ev/simsec=331.909
     Messages:  created: 183458   present: 13   in FES: 8
** Event #1467904   t=4769.4872742549   Elapsed: 4769.43s (1h 19m)  75% completed  (75% total)
     Speed:     ev/sec=496.512   simsec/sec=0.999819   ev/simsec=496.602
     Messages:  created: 183616   present: 9   in FES: 5
** Event #1468928   t=4771.689864593357   Elapsed: 4771.65s (1h 19m)  75% completed  (75% total)
     Speed:     ev/sec=462.154   simsec/sec=0.994078   ev/simsec=464.907
     Messages:  created: 183744   present: 9   in FES: 5
** Event #1469696   t=4774.228421989903   Elapsed: 4774.17s (1h 19m)  75% completed  (75% total)
     Speed:     ev/sec=304.162   simsec/sec=1.00538   ev/simsec=302.534
     Messages:  created: 183841   present: 11   in FES: 7
** Event #1470464   t=4776.755238006698   Elapsed: 4776.7s (1h 19m)  75% completed  (75% total)
     Speed:     ev/sec=303.94   simsec/sec=1   ev/simsec=303.94
     Messages:  created: 183937   present: 12   in FES: 7
** Event #1471232   t=4779.46202119339   Elapsed: 4779.41s (1h 19m)  75% completed  (75% total)
     Speed:     ev/sec=283.732   simsec/sec=1   ev/simsec=283.732
     Messages:  created: 184034   present: 15   in FES: 8
** Event #1471744   t=4781.47008178249   Elapsed: 4781.42s (1h 19m)  75% completed  (75% total)
     Speed:     ev/sec=254.332   simsec/sec=0.997489   ev/simsec=254.972
     Messages:  created: 184096   present: 9   in FES: 5
** Event #1472256   t=4783.59334517455   Elapsed: 4783.55s (1h 19m)  75% completed  (75% total)
     Speed:     ev/sec=240.831   simsec/sec=0.998725   ev/simsec=241.138
     Messages:  created: 184160   present: 9   in FES: 5
** Event #1472768   t=4786.070078405271   Elapsed: 4786.02s (1h 19m)  75% completed  (75% total)
     Speed:     ev/sec=207.374   simsec/sec=1.00315   ev/simsec=206.724
     Messages:  created: 184225   present: 11   in FES: 7
** Event #1473536   t=4788.119730840028   Elapsed: 4788.06s (1h 19m)  76% completed  (76% total)
     Speed:     ev/sec=374.697   simsec/sec=0.999999   ev/simsec=374.698
     Messages:  created: 184325   present: 22   in FES: 8
** Event #1474816   t=4790.31478845219   Elapsed: 4790.26s (1h 19m)  76% completed  (76% total)
     Speed:     ev/sec=583.127   simsec/sec=0.999998   ev/simsec=583.128
     Messages:  created: 184487   present: 27   in FES: 8
** Event #1476096   t=4792.890461708027   Elapsed: 4792.84s (1h 19m)  76% completed  (76% total)
     Speed:     ev/sec=496.958   simsec/sec=1   ev/simsec=496.957
     Messages:  created: 184641   present: 12   in FES: 8
** Event #1477120   t=4795.532473627818   Elapsed: 4795.48s (1h 19m)  76% completed  (76% total)
     Speed:     ev/sec=387.584   simsec/sec=1   ev/simsec=387.583
     Messages:  created: 184769   present: 12   in FES: 8
** Event #1477888   t=4797.774935544348   Elapsed: 4797.74s (1h 19m)  76% completed  (76% total)
     Speed:     ev/sec=338.806   simsec/sec=0.989271   ev/simsec=342.481
     Messages:  created: 184864   present: 9   in FES: 5
** Event #1478912   t=4800.060142930345   Elapsed: 4800.01s (1h 20m)  76% completed  (76% total)
     Speed:     ev/sec=452.919   simsec/sec=1.01076   ev/simsec=448.099
     Messages:  created: 184996   present: 20   in FES: 8
t=4800.843495 executing removeServer()
scheduled complete remove at 4800.85990133574
** Event #1479936   t=4802.129539374096   Elapsed: 4802.07s (1h 20m)  76% completed  (76% total)
     Speed:     ev/sec=494.829   simsec/sec=0.999998   ev/simsec=494.83
     Messages:  created: 185140   present: 58   in FES: 7
** Event #1481216   t=4804.568458273926   Elapsed: 4804.51s (1h 20m)  76% completed  (76% total)
     Speed:     ev/sec=524.822   simsec/sec=0.999999   ev/simsec=524.823
     Messages:  created: 185336   present: 153   in FES: 7
** Event #1482240   t=4807.091261896253   Elapsed: 4807.04s (1h 20m)  76% completed  (76% total)
     Speed:     ev/sec=405.898   simsec/sec=1   ev/simsec=405.898
     Messages:  created: 185482   present: 200   in FES: 7
** Event #1483264   t=4809.236593718669   Elapsed: 4809.18s (1h 20m)  76% completed  (76% total)
     Speed:     ev/sec=477.315   simsec/sec=0.999999   ev/simsec=477.315
     Messages:  created: 185621   present: 226   in FES: 8
** Event #1484032   t=4811.349444093761   Elapsed: 4811.29s (1h 20m)  76% completed  (76% total)
     Speed:     ev/sec=363.49   simsec/sec=1   ev/simsec=363.49
     Messages:  created: 185707   present: 204   in FES: 7
** Event #1485056   t=4813.57458288398   Elapsed: 4813.54s (1h 20m)  76% completed  (76% total)
     Speed:     ev/sec=456.968   simsec/sec=0.992985   ev/simsec=460.196
     Messages:  created: 185837   present: 207   in FES: 6
** Event #1486080   t=4815.69545265679   Elapsed: 4815.64s (1h 20m)  76% completed  (76% total)
     Speed:     ev/sec=486.426   simsec/sec=1.00747   ev/simsec=482.821
     Messages:  created: 185988   present: 256   in FES: 8
** Event #1487104   t=4818.148478264871   Elapsed: 4818.09s (1h 20m)  76% completed  (76% total)
     Speed:     ev/sec=417.444   simsec/sec=1   ev/simsec=417.444
     Messages:  created: 186122   present: 267   in FES: 7
** Event #1488384   t=4820.570938857638   Elapsed: 4820.52s (1h 20m)  76% completed  (76% total)
     Speed:     ev/sec=528.387   simsec/sec=0.999997   ev/simsec=528.388
     Messages:  created: 186309   present: 321   in FES: 7
** Event #1489408   t=4822.774462372684   Elapsed: 4822.72s (1h 20m)  76% completed  (76% total)
     Speed:     ev/sec=464.71   simsec/sec=0.999998   ev/simsec=464.71
     Messages:  created: 186456   present: 359   in FES: 7
** Event #1490688   t=4824.974738136631   Elapsed: 4824.92s (1h 20m)  76% completed  (76% total)
     Speed:     ev/sec=581.747   simsec/sec=1   ev/simsec=581.745
     Messages:  created: 186649   present: 425   in FES: 7
** Event #1491712   t=4827.336355313428   Elapsed: 4827.28s (1h 20m)  76% completed  (76% total)
     Speed:     ev/sec=433.601   simsec/sec=0.999999   ev/simsec=433.601
     Messages:  created: 186787   present: 445   in FES: 7
** Event #1492736   t=4829.465636137877   Elapsed: 4829.41s (1h 20m)  76% completed  (76% total)
     Speed:     ev/sec=480.915   simsec/sec=1   ev/simsec=480.914
     Messages:  created: 186935   present: 486   in FES: 8
** Event #1493760   t=4831.632893273126   Elapsed: 4831.58s (1h 20m)  76% completed  (76% total)
     Speed:     ev/sec=472.485   simsec/sec=0.999997   ev/simsec=472.487
     Messages:  created: 187070   present: 499   in FES: 7
** Event #1495040   t=4834.277709743885   Elapsed: 4834.22s (1h 20m)  76% completed  (76% total)
     Speed:     ev/sec=483.966   simsec/sec=1   ev/simsec=483.966
     Messages:  created: 187259   present: 558   in FES: 8
** Event #1495808   t=4836.553589495547   Elapsed: 4836.5s (1h 20m)  76% completed  (76% total)
     Speed:     ev/sec=337.452   simsec/sec=1   ev/simsec=337.452
     Messages:  created: 187338   present: 524   in FES: 8
** Event #1496576   t=4838.818090442085   Elapsed: 4838.76s (1h 20m)  76% completed  (76% total)
     Speed:     ev/sec=339.148   simsec/sec=1   ev/simsec=339.148
     Messages:  created: 187406   present: 468   in FES: 8
** Event #1497600   t=4841.276233546717   Elapsed: 4841.22s (1h 20m)  76% completed  (76% total)
     Speed:     ev/sec=416.575   simsec/sec=1   ev/simsec=416.575
     Messages:  created: 187534   present: 467   in FES: 7
** Event #1498624   t=4843.933521470104   Elapsed: 4843.88s (1h 20m)  76% completed  (76% total)
     Speed:     ev/sec=385.355   simsec/sec=1   ev/simsec=385.355
     Messages:  created: 187651   present: 445   in FES: 7
** Event #1499648   t=4846.252486524344   Elapsed: 4846.2s (1h 20m)  76% completed  (76% total)
     Speed:     ev/sec=441.577   simsec/sec=1   ev/simsec=441.576
     Messages:  created: 187786   present: 459   in FES: 7
** Event #1500672   t=4848.528759855668   Elapsed: 4848.47s (1h 20m)  76% completed  (76% total)
     Speed:     ev/sec=449.858   simsec/sec=1   ev/simsec=449.858
     Messages:  created: 187919   present: 470   in FES: 8
** Event #1501952   t=4851.180906961155   Elapsed: 4851.13s (1h 20m)  77% completed  (77% total)
     Speed:     ev/sec=482.629   simsec/sec=1   ev/simsec=482.628
     Messages:  created: 188092   present: 495   in FES: 7
** Event #1503232   t=4853.369641701293   Elapsed: 4853.31s (1h 20m)  77% completed  (77% total)
     Speed:     ev/sec=584.809   simsec/sec=0.999994   ev/simsec=584.813
     Messages:  created: 188297   present: 585   in FES: 7
** Event #1504512   t=4855.96176473673   Elapsed: 4855.91s (1h 20m)  77% completed  (77% total)
     Speed:     ev/sec=493.804   simsec/sec=1   ev/simsec=493.804
     Messages:  created: 188464   present: 600   in FES: 8
** Event #1505280   t=4858.031773856131   Elapsed: 4857.98s (1h 20m)  77% completed  (77% total)
     Speed:     ev/sec=371.012   simsec/sec=0.999999   ev/simsec=371.013
     Messages:  created: 188570   present: 620   in FES: 8
** Event #1506304   t=4860.622765528163   Elapsed: 4860.57s (1h 21m)  77% completed  (77% total)
     Speed:     ev/sec=395.215   simsec/sec=0.999998   ev/simsec=395.215
     Messages:  created: 188686   present: 597   in FES: 7
t=4860.843535 executing addServer()
adding server with latency=60
** Event #1507072   t=4862.995158954385   Elapsed: 4862.95s (1h 21m)  77% completed  (77% total)
     Speed:     ev/sec=322.531   simsec/sec=0.996316   ev/simsec=323.724
     Messages:  created: 188753   present: 537   in FES: 7
** Event #1508096   t=4865.300276133954   Elapsed: 4865.26s (1h 21m)  77% completed  (77% total)
     Speed:     ev/sec=443.425   simsec/sec=0.998189   ev/simsec=444.229
     Messages:  created: 188895   present: 565   in FES: 7
** Event #1509120   t=4867.877719689751   Elapsed: 4867.84s (1h 21m)  77% completed  (77% total)
     Speed:     ev/sec=396.398   simsec/sec=0.997748   ev/simsec=397.293
     Messages:  created: 189015   present: 549   in FES: 7
** Event #1510144   t=4870.188331864773   Elapsed: 4870.17s (1h 21m)  77% completed  (77% total)
     Speed:     ev/sec=438.946   simsec/sec=0.990464   ev/simsec=443.173
     Messages:  created: 189130   present: 523   in FES: 7
** Event #1510912   t=4872.308365566862   Elapsed: 4872.26s (1h 21m)  77% completed  (77% total)
     Speed:     ev/sec=367.376   simsec/sec=1.01413   ev/simsec=362.258
     Messages:  created: 189213   present: 497   in FES: 7
** Event #1511680   t=4874.397908089108   Elapsed: 4874.36s (1h 21m)  77% completed  (77% total)
     Speed:     ev/sec=366.178   simsec/sec=0.996282   ev/simsec=367.545
     Messages:  created: 189285   present: 449   in FES: 7
** Event #1512704   t=4876.469042378302   Elapsed: 4876.43s (1h 21m)  77% completed  (77% total)
     Speed:     ev/sec=495.202   simsec/sec=1.00159   ev/simsec=494.415
     Messages:  created: 189432   present: 487   in FES: 7
** Event #1513728   t=4878.488979959722   Elapsed: 4878.44s (1h 21m)  77% completed  (77% total)
     Speed:     ev/sec=510.496   simsec/sec=1.007   ev/simsec=506.946
     Messages:  created: 189602   present: 571   in FES: 7
** Event #1514752   t=4880.536192439721   Elapsed: 4880.48s (1h 21m)  77% completed  (77% total)
     Speed:     ev/sec=500.188   simsec/sec=0.999991   ev/simsec=500.192
     Messages:  created: 189748   present: 607   in FES: 7
** Event #1515776   t=4882.95475964869   Elapsed: 4882.91s (1h 21m)  77% completed  (77% total)
     Speed:     ev/sec=421.864   simsec/sec=0.996393   ev/simsec=423.391
     Messages:  created: 189878   present: 611   in FES: 7
** Event #1516800   t=4885.308821552262   Elapsed: 4885.26s (1h 21m)  77% completed  (77% total)
     Speed:     ev/sec=436.031   simsec/sec=1.00239   ev/simsec=434.993
     Messages:  created: 190012   present: 623   in FES: 7
** Event #1517824   t=4887.604871002662   Elapsed: 4887.59s (1h 21m)  77% completed  (77% total)
     Speed:     ev/sec=439.399   simsec/sec=0.985236   ev/simsec=445.983
     Messages:  created: 190149   present: 641   in FES: 7
** Event #1518592   t=4889.615872820054   Elapsed: 4889.59s (1h 21m)  77% completed  (77% total)
     Speed:     ev/sec=383.877   simsec/sec=1.00518   ev/simsec=381.899
     Messages:  created: 190225   present: 601   in FES: 7
** Event #1519360   t=4891.82864011694   Elapsed: 4891.79s (1h 21m)  77% completed  (77% total)
     Speed:     ev/sec=349.143   simsec/sec=1.00595   ev/simsec=347.077
     Messages:  created: 190310   present: 579   in FES: 7
** Event #1520128   t=4893.951175641411   Elapsed: 4893.91s (1h 21m)  77% completed  (77% total)
     Speed:     ev/sec=362.675   simsec/sec=1.00233   ev/simsec=361.831
     Messages:  created: 190377   present: 521   in FES: 7
** Event #1520896   t=4896.204337530023   Elapsed: 4896.16s (1h 21m)  77% completed  (77% total)
     Speed:     ev/sec=341.597   simsec/sec=1.00218   ev/simsec=340.854
     Messages:  created: 190452   present: 479   in FES: 7
** Event #1521920   t=4898.417388757879   Elapsed: 4898.38s (1h 21m)  77% completed  (77% total)
     Speed:     ev/sec=459.348   simsec/sec=0.992735   ev/simsec=462.71
     Messages:  created: 190583   present: 485   in FES: 7
** Event #1522688   t=4900.565809223859   Elapsed: 4900.54s (1h 21m)  77% completed  (77% total)
     Speed:     ev/sec=356.028   simsec/sec=0.99596   ev/simsec=357.472
     Messages:  created: 190655   present: 437   in FES: 7
** Event #1523456   t=4902.650956230869   Elapsed: 4902.6s (1h 21m)  77% completed  (77% total)
     Speed:     ev/sec=373.799   simsec/sec=1.01488   ev/simsec=368.319
     Messages:  created: 190745   present: 425   in FES: 7
** Event #1524480   t=4905.069130678853   Elapsed: 4905.02s (1h 21m)  77% completed  (77% total)
     Speed:     ev/sec=423.402   simsec/sec=0.999864   ev/simsec=423.46
     Messages:  created: 190872   present: 423   in FES: 7
** Event #1525504   t=4907.735286088106   Elapsed: 4907.69s (1h 21m)  77% completed  (77% total)
     Speed:     ev/sec=382.95   simsec/sec=0.997075   ev/simsec=384.074
     Messages:  created: 191001   present: 425   in FES: 7
** Event #1526272   t=4909.752608942196   Elapsed: 4909.72s (1h 21m)  77% completed  (77% total)
     Speed:     ev/sec=379.004   simsec/sec=0.995539   ev/simsec=380.703
     Messages:  created: 191109   present: 449   in FES: 7
** Event #1527296   t=4912.111096375313   Elapsed: 4912.07s (1h 21m)  77% completed  (77% total)
     Speed:     ev/sec=435.436   simsec/sec=1.0029   ev/simsec=434.177
     Messages:  created: 191248   present: 471   in FES: 7
** Event #1528320   t=4914.603978835806   Elapsed: 4914.55s (1h 21m)  78% completed  (78% total)
     Speed:     ev/sec=412.295   simsec/sec=1.00371   ev/simsec=410.769
     Messages:  created: 191367   present: 453   in FES: 7
** Event #1529344   t=4916.667374273345   Elapsed: 4916.67s (1h 21m)  78% completed  (78% total)
     Speed:     ev/sec=483.631   simsec/sec=0.974534   ev/simsec=496.269
     Messages:  created: 191511   present: 485   in FES: 7
** Event #1530112   t=4919.160710076106   Elapsed: 4919.11s (1h 21m)  78% completed  (78% total)
     Speed:     ev/sec=314.375   simsec/sec=1.02063   ev/simsec=308.021
     Messages:  created: 191578   present: 427   in FES: 7
t=4920.843511 executing setDimmer(0.75)
t=4920.843535 addServer() complete
** Event #1531392   t=4921.3039629667   Elapsed: 4921.25s (1h 22m)  78% completed  (78% total)
     Speed:     ev/sec=598.692   simsec/sec=1.00246   ev/simsec=597.223
     Messages:  created: 191750   present: 453   in FES: 9
** Event #1532672   t=4923.775125125834   Elapsed: 4923.72s (1h 22m)  78% completed  (78% total)
     Speed:     ev/sec=517.974   simsec/sec=0.999998   ev/simsec=517.975
     Messages:  created: 191865   present: 362   in FES: 8
** Event #1533696   t=4925.850065653382   Elapsed: 4925.8s (1h 22m)  78% completed  (78% total)
     Speed:     ev/sec=493.508   simsec/sec=1   ev/simsec=493.508
     Messages:  created: 191961   present: 298   in FES: 8
** Event #1535232   t=4928.393094567324   Elapsed: 4928.34s (1h 22m)  78% completed  (78% total)
     Speed:     ev/sec=604.004   simsec/sec=1   ev/simsec=604.004
     Messages:  created: 192105   present: 198   in FES: 7
** Event #1536512   t=4930.474295722781   Elapsed: 4930.45s (1h 22m)  78% completed  (78% total)
     Speed:     ev/sec=607.376   simsec/sec=0.987556   ev/simsec=615.029
     Messages:  created: 192240   present: 133   in FES: 6
** Event #1537536   t=4932.700370698196   Elapsed: 4932.65s (1h 22m)  78% completed  (78% total)
     Speed:     ev/sec=464.532   simsec/sec=1.00985   ev/simsec=460.002
     Messages:  created: 192332   present: 37   in FES: 5
** Event #1538560   t=4934.878181992043   Elapsed: 4934.82s (1h 22m)  78% completed  (78% total)
     Speed:     ev/sec=471.174   simsec/sec=1.00208   ev/simsec=470.197
     Messages:  created: 192450   present: 10   in FES: 6
** Event #1539328   t=4936.952577183907   Elapsed: 4936.9s (1h 22m)  78% completed  (78% total)
     Speed:     ev/sec=370.229   simsec/sec=1   ev/simsec=370.228
     Messages:  created: 192546   present: 11   in FES: 6
** Event #1540352   t=4939.446528876842   Elapsed: 4939.39s (1h 22m)  78% completed  (78% total)
     Speed:     ev/sec=410.592   simsec/sec=0.999998   ev/simsec=410.593
     Messages:  created: 192674   present: 10   in FES: 6
** Event #1541120   t=4941.468337730374   Elapsed: 4941.41s (1h 22m)  78% completed  (78% total)
     Speed:     ev/sec=379.858   simsec/sec=1   ev/simsec=379.858
     Messages:  created: 192770   present: 10   in FES: 6
** Event #1542144   t=4944.280736368344   Elapsed: 4944.23s (1h 22m)  78% completed  (78% total)
     Speed:     ev/sec=364.102   simsec/sec=1   ev/simsec=364.102
     Messages:  created: 192898   present: 10   in FES: 6
** Event #1542912   t=4947.333004103422   Elapsed: 4947.28s (1h 22m)  78% completed  (78% total)
     Speed:     ev/sec=251.616   simsec/sec=1   ev/simsec=251.616
     Messages:  created: 192994   present: 9   in FES: 5
** Event #1543936   t=4949.836627433437   Elapsed: 4949.79s (1h 22m)  78% completed  (78% total)
     Speed:     ev/sec=408.091   simsec/sec=0.99776   ev/simsec=409.007
     Messages:  created: 193123   present: 13   in FES: 7
** Event #1544704   t=4952.246120273834   Elapsed: 4952.19s (1h 22m)  78% completed  (78% total)
     Speed:     ev/sec=319.485   simsec/sec=1.00234   ev/simsec=318.739
     Messages:  created: 193218   present: 10   in FES: 6
** Event #1545472   t=4954.672259619499   Elapsed: 4954.62s (1h 22m)  78% completed  (78% total)
     Speed:     ev/sec=316.552   simsec/sec=1   ev/simsec=316.552
     Messages:  created: 193314   present: 9   in FES: 5
** Event #1546240   t=4957.016495543549   Elapsed: 4956.96s (1h 22m)  78% completed  (78% total)
     Speed:     ev/sec=327.612   simsec/sec=0.999999   ev/simsec=327.612
     Messages:  created: 193410   present: 10   in FES: 6
** Event #1547008   t=4959.177986701035   Elapsed: 4959.12s (1h 22m)  78% completed  (78% total)
     Speed:     ev/sec=355.31   simsec/sec=0.999999   ev/simsec=355.31
     Messages:  created: 193506   present: 9   in FES: 5
** Event #1548032   t=4961.771708924913   Elapsed: 4961.72s (1h 22m)  78% completed  (78% total)
     Speed:     ev/sec=394.799   simsec/sec=0.999999   ev/simsec=394.799
     Messages:  created: 193634   present: 11   in FES: 7
** Event #1548800   t=4964.118547064981   Elapsed: 4964.06s (1h 22m)  78% completed  (78% total)
     Speed:     ev/sec=327.251   simsec/sec=1.00001   ev/simsec=327.249
     Messages:  created: 193731   present: 12   in FES: 8
** Event #1549568   t=4966.321605192719   Elapsed: 4966.27s (1h 22m)  78% completed  (78% total)
     Speed:     ev/sec=348.606   simsec/sec=0.999998   ev/simsec=348.606
     Messages:  created: 193826   present: 11   in FES: 6
** Event #1550592   t=4968.643079118736   Elapsed: 4968.59s (1h 22m)  78% completed  (78% total)
     Speed:     ev/sec=441.098   simsec/sec=0.999999   ev/simsec=441.099
     Messages:  created: 193954   present: 11   in FES: 7
** Event #1551104   t=4970.676334355237   Elapsed: 4970.62s (1h 22m)  78% completed  (78% total)
     Speed:     ev/sec=251.813   simsec/sec=1   ev/simsec=251.813
     Messages:  created: 194018   present: 10   in FES: 6
** Event #1551872   t=4973.589662191803   Elapsed: 4973.53s (1h 22m)  78% completed  (78% total)
     Speed:     ev/sec=263.616   simsec/sec=1   ev/simsec=263.616
     Messages:  created: 194115   present: 12   in FES: 8
** Event #1552384   t=4975.777158279876   Elapsed: 4975.72s (1h 22m)  78% completed  (78% total)
     Speed:     ev/sec=234.057   simsec/sec=0.999999   ev/simsec=234.058
     Messages:  created: 194178   present: 9   in FES: 5
** Event #1552896   t=4977.969026688256   Elapsed: 4977.91s (1h 22m)  79% completed  (79% total)
     Speed:     ev/sec=233.591   simsec/sec=1   ev/simsec=233.591
     Messages:  created: 194242   present: 11   in FES: 7
** Event #1553664   t=4980.388125812203   Elapsed: 4980.33s (1h 23m)  79% completed  (79% total)
     Speed:     ev/sec=317.473   simsec/sec=0.999998   ev/simsec=317.474
     Messages:  created: 194338   present: 10   in FES: 6
t=4980.843508 executing setDimmer(0.5)
** Event #1554432   t=4982.552467297577   Elapsed: 4982.5s (1h 23m)  79% completed  (79% total)
     Speed:     ev/sec=354.838   simsec/sec=0.999988   ev/simsec=354.842
     Messages:  created: 194433   present: 9   in FES: 5
** Event #1555200   t=4984.930483829874   Elapsed: 4984.88s (1h 23m)  79% completed  (79% total)
     Speed:     ev/sec=322.962   simsec/sec=1.00001   ev/simsec=322.958
     Messages:  created: 194530   present: 11   in FES: 7
** Event #1555968   t=4987.378545741063   Elapsed: 4987.32s (1h 23m)  79% completed  (79% total)
     Speed:     ev/sec=313.717   simsec/sec=0.999999   ev/simsec=313.718
     Messages:  created: 194625   present: 9   in FES: 5
** Event #1556736   t=4989.644441287469   Elapsed: 4989.59s (1h 23m)  79% completed  (79% total)
     Speed:     ev/sec=338.939   simsec/sec=1   ev/simsec=338.939
     Messages:  created: 194721   present: 10   in FES: 6
** Event #1558016   t=4992.251271496528   Elapsed: 4992.2s (1h 23m)  79% completed  (79% total)
     Speed:     ev/sec=491.017   simsec/sec=0.999999   ev/simsec=491.018
     Messages:  created: 194883   present: 14   in FES: 8
** Event #1558784   t=4994.677878061084   Elapsed: 4994.62s (1h 23m)  79% completed  (79% total)
     Speed:     ev/sec=316.491   simsec/sec=0.999999   ev/simsec=316.491
     Messages:  created: 194977   present: 10   in FES: 6
** Event #1559552   t=4996.955139002457   Elapsed: 4996.9s (1h 23m)  79% completed  (79% total)
     Speed:     ev/sec=337.247   simsec/sec=1   ev/simsec=337.247
     Messages:  created: 195073   present: 9   in FES: 5
** Event #1560576   t=4999.851298679388   Elapsed: 4999.8s (1h 23m)  79% completed  (79% total)
     Speed:     ev/sec=353.572   simsec/sec=1   ev/simsec=353.572
     Messages:  created: 195201   present: 9   in FES: 5
** Event #1561344   t=5002.19038036655   Elapsed: 5002.14s (1h 23m)  79% completed  (79% total)
     Speed:     ev/sec=328.334   simsec/sec=1   ev/simsec=328.334
     Messages:  created: 195297   present: 9   in FES: 5
** Event #1562624   t=5004.554321835913   Elapsed: 5004.5s (1h 23m)  79% completed  (79% total)
     Speed:     ev/sec=541.468   simsec/sec=0.999999   ev/simsec=541.469
     Messages:  created: 195457   present: 9   in FES: 5
** Event #1563648   t=5006.75729119336   Elapsed: 5006.7s (1h 23m)  79% completed  (79% total)
     Speed:     ev/sec=464.829   simsec/sec=1   ev/simsec=464.827
     Messages:  created: 195585   present: 10   in FES: 6
** Event #1564928   t=5009.287084199589   Elapsed: 5009.23s (1h 23m)  79% completed  (79% total)
     Speed:     ev/sec=505.969   simsec/sec=0.999998   ev/simsec=505.97
     Messages:  created: 195745   present: 10   in FES: 6
** Event #1565952   t=5011.982313078529   Elapsed: 5011.93s (1h 23m)  79% completed  (79% total)
     Speed:     ev/sec=379.93   simsec/sec=1   ev/simsec=379.931
     Messages:  created: 195874   present: 12   in FES: 8
** Event #1566720   t=5014.326653928013   Elapsed: 5014.27s (1h 23m)  79% completed  (79% total)
     Speed:     ev/sec=327.598   simsec/sec=1   ev/simsec=327.597
     Messages:  created: 195970   present: 11   in FES: 7
** Event #1568000   t=5016.434464954982   Elapsed: 5016.38s (1h 23m)  79% completed  (79% total)
     Speed:     ev/sec=607.265   simsec/sec=1   ev/simsec=607.265
     Messages:  created: 196133   present: 21   in FES: 8
** Event #1569024   t=5019.008670067512   Elapsed: 5018.95s (1h 23m)  79% completed  (79% total)
     Speed:     ev/sec=397.793   simsec/sec=1   ev/simsec=397.793
     Messages:  created: 196257   present: 9   in FES: 5
** Event #1569792   t=5021.331031042767   Elapsed: 5021.28s (1h 23m)  79% completed  (79% total)
     Speed:     ev/sec=330.698   simsec/sec=1   ev/simsec=330.698
     Messages:  created: 196354   present: 11   in FES: 7
** Event #1570560   t=5024.295837055176   Elapsed: 5024.24s (1h 23m)  79% completed  (79% total)
     Speed:     ev/sec=259.026   simsec/sec=0.999951   ev/simsec=259.039
     Messages:  created: 196449   present: 9   in FES: 5
** Event #1571072   t=5026.831602519078   Elapsed: 5026.78s (1h 23m)  79% completed  (79% total)
     Speed:     ev/sec=201.923   simsec/sec=1.00006   ev/simsec=201.911
     Messages:  created: 196513   present: 9   in FES: 5
** Event #1571840   t=5029.434247936064   Elapsed: 5029.38s (1h 23m)  79% completed  (79% total)
     Speed:     ev/sec=295.085   simsec/sec=1   ev/simsec=295.084
     Messages:  created: 196610   present: 12   in FES: 7
** Event #1572608   t=5032.502733712789   Elapsed: 5032.45s (1h 23m)  79% completed  (79% total)
     Speed:     ev/sec=250.283   simsec/sec=0.999985   ev/simsec=250.286
     Messages:  created: 196705   present: 9   in FES: 5
** Event #1573376   t=5035.532584694395   Elapsed: 5035.48s (1h 23m)  79% completed  (79% total)
     Speed:     ev/sec=253.482   simsec/sec=1.00002   ev/simsec=253.478
     Messages:  created: 196801   present: 10   in FES: 6
** Event #1574400   t=5037.625172041557   Elapsed: 5037.57s (1h 23m)  79% completed  (79% total)
     Speed:     ev/sec=489.343   simsec/sec=0.999994   ev/simsec=489.346
     Messages:  created: 196930   present: 11   in FES: 7
** Event #1574912   t=5039.855495248743   Elapsed: 5039.8s (1h 23m)  79% completed  (79% total)
     Speed:     ev/sec=229.564   simsec/sec=1   ev/simsec=229.563
     Messages:  created: 196994   present: 13   in FES: 8
t=5040.843541 executing setDimmer(0.75)
** Event #1575680   t=5042.416113061613   Elapsed: 5042.37s (1h 24m)  80% completed  (80% total)
     Speed:     ev/sec=299.017   simsec/sec=0.996965   ev/simsec=299.928
     Messages:  created: 197088   present: 9   in FES: 5
** Event #1576448   t=5044.763123012694   Elapsed: 5044.71s (1h 24m)  80% completed  (80% total)
     Speed:     ev/sec=328.26   simsec/sec=1.00316   ev/simsec=327.225
     Messages:  created: 197184   present: 9   in FES: 5
** Event #1577984   t=5047.21779358178   Elapsed: 5047.16s (1h 24m)  80% completed  (80% total)
     Speed:     ev/sec=625.848   simsec/sec=1.00016   ev/simsec=625.746
     Messages:  created: 197377   present: 11   in FES: 7
** Event #1579008   t=5049.675212508492   Elapsed: 5049.65s (1h 24m)  80% completed  (80% total)
     Speed:     ev/sec=411.987   simsec/sec=0.988696   ev/simsec=416.697
     Messages:  created: 197504   present: 9   in FES: 5
** Event #1579520   t=5052.493866459427   Elapsed: 5052.44s (1h 24m)  80% completed  (80% total)
     Speed:     ev/sec=183.475   simsec/sec=1.01007   ev/simsec=181.647
     Messages:  created: 197569   present: 12   in FES: 7
** Event #1580288   t=5054.537875889042   Elapsed: 5054.51s (1h 24m)  80% completed  (80% total)
     Speed:     ev/sec=371.054   simsec/sec=0.987551   ev/simsec=375.732
     Messages:  created: 197664   present: 9   in FES: 5
** Event #1581568   t=5056.698793734259   Elapsed: 5056.64s (1h 24m)  80% completed  (80% total)
     Speed:     ev/sec=599.49   simsec/sec=1.01207   ev/simsec=592.341
     Messages:  created: 197842   present: 56   in FES: 8
** Event #1582592   t=5058.735570613951   Elapsed: 5058.71s (1h 24m)  80% completed  (80% total)
     Speed:     ev/sec=494.555   simsec/sec=0.983689   ev/simsec=502.755
     Messages:  created: 197952   present: 9   in FES: 5
** Event #1583616   t=5061.090416359393   Elapsed: 5061.04s (1h 24m)  80% completed  (80% total)
     Speed:     ev/sec=441.176   simsec/sec=1.01455   ev/simsec=434.848
     Messages:  created: 198081   present: 12   in FES: 8
** Event #1584640   t=5063.363270045058   Elapsed: 5063.31s (1h 24m)  80% completed  (80% total)
     Speed:     ev/sec=450.534   simsec/sec=0.999999   ev/simsec=450.535
     Messages:  created: 198210   present: 15   in FES: 8
** Event #1585408   t=5065.370319260088   Elapsed: 5065.32s (1h 24m)  80% completed  (80% total)
     Speed:     ev/sec=382.095   simsec/sec=0.998546   ev/simsec=382.651
     Messages:  created: 198304   present: 9   in FES: 5
** Event #1586432   t=5067.519869828185   Elapsed: 5067.46s (1h 24m)  80% completed  (80% total)
     Speed:     ev/sec=477.027   simsec/sec=1.00136   ev/simsec=476.379
     Messages:  created: 198434   present: 15   in FES: 8
** Event #1587712   t=5069.717319394423   Elapsed: 5069.67s (1h 24m)  80% completed  (80% total)
     Speed:     ev/sec=581.691   simsec/sec=0.998623   ev/simsec=582.493
     Messages:  created: 198595   present: 17   in FES: 6
** Event #1588992   t=5071.912122353531   Elapsed: 5071.86s (1h 24m)  80% completed  (80% total)
     Speed:     ev/sec=582.778   simsec/sec=0.999284   ev/simsec=583.196
     Messages:  created: 198752   present: 9   in FES: 5
** Event #1590016   t=5074.363346490664   Elapsed: 5074.31s (1h 24m)  80% completed  (80% total)
     Speed:     ev/sec=418.536   simsec/sec=1.00188   ev/simsec=417.75
     Messages:  created: 198882   present: 15   in FES: 7
** Event #1590272   t=5077.090724020709   Elapsed: 5077.04s (1h 24m)  80% completed  (80% total)
     Speed:     ev/sec=93.8427   simsec/sec=0.999783   ev/simsec=93.8631
     Messages:  created: 198912   present: 9   in FES: 5
** Event #1591808   t=5079.230929345137   Elapsed: 5079.18s (1h 24m)  80% completed  (80% total)
     Speed:     ev/sec=717.888   simsec/sec=1.00028   ev/simsec=717.688
     Messages:  created: 199111   present: 27   in FES: 8
** Event #1593088   t=5081.33755041295   Elapsed: 5081.29s (1h 24m)  80% completed  (80% total)
     Speed:     ev/sec=606.158   simsec/sec=0.997613   ev/simsec=607.608
     Messages:  created: 199264   present: 9   in FES: 5
** Event #1594112   t=5083.542680788262   Elapsed: 5083.49s (1h 24m)  80% completed  (80% total)
     Speed:     ev/sec=465.436   simsec/sec=1.00229   ev/simsec=464.372
     Messages:  created: 199393   present: 11   in FES: 7
** Event #1595136   t=5086.498228737282   Elapsed: 5086.44s (1h 24m)  80% completed  (80% total)
     Speed:     ev/sec=346.467   simsec/sec=1   ev/simsec=346.467
     Messages:  created: 199521   present: 11   in FES: 7
** Event #1595904   t=5088.495737445666   Elapsed: 5088.45s (1h 24m)  80% completed  (80% total)
     Speed:     ev/sec=381.95   simsec/sec=0.993422   ev/simsec=384.479
     Messages:  created: 199616   present: 9   in FES: 5
** Event #1596672   t=5090.802615529501   Elapsed: 5090.75s (1h 24m)  80% completed  (80% total)
     Speed:     ev/sec=334.837   simsec/sec=1.00577   ev/simsec=332.917
     Messages:  created: 199715   present: 16   in FES: 8
** Event #1598208   t=5093.182334737937   Elapsed: 5093.13s (1h 24m)  80% completed  (80% total)
     Speed:     ev/sec=645.455   simsec/sec=1   ev/simsec=645.454
     Messages:  created: 199909   present: 23   in FES: 8
** Event #1599744   t=5095.504033644785   Elapsed: 5095.45s (1h 24m)  80% completed  (80% total)
     Speed:     ev/sec=661.584   simsec/sec=0.999999   ev/simsec=661.584
     Messages:  created: 200101   present: 23   in FES: 8
** Event #1601024   t=5098.58147757116   Elapsed: 5098.53s (1h 24m)  80% completed  (80% total)
     Speed:     ev/sec=414.98   simsec/sec=0.997717   ev/simsec=415.93
     Messages:  created: 200256   present: 9   in FES: 5
t=5100.843506 executing setDimmer(1)
** Event #1602304   t=5100.998268877932   Elapsed: 5100.94s (1h 25m)  80% completed  (80% total)
     Speed:     ev/sec=531.176   simsec/sec=1.00292   ev/simsec=529.628
     Messages:  created: 200416   present: 10   in FES: 6
** Event #1603328   t=5103.158406053175   Elapsed: 5103.1s (1h 25m)  81% completed  (81% total)
     Speed:     ev/sec=474.044   simsec/sec=1   ev/simsec=474.044
     Messages:  created: 200545   present: 13   in FES: 8
** Event #1604352   t=5105.652881736476   Elapsed: 5105.6s (1h 25m)  81% completed  (81% total)
     Speed:     ev/sec=410.507   simsec/sec=0.999999   ev/simsec=410.507
     Messages:  created: 200673   present: 14   in FES: 7
** Event #1605120   t=5107.834306216105   Elapsed: 5107.78s (1h 25m)  81% completed  (81% total)
     Speed:     ev/sec=352.064   simsec/sec=1   ev/simsec=352.064
     Messages:  created: 200773   present: 23   in FES: 8
** Event #1606400   t=5110.085362994243   Elapsed: 5110.03s (1h 25m)  81% completed  (81% total)
     Speed:     ev/sec=568.488   simsec/sec=0.999764   ev/simsec=568.622
     Messages:  created: 200928   present: 11   in FES: 6
** Event #1607680   t=5112.637661823611   Elapsed: 5112.58s (1h 25m)  81% completed  (81% total)
     Speed:     ev/sec=501.614   simsec/sec=1.00021   ev/simsec=501.509
     Messages:  created: 201090   present: 15   in FES: 8
** Event #1608704   t=5114.729144327413   Elapsed: 5114.69s (1h 25m)  81% completed  (81% total)
     Speed:     ev/sec=486.777   simsec/sec=0.994224   ev/simsec=489.605
     Messages:  created: 201216   present: 11   in FES: 6
** Event #1609472   t=5116.91580674623   Elapsed: 5116.89s (1h 25m)  81% completed  (81% total)
     Speed:     ev/sec=349.232   simsec/sec=0.994338   ev/simsec=351.22
     Messages:  created: 201312   present: 11   in FES: 6
** Event #1610240   t=5119.476539988932   Elapsed: 5119.42s (1h 25m)  81% completed  (81% total)
     Speed:     ev/sec=302.504   simsec/sec=1.00863   ev/simsec=299.914
     Messages:  created: 201408   present: 11   in FES: 7
** Event #1611008   t=5121.607677560424   Elapsed: 5121.56s (1h 25m)  81% completed  (81% total)
     Speed:     ev/sec=360.343   simsec/sec=0.999924   ev/simsec=360.371
     Messages:  created: 201504   present: 11   in FES: 6
** Event #1612288   t=5123.960226819134   Elapsed: 5123.94s (1h 25m)  81% completed  (81% total)
     Speed:     ev/sec=537.339   simsec/sec=0.987591   ev/simsec=544.091
     Messages:  created: 201664   present: 11   in FES: 7
** Event #1613056   t=5126.225247702177   Elapsed: 5126.17s (1h 25m)  81% completed  (81% total)
     Speed:     ev/sec=343.792   simsec/sec=1.01393   ev/simsec=339.07
     Messages:  created: 201760   present: 11   in FES: 7
** Event #1614080   t=5128.839577419076   Elapsed: 5128.78s (1h 25m)  81% completed  (81% total)
     Speed:     ev/sec=391.881   simsec/sec=1.00049   ev/simsec=391.687
     Messages:  created: 201888   present: 10   in FES: 6
** Event #1614848   t=5131.297577231512   Elapsed: 5131.24s (1h 25m)  81% completed  (81% total)
     Speed:     ev/sec=312.236   simsec/sec=0.999317   ev/simsec=312.449
     Messages:  created: 201984   present: 11   in FES: 6
** Event #1615872   t=5133.693729068801   Elapsed: 5133.64s (1h 25m)  81% completed  (81% total)
     Speed:     ev/sec=427.652   simsec/sec=1.0007   ev/simsec=427.352
     Messages:  created: 202111   present: 9   in FES: 5
** Event #1616896   t=5136.015559411445   Elapsed: 5135.97s (1h 25m)  81% completed  (81% total)
     Speed:     ev/sec=438.473   simsec/sec=0.9942   ev/simsec=441.031
     Messages:  created: 202240   present: 11   in FES: 6
** Event #1617664   t=5138.56082506431   Elapsed: 5138.51s (1h 25m)  81% completed  (81% total)
     Speed:     ev/sec=303.351   simsec/sec=1.00535   ev/simsec=301.737
     Messages:  created: 202338   present: 16   in FES: 8
** Event #1618688   t=5141.430234032576   Elapsed: 5141.38s (1h 25m)  81% completed  (81% total)
     Speed:     ev/sec=356.868   simsec/sec=1   ev/simsec=356.868
     Messages:  created: 202464   present: 10   in FES: 6
** Event #1619712   t=5143.517396817184   Elapsed: 5143.46s (1h 25m)  81% completed  (81% total)
     Speed:     ev/sec=490.618   simsec/sec=0.999999   ev/simsec=490.618
     Messages:  created: 202600   present: 33   in FES: 8
** Event #1620736   t=5145.835095430561   Elapsed: 5145.79s (1h 25m)  81% completed  (81% total)
     Speed:     ev/sec=440.25   simsec/sec=0.996453   ev/simsec=441.818
     Messages:  created: 202720   present: 11   in FES: 7
** Event #1622016   t=5148.172182049978   Elapsed: 5148.12s (1h 25m)  81% completed  (81% total)
     Speed:     ev/sec=549.631   simsec/sec=1.00354   ev/simsec=547.69
     Messages:  created: 202888   present: 33   in FES: 8
** Event #1623296   t=5150.260977518649   Elapsed: 5150.21s (1h 25m)  81% completed  (81% total)
     Speed:     ev/sec=612.793   simsec/sec=0.999999   ev/simsec=612.793
     Messages:  created: 203042   present: 16   in FES: 8
** Event #1624064   t=5152.730325126034   Elapsed: 5152.68s (1h 25m)  81% completed  (81% total)
     Speed:     ev/sec=311.013   simsec/sec=0.999999   ev/simsec=311.013
     Messages:  created: 203137   present: 14   in FES: 8
** Event #1624832   t=5155.351179366696   Elapsed: 5155.3s (1h 25m)  81% completed  (81% total)
     Speed:     ev/sec=293.035   simsec/sec=1   ev/simsec=293.034
     Messages:  created: 203232   present: 10   in FES: 6
** Event #1625600   t=5157.522949583025   Elapsed: 5157.47s (1h 25m)  81% completed  (81% total)
     Speed:     ev/sec=353.628   simsec/sec=0.999999   ev/simsec=353.629
     Messages:  created: 203328   present: 10   in FES: 6
** Event #1626368   t=5159.853656925043   Elapsed: 5159.8s (1h 25m)  81% completed  (81% total)
     Speed:     ev/sec=329.112   simsec/sec=0.998781   ev/simsec=329.514
     Messages:  created: 203427   present: 19   in FES: 7
t=5160.843497 executing removeServer()
scheduled complete remove at 5160.857635851294
** Event #1627136   t=5164.346754797251   Elapsed: 5164.29s (1h 26m)  81% completed  (81% total)
     Speed:     ev/sec=171.037   simsec/sec=1.00063   ev/simsec=170.929
     Messages:  created: 203521   present: 10   in FES: 6
** Event #1627648   t=5167.109762626654   Elapsed: 5167.05s (1h 26m)  82% completed  (82% total)
     Speed:     ev/sec=185.306   simsec/sec=1   ev/simsec=185.305
     Messages:  created: 203585   present: 10   in FES: 7
** Event #1628928   t=5169.663240560279   Elapsed: 5169.62s (1h 26m)  82% completed  (82% total)
     Speed:     ev/sec=498.792   simsec/sec=0.995042   ev/simsec=501.277
     Messages:  created: 203777   present: 95   in FES: 6
** Event #1629952   t=5172.112634861895   Elapsed: 5172.06s (1h 26m)  82% completed  (82% total)
     Speed:     ev/sec=420.245   simsec/sec=1.00522   ev/simsec=418.063
     Messages:  created: 203901   present: 84   in FES: 7
** Event #1630976   t=5174.517933684915   Elapsed: 5174.46s (1h 26m)  82% completed  (82% total)
     Speed:     ev/sec=425.726   simsec/sec=0.999997   ev/simsec=425.727
     Messages:  created: 204029   present: 85   in FES: 7
** Event #1631744   t=5177.602278099425   Elapsed: 5177.55s (1h 26m)  82% completed  (82% total)
     Speed:     ev/sec=249   simsec/sec=1   ev/simsec=248.999
     Messages:  created: 204097   present: 9   in FES: 6
** Event #1632000   t=5181.099613554432   Elapsed: 5181.04s (1h 26m)  82% completed  (82% total)
     Speed:     ev/sec=73.1986   simsec/sec=1   ev/simsec=73.1986
     Messages:  created: 204136   present: 29   in FES: 7
** Event #1633024   t=5183.135923512807   Elapsed: 5183.08s (1h 26m)  82% completed  (82% total)
     Speed:     ev/sec=502.87   simsec/sec=1   ev/simsec=502.87
     Messages:  created: 204295   present: 110   in FES: 7
** Event #1634048   t=5185.721469570998   Elapsed: 5185.68s (1h 26m)  82% completed  (82% total)
     Speed:     ev/sec=394.389   simsec/sec=0.99581   ev/simsec=396.048
     Messages:  created: 204432   present: 135   in FES: 6
** Event #1635072   t=5187.775684944272   Elapsed: 5187.73s (1h 26m)  82% completed  (82% total)
     Speed:     ev/sec=498.426   simsec/sec=0.999878   ev/simsec=498.487
     Messages:  created: 204569   present: 159   in FES: 6
** Event #1636096   t=5190.193513107269   Elapsed: 5190.14s (1h 26m)  82% completed  (82% total)
     Speed:     ev/sec=425.479   simsec/sec=1.00462   ev/simsec=423.521
     Messages:  created: 204701   present: 170   in FES: 7
** Event #1637120   t=5192.601045034062   Elapsed: 5192.55s (1h 26m)  82% completed  (82% total)
     Speed:     ev/sec=425.332   simsec/sec=1   ev/simsec=425.332
     Messages:  created: 204832   present: 177   in FES: 7
** Event #1638144   t=5195.351763138701   Elapsed: 5195.3s (1h 26m)  82% completed  (82% total)
     Speed:     ev/sec=371.465   simsec/sec=0.997846   ev/simsec=372.266
     Messages:  created: 204965   present: 191   in FES: 6
** Event #1639168   t=5197.840510283476   Elapsed: 5197.81s (1h 26m)  82% completed  (82% total)
     Speed:     ev/sec=407.944   simsec/sec=0.991474   ev/simsec=411.452
     Messages:  created: 205084   present: 167   in FES: 6
** Event #1639936   t=5200.313204756623   Elapsed: 5200.26s (1h 26m)  82% completed  (82% total)
     Speed:     ev/sec=314.065   simsec/sec=1.01118   ev/simsec=310.592
     Messages:  created: 205155   present: 101   in FES: 7
** Event #1640704   t=5202.398740491337   Elapsed: 5202.34s (1h 26m)  82% completed  (82% total)
     Speed:     ev/sec=368.251   simsec/sec=1   ev/simsec=368.251
     Messages:  created: 205236   present: 59   in FES: 7
** Event #1641472   t=5204.518372755925   Elapsed: 5204.46s (1h 26m)  82% completed  (82% total)
     Speed:     ev/sec=362.327   simsec/sec=1   ev/simsec=362.327
     Messages:  created: 205327   present: 46   in FES: 7
** Event #1642496   t=5207.197217286463   Elapsed: 5207.14s (1h 26m)  82% completed  (82% total)
     Speed:     ev/sec=382.254   simsec/sec=0.999998   ev/simsec=382.254
     Messages:  created: 205442   present: 13   in FES: 6
** Event #1643264   t=5210.204160551193   Elapsed: 5210.23s (1h 26m)  82% completed  (82% total)
     Speed:     ev/sec=248.343   simsec/sec=0.972336   ev/simsec=255.409
     Messages:  created: 205536   present: 7   in FES: 4
** Event #1644032   t=5213.274535417808   Elapsed: 5213.22s (1h 26m)  82% completed  (82% total)
     Speed:     ev/sec=257.302   simsec/sec=1.02866   ev/simsec=250.132
     Messages:  created: 205633   present: 10   in FES: 6
** Event #1645056   t=5215.734426964966   Elapsed: 5215.68s (1h 26m)  82% completed  (82% total)
     Speed:     ev/sec=416.279   simsec/sec=1   ev/simsec=416.279
     Messages:  created: 205778   present: 54   in FES: 7
** Event #1645824   t=5218.084436777899   Elapsed: 5218.03s (1h 26m)  82% completed  (82% total)
     Speed:     ev/sec=326.806   simsec/sec=0.999998   ev/simsec=326.807
     Messages:  created: 205858   present: 11   in FES: 7
** Event #1646592   t=5220.663724237698   Elapsed: 5220.61s (1h 27m)  82% completed  (82% total)
     Speed:     ev/sec=297.051   simsec/sec=0.997632   ev/simsec=297.757
     Messages:  created: 205952   present: 8   in FES: 5
t=5220.843527 executing addServer()
adding server with latency=60
** Event #1647360   t=5223.794125377258   Elapsed: 5223.75s (1h 27m)  82% completed  (82% total)
     Speed:     ev/sec=244.907   simsec/sec=0.99825   ev/simsec=245.336
     Messages:  created: 206050   present: 11   in FES: 7
** Event #1648128   t=5225.820768032659   Elapsed: 5225.77s (1h 27m)  82% completed  (82% total)
     Speed:     ev/sec=381.136   simsec/sec=1.00576   ev/simsec=378.952
     Messages:  created: 206151   present: 23   in FES: 8
** Event #1649152   t=5228.123741941831   Elapsed: 5228.07s (1h 27m)  82% completed  (82% total)
     Speed:     ev/sec=444.643   simsec/sec=1   ev/simsec=444.642
     Messages:  created: 206299   present: 77   in FES: 8
** Event #1650176   t=5230.515540039656   Elapsed: 5230.46s (1h 27m)  83% completed  (83% total)
     Speed:     ev/sec=428.129   simsec/sec=0.999998   ev/simsec=428.13
     Messages:  created: 206434   present: 96   in FES: 8
** Event #1651200   t=5233.0851955138   Elapsed: 5233.03s (1h 27m)  83% completed  (83% total)
     Speed:     ev/sec=398.314   simsec/sec=0.999542   ev/simsec=398.497
     Messages:  created: 206548   present: 59   in FES: 7
** Event #1652224   t=5235.42776568687   Elapsed: 5235.37s (1h 27m)  83% completed  (83% total)
     Speed:     ev/sec=437.348   simsec/sec=1.00051   ev/simsec=437.127
     Messages:  created: 206684   present: 79   in FES: 8
** Event #1653248   t=5237.787686123529   Elapsed: 5237.73s (1h 27m)  83% completed  (83% total)
     Speed:     ev/sec=433.912   simsec/sec=0.999998   ev/simsec=433.913
     Messages:  created: 206817   present: 94   in FES: 8
** Event #1654016   t=5240.157066009898   Elapsed: 5240.1s (1h 27m)  83% completed  (83% total)
     Speed:     ev/sec=324.135   simsec/sec=1   ev/simsec=324.135
     Messages:  created: 206896   present: 48   in FES: 8
** Event #1654784   t=5242.323369603444   Elapsed: 5242.27s (1h 27m)  83% completed  (83% total)
     Speed:     ev/sec=354.006   simsec/sec=0.998547   ev/simsec=354.521
     Messages:  created: 206981   present: 19   in FES: 7
** Event #1655552   t=5244.726604399415   Elapsed: 5244.69s (1h 27m)  83% completed  (83% total)
     Speed:     ev/sec=317.65   simsec/sec=0.993994   ev/simsec=319.569
     Messages:  created: 207074   present: 11   in FES: 7
** Event #1656320   t=5246.868775517575   Elapsed: 5246.81s (1h 27m)  83% completed  (83% total)
     Speed:     ev/sec=361.498   simsec/sec=1.00832   ev/simsec=358.515
     Messages:  created: 207182   present: 42   in FES: 8
** Event #1657344   t=5249.56798499705   Elapsed: 5249.51s (1h 27m)  83% completed  (83% total)
     Speed:     ev/sec=379.37   simsec/sec=0.999999   ev/simsec=379.37
     Messages:  created: 207300   present: 16   in FES: 7
** Event #1657856   t=5252.064853894797   Elapsed: 5252.01s (1h 27m)  83% completed  (83% total)
     Speed:     ev/sec=205.057   simsec/sec=1   ev/simsec=205.057
     Messages:  created: 207364   present: 17   in FES: 8
** Event #1658368   t=5254.158549320532   Elapsed: 5254.1s (1h 27m)  83% completed  (83% total)
     Speed:     ev/sec=244.544   simsec/sec=1   ev/simsec=244.544
     Messages:  created: 207427   present: 14   in FES: 8
** Event #1659136   t=5256.895814689113   Elapsed: 5256.84s (1h 27m)  83% completed  (83% total)
     Speed:     ev/sec=280.572   simsec/sec=1   ev/simsec=280.572
     Messages:  created: 207524   present: 16   in FES: 8
** Event #1659904   t=5259.241666930715   Elapsed: 5259.19s (1h 27m)  83% completed  (83% total)
     Speed:     ev/sec=327.135   simsec/sec=0.999231   ev/simsec=327.386
     Messages:  created: 207621   present: 19   in FES: 7
** Event #1660672   t=5261.421868654285   Elapsed: 5261.37s (1h 27m)  83% completed  (83% total)
     Speed:     ev/sec=352.552   simsec/sec=1.00083   ev/simsec=352.261
     Messages:  created: 207716   present: 16   in FES: 8
** Event #1661440   t=5263.63751189443   Elapsed: 5263.59s (1h 27m)  83% completed  (83% total)
     Speed:     ev/sec=344.934   simsec/sec=0.995118   ev/simsec=346.626
     Messages:  created: 207816   present: 27   in FES: 7
** Event #1662464   t=5266.270740767766   Elapsed: 5266.22s (1h 27m)  83% completed  (83% total)
     Speed:     ev/sec=390.488   simsec/sec=1.00415   ev/simsec=388.876
     Messages:  created: 207948   present: 37   in FES: 8
** Event #1663232   t=5269.215851074601   Elapsed: 5269.16s (1h 27m)  83% completed  (83% total)
     Speed:     ev/sec=260.765   simsec/sec=0.999975   ev/simsec=260.771
     Messages:  created: 208034   present: 10   in FES: 6
** Event #1664256   t=5271.82520780761   Elapsed: 5271.77s (1h 27m)  83% completed  (83% total)
     Speed:     ev/sec=392.445   simsec/sec=1.00003   ev/simsec=392.434
     Messages:  created: 208166   present: 21   in FES: 7
** Event #1665024   t=5274.480758314407   Elapsed: 5274.43s (1h 27m)  83% completed  (83% total)
     Speed:     ev/sec=289.189   simsec/sec=0.999942   ev/simsec=289.206
     Messages:  created: 208258   present: 11   in FES: 6
** Event #1665536   t=5277.02732696598   Elapsed: 5276.97s (1h 27m)  83% completed  (83% total)
     Speed:     ev/sec=201.067   simsec/sec=1.00006   ev/simsec=201.055
     Messages:  created: 208324   present: 15   in FES: 8
** Event #1666304   t=5279.242675084255   Elapsed: 5279.2s (1h 27m)  83% completed  (83% total)
     Speed:     ev/sec=345.2   simsec/sec=0.995754   ev/simsec=346.672
     Messages:  created: 208421   present: 19   in FES: 7
t=5280.843527 addServer() complete
** Event #1666816   t=5281.483806434581   Elapsed: 5281.43s (1h 28m)  83% completed  (83% total)
     Speed:     ev/sec=229.423   simsec/sec=1.00423   ev/simsec=228.456
     Messages:  created: 208481   present: 9   in FES: 5
** Event #1667328   t=5284.385164123109   Elapsed: 5284.33s (1h 28m)  83% completed  (83% total)
     Speed:     ev/sec=176.469   simsec/sec=1   ev/simsec=176.469
     Messages:  created: 208546   present: 11   in FES: 7
** Event #1668096   t=5287.149035631466   Elapsed: 5287.09s (1h 28m)  83% completed  (83% total)
     Speed:     ev/sec=277.871   simsec/sec=0.999999   ev/simsec=277.871
     Messages:  created: 208642   present: 11   in FES: 7
** Event #1669120   t=5289.544867825707   Elapsed: 5289.49s (1h 28m)  83% completed  (83% total)
     Speed:     ev/sec=427.407   simsec/sec=0.999996   ev/simsec=427.409
     Messages:  created: 208769   present: 9   in FES: 5
** Event #1669888   t=5291.82543889929   Elapsed: 5291.78s (1h 28m)  83% completed  (83% total)
     Speed:     ev/sec=334.855   simsec/sec=0.99435   ev/simsec=336.758
     Messages:  created: 208866   present: 12   in FES: 7
** Event #1670912   t=5294.171364130604   Elapsed: 5294.12s (1h 28m)  84% completed  (84% total)
     Speed:     ev/sec=438.929   simsec/sec=1.00556   ev/simsec=436.502
     Messages:  created: 208995   present: 14   in FES: 8
** Event #1671936   t=5296.39729314979   Elapsed: 5296.34s (1h 28m)  84% completed  (84% total)
     Speed:     ev/sec=460.031   simsec/sec=0.999996   ev/simsec=460.033
     Messages:  created: 209123   present: 14   in FES: 7
** Event #1672960   t=5299.050969729507   Elapsed: 5299s (1h 28m)  84% completed  (84% total)
     Speed:     ev/sec=385.88   simsec/sec=1   ev/simsec=385.88
     Messages:  created: 209249   present: 9   in FES: 5
** Event #1673984   t=5301.719706572488   Elapsed: 5301.68s (1h 28m)  84% completed  (84% total)
     Speed:     ev/sec=382.011   simsec/sec=0.995592   ev/simsec=383.702
     Messages:  created: 209378   present: 12   in FES: 7
** Event #1674752   t=5303.826649048871   Elapsed: 5303.77s (1h 28m)  84% completed  (84% total)
     Speed:     ev/sec=366.565   simsec/sec=1.00564   ev/simsec=364.509
     Messages:  created: 209477   present: 19   in FES: 7
** Event #1675776   t=5306.341128644947   Elapsed: 5306.29s (1h 28m)  84% completed  (84% total)
     Speed:     ev/sec=407.242   simsec/sec=1   ev/simsec=407.241
     Messages:  created: 209603   present: 14   in FES: 8
** Event #1676544   t=5308.7576115595   Elapsed: 5308.7s (1h 28m)  84% completed  (84% total)
     Speed:     ev/sec=317.817   simsec/sec=1   ev/simsec=317.817
     Messages:  created: 209703   present: 26   in FES: 8
** Event #1677568   t=5310.875518778026   Elapsed: 5310.82s (1h 28m)  84% completed  (84% total)
     Speed:     ev/sec=482.963   simsec/sec=0.998896   ev/simsec=483.496
     Messages:  created: 209829   present: 20   in FES: 7
** Event #1678848   t=5313.83654556415   Elapsed: 5313.79s (1h 28m)  84% completed  (84% total)
     Speed:     ev/sec=431.333   simsec/sec=0.997804   ev/simsec=432.282
     Messages:  created: 209986   present: 12   in FES: 7
** Event #1679616   t=5316.236326904404   Elapsed: 5316.18s (1h 28m)  84% completed  (84% total)
     Speed:     ev/sec=321.214   simsec/sec=1.0037   ev/simsec=320.029
     Messages:  created: 210082   present: 11   in FES: 7
** Event #1680384   t=5318.747164956669   Elapsed: 5318.69s (1h 28m)  84% completed  (84% total)
     Speed:     ev/sec=305.68   simsec/sec=0.999366   ev/simsec=305.874
     Messages:  created: 210178   present: 12   in FES: 6
** Event #1681152   t=5321.002581953222   Elapsed: 5320.96s (1h 28m)  84% completed  (84% total)
     Speed:     ev/sec=339.065   simsec/sec=0.995745   ev/simsec=340.514
     Messages:  created: 210274   present: 12   in FES: 6
** Event #1681920   t=5323.520996501317   Elapsed: 5323.47s (1h 28m)  84% completed  (84% total)
     Speed:     ev/sec=306.32   simsec/sec=1.00448   ev/simsec=304.954
     Messages:  created: 210370   present: 11   in FES: 7
** Event #1682688   t=5326.191412582603   Elapsed: 5326.14s (1h 28m)  84% completed  (84% total)
     Speed:     ev/sec=287.595   simsec/sec=0.999999   ev/simsec=287.596
     Messages:  created: 210465   present: 10   in FES: 6
** Event #1683200   t=5328.679199251316   Elapsed: 5328.62s (1h 28m)  84% completed  (84% total)
     Speed:     ev/sec=205.803   simsec/sec=0.999987   ev/simsec=205.805
     Messages:  created: 210529   present: 9   in FES: 5
** Event #1683712   t=5331.50528784607   Elapsed: 5331.46s (1h 28m)  84% completed  (84% total)
     Speed:     ev/sec=180.85   simsec/sec=0.99824   ev/simsec=181.169
     Messages:  created: 210594   present: 12   in FES: 7
** Event #1684224   t=5333.86545678941   Elapsed: 5333.81s (1h 28m)  84% completed  (84% total)
     Speed:     ev/sec=217.382   simsec/sec=1.00207   ev/simsec=216.934
     Messages:  created: 210657   present: 9   in FES: 5
** Event #1684992   t=5336.023735721444   Elapsed: 5335.97s (1h 28m)  84% completed  (84% total)
     Speed:     ev/sec=355.862   simsec/sec=1.00007   ev/simsec=355.839
     Messages:  created: 210756   present: 17   in FES: 8
** Event #1685760   t=5338.675871641877   Elapsed: 5338.62s (1h 28m)  84% completed  (84% total)
     Speed:     ev/sec=289.577   simsec/sec=0.999998   ev/simsec=289.578
     Messages:  created: 210849   present: 9   in FES: 5
** Event #1686272   t=5340.743161625024   Elapsed: 5340.69s (1h 29m)  84% completed  (84% total)
     Speed:     ev/sec=247.669   simsec/sec=1.00001   ev/simsec=247.667
     Messages:  created: 210913   present: 11   in FES: 7
t=5340.843525 executing removeServer()
scheduled complete remove at 5340.843525
** Event #1687040   t=5343.009615212827   Elapsed: 5342.97s (1h 29m)  84% completed  (84% total)
     Speed:     ev/sec=336.955   simsec/sec=0.994392   ev/simsec=338.855
     Messages:  created: 211013   present: 16   in FES: 6
** Event #1688064   t=5345.66200213535   Elapsed: 5345.61s (1h 29m)  84% completed  (84% total)
     Speed:     ev/sec=387.936   simsec/sec=1.00484   ev/simsec=386.067
     Messages:  created: 211139   present: 11   in FES: 7
** Event #1689088   t=5347.935045768596   Elapsed: 5347.88s (1h 29m)  84% completed  (84% total)
     Speed:     ev/sec=450.497   simsec/sec=1   ev/simsec=450.497
     Messages:  created: 211280   present: 45   in FES: 7
** Event #1689856   t=5350.011238722162   Elapsed: 5349.96s (1h 29m)  84% completed  (84% total)
     Speed:     ev/sec=369.908   simsec/sec=0.999999   ev/simsec=369.908
     Messages:  created: 211367   present: 20   in FES: 6
** Event #1690624   t=5352.619746637905   Elapsed: 5352.56s (1h 29m)  84% completed  (84% total)
     Speed:     ev/sec=294.422   simsec/sec=1   ev/simsec=294.421
     Messages:  created: 211460   present: 12   in FES: 7
** Event #1691648   t=5354.816519825624   Elapsed: 5354.76s (1h 29m)  84% completed  (84% total)
     Speed:     ev/sec=466.137   simsec/sec=0.999998   ev/simsec=466.138
     Messages:  created: 211603   present: 52   in FES: 7
** Event #1692672   t=5357.24945052653   Elapsed: 5357.19s (1h 29m)  85% completed  (85% total)
     Speed:     ev/sec=420.892   simsec/sec=1   ev/simsec=420.892
     Messages:  created: 211734   present: 60   in FES: 7
** Event #1693440   t=5359.579643800321   Elapsed: 5359.52s (1h 29m)  85% completed  (85% total)
     Speed:     ev/sec=329.586   simsec/sec=0.999999   ev/simsec=329.586
     Messages:  created: 211812   present: 14   in FES: 6
** Event #1694208   t=5361.768979548474   Elapsed: 5361.71s (1h 29m)  85% completed  (85% total)
     Speed:     ev/sec=350.792   simsec/sec=1   ev/simsec=350.791
     Messages:  created: 211919   present: 42   in FES: 7
** Event #1694976   t=5364.472929239224   Elapsed: 5364.42s (1h 29m)  85% completed  (85% total)
     Speed:     ev/sec=284.029   simsec/sec=1   ev/simsec=284.029
     Messages:  created: 212004   present: 12   in FES: 7
** Event #1695744   t=5367.246975585077   Elapsed: 5367.19s (1h 29m)  85% completed  (85% total)
     Speed:     ev/sec=276.852   simsec/sec=0.999999   ev/simsec=276.852
     Messages:  created: 212099   present: 10   in FES: 7
** Event #1696768   t=5369.357640397822   Elapsed: 5369.3s (1h 29m)  85% completed  (85% total)
     Speed:     ev/sec=485.156   simsec/sec=1   ev/simsec=485.155
     Messages:  created: 212242   present: 50   in FES: 7
** Event #1697792   t=5371.945438472959   Elapsed: 5371.9s (1h 29m)  85% completed  (85% total)
     Speed:     ev/sec=394.039   simsec/sec=0.995794   ev/simsec=395.703
     Messages:  created: 212363   present: 32   in FES: 6
** Event #1698560   t=5374.098125757906   Elapsed: 5374.04s (1h 29m)  85% completed  (85% total)
     Speed:     ev/sec=358.584   simsec/sec=1.0051   ev/simsec=356.763
     Messages:  created: 212455   present: 21   in FES: 7
** Event #1699072   t=5376.105548123342   Elapsed: 5376.05s (1h 29m)  85% completed  (85% total)
     Speed:     ev/sec=255.053   simsec/sec=1   ev/simsec=255.053
     Messages:  created: 212516   present: 14   in FES: 7
** Event #1699840   t=5378.381137411818   Elapsed: 5378.33s (1h 29m)  85% completed  (85% total)
     Speed:     ev/sec=337.495   simsec/sec=1   ev/simsec=337.495
     Messages:  created: 212612   present: 13   in FES: 7
** Event #1700352   t=5380.756831390017   Elapsed: 5380.7s (1h 29m)  85% completed  (85% total)
     Speed:     ev/sec=215.516   simsec/sec=0.999998   ev/simsec=215.516
     Messages:  created: 212675   present: 10   in FES: 7
** Event #1701376   t=5382.917853354984   Elapsed: 5382.86s (1h 29m)  85% completed  (85% total)
     Speed:     ev/sec=473.85   simsec/sec=1   ev/simsec=473.85
     Messages:  created: 212819   present: 54   in FES: 7
** Event #1702144   t=5384.948460095079   Elapsed: 5384.91s (1h 29m)  85% completed  (85% total)
     Speed:     ev/sec=375.358   simsec/sec=0.992454   ev/simsec=378.212
     Messages:  created: 212904   present: 24   in FES: 6
** Event #1703168   t=5387.249375228388   Elapsed: 5387.19s (1h 29m)  85% completed  (85% total)
     Speed:     ev/sec=448.049   simsec/sec=1.00676   ev/simsec=445.04
     Messages:  created: 213040   present: 44   in FES: 7
** Event #1704192   t=5389.701447705777   Elapsed: 5389.65s (1h 29m)  85% completed  (85% total)
     Speed:     ev/sec=417.605   simsec/sec=0.999999   ev/simsec=417.606
     Messages:  created: 213183   present: 84   in FES: 7
** Event #1705216   t=5392.320909407126   Elapsed: 5392.27s (1h 29m)  85% completed  (85% total)
     Speed:     ev/sec=390.919   simsec/sec=0.999997   ev/simsec=390.92
     Messages:  created: 213297   present: 47   in FES: 7
** Event #1706240   t=5394.366440891444   Elapsed: 5394.31s (1h 29m)  85% completed  (85% total)
     Speed:     ev/sec=500.034   simsec/sec=0.998863   ev/simsec=500.603
     Messages:  created: 213452   present: 120   in FES: 6
** Event #1707264   t=5396.483507189879   Elapsed: 5396.43s (1h 29m)  85% completed  (85% total)
     Speed:     ev/sec=484.222   simsec/sec=1.0011   ev/simsec=483.688
     Messages:  created: 213612   present: 201   in FES: 7
** Event #1708288   t=5398.740183500848   Elapsed: 5398.69s (1h 29m)  85% completed  (85% total)
     Speed:     ev/sec=453.765   simsec/sec=1   ev/simsec=453.765
     Messages:  created: 213740   present: 203   in FES: 8
** Event #1709056   t=5400.857005124556   Elapsed: 5400.8s (1h 30m)  85% completed  (85% total)
     Speed:     ev/sec=362.465   simsec/sec=0.999053   ev/simsec=362.808
     Messages:  created: 213815   present: 151   in FES: 6
** Event #1710080   t=5403.419330768747   Elapsed: 5403.36s (1h 30m)  85% completed  (85% total)
     Speed:     ev/sec=399.949   simsec/sec=1.00078   ev/simsec=399.637
     Messages:  created: 213932   present: 121   in FES: 7
** Event #1711104   t=5405.751416213134   Elapsed: 5405.7s (1h 30m)  85% completed  (85% total)
     Speed:     ev/sec=439.093   simsec/sec=1   ev/simsec=439.092
     Messages:  created: 214058   present: 116   in FES: 7
** Event #1712128   t=5408.422384037731   Elapsed: 5408.37s (1h 30m)  85% completed  (85% total)
     Speed:     ev/sec=382.926   simsec/sec=0.998811   ev/simsec=383.382
     Messages:  created: 214181   present: 103   in FES: 6
** Event #1712896   t=5410.446923271835   Elapsed: 5410.39s (1h 30m)  85% completed  (85% total)
     Speed:     ev/sec=379.86   simsec/sec=1.00136   ev/simsec=379.346
     Messages:  created: 214268   present: 79   in FES: 6
** Event #1713664   t=5412.807438729152   Elapsed: 5412.75s (1h 30m)  85% completed  (85% total)
     Speed:     ev/sec=325.412   simsec/sec=1.00018   ev/simsec=325.353
     Messages:  created: 214338   present: 10   in FES: 6
** Event #1714432   t=5416.356318319163   Elapsed: 5416.3s (1h 30m)  85% completed  (85% total)
     Speed:     ev/sec=216.406   simsec/sec=1   ev/simsec=216.406
     Messages:  created: 214434   present: 9   in FES: 6
** Event #1715200   t=5419.132441379371   Elapsed: 5419.08s (1h 30m)  86% completed  (86% total)
     Speed:     ev/sec=276.645   simsec/sec=1   ev/simsec=276.645
     Messages:  created: 214530   present: 10   in FES: 7
** Event #1715968   t=5421.709207038218   Elapsed: 5421.65s (1h 30m)  86% completed  (86% total)
     Speed:     ev/sec=298.048   simsec/sec=1   ev/simsec=298.048
     Messages:  created: 214626   present: 9   in FES: 6
** Event #1716480   t=5424.126690875723   Elapsed: 5424.07s (1h 30m)  86% completed  (86% total)
     Speed:     ev/sec=211.79   simsec/sec=0.999998   ev/simsec=211.79
     Messages:  created: 214690   present: 10   in FES: 7
** Event #1716992   t=5426.615688837339   Elapsed: 5426.56s (1h 30m)  86% completed  (86% total)
     Speed:     ev/sec=205.705   simsec/sec=1   ev/simsec=205.705
     Messages:  created: 214756   present: 14   in FES: 7
** Event #1717760   t=5428.650039343943   Elapsed: 5428.6s (1h 30m)  86% completed  (86% total)
     Speed:     ev/sec=377.516   simsec/sec=1   ev/simsec=377.516
     Messages:  created: 214863   present: 44   in FES: 7
** Event #1718784   t=5431.71881203796   Elapsed: 5431.66s (1h 30m)  86% completed  (86% total)
     Speed:     ev/sec=333.684   simsec/sec=1   ev/simsec=333.684
     Messages:  created: 214978   present: 9   in FES: 6
** Event #1719552   t=5434.574084488334   Elapsed: 5434.52s (1h 30m)  86% completed  (86% total)
     Speed:     ev/sec=268.976   simsec/sec=1   ev/simsec=268.976
     Messages:  created: 215074   present: 9   in FES: 6
** Event #1720064   t=5437.278134393806   Elapsed: 5437.29s (1h 30m)  86% completed  (86% total)
     Speed:     ev/sec=184.78   simsec/sec=0.975886   ev/simsec=189.346
     Messages:  created: 215137   present: 7   in FES: 4
** Event #1720576   t=5439.751812534871   Elapsed: 5439.73s (1h 30m)  86% completed  (86% total)
     Speed:     ev/sec=210.084   simsec/sec=1.015   ev/simsec=206.979
     Messages:  created: 215201   present: 7   in FES: 4
** Event #1721088   t=5442.081352199271   Elapsed: 5442.03s (1h 30m)  86% completed  (86% total)
     Speed:     ev/sec=222.678   simsec/sec=1.01316   ev/simsec=219.786
     Messages:  created: 215266   present: 10   in FES: 7
** Event #1721600   t=5444.602623291247   Elapsed: 5444.55s (1h 30m)  86% completed  (86% total)
     Speed:     ev/sec=203.072   simsec/sec=1   ev/simsec=203.072
     Messages:  created: 215333   present: 17   in FES: 7
** Event #1722368   t=5446.755284599076   Elapsed: 5446.7s (1h 30m)  86% completed  (86% total)
     Speed:     ev/sec=356.767   simsec/sec=0.999999   ev/simsec=356.768
     Messages:  created: 215427   present: 13   in FES: 7
** Event #1723392   t=5449.287412777855   Elapsed: 5449.23s (1h 30m)  86% completed  (86% total)
     Speed:     ev/sec=404.403   simsec/sec=1   ev/simsec=404.403
     Messages:  created: 215567   present: 45   in FES: 7
** Event #1724416   t=5451.891617746722   Elapsed: 5451.85s (1h 30m)  86% completed  (86% total)
     Speed:     ev/sec=391.112   simsec/sec=0.994663   ev/simsec=393.21
     Messages:  created: 215699   present: 55   in FES: 6
** Event #1724928   t=5453.995864298028   Elapsed: 5453.94s (1h 30m)  86% completed  (86% total)
     Speed:     ev/sec=244.944   simsec/sec=1.00669   ev/simsec=243.317
     Messages:  created: 215746   present: 10   in FES: 7
** Event #1725696   t=5456.194819108373   Elapsed: 5456.14s (1h 30m)  86% completed  (86% total)
     Speed:     ev/sec=349.257   simsec/sec=1   ev/simsec=349.257
     Messages:  created: 215842   present: 10   in FES: 7
** Event #1726464   t=5458.400863389115   Elapsed: 5458.35s (1h 30m)  86% completed  (86% total)
     Speed:     ev/sec=348.134   simsec/sec=0.999999   ev/simsec=348.134
     Messages:  created: 215939   present: 13   in FES: 7
t=5460.843519 executing addServer()
adding server with latency=60
** Event #1727232   t=5461.037012005672   Elapsed: 5460.98s (1h 31m)  86% completed  (86% total)
     Speed:     ev/sec=291.334   simsec/sec=0.999998   ev/simsec=291.334
     Messages:  created: 216035   present: 10   in FES: 6
** Event #1728000   t=5463.270588159946   Elapsed: 5463.22s (1h 31m)  86% completed  (86% total)
     Speed:     ev/sec=343.844   simsec/sec=1   ev/simsec=343.843
     Messages:  created: 216134   present: 18   in FES: 8
** Event #1728768   t=5465.962849439304   Elapsed: 5465.91s (1h 31m)  86% completed  (86% total)
     Speed:     ev/sec=285.262   simsec/sec=1   ev/simsec=285.262
     Messages:  created: 216229   present: 15   in FES: 8
** Event #1729536   t=5468.23202160911   Elapsed: 5468.18s (1h 31m)  86% completed  (86% total)
     Speed:     ev/sec=338.449   simsec/sec=1   ev/simsec=338.449
     Messages:  created: 216331   present: 32   in FES: 8
** Event #1730560   t=5470.716874013323   Elapsed: 5470.66s (1h 31m)  86% completed  (86% total)
     Speed:     ev/sec=412.097   simsec/sec=0.999999   ev/simsec=412.097
     Messages:  created: 216469   present: 58   in FES: 8
** Event #1731328   t=5472.816183703293   Elapsed: 5472.76s (1h 31m)  86% completed  (86% total)
     Speed:     ev/sec=365.303   simsec/sec=0.998547   ev/simsec=365.835
     Messages:  created: 216553   present: 27   in FES: 6
** Event #1732352   t=5475.383992914695   Elapsed: 5475.35s (1h 31m)  86% completed  (86% total)
     Speed:     ev/sec=395.674   simsec/sec=0.992203   ev/simsec=398.784
     Messages:  created: 216687   present: 43   in FES: 7
** Event #1733120   t=5477.873544988105   Elapsed: 5477.83s (1h 31m)  86% completed  (86% total)
     Speed:     ev/sec=309.53   simsec/sec=1.00337   ev/simsec=308.489
     Messages:  created: 216771   present: 11   in FES: 7
** Event #1734144   t=5480.596910797804   Elapsed: 5480.54s (1h 31m)  86% completed  (86% total)
     Speed:     ev/sec=378.069   simsec/sec=1.00549   ev/simsec=376.005
     Messages:  created: 216903   present: 22   in FES: 8
** Event #1734656   t=5482.746925061612   Elapsed: 5482.69s (1h 31m)  87% completed  (87% total)
     Speed:     ev/sec=238.138   simsec/sec=0.999998   ev/simsec=238.138
     Messages:  created: 216963   present: 10   in FES: 6
** Event #1735424   t=5485.189973447775   Elapsed: 5485.14s (1h 31m)  87% completed  (87% total)
     Speed:     ev/sec=314.073   simsec/sec=0.999083   ev/simsec=314.361
     Messages:  created: 217059   present: 11   in FES: 7
** Event #1736192   t=5487.488776912235   Elapsed: 5487.43s (1h 31m)  87% completed  (87% total)
     Speed:     ev/sec=334.413   simsec/sec=1.00098   ev/simsec=334.087
     Messages:  created: 217166   present: 40   in FES: 8
** Event #1736960   t=5489.54621668979   Elapsed: 5489.49s (1h 31m)  87% completed  (87% total)
     Speed:     ev/sec=373.28   simsec/sec=1   ev/simsec=373.279
     Messages:  created: 217268   present: 55   in FES: 8
** Event #1737984   t=5492.008335944122   Elapsed: 5491.97s (1h 31m)  87% completed  (87% total)
     Speed:     ev/sec=413.131   simsec/sec=0.993339   ev/simsec=415.902
     Messages:  created: 217400   present: 67   in FES: 7
** Event #1739008   t=5494.527814588524   Elapsed: 5494.47s (1h 31m)  87% completed  (87% total)
     Speed:     ev/sec=409.114   simsec/sec=1.0066   ev/simsec=406.433
     Messages:  created: 217509   present: 16   in FES: 7
** Event #1739776   t=5496.588273629912   Elapsed: 5496.55s (1h 31m)  87% completed  (87% total)
     Speed:     ev/sec=370.623   simsec/sec=0.994342   ev/simsec=372.732
     Messages:  created: 217603   present: 11   in FES: 7
** Event #1740288   t=5498.703722933901   Elapsed: 5498.65s (1h 31m)  87% completed  (87% total)
     Speed:     ev/sec=243.378   simsec/sec=1.00557   ev/simsec=242.029
     Messages:  created: 217668   present: 14   in FES: 8
** Event #1741312   t=5501.153443241223   Elapsed: 5501.1s (1h 31m)  87% completed  (87% total)
     Speed:     ev/sec=418.006   simsec/sec=0.999999   ev/simsec=418.007
     Messages:  created: 217802   present: 29   in FES: 8
** Event #1742080   t=5503.746508960262   Elapsed: 5503.69s (1h 31m)  87% completed  (87% total)
     Speed:     ev/sec=296.175   simsec/sec=1   ev/simsec=296.175
     Messages:  created: 217893   present: 15   in FES: 8
** Event #1742592   t=5506.300925951761   Elapsed: 5506.25s (1h 31m)  87% completed  (87% total)
     Speed:     ev/sec=200.437   simsec/sec=0.999998   ev/simsec=200.437
     Messages:  created: 217955   present: 10   in FES: 6
** Event #1743104   t=5508.362035946318   Elapsed: 5508.32s (1h 31m)  87% completed  (87% total)
     Speed:     ev/sec=247.032   simsec/sec=0.994453   ev/simsec=248.41
     Messages:  created: 218019   present: 11   in FES: 7
** Event #1744128   t=5511.295146219941   Elapsed: 5511.26s (1h 31m)  87% completed  (87% total)
     Speed:     ev/sec=347.878   simsec/sec=0.99645   ev/simsec=349.117
     Messages:  created: 218147   present: 11   in FES: 6
** Event #1744896   t=5514.203657049125   Elapsed: 5514.15s (1h 31m)  87% completed  (87% total)
     Speed:     ev/sec=266.047   simsec/sec=1.00755   ev/simsec=264.053
     Messages:  created: 218243   present: 10   in FES: 6
** Event #1745408   t=5516.710541656743   Elapsed: 5516.66s (1h 31m)  87% completed  (87% total)
     Speed:     ev/sec=204.219   simsec/sec=0.99991   ev/simsec=204.238
     Messages:  created: 218307   present: 11   in FES: 6
** Event #1746176   t=5518.819710145688   Elapsed: 5518.76s (1h 31m)  87% completed  (87% total)
     Speed:     ev/sec=364.188   simsec/sec=1.00018   ev/simsec=364.125
     Messages:  created: 218416   present: 46   in FES: 8
t=5520.843519 addServer() complete
** Event #1747200   t=5520.896003325162   Elapsed: 5520.86s (1h 32m)  87% completed  (87% total)
     Speed:     ev/sec=487.608   simsec/sec=0.988688   ev/simsec=493.187
     Messages:  created: 218561   present: 92   in FES: 6
** Event #1747968   t=5523.176479660755   Elapsed: 5523.12s (1h 32m)  87% completed  (87% total)
     Speed:     ev/sec=340.316   simsec/sec=1.01053   ev/simsec=336.772
     Messages:  created: 218629   present: 16   in FES: 8
** Event #1748992   t=5525.332613906839   Elapsed: 5525.29s (1h 32m)  87% completed  (87% total)
     Speed:     ev/sec=471.25   simsec/sec=0.992265   ev/simsec=474.924
     Messages:  created: 218758   present: 20   in FES: 7
** Event #1750016   t=5527.377593515693   Elapsed: 5527.32s (1h 32m)  87% completed  (87% total)
     Speed:     ev/sec=504.889   simsec/sec=1.00829   ev/simsec=500.738
     Messages:  created: 218882   present: 10   in FES: 6
** Event #1750528   t=5529.522173130596   Elapsed: 5529.47s (1h 32m)  87% completed  (87% total)
     Speed:     ev/sec=238.742   simsec/sec=1   ev/simsec=238.741
     Messages:  created: 218947   present: 11   in FES: 7
** Event #1751296   t=5532.701036462366   Elapsed: 5532.66s (1h 32m)  87% completed  (87% total)
     Speed:     ev/sec=240.874   simsec/sec=0.997012   ev/simsec=241.596
     Messages:  created: 219043   present: 12   in FES: 7
** Event #1751808   t=5535.035368472278   Elapsed: 5534.98s (1h 32m)  87% completed  (87% total)
     Speed:     ev/sec=220.233   simsec/sec=1.0041   ev/simsec=219.335
     Messages:  created: 219106   present: 9   in FES: 5
** Event #1752320   t=5537.15414534848   Elapsed: 5537.1s (1h 32m)  87% completed  (87% total)
     Speed:     ev/sec=241.65   simsec/sec=1.00001   ev/simsec=241.649
     Messages:  created: 219170   present: 10   in FES: 6
** Event #1752832   t=5539.507879652824   Elapsed: 5539.45s (1h 32m)  87% completed  (87% total)
     Speed:     ev/sec=217.526   simsec/sec=0.999995   ev/simsec=217.527
     Messages:  created: 219234   present: 10   in FES: 6
** Event #1753344   t=5541.785994649378   Elapsed: 5541.73s (1h 32m)  87% completed  (87% total)
     Speed:     ev/sec=224.747   simsec/sec=0.999997   ev/simsec=224.747
     Messages:  created: 219298   present: 9   in FES: 5
** Event #1753856   t=5544.103871255476   Elapsed: 5544.05s (1h 32m)  88% completed  (88% total)
     Speed:     ev/sec=220.892   simsec/sec=1   ev/simsec=220.892
     Messages:  created: 219362   present: 9   in FES: 5
** Event #1754368   t=5546.136285706579   Elapsed: 5546.08s (1h 32m)  88% completed  (88% total)
     Speed:     ev/sec=251.918   simsec/sec=1   ev/simsec=251.917
     Messages:  created: 219426   present: 10   in FES: 6
** Event #1755136   t=5548.663780809155   Elapsed: 5548.61s (1h 32m)  88% completed  (88% total)
     Speed:     ev/sec=303.858   simsec/sec=0.999998   ev/simsec=303.858
     Messages:  created: 219522   present: 9   in FES: 5
** Event #1755904   t=5551.077712664064   Elapsed: 5551.03s (1h 32m)  88% completed  (88% total)
     Speed:     ev/sec=316.746   simsec/sec=0.995579   ev/simsec=318.153
     Messages:  created: 219619   present: 12   in FES: 7
** Event #1757184   t=5553.438904572428   Elapsed: 5553.38s (1h 32m)  88% completed  (88% total)
     Speed:     ev/sec=544.572   simsec/sec=1.00456   ev/simsec=542.099
     Messages:  created: 219781   present: 18   in FES: 8
** Event #1757952   t=5555.868670640061   Elapsed: 5555.83s (1h 32m)  88% completed  (88% total)
     Speed:     ev/sec=314.58   simsec/sec=0.995254   ev/simsec=316.08
     Messages:  created: 219875   present: 12   in FES: 6
** Event #1758976   t=5558.312264102467   Elapsed: 5558.27s (1h 32m)  88% completed  (88% total)
     Speed:     ev/sec=419.251   simsec/sec=1.00047   ev/simsec=419.055
     Messages:  created: 220003   present: 12   in FES: 7
** Event #1760256   t=5560.845245255888   Elapsed: 5560.79s (1h 32m)  88% completed  (88% total)
     Speed:     ev/sec=507.425   simsec/sec=1.00414   ev/simsec=505.333
     Messages:  created: 220162   present: 10   in FES: 6
** Event #1761536   t=5563.264531231399   Elapsed: 5563.21s (1h 32m)  88% completed  (88% total)
     Speed:     ev/sec=528.643   simsec/sec=0.999172   ev/simsec=529.082
     Messages:  created: 220329   present: 28   in FES: 7
** Event #1762304   t=5565.269303572406   Elapsed: 5565.21s (1h 32m)  88% completed  (88% total)
     Speed:     ev/sec=383.47   simsec/sec=1.001   ev/simsec=383.086
     Messages:  created: 220418   present: 10   in FES: 6
** Event #1762816   t=5567.343525697986   Elapsed: 5567.29s (1h 32m)  88% completed  (88% total)
     Speed:     ev/sec=246.839   simsec/sec=0.999999   ev/simsec=246.84
     Messages:  created: 220483   present: 11   in FES: 7
** Event #1763840   t=5569.921977758328   Elapsed: 5569.87s (1h 32m)  88% completed  (88% total)
     Speed:     ev/sec=397.138   simsec/sec=1   ev/simsec=397.137
     Messages:  created: 220611   present: 11   in FES: 7
** Event #1764352   t=5571.942153161677   Elapsed: 5571.89s (1h 32m)  88% completed  (88% total)
     Speed:     ev/sec=253.443   simsec/sec=0.999998   ev/simsec=253.443
     Messages:  created: 220674   present: 9   in FES: 5
** Event #1764864   t=5574.002462798846   Elapsed: 5573.96s (1h 32m)  88% completed  (88% total)
     Speed:     ev/sec=247.328   simsec/sec=0.995257   ev/simsec=248.506
     Messages:  created: 220739   present: 12   in FES: 7
** Event #1765632   t=5576.575897737175   Elapsed: 5576.52s (1h 32m)  88% completed  (88% total)
     Speed:     ev/sec=299.577   simsec/sec=1.00383   ev/simsec=298.434
     Messages:  created: 220834   present: 10   in FES: 6
** Event #1766656   t=5578.920517814302   Elapsed: 5578.87s (1h 32m)  88% completed  (88% total)
     Speed:     ev/sec=436.745   simsec/sec=1   ev/simsec=436.745
     Messages:  created: 220964   present: 15   in FES: 8
t=5580.843531 executing removeServer()
scheduled complete remove at 5580.86516590807
** Event #1767680   t=5580.906777412438   Elapsed: 5580.9s (1h 33m)  88% completed  (88% total)
     Speed:     ev/sec=504.387   simsec/sec=0.978362   ev/simsec=515.542
     Messages:  created: 221096   present: 20   in FES: 7
** Event #1768704   t=5582.969521935024   Elapsed: 5582.91s (1h 33m)  88% completed  (88% total)
     Speed:     ev/sec=507.228   simsec/sec=1.02176   ev/simsec=496.426
     Messages:  created: 221234   present: 47   in FES: 7
** Event #1769728   t=5585.178931184868   Elapsed: 5585.12s (1h 33m)  88% completed  (88% total)
     Speed:     ev/sec=463.473   simsec/sec=1   ev/simsec=463.472
     Messages:  created: 221367   present: 62   in FES: 7
** Event #1770752   t=5587.734667868293   Elapsed: 5587.68s (1h 33m)  88% completed  (88% total)
     Speed:     ev/sec=400.667   simsec/sec=0.999998   ev/simsec=400.667
     Messages:  created: 221498   present: 70   in FES: 7
** Event #1771520   t=5589.852589752938   Elapsed: 5589.8s (1h 33m)  88% completed  (88% total)
     Speed:     ev/sec=361.629   simsec/sec=0.997267   ev/simsec=362.62
     Messages:  created: 221580   present: 32   in FES: 6
** Event #1772288   t=5592.365198362452   Elapsed: 5592.38s (1h 33m)  88% completed  (88% total)
     Speed:     ev/sec=298.651   simsec/sec=0.977075   ev/simsec=305.658
     Messages:  created: 221670   present: 16   in FES: 6
** Event #1773056   t=5595.377321328928   Elapsed: 5595.32s (1h 33m)  88% completed  (88% total)
     Speed:     ev/sec=260.572   simsec/sec=1.02197   ev/simsec=254.97
     Messages:  created: 221764   present: 10   in FES: 7
** Event #1773824   t=5597.703667045396   Elapsed: 5597.66s (1h 33m)  88% completed  (88% total)
     Speed:     ev/sec=329.17   simsec/sec=0.997087   ev/simsec=330.131
     Messages:  created: 221859   present: 8   in FES: 5
** Event #1774592   t=5599.958400829169   Elapsed: 5599.9s (1h 33m)  88% completed  (88% total)
     Speed:     ev/sec=341.647   simsec/sec=1.00303   ev/simsec=340.617
     Messages:  created: 221959   present: 18   in FES: 7
** Event #1775616   t=5602.580308568235   Elapsed: 5602.53s (1h 33m)  88% completed  (88% total)
     Speed:     ev/sec=390.555   simsec/sec=1   ev/simsec=390.555
     Messages:  created: 222086   present: 15   in FES: 7
** Event #1776384   t=5604.816568191938   Elapsed: 5604.76s (1h 33m)  88% completed  (88% total)
     Speed:     ev/sec=343.436   simsec/sec=1.00001   ev/simsec=343.431
     Messages:  created: 222181   present: 13   in FES: 7
** Event #1777408   t=5607.673208714861   Elapsed: 5607.64s (1h 33m)  89% completed  (89% total)
     Speed:     ev/sec=356.081   simsec/sec=0.993354   ev/simsec=358.463
     Messages:  created: 222310   present: 16   in FES: 6
** Event #1778176   t=5609.807525759009   Elapsed: 5609.75s (1h 33m)  89% completed  (89% total)
     Speed:     ev/sec=363.08   simsec/sec=1.00902   ev/simsec=359.834
     Messages:  created: 222414   present: 36   in FES: 7
** Event #1779200   t=5612.325604598996   Elapsed: 5612.27s (1h 33m)  89% completed  (89% total)
     Speed:     ev/sec=406.659   simsec/sec=0.999999   ev/simsec=406.659
     Messages:  created: 222537   present: 23   in FES: 6
** Event #1780224   t=5614.622971842825   Elapsed: 5614.59s (1h 33m)  89% completed  (89% total)
     Speed:     ev/sec=441.529   simsec/sec=0.990581   ev/simsec=445.728
     Messages:  created: 222677   present: 56   in FES: 6
** Event #1781504   t=5617.022800565112   Elapsed: 5616.97s (1h 33m)  89% completed  (89% total)
     Speed:     ev/sec=538.271   simsec/sec=1.00919   ev/simsec=533.371
     Messages:  created: 222874   present: 154   in FES: 7
** Event #1782528   t=5619.218021341483   Elapsed: 5619.19s (1h 33m)  89% completed  (89% total)
     Speed:     ev/sec=461.711   simsec/sec=0.989802   ev/simsec=466.468
     Messages:  created: 223021   present: 205   in FES: 6
** Event #1783296   t=5621.354439571489   Elapsed: 5621.3s (1h 33m)  89% completed  (89% total)
     Speed:     ev/sec=363.327   simsec/sec=1.0107   ev/simsec=359.48
     Messages:  created: 223141   present: 253   in FES: 7
** Event #1784320   t=5623.736491304137   Elapsed: 5623.68s (1h 33m)  89% completed  (89% total)
     Speed:     ev/sec=429.881   simsec/sec=0.999999   ev/simsec=429.882
     Messages:  created: 223269   present: 253   in FES: 7
** Event #1785344   t=5626.107671774219   Elapsed: 5626.05s (1h 33m)  89% completed  (89% total)
     Speed:     ev/sec=431.852   simsec/sec=1   ev/simsec=431.852
     Messages:  created: 223409   present: 278   in FES: 8
** Event #1786368   t=5628.270594126084   Elapsed: 5628.22s (1h 33m)  89% completed  (89% total)
     Speed:     ev/sec=473.434   simsec/sec=1   ev/simsec=473.434
     Messages:  created: 223546   present: 296   in FES: 8
** Event #1787392   t=5630.850504203016   Elapsed: 5630.8s (1h 33m)  89% completed  (89% total)
     Speed:     ev/sec=396.913   simsec/sec=1   ev/simsec=396.913
     Messages:  created: 223677   present: 301   in FES: 7
** Event #1788160   t=5632.891742106709   Elapsed: 5632.84s (1h 33m)  89% completed  (89% total)
     Speed:     ev/sec=376.242   simsec/sec=1   ev/simsec=376.242
     Messages:  created: 223766   present: 287   in FES: 7
** Event #1789184   t=5635.327826768417   Elapsed: 5635.27s (1h 33m)  89% completed  (89% total)
     Speed:     ev/sec=420.346   simsec/sec=0.999999   ev/simsec=420.347
     Messages:  created: 223894   present: 288   in FES: 8
** Event #1790464   t=5638.009802191291   Elapsed: 5637.95s (1h 33m)  89% completed  (89% total)
     Speed:     ev/sec=477.26   simsec/sec=1   ev/simsec=477.26
     Messages:  created: 224088   present: 355   in FES: 7
** Event #1791488   t=5640.614309232589   Elapsed: 5640.56s (1h 34m)  89% completed  (89% total)
     Speed:     ev/sec=393.164   simsec/sec=0.999999   ev/simsec=393.165
     Messages:  created: 224207   present: 339   in FES: 8
t=5640.843525 executing addServer()
adding server with latency=60
** Event #1792256   t=5643.089343629447   Elapsed: 5643.03s (1h 34m)  89% completed  (89% total)
     Speed:     ev/sec=310.3   simsec/sec=1   ev/simsec=310.299
     Messages:  created: 224263   present: 257   in FES: 8
** Event #1793024   t=5645.176485368505   Elapsed: 5645.12s (1h 34m)  89% completed  (89% total)
     Speed:     ev/sec=367.966   simsec/sec=0.999996   ev/simsec=367.967
     Messages:  created: 224348   present: 236   in FES: 8
** Event #1793792   t=5647.888297297407   Elapsed: 5647.83s (1h 34m)  89% completed  (89% total)
     Speed:     ev/sec=283.206   simsec/sec=1   ev/simsec=283.205
     Messages:  created: 224412   present: 158   in FES: 8
** Event #1794816   t=5650.553337130735   Elapsed: 5650.51s (1h 34m)  89% completed  (89% total)
     Speed:     ev/sec=382.989   simsec/sec=0.996758   ev/simsec=384.234
     Messages:  created: 224518   present: 100   in FES: 7
** Event #1795584   t=5652.602346099251   Elapsed: 5652.55s (1h 34m)  89% completed  (89% total)
     Speed:     ev/sec=376.407   simsec/sec=1.00425   ev/simsec=374.815
     Messages:  created: 224607   present: 81   in FES: 8
** Event #1796096   t=5654.669337863522   Elapsed: 5654.61s (1h 34m)  89% completed  (89% total)
     Speed:     ev/sec=247.703   simsec/sec=1   ev/simsec=247.703
     Messages:  created: 224647   present: 16   in FES: 7
** Event #1796608   t=5656.950095754693   Elapsed: 5656.9s (1h 34m)  89% completed  (89% total)
     Speed:     ev/sec=224.487   simsec/sec=1   ev/simsec=224.487
     Messages:  created: 224708   present: 10   in FES: 6
** Event #1797120   t=5659.057004642335   Elapsed: 5659s (1h 34m)  89% completed  (89% total)
     Speed:     ev/sec=243.01   simsec/sec=0.999999   ev/simsec=243.01
     Messages:  created: 224774   present: 14   in FES: 8
** Event #1798144   t=5661.565845506974   Elapsed: 5661.51s (1h 34m)  89% completed  (89% total)
     Speed:     ev/sec=408.157   simsec/sec=1   ev/simsec=408.157
     Messages:  created: 224915   present: 49   in FES: 8
** Event #1799168   t=5664.221802411449   Elapsed: 5664.17s (1h 34m)  89% completed  (89% total)
     Speed:     ev/sec=385.548   simsec/sec=1   ev/simsec=385.548
     Messages:  created: 225033   present: 23   in FES: 8
** Event #1800192   t=5666.79400150557   Elapsed: 5666.74s (1h 34m)  89% completed  (89% total)
     Speed:     ev/sec=397.22   simsec/sec=0.997781   ev/simsec=398.103
     Messages:  created: 225160   present: 20   in FES: 7
** Event #1801216   t=5669.370059611204   Elapsed: 5669.32s (1h 34m)  89% completed  (89% total)
     Speed:     ev/sec=398.392   simsec/sec=1.00223   ev/simsec=397.507
     Messages:  created: 225290   present: 26   in FES: 8
** Event #1801984   t=5672.304744829201   Elapsed: 5672.25s (1h 34m)  90% completed  (90% total)
     Speed:     ev/sec=261.697   simsec/sec=0.999999   ev/simsec=261.698
     Messages:  created: 225381   present: 11   in FES: 7
** Event #1802752   t=5674.917444918662   Elapsed: 5674.87s (1h 34m)  90% completed  (90% total)
     Speed:     ev/sec=292.769   simsec/sec=0.995988   ev/simsec=293.949
     Messages:  created: 225477   present: 12   in FES: 6
** Event #1803520   t=5676.943799811146   Elapsed: 5676.9s (1h 34m)  90% completed  (90% total)
     Speed:     ev/sec=378.783   simsec/sec=0.999412   ev/simsec=379.006
     Messages:  created: 225573   present: 12   in FES: 7
** Event #1804288   t=5679.266312454981   Elapsed: 5679.21s (1h 34m)  90% completed  (90% total)
     Speed:     ev/sec=332.353   simsec/sec=1.00507   ev/simsec=330.676
     Messages:  created: 225672   present: 19   in FES: 8
** Event #1805056   t=5681.302491252564   Elapsed: 5681.25s (1h 34m)  90% completed  (90% total)
     Speed:     ev/sec=377.177   simsec/sec=1   ev/simsec=377.177
     Messages:  created: 225766   present: 15   in FES: 8
** Event #1805568   t=5683.450384773151   Elapsed: 5683.4s (1h 34m)  90% completed  (90% total)
     Speed:     ev/sec=238.373   simsec/sec=1   ev/simsec=238.373
     Messages:  created: 225829   present: 11   in FES: 7
** Event #1806336   t=5686.406049911714   Elapsed: 5686.35s (1h 34m)  90% completed  (90% total)
     Speed:     ev/sec=259.713   simsec/sec=0.999511   ev/simsec=259.84
     Messages:  created: 225925   present: 12   in FES: 7
** Event #1807104   t=5688.863481714252   Elapsed: 5688.81s (1h 34m)  90% completed  (90% total)
     Speed:     ev/sec=312.705   simsec/sec=1.00059   ev/simsec=312.521
     Messages:  created: 226026   present: 25   in FES: 8
** Event #1808128   t=5691.217712674416   Elapsed: 5691.16s (1h 34m)  90% completed  (90% total)
     Speed:     ev/sec=434.962   simsec/sec=1   ev/simsec=434.962
     Messages:  created: 226158   present: 35   in FES: 8
** Event #1808896   t=5693.322612838254   Elapsed: 5693.27s (1h 34m)  90% completed  (90% total)
     Speed:     ev/sec=364.863   simsec/sec=1   ev/simsec=364.863
     Messages:  created: 226245   present: 11   in FES: 7
** Event #1809664   t=5695.610110850455   Elapsed: 5695.56s (1h 34m)  90% completed  (90% total)
     Speed:     ev/sec=335.738   simsec/sec=1   ev/simsec=335.738
     Messages:  created: 226346   present: 24   in FES: 8
** Event #1810432   t=5697.669599221752   Elapsed: 5697.63s (1h 34m)  90% completed  (90% total)
     Speed:     ev/sec=370.35   simsec/sec=0.993139   ev/simsec=372.908
     Messages:  created: 226443   present: 28   in FES: 6
** Event #1811200   t=5700.095207205287   Elapsed: 5700.04s (1h 35m)  90% completed  (90% total)
     Speed:     ev/sec=318.49   simsec/sec=1.0059   ev/simsec=316.622
     Messages:  created: 226532   present: 11   in FES: 7
t=5700.843502 executing setDimmer(0.75)
t=5700.843525 addServer() complete
** Event #1811968   t=5702.704782929248   Elapsed: 5702.65s (1h 35m)  90% completed  (90% total)
     Speed:     ev/sec=294.3   simsec/sec=0.999998   ev/simsec=294.301
     Messages:  created: 226628   present: 11   in FES: 7
** Event #1812480   t=5705.128195244371   Elapsed: 5705.07s (1h 35m)  90% completed  (90% total)
     Speed:     ev/sec=211.273   simsec/sec=1   ev/simsec=211.272
     Messages:  created: 226692   present: 11   in FES: 6
** Event #1813248   t=5708.150355147242   Elapsed: 5708.12s (1h 35m)  90% completed  (90% total)
     Speed:     ev/sec=251.911   simsec/sec=0.991297   ev/simsec=254.123
     Messages:  created: 226787   present: 8   in FES: 4
** Event #1814272   t=5710.570333374531   Elapsed: 5710.52s (1h 35m)  90% completed  (90% total)
     Speed:     ev/sec=427.298   simsec/sec=1.00982   ev/simsec=423.144
     Messages:  created: 226918   present: 16   in FES: 7
** Event #1815808   t=5712.851122200336   Elapsed: 5712.8s (1h 35m)  90% completed  (90% total)
     Speed:     ev/sec=674.34   simsec/sec=1.00132   ev/simsec=673.451
     Messages:  created: 227112   present: 21   in FES: 8
** Event #1816576   t=5714.960664167865   Elapsed: 5714.91s (1h 35m)  90% completed  (90% total)
     Speed:     ev/sec=364.06   simsec/sec=1   ev/simsec=364.06
     Messages:  created: 227204   present: 11   in FES: 7
** Event #1817344   t=5717.658097974247   Elapsed: 5717.6s (1h 35m)  90% completed  (90% total)
     Speed:     ev/sec=284.715   simsec/sec=0.999999   ev/simsec=284.715
     Messages:  created: 227300   present: 10   in FES: 6
** Event #1818112   t=5720.398596371449   Elapsed: 5720.34s (1h 35m)  90% completed  (90% total)
     Speed:     ev/sec=280.241   simsec/sec=1   ev/simsec=280.241
     Messages:  created: 227397   present: 12   in FES: 8
** Event #1818880   t=5722.707293979833   Elapsed: 5722.65s (1h 35m)  90% completed  (90% total)
     Speed:     ev/sec=332.655   simsec/sec=1   ev/simsec=332.655
     Messages:  created: 227492   present: 10   in FES: 6
** Event #1820160   t=5724.92224505735   Elapsed: 5724.87s (1h 35m)  90% completed  (90% total)
     Speed:     ev/sec=577.891   simsec/sec=1   ev/simsec=577.891
     Messages:  created: 227654   present: 15   in FES: 7
** Event #1821184   t=5726.988406771142   Elapsed: 5726.93s (1h 35m)  90% completed  (90% total)
     Speed:     ev/sec=495.604   simsec/sec=0.999999   ev/simsec=495.605
     Messages:  created: 227781   present: 13   in FES: 8
** Event #1821952   t=5729.254160480655   Elapsed: 5729.2s (1h 35m)  90% completed  (90% total)
     Speed:     ev/sec=338.96   simsec/sec=0.999999   ev/simsec=338.96
     Messages:  created: 227876   present: 10   in FES: 6
** Event #1822464   t=5731.413996159557   Elapsed: 5731.37s (1h 35m)  90% completed  (90% total)
     Speed:     ev/sec=235.643   simsec/sec=0.994045   ev/simsec=237.055
     Messages:  created: 227939   present: 8   in FES: 4
** Event #1823232   t=5733.771119920429   Elapsed: 5733.72s (1h 35m)  91% completed  (91% total)
     Speed:     ev/sec=327.62   simsec/sec=1.00552   ev/simsec=325.821
     Messages:  created: 228037   present: 12   in FES: 7
** Event #1824256   t=5735.929029818486   Elapsed: 5735.87s (1h 35m)  91% completed  (91% total)
     Speed:     ev/sec=474.532   simsec/sec=0.999997   ev/simsec=474.533
     Messages:  created: 228165   present: 12   in FES: 7
** Event #1825024   t=5738.817798880446   Elapsed: 5738.76s (1h 35m)  91% completed  (91% total)
     Speed:     ev/sec=265.858   simsec/sec=1   ev/simsec=265.857
     Messages:  created: 228261   present: 12   in FES: 8
** Event #1825792   t=5740.868258200549   Elapsed: 5740.81s (1h 35m)  91% completed  (91% total)
     Speed:     ev/sec=374.55   simsec/sec=1   ev/simsec=374.55
     Messages:  created: 228357   present: 13   in FES: 8
** Event #1826560   t=5743.136572230307   Elapsed: 5743.09s (1h 35m)  91% completed  (91% total)
     Speed:     ev/sec=337.677   simsec/sec=0.99734   ev/simsec=338.577
     Messages:  created: 228451   present: 8   in FES: 4
** Event #1827072   t=5745.329298736737   Elapsed: 5745.28s (1h 35m)  91% completed  (91% total)
     Speed:     ev/sec=233.88   simsec/sec=1.00163   ev/simsec=233.499
     Messages:  created: 228515   present: 8   in FES: 4
** Event #1828352   t=5747.815868790811   Elapsed: 5747.76s (1h 35m)  91% completed  (91% total)
     Speed:     ev/sec=515.279   simsec/sec=1.001   ev/simsec=514.765
     Messages:  created: 228676   present: 11   in FES: 7
** Event #1829120   t=5750.469056346034   Elapsed: 5750.5s (1h 35m)  91% completed  (91% total)
     Speed:     ev/sec=280.161   simsec/sec=0.967865   ev/simsec=289.463
     Messages:  created: 228771   present: 8   in FES: 4
** Event #1829632   t=5752.606145940926   Elapsed: 5752.55s (1h 35m)  91% completed  (91% total)
     Speed:     ev/sec=249.879   simsec/sec=1.04299   ev/simsec=239.578
     Messages:  created: 228836   present: 11   in FES: 7
** Event #1830400   t=5755.254386700578   Elapsed: 5755.21s (1h 35m)  91% completed  (91% total)
     Speed:     ev/sec=288.591   simsec/sec=0.995127   ev/simsec=290.004
     Messages:  created: 228931   present: 8   in FES: 4
** Event #1830912   t=5757.611888180542   Elapsed: 5757.56s (1h 35m)  91% completed  (91% total)
     Speed:     ev/sec=218.191   simsec/sec=1.00466   ev/simsec=217.179
     Messages:  created: 228995   present: 8   in FES: 4
** Event #1831680   t=5760.598482188242   Elapsed: 5760.54s (1h 36m)  91% completed  (91% total)
     Speed:     ev/sec=257.324   simsec/sec=1.00068   ev/simsec=257.149
     Messages:  created: 229092   present: 11   in FES: 7
t=5760.843539 executing setDimmer(1)
** Event #1832192   t=5762.708789449614   Elapsed: 5762.65s (1h 36m)  91% completed  (91% total)
     Speed:     ev/sec=242.619   simsec/sec=1   ev/simsec=242.619
     Messages:  created: 229156   present: 12   in FES: 7
** Event #1833216   t=5765.402486071156   Elapsed: 5765.37s (1h 36m)  91% completed  (91% total)
     Speed:     ev/sec=377.554   simsec/sec=0.99318   ev/simsec=380.147
     Messages:  created: 229283   present: 10   in FES: 6
** Event #1833984   t=5767.491138718084   Elapsed: 5767.44s (1h 36m)  91% completed  (91% total)
     Speed:     ev/sec=369.976   simsec/sec=1.00619   ev/simsec=367.701
     Messages:  created: 229379   present: 10   in FES: 6
** Event #1834752   t=5770.139932740502   Elapsed: 5770.08s (1h 36m)  91% completed  (91% total)
     Speed:     ev/sec=290.564   simsec/sec=1.00214   ev/simsec=289.943
     Messages:  created: 229476   present: 12   in FES: 7
** Event #1835520   t=5772.33175772625   Elapsed: 5772.3s (1h 36m)  91% completed  (91% total)
     Speed:     ev/sec=347.411   simsec/sec=0.99149   ev/simsec=350.393
     Messages:  created: 229571   present: 10   in FES: 6
** Event #1836544   t=5775.191512449015   Elapsed: 5775.14s (1h 36m)  91% completed  (91% total)
     Speed:     ev/sec=360.444   simsec/sec=1.00662   ev/simsec=358.073
     Messages:  created: 229700   present: 13   in FES: 8
** Event #1837056   t=5777.22171041037   Elapsed: 5777.17s (1h 36m)  91% completed  (91% total)
     Speed:     ev/sec=252.192   simsec/sec=0.999999   ev/simsec=252.192
     Messages:  created: 229766   present: 17   in FES: 8
** Event #1838336   t=5779.632163808279   Elapsed: 5779.58s (1h 36m)  91% completed  (91% total)
     Speed:     ev/sec=531.02   simsec/sec=1   ev/simsec=531.02
     Messages:  created: 229925   present: 15   in FES: 8
** Event #1839616   t=5782.311624254582   Elapsed: 5782.26s (1h 36m)  91% completed  (91% total)
     Speed:     ev/sec=477.661   simsec/sec=0.999902   ev/simsec=477.708
     Messages:  created: 230083   present: 10   in FES: 6
** Event #1840384   t=5784.363997196888   Elapsed: 5784.31s (1h 36m)  91% completed  (91% total)
     Speed:     ev/sec=374.249   simsec/sec=1.00013   ev/simsec=374.201
     Messages:  created: 230181   present: 14   in FES: 7
** Event #1841408   t=5786.532617850964   Elapsed: 5786.48s (1h 36m)  91% completed  (91% total)
     Speed:     ev/sec=472.189   simsec/sec=1   ev/simsec=472.19
     Messages:  created: 230309   present: 15   in FES: 8
** Event #1842688   t=5788.870370120487   Elapsed: 5788.82s (1h 36m)  91% completed  (91% total)
     Speed:     ev/sec=547.535   simsec/sec=1   ev/simsec=547.534
     Messages:  created: 230467   present: 9   in FES: 5
** Event #1843712   t=5792.221242002886   Elapsed: 5792.18s (1h 36m)  91% completed  (91% total)
     Speed:     ev/sec=304.067   simsec/sec=0.995008   ev/simsec=305.592
     Messages:  created: 230595   present: 10   in FES: 6
** Event #1844224   t=5795.04547054642   Elapsed: 5795s (1h 36m)  91% completed  (91% total)
     Speed:     ev/sec=181.662   simsec/sec=1.00206   ev/simsec=181.288
     Messages:  created: 230659   present: 10   in FES: 6
** Event #1844736   t=5797.28873387963   Elapsed: 5797.26s (1h 36m)  92% completed  (92% total)
     Speed:     ev/sec=226.734   simsec/sec=0.993406   ev/simsec=228.239
     Messages:  created: 230723   present: 10   in FES: 6
** Event #1845248   t=5799.466554827691   Elapsed: 5799.42s (1h 36m)  92% completed  (92% total)
     Speed:     ev/sec=237.213   simsec/sec=1.009   ev/simsec=235.097
     Messages:  created: 230787   present: 10   in FES: 6
** Event #1846272   t=5801.95545519263   Elapsed: 5801.9s (1h 36m)  92% completed  (92% total)
     Speed:     ev/sec=412.5   simsec/sec=1.00261   ev/simsec=411.427
     Messages:  created: 230918   present: 17   in FES: 8
** Event #1847040   t=5805.142418875563   Elapsed: 5805.1s (1h 36m)  92% completed  (92% total)
     Speed:     ev/sec=239.993   simsec/sec=0.995897   ev/simsec=240.982
     Messages:  created: 231011   present: 10   in FES: 6
** Event #1847808   t=5808.059306252026   Elapsed: 5808s (1h 36m)  92% completed  (92% total)
     Speed:     ev/sec=264.485   simsec/sec=1.00452   ev/simsec=263.294
     Messages:  created: 231108   present: 13   in FES: 7
** Event #1848576   t=5811.147110226013   Elapsed: 5811.1s (1h 36m)  92% completed  (92% total)
     Speed:     ev/sec=248.286   simsec/sec=0.998254   ev/simsec=248.72
     Messages:  created: 231203   present: 10   in FES: 6
** Event #1849344   t=5813.601107043107   Elapsed: 5813.55s (1h 36m)  92% completed  (92% total)
     Speed:     ev/sec=313.441   simsec/sec=1.00154   ev/simsec=312.959
     Messages:  created: 231299   present: 10   in FES: 6
** Event #1849856   t=5816.045175764284   Elapsed: 5815.99s (1h 36m)  92% completed  (92% total)
     Speed:     ev/sec=209.626   simsec/sec=1.00067   ev/simsec=209.487
     Messages:  created: 231364   present: 12   in FES: 7
** Event #1850624   t=5818.452447899661   Elapsed: 5818.4s (1h 36m)  92% completed  (92% total)
     Speed:     ev/sec=319.034   simsec/sec=1   ev/simsec=319.033
     Messages:  created: 231460   present: 13   in FES: 8
t=5820.843497 executing removeServer()
scheduled complete remove at 5820.875305484031
** Event #1851648   t=5820.994124365108   Elapsed: 5820.94s (1h 37m)  92% completed  (92% total)
     Speed:     ev/sec=402.346   simsec/sec=0.998666   ev/simsec=402.884
     Messages:  created: 231590   present: 14   in FES: 6
** Event #1852416   t=5823.154666795202   Elapsed: 5823.1s (1h 37m)  92% completed  (92% total)
     Speed:     ev/sec=356.025   simsec/sec=1.00157   ev/simsec=355.466
     Messages:  created: 231685   present: 11   in FES: 7
** Event #1853184   t=5825.156399669968   Elapsed: 5825.11s (1h 37m)  92% completed  (92% total)
     Speed:     ev/sec=382.8   simsec/sec=0.99774   ev/simsec=383.668
     Messages:  created: 231785   present: 22   in FES: 6
** Event #1854208   t=5827.792956210929   Elapsed: 5827.75s (1h 37m)  92% completed  (92% total)
     Speed:     ev/sec=387.829   simsec/sec=0.998567   ev/simsec=388.385
     Messages:  created: 231910   present: 14   in FES: 6
** Event #1854976   t=5830.258874402913   Elapsed: 5830.2s (1h 37m)  92% completed  (92% total)
     Speed:     ev/sec=312.5   simsec/sec=1.00339   ev/simsec=311.446
     Messages:  created: 232007   present: 17   in FES: 7
** Event #1856000   t=5832.386746575497   Elapsed: 5832.33s (1h 37m)  92% completed  (92% total)
     Speed:     ev/sec=481.231   simsec/sec=0.999999   ev/simsec=481.232
     Messages:  created: 232153   present: 65   in FES: 7
** Event #1857024   t=5835.047348888428   Elapsed: 5834.99s (1h 37m)  92% completed  (92% total)
     Speed:     ev/sec=384.876   simsec/sec=1   ev/simsec=384.875
     Messages:  created: 232278   present: 56   in FES: 7
** Event #1858048   t=5837.290262693307   Elapsed: 5837.24s (1h 37m)  92% completed  (92% total)
     Speed:     ev/sec=456.549   simsec/sec=1   ev/simsec=456.549
     Messages:  created: 232416   present: 83   in FES: 7
** Event #1859072   t=5839.644326038762   Elapsed: 5839.59s (1h 37m)  92% completed  (92% total)
     Speed:     ev/sec=434.992   simsec/sec=0.999999   ev/simsec=434.993
     Messages:  created: 232557   present: 117   in FES: 7
** Event #1860096   t=5842.321704040751   Elapsed: 5842.27s (1h 37m)  92% completed  (92% total)
     Speed:     ev/sec=382.464   simsec/sec=1   ev/simsec=382.464
     Messages:  created: 232678   present: 100   in FES: 7
** Event #1860864   t=5844.413353428272   Elapsed: 5844.36s (1h 37m)  92% completed  (92% total)
     Speed:     ev/sec=367.175   simsec/sec=1   ev/simsec=367.174
     Messages:  created: 232748   present: 29   in FES: 7
** Event #1861888   t=5847.112413181913   Elapsed: 5847.06s (1h 37m)  92% completed  (92% total)
     Speed:     ev/sec=379.391   simsec/sec=0.999998   ev/simsec=379.391
     Messages:  created: 232871   present: 16   in FES: 7
** Event #1862656   t=5849.43209115713   Elapsed: 5849.38s (1h 37m)  92% completed  (92% total)
     Speed:     ev/sec=331.081   simsec/sec=1   ev/simsec=331.08
     Messages:  created: 232965   present: 10   in FES: 7
** Event #1863680   t=5852.02528454724   Elapsed: 5851.97s (1h 37m)  92% completed  (92% total)
     Speed:     ev/sec=394.88   simsec/sec=1   ev/simsec=394.88
     Messages:  created: 233096   present: 20   in FES: 7
** Event #1864448   t=5855.352972223034   Elapsed: 5855.3s (1h 37m)  92% completed  (92% total)
     Speed:     ev/sec=230.79   simsec/sec=0.999998   ev/simsec=230.791
     Messages:  created: 233188   present: 8   in FES: 5
** Event #1865472   t=5857.571587024365   Elapsed: 5857.52s (1h 37m)  92% completed  (92% total)
     Speed:     ev/sec=461.549   simsec/sec=1   ev/simsec=461.549
     Messages:  created: 233344   present: 82   in FES: 7
** Event #1866496   t=5859.940549563727   Elapsed: 5859.89s (1h 37m)  93% completed  (93% total)
     Speed:     ev/sec=432.258   simsec/sec=1   ev/simsec=432.257
     Messages:  created: 233477   present: 96   in FES: 7
** Event #1867520   t=5862.346069901349   Elapsed: 5862.29s (1h 37m)  93% completed  (93% total)
     Speed:     ev/sec=425.52   simsec/sec=0.999605   ev/simsec=425.688
     Messages:  created: 233616   present: 126   in FES: 6
** Event #1868544   t=5864.812567483245   Elapsed: 5864.76s (1h 37m)  93% completed  (93% total)
     Speed:     ev/sec=415.324   simsec/sec=1.00039   ev/simsec=415.164
     Messages:  created: 233753   present: 149   in FES: 7
** Event #1869312   t=5866.831826268945   Elapsed: 5866.79s (1h 37m)  93% completed  (93% total)
     Speed:     ev/sec=378.66   simsec/sec=0.99559   ev/simsec=380.338
     Messages:  created: 233831   present: 102   in FES: 6
** Event #1870336   t=5869.215785608686   Elapsed: 5869.17s (1h 37m)  93% completed  (93% total)
     Speed:     ev/sec=429.819   simsec/sec=1.00066   ev/simsec=429.538
     Messages:  created: 233956   present: 94   in FES: 6
** Event #1871360   t=5871.751218146654   Elapsed: 5871.7s (1h 37m)  93% completed  (93% total)
     Speed:     ev/sec=405.054   simsec/sec=1.00292   ev/simsec=403.876
     Messages:  created: 234087   present: 102   in FES: 6
** Event #1872640   t=5874.537664581864   Elapsed: 5874.51s (1h 37m)  93% completed  (93% total)
     Speed:     ev/sec=455.145   simsec/sec=0.990809   ev/simsec=459.366
     Messages:  created: 234265   present: 150   in FES: 6
** Event #1873408   t=5876.627451485648   Elapsed: 5876.57s (1h 37m)  93% completed  (93% total)
     Speed:     ev/sec=371.92   simsec/sec=1.01202   ev/simsec=367.502
     Messages:  created: 234337   present: 86   in FES: 6
** Event #1874176   t=5879.634044920802   Elapsed: 5879.58s (1h 37m)  93% completed  (93% total)
     Speed:     ev/sec=255.525   simsec/sec=1.00034   ev/simsec=255.439
     Messages:  created: 234407   present: 17   in FES: 7
t=5880.843526 executing addServer()
adding server with latency=60
** Event #1874688   t=5881.723796090887   Elapsed: 5881.67s (1h 38m)  93% completed  (93% total)
     Speed:     ev/sec=245.005   simsec/sec=1   ev/simsec=245.005
     Messages:  created: 234471   present: 14   in FES: 8
** Event #1875456   t=5883.998035009016   Elapsed: 5883.94s (1h 38m)  93% completed  (93% total)
     Speed:     ev/sec=337.695   simsec/sec=1   ev/simsec=337.695
     Messages:  created: 234570   present: 23   in FES: 8
** Event #1876480   t=5886.524342960396   Elapsed: 5886.47s (1h 38m)  93% completed  (93% total)
     Speed:     ev/sec=405.332   simsec/sec=0.999993   ev/simsec=405.335
     Messages:  created: 234701   present: 32   in FES: 8
** Event #1877504   t=5889.497467699743   Elapsed: 5889.44s (1h 38m)  93% completed  (93% total)
     Speed:     ev/sec=344.421   simsec/sec=1.00001   ev/simsec=344.419
     Messages:  created: 234822   present: 12   in FES: 8
** Event #1878272   t=5891.65404231019   Elapsed: 5891.6s (1h 38m)  93% completed  (93% total)
     Speed:     ev/sec=356.12   simsec/sec=0.999998   ev/simsec=356.12
     Messages:  created: 234918   present: 13   in FES: 8
** Event #1879040   t=5893.929749097351   Elapsed: 5893.88s (1h 38m)  93% completed  (93% total)
     Speed:     ev/sec=337.029   simsec/sec=0.99867   ev/simsec=337.478
     Messages:  created: 235016   present: 18   in FES: 7
** Event #1879808   t=5896.562942281961   Elapsed: 5896.51s (1h 38m)  93% completed  (93% total)
     Speed:     ev/sec=291.997   simsec/sec=1.00115   ev/simsec=291.661
     Messages:  created: 235110   present: 12   in FES: 8
** Event #1880576   t=5898.803637745388   Elapsed: 5898.75s (1h 38m)  93% completed  (93% total)
     Speed:     ev/sec=342.676   simsec/sec=0.999782   ev/simsec=342.751
     Messages:  created: 235205   present: 10   in FES: 6
** Event #1881344   t=5901.439604709911   Elapsed: 5901.38s (1h 38m)  93% completed  (93% total)
     Speed:     ev/sec=291.408   simsec/sec=1.00019   ev/simsec=291.354
     Messages:  created: 235302   present: 12   in FES: 7
** Event #1881856   t=5903.995294288428   Elapsed: 5903.94s (1h 38m)  93% completed  (93% total)
     Speed:     ev/sec=200.337   simsec/sec=1   ev/simsec=200.337
     Messages:  created: 235366   present: 12   in FES: 8
** Event #1882368   t=5906.699577417963   Elapsed: 5906.64s (1h 38m)  93% completed  (93% total)
     Speed:     ev/sec=189.33   simsec/sec=1   ev/simsec=189.329
     Messages:  created: 235432   present: 17   in FES: 8
** Event #1882880   t=5908.915422034932   Elapsed: 5908.9s (1h 38m)  93% completed  (93% total)
     Speed:     ev/sec=226.836   simsec/sec=0.981706   ev/simsec=231.063
     Messages:  created: 235493   present: 10   in FES: 6
** Event #1883392   t=5912.001092824568   Elapsed: 5911.95s (1h 38m)  93% completed  (93% total)
     Speed:     ev/sec=168.179   simsec/sec=1.01356   ev/simsec=165.928
     Messages:  created: 235558   present: 13   in FES: 8
** Event #1883904   t=5914.220475094906   Elapsed: 5914.17s (1h 38m)  93% completed  (93% total)
     Speed:     ev/sec=230.695   simsec/sec=0.999999   ev/simsec=230.695
     Messages:  created: 235622   present: 13   in FES: 7
** Event #1884672   t=5916.307954975026   Elapsed: 5916.28s (1h 38m)  93% completed  (93% total)
     Speed:     ev/sec=362.578   simsec/sec=0.985514   ev/simsec=367.908
     Messages:  created: 235717   present: 10   in FES: 6
** Event #1885440   t=5918.878186534035   Elapsed: 5918.84s (1h 38m)  93% completed  (93% total)
     Speed:     ev/sec=300.513   simsec/sec=1.00571   ev/simsec=298.806
     Messages:  created: 235813   present: 10   in FES: 6
** Event #1885952   t=5921.115913880498   Elapsed: 5921.07s (1h 38m)  93% completed  (93% total)
     Speed:     ev/sec=230.026   simsec/sec=1.00534   ev/simsec=228.804
     Messages:  created: 235886   present: 34   in FES: 7
** Event #1886976   t=5923.690990136661   Elapsed: 5923.64s (1h 38m)  94% completed  (94% total)
     Speed:     ev/sec=398.306   simsec/sec=1.00163   ev/simsec=397.658
     Messages:  created: 236010   present: 24   in FES: 8
** Event #1887488   t=5925.782829505706   Elapsed: 5925.73s (1h 38m)  94% completed  (94% total)
     Speed:     ev/sec=244.76   simsec/sec=0.999999   ev/simsec=244.761
     Messages:  created: 236070   present: 13   in FES: 8
** Event #1888256   t=5928.270522171464   Elapsed: 5928.22s (1h 38m)  94% completed  (94% total)
     Speed:     ev/sec=308.72   simsec/sec=1   ev/simsec=308.72
     Messages:  created: 236176   present: 40   in FES: 8
** Event #1889024   t=5931.600943518796   Elapsed: 5931.58s (1h 38m)  94% completed  (94% total)
     Speed:     ev/sec=228.31   simsec/sec=0.990063   ev/simsec=230.601
     Messages:  created: 236261   present: 10   in FES: 6
** Event #1890048   t=5934.059502423584   Elapsed: 5934s (1h 38m)  94% completed  (94% total)
     Speed:     ev/sec=422.244   simsec/sec=1.01378   ev/simsec=416.504
     Messages:  created: 236397   present: 30   in FES: 8
** Event #1890816   t=5936.277559931886   Elapsed: 5936.22s (1h 38m)  94% completed  (94% total)
     Speed:     ev/sec=346.25   simsec/sec=1   ev/simsec=346.249
     Messages:  created: 236487   present: 14   in FES: 7
** Event #1891328   t=5938.498481067384   Elapsed: 5938.44s (1h 38m)  94% completed  (94% total)
     Speed:     ev/sec=230.534   simsec/sec=0.999996   ev/simsec=230.535
     Messages:  created: 236551   present: 15   in FES: 8
t=5940.843526 addServer() complete
** Event #1891840   t=5940.97949374916   Elapsed: 5940.92s (1h 39m)  94% completed  (94% total)
     Speed:     ev/sec=206.368   simsec/sec=1   ev/simsec=206.367
     Messages:  created: 236612   present: 9   in FES: 5
** Event #1892608   t=5943.152282762151   Elapsed: 5943.1s (1h 39m)  94% completed  (94% total)
     Speed:     ev/sec=353.36   simsec/sec=0.99971   ev/simsec=353.463
     Messages:  created: 236709   present: 11   in FES: 6
** Event #1893120   t=5945.268230219395   Elapsed: 5945.21s (1h 39m)  94% completed  (94% total)
     Speed:     ev/sec=242.044   simsec/sec=1.0003   ev/simsec=241.972
     Messages:  created: 236773   present: 10   in FES: 6
** Event #1893888   t=5947.558872352429   Elapsed: 5947.51s (1h 39m)  94% completed  (94% total)
     Speed:     ev/sec=334.422   simsec/sec=0.99745   ev/simsec=335.277
     Messages:  created: 236869   present: 11   in FES: 6
** Event #1894912   t=5950.06591552621   Elapsed: 5950.01s (1h 39m)  94% completed  (94% total)
     Speed:     ev/sec=409.406   simsec/sec=1.00234   ev/simsec=408.449
     Messages:  created: 236996   present: 9   in FES: 5
** Event #1895680   t=5952.485204381135   Elapsed: 5952.44s (1h 39m)  94% completed  (94% total)
     Speed:     ev/sec=316.718   simsec/sec=0.997698   ev/simsec=317.449
     Messages:  created: 237093   present: 11   in FES: 6
** Event #1896448   t=5955.362514144828   Elapsed: 5955.31s (1h 39m)  94% completed  (94% total)
     Speed:     ev/sec=267.435   simsec/sec=1.00194   ev/simsec=266.916
     Messages:  created: 237189   present: 10   in FES: 6
** Event #1897472   t=5958.408404479605   Elapsed: 5958.35s (1h 39m)  94% completed  (94% total)
     Speed:     ev/sec=336.191   simsec/sec=1   ev/simsec=336.191
     Messages:  created: 237316   present: 9   in FES: 5
** Event #1898496   t=5960.919592090307   Elapsed: 5960.86s (1h 39m)  94% completed  (94% total)
     Speed:     ev/sec=407.775   simsec/sec=1   ev/simsec=407.775
     Messages:  created: 237445   present: 10   in FES: 6
** Event #1900032   t=5963.323534409116   Elapsed: 5963.27s (1h 39m)  94% completed  (94% total)
     Speed:     ev/sec=638.847   simsec/sec=0.999838   ev/simsec=638.95
     Messages:  created: 237646   present: 35   in FES: 7
** Event #1901056   t=5965.890418099679   Elapsed: 5965.87s (1h 39m)  94% completed  (94% total)
     Speed:     ev/sec=393.956   simsec/sec=0.987537   ev/simsec=398.927
     Messages:  created: 237765   present: 11   in FES: 7
** Event #1901824   t=5968.362570571708   Elapsed: 5968.31s (1h 39m)  94% completed  (94% total)
     Speed:     ev/sec=314.835   simsec/sec=1.01344   ev/simsec=310.66
     Messages:  created: 237861   present: 10   in FES: 6
** Event #1902848   t=5970.608971054484   Elapsed: 5970.55s (1h 39m)  94% completed  (94% total)
     Speed:     ev/sec=455.841   simsec/sec=1   ev/simsec=455.84
     Messages:  created: 237994   present: 23   in FES: 7
** Event #1903872   t=5973.266938897149   Elapsed: 5973.21s (1h 39m)  94% completed  (94% total)
     Speed:     ev/sec=385.256   simsec/sec=0.999998   ev/simsec=385.257
     Messages:  created: 238116   present: 9   in FES: 5
** Event #1904640   t=5975.61628187793   Elapsed: 5975.56s (1h 39m)  94% completed  (94% total)
     Speed:     ev/sec=326.9   simsec/sec=1   ev/simsec=326.9
     Messages:  created: 238212   present: 9   in FES: 5
** Event #1905408   t=5978.110327451964   Elapsed: 5978.06s (1h 39m)  94% completed  (94% total)
     Speed:     ev/sec=307.933   simsec/sec=0.999999   ev/simsec=307.933
     Messages:  created: 238310   present: 13   in FES: 8
** Event #1905920   t=5980.856007336592   Elapsed: 5980.8s (1h 39m)  94% completed  (94% total)
     Speed:     ev/sec=186.284   simsec/sec=0.998975   ev/simsec=186.475
     Messages:  created: 238373   present: 11   in FES: 6
** Event #1906688   t=5983.478785815053   Elapsed: 5983.43s (1h 39m)  94% completed  (94% total)
     Speed:     ev/sec=291.954   simsec/sec=0.997046   ev/simsec=292.819
     Messages:  created: 238469   present: 11   in FES: 6
** Event #1907200   t=5985.652028371714   Elapsed: 5985.6s (1h 39m)  95% completed  (95% total)
     Speed:     ev/sec=236.746   simsec/sec=1.0049   ev/simsec=235.593
     Messages:  created: 238532   present: 9   in FES: 5
** Event #1907712   t=5987.720337292112   Elapsed: 5987.67s (1h 39m)  95% completed  (95% total)
     Speed:     ev/sec=247.545   simsec/sec=1   ev/simsec=247.545
     Messages:  created: 238596   present: 9   in FES: 5
** Event #1908224   t=5989.765281783478   Elapsed: 5989.71s (1h 39m)  95% completed  (95% total)
     Speed:     ev/sec=250.373   simsec/sec=1   ev/simsec=250.374
     Messages:  created: 238660   present: 9   in FES: 5
** Event #1908992   t=5992.53880906204   Elapsed: 5992.49s (1h 39m)  95% completed  (95% total)
     Speed:     ev/sec=276.071   simsec/sec=0.996992   ev/simsec=276.904
     Messages:  created: 238757   present: 11   in FES: 6
** Event #1909760   t=5994.906611833368   Elapsed: 5994.85s (1h 39m)  95% completed  (95% total)
     Speed:     ev/sec=325.502   simsec/sec=1.00355   ev/simsec=324.351
     Messages:  created: 238854   present: 14   in FES: 7
** Event #1910528   t=5997.549608098562   Elapsed: 5997.49s (1h 39m)  95% completed  (95% total)
     Speed:     ev/sec=290.579   simsec/sec=0.999998   ev/simsec=290.579
     Messages:  created: 238948   present: 9   in FES: 5
** Event #1911552   t=5999.636656270281   Elapsed: 5999.58s (1h 39m)  95% completed  (95% total)
     Speed:     ev/sec=490.646   simsec/sec=1   ev/simsec=490.645
     Messages:  created: 239076   present: 9   in FES: 5
t=6000.843494 executing removeServer()
scheduled complete remove at 6000.84538893518
** Event #1912320   t=6002.257055445142   Elapsed: 6002.2s (1h 40m)  95% completed  (95% total)
     Speed:     ev/sec=293.085   simsec/sec=1   ev/simsec=293.085
     Messages:  created: 239174   present: 10   in FES: 7
** Event #1913088   t=6004.554966603984   Elapsed: 6004.51s (1h 40m)  95% completed  (95% total)
     Speed:     ev/sec=332.72   simsec/sec=0.995524   ev/simsec=334.217
     Messages:  created: 239272   present: 15   in FES: 6
** Event #1913856   t=6006.629187508671   Elapsed: 6006.57s (1h 40m)  95% completed  (95% total)
     Speed:     ev/sec=372.113   simsec/sec=1.00501   ev/simsec=370.26
     Messages:  created: 239367   present: 13   in FES: 7
** Event #1914624   t=6008.917316352249   Elapsed: 6008.86s (1h 40m)  95% completed  (95% total)
     Speed:     ev/sec=335.644   simsec/sec=0.999996   ev/simsec=335.645
     Messages:  created: 239463   present: 12   in FES: 6
** Event #1915136   t=6011.026013858794   Elapsed: 6010.97s (1h 40m)  95% completed  (95% total)
     Speed:     ev/sec=242.805   simsec/sec=1   ev/simsec=242.804
     Messages:  created: 239526   present: 9   in FES: 6
** Event #1915904   t=6013.667680305629   Elapsed: 6013.61s (1h 40m)  95% completed  (95% total)
     Speed:     ev/sec=290.725   simsec/sec=0.999998   ev/simsec=290.726
     Messages:  created: 239623   present: 12   in FES: 7
** Event #1916672   t=6016.358863741517   Elapsed: 6016.3s (1h 40m)  95% completed  (95% total)
     Speed:     ev/sec=285.377   simsec/sec=1   ev/simsec=285.376
     Messages:  created: 239719   present: 11   in FES: 7
** Event #1917184   t=6018.749509806613   Elapsed: 6018.69s (1h 40m)  95% completed  (95% total)
     Speed:     ev/sec=214.167   simsec/sec=0.999997   ev/simsec=214.168
     Messages:  created: 239783   present: 12   in FES: 7
** Event #1917696   t=6021.112900226642   Elapsed: 6021.08s (1h 40m)  95% completed  (95% total)
     Speed:     ev/sec=214.912   simsec/sec=0.992031   ev/simsec=216.638
     Messages:  created: 239845   present: 7   in FES: 4
** Event #1918464   t=6023.186915160031   Elapsed: 6023.13s (1h 40m)  95% completed  (95% total)
     Speed:     ev/sec=373.718   simsec/sec=1.00924   ev/simsec=370.296
     Messages:  created: 239942   present: 9   in FES: 6
** Event #1919232   t=6025.299599832965   Elapsed: 6025.24s (1h 40m)  95% completed  (95% total)
     Speed:     ev/sec=363.519   simsec/sec=1   ev/simsec=363.519
     Messages:  created: 240042   present: 19   in FES: 7
** Event #1920256   t=6027.844461319847   Elapsed: 6027.8s (1h 40m)  95% completed  (95% total)
     Speed:     ev/sec=400.995   simsec/sec=0.996559   ev/simsec=402.379
     Messages:  created: 240168   present: 15   in FES: 6
** Event #1921024   t=6030.035333942473   Elapsed: 6029.98s (1h 40m)  95% completed  (95% total)
     Speed:     ev/sec=351.957   simsec/sec=1.00403   ev/simsec=350.545
     Messages:  created: 240269   present: 28   in FES: 7
** Event #1921792   t=6032.104139575469   Elapsed: 6032.05s (1h 40m)  95% completed  (95% total)
     Speed:     ev/sec=371.227   simsec/sec=0.999995   ev/simsec=371.229
     Messages:  created: 240377   present: 60   in FES: 7
** Event #1922560   t=6034.463936670862   Elapsed: 6034.43s (1h 40m)  95% completed  (95% total)
     Speed:     ev/sec=323.254   simsec/sec=0.993247   ev/simsec=325.452
     Messages:  created: 240456   present: 15   in FES: 6
** Event #1923328   t=6036.551161346783   Elapsed: 6036.5s (1h 40m)  95% completed  (95% total)
     Speed:     ev/sec=370.805   simsec/sec=1.00775   ev/simsec=367.953
     Messages:  created: 240556   present: 26   in FES: 7
** Event #1923840   t=6038.892700820283   Elapsed: 6038.84s (1h 40m)  95% completed  (95% total)
     Speed:     ev/sec=218.659   simsec/sec=0.999997   ev/simsec=218.66
     Messages:  created: 240614   present: 9   in FES: 6
** Event #1924608   t=6041.268505643411   Elapsed: 6041.21s (1h 40m)  95% completed  (95% total)
     Speed:     ev/sec=323.259   simsec/sec=1   ev/simsec=323.259
     Messages:  created: 240715   present: 22   in FES: 7
** Event #1925632   t=6043.96391305374   Elapsed: 6043.91s (1h 40m)  95% completed  (95% total)
     Speed:     ev/sec=379.906   simsec/sec=1   ev/simsec=379.905
     Messages:  created: 240839   present: 13   in FES: 7
** Event #1926400   t=6046.007452047905   Elapsed: 6045.95s (1h 40m)  95% completed  (95% total)
     Speed:     ev/sec=375.817   simsec/sec=0.999996   ev/simsec=375.819
     Messages:  created: 240938   present: 20   in FES: 7
** Event #1927424   t=6048.712960338964   Elapsed: 6048.66s (1h 40m)  96% completed  (96% total)
     Speed:     ev/sec=378.488   simsec/sec=1   ev/simsec=378.487
     Messages:  created: 241063   present: 12   in FES: 7
** Event #1928192   t=6051.091190598917   Elapsed: 6051.04s (1h 40m)  96% completed  (96% total)
     Speed:     ev/sec=322.929   simsec/sec=0.999998   ev/simsec=322.929
     Messages:  created: 241158   present: 9   in FES: 6
** Event #1928960   t=6053.2578994162   Elapsed: 6053.2s (1h 40m)  96% completed  (96% total)
     Speed:     ev/sec=354.455   simsec/sec=1   ev/simsec=354.455
     Messages:  created: 241263   present: 34   in FES: 7
** Event #1929728   t=6055.492211672892   Elapsed: 6055.44s (1h 40m)  96% completed  (96% total)
     Speed:     ev/sec=343.729   simsec/sec=0.999998   ev/simsec=343.73
     Messages:  created: 241354   present: 21   in FES: 7
** Event #1930496   t=6058.376959274725   Elapsed: 6058.32s (1h 40m)  96% completed  (96% total)
     Speed:     ev/sec=266.228   simsec/sec=1   ev/simsec=266.228
     Messages:  created: 241447   present: 11   in FES: 7
** Event #1931008   t=6060.925873961316   Elapsed: 6060.87s (1h 41m)  96% completed  (96% total)
     Speed:     ev/sec=200.87   simsec/sec=0.999999   ev/simsec=200.87
     Messages:  created: 241511   present: 13   in FES: 7
** Event #1931776   t=6063.290835965456   Elapsed: 6063.24s (1h 41m)  96% completed  (96% total)
     Speed:     ev/sec=324.736   simsec/sec=0.999984   ev/simsec=324.741
     Messages:  created: 241606   present: 11   in FES: 6
** Event #1932288   t=6066.261123047179   Elapsed: 6066.21s (1h 41m)  96% completed  (96% total)
     Speed:     ev/sec=172.376   simsec/sec=1.00001   ev/simsec=172.374
     Messages:  created: 241669   present: 9   in FES: 6
** Event #1933056   t=6068.837563512574   Elapsed: 6068.78s (1h 41m)  96% completed  (96% total)
     Speed:     ev/sec=298.086   simsec/sec=1   ev/simsec=298.086
     Messages:  created: 241771   present: 25   in FES: 7
** Event #1933824   t=6071.380525892334   Elapsed: 6071.34s (1h 41m)  96% completed  (96% total)
     Speed:     ev/sec=299.886   simsec/sec=0.992967   ev/simsec=302.01
     Messages:  created: 241863   present: 14   in FES: 6
** Event #1934592   t=6073.936658349493   Elapsed: 6073.88s (1h 41m)  96% completed  (96% total)
     Speed:     ev/sec=302.586   simsec/sec=1.0071   ev/simsec=300.454
     Messages:  created: 241958   present: 12   in FES: 7
** Event #1935360   t=6076.67427044174   Elapsed: 6076.62s (1h 41m)  96% completed  (96% total)
     Speed:     ev/sec=280.536   simsec/sec=1   ev/simsec=280.536
     Messages:  created: 242053   present: 9   in FES: 6
** Event #1935872   t=6078.873842803539   Elapsed: 6078.82s (1h 41m)  96% completed  (96% total)
     Speed:     ev/sec=232.773   simsec/sec=1   ev/simsec=232.773
     Messages:  created: 242120   present: 17   in FES: 7
** Event #1936384   t=6081.606277836469   Elapsed: 6081.55s (1h 41m)  96% completed  (96% total)
     Speed:     ev/sec=187.378   simsec/sec=0.999999   ev/simsec=187.379
     Messages:  created: 242181   present: 8   in FES: 5
** Event #1937152   t=6084.468828631342   Elapsed: 6084.45s (1h 41m)  96% completed  (96% total)
     Speed:     ev/sec=264.886   simsec/sec=0.987303   ev/simsec=268.292
     Messages:  created: 242278   present: 10   in FES: 7
** Event #1937664   t=6086.705777028654   Elapsed: 6086.65s (1h 41m)  96% completed  (96% total)
     Speed:     ev/sec=232.713   simsec/sec=1.01673   ev/simsec=228.883
     Messages:  created: 242342   present: 10   in FES: 6
** Event #1938176   t=6088.733282527803   Elapsed: 6088.68s (1h 41m)  96% completed  (96% total)
     Speed:     ev/sec=252.527   simsec/sec=1   ev/simsec=252.527
     Messages:  created: 242408   present: 17   in FES: 7
** Event #1938944   t=6090.730615221864   Elapsed: 6090.68s (1h 41m)  96% completed  (96% total)
     Speed:     ev/sec=383.638   simsec/sec=0.997725   ev/simsec=384.513
     Messages:  created: 242521   present: 62   in FES: 6
** Event #1939968   t=6092.880004098797   Elapsed: 6092.83s (1h 41m)  96% completed  (96% total)
     Speed:     ev/sec=477.39   simsec/sec=1.00205   ev/simsec=476.414
     Messages:  created: 242667   present: 110   in FES: 6
** Event #1940992   t=6095.311354929203   Elapsed: 6095.26s (1h 41m)  96% completed  (96% total)
     Speed:     ev/sec=421.192   simsec/sec=1.00006   ev/simsec=421.165
     Messages:  created: 242790   present: 96   in FES: 7
** Event #1942016   t=6097.638357914852   Elapsed: 6097.58s (1h 41m)  96% completed  (96% total)
     Speed:     ev/sec=440.051   simsec/sec=1   ev/simsec=440.051
     Messages:  created: 242927   present: 121   in FES: 7
** Event #1943040   t=6100.270479949351   Elapsed: 6100.22s (1h 41m)  96% completed  (96% total)
     Speed:     ev/sec=389.04   simsec/sec=1   ev/simsec=389.04
     Messages:  created: 243056   present: 122   in FES: 7
** Event #1944064   t=6102.761601055217   Elapsed: 6102.71s (1h 41m)  96% completed  (96% total)
     Speed:     ev/sec=411.064   simsec/sec=1.00001   ev/simsec=411.06
     Messages:  created: 243166   present: 76   in FES: 7
** Event #1944832   t=6105.122166343524   Elapsed: 6105.07s (1h 41m)  96% completed  (96% total)
     Speed:     ev/sec=325.343   simsec/sec=0.99999   ev/simsec=325.346
     Messages:  created: 243240   present: 16   in FES: 6
** Event #1945600   t=6107.710875192889   Elapsed: 6107.66s (1h 41m)  96% completed  (96% total)
     Speed:     ev/sec=296.673   simsec/sec=0.999999   ev/simsec=296.673
     Messages:  created: 243334   present: 11   in FES: 7
** Event #1946112   t=6109.870543208764   Elapsed: 6109.82s (1h 41m)  96% completed  (96% total)
     Speed:     ev/sec=237.074   simsec/sec=1   ev/simsec=237.073
     Messages:  created: 243398   present: 12   in FES: 7
** Event #1946624   t=6112.402074380741   Elapsed: 6112.35s (1h 41m)  97% completed  (97% total)
     Speed:     ev/sec=202.249   simsec/sec=1   ev/simsec=202.249
     Messages:  created: 243461   present: 8   in FES: 5
** Event #1947136   t=6115.020966941377   Elapsed: 6114.97s (1h 41m)  97% completed  (97% total)
     Speed:     ev/sec=195.503   simsec/sec=1   ev/simsec=195.502
     Messages:  created: 243527   present: 13   in FES: 7
** Event #1947648   t=6117.110553422782   Elapsed: 6117.06s (1h 41m)  97% completed  (97% total)
     Speed:     ev/sec=245.024   simsec/sec=0.999998   ev/simsec=245.025
     Messages:  created: 243589   present: 9   in FES: 6
** Event #1948160   t=6119.27754420145   Elapsed: 6119.22s (1h 41m)  97% completed  (97% total)
     Speed:     ev/sec=236.272   simsec/sec=1   ev/simsec=236.272
     Messages:  created: 243654   present: 11   in FES: 7
** Event #1948928   t=6122.148075709279   Elapsed: 6122.09s (1h 42m)  97% completed  (97% total)
     Speed:     ev/sec=267.546   simsec/sec=1   ev/simsec=267.546
     Messages:  created: 243749   present: 9   in FES: 6
** Event #1949696   t=6124.875809755241   Elapsed: 6124.82s (1h 42m)  97% completed  (97% total)
     Speed:     ev/sec=281.552   simsec/sec=1   ev/simsec=281.552
     Messages:  created: 243846   present: 12   in FES: 7
** Event #1950464   t=6127.256769884417   Elapsed: 6127.2s (1h 42m)  97% completed  (97% total)
     Speed:     ev/sec=322.559   simsec/sec=1   ev/simsec=322.559
     Messages:  created: 243941   present: 9   in FES: 6
** Event #1951232   t=6129.349283605894   Elapsed: 6129.29s (1h 42m)  97% completed  (97% total)
     Speed:     ev/sec=367.022   simsec/sec=0.999998   ev/simsec=367.023
     Messages:  created: 244045   present: 31   in FES: 7
** Event #1952256   t=6131.493590602975   Elapsed: 6131.45s (1h 42m)  97% completed  (97% total)
     Speed:     ev/sec=474.098   simsec/sec=0.992784   ev/simsec=477.544
     Messages:  created: 244199   present: 101   in FES: 6
** Event #1953280   t=6134.084292642522   Elapsed: 6134.03s (1h 42m)  97% completed  (97% total)
     Speed:     ev/sec=397.653   simsec/sec=1.00605   ev/simsec=395.26
     Messages:  created: 244335   present: 121   in FES: 7
** Event #1954304   t=6136.47200026531   Elapsed: 6136.42s (1h 42m)  97% completed  (97% total)
     Speed:     ev/sec=428.863   simsec/sec=0.999999   ev/simsec=428.863
     Messages:  created: 244470   present: 140   in FES: 7
** Event #1955328   t=6138.875445172912   Elapsed: 6138.82s (1h 42m)  97% completed  (97% total)
     Speed:     ev/sec=426.056   simsec/sec=1   ev/simsec=426.055
     Messages:  created: 244602   present: 151   in FES: 7
** Event #1956352   t=6141.015943527935   Elapsed: 6140.96s (1h 42m)  97% completed  (97% total)
     Speed:     ev/sec=478.393   simsec/sec=1   ev/simsec=478.393
     Messages:  created: 244734   present: 163   in FES: 7
** Event #1957376   t=6143.602916233697   Elapsed: 6143.55s (1h 42m)  97% completed  (97% total)
     Speed:     ev/sec=395.829   simsec/sec=1   ev/simsec=395.829
     Messages:  created: 244865   present: 171   in FES: 7
** Event #1958400   t=6146.21252181953   Elapsed: 6146.18s (1h 42m)  97% completed  (97% total)
     Speed:     ev/sec=389.663   simsec/sec=0.993035   ev/simsec=392.396
     Messages:  created: 245001   present: 189   in FES: 6
** Event #1959424   t=6148.852484355942   Elapsed: 6148.8s (1h 42m)  97% completed  (97% total)
     Speed:     ev/sec=390.593   simsec/sec=1.00698   ev/simsec=387.884
     Messages:  created: 245124   present: 178   in FES: 7
** Event #1960448   t=6151.281155309981   Elapsed: 6151.25s (1h 42m)  97% completed  (97% total)
     Speed:     ev/sec=417.54   simsec/sec=0.990299   ev/simsec=421.63
     Messages:  created: 245244   present: 157   in FES: 6
** Event #1961216   t=6153.40486563709   Elapsed: 6153.35s (1h 42m)  97% completed  (97% total)
     Speed:     ev/sec=365.728   simsec/sec=1.01133   ev/simsec=361.631
     Messages:  created: 245332   present: 136   in FES: 7
** Event #1961984   t=6155.634852131835   Elapsed: 6155.58s (1h 42m)  97% completed  (97% total)
     Speed:     ev/sec=344.397   simsec/sec=1   ev/simsec=344.397
     Messages:  created: 245413   present: 95   in FES: 7
** Event #1963008   t=6158.336490950766   Elapsed: 6158.28s (1h 42m)  97% completed  (97% total)
     Speed:     ev/sec=379.029   simsec/sec=1   ev/simsec=379.029
     Messages:  created: 245541   present: 96   in FES: 7
** Event #1964032   t=6160.794019602977   Elapsed: 6160.74s (1h 42m)  97% completed  (97% total)
     Speed:     ev/sec=416.679   simsec/sec=1   ev/simsec=416.679
     Messages:  created: 245669   present: 95   in FES: 7
** Event #1965056   t=6163.141320702099   Elapsed: 6163.1s (1h 42m)  97% completed  (97% total)
     Speed:     ev/sec=434.576   simsec/sec=0.996172   ev/simsec=436.246
     Messages:  created: 245799   present: 101   in FES: 6
** Event #1965824   t=6165.402796174776   Elapsed: 6165.35s (1h 42m)  97% completed  (97% total)
     Speed:     ev/sec=340.54   simsec/sec=1.00276   ev/simsec=339.601
     Messages:  created: 245868   present: 29   in FES: 6
** Event #1966592   t=6168.779073284735   Elapsed: 6168.72s (1h 42m)  97% completed  (97% total)
     Speed:     ev/sec=227.657   simsec/sec=1.00083   ev/simsec=227.469
     Messages:  created: 245957   present: 9   in FES: 6
** Event #1967360   t=6171.290332180319   Elapsed: 6171.24s (1h 42m)  97% completed  (97% total)
     Speed:     ev/sec=305.823   simsec/sec=1   ev/simsec=305.823
     Messages:  created: 246056   present: 17   in FES: 7
** Event #1968128   t=6173.641417098628   Elapsed: 6173.59s (1h 42m)  97% completed  (97% total)
     Speed:     ev/sec=326.657   simsec/sec=0.999999   ev/simsec=326.658
     Messages:  created: 246156   present: 28   in FES: 7
** Event #1968896   t=6175.997407947985   Elapsed: 6175.94s (1h 42m)  98% completed  (98% total)
     Speed:     ev/sec=325.978   simsec/sec=1   ev/simsec=325.977
     Messages:  created: 246247   present: 15   in FES: 7
** Event #1969664   t=6178.122223881777   Elapsed: 6178.08s (1h 42m)  98% completed  (98% total)
     Speed:     ev/sec=359.894   simsec/sec=0.995715   ev/simsec=361.443
     Messages:  created: 246345   present: 21   in FES: 6
** Event #1970688   t=6180.43038156447   Elapsed: 6180.38s (1h 43m)  98% completed  (98% total)
     Speed:     ev/sec=444.365   simsec/sec=1.00163   ev/simsec=443.644
     Messages:  created: 246488   present: 62   in FES: 6
t=6180.843503 executing addServer()
adding server with latency=60
** Event #1971712   t=6182.916224410559   Elapsed: 6182.86s (1h 43m)  98% completed  (98% total)
     Speed:     ev/sec=412.345   simsec/sec=1.001   ev/simsec=411.933
     Messages:  created: 246621   present: 73   in FES: 7
** Event #1972736   t=6185.45767901462   Elapsed: 6185.4s (1h 43m)  98% completed  (98% total)
     Speed:     ev/sec=403.382   simsec/sec=1.00115   ev/simsec=402.919
     Messages:  created: 246745   present: 63   in FES: 8
** Event #1973760   t=6187.70247451271   Elapsed: 6187.65s (1h 43m)  98% completed  (98% total)
     Speed:     ev/sec=455.748   simsec/sec=0.999082   ev/simsec=456.166
     Messages:  created: 246880   present: 81   in FES: 7
** Event #1974784   t=6190.156172087109   Elapsed: 6190.1s (1h 43m)  98% completed  (98% total)
     Speed:     ev/sec=417.679   simsec/sec=1.00084   ev/simsec=417.329
     Messages:  created: 247000   present: 59   in FES: 8
** Event #1976064   t=6192.775422399047   Elapsed: 6192.72s (1h 43m)  98% completed  (98% total)
     Speed:     ev/sec=488.69   simsec/sec=1   ev/simsec=488.689
     Messages:  created: 247165   present: 72   in FES: 8
** Event #1977088   t=6195.10008883054   Elapsed: 6195.05s (1h 43m)  98% completed  (98% total)
     Speed:     ev/sec=440.494   simsec/sec=1   ev/simsec=440.493
     Messages:  created: 247292   present: 69   in FES: 8
** Event #1977856   t=6197.108677528061   Elapsed: 6197.06s (1h 43m)  98% completed  (98% total)
     Speed:     ev/sec=381.923   simsec/sec=0.998864   ev/simsec=382.358
     Messages:  created: 247380   present: 49   in FES: 7
** Event #1978880   t=6199.482847800756   Elapsed: 6199.43s (1h 43m)  98% completed  (98% total)
     Speed:     ev/sec=431.723   simsec/sec=1.00096   ev/simsec=431.309
     Messages:  created: 247521   present: 83   in FES: 8
** Event #1979904   t=6202.080144472003   Elapsed: 6202.03s (1h 43m)  98% completed  (98% total)
     Speed:     ev/sec=394.256   simsec/sec=0.999999   ev/simsec=394.256
     Messages:  created: 247635   present: 46   in FES: 8
** Event #1980672   t=6204.196134630669   Elapsed: 6204.14s (1h 43m)  98% completed  (98% total)
     Speed:     ev/sec=362.952   simsec/sec=1   ev/simsec=362.951
     Messages:  created: 247720   present: 16   in FES: 8
** Event #1981696   t=6206.665594080374   Elapsed: 6206.62s (1h 43m)  98% completed  (98% total)
     Speed:     ev/sec=413.108   simsec/sec=0.996243   ev/simsec=414.666
     Messages:  created: 247854   present: 33   in FES: 7
** Event #1982720   t=6209.143424486361   Elapsed: 6209.09s (1h 43m)  98% completed  (98% total)
     Speed:     ev/sec=414.824   simsec/sec=1.00377   ev/simsec=413.265
     Messages:  created: 247981   present: 29   in FES: 8
** Event #1983488   t=6211.640780923135   Elapsed: 6211.59s (1h 43m)  98% completed  (98% total)
     Speed:     ev/sec=307.525   simsec/sec=0.999999   ev/simsec=307.525
     Messages:  created: 248070   present: 11   in FES: 7
** Event #1984000   t=6213.64897433076   Elapsed: 6213.59s (1h 43m)  98% completed  (98% total)
     Speed:     ev/sec=254.956   simsec/sec=1   ev/simsec=254.956
     Messages:  created: 248135   present: 13   in FES: 7
** Event #1984768   t=6216.996530897872   Elapsed: 6216.95s (1h 43m)  98% completed  (98% total)
     Speed:     ev/sec=228.584   simsec/sec=0.996353   ev/simsec=229.421
     Messages:  created: 248229   present: 9   in FES: 5
** Event #1985536   t=6219.410902764977   Elapsed: 6219.36s (1h 43m)  98% completed  (98% total)
     Speed:     ev/sec=319.718   simsec/sec=1.0051   ev/simsec=318.095
     Messages:  created: 248330   present: 21   in FES: 8
** Event #1986304   t=6221.480930525867   Elapsed: 6221.43s (1h 43m)  98% completed  (98% total)
     Speed:     ev/sec=371.01   simsec/sec=1   ev/simsec=371.01
     Messages:  created: 248423   present: 13   in FES: 7
** Event #1987328   t=6223.904786295041   Elapsed: 6223.85s (1h 43m)  98% completed  (98% total)
     Speed:     ev/sec=422.468   simsec/sec=1   ev/simsec=422.467
     Messages:  created: 248560   present: 39   in FES: 8
** Event #1988096   t=6226.213997424747   Elapsed: 6226.16s (1h 43m)  98% completed  (98% total)
     Speed:     ev/sec=332.58   simsec/sec=0.999997   ev/simsec=332.581
     Messages:  created: 248655   present: 36   in FES: 8
** Event #1988864   t=6228.802921648923   Elapsed: 6228.76s (1h 43m)  98% completed  (98% total)
     Speed:     ev/sec=295.372   simsec/sec=0.995697   ev/simsec=296.648
     Messages:  created: 248744   present: 17   in FES: 7
** Event #1989632   t=6231.469361206792   Elapsed: 6231.41s (1h 43m)  98% completed  (98% total)
     Speed:     ev/sec=289.238   simsec/sec=1.00421   ev/simsec=288.025
     Messages:  created: 248839   present: 14   in FES: 8
** Event #1990400   t=6233.803951553528   Elapsed: 6233.75s (1h 43m)  98% completed  (98% total)
     Speed:     ev/sec=328.966   simsec/sec=1   ev/simsec=328.966
     Messages:  created: 248934   present: 11   in FES: 7
** Event #1991168   t=6236.430155289689   Elapsed: 6236.38s (1h 43m)  98% completed  (98% total)
     Speed:     ev/sec=292.437   simsec/sec=1   ev/simsec=292.437
     Messages:  created: 249030   present: 11   in FES: 7
** Event #1991936   t=6238.57444622143   Elapsed: 6238.52s (1h 43m)  99% completed  (99% total)
     Speed:     ev/sec=358.161   simsec/sec=1   ev/simsec=358.16
     Messages:  created: 249141   present: 51   in FES: 8
t=6240.843503 addServer() complete
** Event #1992960   t=6240.867945836163   Elapsed: 6240.81s (1h 44m)  99% completed  (99% total)
     Speed:     ev/sec=446.479   simsec/sec=0.999999   ev/simsec=446.479
     Messages:  created: 249273   present: 62   in FES: 7
** Event #1993728   t=6242.950658183368   Elapsed: 6242.91s (1h 44m)  99% completed  (99% total)
     Speed:     ev/sec=366.788   simsec/sec=0.994679   ev/simsec=368.75
     Messages:  created: 249349   present: 10   in FES: 6
** Event #1994752   t=6245.353615705729   Elapsed: 6245.3s (1h 44m)  99% completed  (99% total)
     Speed:     ev/sec=428.126   simsec/sec=1.00466   ev/simsec=426.142
     Messages:  created: 249485   present: 31   in FES: 8
** Event #1995776   t=6247.569243703767   Elapsed: 6247.53s (1h 44m)  99% completed  (99% total)
     Speed:     ev/sec=459.31   simsec/sec=0.993808   ev/simsec=462.171
     Messages:  created: 249605   present: 10   in FES: 6
** Event #1996544   t=6250.641391384317   Elapsed: 6250.59s (1h 44m)  99% completed  (99% total)
     Speed:     ev/sec=251.117   simsec/sec=1.00452   ev/simsec=249.988
     Messages:  created: 249701   present: 9   in FES: 5
** Event #1997312   t=6252.815857334985   Elapsed: 6252.77s (1h 44m)  99% completed  (99% total)
     Speed:     ev/sec=351.038   simsec/sec=0.993908   ev/simsec=353.19
     Messages:  created: 249797   present: 10   in FES: 6
** Event #1998080   t=6254.939602118417   Elapsed: 6254.88s (1h 44m)  99% completed  (99% total)
     Speed:     ev/sec=363.908   simsec/sec=1.00631   ev/simsec=361.625
     Messages:  created: 249893   present: 9   in FES: 5
** Event #1998848   t=6257.371693207256   Elapsed: 6257.32s (1h 44m)  99% completed  (99% total)
     Speed:     ev/sec=315.779   simsec/sec=1   ev/simsec=315.778
     Messages:  created: 249989   present: 9   in FES: 5
** Event #1999360   t=6259.889115322354   Elapsed: 6259.84s (1h 44m)  99% completed  (99% total)
     Speed:     ev/sec=203.154   simsec/sec=0.998877   ev/simsec=203.383
     Messages:  created: 250053   present: 10   in FES: 6
** Event #1999872   t=6261.952404846982   Elapsed: 6261.9s (1h 44m)  99% completed  (99% total)
     Speed:     ev/sec=248.485   simsec/sec=1.00136   ev/simsec=248.147
     Messages:  created: 250117   present: 9   in FES: 5
** Event #2000640   t=6264.581463318063   Elapsed: 6264.53s (1h 44m)  99% completed  (99% total)
     Speed:     ev/sec=292.123   simsec/sec=1.00001   ev/simsec=292.12
     Messages:  created: 250214   present: 12   in FES: 8
** Event #2001408   t=6267.151873036643   Elapsed: 6267.11s (1h 44m)  99% completed  (99% total)
     Speed:     ev/sec=296.932   simsec/sec=0.993799   ev/simsec=298.785
     Messages:  created: 250309   present: 10   in FES: 6
** Event #2001920   t=6269.28768135972   Elapsed: 6269.23s (1h 44m)  99% completed  (99% total)
     Speed:     ev/sec=241.535   simsec/sec=1.00756   ev/simsec=239.722
     Messages:  created: 250375   present: 16   in FES: 8
** Event #2002688   t=6272.06054015494   Elapsed: 6272.01s (1h 44m)  99% completed  (99% total)
     Speed:     ev/sec=276.971   simsec/sec=1   ev/simsec=276.97
     Messages:  created: 250470   present: 12   in FES: 8
** Event #2003456   t=6274.496562145195   Elapsed: 6274.46s (1h 44m)  99% completed  (99% total)
     Speed:     ev/sec=313.27   simsec/sec=0.993663   ev/simsec=315.268
     Messages:  created: 250565   present: 10   in FES: 6
** Event #2004224   t=6277.208707345062   Elapsed: 6277.15s (1h 44m)  99% completed  (99% total)
     Speed:     ev/sec=284.802   simsec/sec=1.00576   ev/simsec=283.171
     Messages:  created: 250662   present: 12   in FES: 8
** Event #2004992   t=6279.334948234186   Elapsed: 6279.28s (1h 44m)  99% completed  (99% total)
     Speed:     ev/sec=361.201   simsec/sec=1   ev/simsec=361.201
     Messages:  created: 250758   present: 12   in FES: 7
** Event #2005760   t=6281.337518321923   Elapsed: 6281.3s (1h 44m)  99% completed  (99% total)
     Speed:     ev/sec=379.842   simsec/sec=0.990444   ev/simsec=383.507
     Messages:  created: 250853   present: 10   in FES: 6
** Event #2006528   t=6283.992075141774   Elapsed: 6283.95s (1h 44m)  99% completed  (99% total)
     Speed:     ev/sec=290.229   simsec/sec=1.00316   ev/simsec=289.314
     Messages:  created: 250949   present: 10   in FES: 6
** Event #2007296   t=6286.84001627643   Elapsed: 6286.8s (1h 44m)  99% completed  (99% total)
     Speed:     ev/sec=269.11   simsec/sec=0.997928   ev/simsec=269.668
     Messages:  created: 251045   present: 10   in FES: 6
** Event #2008064   t=6288.998161059334   Elapsed: 6288.94s (1h 44m)  99% completed  (99% total)
     Speed:     ev/sec=358.663   simsec/sec=1.00787   ev/simsec=355.861
     Messages:  created: 251143   present: 15   in FES: 8
** Event #2008576   t=6291.175955773863   Elapsed: 6291.12s (1h 44m)  99% completed  (99% total)
     Speed:     ev/sec=235.1   simsec/sec=1   ev/simsec=235.1
     Messages:  created: 251205   present: 9   in FES: 5
** Event #2009088   t=6293.591735134843   Elapsed: 6293.54s (1h 44m)  99% completed  (99% total)
     Speed:     ev/sec=211.94   simsec/sec=1   ev/simsec=211.94
     Messages:  created: 251270   present: 12   in FES: 8
** Event #2009600   t=6296.015580792911   Elapsed: 6295.96s (1h 44m)  99% completed  (99% total)
     Speed:     ev/sec=211.182   simsec/sec=0.999753   ev/simsec=211.235
     Messages:  created: 251333   present: 10   in FES: 6
** Event #2010368   t=6298.086343975037   Elapsed: 6298.03s (1h 44m)  99% completed  (99% total)
     Speed:     ev/sec=370.984   simsec/sec=1.00029   ev/simsec=370.878
     Messages:  created: 251430   present: 13   in FES: 7
** Event #2010892   t=6300   Elapsed: 6299.95s (1h 44m)  100% completed  (100% total)
     Speed:     ev/sec=273.026   simsec/sec=0.999   ev/simsec=273.299
     Messages:  created: 251494   present: 10   in FES: 6

<!> Simulation time limit reached -- at t=6300s, event #2010892

Calling finish() at end of Run #6...

End.
