OMNeT++ Discrete Event Simulation  (C) 1992-2018 Andras Varga, OpenSim Ltd.
Version: 5.4.1, build: 180629-5e28390, edition: Academic Public License -- NOT FOR COMMERCIAL USE
See the license for distribution terms and warranty disclaimer

Setting up Cmdenv...

Loading NED files from ..:  3
Loading NED files from ../../src:  21
Loading NED files from ../../../queueinglib:  20

Preparing for running configuration sim, run #6...
Scenario: $trace="traces/clarknet-http-105m-l70.delta", $latency=60, $repetition=0
Assigned runID=sim-6-20260921-17:39:28-307282
Setting up network "SWIM"...
Initializing...
t=0 addServer() complete

Running simulation...
** Event #0   t=0   Elapsed: 1.1e-05s (0m 00s)  0% completed  (0% total)
     Speed:     ev/sec=0   simsec/sec=0   ev/simsec=0
     Messages:  created: 7   present: 6   in FES: 5
** Event #512   t=3.153040419118   Elapsed: 3.09837s (0m 03s)  0% completed  (0% total)
     Speed:     ev/sec=165.571   simsec/sec=1.01765   ev/simsec=162.7
     Messages:  created: 93   present: 65   in FES: 6
** Event #1024   t=6.558648024753   Elapsed: 6.50397s (0m 06s)  0% completed  (0% total)
     Speed:     ev/sec=150.34   simsec/sec=1   ev/simsec=150.34
     Messages:  created: 183   present: 127   in FES: 6
** Event #1536   t=9.608838234552   Elapsed: 9.55416s (0m 09s)  0% completed  (0% total)
     Speed:     ev/sec=167.859   simsec/sec=1   ev/simsec=167.858
     Messages:  created: 292   present: 217   in FES: 6
** Event #2048   t=12.069939975123   Elapsed: 12.0153s (0m 12s)  0% completed  (0% total)
     Speed:     ev/sec=208.037   simsec/sec=1   ev/simsec=208.037
     Messages:  created: 369   present: 243   in FES: 6
** Event #2560   t=15.050423329854   Elapsed: 14.9957s (0m 14s)  0% completed  (0% total)
     Speed:     ev/sec=171.784   simsec/sec=1   ev/simsec=171.784
     Messages:  created: 463   present: 303   in FES: 6
** Event #3072   t=17.634488522641   Elapsed: 17.5798s (0m 17s)  0% completed  (0% total)
     Speed:     ev/sec=198.138   simsec/sec=1   ev/simsec=198.137
     Messages:  created: 555   present: 359   in FES: 6
** Event #3584   t=19.753257288564   Elapsed: 19.6986s (0m 19s)  0% completed  (0% total)
     Speed:     ev/sec=241.65   simsec/sec=0.999999   ev/simsec=241.65
     Messages:  created: 659   present: 439   in FES: 6
** Event #4352   t=22.583802906319   Elapsed: 22.5291s (0m 22s)  0% completed  (0% total)
     Speed:     ev/sec=271.326   simsec/sec=1   ev/simsec=271.326
     Messages:  created: 797   present: 519   in FES: 6
** Event #4864   t=24.62308915939   Elapsed: 24.5684s (0m 24s)  0% completed  (0% total)
     Speed:     ev/sec=251.069   simsec/sec=1   ev/simsec=251.068
     Messages:  created: 879   present: 549   in FES: 7
** Event #5632   t=27.228306765615   Elapsed: 27.1736s (0m 27s)  0% completed  (0% total)
     Speed:     ev/sec=294.793   simsec/sec=0.999999   ev/simsec=294.793
     Messages:  created: 989   present: 559   in FES: 6
** Event #6400   t=29.927040210435   Elapsed: 29.8724s (0m 29s)  0% completed  (0% total)
     Speed:     ev/sec=284.577   simsec/sec=0.999997   ev/simsec=284.578
     Messages:  created: 1071   present: 508   in FES: 7
** Event #7168   t=32.35017136019   Elapsed: 32.2955s (0m 32s)  0% completed  (0% total)
     Speed:     ev/sec=316.946   simsec/sec=1   ev/simsec=316.945
     Messages:  created: 1166   present: 485   in FES: 8
** Event #7936   t=35.166316737888   Elapsed: 35.1116s (0m 35s)  0% completed  (0% total)
     Speed:     ev/sec=272.714   simsec/sec=1   ev/simsec=272.713
     Messages:  created: 1271   present: 487   in FES: 6
** Event #8704   t=38.178310118357   Elapsed: 38.1236s (0m 38s)  0% completed  (0% total)
     Speed:     ev/sec=254.981   simsec/sec=1   ev/simsec=254.981
     Messages:  created: 1356   present: 444   in FES: 6
** Event #9472   t=40.66315536007   Elapsed: 40.6085s (0m 40s)  0% completed  (0% total)
     Speed:     ev/sec=309.074   simsec/sec=1   ev/simsec=309.074
     Messages:  created: 1470   present: 467   in FES: 6
** Event #10240   t=43.179667242103   Elapsed: 43.125s (0m 43s)  0% completed  (0% total)
     Speed:     ev/sec=305.184   simsec/sec=0.999999   ev/simsec=305.184
     Messages:  created: 1581   present: 484   in FES: 7
** Event #11008   t=46.02622722959   Elapsed: 45.9716s (0m 45s)  0% completed  (0% total)
     Speed:     ev/sec=269.795   simsec/sec=0.999983   ev/simsec=269.799
     Messages:  created: 1693   present: 505   in FES: 7
** Event #11520   t=48.252557299064   Elapsed: 48.1979s (0m 48s)  0% completed  (0% total)
     Speed:     ev/sec=229.98   simsec/sec=1.00002   ev/simsec=229.975
     Messages:  created: 1767   present: 513   in FES: 7
** Event #12288   t=51.079571719967   Elapsed: 51.0249s (0m 51s)  0% completed  (0% total)
     Speed:     ev/sec=271.661   simsec/sec=0.999986   ev/simsec=271.665
     Messages:  created: 1867   present: 505   in FES: 7
** Event #13056   t=53.212044005321   Elapsed: 53.1574s (0m 53s)  0% completed  (0% total)
     Speed:     ev/sec=360.147   simsec/sec=1   ev/simsec=360.145
     Messages:  created: 1965   present: 491   in FES: 7
** Event #13824   t=56.110273633873   Elapsed: 56.0556s (0m 56s)  0% completed  (0% total)
     Speed:     ev/sec=264.992   simsec/sec=1.00001   ev/simsec=264.989
     Messages:  created: 2060   present: 470   in FES: 6
** Event #14336   t=58.211167951453   Elapsed: 58.1565s (0m 58s)  0% completed  (0% total)
     Speed:     ev/sec=243.706   simsec/sec=1   ev/simsec=243.706
     Messages:  created: 2139   present: 491   in FES: 6
** Event #15104   t=61.043152098878   Elapsed: 60.9885s (1m 00s)  0% completed  (0% total)
     Speed:     ev/sec=271.188   simsec/sec=0.999999   ev/simsec=271.188
     Messages:  created: 2229   present: 465   in FES: 7
** Event #15616   t=63.252542974636   Elapsed: 63.2103s (1m 03s)  1% completed  (1% total)
     Speed:     ev/sec=230.443   simsec/sec=0.994413   ev/simsec=231.738
     Messages:  created: 2273   present: 410   in FES: 5
** Event #16128   t=65.708973028506   Elapsed: 65.6543s (1m 05s)  1% completed  (1% total)
     Speed:     ev/sec=209.489   simsec/sec=1.00507   ev/simsec=208.433
     Messages:  created: 2334   present: 392   in FES: 7
** Event #16640   t=68.067393162877   Elapsed: 68.0127s (1m 08s)  1% completed  (1% total)
     Speed:     ev/sec=217.097   simsec/sec=1.00001   ev/simsec=217.094
     Messages:  created: 2391   present: 367   in FES: 6
** Event #17408   t=70.804815830703   Elapsed: 70.7576s (1m 10s)  1% completed  (1% total)
     Speed:     ev/sec=279.797   simsec/sec=0.997294   ev/simsec=280.556
     Messages:  created: 2500   present: 380   in FES: 5
** Event #17920   t=73.135393420764   Elapsed: 73.0807s (1m 13s)  1% completed  (1% total)
     Speed:     ev/sec=220.39   simsec/sec=1.0032   ev/simsec=219.688
     Messages:  created: 2584   present: 416   in FES: 6
** Event #18432   t=75.474656256627   Elapsed: 75.42s (1m 15s)  1% completed  (1% total)
     Speed:     ev/sec=218.872   simsec/sec=1   ev/simsec=218.872
     Messages:  created: 2663   present: 442   in FES: 6
** Event #18944   t=77.823023996561   Elapsed: 77.7683s (1m 17s)  1% completed  (1% total)
     Speed:     ev/sec=218.024   simsec/sec=1   ev/simsec=218.024
     Messages:  created: 2739   present: 459   in FES: 6
** Event #19712   t=80.080749924017   Elapsed: 80.0261s (1m 20s)  1% completed  (1% total)
     Speed:     ev/sec=340.165   simsec/sec=1   ev/simsec=340.165
     Messages:  created: 2860   present: 500   in FES: 6
** Event #20480   t=82.997633001086   Elapsed: 82.9431s (1m 22s)  1% completed  (1% total)
     Speed:     ev/sec=263.284   simsec/sec=0.999958   ev/simsec=263.295
     Messages:  created: 2960   present: 496   in FES: 7
** Event #21248   t=86.103505755526   Elapsed: 86.0489s (1m 26s)  1% completed  (1% total)
     Speed:     ev/sec=247.281   simsec/sec=1.00003   ev/simsec=247.273
     Messages:  created: 3062   present: 495   in FES: 7
** Event #22016   t=88.565759229481   Elapsed: 88.5111s (1m 28s)  1% completed  (1% total)
     Speed:     ev/sec=311.913   simsec/sec=1.00001   ev/simsec=311.909
     Messages:  created: 3170   present: 505   in FES: 6
** Event #22784   t=90.691775769124   Elapsed: 90.6371s (1m 30s)  1% completed  (1% total)
     Speed:     ev/sec=361.238   simsec/sec=0.999996   ev/simsec=361.239
     Messages:  created: 3271   present: 496   in FES: 8
** Event #23552   t=93.725800524764   Elapsed: 93.6711s (1m 33s)  1% completed  (1% total)
     Speed:     ev/sec=253.131   simsec/sec=1.00001   ev/simsec=253.129
     Messages:  created: 3367   present: 484   in FES: 7
** Event #24064   t=96.41090784828   Elapsed: 96.4422s (1m 36s)  1% completed  (1% total)
     Speed:     ev/sec=184.763   simsec/sec=0.96896   ev/simsec=190.681
     Messages:  created: 3425   present: 461   in FES: 5
** Event #24832   t=99.118108910244   Elapsed: 99.0634s (1m 39s)  1% completed  (1% total)
     Speed:     ev/sec=292.996   simsec/sec=1.03281   ev/simsec=283.688
     Messages:  created: 3502   present: 402   in FES: 7
** Event #25344   t=101.380223108773   Elapsed: 101.326s (1m 41s)  1% completed  (1% total)
     Speed:     ev/sec=226.272   simsec/sec=0.999714   ev/simsec=226.337
     Messages:  created: 3553   present: 362   in FES: 5
** Event #25856   t=103.761262103695   Elapsed: 103.707s (1m 43s)  1% completed  (1% total)
     Speed:     ev/sec=215.091   simsec/sec=1.00027   ev/simsec=215.032
     Messages:  created: 3618   present: 355   in FES: 6
** Event #26368   t=106.292643250369   Elapsed: 106.247s (1m 46s)  1% completed  (1% total)
     Speed:     ev/sec=201.549   simsec/sec=0.996477   ev/simsec=202.261
     Messages:  created: 3694   present: 376   in FES: 5
** Event #26880   t=108.825858817378   Elapsed: 108.792s (1m 48s)  1% completed  (1% total)
     Speed:     ev/sec=201.165   simsec/sec=0.995299   ev/simsec=202.115
     Messages:  created: 3759   present: 373   in FES: 5
** Event #27392   t=111.141687715496   Elapsed: 111.087s (1m 51s)  1% completed  (1% total)
     Speed:     ev/sec=223.102   simsec/sec=1.00911   ev/simsec=221.087
     Messages:  created: 3832   present: 387   in FES: 7
** Event #28160   t=114.05364721623   Elapsed: 114.01s (1m 54s)  1% completed  (1% total)
     Speed:     ev/sec=262.707   simsec/sec=0.996083   ev/simsec=263.74
     Messages:  created: 3952   present: 429   in FES: 5
** Event #28672   t=116.666099198455   Elapsed: 116.693s (1m 56s)  1% completed  (1% total)
     Speed:     ev/sec=190.856   simsec/sec=0.973831   ev/simsec=195.984
     Messages:  created: 4009   present: 408   in FES: 5
** Event #29184   t=119.102042640014   Elapsed: 119.047s (1m 59s)  1% completed  (1% total)
     Speed:     ev/sec=217.475   simsec/sec=1.03468   ev/simsec=210.186
     Messages:  created: 4076   present: 411   in FES: 7
** Event #29696   t=121.748559380569   Elapsed: 121.694s (2m 01s)  1% completed  (1% total)
     Speed:     ev/sec=193.462   simsec/sec=1   ev/simsec=193.462
     Messages:  created: 4130   present: 386   in FES: 7
** Event #30208   t=123.92343664081   Elapsed: 123.908s (2m 03s)  1% completed  (1% total)
     Speed:     ev/sec=231.274   simsec/sec=0.982406   ev/simsec=235.416
     Messages:  created: 4177   present: 339   in FES: 5
** Event #30720   t=126.961966541983   Elapsed: 126.93s (2m 06s)  2% completed  (2% total)
     Speed:     ev/sec=169.392   simsec/sec=1.00528   ev/simsec=168.503
     Messages:  created: 4238   present: 327   in FES: 5
** Event #31232   t=129.035395012997   Elapsed: 128.981s (2m 08s)  2% completed  (2% total)
     Speed:     ev/sec=249.704   simsec/sec=1.01122   ev/simsec=246.934
     Messages:  created: 4316   present: 349   in FES: 6
** Event #31744   t=131.351652659073   Elapsed: 131.297s (2m 11s)  2% completed  (2% total)
     Speed:     ev/sec=221.046   simsec/sec=1   ev/simsec=221.046
     Messages:  created: 4386   present: 360   in FES: 6
** Event #32256   t=133.864617888661   Elapsed: 133.81s (2m 13s)  2% completed  (2% total)
     Speed:     ev/sec=203.743   simsec/sec=1   ev/simsec=203.743
     Messages:  created: 4457   present: 375   in FES: 7
** Event #32768   t=136.930607776956   Elapsed: 136.876s (2m 16s)  2% completed  (2% total)
     Speed:     ev/sec=166.993   simsec/sec=1   ev/simsec=166.993
     Messages:  created: 4529   present: 391   in FES: 7
** Event #33280   t=139.758489493772   Elapsed: 139.704s (2m 19s)  2% completed  (2% total)
     Speed:     ev/sec=181.054   simsec/sec=1   ev/simsec=181.054
     Messages:  created: 4579   present: 351   in FES: 7
** Event #33792   t=142.467625747938   Elapsed: 142.413s (2m 22s)  2% completed  (2% total)
     Speed:     ev/sec=188.99   simsec/sec=1   ev/simsec=188.99
     Messages:  created: 4628   present: 316   in FES: 6
** Event #34304   t=146.318517758748   Elapsed: 146.264s (2m 26s)  2% completed  (2% total)
     Speed:     ev/sec=132.955   simsec/sec=0.999989   ev/simsec=132.956
     Messages:  created: 4672   present: 270   in FES: 7
** Event #34816   t=149.097984439092   Elapsed: 149.043s (2m 29s)  2% completed  (2% total)
     Speed:     ev/sec=184.211   simsec/sec=1.00001   ev/simsec=184.208
     Messages:  created: 4732   present: 258   in FES: 7
** Event #35328   t=152.345579458803   Elapsed: 152.291s (2m 32s)  2% completed  (2% total)
     Speed:     ev/sec=157.655   simsec/sec=1   ev/simsec=157.655
     Messages:  created: 4800   present: 266   in FES: 7
** Event #35840   t=155.456804652204   Elapsed: 155.402s (2m 35s)  2% completed  (2% total)
     Speed:     ev/sec=164.565   simsec/sec=1   ev/simsec=164.565
     Messages:  created: 4859   present: 256   in FES: 7
** Event #36608   t=158.475894080659   Elapsed: 158.421s (2m 38s)  2% completed  (2% total)
     Speed:     ev/sec=254.381   simsec/sec=1   ev/simsec=254.381
     Messages:  created: 4992   present: 330   in FES: 7
** Event #37120   t=160.927589861584   Elapsed: 160.873s (2m 40s)  2% completed  (2% total)
     Speed:     ev/sec=208.835   simsec/sec=1   ev/simsec=208.835
     Messages:  created: 5078   present: 373   in FES: 6
** Event #37632   t=163.224492151085   Elapsed: 163.17s (2m 43s)  2% completed  (2% total)
     Speed:     ev/sec=222.907   simsec/sec=0.999993   ev/simsec=222.909
     Messages:  created: 5163   present: 416   in FES: 7
** Event #38144   t=166.15003673804   Elapsed: 166.095s (2m 46s)  2% completed  (2% total)
     Speed:     ev/sec=175.011   simsec/sec=1.00001   ev/simsec=175.01
     Messages:  created: 5234   present: 429   in FES: 6
** Event #38656   t=168.212574409448   Elapsed: 168.158s (2m 48s)  2% completed  (2% total)
     Speed:     ev/sec=248.238   simsec/sec=1   ev/simsec=248.238
     Messages:  created: 5293   present: 409   in FES: 7
** Event #39168   t=170.461546481775   Elapsed: 170.407s (2m 50s)  2% completed  (2% total)
     Speed:     ev/sec=227.659   simsec/sec=0.999999   ev/simsec=227.66
     Messages:  created: 5370   present: 433   in FES: 7
** Event #39936   t=173.274205942323   Elapsed: 173.22s (2m 53s)  2% completed  (2% total)
     Speed:     ev/sec=273.052   simsec/sec=1   ev/simsec=273.051
     Messages:  created: 5458   present: 400   in FES: 6
** Event #40448   t=175.438229237567   Elapsed: 175.384s (2m 55s)  2% completed  (2% total)
     Speed:     ev/sec=236.596   simsec/sec=0.999999   ev/simsec=236.596
     Messages:  created: 5530   present: 417   in FES: 7
** Event #40960   t=177.653593782135   Elapsed: 177.599s (2m 57s)  2% completed  (2% total)
     Speed:     ev/sec=231.113   simsec/sec=1   ev/simsec=231.113
     Messages:  created: 5599   present: 421   in FES: 6
** Event #41728   t=180.528390976821   Elapsed: 180.517s (3m 00s)  2% completed  (2% total)
     Speed:     ev/sec=263.187   simsec/sec=0.985167   ev/simsec=267.149
     Messages:  created: 5703   present: 432   in FES: 5
** Event #42496   t=183.360277111906   Elapsed: 183.306s (3m 03s)  2% completed  (2% total)
     Speed:     ev/sec=275.406   simsec/sec=1.01552   ev/simsec=271.197
     Messages:  created: 5816   present: 460   in FES: 7
** Event #43264   t=185.751777349209   Elapsed: 185.697s (3m 05s)  2% completed  (2% total)
     Speed:     ev/sec=321.138   simsec/sec=1   ev/simsec=321.137
     Messages:  created: 5935   present: 500   in FES: 6
** Event #44032   t=187.950229884659   Elapsed: 187.896s (3m 07s)  2% completed  (2% total)
     Speed:     ev/sec=349.336   simsec/sec=0.999998   ev/simsec=349.337
     Messages:  created: 6064   present: 561   in FES: 7
** Event #44544   t=190.003882698367   Elapsed: 189.949s (3m 09s)  3% completed  (3% total)
     Speed:     ev/sec=249.312   simsec/sec=1   ev/simsec=249.312
     Messages:  created: 6129   present: 557   in FES: 8
** Event #45312   t=193.038229679361   Elapsed: 192.984s (3m 12s)  3% completed  (3% total)
     Speed:     ev/sec=253.099   simsec/sec=0.999987   ev/simsec=253.102
     Messages:  created: 6209   present: 510   in FES: 7
** Event #46080   t=195.617925867106   Elapsed: 195.563s (3m 15s)  3% completed  (3% total)
     Speed:     ev/sec=297.714   simsec/sec=1.00002   ev/simsec=297.709
     Messages:  created: 6294   present: 472   in FES: 7
** Event #46848   t=198.036764333584   Elapsed: 197.982s (3m 17s)  3% completed  (3% total)
     Speed:     ev/sec=317.507   simsec/sec=0.999997   ev/simsec=317.508
     Messages:  created: 6368   present: 406   in FES: 8
** Event #47616   t=200.262604055844   Elapsed: 200.208s (3m 20s)  3% completed  (3% total)
     Speed:     ev/sec=345.039   simsec/sec=1   ev/simsec=345.038
     Messages:  created: 6490   present: 451   in FES: 6
** Event #48128   t=202.899140687376   Elapsed: 202.844s (3m 22s)  3% completed  (3% total)
     Speed:     ev/sec=194.195   simsec/sec=1   ev/simsec=194.194
     Messages:  created: 6554   present: 448   in FES: 6
** Event #48640   t=205.365364868202   Elapsed: 205.311s (3m 25s)  3% completed  (3% total)
     Speed:     ev/sec=207.605   simsec/sec=0.999999   ev/simsec=207.605
     Messages:  created: 6613   present: 430   in FES: 6
** Event #49152   t=207.69315018662   Elapsed: 207.638s (3m 27s)  3% completed  (3% total)
     Speed:     ev/sec=219.952   simsec/sec=1   ev/simsec=219.952
     Messages:  created: 6677   present: 425   in FES: 6
** Event #49920   t=210.28840806069   Elapsed: 210.234s (3m 30s)  3% completed  (3% total)
     Speed:     ev/sec=295.924   simsec/sec=0.999999   ev/simsec=295.924
     Messages:  created: 6750   present: 360   in FES: 7
** Event #50688   t=212.982112502206   Elapsed: 212.977s (3m 32s)  3% completed  (3% total)
     Speed:     ev/sec=279.914   simsec/sec=0.981779   ev/simsec=285.109
     Messages:  created: 6877   present: 421   in FES: 5
** Event #51456   t=215.938705689673   Elapsed: 215.906s (3m 35s)  3% completed  (3% total)
     Speed:     ev/sec=262.269   simsec/sec=1.00967   ev/simsec=259.758
     Messages:  created: 6985   present: 445   in FES: 5
** Event #51968   t=218.123616140802   Elapsed: 218.069s (3m 38s)  3% completed  (3% total)
     Speed:     ev/sec=236.648   simsec/sec=1.00987   ev/simsec=234.335
     Messages:  created: 7057   present: 461   in FES: 5
** Event #52480   t=220.088135230863   Elapsed: 220.148s (3m 40s)  3% completed  (3% total)
     Speed:     ev/sec=246.343   simsec/sec=0.945208   ev/simsec=260.624
     Messages:  created: 7136   present: 491   in FES: 5
** Event #53248   t=222.990758917604   Elapsed: 222.936s (3m 42s)  3% completed  (3% total)
     Speed:     ev/sec=275.426   simsec/sec=1.04096   ev/simsec=264.588
     Messages:  created: 7216   present: 445   in FES: 6
** Event #54016   t=225.426066195606   Elapsed: 225.371s (3m 45s)  3% completed  (3% total)
     Speed:     ev/sec=315.361   simsec/sec=1   ev/simsec=315.361
     Messages:  created: 7319   present: 450   in FES: 6
** Event #54528   t=227.610704063134   Elapsed: 227.556s (3m 47s)  3% completed  (3% total)
     Speed:     ev/sec=234.364   simsec/sec=1   ev/simsec=234.364
     Messages:  created: 7394   present: 468   in FES: 6
** Event #55296   t=230.349030198168   Elapsed: 230.294s (3m 50s)  3% completed  (3% total)
     Speed:     ev/sec=280.463   simsec/sec=0.999999   ev/simsec=280.463
     Messages:  created: 7484   present: 446   in FES: 7
** Event #56064   t=233.231006774984   Elapsed: 233.176s (3m 53s)  3% completed  (3% total)
     Speed:     ev/sec=266.484   simsec/sec=1   ev/simsec=266.484
     Messages:  created: 7594   present: 472   in FES: 7
** Event #56832   t=236.366175656792   Elapsed: 236.312s (3m 56s)  3% completed  (3% total)
     Speed:     ev/sec=244.956   simsec/sec=0.999971   ev/simsec=244.963
     Messages:  created: 7683   present: 444   in FES: 6
** Event #57600   t=239.540743643094   Elapsed: 239.486s (3m 59s)  3% completed  (3% total)
     Speed:     ev/sec=241.93   simsec/sec=1.00003   ev/simsec=241.923
     Messages:  created: 7769   present: 415   in FES: 6
** Event #58112   t=241.701010656064   Elapsed: 241.646s (4m 01s)  3% completed  (3% total)
     Speed:     ev/sec=237.008   simsec/sec=1   ev/simsec=237.008
     Messages:  created: 7810   present: 361   in FES: 6
** Event #58880   t=244.000761856804   Elapsed: 243.946s (4m 03s)  3% completed  (3% total)
     Speed:     ev/sec=333.949   simsec/sec=0.999999   ev/simsec=333.949
     Messages:  created: 7932   present: 412   in FES: 6
** Event #59392   t=246.077433107267   Elapsed: 246.025s (4m 06s)  3% completed  (3% total)
     Speed:     ev/sec=246.307   simsec/sec=0.99902   ev/simsec=246.548
     Messages:  created: 8002   present: 424   in FES: 5
** Event #59904   t=248.356758889859   Elapsed: 248.302s (4m 08s)  3% completed  (3% total)
     Speed:     ev/sec=224.829   simsec/sec=1.00089   ev/simsec=224.628
     Messages:  created: 8072   present: 436   in FES: 7
** Event #60416   t=250.4725589099   Elapsed: 250.422s (4m 10s)  3% completed  (3% total)
     Speed:     ev/sec=241.493   simsec/sec=0.997949   ev/simsec=241.989
     Messages:  created: 8145   present: 453   in FES: 5
** Event #60928   t=252.894944910833   Elapsed: 252.84s (4m 12s)  4% completed  (4% total)
     Speed:     ev/sec=211.742   simsec/sec=1.0018   ev/simsec=211.362
     Messages:  created: 8216   present: 467   in FES: 7
** Event #61696   t=255.123822944955   Elapsed: 255.069s (4m 15s)  4% completed  (4% total)
     Speed:     ev/sec=344.573   simsec/sec=1.00002   ev/simsec=344.568
     Messages:  created: 8310   present: 449   in FES: 6
** Event #62464   t=257.681260101632   Elapsed: 257.627s (4m 17s)  4% completed  (4% total)
     Speed:     ev/sec=300.296   simsec/sec=0.999986   ev/simsec=300.301
     Messages:  created: 8416   present: 463   in FES: 7
** Event #62976   t=259.749144164999   Elapsed: 259.694s (4m 19s)  4% completed  (4% total)
     Speed:     ev/sec=247.596   simsec/sec=1   ev/simsec=247.596
     Messages:  created: 8480   present: 460   in FES: 6
** Event #63488   t=262.29348581171   Elapsed: 262.239s (4m 22s)  4% completed  (4% total)
     Speed:     ev/sec=201.231   simsec/sec=1   ev/simsec=201.231
     Messages:  created: 8538   present: 446   in FES: 6
** Event #64256   t=265.085987777932   Elapsed: 265.031s (4m 25s)  4% completed  (4% total)
     Speed:     ev/sec=275.022   simsec/sec=0.999998   ev/simsec=275.022
     Messages:  created: 8635   present: 438   in FES: 7
** Event #64768   t=267.15836044856   Elapsed: 267.166s (4m 27s)  4% completed  (4% total)
     Speed:     ev/sec=239.794   simsec/sec=0.97059   ev/simsec=247.06
     Messages:  created: 8673   present: 377   in FES: 5
** Event #65280   t=269.991079172737   Elapsed: 269.936s (4m 29s)  4% completed  (4% total)
     Speed:     ev/sec=184.843   simsec/sec=1.02267   ev/simsec=180.745
     Messages:  created: 8720   present: 337   in FES: 6
** Event #65792   t=272.904175242716   Elapsed: 272.85s (4m 32s)  4% completed  (4% total)
     Speed:     ev/sec=175.758   simsec/sec=0.999998   ev/simsec=175.758
     Messages:  created: 8776   present: 321   in FES: 7
** Event #66304   t=275.512343391954   Elapsed: 275.458s (4m 35s)  4% completed  (4% total)
     Speed:     ev/sec=196.307   simsec/sec=1   ev/simsec=196.306
     Messages:  created: 8820   present: 275   in FES: 7
** Event #66816   t=277.601963496332   Elapsed: 277.547s (4m 37s)  4% completed  (4% total)
     Speed:     ev/sec=245.021   simsec/sec=1   ev/simsec=245.021
     Messages:  created: 8880   present: 267   in FES: 7
** Event #67328   t=280.137685647814   Elapsed: 280.083s (4m 40s)  4% completed  (4% total)
     Speed:     ev/sec=201.915   simsec/sec=1   ev/simsec=201.915
     Messages:  created: 8937   present: 253   in FES: 7
** Event #67840   t=282.659286788646   Elapsed: 282.605s (4m 42s)  4% completed  (4% total)
     Speed:     ev/sec=203.046   simsec/sec=1   ev/simsec=203.046
     Messages:  created: 9003   present: 256   in FES: 6
** Event #68352   t=285.522578451669   Elapsed: 285.468s (4m 45s)  4% completed  (4% total)
     Speed:     ev/sec=178.815   simsec/sec=0.999999   ev/simsec=178.815
     Messages:  created: 9064   present: 251   in FES: 7
** Event #68864   t=288.541107239714   Elapsed: 288.486s (4m 48s)  4% completed  (4% total)
     Speed:     ev/sec=169.619   simsec/sec=1   ev/simsec=169.619
     Messages:  created: 9117   present: 228   in FES: 6
** Event #69632   t=291.837867909909   Elapsed: 291.783s (4m 51s)  4% completed  (4% total)
     Speed:     ev/sec=232.956   simsec/sec=1   ev/simsec=232.956
     Messages:  created: 9220   present: 242   in FES: 6
** Event #70144   t=294.102649961775   Elapsed: 294.048s (4m 54s)  4% completed  (4% total)
     Speed:     ev/sec=226.07   simsec/sec=1   ev/simsec=226.07
     Messages:  created: 9296   present: 266   in FES: 6
** Event #70912   t=297.239933694743   Elapsed: 297.185s (4m 57s)  4% completed  (4% total)
     Speed:     ev/sec=244.798   simsec/sec=1   ev/simsec=244.798
     Messages:  created: 9395   present: 272   in FES: 6
** Event #71424   t=300.018634466264   Elapsed: 299.964s (4m 59s)  4% completed  (4% total)
     Speed:     ev/sec=184.259   simsec/sec=0.999999   ev/simsec=184.259
     Messages:  created: 9444   present: 244   in FES: 7
** Event #71936   t=303.40838549909   Elapsed: 303.39s (5m 03s)  4% completed  (4% total)
     Speed:     ev/sec=149.426   simsec/sec=0.989292   ev/simsec=151.044
     Messages:  created: 9487   present: 202   in FES: 5
** Event #72448   t=306.106290633208   Elapsed: 306.058s (5m 06s)  4% completed  (4% total)
     Speed:     ev/sec=191.964   simsec/sec=1.01152   ev/simsec=189.777
     Messages:  created: 9532   present: 164   in FES: 5
** Event #72960   t=308.499844682884   Elapsed: 308.502s (5m 08s)  4% completed  (4% total)
     Speed:     ev/sec=209.481   simsec/sec=0.979306   ev/simsec=213.908
     Messages:  created: 9591   present: 154   in FES: 5
** Event #73472   t=311.023416046661   Elapsed: 310.986s (5m 10s)  4% completed  (4% total)
     Speed:     ev/sec=206.121   simsec/sec=1.01594   ev/simsec=202.887
     Messages:  created: 9648   present: 140   in FES: 5
** Event #73984   t=313.809528958094   Elapsed: 313.772s (5m 13s)  4% completed  (4% total)
     Speed:     ev/sec=183.779   simsec/sec=1.00006   ev/simsec=183.769
     Messages:  created: 9706   present: 128   in FES: 5
** Event #74496   t=316.433466759874   Elapsed: 316.379s (5m 16s)  5% completed  (5% total)
     Speed:     ev/sec=196.383   simsec/sec=1.00644   ev/simsec=195.127
     Messages:  created: 9757   present: 101   in FES: 6
** Event #75008   t=318.912841322578   Elapsed: 318.871s (5m 18s)  5% completed  (5% total)
     Speed:     ev/sec=205.443   simsec/sec=0.994864   ev/simsec=206.504
     Messages:  created: 9820   present: 98   in FES: 5
** Event #75520   t=321.575998602184   Elapsed: 321.521s (5m 21s)  5% completed  (5% total)
     Speed:     ev/sec=193.181   simsec/sec=1.00483   ev/simsec=192.253
     Messages:  created: 9874   present: 70   in FES: 6
** Event #76032   t=323.911025741094   Elapsed: 323.856s (5m 23s)  5% completed  (5% total)
     Speed:     ev/sec=219.269   simsec/sec=0.999999   ev/simsec=219.269
     Messages:  created: 9938   present: 72   in FES: 6
** Event #76544   t=326.568776531165   Elapsed: 326.524s (5m 26s)  5% completed  (5% total)
     Speed:     ev/sec=191.907   simsec/sec=0.996174   ev/simsec=192.644
     Messages:  created: 9997   present: 58   in FES: 5
** Event #77056   t=329.554335987199   Elapsed: 329.5s (5m 29s)  5% completed  (5% total)
     Speed:     ev/sec=172.081   simsec/sec=1.00343   ev/simsec=171.492
     Messages:  created: 10064   present: 65   in FES: 6
** Event #77824   t=332.279877117577   Elapsed: 332.251s (5m 32s)  5% completed  (5% total)
     Speed:     ev/sec=279.149   simsec/sec=0.990666   ev/simsec=281.779
     Messages:  created: 10180   present: 116   in FES: 5
** Event #78336   t=334.767681653838   Elapsed: 334.719s (5m 34s)  5% completed  (5% total)
     Speed:     ev/sec=207.482   simsec/sec=1.00815   ev/simsec=205.804
     Messages:  created: 10258   present: 144   in FES: 5
** Event #78848   t=337.304088335467   Elapsed: 337.259s (5m 37s)  5% completed  (5% total)
     Speed:     ev/sec=201.507   simsec/sec=0.99825   ev/simsec=201.86
     Messages:  created: 10310   present: 120   in FES: 5
** Event #79360   t=339.759327507194   Elapsed: 339.721s (5m 39s)  5% completed  (5% total)
     Speed:     ev/sec=208.015   simsec/sec=0.997512   ev/simsec=208.534
     Messages:  created: 10376   present: 124   in FES: 5
** Event #79872   t=342.366827321184   Elapsed: 342.312s (5m 42s)  5% completed  (5% total)
     Speed:     ev/sec=197.581   simsec/sec=1.00624   ev/simsec=196.357
     Messages:  created: 10424   present: 88   in FES: 6
** Event #80384   t=345.236871915595   Elapsed: 345.182s (5m 45s)  5% completed  (5% total)
     Speed:     ev/sec=178.392   simsec/sec=0.999987   ev/simsec=178.394
     Messages:  created: 10481   present: 68   in FES: 6
** Event #80896   t=347.818974712176   Elapsed: 347.764s (5m 47s)  5% completed  (5% total)
     Speed:     ev/sec=198.288   simsec/sec=1   ev/simsec=198.288
     Messages:  created: 10527   present: 21   in FES: 6
** Event #81408   t=350.306797920056   Elapsed: 350.252s (5m 50s)  5% completed  (5% total)
     Speed:     ev/sec=205.803   simsec/sec=1   ev/simsec=205.802
     Messages:  created: 10588   present: 13   in FES: 6
** Event #81920   t=354.14248780352   Elapsed: 354.128s (5m 54s)  5% completed  (5% total)
     Speed:     ev/sec=132.105   simsec/sec=0.989679   ev/simsec=133.483
     Messages:  created: 10651   present: 10   in FES: 5
** Event #82432   t=357.520536553616   Elapsed: 357.466s (5m 57s)  5% completed  (5% total)
     Speed:     ev/sec=153.383   simsec/sec=1.01198   ev/simsec=151.567
     Messages:  created: 10718   present: 17   in FES: 6
** Event #83200   t=360.340737989394   Elapsed: 360.286s (6m 00s)  5% completed  (5% total)
     Speed:     ev/sec=272.321   simsec/sec=0.999999   ev/simsec=272.321
     Messages:  created: 10828   present: 55   in FES: 6
** Event #83712   t=363.08166943978   Elapsed: 363.068s (6m 03s)  5% completed  (5% total)
     Speed:     ev/sec=184.037   simsec/sec=0.985219   ev/simsec=186.798
     Messages:  created: 10883   present: 33   in FES: 5
** Event #84480   t=366.06727520868   Elapsed: 366.025s (6m 06s)  5% completed  (5% total)
     Speed:     ev/sec=259.705   simsec/sec=1.00961   ev/simsec=257.234
     Messages:  created: 10991   present: 65   in FES: 5
** Event #84992   t=368.17976727638   Elapsed: 368.125s (6m 08s)  5% completed  (5% total)
     Speed:     ev/sec=243.835   simsec/sec=1.00605   ev/simsec=242.368
     Messages:  created: 11062   present: 83   in FES: 6
** Event #85504   t=370.772456364325   Elapsed: 370.718s (6m 10s)  5% completed  (5% total)
     Speed:     ev/sec=197.478   simsec/sec=1   ev/simsec=197.478
     Messages:  created: 11129   present: 91   in FES: 6
** Event #86016   t=373.14750957822   Elapsed: 373.093s (6m 13s)  5% completed  (5% total)
     Speed:     ev/sec=215.574   simsec/sec=1   ev/simsec=215.574
     Messages:  created: 11196   present: 100   in FES: 6
** Event #86528   t=376.341555850495   Elapsed: 376.287s (6m 16s)  5% completed  (5% total)
     Speed:     ev/sec=160.298   simsec/sec=1   ev/simsec=160.298
     Messages:  created: 11243   present: 55   in FES: 6
** Event #87040   t=379.666689248293   Elapsed: 379.612s (6m 19s)  6% completed  (6% total)
     Speed:     ev/sec=153.968   simsec/sec=0.999933   ev/simsec=153.979
     Messages:  created: 11290   present: 9   in FES: 5
** Event #87552   t=382.487935980739   Elapsed: 382.433s (6m 22s)  6% completed  (6% total)
     Speed:     ev/sec=181.495   simsec/sec=1.00008   ev/simsec=181.48
     Messages:  created: 11356   present: 13   in FES: 6
** Event #88064   t=384.555380242994   Elapsed: 384.501s (6m 24s)  6% completed  (6% total)
     Speed:     ev/sec=247.649   simsec/sec=0.999999   ev/simsec=247.649
     Messages:  created: 11420   present: 14   in FES: 6
** Event #88576   t=386.970173784467   Elapsed: 386.915s (6m 26s)  6% completed  (6% total)
     Speed:     ev/sec=212.026   simsec/sec=1   ev/simsec=212.026
     Messages:  created: 11487   present: 23   in FES: 6
** Event #89088   t=389.52449717   Elapsed: 389.47s (6m 29s)  6% completed  (6% total)
     Speed:     ev/sec=200.444   simsec/sec=1   ev/simsec=200.444
     Messages:  created: 11548   present: 14   in FES: 6
** Event #89344   t=391.56686569715   Elapsed: 391.512s (6m 31s)  6% completed  (6% total)
     Speed:     ev/sec=125.345   simsec/sec=1   ev/simsec=125.345
     Messages:  created: 11578   present: 8   in FES: 6
** Event #89856   t=394.958864547265   Elapsed: 394.904s (6m 34s)  6% completed  (6% total)
     Speed:     ev/sec=150.944   simsec/sec=1   ev/simsec=150.943
     Messages:  created: 11641   present: 7   in FES: 5
** Event #90368   t=398.248133567295   Elapsed: 398.193s (6m 38s)  6% completed  (6% total)
     Speed:     ev/sec=155.658   simsec/sec=1   ev/simsec=155.658
     Messages:  created: 11707   present: 12   in FES: 6
** Event #90880   t=401.241253024217   Elapsed: 401.187s (6m 41s)  6% completed  (6% total)
     Speed:     ev/sec=171.059   simsec/sec=1   ev/simsec=171.059
     Messages:  created: 11771   present: 11   in FES: 6
** Event #91392   t=403.332365955116   Elapsed: 403.278s (6m 43s)  6% completed  (6% total)
     Speed:     ev/sec=244.845   simsec/sec=0.999998   ev/simsec=244.846
     Messages:  created: 11834   present: 8   in FES: 6
** Event #91904   t=406.219210759563   Elapsed: 406.165s (6m 46s)  6% completed  (6% total)
     Speed:     ev/sec=177.356   simsec/sec=1   ev/simsec=177.356
     Messages:  created: 11897   present: 7   in FES: 5
** Event #92416   t=409.131292108126   Elapsed: 409.104s (6m 49s)  6% completed  (6% total)
     Speed:     ev/sec=174.197   simsec/sec=0.990772   ev/simsec=175.819
     Messages:  created: 11962   present: 9   in FES: 5
** Event #93184   t=412.011900134207   Elapsed: 411.957s (6m 51s)  6% completed  (6% total)
     Speed:     ev/sec=269.145   simsec/sec=1.00951   ev/simsec=266.61
     Messages:  created: 12074   present: 51   in FES: 6
** Event #93696   t=414.261287745176   Elapsed: 414.207s (6m 54s)  6% completed  (6% total)
     Speed:     ev/sec=227.617   simsec/sec=1   ev/simsec=227.618
     Messages:  created: 12139   present: 53   in FES: 6
** Event #94464   t=416.746250338061   Elapsed: 416.692s (6m 56s)  6% completed  (6% total)
     Speed:     ev/sec=309.057   simsec/sec=0.999993   ev/simsec=309.059
     Messages:  created: 12252   present: 100   in FES: 6
** Event #94976   t=419.047395162518   Elapsed: 418.996s (6m 58s)  6% completed  (6% total)
     Speed:     ev/sec=222.177   simsec/sec=0.998558   ev/simsec=222.498
     Messages:  created: 12318   present: 105   in FES: 5
** Event #95744   t=421.335011860149   Elapsed: 421.28s (7m 01s)  6% completed  (6% total)
     Speed:     ev/sec=336.212   simsec/sec=1.00146   ev/simsec=335.721
     Messages:  created: 12436   present: 150   in FES: 6
** Event #96256   t=423.696808965643   Elapsed: 423.642s (7m 03s)  6% completed  (6% total)
     Speed:     ev/sec=216.784   simsec/sec=0.999998   ev/simsec=216.784
     Messages:  created: 12495   present: 141   in FES: 7
** Event #96768   t=426.297860122636   Elapsed: 426.243s (7m 06s)  6% completed  (6% total)
     Speed:     ev/sec=196.844   simsec/sec=1   ev/simsec=196.843
     Messages:  created: 12553   present: 129   in FES: 7
** Event #97280   t=428.438313298938   Elapsed: 428.384s (7m 08s)  6% completed  (6% total)
     Speed:     ev/sec=239.202   simsec/sec=1   ev/simsec=239.202
     Messages:  created: 12602   present: 95   in FES: 6
** Event #97792   t=431.162554113185   Elapsed: 431.115s (7m 11s)  6% completed  (6% total)
     Speed:     ev/sec=187.447   simsec/sec=0.997363   ev/simsec=187.942
     Messages:  created: 12651   present: 56   in FES: 5
** Event #98304   t=433.448388425424   Elapsed: 433.394s (7m 13s)  6% completed  (6% total)
     Speed:     ev/sec=224.696   simsec/sec=1.00316   ev/simsec=223.988
     Messages:  created: 12716   present: 59   in FES: 6
** Event #99072   t=436.549077056668   Elapsed: 436.494s (7m 16s)  6% completed  (6% total)
     Speed:     ev/sec=247.687   simsec/sec=1   ev/simsec=247.687
     Messages:  created: 12822   present: 86   in FES: 6
** Event #99584   t=438.985012153116   Elapsed: 438.933s (7m 18s)  6% completed  (6% total)
     Speed:     ev/sec=209.919   simsec/sec=0.99873   ev/simsec=210.186
     Messages:  created: 12878   present: 64   in FES: 5
** Event #100096   t=441.379185943355   Elapsed: 441.325s (7m 21s)  7% completed  (7% total)
     Speed:     ev/sec=214.13   simsec/sec=1.0013   ev/simsec=213.852
     Messages:  created: 12935   present: 46   in FES: 6
** Event #100608   t=443.749258360929   Elapsed: 443.695s (7m 23s)  7% completed  (7% total)
     Speed:     ev/sec=216.027   simsec/sec=0.999999   ev/simsec=216.027
     Messages:  created: 12993   present: 30   in FES: 6
** Event #101120   t=446.332066344509   Elapsed: 446.277s (7m 26s)  7% completed  (7% total)
     Speed:     ev/sec=198.234   simsec/sec=1   ev/simsec=198.234
     Messages:  created: 13053   present: 19   in FES: 6
** Event #101888   t=449.054271358883   Elapsed: 449s (7m 28s)  7% completed  (7% total)
     Speed:     ev/sec=282.124   simsec/sec=1   ev/simsec=282.124
     Messages:  created: 13165   present: 61   in FES: 6
** Event #102400   t=451.63831496855   Elapsed: 451.584s (7m 31s)  7% completed  (7% total)
     Speed:     ev/sec=198.139   simsec/sec=1   ev/simsec=198.139
     Messages:  created: 13231   present: 66   in FES: 6
** Event #102912   t=453.985070637334   Elapsed: 453.933s (7m 33s)  7% completed  (7% total)
     Speed:     ev/sec=217.935   simsec/sec=0.998908   ev/simsec=218.174
     Messages:  created: 13294   present: 64   in FES: 5
** Event #103424   t=456.687378563486   Elapsed: 456.633s (7m 36s)  7% completed  (7% total)
     Speed:     ev/sec=189.648   simsec/sec=1.00095   ev/simsec=189.468
     Messages:  created: 13352   present: 47   in FES: 6
** Event #103936   t=459.386512080465   Elapsed: 459.332s (7m 39s)  7% completed  (7% total)
     Speed:     ev/sec=189.69   simsec/sec=1   ev/simsec=189.691
     Messages:  created: 13406   present: 21   in FES: 6
** Event #104448   t=463.216259319049   Elapsed: 463.162s (7m 43s)  7% completed  (7% total)
     Speed:     ev/sec=133.69   simsec/sec=1   ev/simsec=133.69
     Messages:  created: 13465   present: 7   in FES: 5
** Event #104704   t=465.404089393526   Elapsed: 465.35s (7m 45s)  7% completed  (7% total)
     Speed:     ev/sec=117.005   simsec/sec=0.999947   ev/simsec=117.011
     Messages:  created: 13497   present: 7   in FES: 5
** Event #105216   t=469.679379552835   Elapsed: 469.625s (7m 49s)  7% completed  (7% total)
     Speed:     ev/sec=119.761   simsec/sec=1.00003   ev/simsec=119.758
     Messages:  created: 13562   present: 11   in FES: 6
** Event #105728   t=472.676762000406   Elapsed: 472.622s (7m 52s)  7% completed  (7% total)
     Speed:     ev/sec=170.816   simsec/sec=1   ev/simsec=170.816
     Messages:  created: 13630   present: 20   in FES: 6
** Event #106240   t=475.443069611109   Elapsed: 475.388s (7m 55s)  7% completed  (7% total)
     Speed:     ev/sec=185.08   simsec/sec=0.999977   ev/simsec=185.084
     Messages:  created: 13689   present: 7   in FES: 5
** Event #106752   t=479.07683691042   Elapsed: 479.04s (7m 59s)  7% completed  (7% total)
     Speed:     ev/sec=140.214   simsec/sec=0.995128   ev/simsec=140.901
     Messages:  created: 13753   present: 8   in FES: 5
** Event #107520   t=482.527332477764   Elapsed: 482.496s (8m 02s)  7% completed  (7% total)
     Speed:     ev/sec=222.249   simsec/sec=0.998525   ev/simsec=222.577
     Messages:  created: 13848   present: 7   in FES: 5
** Event #108032   t=486.592588507721   Elapsed: 486.549s (8m 06s)  7% completed  (7% total)
     Speed:     ev/sec=126.329   simsec/sec=1.00305   ev/simsec=125.945
     Messages:  created: 13912   present: 7   in FES: 5
** Event #108544   t=490.287875951584   Elapsed: 490.233s (8m 10s)  7% completed  (7% total)
     Speed:     ev/sec=138.954   simsec/sec=1.00288   ev/simsec=138.555
     Messages:  created: 13977   present: 9   in FES: 6
** Event #109312   t=493.492714407856   Elapsed: 493.446s (8m 13s)  7% completed  (7% total)
     Speed:     ev/sec=239.056   simsec/sec=0.997573   ev/simsec=239.638
     Messages:  created: 14081   present: 31   in FES: 5
** Event #109824   t=495.52355481935   Elapsed: 495.469s (8m 15s)  7% completed  (7% total)
     Speed:     ev/sec=253.081   simsec/sec=1.00384   ev/simsec=252.112
     Messages:  created: 14147   present: 36   in FES: 6
** Event #110336   t=497.701339573598   Elapsed: 497.647s (8m 17s)  7% completed  (7% total)
     Speed:     ev/sec=235.1   simsec/sec=0.999995   ev/simsec=235.101
     Messages:  created: 14213   present: 42   in FES: 6
** Event #110848   t=500.443844547909   Elapsed: 500.389s (8m 20s)  7% completed  (7% total)
     Speed:     ev/sec=186.689   simsec/sec=0.99999   ev/simsec=186.691
     Messages:  created: 14265   present: 9   in FES: 6
** Event #111360   t=503.861365505725   Elapsed: 503.808s (8m 23s)  7% completed  (7% total)
     Speed:     ev/sec=149.755   simsec/sec=0.999593   ev/simsec=149.816
     Messages:  created: 14328   present: 7   in FES: 5
** Event #111872   t=507.976833107421   Elapsed: 507.927s (8m 27s)  8% completed  (8% total)
     Speed:     ev/sec=124.31   simsec/sec=0.999207   ev/simsec=124.409
     Messages:  created: 14392   present: 7   in FES: 5
** Event #112384   t=510.823714583018   Elapsed: 510.769s (8m 30s)  8% completed  (8% total)
     Speed:     ev/sec=180.143   simsec/sec=1.00165   ev/simsec=179.846
     Messages:  created: 14457   present: 9   in FES: 6
** Event #112896   t=512.868226975504   Elapsed: 512.814s (8m 32s)  8% completed  (8% total)
     Speed:     ev/sec=250.427   simsec/sec=1   ev/simsec=250.426
     Messages:  created: 14525   present: 20   in FES: 6
** Event #113664   t=516.044212016074   Elapsed: 515.99s (8m 35s)  8% completed  (8% total)
     Speed:     ev/sec=241.815   simsec/sec=1   ev/simsec=241.815
     Messages:  created: 14626   present: 33   in FES: 6
** Event #114176   t=518.447151080703   Elapsed: 518.392s (8m 38s)  8% completed  (8% total)
     Speed:     ev/sec=213.071   simsec/sec=0.999993   ev/simsec=213.072
     Messages:  created: 14688   present: 28   in FES: 6
** Event #114688   t=520.786562694938   Elapsed: 520.735s (8m 40s)  8% completed  (8% total)
     Speed:     ev/sec=218.56   simsec/sec=0.998635   ev/simsec=218.858
     Messages:  created: 14747   present: 15   in FES: 5
** Event #115200   t=522.979248299127   Elapsed: 522.925s (8m 42s)  8% completed  (8% total)
     Speed:     ev/sec=233.766   simsec/sec=1.00112   ev/simsec=233.504
     Messages:  created: 14808   present: 7   in FES: 5
** Event #115712   t=525.479784707065   Elapsed: 525.425s (8m 45s)  8% completed  (8% total)
     Speed:     ev/sec=204.818   simsec/sec=1.0003   ev/simsec=204.756
     Messages:  created: 14875   present: 14   in FES: 6
** Event #116224   t=527.928052279399   Elapsed: 527.873s (8m 47s)  8% completed  (8% total)
     Speed:     ev/sec=209.128   simsec/sec=1   ev/simsec=209.127
     Messages:  created: 14938   present: 11   in FES: 6
** Event #116736   t=530.495559741955   Elapsed: 530.441s (8m 50s)  8% completed  (8% total)
     Speed:     ev/sec=199.415   simsec/sec=1   ev/simsec=199.415
     Messages:  created: 15002   present: 11   in FES: 6
** Event #117248   t=533.45126397954   Elapsed: 533.439s (8m 53s)  8% completed  (8% total)
     Speed:     ev/sec=170.757   simsec/sec=0.985758   ev/simsec=173.224
     Messages:  created: 15064   present: 7   in FES: 5
** Event #118016   t=536.350641766645   Elapsed: 536.296s (8m 56s)  8% completed  (8% total)
     Speed:     ev/sec=268.844   simsec/sec=1.01495   ev/simsec=264.884
     Messages:  created: 15180   present: 60   in FES: 6
** Event #118528   t=538.547623110217   Elapsed: 538.493s (8m 58s)  8% completed  (8% total)
     Speed:     ev/sec=233.047   simsec/sec=1   ev/simsec=233.047
     Messages:  created: 15229   present: 20   in FES: 6
** Event #119040   t=540.940949280792   Elapsed: 540.886s (9m 00s)  8% completed  (8% total)
     Speed:     ev/sec=213.928   simsec/sec=1   ev/simsec=213.928
     Messages:  created: 15292   present: 18   in FES: 6
** Event #119552   t=543.080507682415   Elapsed: 543.026s (9m 03s)  8% completed  (8% total)
     Speed:     ev/sec=239.302   simsec/sec=1   ev/simsec=239.302
     Messages:  created: 15356   present: 20   in FES: 6
** Event #120064   t=545.43605798086   Elapsed: 545.432s (9m 05s)  8% completed  (8% total)
     Speed:     ev/sec=212.791   simsec/sec=0.978983   ev/simsec=217.359
     Messages:  created: 15415   present: 6   in FES: 4
** Event #120576   t=547.737535872002   Elapsed: 547.687s (9m 07s)  8% completed  (8% total)
     Speed:     ev/sec=227.049   simsec/sec=1.0206   ev/simsec=222.466
     Messages:  created: 15482   present: 14   in FES: 5
** Event #121088   t=550.135529768711   Elapsed: 550.081s (9m 10s)  8% completed  (8% total)
     Speed:     ev/sec=213.878   simsec/sec=1.00172   ev/simsec=213.512
     Messages:  created: 15550   present: 25   in FES: 6
** Event #121856   t=553.246858918596   Elapsed: 553.228s (9m 13s)  8% completed  (8% total)
     Speed:     ev/sec=244.062   simsec/sec=0.988745   ev/simsec=246.84
     Messages:  created: 15660   present: 62   in FES: 5
** Event #122368   t=555.452295421532   Elapsed: 555.398s (9m 15s)  8% completed  (8% total)
     Speed:     ev/sec=235.942   simsec/sec=1.01632   ev/simsec=232.154
     Messages:  created: 15723   present: 60   in FES: 6
** Event #122880   t=557.85181582573   Elapsed: 557.797s (9m 17s)  8% completed  (8% total)
     Speed:     ev/sec=213.377   simsec/sec=1   ev/simsec=213.376
     Messages:  created: 15780   present: 40   in FES: 6
** Event #123392   t=560.400264141338   Elapsed: 560.346s (9m 20s)  8% completed  (8% total)
     Speed:     ev/sec=200.906   simsec/sec=0.999997   ev/simsec=200.907
     Messages:  created: 15834   present: 13   in FES: 6
** Event #123904   t=563.041455262725   Elapsed: 562.991s (9m 22s)  8% completed  (8% total)
     Speed:     ev/sec=193.546   simsec/sec=0.998421   ev/simsec=193.852
     Messages:  created: 15898   present: 14   in FES: 5
** Event #124416   t=565.327152289609   Elapsed: 565.272s (9m 25s)  8% completed  (8% total)
     Speed:     ev/sec=224.412   simsec/sec=1.00183   ev/simsec=224.002
     Messages:  created: 15972   present: 40   in FES: 6
** Event #125184   t=568.405555592699   Elapsed: 568.351s (9m 28s)  9% completed  (9% total)
     Speed:     ev/sec=249.48   simsec/sec=1   ev/simsec=249.48
     Messages:  created: 16079   present: 69   in FES: 6
** Event #125696   t=570.812752654038   Elapsed: 570.773s (9m 30s)  9% completed  (9% total)
     Speed:     ev/sec=211.393   simsec/sec=0.993875   ev/simsec=212.696
     Messages:  created: 16137   present: 54   in FES: 5
** Event #126464   t=573.282364182616   Elapsed: 573.228s (9m 33s)  9% completed  (9% total)
     Speed:     ev/sec=312.859   simsec/sec=1.00604   ev/simsec=310.98
     Messages:  created: 16246   present: 88   in FES: 6
** Event #126976   t=576.091288290674   Elapsed: 576.037s (9m 36s)  9% completed  (9% total)
     Speed:     ev/sec=182.277   simsec/sec=1   ev/simsec=182.276
     Messages:  created: 16302   present: 68   in FES: 6
** Event #127744   t=578.560552668159   Elapsed: 578.506s (9m 38s)  9% completed  (9% total)
     Speed:     ev/sec=311.024   simsec/sec=1   ev/simsec=311.024
     Messages:  created: 16406   present: 89   in FES: 6
** Event #128000   t=580.727008519298   Elapsed: 580.672s (9m 40s)  9% completed  (9% total)
     Speed:     ev/sec=118.165   simsec/sec=1   ev/simsec=118.165
     Messages:  created: 16433   present: 75   in FES: 6
** Event #128512   t=583.582968280815   Elapsed: 583.6s (9m 43s)  9% completed  (9% total)
     Speed:     ev/sec=174.881   simsec/sec=0.975497   ev/simsec=179.274
     Messages:  created: 16471   present: 6   in FES: 4
** Event #129024   t=588.060196347277   Elapsed: 588.006s (9m 48s)  9% completed  (9% total)
     Speed:     ev/sec=116.219   simsec/sec=1.01628   ev/simsec=114.356
     Messages:  created: 16536   present: 9   in FES: 6
** Event #129536   t=590.967717565821   Elapsed: 590.922s (9m 50s)  9% completed  (9% total)
     Speed:     ev/sec=175.551   simsec/sec=0.996909   ev/simsec=176.095
     Messages:  created: 16602   present: 14   in FES: 5
** Event #130048   t=593.256494367842   Elapsed: 593.207s (9m 53s)  9% completed  (9% total)
     Speed:     ev/sec=224.084   simsec/sec=1.00171   ev/simsec=223.7
     Messages:  created: 16663   present: 6   in FES: 4
** Event #130560   t=595.998128334346   Elapsed: 595.943s (9m 55s)  9% completed  (9% total)
     Speed:     ev/sec=187.098   simsec/sec=1.00186   ev/simsec=186.75
     Messages:  created: 16729   present: 12   in FES: 6
** Event #131072   t=598.013211733028   Elapsed: 597.995s (9m 57s)  9% completed  (9% total)
     Speed:     ev/sec=249.601   simsec/sec=0.982356   ev/simsec=254.084
     Messages:  created: 16800   present: 30   in FES: 5
** Event #131584   t=601.103328446727   Elapsed: 601.049s (10m 01s)  9% completed  (9% total)
     Speed:     ev/sec=167.653   simsec/sec=1.01185   ev/simsec=165.69
     Messages:  created: 16857   present: 12   in FES: 6
** Event #131840   t=603.61969125915   Elapsed: 603.565s (10m 03s)  9% completed  (9% total)
     Speed:     ev/sec=101.734   simsec/sec=0.999998   ev/simsec=101.734
     Messages:  created: 16887   present: 7   in FES: 5
** Event #132352   t=606.515242540695   Elapsed: 606.461s (10m 06s)  9% completed  (9% total)
     Speed:     ev/sec=176.823   simsec/sec=1   ev/simsec=176.823
     Messages:  created: 16958   present: 26   in FES: 6
** Event #132864   t=609.017584417492   Elapsed: 608.963s (10m 08s)  9% completed  (9% total)
     Speed:     ev/sec=204.608   simsec/sec=1   ev/simsec=204.608
     Messages:  created: 17017   present: 12   in FES: 6
** Event #133120   t=611.056064658378   Elapsed: 611.001s (10m 11s)  9% completed  (9% total)
     Speed:     ev/sec=125.578   simsec/sec=0.999956   ev/simsec=125.584
     Messages:  created: 17048   present: 11   in FES: 6
** Event #133632   t=614.075317379929   Elapsed: 614.021s (10m 14s)  9% completed  (9% total)
     Speed:     ev/sec=169.583   simsec/sec=1.00003   ev/simsec=169.578
     Messages:  created: 17111   present: 8   in FES: 6
** Event #134144   t=616.786604966663   Elapsed: 616.781s (10m 16s)  9% completed  (9% total)
     Speed:     ev/sec=185.462   simsec/sec=0.982113   ev/simsec=188.84
     Messages:  created: 17180   present: 21   in FES: 5
** Event #134656   t=618.88518216877   Elapsed: 618.834s (10m 18s)  9% completed  (9% total)
     Speed:     ev/sec=249.431   simsec/sec=1.02236   ev/simsec=243.975
     Messages:  created: 17247   present: 29   in FES: 5
** Event #135168   t=620.944347230609   Elapsed: 620.89s (10m 20s)  9% completed  (9% total)
     Speed:     ev/sec=249.065   simsec/sec=1.00169   ev/simsec=248.644
     Messages:  created: 17306   present: 16   in FES: 6
** Event #135936   t=623.840704085588   Elapsed: 623.786s (10m 23s)  9% completed  (9% total)
     Speed:     ev/sec=265.161   simsec/sec=1   ev/simsec=265.161
     Messages:  created: 17417   present: 55   in FES: 6
** Event #136704   t=626.597266043881   Elapsed: 626.543s (10m 26s)  9% completed  (9% total)
     Speed:     ev/sec=278.608   simsec/sec=1   ev/simsec=278.608
     Messages:  created: 17528   present: 95   in FES: 6
** Event #137216   t=628.841991675682   Elapsed: 628.816s (10m 28s)  9% completed  (9% total)
     Speed:     ev/sec=225.193   simsec/sec=0.987298   ev/simsec=228.09
     Messages:  created: 17594   present: 101   in FES: 5
** Event #137728   t=631.221089736116   Elapsed: 631.166s (10m 31s)  10% completed  (10% total)
     Speed:     ev/sec=217.852   simsec/sec=1.01229   ev/simsec=215.208
     Messages:  created: 17650   present: 79   in FES: 6
** Event #138240   t=633.812129735168   Elapsed: 633.757s (10m 33s)  10% completed  (10% total)
     Speed:     ev/sec=197.604   simsec/sec=1   ev/simsec=197.604
     Messages:  created: 17703   present: 51   in FES: 6
** Event #138752   t=637.178715877488   Elapsed: 637.124s (10m 37s)  10% completed  (10% total)
     Speed:     ev/sec=152.076   simsec/sec=0.999957   ev/simsec=152.083
     Messages:  created: 17751   present: 7   in FES: 5
** Event #139008   t=639.378462494245   Elapsed: 639.324s (10m 39s)  10% completed  (10% total)
     Speed:     ev/sec=116.384   simsec/sec=1.00006   ev/simsec=116.377
     Messages:  created: 17783   present: 7   in FES: 5
** Event #139520   t=642.851726080443   Elapsed: 642.797s (10m 42s)  10% completed  (10% total)
     Speed:     ev/sec=147.41   simsec/sec=0.999985   ev/simsec=147.412
     Messages:  created: 17847   present: 7   in FES: 5
** Event #140032   t=646.013119419203   Elapsed: 645.958s (10m 45s)  10% completed  (10% total)
     Speed:     ev/sec=161.957   simsec/sec=1.00002   ev/simsec=161.954
     Messages:  created: 17911   present: 7   in FES: 5
** Event #140544   t=649.245991089145   Elapsed: 649.191s (10m 49s)  10% completed  (10% total)
     Speed:     ev/sec=158.373   simsec/sec=1   ev/simsec=158.373
     Messages:  created: 17976   present: 10   in FES: 6
** Event #141056   t=651.897325678646   Elapsed: 651.843s (10m 51s)  10% completed  (10% total)
     Speed:     ev/sec=193.11   simsec/sec=1   ev/simsec=193.11
     Messages:  created: 18040   present: 9   in FES: 6
** Event #141568   t=654.932571120518   Elapsed: 654.878s (10m 54s)  10% completed  (10% total)
     Speed:     ev/sec=168.685   simsec/sec=1   ev/simsec=168.685
     Messages:  created: 18107   present: 17   in FES: 6
** Event #142080   t=657.79111343535   Elapsed: 657.736s (10m 57s)  10% completed  (10% total)
     Speed:     ev/sec=179.112   simsec/sec=1   ev/simsec=179.112
     Messages:  created: 18168   present: 10   in FES: 6
** Event #142592   t=659.990486332946   Elapsed: 659.936s (10m 59s)  10% completed  (10% total)
     Speed:     ev/sec=232.794   simsec/sec=0.999999   ev/simsec=232.794
     Messages:  created: 18238   present: 26   in FES: 6
** Event #143360   t=663.105951382737   Elapsed: 663.056s (11m 03s)  10% completed  (10% total)
     Speed:     ev/sec=246.113   simsec/sec=0.998383   ev/simsec=246.512
     Messages:  created: 18343   present: 52   in FES: 5
** Event #143872   t=665.36299702032   Elapsed: 665.308s (11m 05s)  10% completed  (10% total)
     Speed:     ev/sec=227.354   simsec/sec=1.00224   ev/simsec=226.845
     Messages:  created: 18404   present: 43   in FES: 6
** Event #144384   t=667.875881873279   Elapsed: 667.821s (11m 07s)  10% completed  (10% total)
     Speed:     ev/sec=203.75   simsec/sec=1   ev/simsec=203.75
     Messages:  created: 18458   present: 17   in FES: 6
** Event #144896   t=670.494521964433   Elapsed: 670.44s (11m 10s)  10% completed  (10% total)
     Speed:     ev/sec=195.521   simsec/sec=1   ev/simsec=195.521
     Messages:  created: 18520   present: 11   in FES: 6
** Event #145408   t=672.631906922302   Elapsed: 672.577s (11m 12s)  10% completed  (10% total)
     Speed:     ev/sec=239.545   simsec/sec=1   ev/simsec=239.545
     Messages:  created: 18583   present: 10   in FES: 6
** Event #145920   t=674.983278367975   Elapsed: 674.929s (11m 14s)  10% completed  (10% total)
     Speed:     ev/sec=217.745   simsec/sec=1   ev/simsec=217.745
     Messages:  created: 18648   present: 11   in FES: 6
** Event #146432   t=677.465579365735   Elapsed: 677.411s (11m 17s)  10% completed  (10% total)
     Speed:     ev/sec=206.26   simsec/sec=1   ev/simsec=206.26
     Messages:  created: 18714   present: 17   in FES: 6
** Event #146944   t=679.685587682144   Elapsed: 679.631s (11m 19s)  10% completed  (10% total)
     Speed:     ev/sec=230.63   simsec/sec=1   ev/simsec=230.63
     Messages:  created: 18776   present: 11   in FES: 6
** Event #147456   t=682.122714828292   Elapsed: 682.068s (11m 22s)  10% completed  (10% total)
     Speed:     ev/sec=210.083   simsec/sec=1   ev/simsec=210.083
     Messages:  created: 18845   present: 26   in FES: 6
** Event #147968   t=685.18157346906   Elapsed: 685.127s (11m 25s)  10% completed  (10% total)
     Speed:     ev/sec=167.383   simsec/sec=1   ev/simsec=167.383
     Messages:  created: 18902   present: 7   in FES: 5
** Event #148480   t=689.1217399186   Elapsed: 689.067s (11m 29s)  10% completed  (10% total)
     Speed:     ev/sec=129.944   simsec/sec=1   ev/simsec=129.944
     Messages:  created: 18967   present: 8   in FES: 6
** Event #148736   t=692.135011827622   Elapsed: 692.08s (11m 32s)  10% completed  (10% total)
     Speed:     ev/sec=84.9575   simsec/sec=1   ev/simsec=84.9575
     Messages:  created: 18998   present: 7   in FES: 5
** Event #149248   t=694.655794694475   Elapsed: 694.601s (11m 34s)  11% completed  (11% total)
     Speed:     ev/sec=203.112   simsec/sec=1   ev/simsec=203.112
     Messages:  created: 19062   present: 7   in FES: 5
** Event #149760   t=696.875315408502   Elapsed: 696.821s (11m 36s)  11% completed  (11% total)
     Speed:     ev/sec=230.68   simsec/sec=0.999997   ev/simsec=230.68
     Messages:  created: 19134   present: 27   in FES: 6
** Event #150272   t=699.578099773475   Elapsed: 699.523s (11m 39s)  11% completed  (11% total)
     Speed:     ev/sec=189.434   simsec/sec=1   ev/simsec=189.434
     Messages:  created: 19193   present: 15   in FES: 6
** Event #151040   t=702.333520462614   Elapsed: 702.279s (11m 42s)  11% completed  (11% total)
     Speed:     ev/sec=278.723   simsec/sec=1   ev/simsec=278.723
     Messages:  created: 19300   present: 43   in FES: 6
** Event #151552   t=705.132175033888   Elapsed: 705.078s (11m 45s)  11% completed  (11% total)
     Speed:     ev/sec=182.945   simsec/sec=1   ev/simsec=182.945
     Messages:  created: 19353   present: 14   in FES: 6
** Event #152064   t=708.978716434789   Elapsed: 708.924s (11m 48s)  11% completed  (11% total)
     Speed:     ev/sec=133.107   simsec/sec=1   ev/simsec=133.107
     Messages:  created: 19415   present: 8   in FES: 6
** Event #152320   t=711.19809020453   Elapsed: 711.143s (11m 51s)  11% completed  (11% total)
     Speed:     ev/sec=115.348   simsec/sec=1   ev/simsec=115.348
     Messages:  created: 19446   present: 7   in FES: 5
** Event #152832   t=713.48263207569   Elapsed: 713.428s (11m 53s)  11% completed  (11% total)
     Speed:     ev/sec=224.115   simsec/sec=1   ev/simsec=224.115
     Messages:  created: 19513   present: 15   in FES: 6
** Event #153344   t=716.598820783264   Elapsed: 716.544s (11m 56s)  11% completed  (11% total)
     Speed:     ev/sec=164.305   simsec/sec=1.00001   ev/simsec=164.303
     Messages:  created: 19575   present: 10   in FES: 6
** Event #153856   t=719.381150570289   Elapsed: 719.327s (11m 59s)  11% completed  (11% total)
     Speed:     ev/sec=184.013   simsec/sec=0.999971   ev/simsec=184.018
     Messages:  created: 19639   present: 10   in FES: 6
** Event #154368   t=722.449713948153   Elapsed: 722.395s (12m 02s)  11% completed  (11% total)
     Speed:     ev/sec=166.855   simsec/sec=1.00001   ev/simsec=166.853
     Messages:  created: 19702   present: 7   in FES: 5
** Event #154880   t=725.366366723949   Elapsed: 725.312s (12m 05s)  11% completed  (11% total)
     Speed:     ev/sec=175.545   simsec/sec=1.00001   ev/simsec=175.544
     Messages:  created: 19766   present: 7   in FES: 5
** Event #155392   t=728.786051965448   Elapsed: 728.731s (12m 08s)  11% completed  (11% total)
     Speed:     ev/sec=149.721   simsec/sec=0.999995   ev/simsec=149.721
     Messages:  created: 19830   present: 7   in FES: 5
** Event #155904   t=731.413950997911   Elapsed: 731.359s (12m 11s)  11% completed  (11% total)
     Speed:     ev/sec=194.834   simsec/sec=1.00001   ev/simsec=194.832
     Messages:  created: 19894   present: 7   in FES: 5
** Event #156416   t=734.085075925051   Elapsed: 734.03s (12m 14s)  11% completed  (11% total)
     Speed:     ev/sec=191.679   simsec/sec=1   ev/simsec=191.68
     Messages:  created: 19963   present: 22   in FES: 6
** Event #156928   t=736.147037208562   Elapsed: 736.092s (12m 16s)  11% completed  (11% total)
     Speed:     ev/sec=248.307   simsec/sec=1   ev/simsec=248.307
     Messages:  created: 20027   present: 22   in FES: 6
** Event #157440   t=738.204569923347   Elapsed: 738.15s (12m 18s)  11% completed  (11% total)
     Speed:     ev/sec=248.842   simsec/sec=1   ev/simsec=248.842
     Messages:  created: 20091   present: 21   in FES: 6
** Event #158208   t=740.639150598612   Elapsed: 740.584s (12m 20s)  11% completed  (11% total)
     Speed:     ev/sec=315.454   simsec/sec=0.999999   ev/simsec=315.455
     Messages:  created: 20200   present: 56   in FES: 6
** Event #158976   t=743.484373111953   Elapsed: 743.43s (12m 23s)  11% completed  (11% total)
     Speed:     ev/sec=269.926   simsec/sec=1   ev/simsec=269.926
     Messages:  created: 20307   present: 85   in FES: 6
** Event #159744   t=746.372310546975   Elapsed: 746.34s (12m 26s)  11% completed  (11% total)
     Speed:     ev/sec=263.874   simsec/sec=0.992256   ev/simsec=265.934
     Messages:  created: 20405   present: 91   in FES: 5
** Event #160512   t=749.769861400152   Elapsed: 749.715s (12m 29s)  11% completed  (11% total)
     Speed:     ev/sec=227.555   simsec/sec=1.00668   ev/simsec=226.045
     Messages:  created: 20513   present: 119   in FES: 7
** Event #161024   t=752.134920647598   Elapsed: 752.08s (12m 32s)  11% completed  (11% total)
     Speed:     ev/sec=216.485   simsec/sec=1   ev/simsec=216.485
     Messages:  created: 20579   present: 122   in FES: 6
** Event #161536   t=754.391979770397   Elapsed: 754.337s (12m 34s)  11% completed  (11% total)
     Speed:     ev/sec=226.844   simsec/sec=1   ev/simsec=226.844
     Messages:  created: 20638   present: 113   in FES: 7
** Event #162304   t=757.197444225644   Elapsed: 757.143s (12m 37s)  12% completed  (12% total)
     Speed:     ev/sec=273.752   simsec/sec=1   ev/simsec=273.751
     Messages:  created: 20731   present: 106   in FES: 6
** Event #162816   t=759.359048610171   Elapsed: 759.304s (12m 39s)  12% completed  (12% total)
     Speed:     ev/sec=236.861   simsec/sec=1   ev/simsec=236.861
     Messages:  created: 20798   present: 113   in FES: 7
** Event #163328   t=761.986402535883   Elapsed: 761.932s (12m 41s)  12% completed  (12% total)
     Speed:     ev/sec=194.873   simsec/sec=1   ev/simsec=194.873
     Messages:  created: 20852   present: 87   in FES: 6
** Event #163840   t=764.651184739279   Elapsed: 764.597s (12m 44s)  12% completed  (12% total)
     Speed:     ev/sec=192.136   simsec/sec=0.999999   ev/simsec=192.136
     Messages:  created: 20902   present: 50   in FES: 6
** Event #164096   t=766.967820841848   Elapsed: 766.916s (12m 46s)  12% completed  (12% total)
     Speed:     ev/sec=110.367   simsec/sec=0.99875   ev/simsec=110.505
     Messages:  created: 20919   present: 11   in FES: 5
** Event #164352   t=769.105393477606   Elapsed: 769.051s (12m 49s)  12% completed  (12% total)
     Speed:     ev/sec=119.925   simsec/sec=1.00136   ev/simsec=119.762
     Messages:  created: 20950   present: 7   in FES: 5
** Event #164864   t=773.247450153621   Elapsed: 773.193s (12m 53s)  12% completed  (12% total)
     Speed:     ev/sec=123.61   simsec/sec=1   ev/simsec=123.61
     Messages:  created: 21015   present: 10   in FES: 6
** Event #165376   t=776.241328603029   Elapsed: 776.187s (12m 56s)  12% completed  (12% total)
     Speed:     ev/sec=171.016   simsec/sec=1   ev/simsec=171.016
     Messages:  created: 21078   present: 8   in FES: 6
** Event #166144   t=779.826152043788   Elapsed: 779.771s (12m 59s)  12% completed  (12% total)
     Speed:     ev/sec=214.236   simsec/sec=0.999999   ev/simsec=214.236
     Messages:  created: 21176   present: 13   in FES: 6
** Event #166656   t=783.6806400038   Elapsed: 783.626s (13m 03s)  12% completed  (12% total)
     Speed:     ev/sec=132.832   simsec/sec=1   ev/simsec=132.832
     Messages:  created: 21237   present: 8   in FES: 6
** Event #167168   t=785.824079894611   Elapsed: 785.769s (13m 05s)  12% completed  (12% total)
     Speed:     ev/sec=238.868   simsec/sec=1   ev/simsec=238.868
     Messages:  created: 21307   present: 23   in FES: 6
** Event #167680   t=788.100481271021   Elapsed: 788.046s (13m 08s)  12% completed  (12% total)
     Speed:     ev/sec=224.917   simsec/sec=1   ev/simsec=224.916
     Messages:  created: 21368   present: 15   in FES: 6
** Event #168192   t=790.750478793605   Elapsed: 790.696s (13m 10s)  12% completed  (12% total)
     Speed:     ev/sec=193.208   simsec/sec=1   ev/simsec=193.208
     Messages:  created: 21432   present: 14   in FES: 6
** Event #168960   t=793.726414985601   Elapsed: 793.676s (13m 13s)  12% completed  (12% total)
     Speed:     ev/sec=257.681   simsec/sec=0.998491   ev/simsec=258.07
     Messages:  created: 21532   present: 26   in FES: 5
** Event #169472   t=796.076240596098   Elapsed: 796.022s (13m 16s)  12% completed  (12% total)
     Speed:     ev/sec=218.306   simsec/sec=1.00192   ev/simsec=217.889
     Messages:  created: 21595   present: 24   in FES: 6
** Event #169984   t=799.232889873818   Elapsed: 799.178s (13m 19s)  12% completed  (12% total)
     Speed:     ev/sec=162.197   simsec/sec=1   ev/simsec=162.197
     Messages:  created: 21655   present: 13   in FES: 6
** Event #170240   t=801.686339091804   Elapsed: 801.657s (13m 21s)  12% completed  (12% total)
     Speed:     ev/sec=103.272   simsec/sec=0.989739   ev/simsec=104.343
     Messages:  created: 21686   present: 10   in FES: 5
** Event #170752   t=804.781566502383   Elapsed: 804.727s (13m 24s)  12% completed  (12% total)
     Speed:     ev/sec=166.787   simsec/sec=1.00829   ev/simsec=165.416
     Messages:  created: 21749   present: 7   in FES: 5
** Event #171264   t=810.203384618049   Elapsed: 810.149s (13m 30s)  12% completed  (12% total)
     Speed:     ev/sec=94.4332   simsec/sec=0.999999   ev/simsec=94.4333
     Messages:  created: 21813   present: 8   in FES: 6
** Event #171776   t=812.624192703734   Elapsed: 812.57s (13m 32s)  12% completed  (12% total)
     Speed:     ev/sec=211.5   simsec/sec=1   ev/simsec=211.5
     Messages:  created: 21886   present: 30   in FES: 6
** Event #172288   t=814.960775771318   Elapsed: 814.933s (13m 34s)  12% completed  (12% total)
     Speed:     ev/sec=216.672   simsec/sec=0.988812   ev/simsec=219.123
     Messages:  created: 21948   present: 26   in FES: 5
** Event #172544   t=817.102927403021   Elapsed: 817.048s (13m 37s)  12% completed  (12% total)
     Speed:     ev/sec=120.998   simsec/sec=1.01248   ev/simsec=119.506
     Messages:  created: 21974   present: 9   in FES: 6
** Event #172800   t=819.201078648602   Elapsed: 819.146s (13m 39s)  13% completed  (13% total)
     Speed:     ev/sec=122.014   simsec/sec=1.00001   ev/simsec=122.012
     Messages:  created: 22005   present: 8   in FES: 6
** Event #173056   t=821.320208229817   Elapsed: 821.266s (13m 41s)  13% completed  (13% total)
     Speed:     ev/sec=120.784   simsec/sec=0.99983   ev/simsec=120.804
     Messages:  created: 22038   present: 10   in FES: 5
** Event #173568   t=823.480454214186   Elapsed: 823.426s (13m 43s)  13% completed  (13% total)
     Speed:     ev/sec=237.049   simsec/sec=1.00017   ev/simsec=237.01
     Messages:  created: 22110   present: 32   in FES: 6
** Event #174080   t=826.447873345384   Elapsed: 826.393s (13m 46s)  13% completed  (13% total)
     Speed:     ev/sec=172.541   simsec/sec=1   ev/simsec=172.541
     Messages:  created: 22168   present: 14   in FES: 6
** Event #174592   t=829.40129816034   Elapsed: 829.347s (13m 49s)  13% completed  (13% total)
     Speed:     ev/sec=173.358   simsec/sec=0.999999   ev/simsec=173.358
     Messages:  created: 22232   present: 15   in FES: 6
** Event #175104   t=832.099525319716   Elapsed: 832.045s (13m 52s)  13% completed  (13% total)
     Speed:     ev/sec=189.754   simsec/sec=0.999999   ev/simsec=189.754
     Messages:  created: 22299   present: 24   in FES: 6
** Event #175616   t=834.621758929036   Elapsed: 834.567s (13m 54s)  13% completed  (13% total)
     Speed:     ev/sec=202.995   simsec/sec=1   ev/simsec=202.995
     Messages:  created: 22363   present: 22   in FES: 6
** Event #176128   t=837.10016462733   Elapsed: 837.045s (13m 57s)  13% completed  (13% total)
     Speed:     ev/sec=206.584   simsec/sec=0.999997   ev/simsec=206.584
     Messages:  created: 22426   present: 21   in FES: 6
** Event #176640   t=840.256271477595   Elapsed: 840.202s (14m 00s)  13% completed  (13% total)
     Speed:     ev/sec=162.225   simsec/sec=1   ev/simsec=162.225
     Messages:  created: 22485   present: 7   in FES: 5
** Event #177152   t=843.245700028716   Elapsed: 843.206s (14m 03s)  13% completed  (13% total)
     Speed:     ev/sec=170.4   simsec/sec=0.994918   ev/simsec=171.27
     Messages:  created: 22552   present: 17   in FES: 5
** Event #177664   t=847.720638857314   Elapsed: 847.666s (14m 07s)  13% completed  (13% total)
     Speed:     ev/sec=114.807   simsec/sec=1.00342   ev/simsec=114.415
     Messages:  created: 22613   present: 8   in FES: 6
** Event #178176   t=852.94987098699   Elapsed: 852.919s (14m 12s)  13% completed  (13% total)
     Speed:     ev/sec=97.4677   simsec/sec=0.995471   ev/simsec=97.9111
     Messages:  created: 22677   present: 9   in FES: 5
** Event #178688   t=856.338458046576   Elapsed: 856.286s (14m 16s)  13% completed  (13% total)
     Speed:     ev/sec=152.062   simsec/sec=1.00639   ev/simsec=151.095
     Messages:  created: 22741   present: 9   in FES: 5
** Event #179200   t=859.137421743499   Elapsed: 859.083s (14m 19s)  13% completed  (13% total)
     Speed:     ev/sec=183.073   simsec/sec=1.00081   ev/simsec=182.925
     Messages:  created: 22804   present: 7   in FES: 5
** Event #179712   t=861.114322582662   Elapsed: 861.099s (14m 21s)  13% completed  (13% total)
     Speed:     ev/sec=253.97   simsec/sec=0.980612   ev/simsec=258.991
     Messages:  created: 22878   present: 33   in FES: 5
** Event #180480   t=863.980356865344   Elapsed: 863.926s (14m 23s)  13% completed  (13% total)
     Speed:     ev/sec=271.671   simsec/sec=1.01383   ev/simsec=267.966
     Messages:  created: 22976   present: 37   in FES: 6
** Event #181248   t=866.763609336963   Elapsed: 866.709s (14m 26s)  13% completed  (13% total)
     Speed:     ev/sec=275.936   simsec/sec=1   ev/simsec=275.936
     Messages:  created: 23086   present: 76   in FES: 6
** Event #181760   t=869.304633798816   Elapsed: 869.25s (14m 29s)  13% completed  (13% total)
     Speed:     ev/sec=201.494   simsec/sec=1   ev/simsec=201.494
     Messages:  created: 23157   present: 93   in FES: 6
** Event #182272   t=871.677216078664   Elapsed: 871.623s (14m 31s)  13% completed  (13% total)
     Speed:     ev/sec=215.798   simsec/sec=0.999999   ev/simsec=215.799
     Messages:  created: 23216   present: 80   in FES: 6
** Event #182784   t=874.784972636286   Elapsed: 874.73s (14m 34s)  13% completed  (13% total)
     Speed:     ev/sec=164.749   simsec/sec=1   ev/simsec=164.749
     Messages:  created: 23266   present: 44   in FES: 6
** Event #183552   t=877.920242243748   Elapsed: 877.866s (14m 37s)  13% completed  (13% total)
     Speed:     ev/sec=244.955   simsec/sec=1   ev/simsec=244.955
     Messages:  created: 23360   present: 37   in FES: 6
** Event #184064   t=880.170678109403   Elapsed: 880.116s (14m 40s)  13% completed  (13% total)
     Speed:     ev/sec=227.511   simsec/sec=0.999999   ev/simsec=227.511
     Messages:  created: 23429   present: 51   in FES: 6
** Event #184576   t=882.446375874353   Elapsed: 882.392s (14m 42s)  14% completed  (14% total)
     Speed:     ev/sec=224.986   simsec/sec=1   ev/simsec=224.986
     Messages:  created: 23505   present: 83   in FES: 6
** Event #185088   t=885.566031248273   Elapsed: 885.511s (14m 45s)  14% completed  (14% total)
     Speed:     ev/sec=164.121   simsec/sec=0.999999   ev/simsec=164.121
     Messages:  created: 23557   present: 51   in FES: 6
** Event #185600   t=888.510083163603   Elapsed: 888.455s (14m 48s)  14% completed  (14% total)
     Speed:     ev/sec=173.91   simsec/sec=0.999998   ev/simsec=173.91
     Messages:  created: 23604   present: 7   in FES: 5
** Event #185856   t=890.980239115948   Elapsed: 890.926s (14m 50s)  14% completed  (14% total)
     Speed:     ev/sec=103.638   simsec/sec=1   ev/simsec=103.637
     Messages:  created: 23639   present: 13   in FES: 6
** Event #186112   t=894.308518060301   Elapsed: 894.254s (14m 54s)  14% completed  (14% total)
     Speed:     ev/sec=76.9166   simsec/sec=1   ev/simsec=76.9166
     Messages:  created: 23668   present: 7   in FES: 5
** Event #186368   t=896.347006230132   Elapsed: 896.292s (14m 56s)  14% completed  (14% total)
     Speed:     ev/sec=125.583   simsec/sec=1   ev/simsec=125.583
     Messages:  created: 23700   present: 7   in FES: 5
** Event #186624   t=898.842202315415   Elapsed: 898.788s (14m 58s)  14% completed  (14% total)
     Speed:     ev/sec=102.597   simsec/sec=1   ev/simsec=102.597
     Messages:  created: 23733   present: 8   in FES: 6
** Event #186880   t=900.366445430338   Elapsed: 900.944s (15m 00s)  14% completed  (14% total)
     Speed:     ev/sec=118.71   simsec/sec=0.706809   ev/simsec=167.952
     Messages:  created: 23766   present: 12   in FES: 6
** Event #187392   t=905.08242973166   Elapsed: 905.032s (15m 05s)  14% completed  (14% total)
     Speed:     ev/sec=125.24   simsec/sec=1.15357   ev/simsec=108.567
     Messages:  created: 23828   present: 8   in FES: 5
** Event #187904   t=908.311372631864   Elapsed: 908.257s (15m 08s)  14% completed  (14% total)
     Speed:     ev/sec=158.779   simsec/sec=1.00135   ev/simsec=158.566
     Messages:  created: 23892   present: 7   in FES: 5
** Event #188416   t=911.33270655749   Elapsed: 911.278s (15m 11s)  14% completed  (14% total)
     Speed:     ev/sec=169.467   simsec/sec=1.00003   ev/simsec=169.462
     Messages:  created: 23958   present: 12   in FES: 6
** Event #188928   t=914.398617277012   Elapsed: 914.35s (15m 14s)  14% completed  (14% total)
     Speed:     ev/sec=166.692   simsec/sec=0.998172   ev/simsec=166.998
     Messages:  created: 24023   present: 16   in FES: 5
** Event #189440   t=917.1046337574   Elapsed: 917.08s (15m 17s)  14% completed  (14% total)
     Speed:     ev/sec=187.546   simsec/sec=0.991216   ev/simsec=189.208
     Messages:  created: 24087   present: 16   in FES: 5
** Event #189696   t=919.224290785592   Elapsed: 919.175s (15m 19s)  14% completed  (14% total)
     Speed:     ev/sec=122.197   simsec/sec=1.01178   ev/simsec=120.774
     Messages:  created: 24116   present: 8   in FES: 5
** Event #189952   t=921.546604865924   Elapsed: 921.492s (15m 21s)  14% completed  (14% total)
     Speed:     ev/sec=110.468   simsec/sec=1.00211   ev/simsec=110.235
     Messages:  created: 24148   present: 7   in FES: 5
** Event #190464   t=924.81572528649   Elapsed: 924.761s (15m 24s)  14% completed  (14% total)
     Speed:     ev/sec=156.618   simsec/sec=1   ev/simsec=156.617
     Messages:  created: 24214   present: 12   in FES: 6
** Event #190976   t=926.812585956551   Elapsed: 926.762s (15m 26s)  14% completed  (14% total)
     Speed:     ev/sec=255.836   simsec/sec=0.997791   ev/simsec=256.402
     Messages:  created: 24282   present: 24   in FES: 5
** Event #191488   t=929.940542400209   Elapsed: 929.934s (15m 29s)  14% completed  (14% total)
     Speed:     ev/sec=161.423   simsec/sec=0.986183   ev/simsec=163.685
     Messages:  created: 24340   present: 8   in FES: 5
** Event #192000   t=932.775500362254   Elapsed: 932.721s (15m 32s)  14% completed  (14% total)
     Speed:     ev/sec=183.729   simsec/sec=1.01731   ev/simsec=180.602
     Messages:  created: 24405   present: 10   in FES: 6
** Event #192512   t=934.944433271845   Elapsed: 934.89s (15m 34s)  14% completed  (14% total)
     Speed:     ev/sec=236.061   simsec/sec=1   ev/simsec=236.061
     Messages:  created: 24475   present: 26   in FES: 6
** Event #193024   t=937.1607511552   Elapsed: 937.106s (15m 37s)  14% completed  (14% total)
     Speed:     ev/sec=231.014   simsec/sec=1   ev/simsec=231.014
     Messages:  created: 24540   present: 30   in FES: 6
** Event #193536   t=940.107839786993   Elapsed: 940.069s (15m 40s)  14% completed  (14% total)
     Speed:     ev/sec=172.783   simsec/sec=0.994547   ev/simsec=173.731
     Messages:  created: 24596   present: 8   in FES: 5
** Event #194048   t=943.186455461245   Elapsed: 943.132s (15m 43s)  14% completed  (14% total)
     Speed:     ev/sec=167.186   simsec/sec=1.00528   ev/simsec=166.309
     Messages:  created: 24661   present: 11   in FES: 6
** Event #194560   t=946.373071206568   Elapsed: 946.318s (15m 46s)  15% completed  (15% total)
     Speed:     ev/sec=160.672   simsec/sec=1   ev/simsec=160.672
     Messages:  created: 24725   present: 11   in FES: 6
** Event #195072   t=948.445430409762   Elapsed: 948.391s (15m 48s)  15% completed  (15% total)
     Speed:     ev/sec=247.061   simsec/sec=1   ev/simsec=247.061
     Messages:  created: 24796   present: 28   in FES: 6
** Event #195584   t=950.833198826889   Elapsed: 950.788s (15m 50s)  15% completed  (15% total)
     Speed:     ev/sec=213.59   simsec/sec=0.9961   ev/simsec=214.426
     Messages:  created: 24852   present: 8   in FES: 5
** Event #196096   t=953.955039506192   Elapsed: 953.9s (15m 53s)  15% completed  (15% total)
     Speed:     ev/sec=164.498   simsec/sec=1.003   ev/simsec=164.006
     Messages:  created: 24918   present: 14   in FES: 6
** Event #196608   t=956.160048037159   Elapsed: 956.176s (15m 56s)  15% completed  (15% total)
     Speed:     ev/sec=224.97   simsec/sec=0.968868   ev/simsec=232.199
     Messages:  created: 24983   present: 16   in FES: 5
** Event #197120   t=958.641910705475   Elapsed: 958.587s (15m 58s)  15% completed  (15% total)
     Speed:     ev/sec=212.359   simsec/sec=1.02939   ev/simsec=206.297
     Messages:  created: 25046   present: 13   in FES: 6
** Event #197632   t=961.441099874034   Elapsed: 961.386s (16m 01s)  15% completed  (15% total)
     Speed:     ev/sec=182.91   simsec/sec=0.999999   ev/simsec=182.91
     Messages:  created: 25110   present: 14   in FES: 6
** Event #198144   t=963.794281362576   Elapsed: 963.74s (16m 03s)  15% completed  (15% total)
     Speed:     ev/sec=217.578   simsec/sec=1   ev/simsec=217.578
     Messages:  created: 25176   present: 20   in FES: 6
** Event #198656   t=967.064855014712   Elapsed: 967.084s (16m 07s)  15% completed  (15% total)
     Speed:     ev/sec=153.107   simsec/sec=0.978024   ev/simsec=156.547
     Messages:  created: 25235   present: 7   in FES: 5
** Event #199168   t=970.863978969568   Elapsed: 970.816s (16m 10s)  15% completed  (15% total)
     Speed:     ev/sec=137.165   simsec/sec=1.01779   ev/simsec=134.768
     Messages:  created: 25299   present: 7   in FES: 5
** Event #199424   t=973.040365244246   Elapsed: 972.986s (16m 12s)  15% completed  (15% total)
     Speed:     ev/sec=118.011   simsec/sec=1.00327   ev/simsec=117.626
     Messages:  created: 25332   present: 9   in FES: 6
** Event #199680   t=975.25619583175   Elapsed: 975.27s (16m 15s)  15% completed  (15% total)
     Speed:     ev/sec=112.067   simsec/sec=0.970008   ev/simsec=115.532
     Messages:  created: 25363   present: 7   in FES: 5
** Event #200192   t=979.201589978699   Elapsed: 979.168s (16m 19s)  15% completed  (15% total)
     Speed:     ev/sec=131.366   simsec/sec=1.01228   ev/simsec=129.772
     Messages:  created: 25427   present: 7   in FES: 5
** Event #200704   t=982.62488590838   Elapsed: 982.611s (16m 22s)  15% completed  (15% total)
     Speed:     ev/sec=148.705   simsec/sec=0.994261   ev/simsec=149.563
     Messages:  created: 25491   present: 7   in FES: 5
** Event #200960   t=984.645815530086   Elapsed: 984.613s (16m 24s)  15% completed  (15% total)
     Speed:     ev/sec=127.833   simsec/sec=1.00915   ev/simsec=126.674
     Messages:  created: 25523   present: 7   in FES: 5
** Event #201216   t=986.650542486923   Elapsed: 986.633s (16m 26s)  15% completed  (15% total)
     Speed:     ev/sec=126.753   simsec/sec=0.992598   ev/simsec=127.698
     Messages:  created: 25555   present: 7   in FES: 5
** Event #201472   t=988.948205264962   Elapsed: 988.894s (16m 28s)  15% completed  (15% total)
     Speed:     ev/sec=113.243   simsec/sec=1.01638   ev/simsec=111.418
     Messages:  created: 25588   present: 10   in FES: 6
** Event #201984   t=991.362546890064   Elapsed: 991.308s (16m 31s)  15% completed  (15% total)
     Speed:     ev/sec=212.066   simsec/sec=1   ev/simsec=212.066
     Messages:  created: 25657   present: 22   in FES: 6
** Event #202752   t=994.123956836166   Elapsed: 994.069s (16m 34s)  15% completed  (15% total)
     Speed:     ev/sec=278.119   simsec/sec=1   ev/simsec=278.119
     Messages:  created: 25761   present: 43   in FES: 6
** Event #203264   t=996.515846594887   Elapsed: 996.461s (16m 36s)  15% completed  (15% total)
     Speed:     ev/sec=214.057   simsec/sec=1   ev/simsec=214.057
     Messages:  created: 25819   present: 27   in FES: 6
** Event #203776   t=998.532402953138   Elapsed: 998.478s (16m 38s)  15% completed  (15% total)
     Speed:     ev/sec=253.898   simsec/sec=1   ev/simsec=253.898
     Messages:  created: 25896   present: 62   in FES: 6
** Event #204288   t=1000.983293648211   Elapsed: 1000.93s (16m 40s)  15% completed  (15% total)
     Speed:     ev/sec=208.904   simsec/sec=1   ev/simsec=208.904
     Messages:  created: 25956   present: 53   in FES: 6
** Event #204800   t=1003.256821788029   Elapsed: 1003.2s (16m 43s)  15% completed  (15% total)
     Speed:     ev/sec=225.2   simsec/sec=0.999997   ev/simsec=225.201
     Messages:  created: 26022   present: 57   in FES: 6
** Event #205568   t=1006.338662222593   Elapsed: 1006.33s (16m 46s)  15% completed  (15% total)
     Speed:     ev/sec=245.351   simsec/sec=0.984548   ev/simsec=249.202
     Messages:  created: 26120   present: 63   in FES: 5
** Event #206080   t=1009.182525407899   Elapsed: 1009.13s (16m 49s)  16% completed  (16% total)
     Speed:     ev/sec=183.152   simsec/sec=1.0173   ev/simsec=180.037
     Messages:  created: 26179   present: 49   in FES: 6
** Event #206848   t=1012.147867653955   Elapsed: 1012.1s (16m 52s)  16% completed  (16% total)
     Speed:     ev/sec=258.47   simsec/sec=0.997983   ev/simsec=258.992
     Messages:  created: 26280   present: 63   in FES: 5
** Event #207360   t=1014.502907105345   Elapsed: 1014.45s (16m 54s)  16% completed  (16% total)
     Speed:     ev/sec=217.961   simsec/sec=1.00255   ev/simsec=217.406
     Messages:  created: 26343   present: 60   in FES: 6
** Event #208128   t=1017.298230461508   Elapsed: 1017.24s (16m 57s)  16% completed  (16% total)
     Speed:     ev/sec=274.745   simsec/sec=1   ev/simsec=274.745
     Messages:  created: 26450   present: 89   in FES: 6
** Event #208896   t=1020.011345207435   Elapsed: 1019.96s (16m 59s)  16% completed  (16% total)
     Speed:     ev/sec=283.069   simsec/sec=1   ev/simsec=283.069
     Messages:  created: 26566   present: 134   in FES: 6
** Event #209408   t=1022.842775002963   Elapsed: 1022.8s (17m 02s)  16% completed  (16% total)
     Speed:     ev/sec=180.295   simsec/sec=0.997056   ev/simsec=180.827
     Messages:  created: 26619   present: 113   in FES: 5
** Event #209920   t=1025.276841403664   Elapsed: 1025.22s (17m 05s)  16% completed  (16% total)
     Speed:     ev/sec=211.073   simsec/sec=1.00345   ev/simsec=210.348
     Messages:  created: 26678   present: 101   in FES: 6
** Event #210432   t=1028.245026760753   Elapsed: 1028.21s (17m 08s)  16% completed  (16% total)
     Speed:     ev/sec=171.542   simsec/sec=0.994472   ev/simsec=172.496
     Messages:  created: 26718   present: 38   in FES: 5
** Event #210944   t=1030.768409389364   Elapsed: 1030.75s (17m 10s)  16% completed  (16% total)
     Speed:     ev/sec=201.004   simsec/sec=0.990643   ev/simsec=202.902
     Messages:  created: 26770   present: 6   in FES: 4
** Event #211456   t=1033.914062227398   Elapsed: 1033.86s (17m 13s)  16% completed  (16% total)
     Speed:     ev/sec=164.878   simsec/sec=1.01298   ev/simsec=162.764
     Messages:  created: 26835   present: 8   in FES: 6
** Event #211712   t=1035.884586413755   Elapsed: 1035.91s (17m 15s)  16% completed  (16% total)
     Speed:     ev/sec=124.54   simsec/sec=0.958628   ev/simsec=129.915
     Messages:  created: 26866   present: 6   in FES: 4
** Event #212224   t=1040.228805650458   Elapsed: 1040.17s (17m 20s)  16% completed  (16% total)
     Speed:     ev/sec=120.212   simsec/sec=1.01997   ev/simsec=117.858
     Messages:  created: 26931   present: 8   in FES: 6
** Event #212736   t=1042.800024681086   Elapsed: 1042.75s (17m 22s)  16% completed  (16% total)
     Speed:     ev/sec=199.126   simsec/sec=0.999994   ev/simsec=199.127
     Messages:  created: 26995   present: 9   in FES: 6
** Event #213248   t=1046.584010618013   Elapsed: 1046.53s (17m 26s)  16% completed  (16% total)
     Speed:     ev/sec=135.307   simsec/sec=1   ev/simsec=135.307
     Messages:  created: 27059   present: 8   in FES: 6
** Event #213760   t=1050.456650175029   Elapsed: 1050.4s (17m 30s)  16% completed  (16% total)
     Speed:     ev/sec=132.21   simsec/sec=1   ev/simsec=132.21
     Messages:  created: 27125   present: 13   in FES: 6
** Event #214272   t=1054.131529198384   Elapsed: 1054.08s (17m 34s)  16% completed  (16% total)
     Speed:     ev/sec=139.324   simsec/sec=0.999998   ev/simsec=139.324
     Messages:  created: 27188   present: 11   in FES: 6
** Event #214784   t=1057.590963280712   Elapsed: 1057.54s (17m 37s)  16% completed  (16% total)
     Speed:     ev/sec=148.001   simsec/sec=1   ev/simsec=148.001
     Messages:  created: 27251   present: 8   in FES: 6
** Event #215040   t=1059.939779624453   Elapsed: 1059.89s (17m 39s)  16% completed  (16% total)
     Speed:     ev/sec=108.991   simsec/sec=1   ev/simsec=108.991
     Messages:  created: 27283   present: 8   in FES: 6
** Event #215296   t=1061.932850606019   Elapsed: 1061.94s (17m 41s)  16% completed  (16% total)
     Speed:     ev/sec=124.497   simsec/sec=0.969265   ev/simsec=128.445
     Messages:  created: 27314   present: 6   in FES: 4
** Event #215552   t=1064.171827166574   Elapsed: 1064.16s (17m 44s)  16% completed  (16% total)
     Speed:     ev/sec=115.29   simsec/sec=1.00832   ev/simsec=114.338
     Messages:  created: 27346   present: 6   in FES: 4
** Event #215808   t=1066.211543144881   Elapsed: 1066.33s (17m 46s)  16% completed  (16% total)
     Speed:     ev/sec=118.273   simsec/sec=0.942355   ev/simsec=125.508
     Messages:  created: 27378   present: 6   in FES: 4
** Event #216320   t=1068.822556086334   Elapsed: 1068.77s (17m 48s)  16% completed  (16% total)
     Speed:     ev/sec=209.706   simsec/sec=1.06942   ev/simsec=196.092
     Messages:  created: 27446   present: 17   in FES: 6
** Event #216832   t=1071.071642821545   Elapsed: 1071.04s (17m 51s)  17% completed  (17% total)
     Speed:     ev/sec=225.826   simsec/sec=0.991996   ev/simsec=227.648
     Messages:  created: 27509   present: 14   in FES: 5
** Event #217344   t=1074.037144784346   Elapsed: 1073.98s (17m 53s)  17% completed  (17% total)
     Speed:     ev/sec=173.715   simsec/sec=1.00615   ev/simsec=172.652
     Messages:  created: 27571   present: 8   in FES: 6
** Event #217856   t=1077.092053966659   Elapsed: 1077.04s (17m 57s)  17% completed  (17% total)
     Speed:     ev/sec=167.599   simsec/sec=1   ev/simsec=167.599
     Messages:  created: 27635   present: 9   in FES: 6
** Event #218368   t=1079.472841834026   Elapsed: 1079.47s (17m 59s)  17% completed  (17% total)
     Speed:     ev/sec=210.723   simsec/sec=0.979857   ev/simsec=215.055
     Messages:  created: 27707   present: 30   in FES: 5
** Event #218880   t=1082.5813881595   Elapsed: 1082.53s (18m 02s)  17% completed  (17% total)
     Speed:     ev/sec=167.342   simsec/sec=1.016   ev/simsec=164.707
     Messages:  created: 27765   present: 15   in FES: 6
** Event #219392   t=1085.018900992488   Elapsed: 1084.96s (18m 04s)  17% completed  (17% total)
     Speed:     ev/sec=210.05   simsec/sec=1   ev/simsec=210.05
     Messages:  created: 27826   present: 7   in FES: 5
** Event #219904   t=1087.767037084887   Elapsed: 1087.71s (18m 07s)  17% completed  (17% total)
     Speed:     ev/sec=186.308   simsec/sec=1   ev/simsec=186.308
     Messages:  created: 27897   present: 25   in FES: 6
** Event #220416   t=1090.572955632194   Elapsed: 1090.52s (18m 10s)  17% completed  (17% total)
     Speed:     ev/sec=182.472   simsec/sec=1   ev/simsec=182.471
     Messages:  created: 27954   present: 7   in FES: 5
** Event #220672   t=1092.785104059402   Elapsed: 1092.73s (18m 12s)  17% completed  (17% total)
     Speed:     ev/sec=115.721   simsec/sec=0.999972   ev/simsec=115.725
     Messages:  created: 27986   present: 7   in FES: 5
** Event #220928   t=1094.906494022706   Elapsed: 1094.85s (18m 14s)  17% completed  (17% total)
     Speed:     ev/sec=120.679   simsec/sec=1.00003   ev/simsec=120.676
     Messages:  created: 28018   present: 7   in FES: 5
** Event #221440   t=1098.194623026784   Elapsed: 1098.14s (18m 18s)  17% completed  (17% total)
     Speed:     ev/sec=155.708   simsec/sec=0.999979   ev/simsec=155.712
     Messages:  created: 28083   present: 10   in FES: 6
** Event #221696   t=1100.792879029914   Elapsed: 1100.74s (18m 20s)  17% completed  (17% total)
     Speed:     ev/sec=98.5302   simsec/sec=1.00003   ev/simsec=98.5276
     Messages:  created: 28115   present: 9   in FES: 6
** Event #221952   t=1104.152394607697   Elapsed: 1104.1s (18m 24s)  17% completed  (17% total)
     Speed:     ev/sec=76.2015   simsec/sec=1   ev/simsec=76.2015
     Messages:  created: 28146   present: 8   in FES: 6
** Event #222208   t=1107.089362037946   Elapsed: 1107.03s (18m 27s)  17% completed  (17% total)
     Speed:     ev/sec=87.1647   simsec/sec=0.999999   ev/simsec=87.1647
     Messages:  created: 28178   present: 7   in FES: 5
** Event #222464   t=1109.375920919295   Elapsed: 1109.32s (18m 29s)  17% completed  (17% total)
     Speed:     ev/sec=111.959   simsec/sec=1   ev/simsec=111.959
     Messages:  created: 28212   present: 12   in FES: 6
** Event #222720   t=1112.877478255151   Elapsed: 1112.82s (18m 32s)  17% completed  (17% total)
     Speed:     ev/sec=73.1103   simsec/sec=1   ev/simsec=73.1103
     Messages:  created: 28242   present: 7   in FES: 5
** Event #222976   t=1115.176674561953   Elapsed: 1115.12s (18m 35s)  17% completed  (17% total)
     Speed:     ev/sec=111.343   simsec/sec=1   ev/simsec=111.343
     Messages:  created: 28274   present: 7   in FES: 5
** Event #223232   t=1117.381845035105   Elapsed: 1117.33s (18m 37s)  17% completed  (17% total)
     Speed:     ev/sec=116.091   simsec/sec=0.999999   ev/simsec=116.091
     Messages:  created: 28306   present: 7   in FES: 5
** Event #223488   t=1119.989209323631   Elapsed: 1119.93s (18m 39s)  17% completed  (17% total)
     Speed:     ev/sec=98.1786   simsec/sec=0.99995   ev/simsec=98.1834
     Messages:  created: 28338   present: 7   in FES: 5
** Event #223744   t=1123.360530292671   Elapsed: 1123.31s (18m 43s)  17% completed  (17% total)
     Speed:     ev/sec=75.9376   simsec/sec=1.00004   ev/simsec=75.9346
     Messages:  created: 28370   present: 8   in FES: 6
** Event #224000   t=1125.871984747025   Elapsed: 1125.82s (18m 45s)  17% completed  (17% total)
     Speed:     ev/sec=101.933   simsec/sec=1   ev/simsec=101.933
     Messages:  created: 28402   present: 8   in FES: 6
** Event #224512   t=1128.843305545985   Elapsed: 1128.79s (18m 48s)  17% completed  (17% total)
     Speed:     ev/sec=172.314   simsec/sec=1   ev/simsec=172.314
     Messages:  created: 28467   present: 10   in FES: 6
** Event #225024   t=1132.047070270272   Elapsed: 1131.99s (18m 51s)  17% completed  (17% total)
     Speed:     ev/sec=159.812   simsec/sec=1   ev/simsec=159.812
     Messages:  created: 28530   present: 7   in FES: 5
** Event #225280   t=1134.427640547272   Elapsed: 1134.37s (18m 54s)  18% completed  (18% total)
     Speed:     ev/sec=107.537   simsec/sec=0.999998   ev/simsec=107.537
     Messages:  created: 28563   present: 9   in FES: 6
** Event #225536   t=1136.866797045816   Elapsed: 1136.81s (18m 56s)  18% completed  (18% total)
     Speed:     ev/sec=104.955   simsec/sec=1   ev/simsec=104.954
     Messages:  created: 28594   present: 8   in FES: 6
** Event #225792   t=1140.367314304646   Elapsed: 1140.4s (19m 00s)  18% completed  (18% total)
     Speed:     ev/sec=71.4191   simsec/sec=0.976577   ev/simsec=73.132
     Messages:  created: 28625   present: 6   in FES: 4
** Event #226048   t=1142.713930827839   Elapsed: 1142.66s (19m 02s)  18% completed  (18% total)
     Speed:     ev/sec=113.141   simsec/sec=1.03711   ev/simsec=109.093
     Messages:  created: 28658   present: 10   in FES: 6
** Event #226304   t=1145.897312351241   Elapsed: 1145.84s (19m 05s)  18% completed  (18% total)
     Speed:     ev/sec=80.4177   simsec/sec=1   ev/simsec=80.4176
     Messages:  created: 28690   present: 10   in FES: 6
** Event #226816   t=1148.921135881317   Elapsed: 1148.87s (19m 08s)  18% completed  (18% total)
     Speed:     ev/sec=169.32   simsec/sec=0.999987   ev/simsec=169.322
     Messages:  created: 28757   present: 18   in FES: 6
** Event #227328   t=1153.019625452622   Elapsed: 1152.96s (19m 12s)  18% completed  (18% total)
     Speed:     ev/sec=124.924   simsec/sec=1   ev/simsec=124.924
     Messages:  created: 28819   present: 11   in FES: 6
** Event #227840   t=1155.31338840229   Elapsed: 1155.26s (19m 15s)  18% completed  (18% total)
     Speed:     ev/sec=223.217   simsec/sec=1.00001   ev/simsec=223.214
     Messages:  created: 28889   present: 27   in FES: 6
** Event #228608   t=1157.892831342363   Elapsed: 1157.84s (19m 17s)  18% completed  (18% total)
     Speed:     ev/sec=297.743   simsec/sec=1.00002   ev/simsec=297.739
     Messages:  created: 29002   present: 74   in FES: 6
** Event #229120   t=1160.570091305407   Elapsed: 1160.52s (19m 20s)  18% completed  (18% total)
     Speed:     ev/sec=190.863   simsec/sec=0.998025   ev/simsec=191.24
     Messages:  created: 29058   present: 52   in FES: 5
** Event #229632   t=1162.93318603061   Elapsed: 1162.88s (19m 22s)  18% completed  (18% total)
     Speed:     ev/sec=217.148   simsec/sec=1.00223   ev/simsec=216.665
     Messages:  created: 29117   present: 39   in FES: 6
** Event #230144   t=1165.337082442272   Elapsed: 1165.28s (19m 25s)  18% completed  (18% total)
     Speed:     ev/sec=212.988   simsec/sec=1   ev/simsec=212.988
     Messages:  created: 29181   present: 38   in FES: 6
** Event #230656   t=1167.950115747092   Elapsed: 1167.91s (19m 27s)  18% completed  (18% total)
     Speed:     ev/sec=194.565   simsec/sec=0.992976   ev/simsec=195.941
     Messages:  created: 29238   present: 20   in FES: 5
** Event #231168   t=1170.477485793725   Elapsed: 1170.42s (19m 30s)  18% completed  (18% total)
     Speed:     ev/sec=204.074   simsec/sec=1.00736   ev/simsec=202.582
     Messages:  created: 29298   present: 9   in FES: 6
** Event #231680   t=1173.092920787165   Elapsed: 1173.04s (19m 33s)  18% completed  (18% total)
     Speed:     ev/sec=195.409   simsec/sec=0.998203   ev/simsec=195.761
     Messages:  created: 29363   present: 12   in FES: 5
** Event #232192   t=1176.471906715441   Elapsed: 1176.42s (19m 36s)  18% completed  (18% total)
     Speed:     ev/sec=151.736   simsec/sec=1.0014   ev/simsec=151.525
     Messages:  created: 29426   present: 10   in FES: 6
** Event #232704   t=1178.98312951296   Elapsed: 1178.94s (19m 38s)  18% completed  (18% total)
     Speed:     ev/sec=202.78   simsec/sec=0.994582   ev/simsec=203.885
     Messages:  created: 29491   present: 12   in FES: 5
** Event #233216   t=1181.198981245691   Elapsed: 1181.22s (19m 41s)  18% completed  (18% total)
     Speed:     ev/sec=224.727   simsec/sec=0.972584   ev/simsec=231.062
     Messages:  created: 29558   present: 20   in FES: 5
** Event #233728   t=1183.472733814687   Elapsed: 1183.45s (19m 43s)  18% completed  (18% total)
     Speed:     ev/sec=229.995   simsec/sec=1.02139   ev/simsec=225.178
     Messages:  created: 29622   present: 20   in FES: 5
** Event #234240   t=1187.006702498501   Elapsed: 1186.95s (19m 46s)  18% completed  (18% total)
     Speed:     ev/sec=146.059   simsec/sec=1.00814   ev/simsec=144.88
     Messages:  created: 29682   present: 8   in FES: 6
** Event #234752   t=1189.667912795443   Elapsed: 1189.61s (19m 49s)  18% completed  (18% total)
     Speed:     ev/sec=192.394   simsec/sec=0.999999   ev/simsec=192.394
     Messages:  created: 29749   present: 17   in FES: 6
** Event #235264   t=1192.858044483042   Elapsed: 1192.8s (19m 52s)  18% completed  (18% total)
     Speed:     ev/sec=160.495   simsec/sec=1   ev/simsec=160.495
     Messages:  created: 29809   present: 7   in FES: 5
** Event #235520   t=1196.55894653613   Elapsed: 1196.5s (19m 56s)  18% completed  (18% total)
     Speed:     ev/sec=69.1723   simsec/sec=1   ev/simsec=69.1723
     Messages:  created: 29841   present: 7   in FES: 5
** Event #236032   t=1201.835162915376   Elapsed: 1201.78s (20m 01s)  19% completed  (19% total)
     Speed:     ev/sec=97.0392   simsec/sec=1   ev/simsec=97.0392
     Messages:  created: 29905   present: 7   in FES: 5
** Event #236288   t=1205.282958515206   Elapsed: 1205.23s (20m 05s)  19% completed  (19% total)
     Speed:     ev/sec=74.2504   simsec/sec=1   ev/simsec=74.2503
     Messages:  created: 29937   present: 8   in FES: 6
** Event #236544   t=1208.232902510909   Elapsed: 1208.18s (20m 08s)  19% completed  (19% total)
     Speed:     ev/sec=86.7812   simsec/sec=0.999999   ev/simsec=86.7813
     Messages:  created: 29969   present: 7   in FES: 5
** Event #236800   t=1210.59995451385   Elapsed: 1210.55s (20m 10s)  19% completed  (19% total)
     Speed:     ev/sec=108.151   simsec/sec=1   ev/simsec=108.151
     Messages:  created: 30004   present: 16   in FES: 6
** Event #237312   t=1215.457866434348   Elapsed: 1215.4s (20m 15s)  19% completed  (19% total)
     Speed:     ev/sec=105.395   simsec/sec=0.999996   ev/simsec=105.395
     Messages:  created: 30065   present: 7   in FES: 5
** Event #237568   t=1217.516690182771   Elapsed: 1217.46s (20m 17s)  19% completed  (19% total)
     Speed:     ev/sec=124.344   simsec/sec=1.00001   ev/simsec=124.343
     Messages:  created: 30097   present: 8   in FES: 6
** Event #238080   t=1220.641061968471   Elapsed: 1220.59s (20m 20s)  19% completed  (19% total)
     Speed:     ev/sec=163.873   simsec/sec=1   ev/simsec=163.873
     Messages:  created: 30161   present: 9   in FES: 6
** Event #238592   t=1223.872570894095   Elapsed: 1223.82s (20m 23s)  19% completed  (19% total)
     Speed:     ev/sec=158.44   simsec/sec=1   ev/simsec=158.44
     Messages:  created: 30225   present: 8   in FES: 6
** Event #239104   t=1229.134995967896   Elapsed: 1229.08s (20m 29s)  19% completed  (19% total)
     Speed:     ev/sec=97.2919   simsec/sec=0.999983   ev/simsec=97.2935
     Messages:  created: 30289   present: 7   in FES: 5
** Event #239360   t=1232.183700602754   Elapsed: 1232.13s (20m 32s)  19% completed  (19% total)
     Speed:     ev/sec=83.9726   simsec/sec=1.00003   ev/simsec=83.9701
     Messages:  created: 30321   present: 9   in FES: 6
** Event #239616   t=1234.269232622898   Elapsed: 1234.21s (20m 34s)  19% completed  (19% total)
     Speed:     ev/sec=122.75   simsec/sec=0.999999   ev/simsec=122.75
     Messages:  created: 30355   present: 13   in FES: 6
** Event #239872   t=1236.862369897416   Elapsed: 1236.81s (20m 36s)  19% completed  (19% total)
     Speed:     ev/sec=98.7221   simsec/sec=1   ev/simsec=98.7221
     Messages:  created: 30385   present: 8   in FES: 6
** Event #240128   t=1239.322603419382   Elapsed: 1239.27s (20m 39s)  19% completed  (19% total)
     Speed:     ev/sec=104.055   simsec/sec=1   ev/simsec=104.055
     Messages:  created: 30418   present: 10   in FES: 6
** Event #240640   t=1243.270476474978   Elapsed: 1243.22s (20m 43s)  19% completed  (19% total)
     Speed:     ev/sec=129.69   simsec/sec=1   ev/simsec=129.69
     Messages:  created: 30481   present: 8   in FES: 6
** Event #241152   t=1246.857521948016   Elapsed: 1246.8s (20m 46s)  19% completed  (19% total)
     Speed:     ev/sec=142.735   simsec/sec=0.999993   ev/simsec=142.736
     Messages:  created: 30545   present: 9   in FES: 6
** Event #241408   t=1250.158393488926   Elapsed: 1250.1s (20m 50s)  19% completed  (19% total)
     Speed:     ev/sec=77.5558   simsec/sec=1.00001   ev/simsec=77.5553
     Messages:  created: 30578   present: 10   in FES: 6
** Event #241920   t=1252.404982308703   Elapsed: 1252.35s (20m 52s)  19% completed  (19% total)
     Speed:     ev/sec=227.899   simsec/sec=0.99999   ev/simsec=227.901
     Messages:  created: 30643   present: 14   in FES: 6
** Event #242432   t=1254.567438509234   Elapsed: 1254.51s (20m 54s)  19% completed  (19% total)
     Speed:     ev/sec=236.77   simsec/sec=1.00001   ev/simsec=236.768
     Messages:  created: 30717   present: 39   in FES: 6
** Event #243200   t=1257.733058740865   Elapsed: 1257.68s (20m 57s)  19% completed  (19% total)
     Speed:     ev/sec=242.607   simsec/sec=1   ev/simsec=242.606
     Messages:  created: 30817   present: 50   in FES: 6
** Event #243712   t=1261.226901167325   Elapsed: 1261.17s (21m 01s)  20% completed  (20% total)
     Speed:     ev/sec=146.543   simsec/sec=0.999999   ev/simsec=146.544
     Messages:  created: 30864   present: 7   in FES: 5
** Event #244224   t=1266.569791204241   Elapsed: 1266.52s (21m 06s)  20% completed  (20% total)
     Speed:     ev/sec=95.8283   simsec/sec=1   ev/simsec=95.8283
     Messages:  created: 30928   present: 8   in FES: 6
** Event #244736   t=1270.613969572217   Elapsed: 1270.56s (21m 10s)  20% completed  (20% total)
     Speed:     ev/sec=126.602   simsec/sec=1   ev/simsec=126.602
     Messages:  created: 30993   present: 9   in FES: 6
** Event #244992   t=1273.053937900204   Elapsed: 1273s (21m 12s)  20% completed  (20% total)
     Speed:     ev/sec=104.918   simsec/sec=0.999985   ev/simsec=104.919
     Messages:  created: 31024   present: 7   in FES: 5
** Event #245504   t=1276.602638562951   Elapsed: 1276.55s (21m 16s)  20% completed  (20% total)
     Speed:     ev/sec=144.28   simsec/sec=1.00001   ev/simsec=144.278
     Messages:  created: 31088   present: 8   in FES: 6
** Event #246016   t=1279.911287157196   Elapsed: 1279.86s (21m 19s)  20% completed  (20% total)
     Speed:     ev/sec=154.746   simsec/sec=0.999999   ev/simsec=154.746
     Messages:  created: 31153   present: 9   in FES: 6
** Event #246528   t=1283.184223304802   Elapsed: 1283.13s (21m 23s)  20% completed  (20% total)
     Speed:     ev/sec=156.432   simsec/sec=0.999983   ev/simsec=156.434
     Messages:  created: 31216   present: 7   in FES: 5
** Event #247040   t=1287.491526278208   Elapsed: 1287.44s (21m 27s)  20% completed  (20% total)
     Speed:     ev/sec=118.869   simsec/sec=1.00001   ev/simsec=118.868
     Messages:  created: 31280   present: 7   in FES: 5
** Event #247296   t=1289.809216876578   Elapsed: 1289.75s (21m 29s)  20% completed  (20% total)
     Speed:     ev/sec=110.455   simsec/sec=1   ev/simsec=110.455
     Messages:  created: 31315   present: 14   in FES: 6
** Event #247808   t=1292.787296064679   Elapsed: 1292.73s (21m 32s)  20% completed  (20% total)
     Speed:     ev/sec=171.818   simsec/sec=0.99939   ev/simsec=171.923
     Messages:  created: 31377   present: 10   in FES: 5
** Event #248320   t=1296.755609998393   Elapsed: 1296.7s (21m 36s)  20% completed  (20% total)
     Speed:     ev/sec=129.081   simsec/sec=1.00046   ev/simsec=129.022
     Messages:  created: 31440   present: 8   in FES: 6
** Event #248832   t=1299.238472432505   Elapsed: 1299.19s (21m 39s)  20% completed  (20% total)
     Speed:     ev/sec=205.768   simsec/sec=0.997839   ev/simsec=206.214
     Messages:  created: 31511   present: 26   in FES: 5
** Event #249344   t=1302.576473317154   Elapsed: 1302.52s (21m 42s)  20% completed  (20% total)
     Speed:     ev/sec=153.627   simsec/sec=1.00157   ev/simsec=153.385
     Messages:  created: 31568   present: 7   in FES: 5
** Event #249600   t=1304.692252027991   Elapsed: 1304.64s (21m 44s)  20% completed  (20% total)
     Speed:     ev/sec=121.003   simsec/sec=1.00006   ev/simsec=120.996
     Messages:  created: 31600   present: 8   in FES: 6
** Event #250112   t=1307.819934432353   Elapsed: 1307.77s (21m 47s)  20% completed  (20% total)
     Speed:     ev/sec=163.7   simsec/sec=1   ev/simsec=163.699
     Messages:  created: 31664   present: 8   in FES: 6
** Event #250624   t=1311.583814066061   Elapsed: 1311.53s (21m 51s)  20% completed  (20% total)
     Speed:     ev/sec=136.03   simsec/sec=1   ev/simsec=136.03
     Messages:  created: 31728   present: 7   in FES: 5
** Event #250880   t=1313.776086203998   Elapsed: 1313.72s (21m 53s)  20% completed  (20% total)
     Speed:     ev/sec=116.77   simsec/sec=0.99997   ev/simsec=116.774
     Messages:  created: 31760   present: 7   in FES: 5
** Event #251136   t=1315.933793057307   Elapsed: 1315.9s (21m 55s)  20% completed  (20% total)
     Speed:     ev/sec=117.774   simsec/sec=0.992666   ev/simsec=118.644
     Messages:  created: 31793   present: 10   in FES: 5
** Event #251392   t=1318.603254025711   Elapsed: 1318.55s (21m 58s)  20% completed  (20% total)
     Speed:     ev/sec=96.4776   simsec/sec=1.00603   ev/simsec=95.8995
     Messages:  created: 31824   present: 7   in FES: 5
** Event #251648   t=1321.880722150507   Elapsed: 1321.83s (22m 01s)  20% completed  (20% total)
     Speed:     ev/sec=78.1093   simsec/sec=1   ev/simsec=78.1091
     Messages:  created: 31856   present: 8   in FES: 6
** Event #252160   t=1324.820438441807   Elapsed: 1324.77s (22m 04s)  21% completed  (21% total)
     Speed:     ev/sec=174.166   simsec/sec=1   ev/simsec=174.166
     Messages:  created: 31920   present: 8   in FES: 6
** Event #252672   t=1327.001394088196   Elapsed: 1326.96s (22m 06s)  21% completed  (21% total)
     Speed:     ev/sec=233.698   simsec/sec=0.995477   ev/simsec=234.759
     Messages:  created: 31984   present: 9   in FES: 5
** Event #252928   t=1330.543102680332   Elapsed: 1330.49s (22m 10s)  21% completed  (21% total)
     Speed:     ev/sec=72.4843   simsec/sec=1.00281   ev/simsec=72.2815
     Messages:  created: 32015   present: 7   in FES: 5
** Event #253184   t=1333.32323800146   Elapsed: 1333.27s (22m 13s)  21% completed  (21% total)
     Speed:     ev/sec=92.0818   simsec/sec=1   ev/simsec=92.0818
     Messages:  created: 32048   present: 8   in FES: 6
** Event #253696   t=1337.414867798646   Elapsed: 1337.39s (22m 17s)  21% completed  (21% total)
     Speed:     ev/sec=124.247   simsec/sec=0.992912   ev/simsec=125.134
     Messages:  created: 32112   present: 9   in FES: 5
** Event #254208   t=1340.085862533292   Elapsed: 1340.03s (22m 20s)  21% completed  (21% total)
     Speed:     ev/sec=193.741   simsec/sec=1.0107   ev/simsec=191.689
     Messages:  created: 32176   present: 9   in FES: 5
** Event #254720   t=1343.562302095428   Elapsed: 1343.51s (22m 23s)  21% completed  (21% total)
     Speed:     ev/sec=147.316   simsec/sec=1.00027   ev/simsec=147.277
     Messages:  created: 32241   present: 12   in FES: 6
** Event #254976   t=1346.35950529294   Elapsed: 1346.3s (22m 26s)  21% completed  (21% total)
     Speed:     ev/sec=91.52   simsec/sec=1   ev/simsec=91.52
     Messages:  created: 32271   present: 7   in FES: 5
** Event #255488   t=1348.690158685089   Elapsed: 1348.64s (22m 28s)  21% completed  (21% total)
     Speed:     ev/sec=219.681   simsec/sec=1   ev/simsec=219.681
     Messages:  created: 32336   present: 8   in FES: 6
** Event #255744   t=1351.087450098482   Elapsed: 1351.03s (22m 31s)  21% completed  (21% total)
     Speed:     ev/sec=106.787   simsec/sec=1   ev/simsec=106.787
     Messages:  created: 32367   present: 7   in FES: 5
** Event #256000   t=1353.795960426561   Elapsed: 1353.74s (22m 33s)  21% completed  (21% total)
     Speed:     ev/sec=94.5169   simsec/sec=1   ev/simsec=94.5169
     Messages:  created: 32400   present: 8   in FES: 6
** Event #256256   t=1357.054027711263   Elapsed: 1357s (22m 36s)  21% completed  (21% total)
     Speed:     ev/sec=78.5742   simsec/sec=1   ev/simsec=78.5742
     Messages:  created: 32431   present: 7   in FES: 5
** Event #256512   t=1360.430214675142   Elapsed: 1360.38s (22m 40s)  21% completed  (21% total)
     Speed:     ev/sec=75.8252   simsec/sec=1   ev/simsec=75.8252
     Messages:  created: 32463   present: 7   in FES: 5
** Event #256768   t=1364.806233759444   Elapsed: 1364.75s (22m 44s)  21% completed  (21% total)
     Speed:     ev/sec=58.5006   simsec/sec=1   ev/simsec=58.5007
     Messages:  created: 32495   present: 7   in FES: 5
** Event #257024   t=1369.227097548702   Elapsed: 1369.17s (22m 49s)  21% completed  (21% total)
     Speed:     ev/sec=57.9069   simsec/sec=0.999994   ev/simsec=57.9072
     Messages:  created: 32527   present: 7   in FES: 5
** Event #257280   t=1372.577114610221   Elapsed: 1372.52s (22m 52s)  21% completed  (21% total)
     Speed:     ev/sec=76.4181   simsec/sec=1.00001   ev/simsec=76.4175
     Messages:  created: 32561   present: 11   in FES: 6
** Event #258048   t=1375.336044541773   Elapsed: 1375.28s (22m 55s)  21% completed  (21% total)
     Speed:     ev/sec=278.369   simsec/sec=1   ev/simsec=278.369
     Messages:  created: 32673   present: 55   in FES: 6
** Event #258560   t=1377.948892144151   Elapsed: 1377.89s (22m 57s)  21% completed  (21% total)
     Speed:     ev/sec=195.955   simsec/sec=1   ev/simsec=195.955
     Messages:  created: 32742   present: 68   in FES: 6
** Event #259072   t=1380.208336581844   Elapsed: 1380.15s (23m 00s)  21% completed  (21% total)
     Speed:     ev/sec=226.602   simsec/sec=0.999989   ev/simsec=226.604
     Messages:  created: 32796   present: 41   in FES: 6
** Event #259584   t=1384.514823473389   Elapsed: 1384.46s (23m 04s)  21% completed  (21% total)
     Speed:     ev/sec=118.89   simsec/sec=1   ev/simsec=118.89
     Messages:  created: 32847   present: 7   in FES: 5
** Event #259840   t=1387.203348534692   Elapsed: 1387.15s (23m 07s)  22% completed  (22% total)
     Speed:     ev/sec=95.2204   simsec/sec=1.00001   ev/simsec=95.2195
     Messages:  created: 32879   present: 7   in FES: 5
** Event #260352   t=1391.798404309238   Elapsed: 1391.74s (23m 11s)  22% completed  (22% total)
     Speed:     ev/sec=111.424   simsec/sec=1   ev/simsec=111.424
     Messages:  created: 32943   present: 7   in FES: 5
** Event #260608   t=1394.638823122342   Elapsed: 1394.58s (23m 14s)  22% completed  (22% total)
     Speed:     ev/sec=90.1275   simsec/sec=1   ev/simsec=90.1276
     Messages:  created: 32975   present: 7   in FES: 5
** Event #261120   t=1397.148175079164   Elapsed: 1397.09s (23m 17s)  22% completed  (22% total)
     Speed:     ev/sec=204.037   simsec/sec=1   ev/simsec=204.037
     Messages:  created: 33040   present: 11   in FES: 6
** Event #261632   t=1400.380638522264   Elapsed: 1400.33s (23m 20s)  22% completed  (22% total)
     Speed:     ev/sec=158.393   simsec/sec=1   ev/simsec=158.393
     Messages:  created: 33106   present: 15   in FES: 6
** Event #262144   t=1405.165319478396   Elapsed: 1405.12s (23m 25s)  22% completed  (22% total)
     Speed:     ev/sec=106.871   simsec/sec=0.998714   ev/simsec=107.008
     Messages:  created: 33167   present: 8   in FES: 5
** Event #262400   t=1407.811029776573   Elapsed: 1407.76s (23m 27s)  22% completed  (22% total)
     Speed:     ev/sec=96.945   simsec/sec=1.00191   ev/simsec=96.7604
     Messages:  created: 33199   present: 8   in FES: 5
** Event #262912   t=1411.588977543762   Elapsed: 1411.53s (23m 31s)  22% completed  (22% total)
     Speed:     ev/sec=135.564   simsec/sec=1.0003   ev/simsec=135.523
     Messages:  created: 33263   present: 7   in FES: 5
** Event #263168   t=1413.865413185444   Elapsed: 1413.81s (23m 33s)  22% completed  (22% total)
     Speed:     ev/sec=112.457   simsec/sec=1   ev/simsec=112.457
     Messages:  created: 33295   present: 7   in FES: 5
** Event #263680   t=1418.693357173716   Elapsed: 1418.64s (23m 38s)  22% completed  (22% total)
     Speed:     ev/sec=106.048   simsec/sec=0.999991   ev/simsec=106.049
     Messages:  created: 33359   present: 7   in FES: 5
** Event #263936   t=1421.716221979717   Elapsed: 1421.66s (23m 41s)  22% completed  (22% total)
     Speed:     ev/sec=84.6891   simsec/sec=1.00001   ev/simsec=84.6879
     Messages:  created: 33391   present: 7   in FES: 5
** Event #264192   t=1424.365308082685   Elapsed: 1424.31s (23m 44s)  22% completed  (22% total)
     Speed:     ev/sec=96.6345   simsec/sec=0.999973   ev/simsec=96.6371
     Messages:  created: 33423   present: 7   in FES: 5
** Event #264704   t=1427.967319006188   Elapsed: 1427.91s (23m 47s)  22% completed  (22% total)
     Speed:     ev/sec=142.146   simsec/sec=1.00002   ev/simsec=142.143
     Messages:  created: 33488   present: 10   in FES: 6
** Event #265216   t=1433.178704120595   Elapsed: 1433.12s (23m 53s)  22% completed  (22% total)
     Speed:     ev/sec=98.2448   simsec/sec=0.999983   ev/simsec=98.2464
     Messages:  created: 33551   present: 7   in FES: 5
** Event #265728   t=1436.200726976291   Elapsed: 1436.15s (23m 56s)  22% completed  (22% total)
     Speed:     ev/sec=169.428   simsec/sec=1.00003   ev/simsec=169.423
     Messages:  created: 33619   present: 18   in FES: 6
** Event #266240   t=1438.776517263327   Elapsed: 1438.77s (23m 58s)  22% completed  (22% total)
     Speed:     ev/sec=194.838   simsec/sec=0.980201   ev/simsec=198.774
     Messages:  created: 33679   present: 8   in FES: 5
** Event #266752   t=1441.904827642158   Elapsed: 1441.85s (24m 01s)  22% completed  (22% total)
     Speed:     ev/sec=166.362   simsec/sec=1.01647   ev/simsec=163.667
     Messages:  created: 33742   present: 7   in FES: 5
** Event #267264   t=1444.844657051448   Elapsed: 1444.79s (24m 04s)  22% completed  (22% total)
     Speed:     ev/sec=174.239   simsec/sec=1.00046   ev/simsec=174.16
     Messages:  created: 33813   present: 26   in FES: 6
** Event #267776   t=1447.586640385759   Elapsed: 1447.53s (24m 07s)  22% completed  (22% total)
     Speed:     ev/sec=186.726   simsec/sec=1   ev/simsec=186.726
     Messages:  created: 33873   present: 14   in FES: 6
** Event #268288   t=1451.606034017387   Elapsed: 1451.55s (24m 11s)  23% completed  (23% total)
     Speed:     ev/sec=127.377   simsec/sec=0.999954   ev/simsec=127.382
     Messages:  created: 33934   present: 7   in FES: 5
** Event #268544   t=1455.638249091643   Elapsed: 1455.6s (24m 15s)  23% completed  (23% total)
     Speed:     ev/sec=63.2555   simsec/sec=0.996328   ev/simsec=63.4887
     Messages:  created: 33969   present: 15   in FES: 5
** Event #268800   t=1459.680933629324   Elapsed: 1459.66s (24m 19s)  23% completed  (23% total)
     Speed:     ev/sec=63.073   simsec/sec=0.996031   ev/simsec=63.3243
     Messages:  created: 33998   present: 7   in FES: 5
** Event #269056   t=1463.340367111138   Elapsed: 1463.29s (24m 23s)  23% completed  (23% total)
     Speed:     ev/sec=70.5568   simsec/sec=1.00859   ev/simsec=69.9562
     Messages:  created: 34031   present: 10   in FES: 6
** Event #269568   t=1465.644258341792   Elapsed: 1465.59s (24m 25s)  23% completed  (23% total)
     Speed:     ev/sec=222.233   simsec/sec=1   ev/simsec=222.233
     Messages:  created: 34102   present: 28   in FES: 6
** Event #269824   t=1467.754069061008   Elapsed: 1467.72s (24m 27s)  23% completed  (23% total)
     Speed:     ev/sec=120.216   simsec/sec=0.990756   ev/simsec=121.338
     Messages:  created: 34126   present: 7   in FES: 5
** Event #270080   t=1470.265988080197   Elapsed: 1470.22s (24m 30s)  23% completed  (23% total)
     Speed:     ev/sec=102.496   simsec/sec=1.00571   ev/simsec=101.914
     Messages:  created: 34158   present: 7   in FES: 5
** Event #270336   t=1472.865294610154   Elapsed: 1472.81s (24m 32s)  23% completed  (23% total)
     Speed:     ev/sec=98.6938   simsec/sec=1.00209   ev/simsec=98.4878
     Messages:  created: 34192   present: 13   in FES: 6
** Event #270592   t=1474.97956799897   Elapsed: 1474.95s (24m 34s)  23% completed  (23% total)
     Speed:     ev/sec=119.815   simsec/sec=0.989535   ev/simsec=121.082
     Messages:  created: 34222   present: 7   in FES: 5
** Event #270848   t=1477.574167188713   Elapsed: 1477.52s (24m 37s)  23% completed  (23% total)
     Speed:     ev/sec=99.5242   simsec/sec=1.00869   ev/simsec=98.6665
     Messages:  created: 34256   present: 11   in FES: 6
** Event #271360   t=1481.683663815344   Elapsed: 1481.63s (24m 41s)  23% completed  (23% total)
     Speed:     ev/sec=124.589   simsec/sec=1   ev/simsec=124.589
     Messages:  created: 34320   present: 13   in FES: 6
** Event #271872   t=1484.470876086293   Elapsed: 1484.42s (24m 44s)  23% completed  (23% total)
     Speed:     ev/sec=183.437   simsec/sec=0.99859   ev/simsec=183.696
     Messages:  created: 34382   present: 7   in FES: 5
** Event #272384   t=1486.798673947782   Elapsed: 1486.74s (24m 46s)  23% completed  (23% total)
     Speed:     ev/sec=220.323   simsec/sec=1.00169   ev/simsec=219.95
     Messages:  created: 34451   present: 20   in FES: 6
** Event #272896   t=1489.69411804388   Elapsed: 1489.64s (24m 49s)  23% completed  (23% total)
     Speed:     ev/sec=176.83   simsec/sec=1   ev/simsec=176.83
     Messages:  created: 34511   present: 9   in FES: 6
** Event #273408   t=1492.745503904662   Elapsed: 1492.69s (24m 52s)  23% completed  (23% total)
     Speed:     ev/sec=167.79   simsec/sec=0.999987   ev/simsec=167.793
     Messages:  created: 34578   present: 17   in FES: 6
** Event #273920   t=1495.4039657658   Elapsed: 1495.35s (24m 55s)  23% completed  (23% total)
     Speed:     ev/sec=192.596   simsec/sec=1.00002   ev/simsec=192.593
     Messages:  created: 34639   present: 10   in FES: 6
** Event #274432   t=1498.434531933112   Elapsed: 1498.38s (24m 58s)  23% completed  (23% total)
     Speed:     ev/sec=168.674   simsec/sec=0.998393   ev/simsec=168.945
     Messages:  created: 34702   present: 7   in FES: 5
** Event #274944   t=1501.188688887745   Elapsed: 1501.13s (25m 01s)  23% completed  (23% total)
     Speed:     ev/sec=186.231   simsec/sec=1.00177   ev/simsec=185.901
     Messages:  created: 34766   present: 9   in FES: 6
** Event #275456   t=1503.914004675754   Elapsed: 1503.86s (25m 03s)  23% completed  (23% total)
     Speed:     ev/sec=187.868   simsec/sec=1   ev/simsec=187.868
     Messages:  created: 34835   present: 21   in FES: 6
** Event #276224   t=1506.716333253891   Elapsed: 1506.67s (25m 06s)  23% completed  (23% total)
     Speed:     ev/sec=273.648   simsec/sec=0.998506   ev/simsec=274.058
     Messages:  created: 34943   present: 54   in FES: 5
** Event #276736   t=1509.231946215604   Elapsed: 1509.18s (25m 09s)  23% completed  (23% total)
     Speed:     ev/sec=203.841   simsec/sec=1.00153   ev/simsec=203.529
     Messages:  created: 34995   present: 22   in FES: 5
** Event #277504   t=1512.221505683857   Elapsed: 1512.17s (25m 12s)  24% completed  (24% total)
     Speed:     ev/sec=256.924   simsec/sec=1.00011   ev/simsec=256.894
     Messages:  created: 35101   present: 49   in FES: 6
** Event #278016   t=1514.243572625596   Elapsed: 1514.19s (25m 14s)  24% completed  (24% total)
     Speed:     ev/sec=253.206   simsec/sec=0.999999   ev/simsec=253.206
     Messages:  created: 35166   present: 52   in FES: 6
** Event #278528   t=1516.702374814648   Elapsed: 1516.65s (25m 16s)  24% completed  (24% total)
     Speed:     ev/sec=208.231   simsec/sec=0.999999   ev/simsec=208.231
     Messages:  created: 35222   present: 29   in FES: 6
** Event #279040   t=1520.095267945795   Elapsed: 1520.04s (25m 20s)  24% completed  (24% total)
     Speed:     ev/sec=150.904   simsec/sec=1   ev/simsec=150.904
     Messages:  created: 35278   present: 9   in FES: 6
** Event #279296   t=1522.428400869056   Elapsed: 1522.37s (25m 22s)  24% completed  (24% total)
     Speed:     ev/sec=109.724   simsec/sec=1   ev/simsec=109.724
     Messages:  created: 35311   present: 12   in FES: 6
** Event #279552   t=1524.438897733198   Elapsed: 1524.38s (25m 24s)  24% completed  (24% total)
     Speed:     ev/sec=127.332   simsec/sec=1   ev/simsec=127.332
     Messages:  created: 35342   present: 9   in FES: 6
** Event #280064   t=1527.161010122184   Elapsed: 1527.11s (25m 27s)  24% completed  (24% total)
     Speed:     ev/sec=188.088   simsec/sec=0.999994   ev/simsec=188.089
     Messages:  created: 35410   present: 19   in FES: 6
** Event #280832   t=1530.209196561357   Elapsed: 1530.15s (25m 30s)  24% completed  (24% total)
     Speed:     ev/sec=251.954   simsec/sec=1   ev/simsec=251.953
     Messages:  created: 35518   present: 51   in FES: 6
** Event #281600   t=1532.651574566717   Elapsed: 1532.6s (25m 32s)  24% completed  (24% total)
     Speed:     ev/sec=314.448   simsec/sec=1   ev/simsec=314.448
     Messages:  created: 35629   present: 92   in FES: 6
** Event #282112   t=1535.289722268204   Elapsed: 1535.24s (25m 35s)  24% completed  (24% total)
     Speed:     ev/sec=194.075   simsec/sec=1   ev/simsec=194.076
     Messages:  created: 35695   present: 97   in FES: 6
** Event #282624   t=1538.214360814563   Elapsed: 1538.16s (25m 38s)  24% completed  (24% total)
     Speed:     ev/sec=175.064   simsec/sec=0.999995   ev/simsec=175.064
     Messages:  created: 35747   present: 65   in FES: 6
** Event #283136   t=1540.579145121094   Elapsed: 1540.52s (25m 40s)  24% completed  (24% total)
     Speed:     ev/sec=216.512   simsec/sec=1.00001   ev/simsec=216.51
     Messages:  created: 35815   present: 76   in FES: 6
** Event #283648   t=1542.611649017542   Elapsed: 1542.56s (25m 42s)  24% completed  (24% total)
     Speed:     ev/sec=251.906   simsec/sec=1   ev/simsec=251.906
     Messages:  created: 35879   present: 74   in FES: 6
** Event #284160   t=1545.067116906185   Elapsed: 1545.01s (25m 45s)  24% completed  (24% total)
     Speed:     ev/sec=208.514   simsec/sec=1   ev/simsec=208.514
     Messages:  created: 35937   present: 60   in FES: 6
** Event #284672   t=1547.582814767658   Elapsed: 1547.53s (25m 47s)  24% completed  (24% total)
     Speed:     ev/sec=203.522   simsec/sec=1   ev/simsec=203.522
     Messages:  created: 35992   present: 34   in FES: 6
** Event #285184   t=1550.541170773641   Elapsed: 1550.49s (25m 50s)  24% completed  (24% total)
     Speed:     ev/sec=173.069   simsec/sec=1   ev/simsec=173.069
     Messages:  created: 36047   present: 11   in FES: 6
** Event #285696   t=1553.462820054835   Elapsed: 1553.41s (25m 53s)  24% completed  (24% total)
     Speed:     ev/sec=175.244   simsec/sec=1   ev/simsec=175.243
     Messages:  created: 36110   present: 8   in FES: 6
** Event #286208   t=1556.85549205243   Elapsed: 1556.8s (25m 56s)  24% completed  (24% total)
     Speed:     ev/sec=150.913   simsec/sec=1   ev/simsec=150.913
     Messages:  created: 36178   present: 18   in FES: 6
** Event #286976   t=1559.990368539581   Elapsed: 1559.94s (25m 59s)  24% completed  (24% total)
     Speed:     ev/sec=244.986   simsec/sec=1   ev/simsec=244.986
     Messages:  created: 36277   present: 28   in FES: 6
** Event #287488   t=1563.053951742906   Elapsed: 1563.03s (26m 03s)  24% completed  (24% total)
     Speed:     ev/sec=165.62   simsec/sec=0.991   ev/simsec=167.125
     Messages:  created: 36335   present: 13   in FES: 5
** Event #287744   t=1565.232969862796   Elapsed: 1565.18s (26m 05s)  24% completed  (24% total)
     Speed:     ev/sec=119.004   simsec/sec=1.01293   ev/simsec=117.484
     Messages:  created: 36365   present: 7   in FES: 5
** Event #288256   t=1568.525614979002   Elapsed: 1568.47s (26m 08s)  24% completed  (24% total)
     Speed:     ev/sec=155.426   simsec/sec=0.999537   ev/simsec=155.498
     Messages:  created: 36431   present: 13   in FES: 5
** Event #288768   t=1573.819471883624   Elapsed: 1573.76s (26m 13s)  24% completed  (24% total)
     Speed:     ev/sec=96.7438   simsec/sec=1.00029   ev/simsec=96.7159
     Messages:  created: 36494   present: 9   in FES: 6
** Event #289280   t=1576.479414565577   Elapsed: 1576.42s (26m 16s)  25% completed  (25% total)
     Speed:     ev/sec=192.485   simsec/sec=1   ev/simsec=192.485
     Messages:  created: 36558   present: 9   in FES: 6
** Event #290048   t=1579.447638098799   Elapsed: 1579.39s (26m 19s)  25% completed  (25% total)
     Speed:     ev/sec=258.74   simsec/sec=1   ev/simsec=258.741
     Messages:  created: 36668   present: 48   in FES: 6
** Event #290560   t=1581.574017736007   Elapsed: 1581.52s (26m 21s)  25% completed  (25% total)
     Speed:     ev/sec=240.785   simsec/sec=1   ev/simsec=240.785
     Messages:  created: 36737   present: 60   in FES: 6
** Event #291072   t=1584.263544938062   Elapsed: 1584.21s (26m 24s)  25% completed  (25% total)
     Speed:     ev/sec=190.368   simsec/sec=1   ev/simsec=190.368
     Messages:  created: 36788   present: 27   in FES: 6
** Event #291584   t=1586.988707499219   Elapsed: 1586.93s (26m 26s)  25% completed  (25% total)
     Speed:     ev/sec=187.879   simsec/sec=1   ev/simsec=187.879
     Messages:  created: 36845   present: 7   in FES: 5
** Event #292096   t=1590.404687658677   Elapsed: 1590.35s (26m 30s)  25% completed  (25% total)
     Speed:     ev/sec=149.884   simsec/sec=1   ev/simsec=149.884
     Messages:  created: 36910   present: 10   in FES: 6
** Event #292352   t=1592.582348557142   Elapsed: 1592.53s (26m 32s)  25% completed  (25% total)
     Speed:     ev/sec=117.557   simsec/sec=0.999999   ev/simsec=117.557
     Messages:  created: 36941   present: 8   in FES: 6
** Event #292864   t=1596.386491180142   Elapsed: 1596.33s (26m 36s)  25% completed  (25% total)
     Speed:     ev/sec=134.59   simsec/sec=1   ev/simsec=134.59
     Messages:  created: 37006   present: 9   in FES: 6
** Event #293376   t=1600.168770174553   Elapsed: 1600.11s (26m 40s)  25% completed  (25% total)
     Speed:     ev/sec=135.368   simsec/sec=1   ev/simsec=135.368
     Messages:  created: 37069   present: 7   in FES: 5
** Event #293888   t=1603.440199528301   Elapsed: 1603.39s (26m 43s)  25% completed  (25% total)
     Speed:     ev/sec=156.506   simsec/sec=0.999999   ev/simsec=156.507
     Messages:  created: 37133   present: 7   in FES: 5
** Event #294400   t=1607.27366591119   Elapsed: 1607.22s (26m 47s)  25% completed  (25% total)
     Speed:     ev/sec=133.561   simsec/sec=1   ev/simsec=133.561
     Messages:  created: 37197   present: 8   in FES: 6
** Event #294656   t=1610.292371150499   Elapsed: 1610.24s (26m 50s)  25% completed  (25% total)
     Speed:     ev/sec=84.8045   simsec/sec=1   ev/simsec=84.8046
     Messages:  created: 37229   present: 8   in FES: 6
** Event #294912   t=1612.525433735367   Elapsed: 1612.47s (26m 52s)  25% completed  (25% total)
     Speed:     ev/sec=114.641   simsec/sec=1   ev/simsec=114.641
     Messages:  created: 37261   present: 8   in FES: 6
** Event #295424   t=1615.84769256882   Elapsed: 1615.79s (26m 55s)  25% completed  (25% total)
     Speed:     ev/sec=154.112   simsec/sec=1   ev/simsec=154.112
     Messages:  created: 37326   present: 9   in FES: 6
** Event #295936   t=1618.043747385456   Elapsed: 1617.99s (26m 57s)  25% completed  (25% total)
     Speed:     ev/sec=232.985   simsec/sec=0.999313   ev/simsec=233.145
     Messages:  created: 37391   present: 13   in FES: 5
** Event #296448   t=1620.985879578071   Elapsed: 1620.93s (27m 00s)  25% completed  (25% total)
     Speed:     ev/sec=174.113   simsec/sec=1.00051   ev/simsec=174.023
     Messages:  created: 37453   present: 8   in FES: 6
** Event #296704   t=1623.457206338049   Elapsed: 1623.4s (27m 03s)  25% completed  (25% total)
     Speed:     ev/sec=103.588   simsec/sec=1   ev/simsec=103.588
     Messages:  created: 37484   present: 7   in FES: 5
** Event #296960   t=1626.01222864691   Elapsed: 1625.96s (27m 05s)  25% completed  (25% total)
     Speed:     ev/sec=100.194   simsec/sec=0.999992   ev/simsec=100.195
     Messages:  created: 37517   present: 9   in FES: 6
** Event #297216   t=1628.776226735604   Elapsed: 1628.72s (27m 08s)  25% completed  (25% total)
     Speed:     ev/sec=92.6202   simsec/sec=1.00001   ev/simsec=92.6195
     Messages:  created: 37548   present: 7   in FES: 5
** Event #297728   t=1631.927684040438   Elapsed: 1631.87s (27m 11s)  25% completed  (25% total)
     Speed:     ev/sec=162.465   simsec/sec=1   ev/simsec=162.465
     Messages:  created: 37613   present: 10   in FES: 6
** Event #297984   t=1634.263382583641   Elapsed: 1634.21s (27m 14s)  25% completed  (25% total)
     Speed:     ev/sec=109.603   simsec/sec=1   ev/simsec=109.603
     Messages:  created: 37645   present: 9   in FES: 6
** Event #298496   t=1637.027757075183   Elapsed: 1636.97s (27m 16s)  25% completed  (25% total)
     Speed:     ev/sec=185.214   simsec/sec=0.999999   ev/simsec=185.214
     Messages:  created: 37711   present: 14   in FES: 6
** Event #299008   t=1639.959832967964   Elapsed: 1639.91s (27m 19s)  26% completed  (26% total)
     Speed:     ev/sec=174.62   simsec/sec=1   ev/simsec=174.62
     Messages:  created: 37774   present: 11   in FES: 6
** Event #299520   t=1642.557910740973   Elapsed: 1642.5s (27m 22s)  26% completed  (26% total)
     Speed:     ev/sec=197.069   simsec/sec=1   ev/simsec=197.069
     Messages:  created: 37836   present: 7   in FES: 5
** Event #300032   t=1647.538720457627   Elapsed: 1647.48s (27m 27s)  26% completed  (26% total)
     Speed:     ev/sec=102.795   simsec/sec=1   ev/simsec=102.795
     Messages:  created: 37900   present: 7   in FES: 5
** Event #300288   t=1649.802819910524   Elapsed: 1649.75s (27m 29s)  26% completed  (26% total)
     Speed:     ev/sec=113.069   simsec/sec=1   ev/simsec=113.069
     Messages:  created: 37932   present: 7   in FES: 5
** Event #300800   t=1653.737190592046   Elapsed: 1653.68s (27m 33s)  26% completed  (26% total)
     Speed:     ev/sec=130.135   simsec/sec=1   ev/simsec=130.135
     Messages:  created: 38000   present: 17   in FES: 6
** Event #301312   t=1657.256594027787   Elapsed: 1657.2s (27m 37s)  26% completed  (26% total)
     Speed:     ev/sec=145.479   simsec/sec=1   ev/simsec=145.479
     Messages:  created: 38060   present: 7   in FES: 5
** Event #301824   t=1660.376445530022   Elapsed: 1660.32s (27m 40s)  26% completed  (26% total)
     Speed:     ev/sec=164.11   simsec/sec=1   ev/simsec=164.11
     Messages:  created: 38127   present: 14   in FES: 6
** Event #302336   t=1662.504479356673   Elapsed: 1662.45s (27m 42s)  26% completed  (26% total)
     Speed:     ev/sec=240.598   simsec/sec=1   ev/simsec=240.598
     Messages:  created: 38192   present: 17   in FES: 6
** Event #302592   t=1664.567450054371   Elapsed: 1664.51s (27m 44s)  26% completed  (26% total)
     Speed:     ev/sec=124.093   simsec/sec=1   ev/simsec=124.093
     Messages:  created: 38221   present: 9   in FES: 6
** Event #303360   t=1667.253177463462   Elapsed: 1667.2s (27m 47s)  26% completed  (26% total)
     Speed:     ev/sec=285.956   simsec/sec=1   ev/simsec=285.956
     Messages:  created: 38340   present: 70   in FES: 6
** Event #303872   t=1669.76501877397   Elapsed: 1669.71s (27m 49s)  26% completed  (26% total)
     Speed:     ev/sec=203.835   simsec/sec=1   ev/simsec=203.835
     Messages:  created: 38390   present: 34   in FES: 6
** Event #304384   t=1673.214566912679   Elapsed: 1673.16s (27m 53s)  26% completed  (26% total)
     Speed:     ev/sec=148.425   simsec/sec=0.999998   ev/simsec=148.425
     Messages:  created: 38444   present: 7   in FES: 5
** Event #304640   t=1675.420861035511   Elapsed: 1675.37s (27m 55s)  26% completed  (26% total)
     Speed:     ev/sec=116.032   simsec/sec=1   ev/simsec=116.032
     Messages:  created: 38477   present: 10   in FES: 6
** Event #305152   t=1678.622483448498   Elapsed: 1678.57s (27m 58s)  26% completed  (26% total)
     Speed:     ev/sec=159.918   simsec/sec=0.999997   ev/simsec=159.919
     Messages:  created: 38543   present: 14   in FES: 6
** Event #305664   t=1680.928824602597   Elapsed: 1680.87s (28m 00s)  26% completed  (26% total)
     Speed:     ev/sec=222.001   simsec/sec=1.00002   ev/simsec=221.997
     Messages:  created: 38604   present: 8   in FES: 6
** Event #306176   t=1683.260736677946   Elapsed: 1683.21s (28m 03s)  26% completed  (26% total)
     Speed:     ev/sec=219.559   simsec/sec=0.999985   ev/simsec=219.562
     Messages:  created: 38669   present: 10   in FES: 6
** Event #306688   t=1685.911989579778   Elapsed: 1685.86s (28m 05s)  26% completed  (26% total)
     Speed:     ev/sec=193.116   simsec/sec=0.999998   ev/simsec=193.116
     Messages:  created: 38735   present: 17   in FES: 6
** Event #307200   t=1689.24388262952   Elapsed: 1689.19s (28m 09s)  26% completed  (26% total)
     Speed:     ev/sec=153.667   simsec/sec=1   ev/simsec=153.666
     Messages:  created: 38796   present: 7   in FES: 5
** Event #307712   t=1693.054620476204   Elapsed: 1693s (28m 12s)  26% completed  (26% total)
     Speed:     ev/sec=134.357   simsec/sec=1   ev/simsec=134.357
     Messages:  created: 38860   present: 8   in FES: 6
** Event #307968   t=1695.668840573795   Elapsed: 1695.61s (28m 15s)  26% completed  (26% total)
     Speed:     ev/sec=97.926   simsec/sec=1   ev/simsec=97.926
     Messages:  created: 38892   present: 7   in FES: 5
** Event #308224   t=1697.930096102003   Elapsed: 1697.88s (28m 17s)  26% completed  (26% total)
     Speed:     ev/sec=113.211   simsec/sec=0.999999   ev/simsec=113.211
     Messages:  created: 38925   present: 10   in FES: 6
** Event #308736   t=1701.29772009311   Elapsed: 1701.24s (28m 21s)  27% completed  (27% total)
     Speed:     ev/sec=152.036   simsec/sec=1   ev/simsec=152.036
     Messages:  created: 38990   present: 13   in FES: 6
** Event #309248   t=1706.436508874179   Elapsed: 1706.39s (28m 26s)  27% completed  (27% total)
     Speed:     ev/sec=99.3841   simsec/sec=0.997489   ev/simsec=99.6344
     Messages:  created: 39053   present: 11   in FES: 5
** Event #310016   t=1709.179302158917   Elapsed: 1709.13s (28m 29s)  27% completed  (27% total)
     Speed:     ev/sec=281.226   simsec/sec=1.00436   ev/simsec=280.007
     Messages:  created: 39167   present: 59   in FES: 5
** Event #310528   t=1713.0356625919   Elapsed: 1712.98s (28m 32s)  27% completed  (27% total)
     Speed:     ev/sec=132.804   simsec/sec=1.00027   ev/simsec=132.768
     Messages:  created: 39213   present: 10   in FES: 6
** Event #311040   t=1717.346294563866   Elapsed: 1717.29s (28m 37s)  27% completed  (27% total)
     Speed:     ev/sec=118.775   simsec/sec=0.999992   ev/simsec=118.776
     Messages:  created: 39276   present: 7   in FES: 5
** Event #311552   t=1721.448208903934   Elapsed: 1721.4s (28m 41s)  27% completed  (27% total)
     Speed:     ev/sec=124.77   simsec/sec=0.9996   ev/simsec=124.82
     Messages:  created: 39341   present: 11   in FES: 5
** Event #312064   t=1724.303594972932   Elapsed: 1724.25s (28m 44s)  27% completed  (27% total)
     Speed:     ev/sec=179.416   simsec/sec=1.00059   ev/simsec=179.31
     Messages:  created: 39406   present: 13   in FES: 6
** Event #312576   t=1730.380475181758   Elapsed: 1730.33s (28m 50s)  27% completed  (27% total)
     Speed:     ev/sec=84.2519   simsec/sec=0.999978   ev/simsec=84.2538
     Messages:  created: 39468   present: 7   in FES: 5
** Event #312832   t=1733.03005030799   Elapsed: 1732.98s (28m 52s)  27% completed  (27% total)
     Speed:     ev/sec=96.6241   simsec/sec=1.00005   ev/simsec=96.6193
     Messages:  created: 39500   present: 8   in FES: 6
** Event #313344   t=1736.213299976524   Elapsed: 1736.16s (28m 56s)  27% completed  (27% total)
     Speed:     ev/sec=160.842   simsec/sec=1   ev/simsec=160.842
     Messages:  created: 39567   present: 15   in FES: 6
** Event #313856   t=1738.842038942672   Elapsed: 1738.79s (28m 58s)  27% completed  (27% total)
     Speed:     ev/sec=194.77   simsec/sec=1   ev/simsec=194.77
     Messages:  created: 39628   present: 7   in FES: 5
** Event #314368   t=1741.751319678544   Elapsed: 1741.73s (29m 01s)  27% completed  (27% total)
     Speed:     ev/sec=174.014   simsec/sec=0.988779   ev/simsec=175.989
     Messages:  created: 39695   present: 18   in FES: 5
** Event #314880   t=1745.229525295652   Elapsed: 1745.17s (29m 05s)  27% completed  (27% total)
     Speed:     ev/sec=148.613   simsec/sec=1.00958   ev/simsec=147.202
     Messages:  created: 39756   present: 9   in FES: 6
** Event #315392   t=1747.726939383718   Elapsed: 1747.69s (29m 07s)  27% completed  (27% total)
     Speed:     ev/sec=203.775   simsec/sec=0.993965   ev/simsec=205.012
     Messages:  created: 39823   present: 18   in FES: 5
** Event #316160   t=1751.17933460107   Elapsed: 1751.12s (29m 11s)  27% completed  (27% total)
     Speed:     ev/sec=223.433   simsec/sec=1.0044   ev/simsec=222.454
     Messages:  created: 39915   present: 7   in FES: 5
** Event #316416   t=1753.267770942235   Elapsed: 1753.21s (29m 13s)  27% completed  (27% total)
     Speed:     ev/sec=122.581   simsec/sec=1.00001   ev/simsec=122.58
     Messages:  created: 39947   present: 8   in FES: 6
** Event #316672   t=1756.951262139409   Elapsed: 1756.9s (29m 16s)  27% completed  (27% total)
     Speed:     ev/sec=69.4978   simsec/sec=0.999978   ev/simsec=69.4993
     Messages:  created: 39979   present: 7   in FES: 5
** Event #317184   t=1760.547667645624   Elapsed: 1760.49s (29m 20s)  27% completed  (27% total)
     Speed:     ev/sec=142.368   simsec/sec=1.00003   ev/simsec=142.364
     Messages:  created: 40043   present: 8   in FES: 6
** Event #317696   t=1763.568947433704   Elapsed: 1763.51s (29m 23s)  27% completed  (27% total)
     Speed:     ev/sec=169.465   simsec/sec=1   ev/simsec=169.465
     Messages:  created: 40109   present: 13   in FES: 6
** Event #318208   t=1767.080079909216   Elapsed: 1767.03s (29m 27s)  28% completed  (28% total)
     Speed:     ev/sec=145.822   simsec/sec=1   ev/simsec=145.822
     Messages:  created: 40171   present: 7   in FES: 5
** Event #318720   t=1770.609072337715   Elapsed: 1770.55s (29m 30s)  28% completed  (28% total)
     Speed:     ev/sec=145.084   simsec/sec=1   ev/simsec=145.084
     Messages:  created: 40236   present: 9   in FES: 6
** Event #318976   t=1773.148819822122   Elapsed: 1773.09s (29m 33s)  28% completed  (28% total)
     Speed:     ev/sec=100.797   simsec/sec=0.999998   ev/simsec=100.797
     Messages:  created: 40267   present: 7   in FES: 5
** Event #319488   t=1776.908434471411   Elapsed: 1776.85s (29m 36s)  28% completed  (28% total)
     Speed:     ev/sec=136.181   simsec/sec=0.99998   ev/simsec=136.184
     Messages:  created: 40331   present: 7   in FES: 5
** Event #319744   t=1778.936291544583   Elapsed: 1778.88s (29m 38s)  28% completed  (28% total)
     Speed:     ev/sec=126.246   simsec/sec=1.00004   ev/simsec=126.242
     Messages:  created: 40363   present: 7   in FES: 5
** Event #320000   t=1781.455107339913   Elapsed: 1781.4s (29m 41s)  28% completed  (28% total)
     Speed:     ev/sec=101.635   simsec/sec=1   ev/simsec=101.635
     Messages:  created: 40396   present: 9   in FES: 6
** Event #320768   t=1784.668369043195   Elapsed: 1784.61s (29m 44s)  28% completed  (28% total)
     Speed:     ev/sec=239.002   simsec/sec=0.999968   ev/simsec=239.009
     Messages:  created: 40505   present: 45   in FES: 6
** Event #321280   t=1787.474605802767   Elapsed: 1787.42s (29m 47s)  28% completed  (28% total)
     Speed:     ev/sec=182.457   simsec/sec=1.00004   ev/simsec=182.451
     Messages:  created: 40555   present: 7   in FES: 5
** Event #321792   t=1791.627030199652   Elapsed: 1791.57s (29m 51s)  28% completed  (28% total)
     Speed:     ev/sec=123.301   simsec/sec=1   ev/simsec=123.301
     Messages:  created: 40619   present: 7   in FES: 5
** Event #322304   t=1794.615142644147   Elapsed: 1794.56s (29m 54s)  28% completed  (28% total)
     Speed:     ev/sec=171.346   simsec/sec=1   ev/simsec=171.346
     Messages:  created: 40686   present: 14   in FES: 6
** Event #322816   t=1799.461223946304   Elapsed: 1799.41s (29m 59s)  28% completed  (28% total)
     Speed:     ev/sec=105.652   simsec/sec=0.999997   ev/simsec=105.652
     Messages:  created: 40747   present: 7   in FES: 5
** Event #323072   t=1803.049820143203   Elapsed: 1803s (30m 02s)  28% completed  (28% total)
     Speed:     ev/sec=71.3373   simsec/sec=1   ev/simsec=71.3371
     Messages:  created: 40778   present: 7   in FES: 5
** Event #323584   t=1807.991801868433   Elapsed: 1807.94s (30m 07s)  28% completed  (28% total)
     Speed:     ev/sec=103.602   simsec/sec=0.999999   ev/simsec=103.602
     Messages:  created: 40843   present: 8   in FES: 6
** Event #324096   t=1810.969977428684   Elapsed: 1810.92s (30m 10s)  28% completed  (28% total)
     Speed:     ev/sec=171.918   simsec/sec=1   ev/simsec=171.917
     Messages:  created: 40912   present: 21   in FES: 6
** Event #324608   t=1813.249310389136   Elapsed: 1813.22s (30m 13s)  28% completed  (28% total)
     Speed:     ev/sec=221.72   simsec/sec=0.98706   ev/simsec=224.627
     Messages:  created: 40971   present: 9   in FES: 5
** Event #324864   t=1815.645482019881   Elapsed: 1815.59s (30m 15s)  28% completed  (28% total)
     Speed:     ev/sec=108.186   simsec/sec=1.01263   ev/simsec=106.837
     Messages:  created: 41003   present: 8   in FES: 6
** Event #325632   t=1818.625241518654   Elapsed: 1818.57s (30m 18s)  28% completed  (28% total)
     Speed:     ev/sec=257.739   simsec/sec=1   ev/simsec=257.739
     Messages:  created: 41113   present: 46   in FES: 6
** Event #326400   t=1821.559144733591   Elapsed: 1821.53s (30m 21s)  28% completed  (28% total)
     Speed:     ev/sec=259.811   simsec/sec=0.992528   ev/simsec=261.767
     Messages:  created: 41210   present: 49   in FES: 5
** Event #326912   t=1824.537317964357   Elapsed: 1824.5s (30m 24s)  28% completed  (28% total)
     Speed:     ev/sec=171.963   simsec/sec=1.00026   ev/simsec=171.917
     Messages:  created: 41259   present: 9   in FES: 5
** Event #327424   t=1830.650488614608   Elapsed: 1830.6s (30m 30s)  29% completed  (29% total)
     Speed:     ev/sec=84.0465   simsec/sec=1.0035   ev/simsec=83.7536
     Messages:  created: 41322   present: 7   in FES: 5
** Event #327680   t=1833.963923320019   Elapsed: 1833.91s (30m 33s)  29% completed  (29% total)
     Speed:     ev/sec=77.2612   simsec/sec=1   ev/simsec=77.2612
     Messages:  created: 41354   present: 7   in FES: 5
** Event #327936   t=1836.12339095535   Elapsed: 1836.07s (30m 36s)  29% completed  (29% total)
     Speed:     ev/sec=118.547   simsec/sec=0.999998   ev/simsec=118.548
     Messages:  created: 41386   present: 7   in FES: 5
** Event #328192   t=1838.413227022535   Elapsed: 1838.36s (30m 38s)  29% completed  (29% total)
     Speed:     ev/sec=111.799   simsec/sec=1   ev/simsec=111.798
     Messages:  created: 41420   present: 12   in FES: 6
** Event #328704   t=1842.109316245581   Elapsed: 1842.05s (30m 42s)  29% completed  (29% total)
     Speed:     ev/sec=138.525   simsec/sec=1   ev/simsec=138.525
     Messages:  created: 41485   present: 13   in FES: 6
** Event #329216   t=1844.752210969828   Elapsed: 1844.7s (30m 44s)  29% completed  (29% total)
     Speed:     ev/sec=193.727   simsec/sec=1   ev/simsec=193.727
     Messages:  created: 41549   present: 15   in FES: 6
** Event #329728   t=1848.081923610633   Elapsed: 1848.03s (30m 48s)  29% completed  (29% total)
     Speed:     ev/sec=153.767   simsec/sec=1   ev/simsec=153.767
     Messages:  created: 41611   present: 8   in FES: 6
** Event #330240   t=1850.748741253252   Elapsed: 1850.69s (30m 50s)  29% completed  (29% total)
     Speed:     ev/sec=191.989   simsec/sec=1   ev/simsec=191.989
     Messages:  created: 41677   present: 15   in FES: 6
** Event #330752   t=1853.833978332472   Elapsed: 1853.78s (30m 53s)  29% completed  (29% total)
     Speed:     ev/sec=165.951   simsec/sec=0.999999   ev/simsec=165.952
     Messages:  created: 41741   present: 15   in FES: 6
** Event #331264   t=1856.114751264127   Elapsed: 1856.06s (30m 56s)  29% completed  (29% total)
     Speed:     ev/sec=224.485   simsec/sec=1   ev/simsec=224.485
     Messages:  created: 41811   present: 30   in FES: 6
** Event #332032   t=1858.648317179461   Elapsed: 1858.59s (30m 58s)  29% completed  (29% total)
     Speed:     ev/sec=303.13   simsec/sec=1   ev/simsec=303.13
     Messages:  created: 41929   present: 88   in FES: 6
** Event #332544   t=1860.777711369545   Elapsed: 1860.75s (31m 00s)  29% completed  (29% total)
     Speed:     ev/sec=237.459   simsec/sec=0.987587   ev/simsec=240.444
     Messages:  created: 42001   present: 110   in FES: 5
** Event #333056   t=1863.533016186137   Elapsed: 1863.48s (31m 03s)  29% completed  (29% total)
     Speed:     ev/sec=187.646   simsec/sec=1.00981   ev/simsec=185.823
     Messages:  created: 42061   present: 100   in FES: 6
** Event #333568   t=1866.110720269229   Elapsed: 1866.06s (31m 06s)  29% completed  (29% total)
     Speed:     ev/sec=198.566   simsec/sec=0.999695   ev/simsec=198.626
     Messages:  created: 42114   present: 72   in FES: 5
** Event #334080   t=1868.724321973728   Elapsed: 1868.67s (31m 08s)  29% completed  (29% total)
     Speed:     ev/sec=195.957   simsec/sec=1.0003   ev/simsec=195.898
     Messages:  created: 42167   present: 43   in FES: 6
** Event #334592   t=1871.537341571522   Elapsed: 1871.48s (31m 11s)  29% completed  (29% total)
     Speed:     ev/sec=182.011   simsec/sec=1   ev/simsec=182.011
     Messages:  created: 42220   present: 14   in FES: 6
** Event #335104   t=1875.103893851   Elapsed: 1875.06s (31m 15s)  29% completed  (29% total)
     Speed:     ev/sec=143.236   simsec/sec=0.997773   ev/simsec=143.556
     Messages:  created: 42282   present: 8   in FES: 5
** Event #335616   t=1878.790542463657   Elapsed: 1878.74s (31m 18s)  29% completed  (29% total)
     Speed:     ev/sec=139.18   simsec/sec=1.00216   ev/simsec=138.88
     Messages:  created: 42346   present: 7   in FES: 5
** Event #336128   t=1881.429228380458   Elapsed: 1881.37s (31m 21s)  29% completed  (29% total)
     Speed:     ev/sec=194.036   simsec/sec=0.999999   ev/simsec=194.036
     Messages:  created: 42412   present: 14   in FES: 6
** Event #336896   t=1885.017010281354   Elapsed: 1884.96s (31m 24s)  29% completed  (29% total)
     Speed:     ev/sec=214.06   simsec/sec=1   ev/simsec=214.06
     Messages:  created: 42508   present: 13   in FES: 6
** Event #337408   t=1888.03184215073   Elapsed: 1887.98s (31m 27s)  29% completed  (29% total)
     Speed:     ev/sec=169.827   simsec/sec=1   ev/simsec=169.827
     Messages:  created: 42570   present: 7   in FES: 5
** Event #337920   t=1890.849020976116   Elapsed: 1890.79s (31m 30s)  30% completed  (30% total)
     Speed:     ev/sec=181.742   simsec/sec=1   ev/simsec=181.742
     Messages:  created: 42634   present: 7   in FES: 5
** Event #338432   t=1894.810522220608   Elapsed: 1894.77s (31m 34s)  30% completed  (30% total)
     Speed:     ev/sec=128.749   simsec/sec=0.996168   ev/simsec=129.244
     Messages:  created: 42698   present: 8   in FES: 5
** Event #338944   t=1897.241482798992   Elapsed: 1897.19s (31m 37s)  30% completed  (30% total)
     Speed:     ev/sec=211.945   simsec/sec=1.00631   ev/simsec=210.616
     Messages:  created: 42767   present: 21   in FES: 6
** Event #339456   t=1899.791050924764   Elapsed: 1899.74s (31m 39s)  30% completed  (30% total)
     Speed:     ev/sec=200.818   simsec/sec=1   ev/simsec=200.818
     Messages:  created: 42828   present: 12   in FES: 6
** Event #339968   t=1902.973034316927   Elapsed: 1902.92s (31m 42s)  30% completed  (30% total)
     Speed:     ev/sec=160.752   simsec/sec=0.999043   ev/simsec=160.906
     Messages:  created: 42890   present: 8   in FES: 5
** Event #340224   t=1906.110991646644   Elapsed: 1906.06s (31m 46s)  30% completed  (30% total)
     Speed:     ev/sec=81.6609   simsec/sec=1.00097   ev/simsec=81.5817
     Messages:  created: 42922   present: 7   in FES: 5
** Event #340736   t=1908.264009894433   Elapsed: 1908.21s (31m 48s)  30% completed  (30% total)
     Speed:     ev/sec=237.807   simsec/sec=1   ev/simsec=237.806
     Messages:  created: 42997   present: 38   in FES: 6
** Event #341248   t=1910.656354086227   Elapsed: 1910.6s (31m 50s)  30% completed  (30% total)
     Speed:     ev/sec=214.016   simsec/sec=0.999999   ev/simsec=214.016
     Messages:  created: 43058   present: 30   in FES: 6
** Event #341760   t=1913.621703482169   Elapsed: 1913.57s (31m 53s)  30% completed  (30% total)
     Speed:     ev/sec=172.66   simsec/sec=0.999992   ev/simsec=172.661
     Messages:  created: 43116   present: 14   in FES: 6
** Event #342272   t=1916.868078663655   Elapsed: 1916.86s (31m 56s)  30% completed  (30% total)
     Speed:     ev/sec=155.587   simsec/sec=0.986513   ev/simsec=157.714
     Messages:  created: 43178   present: 8   in FES: 5
** Event #342528   t=1919.083826534697   Elapsed: 1919.03s (31m 59s)  30% completed  (30% total)
     Speed:     ev/sec=117.899   simsec/sec=1.02045   ev/simsec=115.537
     Messages:  created: 43211   present: 10   in FES: 6
** Event #343040   t=1922.391255055446   Elapsed: 1922.41s (32m 02s)  30% completed  (30% total)
     Speed:     ev/sec=151.464   simsec/sec=0.978428   ev/simsec=154.803
     Messages:  created: 43273   present: 7   in FES: 5
** Event #343296   t=1924.46834834449   Elapsed: 1924.41s (32m 04s)  30% completed  (30% total)
     Speed:     ev/sec=127.734   simsec/sec=1.03638   ev/simsec=123.249
     Messages:  created: 43307   present: 13   in FES: 6
** Event #343552   t=1926.590833832909   Elapsed: 1926.54s (32m 06s)  30% completed  (30% total)
     Speed:     ev/sec=120.613   simsec/sec=0.999999   ev/simsec=120.613
     Messages:  created: 43338   present: 9   in FES: 6
** Event #344064   t=1928.746663797908   Elapsed: 1928.69s (32m 08s)  30% completed  (30% total)
     Speed:     ev/sec=237.496   simsec/sec=1   ev/simsec=237.496
     Messages:  created: 43404   present: 14   in FES: 6
** Event #344576   t=1931.287176227036   Elapsed: 1931.24s (32m 11s)  30% completed  (30% total)
     Speed:     ev/sec=200.745   simsec/sec=0.996085   ev/simsec=201.534
     Messages:  created: 43471   present: 23   in FES: 5
** Event #345088   t=1934.152350148997   Elapsed: 1934.1s (32m 14s)  30% completed  (30% total)
     Speed:     ev/sec=179.323   simsec/sec=1.0035   ev/simsec=178.698
     Messages:  created: 43531   present: 11   in FES: 6
** Event #345600   t=1937.801683920391   Elapsed: 1937.75s (32m 17s)  30% completed  (30% total)
     Speed:     ev/sec=140.3   simsec/sec=1   ev/simsec=140.3
     Messages:  created: 43594   present: 10   in FES: 6
** Event #345856   t=1940.113813670072   Elapsed: 1940.12s (32m 20s)  30% completed  (30% total)
     Speed:     ev/sec=107.715   simsec/sec=0.972858   ev/simsec=110.72
     Messages:  created: 43625   present: 7   in FES: 5
** Event #346368   t=1942.866692477144   Elapsed: 1942.81s (32m 22s)  30% completed  (30% total)
     Speed:     ev/sec=190.45   simsec/sec=1.02399   ev/simsec=185.987
     Messages:  created: 43692   present: 14   in FES: 6
** Event #346880   t=1946.192458122966   Elapsed: 1946.14s (32m 26s)  30% completed  (30% total)
     Speed:     ev/sec=153.917   simsec/sec=0.999791   ev/simsec=153.95
     Messages:  created: 43753   present: 7   in FES: 5
** Event #347392   t=1948.598512084729   Elapsed: 1948.54s (32m 28s)  30% completed  (30% total)
     Speed:     ev/sec=212.858   simsec/sec=1.00029   ev/simsec=212.797
     Messages:  created: 43819   present: 12   in FES: 6
** Event #347648   t=1951.352668034724   Elapsed: 1951.3s (32m 31s)  30% completed  (30% total)
     Speed:     ev/sec=92.9504   simsec/sec=1   ev/simsec=92.9504
     Messages:  created: 43850   present: 10   in FES: 6
** Event #348160   t=1954.111316724173   Elapsed: 1954.06s (32m 34s)  31% completed  (31% total)
     Speed:     ev/sec=185.598   simsec/sec=1   ev/simsec=185.598
     Messages:  created: 43915   present: 13   in FES: 6
** Event #348672   t=1957.81776367127   Elapsed: 1957.84s (32m 37s)  31% completed  (31% total)
     Speed:     ev/sec=135.252   simsec/sec=0.979113   ev/simsec=138.138
     Messages:  created: 43977   present: 7   in FES: 5
** Event #348928   t=1960.829538334678   Elapsed: 1960.77s (32m 40s)  31% completed  (31% total)
     Speed:     ev/sec=87.2914   simsec/sec=1.02696   ev/simsec=84.9997
     Messages:  created: 44011   present: 11   in FES: 6
** Event #349440   t=1963.867949662415   Elapsed: 1963.81s (32m 43s)  31% completed  (31% total)
     Speed:     ev/sec=168.509   simsec/sec=0.999999   ev/simsec=168.509
     Messages:  created: 44078   present: 21   in FES: 6
** Event #349952   t=1967.236556738265   Elapsed: 1967.18s (32m 47s)  31% completed  (31% total)
     Speed:     ev/sec=151.95   simsec/sec=0.999728   ev/simsec=151.992
     Messages:  created: 44140   present: 15   in FES: 5
** Event #350464   t=1969.34874260432   Elapsed: 1969.29s (32m 49s)  31% completed  (31% total)
     Speed:     ev/sec=242.508   simsec/sec=1.00043   ev/simsec=242.403
     Messages:  created: 44203   present: 11   in FES: 6
** Event #350976   t=1971.361378005865   Elapsed: 1971.31s (32m 51s)  31% completed  (31% total)
     Speed:     ev/sec=253.874   simsec/sec=0.99796   ev/simsec=254.393
     Messages:  created: 44271   present: 23   in FES: 5
** Event #351488   t=1973.48527969502   Elapsed: 1973.43s (32m 53s)  31% completed  (31% total)
     Speed:     ev/sec=241.533   simsec/sec=1.00194   ev/simsec=241.066
     Messages:  created: 44335   present: 22   in FES: 6
** Event #352256   t=1975.659379202029   Elapsed: 1975.6s (32m 55s)  31% completed  (31% total)
     Speed:     ev/sec=353.25   simsec/sec=1   ev/simsec=353.25
     Messages:  created: 44457   present: 92   in FES: 6
** Event #352768   t=1977.730737200893   Elapsed: 1977.68s (32m 57s)  31% completed  (31% total)
     Speed:     ev/sec=247.181   simsec/sec=1   ev/simsec=247.181
     Messages:  created: 44524   present: 101   in FES: 6
** Event #353280   t=1980.045312090489   Elapsed: 1979.99s (32m 59s)  31% completed  (31% total)
     Speed:     ev/sec=221.207   simsec/sec=1   ev/simsec=221.207
     Messages:  created: 44576   present: 68   in FES: 6
** Event #354048   t=1983.471017759989   Elapsed: 1983.42s (33m 03s)  31% completed  (31% total)
     Speed:     ev/sec=224.187   simsec/sec=0.999999   ev/simsec=224.187
     Messages:  created: 44671   present: 68   in FES: 6
** Event #354560   t=1986.058032671241   Elapsed: 1986s (33m 06s)  31% completed  (31% total)
     Speed:     ev/sec=197.912   simsec/sec=1   ev/simsec=197.911
     Messages:  created: 44719   present: 24   in FES: 6
** Event #354816   t=1988.265282208211   Elapsed: 1988.21s (33m 08s)  31% completed  (31% total)
     Speed:     ev/sec=115.981   simsec/sec=0.999999   ev/simsec=115.981
     Messages:  created: 44745   present: 8   in FES: 6
** Event #355328   t=1991.062506035042   Elapsed: 1991.01s (33m 11s)  31% completed  (31% total)
     Speed:     ev/sec=183.039   simsec/sec=1   ev/simsec=183.039
     Messages:  created: 44809   present: 8   in FES: 6
** Event #355840   t=1994.096001801968   Elapsed: 1994.04s (33m 14s)  31% completed  (31% total)
     Speed:     ev/sec=168.782   simsec/sec=1   ev/simsec=168.782
     Messages:  created: 44873   present: 9   in FES: 6
** Event #356352   t=1997.451646958437   Elapsed: 1997.42s (33m 17s)  31% completed  (31% total)
     Speed:     ev/sec=151.597   simsec/sec=0.993563   ev/simsec=152.579
     Messages:  created: 44936   present: 6   in FES: 4
** Event #356864   t=1999.904068092738   Elapsed: 1999.85s (33m 19s)  31% completed  (31% total)
     Speed:     ev/sec=210.64   simsec/sec=1.00894   ev/simsec=208.773
     Messages:  created: 45004   present: 17   in FES: 6
** Event #357632   t=2002.833554971623   Elapsed: 2002.78s (33m 22s)  31% completed  (31% total)
     Speed:     ev/sec=261.965   simsec/sec=0.999248   ev/simsec=262.162
     Messages:  created: 45111   present: 46   in FES: 5
** Event #358144   t=2005.310676990499   Elapsed: 2005.27s (33m 25s)  31% completed  (31% total)
     Speed:     ev/sec=205.983   simsec/sec=0.996575   ev/simsec=206.691
     Messages:  created: 45175   present: 46   in FES: 5
** Event #358656   t=2007.651985325364   Elapsed: 2007.6s (33m 27s)  31% completed  (31% total)
     Speed:     ev/sec=219.687   simsec/sec=1.0046   ev/simsec=218.681
     Messages:  created: 45235   present: 36   in FES: 6
** Event #359424   t=2009.884868470104   Elapsed: 2009.83s (33m 29s)  31% completed  (31% total)
     Speed:     ev/sec=343.95   simsec/sec=1   ev/simsec=343.95
     Messages:  created: 45352   present: 92   in FES: 6
** Event #360192   t=2012.444938075972   Elapsed: 2012.39s (33m 32s)  31% completed  (31% total)
     Speed:     ev/sec=299.607   simsec/sec=0.998719   ev/simsec=299.992
     Messages:  created: 45484   present: 167   in FES: 5
** Event #360704   t=2014.844195232381   Elapsed: 2014.8s (33m 34s)  31% completed  (31% total)
     Speed:     ev/sec=213.17   simsec/sec=0.998927   ev/simsec=213.399
     Messages:  created: 45541   present: 153   in FES: 5
** Event #361216   t=2017.311766197761   Elapsed: 2017.27s (33m 37s)  32% completed  (32% total)
     Speed:     ev/sec=207.103   simsec/sec=0.998128   ev/simsec=207.491
     Messages:  created: 45604   present: 151   in FES: 5
** Event #361728   t=2020.055130047971   Elapsed: 2020.03s (33m 40s)  32% completed  (32% total)
     Speed:     ev/sec=185.325   simsec/sec=0.992998   ev/simsec=186.632
     Messages:  created: 45649   present: 113   in FES: 5
** Event #362240   t=2022.988227138333   Elapsed: 2022.94s (33m 42s)  32% completed  (32% total)
     Speed:     ev/sec=175.75   simsec/sec=1.00682   ev/simsec=174.56
     Messages:  created: 45690   present: 54   in FES: 5
** Event #362752   t=2025.419327757068   Elapsed: 2025.36s (33m 45s)  32% completed  (32% total)
     Speed:     ev/sec=211.471   simsec/sec=1.00412   ev/simsec=210.604
     Messages:  created: 45741   present: 18   in FES: 6
** Event #363008   t=2027.62684981679   Elapsed: 2027.57s (33m 47s)  32% completed  (32% total)
     Speed:     ev/sec=115.967   simsec/sec=1   ev/simsec=115.967
     Messages:  created: 45769   present: 8   in FES: 6
** Event #363520   t=2030.53570609674   Elapsed: 2030.48s (33m 50s)  32% completed  (32% total)
     Speed:     ev/sec=176.014   simsec/sec=1   ev/simsec=176.014
     Messages:  created: 45837   present: 19   in FES: 6
** Event #364032   t=2033.411969471583   Elapsed: 2033.37s (33m 53s)  32% completed  (32% total)
     Speed:     ev/sec=177.246   simsec/sec=0.995717   ev/simsec=178.009
     Messages:  created: 45896   present: 6   in FES: 4
** Event #364544   t=2036.557449786486   Elapsed: 2036.5s (33m 56s)  32% completed  (32% total)
     Speed:     ev/sec=163.416   simsec/sec=1.00395   ev/simsec=162.773
     Messages:  created: 45965   present: 18   in FES: 6
** Event #365056   t=2040.41473020226   Elapsed: 2040.36s (34m 00s)  32% completed  (32% total)
     Speed:     ev/sec=132.736   simsec/sec=1   ev/simsec=132.736
     Messages:  created: 46029   present: 20   in FES: 6
** Event #365568   t=2042.784333689888   Elapsed: 2042.73s (34m 02s)  32% completed  (32% total)
     Speed:     ev/sec=215.72   simsec/sec=0.998379   ev/simsec=216.07
     Messages:  created: 46093   present: 21   in FES: 5
** Event #366080   t=2045.246586533112   Elapsed: 2045.19s (34m 05s)  32% completed  (32% total)
     Speed:     ev/sec=208.265   simsec/sec=1.00157   ev/simsec=207.94
     Messages:  created: 46156   present: 17   in FES: 6
** Event #366592   t=2047.960917692008   Elapsed: 2047.91s (34m 07s)  32% completed  (32% total)
     Speed:     ev/sec=188.037   simsec/sec=0.996864   ev/simsec=188.628
     Messages:  created: 46221   present: 21   in FES: 5
** Event #367104   t=2050.082245013543   Elapsed: 2050.03s (34m 10s)  32% completed  (32% total)
     Speed:     ev/sec=242.334   simsec/sec=1.00404   ev/simsec=241.358
     Messages:  created: 46287   present: 26   in FES: 6
** Event #367616   t=2052.400391899762   Elapsed: 2052.35s (34m 12s)  32% completed  (32% total)
     Speed:     ev/sec=220.866   simsec/sec=1   ev/simsec=220.866
     Messages:  created: 46345   present: 9   in FES: 6
** Event #368128   t=2056.493317475177   Elapsed: 2056.44s (34m 16s)  32% completed  (32% total)
     Speed:     ev/sec=125.091   simsec/sec=0.999981   ev/simsec=125.094
     Messages:  created: 46408   present: 7   in FES: 5
** Event #368384   t=2058.81253007903   Elapsed: 2058.76s (34m 18s)  32% completed  (32% total)
     Speed:     ev/sec=110.386   simsec/sec=1.00003   ev/simsec=110.382
     Messages:  created: 46441   present: 9   in FES: 6
** Event #368896   t=2062.251887956586   Elapsed: 2062.2s (34m 22s)  32% completed  (32% total)
     Speed:     ev/sec=148.865   simsec/sec=1   ev/simsec=148.865
     Messages:  created: 46505   present: 9   in FES: 6
** Event #369408   t=2065.134487357999   Elapsed: 2065.08s (34m 25s)  32% completed  (32% total)
     Speed:     ev/sec=177.617   simsec/sec=0.999999   ev/simsec=177.617
     Messages:  created: 46569   present: 9   in FES: 6
** Event #369920   t=2068.7278945835   Elapsed: 2068.67s (34m 28s)  32% completed  (32% total)
     Speed:     ev/sec=142.483   simsec/sec=1   ev/simsec=142.483
     Messages:  created: 46633   present: 11   in FES: 6
** Event #370432   t=2071.696636795369   Elapsed: 2071.64s (34m 31s)  32% completed  (32% total)
     Speed:     ev/sec=172.464   simsec/sec=1   ev/simsec=172.464
     Messages:  created: 46700   present: 19   in FES: 6
** Event #371200   t=2075.08237143972   Elapsed: 2075.04s (34m 35s)  32% completed  (32% total)
     Speed:     ev/sec=225.782   simsec/sec=0.995362   ev/simsec=226.834
     Messages:  created: 46800   present: 29   in FES: 5
** Event #371712   t=2078.075360012395   Elapsed: 2078.02s (34m 38s)  32% completed  (32% total)
     Speed:     ev/sec=171.973   simsec/sec=1.0053   ev/simsec=171.066
     Messages:  created: 46857   present: 11   in FES: 6
** Event #371968   t=2080.226498161931   Elapsed: 2080.17s (34m 40s)  33% completed  (33% total)
     Speed:     ev/sec=119.001   simsec/sec=0.99995   ev/simsec=119.007
     Messages:  created: 46888   present: 7   in FES: 5
** Event #372480   t=2082.285941623192   Elapsed: 2082.23s (34m 42s)  33% completed  (33% total)
     Speed:     ev/sec=248.624   simsec/sec=1.00005   ev/simsec=248.611
     Messages:  created: 46965   present: 42   in FES: 6
** Event #372992   t=2084.344808894249   Elapsed: 2084.29s (34m 44s)  33% completed  (33% total)
     Speed:     ev/sec=248.681   simsec/sec=1   ev/simsec=248.68
     Messages:  created: 47033   present: 52   in FES: 6
** Event #373504   t=2086.484209193503   Elapsed: 2086.43s (34m 46s)  33% completed  (33% total)
     Speed:     ev/sec=239.319   simsec/sec=0.999999   ev/simsec=239.319
     Messages:  created: 47095   present: 47   in FES: 6
** Event #374016   t=2089.088374747118   Elapsed: 2089.03s (34m 49s)  33% completed  (33% total)
     Speed:     ev/sec=196.608   simsec/sec=1   ev/simsec=196.608
     Messages:  created: 47156   present: 39   in FES: 6
** Event #374528   t=2091.210102269387   Elapsed: 2091.16s (34m 51s)  33% completed  (33% total)
     Speed:     ev/sec=241.313   simsec/sec=1   ev/simsec=241.313
     Messages:  created: 47221   present: 41   in FES: 6
** Event #375040   t=2095.261740917627   Elapsed: 2095.21s (34m 55s)  33% completed  (33% total)
     Speed:     ev/sec=126.369   simsec/sec=1   ev/simsec=126.369
     Messages:  created: 47274   present: 12   in FES: 6
** Event #375552   t=2097.555203294314   Elapsed: 2097.5s (34m 57s)  33% completed  (33% total)
     Speed:     ev/sec=223.243   simsec/sec=0.999999   ev/simsec=223.243
     Messages:  created: 47338   present: 12   in FES: 6
** Event #376064   t=2099.954332638311   Elapsed: 2099.9s (34m 59s)  33% completed  (33% total)
     Speed:     ev/sec=213.411   simsec/sec=1   ev/simsec=213.411
     Messages:  created: 47409   present: 31   in FES: 6
** Event #376576   t=2102.521128614128   Elapsed: 2102.47s (35m 02s)  33% completed  (33% total)
     Speed:     ev/sec=199.471   simsec/sec=1   ev/simsec=199.47
     Messages:  created: 47464   present: 8   in FES: 6
** Event #377088   t=2105.100484405164   Elapsed: 2105.05s (35m 05s)  33% completed  (33% total)
     Speed:     ev/sec=198.499   simsec/sec=1   ev/simsec=198.499
     Messages:  created: 47531   present: 18   in FES: 6
** Event #377600   t=2107.373117667442   Elapsed: 2107.32s (35m 07s)  33% completed  (33% total)
     Speed:     ev/sec=225.069   simsec/sec=0.99902   ev/simsec=225.289
     Messages:  created: 47596   present: 20   in FES: 5
** Event #378368   t=2109.620286756089   Elapsed: 2109.57s (35m 09s)  33% completed  (33% total)
     Speed:     ev/sec=342.103   simsec/sec=1.00099   ev/simsec=341.763
     Messages:  created: 47717   present: 87   in FES: 6
** Event #378880   t=2111.695485901996   Elapsed: 2111.64s (35m 11s)  33% completed  (33% total)
     Speed:     ev/sec=246.723   simsec/sec=1   ev/simsec=246.723
     Messages:  created: 47786   present: 100   in FES: 5
** Event #379392   t=2113.709246677047   Elapsed: 2113.65s (35m 13s)  33% completed  (33% total)
     Speed:     ev/sec=254.251   simsec/sec=1   ev/simsec=254.251
     Messages:  created: 47861   present: 123   in FES: 6
** Event #379904   t=2116.159854820427   Elapsed: 2116.11s (35m 16s)  33% completed  (33% total)
     Speed:     ev/sec=208.928   simsec/sec=1   ev/simsec=208.928
     Messages:  created: 47918   present: 110   in FES: 7
** Event #380416   t=2119.294492340332   Elapsed: 2119.24s (35m 19s)  33% completed  (33% total)
     Speed:     ev/sec=163.077   simsec/sec=0.99841   ev/simsec=163.336
     Messages:  created: 47960   present: 52   in FES: 5
** Event #380928   t=2122.47782971593   Elapsed: 2122.42s (35m 22s)  33% completed  (33% total)
     Speed:     ev/sec=161.092   simsec/sec=1.00158   ev/simsec=160.837
     Messages:  created: 48007   present: 7   in FES: 5
** Event #381184   t=2124.921299048519   Elapsed: 2124.87s (35m 24s)  33% completed  (33% total)
     Speed:     ev/sec=104.767   simsec/sec=0.999983   ev/simsec=104.769
     Messages:  created: 48039   present: 7   in FES: 5
** Event #381696   t=2128.845501825503   Elapsed: 2128.79s (35m 28s)  33% completed  (33% total)
     Speed:     ev/sec=130.472   simsec/sec=1   ev/simsec=130.472
     Messages:  created: 48104   present: 10   in FES: 6
** Event #382208   t=2131.780352322941   Elapsed: 2131.75s (35m 31s)  33% completed  (33% total)
     Speed:     ev/sec=173.2   simsec/sec=0.992808   ev/simsec=174.455
     Messages:  created: 48169   present: 12   in FES: 5
** Event #382720   t=2134.042215619671   Elapsed: 2134.03s (35m 34s)  33% completed  (33% total)
     Speed:     ev/sec=224.355   simsec/sec=0.991133   ev/simsec=226.362
     Messages:  created: 48242   present: 36   in FES: 5
** Event #383488   t=2136.741687092288   Elapsed: 2136.7s (35m 36s)  33% completed  (33% total)
     Speed:     ev/sec=287.687   simsec/sec=1.0112   ev/simsec=284.5
     Messages:  created: 48359   present: 92   in FES: 5
** Event #384256   t=2139.258435375937   Elapsed: 2139.2s (35m 39s)  33% completed  (33% total)
     Speed:     ev/sec=306.568   simsec/sec=1.00463   ev/simsec=305.156
     Messages:  created: 48483   present: 151   in FES: 6
** Event #385024   t=2141.934117707418   Elapsed: 2141.88s (35m 41s)  33% completed  (33% total)
     Speed:     ev/sec=287.029   simsec/sec=0.999999   ev/simsec=287.03
     Messages:  created: 48597   present: 188   in FES: 7
** Event #385792   t=2144.679661643203   Elapsed: 2144.62s (35m 44s)  34% completed  (34% total)
     Speed:     ev/sec=279.726   simsec/sec=1   ev/simsec=279.726
     Messages:  created: 48704   present: 209   in FES: 6
** Event #386304   t=2147.815218840233   Elapsed: 2147.76s (35m 47s)  34% completed  (34% total)
     Speed:     ev/sec=163.288   simsec/sec=0.999999   ev/simsec=163.288
     Messages:  created: 48758   present: 190   in FES: 7
** Event #386816   t=2150.139628586467   Elapsed: 2150.08s (35m 50s)  34% completed  (34% total)
     Speed:     ev/sec=220.271   simsec/sec=1   ev/simsec=220.271
     Messages:  created: 48823   present: 192   in FES: 7
** Event #387328   t=2152.308765596024   Elapsed: 2152.25s (35m 52s)  34% completed  (34% total)
     Speed:     ev/sec=236.039   simsec/sec=1   ev/simsec=236.039
     Messages:  created: 48885   present: 188   in FES: 7
** Event #387840   t=2154.91490856084   Elapsed: 2154.86s (35m 54s)  34% completed  (34% total)
     Speed:     ev/sec=196.459   simsec/sec=1   ev/simsec=196.459
     Messages:  created: 48938   present: 166   in FES: 7
** Event #388352   t=2157.470361203157   Elapsed: 2157.42s (35m 57s)  34% completed  (34% total)
     Speed:     ev/sec=200.356   simsec/sec=0.999999   ev/simsec=200.356
     Messages:  created: 48982   present: 125   in FES: 6
** Event #388864   t=2159.832651678393   Elapsed: 2159.78s (35m 59s)  34% completed  (34% total)
     Speed:     ev/sec=216.739   simsec/sec=1   ev/simsec=216.739
     Messages:  created: 49040   present: 114   in FES: 7
** Event #389376   t=2162.049104963382   Elapsed: 2161.99s (36m 01s)  34% completed  (34% total)
     Speed:     ev/sec=231   simsec/sec=1   ev/simsec=231
     Messages:  created: 49104   present: 115   in FES: 7
** Event #389888   t=2164.30030516491   Elapsed: 2164.25s (36m 04s)  34% completed  (34% total)
     Speed:     ev/sec=227.434   simsec/sec=1   ev/simsec=227.434
     Messages:  created: 49174   present: 126   in FES: 6
** Event #390400   t=2166.442792907862   Elapsed: 2166.39s (36m 06s)  34% completed  (34% total)
     Speed:     ev/sec=238.974   simsec/sec=0.999999   ev/simsec=238.975
     Messages:  created: 49244   present: 139   in FES: 7
** Event #390912   t=2168.518431309465   Elapsed: 2168.46s (36m 08s)  34% completed  (34% total)
     Speed:     ev/sec=246.671   simsec/sec=1   ev/simsec=246.671
     Messages:  created: 49311   present: 144   in FES: 6
** Event #391424   t=2171.415156076474   Elapsed: 2171.36s (36m 11s)  34% completed  (34% total)
     Speed:     ev/sec=176.751   simsec/sec=1   ev/simsec=176.751
     Messages:  created: 49364   present: 122   in FES: 6
** Event #392192   t=2174.594709911629   Elapsed: 2174.54s (36m 14s)  34% completed  (34% total)
     Speed:     ev/sec=241.543   simsec/sec=1   ev/simsec=241.543
     Messages:  created: 49458   present: 118   in FES: 6
** Event #392704   t=2176.96603734556   Elapsed: 2176.91s (36m 16s)  34% completed  (34% total)
     Speed:     ev/sec=215.913   simsec/sec=1   ev/simsec=215.913
     Messages:  created: 49515   present: 104   in FES: 6
** Event #393216   t=2179.354447727961   Elapsed: 2179.33s (36m 19s)  34% completed  (34% total)
     Speed:     ev/sec=211.547   simsec/sec=0.986837   ev/simsec=214.369
     Messages:  created: 49568   present: 75   in FES: 5
** Event #393728   t=2181.585153222928   Elapsed: 2181.53s (36m 21s)  34% completed  (34% total)
     Speed:     ev/sec=232.849   simsec/sec=1.01449   ev/simsec=229.524
     Messages:  created: 49626   present: 58   in FES: 6
** Event #394496   t=2184.19858859273   Elapsed: 2184.16s (36m 24s)  34% completed  (34% total)
     Speed:     ev/sec=291.822   simsec/sec=0.993043   ev/simsec=293.866
     Messages:  created: 49722   present: 59   in FES: 5
** Event #395008   t=2186.815206390217   Elapsed: 2186.76s (36m 26s)  34% completed  (34% total)
     Speed:     ev/sec=197.05   simsec/sec=1.00704   ev/simsec=195.672
     Messages:  created: 49779   present: 41   in FES: 6
** Event #395520   t=2189.700224411469   Elapsed: 2189.66s (36m 29s)  34% completed  (34% total)
     Speed:     ev/sec=176.872   simsec/sec=0.996636   ev/simsec=177.469
     Messages:  created: 49832   present: 11   in FES: 5
** Event #395776   t=2191.795098013092   Elapsed: 2191.74s (36m 31s)  34% completed  (34% total)
     Speed:     ev/sec=122.77   simsec/sec=1.00464   ev/simsec=122.203
     Messages:  created: 49863   present: 7   in FES: 5
** Event #396032   t=2194.11709144945   Elapsed: 2194.06s (36m 34s)  34% completed  (34% total)
     Speed:     ev/sec=110.25   simsec/sec=0.999998   ev/simsec=110.25
     Messages:  created: 49895   present: 7   in FES: 5
** Event #396544   t=2196.19603719398   Elapsed: 2196.14s (36m 36s)  34% completed  (34% total)
     Speed:     ev/sec=246.29   simsec/sec=1.00004   ev/simsec=246.279
     Messages:  created: 49974   present: 48   in FES: 6
** Event #397056   t=2198.570347044847   Elapsed: 2198.52s (36m 38s)  34% completed  (34% total)
     Speed:     ev/sec=215.642   simsec/sec=1   ev/simsec=215.642
     Messages:  created: 50044   present: 63   in FES: 6
** Event #397568   t=2201.962409551811   Elapsed: 2201.91s (36m 41s)  34% completed  (34% total)
     Speed:     ev/sec=150.938   simsec/sec=0.999982   ev/simsec=150.941
     Messages:  created: 50087   present: 7   in FES: 5
** Event #398080   t=2204.294947155186   Elapsed: 2204.24s (36m 44s)  34% completed  (34% total)
     Speed:     ev/sec=219.509   simsec/sec=1.00003   ev/simsec=219.503
     Messages:  created: 50153   present: 13   in FES: 6
** Event #398336   t=2206.736484797089   Elapsed: 2206.68s (36m 46s)  35% completed  (35% total)
     Speed:     ev/sec=104.852   simsec/sec=1   ev/simsec=104.852
     Messages:  created: 50183   present: 9   in FES: 6
** Event #398848   t=2210.082410567752   Elapsed: 2210.03s (36m 50s)  35% completed  (35% total)
     Speed:     ev/sec=153.022   simsec/sec=1   ev/simsec=153.022
     Messages:  created: 50247   present: 8   in FES: 6
** Event #399616   t=2213.348993315789   Elapsed: 2213.31s (36m 53s)  35% completed  (35% total)
     Speed:     ev/sec=234.227   simsec/sec=0.996252   ev/simsec=235.108
     Messages:  created: 50359   present: 51   in FES: 5
** Event #400128   t=2216.363940350187   Elapsed: 2216.31s (36m 56s)  35% completed  (35% total)
     Speed:     ev/sec=170.512   simsec/sec=1.00407   ev/simsec=169.821
     Messages:  created: 50407   present: 7   in FES: 5
** Event #400640   t=2218.410772701521   Elapsed: 2218.36s (36m 58s)  35% completed  (35% total)
     Speed:     ev/sec=250.149   simsec/sec=1.00003   ev/simsec=250.143
     Messages:  created: 50471   present: 9   in FES: 6
** Event #401152   t=2220.813882   Elapsed: 2220.76s (37m 00s)  35% completed  (35% total)
     Speed:     ev/sec=213.043   simsec/sec=0.999933   ev/simsec=213.057
     Messages:  created: 50534   present: 7   in FES: 6
** Event #401664   t=2224.177375733342   Elapsed: 2224.12s (37m 04s)  35% completed  (35% total)
     Speed:     ev/sec=152.226   simsec/sec=1.00002   ev/simsec=152.223
     Messages:  created: 50598   present: 7   in FES: 5
** Event #402176   t=2226.688055622396   Elapsed: 2226.63s (37m 06s)  35% completed  (35% total)
     Speed:     ev/sec=203.936   simsec/sec=1.00004   ev/simsec=203.929
     Messages:  created: 50666   present: 17   in FES: 6
** Event #402688   t=2229.654048593416   Elapsed: 2229.6s (37m 09s)  35% completed  (35% total)
     Speed:     ev/sec=172.623   simsec/sec=1   ev/simsec=172.623
     Messages:  created: 50727   present: 9   in FES: 6
** Event #403200   t=2232.156008549397   Elapsed: 2232.17s (37m 12s)  35% completed  (35% total)
     Speed:     ev/sec=199.451   simsec/sec=0.974647   ev/simsec=204.64
     Messages:  created: 50791   present: 10   in FES: 5
** Event #403712   t=2234.522949171969   Elapsed: 2234.47s (37m 14s)  35% completed  (35% total)
     Speed:     ev/sec=222.429   simsec/sec=1.02827   ev/simsec=216.313
     Messages:  created: 50859   present: 21   in FES: 6
** Event #404224   t=2237.648572162596   Elapsed: 2237.59s (37m 17s)  35% completed  (35% total)
     Speed:     ev/sec=163.807   simsec/sec=1   ev/simsec=163.807
     Messages:  created: 50920   present: 12   in FES: 6
** Event #404736   t=2239.991194628878   Elapsed: 2239.94s (37m 19s)  35% completed  (35% total)
     Speed:     ev/sec=218.559   simsec/sec=1   ev/simsec=218.558
     Messages:  created: 50986   present: 17   in FES: 6
** Event #405248   t=2242.235494934101   Elapsed: 2242.18s (37m 22s)  35% completed  (35% total)
     Speed:     ev/sec=228.133   simsec/sec=1   ev/simsec=228.133
     Messages:  created: 51051   present: 20   in FES: 6
** Event #406272   t=2245.311334130347   Elapsed: 2245.27s (37m 25s)  35% completed  (35% total)
     Speed:     ev/sec=331.683   simsec/sec=0.996292   ev/simsec=332.917
     Messages:  created: 51212   present: 108   in FES: 5
** Event #407040   t=2248.212534462006   Elapsed: 2248.18s (37m 28s)  35% completed  (35% total)
     Speed:     ev/sec=264.164   simsec/sec=0.997906   ev/simsec=264.718
     Messages:  created: 51330   present: 152   in FES: 5
** Event #407552   t=2250.40606988935   Elapsed: 2250.38s (37m 30s)  35% completed  (35% total)
     Speed:     ev/sec=231.935   simsec/sec=0.993668   ev/simsec=233.413
     Messages:  created: 51400   present: 164   in FES: 5
** Event #408064   t=2252.667453874664   Elapsed: 2252.68s (37m 32s)  35% completed  (35% total)
     Speed:     ev/sec=223.176   simsec/sec=0.985715   ev/simsec=226.41
     Messages:  created: 51462   present: 160   in FES: 5
** Event #408832   t=2255.614562540807   Elapsed: 2255.56s (37m 35s)  35% completed  (35% total)
     Speed:     ev/sec=266.116   simsec/sec=1.02119   ev/simsec=260.594
     Messages:  created: 51583   present: 210   in FES: 5
** Event #409600   t=2258.560221995936   Elapsed: 2258.52s (37m 38s)  35% completed  (35% total)
     Speed:     ev/sec=259.625   simsec/sec=0.99579   ev/simsec=260.723
     Messages:  created: 51685   present: 222   in FES: 5
** Event #410368   t=2261.040532522367   Elapsed: 2260.99s (37m 40s)  35% completed  (35% total)
     Speed:     ev/sec=310.815   simsec/sec=1.0038   ev/simsec=309.639
     Messages:  created: 51801   present: 262   in FES: 5
** Event #411136   t=2263.593058935091   Elapsed: 2263.57s (37m 43s)  35% completed  (35% total)
     Speed:     ev/sec=297.444   simsec/sec=0.988587   ev/simsec=300.878
     Messages:  created: 51925   present: 318   in FES: 5
** Event #411904   t=2266.196600168914   Elapsed: 2266.15s (37m 46s)  35% completed  (35% total)
     Speed:     ev/sec=297.92   simsec/sec=1.00996   ev/simsec=294.983
     Messages:  created: 52040   present: 356   in FES: 5
** Event #412416   t=2268.202279312522   Elapsed: 2268.16s (37m 48s)  36% completed  (36% total)
     Speed:     ev/sec=255.003   simsec/sec=0.998934   ev/simsec=255.275
     Messages:  created: 52094   present: 336   in FES: 5
** Event #412928   t=2270.474761314237   Elapsed: 2270.44s (37m 50s)  36% completed  (36% total)
     Speed:     ev/sec=224.959   simsec/sec=0.998466   ev/simsec=225.304
     Messages:  created: 52161   present: 342   in FES: 5
** Event #413440   t=2273.061572074634   Elapsed: 2273.03s (37m 53s)  36% completed  (36% total)
     Speed:     ev/sec=197.416   simsec/sec=0.997417   ev/simsec=197.927
     Messages:  created: 52232   present: 356   in FES: 5
** Event #414208   t=2275.473291680243   Elapsed: 2275.43s (37m 55s)  36% completed  (36% total)
     Speed:     ev/sec=320.156   simsec/sec=1.00537   ev/simsec=318.445
     Messages:  created: 52354   present: 408   in FES: 5
** Event #414720   t=2277.912817914125   Elapsed: 2277.89s (37m 57s)  36% completed  (36% total)
     Speed:     ev/sec=208.354   simsec/sec=0.992744   ev/simsec=209.877
     Messages:  created: 52410   present: 392   in FES: 5
** Event #415232   t=2280.651276006687   Elapsed: 2280.6s (38m 00s)  36% completed  (36% total)
     Speed:     ev/sec=188.847   simsec/sec=1.01006   ev/simsec=186.967
     Messages:  created: 52456   present: 357   in FES: 7
** Event #415744   t=2283.157317671456   Elapsed: 2283.1s (38m 03s)  36% completed  (36% total)
     Speed:     ev/sec=204.305   simsec/sec=0.999993   ev/simsec=204.306
     Messages:  created: 52514   present: 346   in FES: 6
** Event #416256   t=2285.180758607784   Elapsed: 2285.13s (38m 05s)  36% completed  (36% total)
     Speed:     ev/sec=253.037   simsec/sec=1.00001   ev/simsec=253.034
     Messages:  created: 52577   present: 342   in FES: 7
** Event #416768   t=2287.913927778586   Elapsed: 2287.86s (38m 07s)  36% completed  (36% total)
     Speed:     ev/sec=187.328   simsec/sec=1   ev/simsec=187.328
     Messages:  created: 52634   present: 325   in FES: 6
** Event #417280   t=2290.675611116664   Elapsed: 2290.62s (38m 10s)  36% completed  (36% total)
     Speed:     ev/sec=185.394   simsec/sec=0.999999   ev/simsec=185.394
     Messages:  created: 52680   present: 289   in FES: 6
** Event #418048   t=2293.698993856708   Elapsed: 2293.64s (38m 13s)  36% completed  (36% total)
     Speed:     ev/sec=254.02   simsec/sec=1   ev/simsec=254.02
     Messages:  created: 52797   present: 331   in FES: 6
** Event #418560   t=2295.953748718498   Elapsed: 2295.9s (38m 15s)  36% completed  (36% total)
     Speed:     ev/sec=227.076   simsec/sec=1   ev/simsec=227.076
     Messages:  created: 52867   present: 344   in FES: 7
** Event #419328   t=2299.103255699844   Elapsed: 2299.05s (38m 19s)  36% completed  (36% total)
     Speed:     ev/sec=243.848   simsec/sec=1   ev/simsec=243.848
     Messages:  created: 52955   present: 328   in FES: 7
** Event #419840   t=2301.405300008743   Elapsed: 2301.35s (38m 21s)  36% completed  (36% total)
     Speed:     ev/sec=222.411   simsec/sec=0.999999   ev/simsec=222.411
     Messages:  created: 53030   present: 350   in FES: 7
** Event #420352   t=2303.752719265731   Elapsed: 2303.7s (38m 23s)  36% completed  (36% total)
     Speed:     ev/sec=218.112   simsec/sec=1   ev/simsec=218.112
     Messages:  created: 53087   present: 335   in FES: 6
** Event #420864   t=2306.340940927256   Elapsed: 2306.29s (38m 26s)  36% completed  (36% total)
     Speed:     ev/sec=197.819   simsec/sec=1   ev/simsec=197.819
     Messages:  created: 53141   present: 316   in FES: 7
** Event #421376   t=2308.855050105867   Elapsed: 2308.8s (38m 28s)  36% completed  (36% total)
     Speed:     ev/sec=203.651   simsec/sec=1   ev/simsec=203.651
     Messages:  created: 53211   present: 328   in FES: 7
** Event #421888   t=2311.344846332343   Elapsed: 2311.29s (38m 31s)  36% completed  (36% total)
     Speed:     ev/sec=205.639   simsec/sec=1   ev/simsec=205.639
     Messages:  created: 53269   present: 316   in FES: 7
** Event #422400   t=2313.685714320072   Elapsed: 2313.63s (38m 33s)  36% completed  (36% total)
     Speed:     ev/sec=218.722   simsec/sec=0.999998   ev/simsec=218.722
     Messages:  created: 53331   present: 312   in FES: 7
** Event #423168   t=2317.033558997355   Elapsed: 2316.98s (38m 36s)  36% completed  (36% total)
     Speed:     ev/sec=229.402   simsec/sec=1   ev/simsec=229.401
     Messages:  created: 53426   present: 309   in FES: 6
** Event #423936   t=2320.360854975938   Elapsed: 2320.31s (38m 40s)  36% completed  (36% total)
     Speed:     ev/sec=230.818   simsec/sec=1   ev/simsec=230.818
     Messages:  created: 53529   present: 323   in FES: 6
** Event #424448   t=2322.911742244989   Elapsed: 2322.86s (38m 42s)  36% completed  (36% total)
     Speed:     ev/sec=200.714   simsec/sec=1   ev/simsec=200.714
     Messages:  created: 53592   present: 321   in FES: 6
** Event #425216   t=2326.08154987422   Elapsed: 2326.03s (38m 46s)  36% completed  (36% total)
     Speed:     ev/sec=242.286   simsec/sec=1   ev/simsec=242.286
     Messages:  created: 53689   present: 324   in FES: 7
** Event #425984   t=2328.527232319655   Elapsed: 2328.47s (38m 48s)  36% completed  (36% total)
     Speed:     ev/sec=314.023   simsec/sec=1   ev/simsec=314.023
     Messages:  created: 53809   present: 371   in FES: 6
** Event #426752   t=2331.195234134717   Elapsed: 2331.14s (38m 51s)  37% completed  (37% total)
     Speed:     ev/sec=287.856   simsec/sec=1   ev/simsec=287.856
     Messages:  created: 53913   present: 388   in FES: 7
** Event #427264   t=2333.529735265396   Elapsed: 2333.48s (38m 53s)  37% completed  (37% total)
     Speed:     ev/sec=219.319   simsec/sec=1   ev/simsec=219.319
     Messages:  created: 53981   present: 395   in FES: 6
** Event #428032   t=2336.879255703728   Elapsed: 2336.82s (38m 56s)  37% completed  (37% total)
     Speed:     ev/sec=229.287   simsec/sec=1   ev/simsec=229.287
     Messages:  created: 54063   present: 367   in FES: 6
** Event #428544   t=2339.174132329395   Elapsed: 2339.12s (38m 59s)  37% completed  (37% total)
     Speed:     ev/sec=223.106   simsec/sec=0.999999   ev/simsec=223.106
     Messages:  created: 54122   present: 358   in FES: 7
** Event #429056   t=2341.386483068554   Elapsed: 2341.33s (39m 01s)  37% completed  (37% total)
     Speed:     ev/sec=231.428   simsec/sec=1   ev/simsec=231.428
     Messages:  created: 54191   present: 368   in FES: 6
** Event #429824   t=2344.302499110854   Elapsed: 2344.25s (39m 04s)  37% completed  (37% total)
     Speed:     ev/sec=263.372   simsec/sec=0.999998   ev/simsec=263.373
     Messages:  created: 54305   present: 404   in FES: 7
** Event #430592   t=2347.294330042017   Elapsed: 2347.24s (39m 07s)  37% completed  (37% total)
     Speed:     ev/sec=256.7   simsec/sec=1   ev/simsec=256.699
     Messages:  created: 54419   present: 439   in FES: 6
** Event #431104   t=2349.382603797323   Elapsed: 2349.33s (39m 09s)  37% completed  (37% total)
     Speed:     ev/sec=245.179   simsec/sec=1   ev/simsec=245.179
     Messages:  created: 54488   present: 449   in FES: 6
** Event #431872   t=2351.988958739918   Elapsed: 2351.93s (39m 11s)  37% completed  (37% total)
     Speed:     ev/sec=294.664   simsec/sec=1   ev/simsec=294.664
     Messages:  created: 54616   present: 514   in FES: 7
** Event #432640   t=2354.286167030054   Elapsed: 2354.23s (39m 14s)  37% completed  (37% total)
     Speed:     ev/sec=334.318   simsec/sec=0.999998   ev/simsec=334.319
     Messages:  created: 54719   present: 517   in FES: 7
** Event #433408   t=2357.317688502389   Elapsed: 2357.26s (39m 17s)  37% completed  (37% total)
     Speed:     ev/sec=253.338   simsec/sec=1   ev/simsec=253.338
     Messages:  created: 54810   present: 500   in FES: 7
** Event #433920   t=2359.714097610817   Elapsed: 2359.66s (39m 19s)  37% completed  (37% total)
     Speed:     ev/sec=213.653   simsec/sec=1   ev/simsec=213.653
     Messages:  created: 54857   present: 461   in FES: 6
** Event #434432   t=2361.809625858113   Elapsed: 2361.75s (39m 21s)  37% completed  (37% total)
     Speed:     ev/sec=244.33   simsec/sec=1   ev/simsec=244.33
     Messages:  created: 54895   present: 398   in FES: 7
** Event #434944   t=2363.842525495484   Elapsed: 2363.79s (39m 23s)  37% completed  (37% total)
     Speed:     ev/sec=251.857   simsec/sec=1   ev/simsec=251.857
     Messages:  created: 54930   present: 327   in FES: 7
** Event #435456   t=2366.008629671666   Elapsed: 2365.95s (39m 25s)  37% completed  (37% total)
     Speed:     ev/sec=236.369   simsec/sec=1   ev/simsec=236.369
     Messages:  created: 54984   present: 303   in FES: 6
** Event #436224   t=2368.734760099619   Elapsed: 2368.68s (39m 28s)  37% completed  (37% total)
     Speed:     ev/sec=281.718   simsec/sec=0.999999   ev/simsec=281.718
     Messages:  created: 55094   present: 331   in FES: 6
** Event #436736   t=2371.103437781843   Elapsed: 2371.05s (39m 31s)  37% completed  (37% total)
     Speed:     ev/sec=216.154   simsec/sec=0.999999   ev/simsec=216.154
     Messages:  created: 55172   present: 360   in FES: 6
** Event #437248   t=2373.184013840811   Elapsed: 2373.13s (39m 33s)  37% completed  (37% total)
     Speed:     ev/sec=246.085   simsec/sec=0.999996   ev/simsec=246.086
     Messages:  created: 55244   present: 376   in FES: 6
** Event #437760   t=2375.527790476687   Elapsed: 2375.47s (39m 35s)  37% completed  (37% total)
     Speed:     ev/sec=218.452   simsec/sec=1   ev/simsec=218.451
     Messages:  created: 55313   present: 386   in FES: 6
** Event #438528   t=2378.269880252276   Elapsed: 2378.22s (39m 38s)  37% completed  (37% total)
     Speed:     ev/sec=280.079   simsec/sec=1   ev/simsec=280.078
     Messages:  created: 55413   present: 393   in FES: 6
** Event #439040   t=2380.584718948123   Elapsed: 2380.53s (39m 40s)  37% completed  (37% total)
     Speed:     ev/sec=221.181   simsec/sec=0.999999   ev/simsec=221.182
     Messages:  created: 55479   present: 398   in FES: 6
** Event #439552   t=2382.68327322403   Elapsed: 2382.63s (39m 42s)  37% completed  (37% total)
     Speed:     ev/sec=243.978   simsec/sec=1   ev/simsec=243.977
     Messages:  created: 55541   present: 394   in FES: 6
** Event #440320   t=2385.297709622079   Elapsed: 2385.24s (39m 45s)  37% completed  (37% total)
     Speed:     ev/sec=293.754   simsec/sec=1   ev/simsec=293.754
     Messages:  created: 55662   present: 443   in FES: 6
** Event #441088   t=2388.069826352805   Elapsed: 2388.02s (39m 48s)  37% completed  (37% total)
     Speed:     ev/sec=277.044   simsec/sec=0.999998   ev/simsec=277.045
     Messages:  created: 55765   present: 458   in FES: 6
** Event #441856   t=2390.657901658772   Elapsed: 2390.61s (39m 50s)  37% completed  (37% total)
     Speed:     ev/sec=295.936   simsec/sec=0.997271   ev/simsec=296.746
     Messages:  created: 55883   present: 497   in FES: 5
** Event #442624   t=2393.406469144116   Elapsed: 2393.36s (39m 53s)  37% completed  (37% total)
     Speed:     ev/sec=279.45   simsec/sec=1.00011   ev/simsec=279.418
     Messages:  created: 55982   present: 497   in FES: 5
** Event #443392   t=2395.866704639245   Elapsed: 2395.81s (39m 55s)  38% completed  (38% total)
     Speed:     ev/sec=313.028   simsec/sec=1.00276   ev/simsec=312.165
     Messages:  created: 56075   present: 485   in FES: 6
** Event #444160   t=2397.945902888019   Elapsed: 2397.89s (39m 57s)  38% completed  (38% total)
     Speed:     ev/sec=369.373   simsec/sec=1   ev/simsec=369.373
     Messages:  created: 56196   present: 534   in FES: 6
** Event #444928   t=2400.315479246805   Elapsed: 2400.26s (40m 00s)  38% completed  (38% total)
     Speed:     ev/sec=324.108   simsec/sec=1   ev/simsec=324.109
     Messages:  created: 56292   present: 525   in FES: 6
** Event #445440   t=2402.32157384799   Elapsed: 2402.28s (40m 02s)  38% completed  (38% total)
     Speed:     ev/sec=253.592   simsec/sec=0.993611   ev/simsec=255.222
     Messages:  created: 56351   present: 509   in FES: 5
** Event #446208   t=2405.088386399173   Elapsed: 2405.03s (40m 05s)  38% completed  (38% total)
     Speed:     ev/sec=278.874   simsec/sec=1.00468   ev/simsec=277.576
     Messages:  created: 56455   present: 523   in FES: 7
** Event #446976   t=2407.61317616436   Elapsed: 2407.56s (40m 07s)  38% completed  (38% total)
     Speed:     ev/sec=304.186   simsec/sec=1.00001   ev/simsec=304.184
     Messages:  created: 56524   present: 451   in FES: 7
** Event #447744   t=2410.825889761409   Elapsed: 2410.77s (40m 10s)  38% completed  (38% total)
     Speed:     ev/sec=239.019   simsec/sec=0.999869   ev/simsec=239.05
     Messages:  created: 56593   present: 387   in FES: 5
** Event #448256   t=2413.341886681752   Elapsed: 2413.29s (40m 13s)  38% completed  (38% total)
     Speed:     ev/sec=203.532   simsec/sec=1.00017   ev/simsec=203.498
     Messages:  created: 56647   present: 365   in FES: 6
** Event #448768   t=2415.323570680509   Elapsed: 2415.29s (40m 15s)  38% completed  (38% total)
     Speed:     ev/sec=255.452   simsec/sec=0.98872   ev/simsec=258.366
     Messages:  created: 56698   present: 333   in FES: 5
** Event #449280   t=2417.750881931156   Elapsed: 2417.7s (40m 17s)  38% completed  (38% total)
     Speed:     ev/sec=212.916   simsec/sec=1.0094   ev/simsec=210.933
     Messages:  created: 56754   present: 316   in FES: 7
** Event #449792   t=2420.014696847257   Elapsed: 2419.96s (40m 19s)  38% completed  (38% total)
     Speed:     ev/sec=226.167   simsec/sec=0.999999   ev/simsec=226.167
     Messages:  created: 56818   present: 316   in FES: 7
** Event #450560   t=2422.420742983988   Elapsed: 2422.37s (40m 22s)  38% completed  (38% total)
     Speed:     ev/sec=319.2   simsec/sec=1.00001   ev/simsec=319.196
     Messages:  created: 56932   present: 352   in FES: 7
** Event #451072   t=2424.559744598148   Elapsed: 2424.51s (40m 24s)  38% completed  (38% total)
     Speed:     ev/sec=239.361   simsec/sec=0.999987   ev/simsec=239.364
     Messages:  created: 56998   present: 355   in FES: 6
** Event #451584   t=2426.878927778375   Elapsed: 2426.82s (40m 26s)  38% completed  (38% total)
     Speed:     ev/sec=220.767   simsec/sec=1   ev/simsec=220.767
     Messages:  created: 57065   present: 361   in FES: 6
** Event #452352   t=2429.618814537942   Elapsed: 2429.56s (40m 29s)  38% completed  (38% total)
     Speed:     ev/sec=280.303   simsec/sec=0.999999   ev/simsec=280.304
     Messages:  created: 57183   present: 405   in FES: 6
** Event #453120   t=2432.556259663751   Elapsed: 2432.5s (40m 32s)  38% completed  (38% total)
     Speed:     ev/sec=261.452   simsec/sec=1   ev/simsec=261.452
     Messages:  created: 57291   present: 430   in FES: 7
** Event #453888   t=2435.738972472087   Elapsed: 2435.68s (40m 35s)  38% completed  (38% total)
     Speed:     ev/sec=241.303   simsec/sec=0.999999   ev/simsec=241.304
     Messages:  created: 57399   present: 454   in FES: 7
** Event #454656   t=2438.628821571473   Elapsed: 2438.57s (40m 38s)  38% completed  (38% total)
     Speed:     ev/sec=265.758   simsec/sec=1   ev/simsec=265.758
     Messages:  created: 57496   present: 451   in FES: 6
** Event #455424   t=2441.284581778484   Elapsed: 2441.25s (40m 41s)  38% completed  (38% total)
     Speed:     ev/sec=286.892   simsec/sec=0.992078   ev/simsec=289.183
     Messages:  created: 57594   present: 454   in FES: 5
** Event #455936   t=2443.683609230701   Elapsed: 2443.63s (40m 43s)  38% completed  (38% total)
     Speed:     ev/sec=215.323   simsec/sec=1.00892   ev/simsec=213.42
     Messages:  created: 57638   present: 410   in FES: 6
** Event #456448   t=2446.148821076332   Elapsed: 2446.12s (40m 46s)  38% completed  (38% total)
     Speed:     ev/sec=205.446   simsec/sec=0.989197   ev/simsec=207.69
     Messages:  created: 57682   present: 366   in FES: 5
** Event #456960   t=2448.288451181418   Elapsed: 2448.23s (40m 48s)  38% completed  (38% total)
     Speed:     ev/sec=242.343   simsec/sec=1.01274   ev/simsec=239.294
     Messages:  created: 57745   present: 360   in FES: 6
** Event #457472   t=2450.32363102572   Elapsed: 2450.27s (40m 50s)  38% completed  (38% total)
     Speed:     ev/sec=251.575   simsec/sec=1   ev/simsec=251.575
     Messages:  created: 57797   present: 331   in FES: 6
** Event #457984   t=2452.347898439348   Elapsed: 2452.29s (40m 52s)  38% completed  (38% total)
     Speed:     ev/sec=252.931   simsec/sec=1   ev/simsec=252.931
     Messages:  created: 57874   present: 357   in FES: 7
** Event #458496   t=2454.377674422986   Elapsed: 2454.32s (40m 54s)  38% completed  (38% total)
     Speed:     ev/sec=252.245   simsec/sec=1   ev/simsec=252.245
     Messages:  created: 57936   present: 352   in FES: 6
** Event #459008   t=2456.409240985222   Elapsed: 2456.35s (40m 56s)  38% completed  (38% total)
     Speed:     ev/sec=252.022   simsec/sec=1   ev/simsec=252.022
     Messages:  created: 58004   present: 360   in FES: 6
** Event #459776   t=2459.255719761341   Elapsed: 2459.2s (40m 59s)  39% completed  (39% total)
     Speed:     ev/sec=269.807   simsec/sec=1   ev/simsec=269.807
     Messages:  created: 58106   present: 372   in FES: 6
** Event #460544   t=2461.763182644149   Elapsed: 2461.71s (41m 01s)  39% completed  (39% total)
     Speed:     ev/sec=306.286   simsec/sec=1   ev/simsec=306.286
     Messages:  created: 58206   present: 381   in FES: 6
** Event #461312   t=2464.431407941965   Elapsed: 2464.38s (41m 04s)  39% completed  (39% total)
     Speed:     ev/sec=287.832   simsec/sec=1   ev/simsec=287.832
     Messages:  created: 58332   present: 441   in FES: 6
** Event #462080   t=2467.329160879592   Elapsed: 2467.27s (41m 07s)  39% completed  (39% total)
     Speed:     ev/sec=265.033   simsec/sec=0.999999   ev/simsec=265.033
     Messages:  created: 58440   present: 466   in FES: 7
** Event #462592   t=2469.666694445465   Elapsed: 2469.61s (41m 09s)  39% completed  (39% total)
     Speed:     ev/sec=219.035   simsec/sec=1   ev/simsec=219.034
     Messages:  created: 58507   present: 471   in FES: 6
** Event #463360   t=2472.088354863386   Elapsed: 2472.03s (41m 12s)  39% completed  (39% total)
     Speed:     ev/sec=317.138   simsec/sec=1   ev/simsec=317.138
     Messages:  created: 58621   present: 507   in FES: 6
** Event #464128   t=2474.580225415112   Elapsed: 2474.53s (41m 14s)  39% completed  (39% total)
     Speed:     ev/sec=308.202   simsec/sec=1   ev/simsec=308.202
     Messages:  created: 58703   present: 468   in FES: 6
** Event #464640   t=2476.777461189072   Elapsed: 2476.72s (41m 16s)  39% completed  (39% total)
     Speed:     ev/sec=233.02   simsec/sec=0.999999   ev/simsec=233.02
     Messages:  created: 58755   present: 441   in FES: 7
** Event #465152   t=2479.442280890797   Elapsed: 2479.39s (41m 19s)  39% completed  (39% total)
     Speed:     ev/sec=192.133   simsec/sec=1   ev/simsec=192.133
     Messages:  created: 58806   present: 415   in FES: 7
** Event #465920   t=2482.102985282845   Elapsed: 2482.05s (41m 22s)  39% completed  (39% total)
     Speed:     ev/sec=288.645   simsec/sec=1   ev/simsec=288.645
     Messages:  created: 58884   present: 364   in FES: 7
** Event #466688   t=2485.143719414184   Elapsed: 2485.13s (41m 25s)  39% completed  (39% total)
     Speed:     ev/sec=249.026   simsec/sec=0.985965   ev/simsec=252.571
     Messages:  created: 58979   present: 358   in FES: 5
** Event #467200   t=2487.281024782878   Elapsed: 2487.23s (41m 27s)  39% completed  (39% total)
     Speed:     ev/sec=243.726   simsec/sec=1.01741   ev/simsec=239.554
     Messages:  created: 59048   present: 368   in FES: 5
** Event #467968   t=2490.198977765568   Elapsed: 2490.19s (41m 30s)  39% completed  (39% total)
     Speed:     ev/sec=259.969   simsec/sec=0.98773   ev/simsec=263.198
     Messages:  created: 59152   present: 384   in FES: 5
** Event #468480   t=2492.442611699593   Elapsed: 2492.39s (41m 32s)  39% completed  (39% total)
     Speed:     ev/sec=232.329   simsec/sec=1.01809   ev/simsec=228.201
     Messages:  created: 59226   present: 404   in FES: 5
** Event #468992   t=2494.775061437013   Elapsed: 2494.72s (41m 34s)  39% completed  (39% total)
     Speed:     ev/sec=219.427   simsec/sec=0.999612   ev/simsec=219.512
     Messages:  created: 59297   present: 418   in FES: 5
** Event #469760   t=2497.807441391533   Elapsed: 2497.75s (41m 37s)  39% completed  (39% total)
     Speed:     ev/sec=253.6   simsec/sec=1.00132   ev/simsec=253.266
     Messages:  created: 59400   present: 430   in FES: 6
** Event #470528   t=2500.94951526037   Elapsed: 2500.94s (41m 40s)  39% completed  (39% total)
     Speed:     ev/sec=241.032   simsec/sec=0.98612   ev/simsec=244.425
     Messages:  created: 59496   present: 424   in FES: 5
** Event #471040   t=2503.052982997745   Elapsed: 2503s (41m 42s)  39% completed  (39% total)
     Speed:     ev/sec=248.636   simsec/sec=1.02148   ev/simsec=243.408
     Messages:  created: 59549   present: 401   in FES: 6
** Event #471808   t=2505.438922238908   Elapsed: 2505.4s (41m 45s)  39% completed  (39% total)
     Speed:     ev/sec=319.166   simsec/sec=0.991551   ev/simsec=321.886
     Messages:  created: 59653   present: 417   in FES: 5
** Event #472576   t=2508.72676461095   Elapsed: 2508.67s (41m 48s)  39% completed  (39% total)
     Speed:     ev/sec=235.041   simsec/sec=1.00622   ev/simsec=233.588
     Messages:  created: 59757   present: 432   in FES: 7
** Event #473088   t=2511.377228054109   Elapsed: 2511.32s (41m 51s)  39% completed  (39% total)
     Speed:     ev/sec=193.174   simsec/sec=1   ev/simsec=193.174
     Messages:  created: 59803   present: 393   in FES: 6
** Event #473856   t=2513.877220027025   Elapsed: 2513.82s (41m 53s)  39% completed  (39% total)
     Speed:     ev/sec=307.2   simsec/sec=0.999997   ev/simsec=307.201
     Messages:  created: 59923   present: 441   in FES: 8
** Event #474880   t=2516.66812350625   Elapsed: 2516.64s (41m 56s)  39% completed  (39% total)
     Speed:     ev/sec=363.313   simsec/sec=0.990207   ev/simsec=366.906
     Messages:  created: 60077   present: 483   in FES: 5
** Event #475648   t=2519.206954181773   Elapsed: 2519.15s (41m 59s)  39% completed  (39% total)
     Speed:     ev/sec=305.827   simsec/sec=1.01099   ev/simsec=302.501
     Messages:  created: 60184   present: 502   in FES: 6
** Event #476160   t=2521.358169450136   Elapsed: 2521.3s (42m 01s)  40% completed  (40% total)
     Speed:     ev/sec=238.005   simsec/sec=1   ev/simsec=238.005
     Messages:  created: 60252   present: 512   in FES: 7
** Event #476672   t=2523.418501064572   Elapsed: 2523.36s (42m 03s)  40% completed  (40% total)
     Speed:     ev/sec=248.504   simsec/sec=1   ev/simsec=248.504
     Messages:  created: 60316   present: 511   in FES: 6
** Event #477440   t=2525.595453162856   Elapsed: 2525.54s (42m 05s)  40% completed  (40% total)
     Speed:     ev/sec=352.786   simsec/sec=0.999998   ev/simsec=352.787
     Messages:  created: 60408   present: 486   in FES: 6
** Event #478208   t=2528.109269250635   Elapsed: 2528.05s (42m 08s)  40% completed  (40% total)
     Speed:     ev/sec=305.512   simsec/sec=1   ev/simsec=305.512
     Messages:  created: 60506   present: 481   in FES: 6
** Event #478976   t=2530.874189031074   Elapsed: 2530.82s (42m 10s)  40% completed  (40% total)
     Speed:     ev/sec=277.636   simsec/sec=0.999534   ev/simsec=277.766
     Messages:  created: 60602   present: 472   in FES: 5
** Event #479488   t=2533.025361927187   Elapsed: 2532.97s (42m 12s)  40% completed  (40% total)
     Speed:     ev/sec=238.153   simsec/sec=1.0006   ev/simsec=238.01
     Messages:  created: 60658   present: 455   in FES: 6
** Event #480256   t=2535.683842737377   Elapsed: 2535.63s (42m 15s)  40% completed  (40% total)
     Speed:     ev/sec=288.697   simsec/sec=0.999342   ev/simsec=288.887
     Messages:  created: 60739   present: 420   in FES: 5
** Event #480768   t=2537.76775281953   Elapsed: 2537.71s (42m 17s)  40% completed  (40% total)
     Speed:     ev/sec=245.898   simsec/sec=1.00084   ev/simsec=245.692
     Messages:  created: 60802   present: 414   in FES: 8
** Event #481280   t=2539.817812001759   Elapsed: 2539.78s (42m 19s)  40% completed  (40% total)
     Speed:     ev/sec=247.299   simsec/sec=0.99019   ev/simsec=249.749
     Messages:  created: 60853   present: 386   in FES: 5
** Event #481792   t=2541.899168632936   Elapsed: 2541.85s (42m 21s)  40% completed  (40% total)
     Speed:     ev/sec=247.853   simsec/sec=1.00756   ev/simsec=245.993
     Messages:  created: 60913   present: 376   in FES: 5
** Event #482560   t=2544.258743174757   Elapsed: 2544.23s (42m 24s)  40% completed  (40% total)
     Speed:     ev/sec=322.27   simsec/sec=0.990132   ev/simsec=325.482
     Messages:  created: 61031   present: 420   in FES: 5
** Event #483328   t=2547.254863905213   Elapsed: 2547.22s (42m 27s)  40% completed  (40% total)
     Speed:     ev/sec=257.167   simsec/sec=1.00326   ev/simsec=256.331
     Messages:  created: 61139   present: 444   in FES: 5
** Event #484096   t=2549.635242482688   Elapsed: 2549.59s (42m 29s)  40% completed  (40% total)
     Speed:     ev/sec=323.737   simsec/sec=1.00341   ev/simsec=322.638
     Messages:  created: 61266   present: 506   in FES: 5
** Event #484864   t=2551.859298291987   Elapsed: 2551.81s (42m 31s)  40% completed  (40% total)
     Speed:     ev/sec=346.035   simsec/sec=1.00208   ev/simsec=345.315
     Messages:  created: 61389   present: 560   in FES: 5
** Event #485632   t=2554.028852298284   Elapsed: 2553.97s (42m 33s)  40% completed  (40% total)
     Speed:     ev/sec=354.933   simsec/sec=1.00266   ev/simsec=353.99
     Messages:  created: 61497   present: 576   in FES: 7
** Event #486400   t=2557.053193269487   Elapsed: 2557s (42m 36s)  40% completed  (40% total)
     Speed:     ev/sec=253.939   simsec/sec=0.999999   ev/simsec=253.94
     Messages:  created: 61585   present: 555   in FES: 7
** Event #487168   t=2559.569460521351   Elapsed: 2559.53s (42m 39s)  40% completed  (40% total)
     Speed:     ev/sec=303.784   simsec/sec=0.995316   ev/simsec=305.214
     Messages:  created: 61658   present: 494   in FES: 5
** Event #488448   t=2561.591655546584   Elapsed: 2561.54s (42m 41s)  40% completed  (40% total)
     Speed:     ev/sec=636.708   simsec/sec=1.0059   ev/simsec=632.976
     Messages:  created: 61888   present: 621   in FES: 6
** Event #489216   t=2563.750754450329   Elapsed: 2563.7s (42m 43s)  40% completed  (40% total)
     Speed:     ev/sec=355.703   simsec/sec=0.999998   ev/simsec=355.704
     Messages:  created: 61983   present: 615   in FES: 8
** Event #489984   t=2567.095560663165   Elapsed: 2567.05s (42m 47s)  40% completed  (40% total)
     Speed:     ev/sec=229.013   simsec/sec=0.9974   ev/simsec=229.61
     Messages:  created: 62058   present: 564   in FES: 5
** Event #490752   t=2570.075882400909   Elapsed: 2570.02s (42m 50s)  40% completed  (40% total)
     Speed:     ev/sec=258.447   simsec/sec=1.00294   ev/simsec=257.69
     Messages:  created: 62146   present: 543   in FES: 6
** Event #491776   t=2572.899650909649   Elapsed: 2572.84s (42m 52s)  40% completed  (40% total)
     Speed:     ev/sec=362.636   simsec/sec=1   ev/simsec=362.636
     Messages:  created: 62211   present: 378   in FES: 7
** Event #492544   t=2575.97068180879   Elapsed: 2575.92s (42m 55s)  40% completed  (40% total)
     Speed:     ev/sec=250.077   simsec/sec=0.999992   ev/simsec=250.079
     Messages:  created: 62285   present: 325   in FES: 6
** Event #493056   t=2578.642731108776   Elapsed: 2578.59s (42m 58s)  40% completed  (40% total)
     Speed:     ev/sec=191.615   simsec/sec=1.00001   ev/simsec=191.613
     Messages:  created: 62354   present: 335   in FES: 6
** Event #493824   t=2581.66308146259   Elapsed: 2581.61s (43m 01s)  40% completed  (40% total)
     Speed:     ev/sec=254.274   simsec/sec=0.999994   ev/simsec=254.275
     Messages:  created: 62463   present: 363   in FES: 7
** Event #494592   t=2584.660306092284   Elapsed: 2584.61s (43m 04s)  41% completed  (41% total)
     Speed:     ev/sec=256.232   simsec/sec=0.999979   ev/simsec=256.237
     Messages:  created: 62560   present: 364   in FES: 6
** Event #495104   t=2586.766541458788   Elapsed: 2586.71s (43m 06s)  41% completed  (41% total)
     Speed:     ev/sec=243.097   simsec/sec=1.00004   ev/simsec=243.088
     Messages:  created: 62637   present: 391   in FES: 7
** Event #495616   t=2588.892041112132   Elapsed: 2588.84s (43m 08s)  41% completed  (41% total)
     Speed:     ev/sec=240.884   simsec/sec=0.999998   ev/simsec=240.885
     Messages:  created: 62688   present: 365   in FES: 7
** Event #496384   t=2591.657482621696   Elapsed: 2591.6s (43m 11s)  41% completed  (41% total)
     Speed:     ev/sec=277.714   simsec/sec=1   ev/simsec=277.713
     Messages:  created: 62803   present: 403   in FES: 7
** Event #497152   t=2594.274341344163   Elapsed: 2594.22s (43m 14s)  41% completed  (41% total)
     Speed:     ev/sec=293.482   simsec/sec=1   ev/simsec=293.482
     Messages:  created: 62915   present: 435   in FES: 7
** Event #497664   t=2596.533006371038   Elapsed: 2596.48s (43m 16s)  41% completed  (41% total)
     Speed:     ev/sec=226.683   simsec/sec=1   ev/simsec=226.683
     Messages:  created: 62976   present: 428   in FES: 6
** Event #498432   t=2599.508361917689   Elapsed: 2599.45s (43m 19s)  41% completed  (41% total)
     Speed:     ev/sec=258.119   simsec/sec=0.999996   ev/simsec=258.12
     Messages:  created: 63092   present: 469   in FES: 7
** Event #499200   t=2602.074900780917   Elapsed: 2602.02s (43m 22s)  41% completed  (41% total)
     Speed:     ev/sec=299.237   simsec/sec=1   ev/simsec=299.236
     Messages:  created: 63194   present: 477   in FES: 7
** Event #499968   t=2604.412557579622   Elapsed: 2604.36s (43m 24s)  41% completed  (41% total)
     Speed:     ev/sec=328.502   simsec/sec=0.999902   ev/simsec=328.534
     Messages:  created: 63296   present: 482   in FES: 5
** Event #500736   t=2607.620331053348   Elapsed: 2607.57s (43m 27s)  41% completed  (41% total)
     Speed:     ev/sec=239.435   simsec/sec=1.00007   ev/simsec=239.418
     Messages:  created: 63391   present: 479   in FES: 7
** Event #501504   t=2610.086528088004   Elapsed: 2610.05s (43m 30s)  41% completed  (41% total)
     Speed:     ev/sec=308.936   simsec/sec=0.992053   ev/simsec=311.411
     Messages:  created: 63488   present: 474   in FES: 5
** Event #502528   t=2612.719486636753   Elapsed: 2612.66s (43m 32s)  41% completed  (41% total)
     Speed:     ev/sec=391.858   simsec/sec=1.00756   ev/simsec=388.916
     Messages:  created: 63645   present: 524   in FES: 6
** Event #503296   t=2615.485028314018   Elapsed: 2615.46s (43m 35s)  41% completed  (41% total)
     Speed:     ev/sec=275.071   simsec/sec=0.99052   ev/simsec=277.703
     Messages:  created: 63731   present: 490   in FES: 5
** Event #504064   t=2617.659720950422   Elapsed: 2617.61s (43m 37s)  41% completed  (41% total)
     Speed:     ev/sec=357.505   simsec/sec=1.01232   ev/simsec=353.153
     Messages:  created: 63853   present: 539   in FES: 6
** Event #504832   t=2620.231350910655   Elapsed: 2620.18s (43m 40s)  41% completed  (41% total)
     Speed:     ev/sec=298.643   simsec/sec=0.999998   ev/simsec=298.643
     Messages:  created: 63967   present: 575   in FES: 6
** Event #505856   t=2622.739177789668   Elapsed: 2622.69s (43m 42s)  41% completed  (41% total)
     Speed:     ev/sec=406.959   simsec/sec=0.996662   ev/simsec=408.322
     Messages:  created: 64092   present: 548   in FES: 5
** Event #506624   t=2625.60258131827   Elapsed: 2625.55s (43m 45s)  41% completed  (41% total)
     Speed:     ev/sec=269.002   simsec/sec=1.00294   ev/simsec=268.212
     Messages:  created: 64186   present: 535   in FES: 6
** Event #507392   t=2627.652538550494   Elapsed: 2627.6s (43m 47s)  41% completed  (41% total)
     Speed:     ev/sec=374.642   simsec/sec=1   ev/simsec=374.642
     Messages:  created: 64288   present: 540   in FES: 6
** Event #508160   t=2629.683898921345   Elapsed: 2629.63s (43m 49s)  41% completed  (41% total)
     Speed:     ev/sec=378.072   simsec/sec=1   ev/simsec=378.072
     Messages:  created: 64394   present: 552   in FES: 6
** Event #508928   t=2632.214392304509   Elapsed: 2632.16s (43m 52s)  41% completed  (41% total)
     Speed:     ev/sec=303.497   simsec/sec=0.999997   ev/simsec=303.498
     Messages:  created: 64478   present: 517   in FES: 8
** Event #509696   t=2634.891089522373   Elapsed: 2634.84s (43m 54s)  41% completed  (41% total)
     Speed:     ev/sec=286.921   simsec/sec=1   ev/simsec=286.921
     Messages:  created: 64573   present: 506   in FES: 6
** Event #510208   t=2637.040968898009   Elapsed: 2636.99s (43m 56s)  41% completed  (41% total)
     Speed:     ev/sec=238.153   simsec/sec=1   ev/simsec=238.153
     Messages:  created: 64631   present: 491   in FES: 7
** Event #510976   t=2639.529586128634   Elapsed: 2639.47s (43m 59s)  41% completed  (41% total)
     Speed:     ev/sec=308.605   simsec/sec=1   ev/simsec=308.605
     Messages:  created: 64698   present: 414   in FES: 6
** Event #511744   t=2641.831954849889   Elapsed: 2641.78s (44m 01s)  41% completed  (41% total)
     Speed:     ev/sec=333.57   simsec/sec=1   ev/simsec=333.57
     Messages:  created: 64815   present: 452   in FES: 6
** Event #512512   t=2644.350101316415   Elapsed: 2644.3s (44m 04s)  41% completed  (41% total)
     Speed:     ev/sec=304.986   simsec/sec=0.999999   ev/simsec=304.986
     Messages:  created: 64934   present: 492   in FES: 6
** Event #513280   t=2647.201488441045   Elapsed: 2647.15s (44m 07s)  42% completed  (42% total)
     Speed:     ev/sec=269.343   simsec/sec=1   ev/simsec=269.343
     Messages:  created: 65031   present: 492   in FES: 7
** Event #514048   t=2649.792052699523   Elapsed: 2649.74s (44m 09s)  42% completed  (42% total)
     Speed:     ev/sec=296.46   simsec/sec=1   ev/simsec=296.461
     Messages:  created: 65156   present: 550   in FES: 7
** Event #514816   t=2652.495221659632   Elapsed: 2652.44s (44m 12s)  42% completed  (42% total)
     Speed:     ev/sec=284.111   simsec/sec=1   ev/simsec=284.111
     Messages:  created: 65222   present: 471   in FES: 6
** Event #515584   t=2655.004273644222   Elapsed: 2654.95s (44m 14s)  42% completed  (42% total)
     Speed:     ev/sec=306.092   simsec/sec=1   ev/simsec=306.092
     Messages:  created: 65324   present: 476   in FES: 6
** Event #516096   t=2657.23632801902   Elapsed: 2657.25s (44m 17s)  42% completed  (42% total)
     Speed:     ev/sec=222.481   simsec/sec=0.969904   ev/simsec=229.385
     Messages:  created: 65375   present: 447   in FES: 5
** Event #516864   t=2660.030705412139   Elapsed: 2659.98s (44m 19s)  42% completed  (42% total)
     Speed:     ev/sec=281.823   simsec/sec=1.02542   ev/simsec=274.838
     Messages:  created: 65446   present: 384   in FES: 6
** Event #517632   t=2662.894209897564   Elapsed: 2662.84s (44m 22s)  42% completed  (42% total)
     Speed:     ev/sec=268.203   simsec/sec=1   ev/simsec=268.203
     Messages:  created: 65552   present: 404   in FES: 6
** Event #518400   t=2665.247406449961   Elapsed: 2665.19s (44m 25s)  42% completed  (42% total)
     Speed:     ev/sec=326.365   simsec/sec=1   ev/simsec=326.365
     Messages:  created: 65669   present: 441   in FES: 6
** Event #519168   t=2668.05185688439   Elapsed: 2668s (44m 27s)  42% completed  (42% total)
     Speed:     ev/sec=273.85   simsec/sec=1   ev/simsec=273.85
     Messages:  created: 65779   present: 469   in FES: 6
** Event #519936   t=2670.69485424396   Elapsed: 2670.64s (44m 30s)  42% completed  (42% total)
     Speed:     ev/sec=290.579   simsec/sec=0.999999   ev/simsec=290.579
     Messages:  created: 65905   present: 529   in FES: 6
** Event #520704   t=2673.250759305988   Elapsed: 2673.2s (44m 33s)  42% completed  (42% total)
     Speed:     ev/sec=300.215   simsec/sec=0.999115   ev/simsec=300.481
     Messages:  created: 66007   present: 539   in FES: 5
** Event #521728   t=2676.022721452847   Elapsed: 2675.97s (44m 35s)  42% completed  (42% total)
     Speed:     ev/sec=369.715   simsec/sec=1.00082   ev/simsec=369.413
     Messages:  created: 66157   present: 574   in FES: 6
** Event #522496   t=2678.499242605445   Elapsed: 2678.44s (44m 38s)  42% completed  (42% total)
     Speed:     ev/sec=310.113   simsec/sec=1   ev/simsec=310.112
     Messages:  created: 66244   present: 547   in FES: 6
** Event #523264   t=2681.294639194701   Elapsed: 2681.24s (44m 41s)  42% completed  (42% total)
     Speed:     ev/sec=274.738   simsec/sec=1   ev/simsec=274.737
     Messages:  created: 66325   present: 507   in FES: 6
** Event #524032   t=2683.815609375936   Elapsed: 2683.78s (44m 43s)  42% completed  (42% total)
     Speed:     ev/sec=302.012   simsec/sec=0.991359   ev/simsec=304.645
     Messages:  created: 66416   present: 487   in FES: 5
** Event #524800   t=2686.618906201501   Elapsed: 2686.56s (44m 46s)  42% completed  (42% total)
     Speed:     ev/sec=276.127   simsec/sec=1.0079   ev/simsec=273.963
     Messages:  created: 66481   present: 410   in FES: 6
** Event #525568   t=2689.135581600695   Elapsed: 2689.11s (44m 49s)  42% completed  (42% total)
     Speed:     ev/sec=301.522   simsec/sec=0.988062   ev/simsec=305.165
     Messages:  created: 66586   present: 427   in FES: 5
** Event #526336   t=2691.97776663008   Elapsed: 2691.92s (44m 51s)  42% completed  (42% total)
     Speed:     ev/sec=273.137   simsec/sec=1.01081   ev/simsec=270.215
     Messages:  created: 66696   present: 452   in FES: 6
** Event #527104   t=2694.499089222048   Elapsed: 2694.44s (44m 54s)  42% completed  (42% total)
     Speed:     ev/sec=304.602   simsec/sec=0.999998   ev/simsec=304.602
     Messages:  created: 66803   present: 470   in FES: 6
** Event #528128   t=2697.102078042087   Elapsed: 2697.05s (44m 57s)  42% completed  (42% total)
     Speed:     ev/sec=393.394   simsec/sec=1   ev/simsec=393.394
     Messages:  created: 66986   present: 580   in FES: 6
** Event #528896   t=2699.255472850014   Elapsed: 2699.2s (44m 59s)  42% completed  (42% total)
     Speed:     ev/sec=356.647   simsec/sec=1   ev/simsec=356.646
     Messages:  created: 67105   present: 621   in FES: 6
** Event #529664   t=2701.2680286289   Elapsed: 2701.22s (45m 01s)  42% completed  (42% total)
     Speed:     ev/sec=380.393   simsec/sec=0.996825   ev/simsec=381.604
     Messages:  created: 67223   present: 666   in FES: 5
** Event #530432   t=2703.455176962555   Elapsed: 2703.4s (45m 03s)  42% completed  (42% total)
     Speed:     ev/sec=352.174   simsec/sec=1.00294   ev/simsec=351.142
     Messages:  created: 67325   present: 667   in FES: 6
** Event #531712   t=2705.951510952902   Elapsed: 2705.9s (45m 05s)  42% completed  (42% total)
     Speed:     ev/sec=512.75   simsec/sec=0.999997   ev/simsec=512.752
     Messages:  created: 67524   present: 732   in FES: 7
** Event #532736   t=2708.235922500014   Elapsed: 2708.18s (45m 08s)  42% completed  (42% total)
     Speed:     ev/sec=448.257   simsec/sec=1   ev/simsec=448.255
     Messages:  created: 67650   present: 705   in FES: 6
** Event #533760   t=2710.407223022621   Elapsed: 2710.35s (45m 10s)  43% completed  (43% total)
     Speed:     ev/sec=471.606   simsec/sec=0.999999   ev/simsec=471.607
     Messages:  created: 67805   present: 749   in FES: 7
** Event #534528   t=2712.420425107934   Elapsed: 2712.37s (45m 12s)  43% completed  (43% total)
     Speed:     ev/sec=381.48   simsec/sec=0.999994   ev/simsec=381.482
     Messages:  created: 67895   present: 725   in FES: 7
** Event #535296   t=2714.561381007287   Elapsed: 2714.51s (45m 14s)  43% completed  (43% total)
     Speed:     ev/sec=358.72   simsec/sec=1.00001   ev/simsec=358.718
     Messages:  created: 67970   present: 666   in FES: 7
** Event #536320   t=2716.964610972974   Elapsed: 2716.91s (45m 16s)  43% completed  (43% total)
     Speed:     ev/sec=426.09   simsec/sec=0.999993   ev/simsec=426.093
     Messages:  created: 68081   present: 606   in FES: 7
** Event #537344   t=2719.51779066347   Elapsed: 2719.46s (45m 19s)  43% completed  (43% total)
     Speed:     ev/sec=401.07   simsec/sec=1   ev/simsec=401.069
     Messages:  created: 68214   present: 601   in FES: 8
** Event #538368   t=2721.774289537367   Elapsed: 2721.73s (45m 21s)  43% completed  (43% total)
     Speed:     ev/sec=452.64   simsec/sec=0.997443   ev/simsec=453.8
     Messages:  created: 68341   present: 573   in FES: 5
** Event #539392   t=2724.224937494048   Elapsed: 2724.17s (45m 24s)  43% completed  (43% total)
     Speed:     ev/sec=418.145   simsec/sec=1.00071   ev/simsec=417.849
     Messages:  created: 68517   present: 666   in FES: 5
** Event #540416   t=2726.70954237867   Elapsed: 2726.65s (45m 26s)  43% completed  (43% total)
     Speed:     ev/sec=412.811   simsec/sec=1.00163   ev/simsec=412.138
     Messages:  created: 68664   present: 692   in FES: 6
** Event #541440   t=2729.063835598238   Elapsed: 2729.02s (45m 29s)  43% completed  (43% total)
     Speed:     ev/sec=433.597   simsec/sec=0.996889   ev/simsec=434.95
     Messages:  created: 68817   present: 732   in FES: 5
** Event #542208   t=2731.111037040002   Elapsed: 2731.06s (45m 31s)  43% completed  (43% total)
     Speed:     ev/sec=376.497   simsec/sec=1.0036   ev/simsec=375.146
     Messages:  created: 68912   present: 716   in FES: 7
** Event #543232   t=2733.40710676779   Elapsed: 2733.35s (45m 33s)  43% completed  (43% total)
     Speed:     ev/sec=445.98   simsec/sec=1   ev/simsec=445.979
     Messages:  created: 69026   present: 665   in FES: 6
** Event #544256   t=2735.863535836705   Elapsed: 2735.81s (45m 35s)  43% completed  (43% total)
     Speed:     ev/sec=416.865   simsec/sec=1   ev/simsec=416.865
     Messages:  created: 69166   present: 674   in FES: 6
** Event #545280   t=2738.217414356592   Elapsed: 2738.16s (45m 38s)  43% completed  (43% total)
     Speed:     ev/sec=435.027   simsec/sec=1   ev/simsec=435.027
     Messages:  created: 69275   present: 610   in FES: 6
** Event #546048   t=2740.266750959889   Elapsed: 2740.21s (45m 40s)  43% completed  (43% total)
     Speed:     ev/sec=374.754   simsec/sec=0.999995   ev/simsec=374.755
     Messages:  created: 69362   present: 577   in FES: 7
** Event #546560   t=2742.33149520726   Elapsed: 2742.3s (45m 42s)  43% completed  (43% total)
     Speed:     ev/sec=245.746   simsec/sec=0.99102   ev/simsec=247.973
     Messages:  created: 69431   present: 586   in FES: 5
** Event #547328   t=2744.572225430035   Elapsed: 2744.52s (45m 44s)  43% completed  (43% total)
     Speed:     ev/sec=345.633   simsec/sec=1.00842   ev/simsec=342.745
     Messages:  created: 69497   present: 506   in FES: 6
** Event #548096   t=2747.16749467997   Elapsed: 2747.11s (45m 47s)  43% completed  (43% total)
     Speed:     ev/sec=295.923   simsec/sec=1   ev/simsec=295.923
     Messages:  created: 69575   present: 459   in FES: 7
** Event #548864   t=2749.407759427237   Elapsed: 2749.35s (45m 49s)  43% completed  (43% total)
     Speed:     ev/sec=342.817   simsec/sec=1   ev/simsec=342.817
     Messages:  created: 69673   present: 449   in FES: 6
** Event #549632   t=2751.957005463268   Elapsed: 2751.9s (45m 51s)  43% completed  (43% total)
     Speed:     ev/sec=301.265   simsec/sec=0.999997   ev/simsec=301.266
     Messages:  created: 69779   present: 461   in FES: 7
** Event #550400   t=2754.304898319625   Elapsed: 2754.25s (45m 54s)  43% completed  (43% total)
     Speed:     ev/sec=327.103   simsec/sec=1   ev/simsec=327.102
     Messages:  created: 69903   present: 516   in FES: 7
** Event #551168   t=2756.821313874535   Elapsed: 2756.77s (45m 56s)  43% completed  (43% total)
     Speed:     ev/sec=305.196   simsec/sec=1   ev/simsec=305.196
     Messages:  created: 70017   present: 551   in FES: 6
** Event #551936   t=2759.361218812282   Elapsed: 2759.31s (45m 59s)  43% completed  (43% total)
     Speed:     ev/sec=302.373   simsec/sec=1   ev/simsec=302.374
     Messages:  created: 70117   present: 552   in FES: 6
** Event #552704   t=2761.788440608362   Elapsed: 2761.73s (46m 01s)  43% completed  (43% total)
     Speed:     ev/sec=316.411   simsec/sec=1   ev/simsec=316.411
     Messages:  created: 70212   present: 541   in FES: 6
** Event #553728   t=2764.155998546678   Elapsed: 2764.1s (46m 04s)  43% completed  (43% total)
     Speed:     ev/sec=432.512   simsec/sec=0.999996   ev/simsec=432.513
     Messages:  created: 70363   present: 576   in FES: 6
** Event #554752   t=2766.986361683318   Elapsed: 2766.93s (46m 06s)  43% completed  (43% total)
     Speed:     ev/sec=361.791   simsec/sec=1   ev/simsec=361.791
     Messages:  created: 70499   present: 579   in FES: 6
** Event #555776   t=2769.982045938795   Elapsed: 2769.93s (46m 09s)  43% completed  (43% total)
     Speed:     ev/sec=341.826   simsec/sec=1   ev/simsec=341.825
     Messages:  created: 70652   present: 620   in FES: 7
** Event #556800   t=2772.678226296684   Elapsed: 2772.62s (46m 12s)  44% completed  (44% total)
     Speed:     ev/sec=379.797   simsec/sec=1   ev/simsec=379.797
     Messages:  created: 70811   present: 677   in FES: 7
** Event #557824   t=2774.738927718623   Elapsed: 2774.68s (46m 14s)  44% completed  (44% total)
     Speed:     ev/sec=496.911   simsec/sec=0.999985   ev/simsec=496.918
     Messages:  created: 70936   present: 645   in FES: 7
** Event #558592   t=2777.253807895157   Elapsed: 2777.2s (46m 17s)  44% completed  (44% total)
     Speed:     ev/sec=305.386   simsec/sec=1.00001   ev/simsec=305.382
     Messages:  created: 71023   present: 615   in FES: 8
** Event #559360   t=2779.608300701447   Elapsed: 2779.55s (46m 19s)  44% completed  (44% total)
     Speed:     ev/sec=326.185   simsec/sec=1   ev/simsec=326.185
     Messages:  created: 71098   present: 554   in FES: 7
** Event #560384   t=2781.66383495685   Elapsed: 2781.61s (46m 21s)  44% completed  (44% total)
     Speed:     ev/sec=498.177   simsec/sec=1.00002   ev/simsec=498.167
     Messages:  created: 71274   present: 642   in FES: 7
** Event #561408   t=2784.081101114748   Elapsed: 2784.03s (46m 24s)  44% completed  (44% total)
     Speed:     ev/sec=423.601   simsec/sec=0.999958   ev/simsec=423.619
     Messages:  created: 71392   present: 599   in FES: 6
** Event #562176   t=2786.3597047218   Elapsed: 2786.31s (46m 26s)  44% completed  (44% total)
     Speed:     ev/sec=337.056   simsec/sec=1.00002   ev/simsec=337.049
     Messages:  created: 71498   present: 612   in FES: 7
** Event #562944   t=2789.097120993033   Elapsed: 2789.04s (46m 29s)  44% completed  (44% total)
     Speed:     ev/sec=280.558   simsec/sec=1   ev/simsec=280.557
     Messages:  created: 71602   present: 626   in FES: 6
** Event #563968   t=2791.711488095751   Elapsed: 2791.69s (46m 31s)  44% completed  (44% total)
     Speed:     ev/sec=386.533   simsec/sec=0.986854   ev/simsec=391.682
     Messages:  created: 71690   present: 516   in FES: 5
** Event #564736   t=2794.078534912202   Elapsed: 2794.02s (46m 34s)  44% completed  (44% total)
     Speed:     ev/sec=329.299   simsec/sec=1.01493   ev/simsec=324.455
     Messages:  created: 71780   present: 494   in FES: 7
** Event #565760   t=2797.00048523647   Elapsed: 2796.95s (46m 36s)  44% completed  (44% total)
     Speed:     ev/sec=350.451   simsec/sec=1   ev/simsec=350.451
     Messages:  created: 71922   present: 511   in FES: 7
** Event #566784   t=2799.457046017105   Elapsed: 2799.4s (46m 39s)  44% completed  (44% total)
     Speed:     ev/sec=416.843   simsec/sec=1   ev/simsec=416.843
     Messages:  created: 72083   present: 569   in FES: 6
** Event #567808   t=2802.24140004988   Elapsed: 2802.19s (46m 42s)  44% completed  (44% total)
     Speed:     ev/sec=367.769   simsec/sec=1   ev/simsec=367.769
     Messages:  created: 72253   present: 650   in FES: 7
** Event #568576   t=2804.493492142241   Elapsed: 2804.44s (46m 44s)  44% completed  (44% total)
     Speed:     ev/sec=341.016   simsec/sec=0.999999   ev/simsec=341.016
     Messages:  created: 72354   present: 652   in FES: 6
** Event #569600   t=2807.117745183389   Elapsed: 2807.06s (46m 47s)  44% completed  (44% total)
     Speed:     ev/sec=390.206   simsec/sec=0.999999   ev/simsec=390.206
     Messages:  created: 72500   present: 675   in FES: 7
** Event #570880   t=2809.697458880281   Elapsed: 2809.68s (46m 49s)  44% completed  (44% total)
     Speed:     ev/sec=489.412   simsec/sec=0.986362   ev/simsec=496.179
     Messages:  created: 72669   present: 667   in FES: 5
** Event #571904   t=2812.094319284634   Elapsed: 2812.04s (46m 52s)  44% completed  (44% total)
     Speed:     ev/sec=433.091   simsec/sec=1.01373   ev/simsec=427.226
     Messages:  created: 72799   present: 653   in FES: 5
** Event #572672   t=2814.308647267994   Elapsed: 2814.27s (46m 54s)  44% completed  (44% total)
     Speed:     ev/sec=345.444   simsec/sec=0.995999   ev/simsec=346.832
     Messages:  created: 72911   present: 683   in FES: 5
** Event #573696   t=2817.082512812834   Elapsed: 2817.03s (46m 57s)  44% completed  (44% total)
     Speed:     ev/sec=370.778   simsec/sec=1.00438   ev/simsec=369.16
     Messages:  created: 73026   present: 635   in FES: 6
** Event #574720   t=2819.0786644463   Elapsed: 2819.03s (46m 59s)  44% completed  (44% total)
     Speed:     ev/sec=511.885   simsec/sec=0.997852   ev/simsec=512.987
     Messages:  created: 73164   present: 636   in FES: 5
** Event #575744   t=2821.477734448698   Elapsed: 2821.43s (47m 01s)  44% completed  (44% total)
     Speed:     ev/sec=426.167   simsec/sec=0.998441   ev/simsec=426.832
     Messages:  created: 73312   present: 663   in FES: 5
** Event #576768   t=2823.707575506301   Elapsed: 2823.65s (47m 03s)  44% completed  (44% total)
     Speed:     ev/sec=460.887   simsec/sec=1.00362   ev/simsec=459.226
     Messages:  created: 73447   present: 661   in FES: 7
** Event #577536   t=2826.587423693844   Elapsed: 2826.53s (47m 06s)  44% completed  (44% total)
     Speed:     ev/sec=266.681   simsec/sec=1   ev/simsec=266.681
     Messages:  created: 73538   present: 646   in FES: 7
** Event #578304   t=2828.690959804736   Elapsed: 2828.64s (47m 08s)  44% completed  (44% total)
     Speed:     ev/sec=365.1   simsec/sec=1   ev/simsec=365.1
     Messages:  created: 73615   present: 586   in FES: 7
** Event #579072   t=2831.195053397017   Elapsed: 2831.17s (47m 11s)  44% completed  (44% total)
     Speed:     ev/sec=303.274   simsec/sec=0.988838   ev/simsec=306.698
     Messages:  created: 73670   present: 480   in FES: 5
** Event #580096   t=2834.117616655751   Elapsed: 2834.06s (47m 14s)  44% completed  (44% total)
     Speed:     ev/sec=353.798   simsec/sec=1.00976   ev/simsec=350.377
     Messages:  created: 73776   present: 418   in FES: 6
** Event #580864   t=2836.700803565819   Elapsed: 2836.65s (47m 16s)  45% completed  (45% total)
     Speed:     ev/sec=297.314   simsec/sec=1.00002   ev/simsec=297.307
     Messages:  created: 73883   present: 436   in FES: 6
** Event #581632   t=2839.13834066557   Elapsed: 2839.08s (47m 19s)  45% completed  (45% total)
     Speed:     ev/sec=315.065   simsec/sec=0.999977   ev/simsec=315.072
     Messages:  created: 73995   present: 463   in FES: 6
** Event #582400   t=2841.564827872938   Elapsed: 2841.51s (47m 21s)  45% completed  (45% total)
     Speed:     ev/sec=316.507   simsec/sec=1   ev/simsec=316.507
     Messages:  created: 74119   present: 518   in FES: 6
** Event #582912   t=2843.63376107077   Elapsed: 2843.6s (47m 23s)  45% completed  (45% total)
     Speed:     ev/sec=245.282   simsec/sec=0.991157   ev/simsec=247.471
     Messages:  created: 74194   present: 538   in FES: 5
** Event #583680   t=2845.755306961737   Elapsed: 2845.7s (47m 25s)  45% completed  (45% total)
     Speed:     ev/sec=365.178   simsec/sec=1.00878   ev/simsec=362
     Messages:  created: 74317   present: 590   in FES: 6
** Event #584704   t=2848.310956849848   Elapsed: 2848.26s (47m 28s)  45% completed  (45% total)
     Speed:     ev/sec=400.677   simsec/sec=0.999989   ev/simsec=400.681
     Messages:  created: 74457   present: 601   in FES: 7
** Event #585472   t=2850.56048728655   Elapsed: 2850.51s (47m 30s)  45% completed  (45% total)
     Speed:     ev/sec=341.409   simsec/sec=1.00001   ev/simsec=341.405
     Messages:  created: 74554   present: 590   in FES: 7
** Event #586240   t=2852.584849449638   Elapsed: 2852.53s (47m 32s)  45% completed  (45% total)
     Speed:     ev/sec=379.379   simsec/sec=1   ev/simsec=379.379
     Messages:  created: 74671   present: 624   in FES: 6
** Event #587264   t=2854.784862000333   Elapsed: 2854.77s (47m 34s)  45% completed  (45% total)
     Speed:     ev/sec=457.88   simsec/sec=0.983732   ev/simsec=465.452
     Messages:  created: 74831   present: 682   in FES: 5
** Event #588288   t=2857.110364697334   Elapsed: 2857.06s (47m 37s)  45% completed  (45% total)
     Speed:     ev/sec=447.333   simsec/sec=1.01589   ev/simsec=440.335
     Messages:  created: 74957   present: 656   in FES: 6
** Event #589568   t=2859.615754835663   Elapsed: 2859.56s (47m 39s)  45% completed  (45% total)
     Speed:     ev/sec=510.899   simsec/sec=1   ev/simsec=510.898
     Messages:  created: 75180   present: 770   in FES: 6
** Event #590336   t=2862.091111101556   Elapsed: 2862.04s (47m 42s)  45% completed  (45% total)
     Speed:     ev/sec=310.258   simsec/sec=0.999998   ev/simsec=310.258
     Messages:  created: 75266   present: 739   in FES: 6
** Event #591360   t=2864.749532838497   Elapsed: 2864.7s (47m 44s)  45% completed  (45% total)
     Speed:     ev/sec=383.871   simsec/sec=0.996574   ev/simsec=385.191
     Messages:  created: 75358   present: 636   in FES: 5
** Event #592128   t=2866.874568184742   Elapsed: 2866.82s (47m 46s)  45% completed  (45% total)
     Speed:     ev/sec=362.967   simsec/sec=1.00432   ev/simsec=361.406
     Messages:  created: 75443   present: 600   in FES: 6
** Event #593152   t=2869.307280568432   Elapsed: 2869.25s (47m 49s)  45% completed  (45% total)
     Speed:     ev/sec=420.929   simsec/sec=1   ev/simsec=420.929
     Messages:  created: 75528   present: 476   in FES: 6
** Event #593920   t=2871.38905199802   Elapsed: 2871.33s (47m 51s)  45% completed  (45% total)
     Speed:     ev/sec=368.915   simsec/sec=0.999994   ev/simsec=368.917
     Messages:  created: 75643   present: 506   in FES: 6
** Event #594688   t=2874.079311210445   Elapsed: 2874.02s (47m 54s)  45% completed  (45% total)
     Speed:     ev/sec=285.476   simsec/sec=1   ev/simsec=285.474
     Messages:  created: 75752   present: 530   in FES: 6
** Event #595456   t=2876.514762781559   Elapsed: 2876.46s (47m 56s)  45% completed  (45% total)
     Speed:     ev/sec=315.342   simsec/sec=1   ev/simsec=315.342
     Messages:  created: 75849   present: 524   in FES: 6
** Event #595968   t=2878.866898718726   Elapsed: 2878.81s (47m 58s)  45% completed  (45% total)
     Speed:     ev/sec=217.674   simsec/sec=0.999997   ev/simsec=217.674
     Messages:  created: 75912   present: 520   in FES: 6
** Event #596736   t=2881.280665238017   Elapsed: 2881.23s (48m 01s)  45% completed  (45% total)
     Speed:     ev/sec=318.176   simsec/sec=1   ev/simsec=318.175
     Messages:  created: 75986   present: 458   in FES: 7
** Event #597504   t=2883.832253839374   Elapsed: 2883.78s (48m 03s)  45% completed  (45% total)
     Speed:     ev/sec=300.989   simsec/sec=0.999999   ev/simsec=300.989
     Messages:  created: 76081   present: 448   in FES: 7
** Event #598272   t=2886.452793929813   Elapsed: 2886.4s (48m 06s)  45% completed  (45% total)
     Speed:     ev/sec=293.07   simsec/sec=1   ev/simsec=293.069
     Messages:  created: 76174   present: 433   in FES: 6
** Event #599040   t=2888.989347930278   Elapsed: 2888.93s (48m 08s)  45% completed  (45% total)
     Speed:     ev/sec=302.773   simsec/sec=1   ev/simsec=302.773
     Messages:  created: 76287   present: 467   in FES: 7
** Event #599552   t=2891.300931469666   Elapsed: 2891.25s (48m 11s)  45% completed  (45% total)
     Speed:     ev/sec=221.491   simsec/sec=0.999989   ev/simsec=221.493
     Messages:  created: 76352   present: 467   in FES: 6
** Event #600320   t=2893.861765975555   Elapsed: 2893.81s (48m 13s)  45% completed  (45% total)
     Speed:     ev/sec=299.777   simsec/sec=0.999581   ev/simsec=299.902
     Messages:  created: 76451   present: 467   in FES: 5
** Event #601088   t=2896.000632477217   Elapsed: 2895.95s (48m 15s)  45% completed  (45% total)
     Speed:     ev/sec=359.253   simsec/sec=1.00051   ev/simsec=359.069
     Messages:  created: 76574   present: 516   in FES: 6
** Event #602112   t=2898.626820219451   Elapsed: 2898.57s (48m 18s)  46% completed  (46% total)
     Speed:     ev/sec=389.523   simsec/sec=0.998986   ev/simsec=389.919
     Messages:  created: 76726   present: 560   in FES: 5
** Event #602880   t=2901.375963373464   Elapsed: 2901.32s (48m 21s)  46% completed  (46% total)
     Speed:     ev/sec=279.631   simsec/sec=1.00097   ev/simsec=279.36
     Messages:  created: 76841   present: 592   in FES: 6
** Event #603648   t=2903.759338095868   Elapsed: 2903.7s (48m 23s)  46% completed  (46% total)
     Speed:     ev/sec=322.232   simsec/sec=1   ev/simsec=322.232
     Messages:  created: 76943   present: 599   in FES: 7
** Event #604416   t=2905.777253829839   Elapsed: 2905.72s (48m 25s)  46% completed  (46% total)
     Speed:     ev/sec=380.591   simsec/sec=1   ev/simsec=380.591
     Messages:  created: 77039   present: 587   in FES: 6
** Event #605696   t=2908.307203153917   Elapsed: 2908.25s (48m 28s)  46% completed  (46% total)
     Speed:     ev/sec=505.937   simsec/sec=0.999997   ev/simsec=505.939
     Messages:  created: 77230   present: 629   in FES: 7
** Event #606976   t=2910.905530441211   Elapsed: 2910.85s (48m 30s)  46% completed  (46% total)
     Speed:     ev/sec=492.625   simsec/sec=1   ev/simsec=492.625
     Messages:  created: 77440   present: 718   in FES: 7
** Event #607744   t=2913.105007324721   Elapsed: 2913.06s (48m 33s)  46% completed  (46% total)
     Speed:     ev/sec=348.34   simsec/sec=0.997611   ev/simsec=349.174
     Messages:  created: 77550   present: 739   in FES: 5
** Event #608512   t=2915.292466777311   Elapsed: 2915.24s (48m 35s)  46% completed  (46% total)
     Speed:     ev/sec=351.94   simsec/sec=1.00242   ev/simsec=351.092
     Messages:  created: 77654   present: 751   in FES: 7
** Event #609792   t=2917.673409362516   Elapsed: 2917.62s (48m 37s)  46% completed  (46% total)
     Speed:     ev/sec=537.602   simsec/sec=0.999999   ev/simsec=537.602
     Messages:  created: 77821   present: 735   in FES: 6
** Event #610816   t=2919.763790741863   Elapsed: 2919.71s (48m 39s)  46% completed  (46% total)
     Speed:     ev/sec=489.863   simsec/sec=1   ev/simsec=489.863
     Messages:  created: 77931   present: 666   in FES: 7
** Event #611584   t=2921.851678976633   Elapsed: 2921.8s (48m 41s)  46% completed  (46% total)
     Speed:     ev/sec=367.836   simsec/sec=1   ev/simsec=367.836
     Messages:  created: 78030   present: 658   in FES: 6
** Event #612864   t=2924.266181508731   Elapsed: 2924.21s (48m 44s)  46% completed  (46% total)
     Speed:     ev/sec=530.129   simsec/sec=0.999999   ev/simsec=530.13
     Messages:  created: 78236   present: 736   in FES: 6
** Event #613888   t=2926.567202845255   Elapsed: 2926.51s (48m 46s)  46% completed  (46% total)
     Speed:     ev/sec=445.02   simsec/sec=1   ev/simsec=445.02
     Messages:  created: 78386   present: 765   in FES: 6
** Event #615168   t=2929.221485328167   Elapsed: 2929.17s (48m 49s)  46% completed  (46% total)
     Speed:     ev/sec=482.24   simsec/sec=1   ev/simsec=482.24
     Messages:  created: 78554   present: 758   in FES: 7
** Event #616192   t=2931.519530138656   Elapsed: 2931.46s (48m 51s)  46% completed  (46% total)
     Speed:     ev/sec=445.596   simsec/sec=0.999999   ev/simsec=445.596
     Messages:  created: 78718   present: 819   in FES: 6
** Event #617472   t=2933.960155067325   Elapsed: 2933.91s (48m 53s)  46% completed  (46% total)
     Speed:     ev/sec=524.452   simsec/sec=0.999992   ev/simsec=524.456
     Messages:  created: 78879   present: 791   in FES: 7
** Event #618496   t=2936.001822412353   Elapsed: 2935.95s (48m 55s)  46% completed  (46% total)
     Speed:     ev/sec=499.679   simsec/sec=0.996267   ev/simsec=501.551
     Messages:  created: 79000   present: 747   in FES: 5
** Event #619264   t=2938.023644102837   Elapsed: 2937.97s (48m 57s)  46% completed  (46% total)
     Speed:     ev/sec=381.302   simsec/sec=1.00381   ev/simsec=379.855
     Messages:  created: 79085   present: 710   in FES: 6
** Event #620544   t=2940.494369602913   Elapsed: 2940.45s (49m 00s)  46% completed  (46% total)
     Speed:     ev/sec=516.177   simsec/sec=0.996353   ev/simsec=518.066
     Messages:  created: 79244   present: 681   in FES: 5
** Event #621312   t=2942.669758497098   Elapsed: 2942.62s (49m 02s)  46% completed  (46% total)
     Speed:     ev/sec=354.513   simsec/sec=1.00417   ev/simsec=353.04
     Messages:  created: 79332   present: 652   in FES: 7
** Event #622080   t=2944.696156151909   Elapsed: 2944.64s (49m 04s)  46% completed  (46% total)
     Speed:     ev/sec=378.999   simsec/sec=1   ev/simsec=378.998
     Messages:  created: 79414   present: 602   in FES: 6
** Event #622848   t=2946.839972515783   Elapsed: 2946.79s (49m 06s)  46% completed  (46% total)
     Speed:     ev/sec=358.24   simsec/sec=1   ev/simsec=358.24
     Messages:  created: 79504   present: 574   in FES: 6
** Event #623616   t=2948.91360319745   Elapsed: 2948.86s (49m 08s)  46% completed  (46% total)
     Speed:     ev/sec=370.365   simsec/sec=1   ev/simsec=370.365
     Messages:  created: 79596   present: 555   in FES: 6
** Event #624640   t=2951.003403852029   Elapsed: 2950.95s (49m 10s)  46% completed  (46% total)
     Speed:     ev/sec=489.999   simsec/sec=1   ev/simsec=489.999
     Messages:  created: 79739   present: 569   in FES: 6
** Event #625664   t=2953.467147234411   Elapsed: 2953.41s (49m 13s)  46% completed  (46% total)
     Speed:     ev/sec=415.628   simsec/sec=1   ev/simsec=415.628
     Messages:  created: 79914   present: 660   in FES: 6
** Event #626432   t=2955.524638531563   Elapsed: 2955.48s (49m 15s)  46% completed  (46% total)
     Speed:     ev/sec=371.294   simsec/sec=0.994706   ev/simsec=373.27
     Messages:  created: 80014   present: 659   in FES: 5
** Event #627200   t=2957.768223568871   Elapsed: 2957.71s (49m 17s)  46% completed  (46% total)
     Speed:     ev/sec=343.988   simsec/sec=1.00491   ev/simsec=342.309
     Messages:  created: 80126   present: 685   in FES: 6
** Event #627968   t=2959.81696254999   Elapsed: 2959.77s (49m 19s)  46% completed  (46% total)
     Speed:     ev/sec=374.245   simsec/sec=0.998347   ev/simsec=374.865
     Messages:  created: 80218   present: 666   in FES: 5
** Event #628992   t=2962.251933859735   Elapsed: 2962.2s (49m 22s)  47% completed  (47% total)
     Speed:     ev/sec=421.126   simsec/sec=1.0014   ev/simsec=420.539
     Messages:  created: 80324   present: 594   in FES: 6
** Event #630016   t=2964.290033023163   Elapsed: 2964.24s (49m 24s)  47% completed  (47% total)
     Speed:     ev/sec=502.428   simsec/sec=0.999999   ev/simsec=502.429
     Messages:  created: 80482   present: 640   in FES: 6
** Event #631040   t=2966.92982885757   Elapsed: 2966.88s (49m 26s)  47% completed  (47% total)
     Speed:     ev/sec=387.909   simsec/sec=1   ev/simsec=387.909
     Messages:  created: 80624   present: 653   in FES: 6
** Event #631808   t=2969.075965904159   Elapsed: 2969.02s (49m 29s)  47% completed  (47% total)
     Speed:     ev/sec=357.852   simsec/sec=1   ev/simsec=357.852
     Messages:  created: 80722   present: 650   in FES: 7
** Event #632832   t=2971.604682653709   Elapsed: 2971.55s (49m 31s)  47% completed  (47% total)
     Speed:     ev/sec=404.948   simsec/sec=1   ev/simsec=404.948
     Messages:  created: 80864   present: 664   in FES: 7
** Event #633856   t=2973.832662793413   Elapsed: 2973.78s (49m 33s)  47% completed  (47% total)
     Speed:     ev/sec=459.609   simsec/sec=0.999999   ev/simsec=459.609
     Messages:  created: 81011   present: 685   in FES: 7
** Event #634880   t=2975.960711564984   Elapsed: 2975.91s (49m 35s)  47% completed  (47% total)
     Speed:     ev/sec=481.191   simsec/sec=0.999998   ev/simsec=481.192
     Messages:  created: 81141   present: 666   in FES: 7
** Event #635648   t=2978.070032590223   Elapsed: 2978.02s (49m 38s)  47% completed  (47% total)
     Speed:     ev/sec=363.84   simsec/sec=0.999291   ev/simsec=364.098
     Messages:  created: 81241   present: 661   in FES: 5
** Event #636672   t=2980.200863163189   Elapsed: 2980.15s (49m 40s)  47% completed  (47% total)
     Speed:     ev/sec=480.902   simsec/sec=1.0007   ev/simsec=480.564
     Messages:  created: 81386   present: 677   in FES: 7
** Event #637440   t=2982.360222568762   Elapsed: 2982.31s (49m 42s)  47% completed  (47% total)
     Speed:     ev/sec=355.66   simsec/sec=0.999997   ev/simsec=355.661
     Messages:  created: 81492   present: 692   in FES: 6
** Event #638464   t=2984.415326249524   Elapsed: 2984.36s (49m 44s)  47% completed  (47% total)
     Speed:     ev/sec=498.275   simsec/sec=1.00001   ev/simsec=498.272
     Messages:  created: 81629   present: 688   in FES: 6
** Event #639488   t=2986.971059924078   Elapsed: 2986.92s (49m 46s)  47% completed  (47% total)
     Speed:     ev/sec=400.667   simsec/sec=0.999999   ev/simsec=400.668
     Messages:  created: 81761   present: 677   in FES: 6
** Event #640512   t=2989.083728348889   Elapsed: 2989.03s (49m 49s)  47% completed  (47% total)
     Speed:     ev/sec=484.695   simsec/sec=1   ev/simsec=484.695
     Messages:  created: 81925   present: 736   in FES: 7
** Event #641792   t=2991.546681537633   Elapsed: 2991.52s (49m 51s)  47% completed  (47% total)
     Speed:     ev/sec=513.131   simsec/sec=0.987357   ev/simsec=519.701
     Messages:  created: 82109   present: 761   in FES: 5
** Event #642560   t=2993.948729618369   Elapsed: 2993.89s (49m 53s)  47% completed  (47% total)
     Speed:     ev/sec=323.981   simsec/sec=1.0133   ev/simsec=319.727
     Messages:  created: 82184   present: 701   in FES: 6
** Event #643328   t=2996.02508034836   Elapsed: 2995.97s (49m 55s)  47% completed  (47% total)
     Speed:     ev/sec=369.879   simsec/sec=0.999999   ev/simsec=369.88
     Messages:  created: 82268   present: 659   in FES: 6
** Event #644096   t=2998.139501778657   Elapsed: 2998.08s (49m 58s)  47% completed  (47% total)
     Speed:     ev/sec=363.22   simsec/sec=1   ev/simsec=363.22
     Messages:  created: 82348   present: 611   in FES: 6
** Event #645120   t=3000.319484680843   Elapsed: 3000.26s (50m 00s)  47% completed  (47% total)
     Speed:     ev/sec=469.729   simsec/sec=1   ev/simsec=469.728
     Messages:  created: 82442   present: 508   in FES: 6
** Event #646144   t=3003.002261619678   Elapsed: 3002.95s (50m 02s)  47% completed  (47% total)
     Speed:     ev/sec=381.693   simsec/sec=0.999998   ev/simsec=381.694
     Messages:  created: 82582   present: 523   in FES: 6
** Event #646912   t=3005.065326062166   Elapsed: 3005.03s (50m 05s)  47% completed  (47% total)
     Speed:     ev/sec=368.399   simsec/sec=0.989623   ev/simsec=372.262
     Messages:  created: 82712   present: 589   in FES: 5
** Event #647936   t=3007.721594511249   Elapsed: 3007.67s (50m 07s)  47% completed  (47% total)
     Speed:     ev/sec=388.669   simsec/sec=1.00821   ev/simsec=385.503
     Messages:  created: 82877   present: 656   in FES: 6
** Event #648704   t=3009.89744004369   Elapsed: 3009.84s (50m 09s)  47% completed  (47% total)
     Speed:     ev/sec=352.966   simsec/sec=0.999999   ev/simsec=352.966
     Messages:  created: 82972   present: 645   in FES: 7
** Event #649472   t=3012.218181043723   Elapsed: 3012.16s (50m 12s)  47% completed  (47% total)
     Speed:     ev/sec=330.928   simsec/sec=0.999998   ev/simsec=330.929
     Messages:  created: 83057   present: 611   in FES: 6
** Event #650240   t=3014.455762529052   Elapsed: 3014.4s (50m 14s)  47% completed  (47% total)
     Speed:     ev/sec=343.228   simsec/sec=1   ev/simsec=343.228
     Messages:  created: 83145   present: 577   in FES: 6
** Event #651264   t=3016.83495451129   Elapsed: 3016.78s (50m 16s)  47% completed  (47% total)
     Speed:     ev/sec=430.399   simsec/sec=1   ev/simsec=430.398
     Messages:  created: 83266   present: 544   in FES: 6
** Event #652032   t=3019.109507040933   Elapsed: 3019.05s (50m 19s)  47% completed  (47% total)
     Speed:     ev/sec=337.649   simsec/sec=0.999999   ev/simsec=337.649
     Messages:  created: 83359   present: 529   in FES: 6
** Event #652800   t=3021.714080865825   Elapsed: 3021.66s (50m 21s)  47% completed  (47% total)
     Speed:     ev/sec=294.866   simsec/sec=1   ev/simsec=294.866
     Messages:  created: 83459   present: 532   in FES: 6
** Event #653568   t=3024.3307789471   Elapsed: 3024.28s (50m 24s)  48% completed  (48% total)
     Speed:     ev/sec=293.5   simsec/sec=1   ev/simsec=293.5
     Messages:  created: 83550   present: 516   in FES: 7
** Event #654336   t=3026.405329208943   Elapsed: 3026.36s (50m 26s)  48% completed  (48% total)
     Speed:     ev/sec=368.959   simsec/sec=0.996645   ev/simsec=370.201
     Messages:  created: 83653   present: 518   in FES: 5
** Event #655104   t=3028.477683400723   Elapsed: 3028.42s (50m 28s)  48% completed  (48% total)
     Speed:     ev/sec=371.846   simsec/sec=1.00338   ev/simsec=370.593
     Messages:  created: 83766   present: 544   in FES: 6
** Event #655872   t=3030.965064447598   Elapsed: 3030.91s (50m 30s)  48% completed  (48% total)
     Speed:     ev/sec=308.758   simsec/sec=0.999999   ev/simsec=308.758
     Messages:  created: 83865   present: 543   in FES: 7
** Event #656640   t=3032.998105536176   Elapsed: 3032.94s (50m 32s)  48% completed  (48% total)
     Speed:     ev/sec=377.759   simsec/sec=1   ev/simsec=377.759
     Messages:  created: 83994   present: 602   in FES: 6
** Event #657408   t=3035.450527785282   Elapsed: 3035.4s (50m 35s)  48% completed  (48% total)
     Speed:     ev/sec=313.16   simsec/sec=1   ev/simsec=313.16
     Messages:  created: 84087   present: 589   in FES: 6
** Event #658688   t=3037.9355056115   Elapsed: 3037.88s (50m 37s)  48% completed  (48% total)
     Speed:     ev/sec=515.096   simsec/sec=1   ev/simsec=515.095
     Messages:  created: 84291   present: 665   in FES: 6
** Event #659456   t=3039.980094070789   Elapsed: 3039.93s (50m 39s)  48% completed  (48% total)
     Speed:     ev/sec=375.625   simsec/sec=0.999999   ev/simsec=375.626
     Messages:  created: 84384   present: 651   in FES: 6
** Event #660480   t=3042.025568828791   Elapsed: 3041.97s (50m 41s)  48% completed  (48% total)
     Speed:     ev/sec=500.618   simsec/sec=1   ev/simsec=500.617
     Messages:  created: 84535   present: 680   in FES: 6
** Event #661760   t=3044.451580961824   Elapsed: 3044.4s (50m 44s)  48% completed  (48% total)
     Speed:     ev/sec=527.613   simsec/sec=0.999996   ev/simsec=527.615
     Messages:  created: 84776   present: 840   in FES: 6
** Event #662528   t=3046.602371832568   Elapsed: 3046.55s (50m 46s)  48% completed  (48% total)
     Speed:     ev/sec=357.079   simsec/sec=1   ev/simsec=357.078
     Messages:  created: 84853   present: 785   in FES: 7
** Event #663552   t=3048.756824594369   Elapsed: 3048.7s (50m 48s)  48% completed  (48% total)
     Speed:     ev/sec=475.295   simsec/sec=1   ev/simsec=475.295
     Messages:  created: 84979   present: 758   in FES: 6
** Event #664320   t=3050.782801980291   Elapsed: 3050.73s (50m 50s)  48% completed  (48% total)
     Speed:     ev/sec=379.076   simsec/sec=1   ev/simsec=379.076
     Messages:  created: 85076   present: 744   in FES: 6
** Event #665344   t=3052.798761356215   Elapsed: 3052.74s (50m 52s)  48% completed  (48% total)
     Speed:     ev/sec=507.947   simsec/sec=1   ev/simsec=507.947
     Messages:  created: 85176   present: 655   in FES: 6
** Event #666368   t=3055.183404458223   Elapsed: 3055.13s (50m 55s)  48% completed  (48% total)
     Speed:     ev/sec=429.413   simsec/sec=0.999996   ev/simsec=429.414
     Messages:  created: 85281   present: 583   in FES: 6
** Event #667136   t=3057.770050876786   Elapsed: 3057.72s (50m 57s)  48% completed  (48% total)
     Speed:     ev/sec=296.911   simsec/sec=1   ev/simsec=296.91
     Messages:  created: 85377   present: 575   in FES: 6
** Event #668160   t=3060.150774200101   Elapsed: 3060.1s (51m 00s)  48% completed  (48% total)
     Speed:     ev/sec=430.121   simsec/sec=1   ev/simsec=430.121
     Messages:  created: 85512   present: 571   in FES: 6
** Event #668928   t=3062.244433139506   Elapsed: 3062.19s (51m 02s)  48% completed  (48% total)
     Speed:     ev/sec=366.821   simsec/sec=0.999999   ev/simsec=366.822
     Messages:  created: 85615   present: 575   in FES: 6
** Event #669696   t=3064.394011283812   Elapsed: 3064.34s (51m 04s)  48% completed  (48% total)
     Speed:     ev/sec=357.279   simsec/sec=1   ev/simsec=357.279
     Messages:  created: 85713   present: 568   in FES: 6
** Event #670464   t=3066.477980532193   Elapsed: 3066.46s (51m 06s)  48% completed  (48% total)
     Speed:     ev/sec=362.872   simsec/sec=0.984653   ev/simsec=368.528
     Messages:  created: 85818   present: 581   in FES: 5
** Event #671232   t=3068.591970458423   Elapsed: 3068.54s (51m 08s)  48% completed  (48% total)
     Speed:     ev/sec=368.963   simsec/sec=1.0156   ev/simsec=363.294
     Messages:  created: 85920   present: 589   in FES: 6
** Event #672000   t=3070.827660715003   Elapsed: 3070.77s (51m 10s)  48% completed  (48% total)
     Speed:     ev/sec=343.519   simsec/sec=1   ev/simsec=343.518
     Messages:  created: 86014   present: 571   in FES: 6
** Event #673024   t=3073.66401137442   Elapsed: 3073.61s (51m 13s)  48% completed  (48% total)
     Speed:     ev/sec=361.023   simsec/sec=0.999989   ev/simsec=361.027
     Messages:  created: 86152   present: 575   in FES: 7
** Event #673792   t=3075.747804669078   Elapsed: 3075.69s (51m 15s)  48% completed  (48% total)
     Speed:     ev/sec=368.564   simsec/sec=1.00001   ev/simsec=368.559
     Messages:  created: 86257   present: 583   in FES: 6
** Event #674560   t=3077.820820448461   Elapsed: 3077.77s (51m 17s)  48% completed  (48% total)
     Speed:     ev/sec=370.475   simsec/sec=1   ev/simsec=370.475
     Messages:  created: 86355   present: 572   in FES: 6
** Event #675328   t=3080.602129640334   Elapsed: 3080.55s (51m 20s)  48% completed  (48% total)
     Speed:     ev/sec=276.129   simsec/sec=1   ev/simsec=276.129
     Messages:  created: 86432   present: 526   in FES: 6
** Event #676352   t=3083.196796586549   Elapsed: 3083.14s (51m 23s)  48% completed  (48% total)
     Speed:     ev/sec=394.656   simsec/sec=1   ev/simsec=394.656
     Messages:  created: 86573   present: 537   in FES: 7
** Event #677120   t=3085.237474572562   Elapsed: 3085.18s (51m 25s)  48% completed  (48% total)
     Speed:     ev/sec=376.346   simsec/sec=1   ev/simsec=376.346
     Messages:  created: 86688   present: 568   in FES: 6
** Event #677888   t=3087.334608715952   Elapsed: 3087.28s (51m 27s)  49% completed  (49% total)
     Speed:     ev/sec=366.214   simsec/sec=1   ev/simsec=366.214
     Messages:  created: 86789   present: 566   in FES: 6
** Event #678656   t=3089.486009377066   Elapsed: 3089.43s (51m 29s)  49% completed  (49% total)
     Speed:     ev/sec=356.976   simsec/sec=0.999999   ev/simsec=356.977
     Messages:  created: 86915   present: 624   in FES: 7
** Event #679936   t=3092.068794035989   Elapsed: 3092.01s (51m 32s)  49% completed  (49% total)
     Speed:     ev/sec=495.589   simsec/sec=0.999999   ev/simsec=495.589
     Messages:  created: 87127   present: 717   in FES: 7
** Event #680960   t=3094.179048242065   Elapsed: 3094.12s (51m 34s)  49% completed  (49% total)
     Speed:     ev/sec=485.25   simsec/sec=1   ev/simsec=485.25
     Messages:  created: 87272   present: 733   in FES: 6
** Event #681728   t=3096.446291230345   Elapsed: 3096.4s (51m 36s)  49% completed  (49% total)
     Speed:     ev/sec=337.848   simsec/sec=0.997374   ev/simsec=338.737
     Messages:  created: 87378   present: 746   in FES: 5
** Event #682752   t=3099.071149490798   Elapsed: 3099.02s (51m 39s)  49% completed  (49% total)
     Speed:     ev/sec=391.005   simsec/sec=1.00228   ev/simsec=390.116
     Messages:  created: 87495   present: 705   in FES: 7
** Event #684032   t=3101.717760944103   Elapsed: 3101.66s (51m 41s)  49% completed  (49% total)
     Speed:     ev/sec=483.637   simsec/sec=1   ev/simsec=483.637
     Messages:  created: 87636   present: 631   in FES: 6
** Event #685056   t=3104.218275383409   Elapsed: 3104.16s (51m 44s)  49% completed  (49% total)
     Speed:     ev/sec=409.516   simsec/sec=1   ev/simsec=409.516
     Messages:  created: 87749   present: 580   in FES: 6
** Event #685824   t=3106.500348513518   Elapsed: 3106.45s (51m 46s)  49% completed  (49% total)
     Speed:     ev/sec=336.536   simsec/sec=1   ev/simsec=336.536
     Messages:  created: 87849   present: 574   in FES: 6
** Event #686592   t=3108.829670858954   Elapsed: 3108.77s (51m 48s)  49% completed  (49% total)
     Speed:     ev/sec=329.709   simsec/sec=0.999998   ev/simsec=329.71
     Messages:  created: 87940   present: 558   in FES: 7
** Event #687360   t=3111.166727140304   Elapsed: 3111.11s (51m 51s)  49% completed  (49% total)
     Speed:     ev/sec=328.618   simsec/sec=1   ev/simsec=328.619
     Messages:  created: 88036   present: 544   in FES: 7
** Event #688128   t=3113.664814307458   Elapsed: 3113.61s (51m 53s)  49% completed  (49% total)
     Speed:     ev/sec=307.436   simsec/sec=1   ev/simsec=307.435
     Messages:  created: 88107   present: 480   in FES: 6
** Event #688896   t=3116.554993316253   Elapsed: 3116.5s (51m 56s)  49% completed  (49% total)
     Speed:     ev/sec=265.727   simsec/sec=1   ev/simsec=265.727
     Messages:  created: 88188   present: 443   in FES: 7
** Event #689920   t=3119.208860637828   Elapsed: 3119.15s (51m 59s)  49% completed  (49% total)
     Speed:     ev/sec=385.852   simsec/sec=1   ev/simsec=385.852
     Messages:  created: 88347   present: 498   in FES: 6
** Event #690688   t=3121.675888738484   Elapsed: 3121.62s (52m 01s)  49% completed  (49% total)
     Speed:     ev/sec=311.305   simsec/sec=0.999998   ev/simsec=311.306
     Messages:  created: 88447   present: 500   in FES: 6
** Event #691456   t=3124.172602812572   Elapsed: 3124.12s (52m 04s)  49% completed  (49% total)
     Speed:     ev/sec=307.6   simsec/sec=0.999987   ev/simsec=307.604
     Messages:  created: 88568   present: 548   in FES: 7
** Event #692480   t=3126.766850726959   Elapsed: 3126.71s (52m 06s)  49% completed  (49% total)
     Speed:     ev/sec=394.725   simsec/sec=1.00001   ev/simsec=394.719
     Messages:  created: 88747   present: 646   in FES: 7
** Event #693504   t=3128.957667824169   Elapsed: 3128.91s (52m 08s)  49% completed  (49% total)
     Speed:     ev/sec=466.711   simsec/sec=0.998513   ev/simsec=467.406
     Messages:  created: 88897   present: 673   in FES: 5
** Event #694528   t=3131.206818837896   Elapsed: 3131.15s (52m 11s)  49% completed  (49% total)
     Speed:     ev/sec=455.945   simsec/sec=1.00145   ev/simsec=455.283
     Messages:  created: 89063   present: 740   in FES: 6
** Event #695296   t=3133.406771602574   Elapsed: 3133.35s (52m 13s)  49% completed  (49% total)
     Speed:     ev/sec=349.098   simsec/sec=1   ev/simsec=349.098
     Messages:  created: 89175   present: 765   in FES: 6
** Event #696320   t=3135.835953611895   Elapsed: 3135.78s (52m 15s)  49% completed  (49% total)
     Speed:     ev/sec=421.019   simsec/sec=0.998762   ev/simsec=421.541
     Messages:  created: 89285   present: 706   in FES: 5
** Event #697088   t=3138.018158732323   Elapsed: 3137.96s (52m 17s)  49% completed  (49% total)
     Speed:     ev/sec=352.424   simsec/sec=1.00138   ev/simsec=351.938
     Messages:  created: 89348   present: 618   in FES: 6
** Event #698112   t=3140.236619791954   Elapsed: 3140.18s (52m 20s)  49% completed  (49% total)
     Speed:     ev/sec=461.581   simsec/sec=1   ev/simsec=461.581
     Messages:  created: 89460   present: 561   in FES: 6
** Event #699136   t=3142.393760546877   Elapsed: 3142.34s (52m 22s)  49% completed  (49% total)
     Speed:     ev/sec=474.703   simsec/sec=1   ev/simsec=474.702
     Messages:  created: 89607   present: 583   in FES: 6
** Event #700160   t=3144.478776615714   Elapsed: 3144.42s (52m 24s)  49% completed  (49% total)
     Speed:     ev/sec=491.124   simsec/sec=1   ev/simsec=491.123
     Messages:  created: 89778   present: 662   in FES: 6
** Event #701184   t=3146.58756048934   Elapsed: 3146.54s (52m 26s)  49% completed  (49% total)
     Speed:     ev/sec=484.562   simsec/sec=0.997888   ev/simsec=485.588
     Messages:  created: 89945   present: 735   in FES: 5
** Event #702208   t=3148.96570585991   Elapsed: 3148.91s (52m 28s)  49% completed  (49% total)
     Speed:     ev/sec=431.397   simsec/sec=1.00188   ev/simsec=430.588
     Messages:  created: 90134   present: 855   in FES: 6
** Event #702976   t=3151.411581559743   Elapsed: 3151.36s (52m 31s)  50% completed  (50% total)
     Speed:     ev/sec=313.998   simsec/sec=0.999999   ev/simsec=313.998
     Messages:  created: 90209   present: 799   in FES: 6
** Event #704000   t=3153.632763352529   Elapsed: 3153.58s (52m 33s)  50% completed  (50% total)
     Speed:     ev/sec=461.016   simsec/sec=0.999999   ev/simsec=461.016
     Messages:  created: 90301   present: 692   in FES: 7
** Event #705024   t=3155.69816434656   Elapsed: 3155.64s (52m 35s)  50% completed  (50% total)
     Speed:     ev/sec=495.788   simsec/sec=1   ev/simsec=495.788
     Messages:  created: 90440   present: 694   in FES: 7
** Event #706304   t=3158.262311519025   Elapsed: 3158.21s (52m 38s)  50% completed  (50% total)
     Speed:     ev/sec=499.192   simsec/sec=1   ev/simsec=499.191
     Messages:  created: 90582   present: 625   in FES: 6
** Event #707328   t=3160.688475416595   Elapsed: 3160.63s (52m 40s)  50% completed  (50% total)
     Speed:     ev/sec=422.065   simsec/sec=1   ev/simsec=422.065
     Messages:  created: 90705   present: 592   in FES: 7
** Event #707840   t=3162.993218532982   Elapsed: 3162.94s (52m 42s)  50% completed  (50% total)
     Speed:     ev/sec=222.151   simsec/sec=1   ev/simsec=222.151
     Messages:  created: 90770   present: 593   in FES: 6
** Event #708608   t=3165.294280872209   Elapsed: 3165.24s (52m 45s)  50% completed  (50% total)
     Speed:     ev/sec=333.758   simsec/sec=0.999998   ev/simsec=333.759
     Messages:  created: 90840   present: 528   in FES: 6
** Event #709376   t=3167.722621764818   Elapsed: 3167.67s (52m 47s)  50% completed  (50% total)
     Speed:     ev/sec=316.266   simsec/sec=1   ev/simsec=316.265
     Messages:  created: 90906   present: 449   in FES: 6
** Event #710144   t=3170.102693726424   Elapsed: 3170.05s (52m 50s)  50% completed  (50% total)
     Speed:     ev/sec=322.68   simsec/sec=1   ev/simsec=322.679
     Messages:  created: 90989   present: 409   in FES: 6
** Event #710912   t=3172.262365851921   Elapsed: 3172.21s (52m 52s)  50% completed  (50% total)
     Speed:     ev/sec=355.609   simsec/sec=1   ev/simsec=355.61
     Messages:  created: 91113   present: 462   in FES: 6
** Event #711680   t=3174.495151566796   Elapsed: 3174.44s (52m 54s)  50% completed  (50% total)
     Speed:     ev/sec=343.962   simsec/sec=0.999991   ev/simsec=343.965
     Messages:  created: 91232   present: 508   in FES: 6
** Event #712448   t=3177.529460011921   Elapsed: 3177.47s (52m 57s)  50% completed  (50% total)
     Speed:     ev/sec=253.107   simsec/sec=1.00001   ev/simsec=253.105
     Messages:  created: 91350   present: 553   in FES: 7
** Event #713216   t=3180.033130154496   Elapsed: 3179.98s (52m 59s)  50% completed  (50% total)
     Speed:     ev/sec=306.451   simsec/sec=0.999026   ev/simsec=306.75
     Messages:  created: 91460   present: 578   in FES: 5
** Event #714240   t=3182.58317824023   Elapsed: 3182.53s (53m 02s)  50% completed  (50% total)
     Speed:     ev/sec=401.944   simsec/sec=1.00095   ev/simsec=401.561
     Messages:  created: 91588   present: 560   in FES: 8
** Event #715264   t=3184.93882774662   Elapsed: 3184.88s (53m 04s)  50% completed  (50% total)
     Speed:     ev/sec=434.702   simsec/sec=1.00001   ev/simsec=434.7
     Messages:  created: 91730   present: 574   in FES: 6
** Event #716288   t=3187.27091253909   Elapsed: 3187.23s (53m 07s)  50% completed  (50% total)
     Speed:     ev/sec=436.622   simsec/sec=0.994375   ev/simsec=439.092
     Messages:  created: 91893   present: 639   in FES: 5
** Event #717312   t=3189.676439531964   Elapsed: 3189.62s (53m 09s)  50% completed  (50% total)
     Speed:     ev/sec=428.032   simsec/sec=1.00551   ev/simsec=425.686
     Messages:  created: 92076   present: 748   in FES: 6
** Event #718336   t=3191.80997121147   Elapsed: 3191.76s (53m 11s)  50% completed  (50% total)
     Speed:     ev/sec=479.956   simsec/sec=1   ev/simsec=479.955
     Messages:  created: 92226   present: 777   in FES: 6
** Event #719360   t=3194.380121390088   Elapsed: 3194.33s (53m 14s)  50% completed  (50% total)
     Speed:     ev/sec=398.421   simsec/sec=1   ev/simsec=398.42
     Messages:  created: 92356   present: 762   in FES: 7
** Event #720640   t=3196.651033387087   Elapsed: 3196.6s (53m 16s)  50% completed  (50% total)
     Speed:     ev/sec=562.899   simsec/sec=0.998667   ev/simsec=563.65
     Messages:  created: 92556   present: 822   in FES: 5
** Event #721920   t=3199.043060006959   Elapsed: 3199s (53m 18s)  50% completed  (50% total)
     Speed:     ev/sec=533.611   simsec/sec=0.997196   ev/simsec=535.111
     Messages:  created: 92722   present: 806   in FES: 5
** Event #723200   t=3201.464578374405   Elapsed: 3201.41s (53m 21s)  50% completed  (50% total)
     Speed:     ev/sec=530.733   simsec/sec=1.00405   ev/simsec=528.594
     Messages:  created: 92891   present: 796   in FES: 6
** Event #724224   t=3203.824646477719   Elapsed: 3203.77s (53m 23s)  50% completed  (50% total)
     Speed:     ev/sec=433.883   simsec/sec=0.999995   ev/simsec=433.886
     Messages:  created: 93034   present: 812   in FES: 6
** Event #725248   t=3205.87402324669   Elapsed: 3205.82s (53m 25s)  50% completed  (50% total)
     Speed:     ev/sec=499.667   simsec/sec=1.00001   ev/simsec=499.664
     Messages:  created: 93153   present: 767   in FES: 7
** Event #726272   t=3208.091642803995   Elapsed: 3208.04s (53m 28s)  50% completed  (50% total)
     Speed:     ev/sec=461.756   simsec/sec=0.999999   ev/simsec=461.756
     Messages:  created: 93269   present: 717   in FES: 6
** Event #727296   t=3210.46958029712   Elapsed: 3210.41s (53m 30s)  50% completed  (50% total)
     Speed:     ev/sec=430.626   simsec/sec=1   ev/simsec=430.625
     Messages:  created: 93388   present: 675   in FES: 6
** Event #728320   t=3213.199874198511   Elapsed: 3213.16s (53m 33s)  51% completed  (51% total)
     Speed:     ev/sec=373.505   simsec/sec=0.995878   ev/simsec=375.051
     Messages:  created: 93490   present: 601   in FES: 5
** Event #729344   t=3215.222006546759   Elapsed: 3215.17s (53m 35s)  51% completed  (51% total)
     Speed:     ev/sec=508.603   simsec/sec=1.00436   ev/simsec=506.396
     Messages:  created: 93638   present: 622   in FES: 5
** Event #730112   t=3217.295975317534   Elapsed: 3217.26s (53m 37s)  51% completed  (51% total)
     Speed:     ev/sec=367.944   simsec/sec=0.993625   ev/simsec=370.305
     Messages:  created: 93748   present: 642   in FES: 5
** Event #731648   t=3219.699372660664   Elapsed: 3219.66s (53m 39s)  51% completed  (51% total)
     Speed:     ev/sec=639.397   simsec/sec=1.00047   ev/simsec=639.095
     Messages:  created: 94004   present: 746   in FES: 5
** Event #732672   t=3222.241506692298   Elapsed: 3222.19s (53m 42s)  51% completed  (51% total)
     Speed:     ev/sec=405.155   simsec/sec=1.00582   ev/simsec=402.811
     Messages:  created: 94168   present: 812   in FES: 6
** Event #733696   t=3224.648977742809   Elapsed: 3224.59s (53m 44s)  51% completed  (51% total)
     Speed:     ev/sec=425.35   simsec/sec=1.00002   ev/simsec=425.343
     Messages:  created: 94311   present: 829   in FES: 6
** Event #734720   t=3226.685629515929   Elapsed: 3226.63s (53m 46s)  51% completed  (51% total)
     Speed:     ev/sec=502.775   simsec/sec=0.999979   ev/simsec=502.786
     Messages:  created: 94443   present: 816   in FES: 6
** Event #735744   t=3229.054192646978   Elapsed: 3229s (53m 48s)  51% completed  (51% total)
     Speed:     ev/sec=432.328   simsec/sec=0.999995   ev/simsec=432.33
     Messages:  created: 94549   present: 741   in FES: 8
** Event #736768   t=3231.167423385652   Elapsed: 3231.11s (53m 51s)  51% completed  (51% total)
     Speed:     ev/sec=484.569   simsec/sec=1.00001   ev/simsec=484.566
     Messages:  created: 94661   present: 678   in FES: 6
** Event #737792   t=3233.66133323367   Elapsed: 3233.61s (53m 53s)  51% completed  (51% total)
     Speed:     ev/sec=410.6   simsec/sec=1   ev/simsec=410.6
     Messages:  created: 94769   present: 614   in FES: 6
** Event #738560   t=3235.726255852659   Elapsed: 3235.67s (53m 55s)  51% completed  (51% total)
     Speed:     ev/sec=371.921   simsec/sec=0.999985   ev/simsec=371.927
     Messages:  created: 94850   present: 570   in FES: 8
** Event #739328   t=3238.241629270717   Elapsed: 3238.19s (53m 58s)  51% completed  (51% total)
     Speed:     ev/sec=305.326   simsec/sec=1.00001   ev/simsec=305.322
     Messages:  created: 94940   present: 547   in FES: 7
** Event #740096   t=3240.31065050397   Elapsed: 3240.26s (54m 00s)  51% completed  (51% total)
     Speed:     ev/sec=371.189   simsec/sec=0.999997   ev/simsec=371.19
     Messages:  created: 95036   present: 535   in FES: 6
** Event #740864   t=3242.651924664125   Elapsed: 3242.6s (54m 02s)  51% completed  (51% total)
     Speed:     ev/sec=328.028   simsec/sec=1   ev/simsec=328.027
     Messages:  created: 95121   present: 501   in FES: 6
** Event #741888   t=3245.299446629759   Elapsed: 3245.24s (54m 05s)  51% completed  (51% total)
     Speed:     ev/sec=386.777   simsec/sec=1   ev/simsec=386.777
     Messages:  created: 95277   present: 546   in FES: 6
** Event #742656   t=3247.980052371273   Elapsed: 3247.93s (54m 07s)  51% completed  (51% total)
     Speed:     ev/sec=286.502   simsec/sec=0.999998   ev/simsec=286.502
     Messages:  created: 95375   present: 551   in FES: 6
** Event #743424   t=3250.36634855629   Elapsed: 3250.31s (54m 10s)  51% completed  (51% total)
     Speed:     ev/sec=321.838   simsec/sec=1   ev/simsec=321.838
     Messages:  created: 95470   present: 539   in FES: 6
** Event #744192   t=3252.931820851424   Elapsed: 3252.88s (54m 12s)  51% completed  (51% total)
     Speed:     ev/sec=298.849   simsec/sec=0.998294   ev/simsec=299.36
     Messages:  created: 95573   present: 546   in FES: 5
** Event #745216   t=3254.942620549043   Elapsed: 3254.89s (54m 14s)  51% completed  (51% total)
     Speed:     ev/sec=510.363   simsec/sec=1.00218   ev/simsec=509.25
     Messages:  created: 95730   present: 586   in FES: 6
** Event #745984   t=3257.1867791172   Elapsed: 3257.13s (54m 17s)  51% completed  (51% total)
     Speed:     ev/sec=342.222   simsec/sec=1   ev/simsec=342.222
     Messages:  created: 95837   present: 603   in FES: 7
** Event #746752   t=3259.587074192586   Elapsed: 3259.53s (54m 19s)  51% completed  (51% total)
     Speed:     ev/sec=319.961   simsec/sec=1   ev/simsec=319.961
     Messages:  created: 95937   present: 602   in FES: 6
** Event #747520   t=3262.141720232218   Elapsed: 3262.09s (54m 22s)  51% completed  (51% total)
     Speed:     ev/sec=300.628   simsec/sec=0.999998   ev/simsec=300.629
     Messages:  created: 96036   present: 600   in FES: 6
** Event #748800   t=3264.535219472223   Elapsed: 3264.48s (54m 24s)  51% completed  (51% total)
     Speed:     ev/sec=534.782   simsec/sec=1   ev/simsec=534.782
     Messages:  created: 96223   present: 629   in FES: 7
** Event #749824   t=3266.878231633734   Elapsed: 3266.82s (54m 26s)  51% completed  (51% total)
     Speed:     ev/sec=437.045   simsec/sec=1   ev/simsec=437.044
     Messages:  created: 96357   present: 627   in FES: 6
** Event #750592   t=3268.987304093755   Elapsed: 3268.93s (54m 28s)  51% completed  (51% total)
     Speed:     ev/sec=364.141   simsec/sec=1   ev/simsec=364.141
     Messages:  created: 96482   present: 682   in FES: 6
** Event #751616   t=3271.00631404337   Elapsed: 3270.95s (54m 30s)  51% completed  (51% total)
     Speed:     ev/sec=507.179   simsec/sec=0.999999   ev/simsec=507.179
     Messages:  created: 96672   present: 801   in FES: 6
** Event #752640   t=3273.29430260192   Elapsed: 3273.24s (54m 33s)  51% completed  (51% total)
     Speed:     ev/sec=447.534   simsec/sec=0.999953   ev/simsec=447.555
     Messages:  created: 96810   present: 801   in FES: 7
** Event #753664   t=3275.434778026023   Elapsed: 3275.38s (54m 35s)  51% completed  (51% total)
     Speed:     ev/sec=478.421   simsec/sec=1.00005   ev/simsec=478.398
     Messages:  created: 96936   present: 772   in FES: 7
** Event #754432   t=3277.61599717717   Elapsed: 3277.56s (54m 37s)  52% completed  (52% total)
     Speed:     ev/sec=352.098   simsec/sec=1   ev/simsec=352.097
     Messages:  created: 97024   present: 741   in FES: 6
** Event #755456   t=3279.745716964529   Elapsed: 3279.7s (54m 39s)  52% completed  (52% total)
     Speed:     ev/sec=478.797   simsec/sec=0.995804   ev/simsec=480.814
     Messages:  created: 97146   present: 703   in FES: 5
** Event #756480   t=3281.917715345689   Elapsed: 3281.86s (54m 41s)  52% completed  (52% total)
     Speed:     ev/sec=473.411   simsec/sec=1.00415   ev/simsec=471.455
     Messages:  created: 97245   present: 613   in FES: 7
** Event #757504   t=3284.426673488549   Elapsed: 3284.37s (54m 44s)  52% completed  (52% total)
     Speed:     ev/sec=408.137   simsec/sec=0.999999   ev/simsec=408.138
     Messages:  created: 97399   present: 654   in FES: 7
** Event #758272   t=3286.595660977327   Elapsed: 3286.57s (54m 46s)  52% completed  (52% total)
     Speed:     ev/sec=350.036   simsec/sec=0.988574   ev/simsec=354.082
     Messages:  created: 97476   present: 603   in FES: 5
** Event #759040   t=3289.03603195263   Elapsed: 3288.98s (54m 48s)  52% completed  (52% total)
     Speed:     ev/sec=317.973   simsec/sec=1.01038   ev/simsec=314.706
     Messages:  created: 97559   present: 557   in FES: 6
** Event #760064   t=3291.466200089193   Elapsed: 3291.41s (54m 51s)  52% completed  (52% total)
     Speed:     ev/sec=421.37   simsec/sec=0.999999   ev/simsec=421.37
     Messages:  created: 97708   present: 589   in FES: 6
** Event #761088   t=3293.948295846213   Elapsed: 3293.89s (54m 53s)  52% completed  (52% total)
     Speed:     ev/sec=412.555   simsec/sec=1   ev/simsec=412.555
     Messages:  created: 97830   present: 553   in FES: 6
** Event #762112   t=3296.591844704348   Elapsed: 3296.54s (54m 56s)  52% completed  (52% total)
     Speed:     ev/sec=387.357   simsec/sec=0.999998   ev/simsec=387.358
     Messages:  created: 97995   present: 623   in FES: 6
** Event #762624   t=3298.596960997387   Elapsed: 3298.54s (54m 58s)  52% completed  (52% total)
     Speed:     ev/sec=255.347   simsec/sec=1   ev/simsec=255.347
     Messages:  created: 98073   present: 650   in FES: 7
** Event #763648   t=3301.061196801526   Elapsed: 3301.01s (55m 01s)  52% completed  (52% total)
     Speed:     ev/sec=415.545   simsec/sec=1   ev/simsec=415.545
     Messages:  created: 98200   present: 626   in FES: 6
** Event #764416   t=3303.259794671263   Elapsed: 3303.23s (55m 03s)  52% completed  (52% total)
     Speed:     ev/sec=345.455   simsec/sec=0.988955   ev/simsec=349.314
     Messages:  created: 98296   present: 617   in FES: 5
** Event #765184   t=3305.273133267027   Elapsed: 3305.26s (55m 05s)  52% completed  (52% total)
     Speed:     ev/sec=378.212   simsec/sec=0.991497   ev/simsec=381.456
     Messages:  created: 98382   present: 583   in FES: 5
** Event #766208   t=3307.539526290644   Elapsed: 3307.5s (55m 07s)  52% completed  (52% total)
     Speed:     ev/sec=457.69   simsec/sec=1.01299   ev/simsec=451.819
     Messages:  created: 98518   present: 580   in FES: 5
** Event #767232   t=3310.150154357448   Elapsed: 3310.1s (55m 10s)  52% completed  (52% total)
     Speed:     ev/sec=394.168   simsec/sec=1.00491   ev/simsec=392.243
     Messages:  created: 98673   present: 622   in FES: 8
** Event #768256   t=3312.562423833434   Elapsed: 3312.51s (55m 12s)  52% completed  (52% total)
     Speed:     ev/sec=424.497   simsec/sec=1   ev/simsec=424.497
     Messages:  created: 98822   present: 655   in FES: 8
** Event #769280   t=3314.599675448701   Elapsed: 3314.55s (55m 14s)  52% completed  (52% total)
     Speed:     ev/sec=501.92   simsec/sec=0.998572   ev/simsec=502.638
     Messages:  created: 98998   present: 742   in FES: 5
** Event #770304   t=3316.753258361409   Elapsed: 3316.7s (55m 16s)  52% completed  (52% total)
     Speed:     ev/sec=476.131   simsec/sec=1.00135   ev/simsec=475.487
     Messages:  created: 99170   present: 820   in FES: 6
** Event #771328   t=3318.975797080564   Elapsed: 3318.92s (55m 18s)  52% completed  (52% total)
     Speed:     ev/sec=460.733   simsec/sec=0.999998   ev/simsec=460.734
     Messages:  created: 99290   present: 780   in FES: 8
** Event #772352   t=3321.23212425443   Elapsed: 3321.18s (55m 21s)  52% completed  (52% total)
     Speed:     ev/sec=453.836   simsec/sec=1   ev/simsec=453.835
     Messages:  created: 99438   present: 807   in FES: 6
** Event #773632   t=3323.568680212361   Elapsed: 3323.51s (55m 23s)  52% completed  (52% total)
     Speed:     ev/sec=547.815   simsec/sec=1   ev/simsec=547.815
     Messages:  created: 99608   present: 799   in FES: 6
** Event #774656   t=3325.780302838941   Elapsed: 3325.73s (55m 25s)  52% completed  (52% total)
     Speed:     ev/sec=463.009   simsec/sec=1   ev/simsec=463.008
     Messages:  created: 99693   present: 683   in FES: 6
** Event #775680   t=3328.126682256104   Elapsed: 3328.07s (55m 28s)  52% completed  (52% total)
     Speed:     ev/sec=436.409   simsec/sec=0.999981   ev/simsec=436.417
     Messages:  created: 99828   present: 679   in FES: 7
** Event #776448   t=3330.167384335339   Elapsed: 3330.13s (55m 30s)  52% completed  (52% total)
     Speed:     ev/sec=373.715   simsec/sec=0.993023   ev/simsec=376.341
     Messages:  created: 99925   present: 667   in FES: 5
** Event #777472   t=3332.312063550243   Elapsed: 3332.26s (55m 32s)  52% completed  (52% total)
     Speed:     ev/sec=480.684   simsec/sec=1.00675   ev/simsec=477.461
     Messages:  created: 100064   present: 674   in FES: 7
** Event #778496   t=3334.659571007013   Elapsed: 3334.6s (55m 34s)  52% completed  (52% total)
     Speed:     ev/sec=436.206   simsec/sec=0.999997   ev/simsec=436.207
     Messages:  created: 100188   present: 642   in FES: 7
** Event #779520   t=3337.240507452109   Elapsed: 3337.19s (55m 37s)  52% completed  (52% total)
     Speed:     ev/sec=396.757   simsec/sec=1   ev/simsec=396.755
     Messages:  created: 100352   present: 703   in FES: 6
** Event #780544   t=3339.947861617151   Elapsed: 3339.89s (55m 39s)  53% completed  (53% total)
     Speed:     ev/sec=378.229   simsec/sec=1   ev/simsec=378.229
     Messages:  created: 100471   present: 668   in FES: 6
** Event #781568   t=3342.155107668486   Elapsed: 3342.1s (55m 42s)  53% completed  (53% total)
     Speed:     ev/sec=463.346   simsec/sec=0.998748   ev/simsec=463.927
     Messages:  created: 100599   present: 648   in FES: 5
** Event #782592   t=3344.731205482389   Elapsed: 3344.69s (55m 44s)  53% completed  (53% total)
     Speed:     ev/sec=395.388   simsec/sec=0.994685   ev/simsec=397.5
     Messages:  created: 100732   present: 642   in FES: 5
** Event #783616   t=3347.177162096227   Elapsed: 3347.14s (55m 47s)  53% completed  (53% total)
     Speed:     ev/sec=417.734   simsec/sec=0.997812   ev/simsec=418.65
     Messages:  created: 100862   present: 627   in FES: 5
** Event #784640   t=3349.357488615951   Elapsed: 3349.31s (55m 49s)  53% completed  (53% total)
     Speed:     ev/sec=473.415   simsec/sec=1.00801   ev/simsec=469.654
     Messages:  created: 101019   present: 673   in FES: 5
** Event #785664   t=3351.70339748572   Elapsed: 3351.65s (55m 51s)  53% completed  (53% total)
     Speed:     ev/sec=437.357   simsec/sec=1.00195   ev/simsec=436.505
     Messages:  created: 101157   present: 677   in FES: 7
** Event #786432   t=3353.872012161992   Elapsed: 3353.82s (55m 53s)  53% completed  (53% total)
     Speed:     ev/sec=353.259   simsec/sec=0.997504   ev/simsec=354.143
     Messages:  created: 101255   present: 671   in FES: 5
** Event #787200   t=3356.390580046293   Elapsed: 3356.34s (55m 56s)  53% completed  (53% total)
     Speed:     ev/sec=305.594   simsec/sec=1.00216   ev/simsec=304.935
     Messages:  created: 101327   present: 606   in FES: 6
** Event #787968   t=3358.476764820678   Elapsed: 3358.42s (55m 58s)  53% completed  (53% total)
     Speed:     ev/sec=368.136   simsec/sec=1   ev/simsec=368.136
     Messages:  created: 101394   present: 530   in FES: 7
** Event #788992   t=3360.89078971826   Elapsed: 3360.84s (56m 00s)  53% completed  (53% total)
     Speed:     ev/sec=424.187   simsec/sec=0.999998   ev/simsec=424.188
     Messages:  created: 101529   present: 529   in FES: 6
** Event #790016   t=3363.379092929388   Elapsed: 3363.32s (56m 03s)  53% completed  (53% total)
     Speed:     ev/sec=411.526   simsec/sec=1   ev/simsec=411.525
     Messages:  created: 101672   present: 540   in FES: 6
** Event #790784   t=3365.748333902303   Elapsed: 3365.69s (56m 05s)  53% completed  (53% total)
     Speed:     ev/sec=324.154   simsec/sec=1   ev/simsec=324.154
     Messages:  created: 101791   present: 585   in FES: 6
** Event #791552   t=3367.780193327396   Elapsed: 3367.73s (56m 07s)  53% completed  (53% total)
     Speed:     ev/sec=377.979   simsec/sec=1   ev/simsec=377.979
     Messages:  created: 101913   present: 636   in FES: 6
** Event #792320   t=3370.043303295256   Elapsed: 3369.99s (56m 09s)  53% completed  (53% total)
     Speed:     ev/sec=339.356   simsec/sec=0.999999   ev/simsec=339.356
     Messages:  created: 102025   present: 663   in FES: 7
** Event #793600   t=3372.366841889132   Elapsed: 3372.32s (56m 12s)  53% completed  (53% total)
     Speed:     ev/sec=549.981   simsec/sec=0.998361   ev/simsec=550.884
     Messages:  created: 102216   present: 702   in FES: 5
** Event #794624   t=3374.448844898818   Elapsed: 3374.39s (56m 14s)  53% completed  (53% total)
     Speed:     ev/sec=492.737   simsec/sec=1.00184   ev/simsec=491.834
     Messages:  created: 102371   present: 740   in FES: 7
** Event #795648   t=3376.57249939514   Elapsed: 3376.52s (56m 16s)  53% completed  (53% total)
     Speed:     ev/sec=482.186   simsec/sec=0.999996   ev/simsec=482.188
     Messages:  created: 102519   present: 763   in FES: 7
** Event #796672   t=3379.007283732298   Elapsed: 3378.95s (56m 18s)  53% completed  (53% total)
     Speed:     ev/sec=420.572   simsec/sec=1   ev/simsec=420.571
     Messages:  created: 102661   present: 777   in FES: 6
** Event #797696   t=3381.26820737682   Elapsed: 3381.21s (56m 21s)  53% completed  (53% total)
     Speed:     ev/sec=452.91   simsec/sec=0.999996   ev/simsec=452.912
     Messages:  created: 102814   present: 814   in FES: 8
** Event #799232   t=3383.554333135866   Elapsed: 3383.5s (56m 23s)  53% completed  (53% total)
     Speed:     ev/sec=671.883   simsec/sec=1.00001   ev/simsec=671.879
     Messages:  created: 103015   present: 794   in FES: 7
** Event #800256   t=3385.651554978813   Elapsed: 3385.6s (56m 25s)  53% completed  (53% total)
     Speed:     ev/sec=488.265   simsec/sec=1   ev/simsec=488.265
     Messages:  created: 103156   present: 806   in FES: 6
** Event #801280   t=3387.832501923701   Elapsed: 3387.78s (56m 27s)  53% completed  (53% total)
     Speed:     ev/sec=469.519   simsec/sec=0.999997   ev/simsec=469.521
     Messages:  created: 103295   present: 812   in FES: 7
** Event #802304   t=3390.49557752327   Elapsed: 3390.44s (56m 30s)  53% completed  (53% total)
     Speed:     ev/sec=384.518   simsec/sec=1   ev/simsec=384.518
     Messages:  created: 103417   present: 781   in FES: 8
** Event #803584   t=3392.88293915317   Elapsed: 3392.83s (56m 32s)  53% completed  (53% total)
     Speed:     ev/sec=536.151   simsec/sec=0.99999   ev/simsec=536.157
     Messages:  created: 103564   present: 723   in FES: 8
** Event #804864   t=3395.120684085002   Elapsed: 3395.07s (56m 35s)  53% completed  (53% total)
     Speed:     ev/sec=572.012   simsec/sec=1.00001   ev/simsec=572.004
     Messages:  created: 103738   present: 722   in FES: 7
** Event #805888   t=3397.467587878084   Elapsed: 3397.41s (56m 37s)  53% completed  (53% total)
     Speed:     ev/sec=436.32   simsec/sec=1   ev/simsec=436.32
     Messages:  created: 103861   present: 688   in FES: 7
** Event #806656   t=3399.682025512023   Elapsed: 3399.63s (56m 39s)  53% completed  (53% total)
     Speed:     ev/sec=346.815   simsec/sec=0.999999   ev/simsec=346.815
     Messages:  created: 103959   present: 682   in FES: 7
** Event #807424   t=3401.863369864091   Elapsed: 3401.82s (56m 41s)  53% completed  (53% total)
     Speed:     ev/sec=350.779   simsec/sec=0.996314   ev/simsec=352.076
     Messages:  created: 104058   present: 678   in FES: 5
** Event #808704   t=3404.21625266496   Elapsed: 3404.16s (56m 44s)  54% completed  (54% total)
     Speed:     ev/sec=545.884   simsec/sec=1.00344   ev/simsec=544.013
     Messages:  created: 104219   present: 646   in FES: 7
** Event #809728   t=3406.252505972719   Elapsed: 3406.2s (56m 46s)  54% completed  (54% total)
     Speed:     ev/sec=502.287   simsec/sec=0.998811   ev/simsec=502.884
     Messages:  created: 104380   present: 701   in FES: 5
** Event #810496   t=3408.410240541787   Elapsed: 3408.36s (56m 48s)  54% completed  (54% total)
     Speed:     ev/sec=356.331   simsec/sec=1.00113   ev/simsec=355.929
     Messages:  created: 104471   present: 677   in FES: 7
** Event #811264   t=3410.705564135412   Elapsed: 3410.65s (56m 50s)  54% completed  (54% total)
     Speed:     ev/sec=334.593   simsec/sec=0.999999   ev/simsec=334.593
     Messages:  created: 104561   present: 653   in FES: 6
** Event #812032   t=3412.894408671917   Elapsed: 3412.84s (56m 52s)  54% completed  (54% total)
     Speed:     ev/sec=350.871   simsec/sec=1   ev/simsec=350.87
     Messages:  created: 104664   present: 656   in FES: 6
** Event #813056   t=3415.218401376271   Elapsed: 3415.16s (56m 55s)  54% completed  (54% total)
     Speed:     ev/sec=440.621   simsec/sec=1   ev/simsec=440.621
     Messages:  created: 104767   present: 582   in FES: 6
** Event #813824   t=3417.344232787082   Elapsed: 3417.29s (56m 57s)  54% completed  (54% total)
     Speed:     ev/sec=361.269   simsec/sec=0.999997   ev/simsec=361.27
     Messages:  created: 104833   present: 499   in FES: 6
** Event #814592   t=3419.510145910098   Elapsed: 3419.46s (56m 59s)  54% completed  (54% total)
     Speed:     ev/sec=354.586   simsec/sec=1   ev/simsec=354.585
     Messages:  created: 104953   present: 541   in FES: 6
** Event #815360   t=3421.692834640556   Elapsed: 3421.64s (57m 01s)  54% completed  (54% total)
     Speed:     ev/sec=351.859   simsec/sec=0.999999   ev/simsec=351.86
     Messages:  created: 105066   present: 570   in FES: 7
** Event #816128   t=3423.742051707865   Elapsed: 3423.69s (57m 03s)  54% completed  (54% total)
     Speed:     ev/sec=374.778   simsec/sec=1   ev/simsec=374.777
     Messages:  created: 105165   present: 563   in FES: 6
** Event #817152   t=3425.960950942157   Elapsed: 3425.91s (57m 05s)  54% completed  (54% total)
     Speed:     ev/sec=460.894   simsec/sec=0.998708   ev/simsec=461.49
     Messages:  created: 105339   present: 651   in FES: 5
** Event #818176   t=3428.146577728675   Elapsed: 3428.09s (57m 08s)  54% completed  (54% total)
     Speed:     ev/sec=469.132   simsec/sec=1.00132   ev/simsec=468.515
     Messages:  created: 105512   present: 736   in FES: 6
** Event #819200   t=3430.331663608935   Elapsed: 3430.28s (57m 10s)  54% completed  (54% total)
     Speed:     ev/sec=468.631   simsec/sec=1   ev/simsec=468.631
     Messages:  created: 105667   present: 775   in FES: 6
** Event #820224   t=3432.659815892897   Elapsed: 3432.61s (57m 12s)  54% completed  (54% total)
     Speed:     ev/sec=439.833   simsec/sec=0.999999   ev/simsec=439.834
     Messages:  created: 105812   present: 797   in FES: 7
** Event #821248   t=3434.910003261132   Elapsed: 3434.87s (57m 14s)  54% completed  (54% total)
     Speed:     ev/sec=451.687   simsec/sec=0.992558   ev/simsec=455.073
     Messages:  created: 105958   present: 817   in FES: 5
** Event #822272   t=3437.255057909516   Elapsed: 3437.2s (57m 17s)  54% completed  (54% total)
     Speed:     ev/sec=439.828   simsec/sec=1.00725   ev/simsec=436.664
     Messages:  created: 106045   present: 697   in FES: 6
** Event #823296   t=3439.669265314487   Elapsed: 3439.61s (57m 19s)  54% completed  (54% total)
     Speed:     ev/sec=424.155   simsec/sec=0.999999   ev/simsec=424.156
     Messages:  created: 106153   present: 634   in FES: 8
** Event #824064   t=3441.743647434853   Elapsed: 3441.69s (57m 21s)  54% completed  (54% total)
     Speed:     ev/sec=370.23   simsec/sec=0.999997   ev/simsec=370.231
     Messages:  created: 106229   present: 575   in FES: 7
** Event #825088   t=3443.879259581309   Elapsed: 3443.82s (57m 23s)  54% completed  (54% total)
     Speed:     ev/sec=479.484   simsec/sec=0.999993   ev/simsec=479.488
     Messages:  created: 106366   present: 575   in FES: 7
** Event #825856   t=3445.986144923085   Elapsed: 3445.93s (57m 25s)  54% completed  (54% total)
     Speed:     ev/sec=364.524   simsec/sec=1.00001   ev/simsec=364.519
     Messages:  created: 106471   present: 583   in FES: 6
** Event #826880   t=3448.776164408364   Elapsed: 3448.72s (57m 28s)  54% completed  (54% total)
     Speed:     ev/sec=367.022   simsec/sec=0.999999   ev/simsec=367.023
     Messages:  created: 106625   present: 626   in FES: 7
** Event #827648   t=3451.06546658605   Elapsed: 3451.01s (57m 31s)  54% completed  (54% total)
     Speed:     ev/sec=335.471   simsec/sec=0.999993   ev/simsec=335.473
     Messages:  created: 106733   present: 643   in FES: 8
** Event #828672   t=3453.529204150904   Elapsed: 3453.48s (57m 33s)  54% completed  (54% total)
     Speed:     ev/sec=414.153   simsec/sec=0.99645   ev/simsec=415.629
     Messages:  created: 106864   present: 631   in FES: 5
** Event #829696   t=3455.543759407075   Elapsed: 3455.49s (57m 35s)  54% completed  (54% total)
     Speed:     ev/sec=510.53   simsec/sec=1.00438   ev/simsec=508.301
     Messages:  created: 107028   present: 689   in FES: 6
** Event #830976   t=3457.970571410724   Elapsed: 3457.92s (57m 37s)  54% completed  (54% total)
     Speed:     ev/sec=527.381   simsec/sec=0.999887   ev/simsec=527.441
     Messages:  created: 107216   present: 730   in FES: 5
** Event #832256   t=3460.383248679813   Elapsed: 3460.33s (57m 40s)  54% completed  (54% total)
     Speed:     ev/sec=530.591   simsec/sec=1.00011   ev/simsec=530.531
     Messages:  created: 107430   present: 829   in FES: 7
** Event #833280   t=3462.392133667278   Elapsed: 3462.34s (57m 42s)  54% completed  (54% total)
     Speed:     ev/sec=509.736   simsec/sec=1   ev/simsec=509.736
     Messages:  created: 107596   present: 893   in FES: 6
** Event #834304   t=3464.543880940745   Elapsed: 3464.49s (57m 44s)  54% completed  (54% total)
     Speed:     ev/sec=475.891   simsec/sec=0.999997   ev/simsec=475.892
     Messages:  created: 107724   present: 873   in FES: 8
** Event #835328   t=3466.646124907932   Elapsed: 3466.59s (57m 46s)  55% completed  (55% total)
     Speed:     ev/sec=487.1   simsec/sec=1   ev/simsec=487.099
     Messages:  created: 107845   present: 830   in FES: 6
** Event #836352   t=3468.93319509805   Elapsed: 3468.88s (57m 48s)  55% completed  (55% total)
     Speed:     ev/sec=447.734   simsec/sec=0.999998   ev/simsec=447.734
     Messages:  created: 107949   present: 751   in FES: 7
** Event #837376   t=3471.162674850807   Elapsed: 3471.11s (57m 51s)  55% completed  (55% total)
     Speed:     ev/sec=459.301   simsec/sec=1   ev/simsec=459.3
     Messages:  created: 108048   present: 664   in FES: 6
** Event #838912   t=3473.611532373359   Elapsed: 3473.56s (57m 53s)  55% completed  (55% total)
     Speed:     ev/sec=627.231   simsec/sec=1   ev/simsec=627.231
     Messages:  created: 108282   present: 719   in FES: 6
** Event #839936   t=3475.897258353145   Elapsed: 3475.84s (57m 55s)  55% completed  (55% total)
     Speed:     ev/sec=447.998   simsec/sec=1   ev/simsec=447.998
     Messages:  created: 108423   present: 728   in FES: 6
** Event #840960   t=3478.461459069574   Elapsed: 3478.41s (57m 58s)  55% completed  (55% total)
     Speed:     ev/sec=399.345   simsec/sec=1   ev/simsec=399.345
     Messages:  created: 108574   present: 761   in FES: 6
** Event #842240   t=3480.955244322295   Elapsed: 3480.9s (58m 00s)  55% completed  (55% total)
     Speed:     ev/sec=513.276   simsec/sec=1   ev/simsec=513.276
     Messages:  created: 108785   present: 857   in FES: 7
** Event #843264   t=3483.057852285968   Elapsed: 3483.01s (58m 03s)  55% completed  (55% total)
     Speed:     ev/sec=484.75   simsec/sec=0.99535   ev/simsec=487.014
     Messages:  created: 108879   present: 754   in FES: 5
** Event #844544   t=3485.401880678848   Elapsed: 3485.35s (58m 05s)  55% completed  (55% total)
     Speed:     ev/sec=548.366   simsec/sec=1.00421   ev/simsec=546.068
     Messages:  created: 109067   present: 786   in FES: 6
** Event #845568   t=3487.980687798873   Elapsed: 3487.93s (58m 07s)  55% completed  (55% total)
     Speed:     ev/sec=397.083   simsec/sec=1   ev/simsec=397.083
     Messages:  created: 109178   present: 729   in FES: 7
** Event #846592   t=3490.075355118113   Elapsed: 3490.02s (58m 10s)  55% completed  (55% total)
     Speed:     ev/sec=488.86   simsec/sec=1   ev/simsec=488.86
     Messages:  created: 109314   present: 723   in FES: 6
** Event #847616   t=3492.811533769493   Elapsed: 3492.76s (58m 12s)  55% completed  (55% total)
     Speed:     ev/sec=373.658   simsec/sec=0.998432   ev/simsec=374.245
     Messages:  created: 109422   present: 655   in FES: 5
** Event #848640   t=3495.154123824411   Elapsed: 3495.1s (58m 15s)  55% completed  (55% total)
     Speed:     ev/sec=437.922   simsec/sec=1.00183   ev/simsec=437.123
     Messages:  created: 109541   present: 619   in FES: 8
** Event #849408   t=3497.326062242778   Elapsed: 3497.27s (58m 17s)  55% completed  (55% total)
     Speed:     ev/sec=353.605   simsec/sec=1.00001   ev/simsec=353.601
     Messages:  created: 109620   present: 570   in FES: 7
** Event #850176   t=3499.6336068271   Elapsed: 3499.58s (58m 19s)  55% completed  (55% total)
     Speed:     ev/sec=332.816   simsec/sec=0.999985   ev/simsec=332.821
     Messages:  created: 109711   present: 545   in FES: 6
** Event #850944   t=3501.896284188967   Elapsed: 3501.84s (58m 21s)  55% completed  (55% total)
     Speed:     ev/sec=339.426   simsec/sec=1.00002   ev/simsec=339.421
     Messages:  created: 109805   present: 526   in FES: 7
** Event #851968   t=3504.135617320853   Elapsed: 3504.08s (58m 24s)  55% completed  (55% total)
     Speed:     ev/sec=457.279   simsec/sec=1   ev/simsec=457.279
     Messages:  created: 109959   present: 570   in FES: 6
** Event #852736   t=3506.459529003751   Elapsed: 3506.4s (58m 26s)  55% completed  (55% total)
     Speed:     ev/sec=330.477   simsec/sec=1   ev/simsec=330.477
     Messages:  created: 110064   present: 581   in FES: 6
** Event #853504   t=3508.708027561851   Elapsed: 3508.65s (58m 28s)  55% completed  (55% total)
     Speed:     ev/sec=341.557   simsec/sec=0.999989   ev/simsec=341.561
     Messages:  created: 110170   present: 595   in FES: 6
** Event #854272   t=3510.904255335674   Elapsed: 3510.85s (58m 30s)  55% completed  (55% total)
     Speed:     ev/sec=349.693   simsec/sec=1.00001   ev/simsec=349.691
     Messages:  created: 110285   present: 625   in FES: 7
** Event #855296   t=3513.357612704017   Elapsed: 3513.3s (58m 33s)  55% completed  (55% total)
     Speed:     ev/sec=417.387   simsec/sec=1   ev/simsec=417.387
     Messages:  created: 110430   present: 642   in FES: 6
** Event #856832   t=3515.776758507973   Elapsed: 3515.72s (58m 35s)  55% completed  (55% total)
     Speed:     ev/sec=634.322   simsec/sec=0.999035   ev/simsec=634.935
     Messages:  created: 110684   present: 749   in FES: 5
** Event #857856   t=3518.256965662289   Elapsed: 3518.22s (58m 38s)  55% completed  (55% total)
     Speed:     ev/sec=410.778   simsec/sec=0.994937   ev/simsec=412.869
     Messages:  created: 110840   present: 796   in FES: 5
** Event #858880   t=3520.764291848149   Elapsed: 3520.71s (58m 40s)  55% completed  (55% total)
     Speed:     ev/sec=410.855   simsec/sec=1.006   ev/simsec=408.403
     Messages:  created: 110983   present: 815   in FES: 7
** Event #859904   t=3522.977944674253   Elapsed: 3522.92s (58m 42s)  55% completed  (55% total)
     Speed:     ev/sec=462.584   simsec/sec=1   ev/simsec=462.584
     Messages:  created: 111123   present: 818   in FES: 7
** Event #861184   t=3524.978928141988   Elapsed: 3524.92s (58m 44s)  55% completed  (55% total)
     Speed:     ev/sec=639.684   simsec/sec=0.999998   ev/simsec=639.685
     Messages:  created: 111267   present: 743   in FES: 7
** Event #862208   t=3527.093948726256   Elapsed: 3527.04s (58m 47s)  55% completed  (55% total)
     Speed:     ev/sec=484.149   simsec/sec=0.999985   ev/simsec=484.156
     Messages:  created: 111402   present: 738   in FES: 7
** Event #863232   t=3529.478352173756   Elapsed: 3529.43s (58m 49s)  56% completed  (56% total)
     Speed:     ev/sec=427.76   simsec/sec=0.996046   ev/simsec=429.458
     Messages:  created: 111527   present: 710   in FES: 5
** Event #864256   t=3531.684963362056   Elapsed: 3531.63s (58m 51s)  56% completed  (56% total)
     Speed:     ev/sec=466.066   simsec/sec=1.00432   ev/simsec=464.06
     Messages:  created: 111686   present: 764   in FES: 7
** Event #865280   t=3533.744190939389   Elapsed: 3533.69s (58m 53s)  56% completed  (56% total)
     Speed:     ev/sec=497.274   simsec/sec=1   ev/simsec=497.274
     Messages:  created: 111797   present: 700   in FES: 6
** Event #866304   t=3535.839377525615   Elapsed: 3535.78s (58m 55s)  56% completed  (56% total)
     Speed:     ev/sec=488.739   simsec/sec=1   ev/simsec=488.739
     Messages:  created: 111934   present: 699   in FES: 6
** Event #867072   t=3537.87034871361   Elapsed: 3537.82s (58m 57s)  56% completed  (56% total)
     Speed:     ev/sec=378.144   simsec/sec=1   ev/simsec=378.144
     Messages:  created: 112045   present: 722   in FES: 6
** Event #868096   t=3540.012364907908   Elapsed: 3539.96s (58m 59s)  56% completed  (56% total)
     Speed:     ev/sec=478.054   simsec/sec=1   ev/simsec=478.054
     Messages:  created: 112175   present: 708   in FES: 6
** Event #869376   t=3542.594408884505   Elapsed: 3542.54s (59m 02s)  56% completed  (56% total)
     Speed:     ev/sec=495.731   simsec/sec=1   ev/simsec=495.731
     Messages:  created: 112355   present: 727   in FES: 6
** Event #870400   t=3545.107553219842   Elapsed: 3545.05s (59m 05s)  56% completed  (56% total)
     Speed:     ev/sec=407.457   simsec/sec=0.999999   ev/simsec=407.458
     Messages:  created: 112477   present: 695   in FES: 8
** Event #871168   t=3547.525259721485   Elapsed: 3547.47s (59m 07s)  56% completed  (56% total)
     Speed:     ev/sec=317.474   simsec/sec=0.999427   ev/simsec=317.656
     Messages:  created: 112544   present: 619   in FES: 5
** Event #871936   t=3550.131471881663   Elapsed: 3550.08s (59m 10s)  56% completed  (56% total)
     Speed:     ev/sec=294.838   simsec/sec=1.00053   ev/simsec=294.681
     Messages:  created: 112602   present: 519   in FES: 6
** Event #872704   t=3552.603638783006   Elapsed: 3552.55s (59m 12s)  56% completed  (56% total)
     Speed:     ev/sec=310.658   simsec/sec=1   ev/simsec=310.659
     Messages:  created: 112655   present: 407   in FES: 6
** Event #873472   t=3555.62384346692   Elapsed: 3555.57s (59m 15s)  56% completed  (56% total)
     Speed:     ev/sec=254.287   simsec/sec=0.999999   ev/simsec=254.287
     Messages:  created: 112712   present: 319   in FES: 6
** Event #874240   t=3558.376612121689   Elapsed: 3558.32s (59m 18s)  56% completed  (56% total)
     Speed:     ev/sec=278.992   simsec/sec=1   ev/simsec=278.992
     Messages:  created: 112823   present: 349   in FES: 6
** Event #874752   t=3560.587514995048   Elapsed: 3560.53s (59m 20s)  56% completed  (56% total)
     Speed:     ev/sec=231.572   simsec/sec=0.999965   ev/simsec=231.58
     Messages:  created: 112896   present: 367   in FES: 6
** Event #875264   t=3563.015328604657   Elapsed: 3562.96s (59m 22s)  56% completed  (56% total)
     Speed:     ev/sec=210.895   simsec/sec=1.00003   ev/simsec=210.889
     Messages:  created: 112955   present: 356   in FES: 6
** Event #876032   t=3565.91303539083   Elapsed: 3565.86s (59m 25s)  56% completed  (56% total)
     Speed:     ev/sec=265.038   simsec/sec=1   ev/simsec=265.037
     Messages:  created: 113060   present: 375   in FES: 6
** Event #876800   t=3568.238119654958   Elapsed: 3568.18s (59m 28s)  56% completed  (56% total)
     Speed:     ev/sec=330.311   simsec/sec=1   ev/simsec=330.311
     Messages:  created: 113189   present: 440   in FES: 6
** Event #877568   t=3570.799601532456   Elapsed: 3570.74s (59m 30s)  56% completed  (56% total)
     Speed:     ev/sec=299.826   simsec/sec=0.999998   ev/simsec=299.826
     Messages:  created: 113307   present: 485   in FES: 6
** Event #878336   t=3573.340046596138   Elapsed: 3573.29s (59m 33s)  56% completed  (56% total)
     Speed:     ev/sec=302.309   simsec/sec=1   ev/simsec=302.309
     Messages:  created: 113428   present: 534   in FES: 6
** Event #879104   t=3575.907935305435   Elapsed: 3575.85s (59m 35s)  56% completed  (56% total)
     Speed:     ev/sec=299.078   simsec/sec=1   ev/simsec=299.078
     Messages:  created: 113554   present: 594   in FES: 6
** Event #880128   t=3578.072221124959   Elapsed: 3578.02s (59m 38s)  56% completed  (56% total)
     Speed:     ev/sec=472.909   simsec/sec=0.999521   ev/simsec=473.135
     Messages:  created: 113713   present: 647   in FES: 5
** Event #881152   t=3580.605795167298   Elapsed: 3580.57s (59m 40s)  56% completed  (56% total)
     Speed:     ev/sec=401.125   simsec/sec=0.992461   ev/simsec=404.172
     Messages:  created: 113855   present: 658   in FES: 5
** Event #881920   t=3582.771661657368   Elapsed: 3582.74s (59m 42s)  56% completed  (56% total)
     Speed:     ev/sec=353.697   simsec/sec=0.997476   ev/simsec=354.592
     Messages:  created: 113964   present: 674   in FES: 5
** Event #882944   t=3585.068614368456   Elapsed: 3585.01s (59m 45s)  56% completed  (56% total)
     Speed:     ev/sec=450.865   simsec/sec=1.01134   ev/simsec=445.808
     Messages:  created: 114105   present: 686   in FES: 7
** Event #883712   t=3587.207633852944   Elapsed: 3587.15s (59m 47s)  56% completed  (56% total)
     Speed:     ev/sec=359.043   simsec/sec=0.999999   ev/simsec=359.043
     Messages:  created: 114205   present: 684   in FES: 7
** Event #884736   t=3589.44540210355   Elapsed: 3589.39s (59m 49s)  56% completed  (56% total)
     Speed:     ev/sec=457.599   simsec/sec=1   ev/simsec=457.599
     Messages:  created: 114318   present: 629   in FES: 7
** Event #885504   t=3591.88628865524   Elapsed: 3591.84s (59m 51s)  57% completed  (57% total)
     Speed:     ev/sec=314.019   simsec/sec=0.998026   ev/simsec=314.64
     Messages:  created: 114396   present: 580   in FES: 5
** Event #886528   t=3594.128050740319   Elapsed: 3594.12s (59m 54s)  57% completed  (57% total)
     Speed:     ev/sec=449.286   simsec/sec=0.983585   ev/simsec=456.784
     Messages:  created: 114532   present: 574   in FES: 5
** Event #887296   t=3596.507974523326   Elapsed: 3596.45s (59m 56s)  57% completed  (57% total)
     Speed:     ev/sec=328.531   simsec/sec=1.01807   ev/simsec=322.699
     Messages:  created: 114626   present: 558   in FES: 6
** Event #888064   t=3598.93183910546   Elapsed: 3598.88s (59m 58s)  57% completed  (57% total)
     Speed:     ev/sec=316.849   simsec/sec=0.999999   ev/simsec=316.849
     Messages:  created: 114708   present: 514   in FES: 6
** Event #888832   t=3601.182959318472   Elapsed: 3601.13s (1h 00m)  57% completed  (57% total)
     Speed:     ev/sec=341.163   simsec/sec=0.999999   ev/simsec=341.163
     Messages:  created: 114833   present: 572   in FES: 7
** Event #889600   t=3603.384947252421   Elapsed: 3603.33s (1h 00m)  57% completed  (57% total)
     Speed:     ev/sec=348.776   simsec/sec=1   ev/simsec=348.776
     Messages:  created: 114920   present: 541   in FES: 6
** Event #890624   t=3606.026426413743   Elapsed: 3605.97s (1h 00m)  57% completed  (57% total)
     Speed:     ev/sec=387.662   simsec/sec=1   ev/simsec=387.662
     Messages:  created: 115055   present: 541   in FES: 6
** Event #891392   t=3608.152377388284   Elapsed: 3608.1s (1h 00m)  57% completed  (57% total)
     Speed:     ev/sec=361.25   simsec/sec=1   ev/simsec=361.25
     Messages:  created: 115182   present: 604   in FES: 7
** Event #892416   t=3611.024253002258   Elapsed: 3610.97s (1h 00m)  57% completed  (57% total)
     Speed:     ev/sec=356.561   simsec/sec=1   ev/simsec=356.561
     Messages:  created: 115317   present: 602   in FES: 6
** Event #893184   t=3613.212671206256   Elapsed: 3613.16s (1h 00m)  57% completed  (57% total)
     Speed:     ev/sec=350.938   simsec/sec=1   ev/simsec=350.938
     Messages:  created: 115416   present: 604   in FES: 7
** Event #894208   t=3616.03822835916   Elapsed: 3615.98s (1h 00m)  57% completed  (57% total)
     Speed:     ev/sec=362.404   simsec/sec=0.999993   ev/simsec=362.406
     Messages:  created: 115554   present: 609   in FES: 7
** Event #895232   t=3618.366404689705   Elapsed: 3618.31s (1h 00m)  57% completed  (57% total)
     Speed:     ev/sec=439.833   simsec/sec=1.00001   ev/simsec=439.829
     Messages:  created: 115684   present: 592   in FES: 6
** Event #896256   t=3620.604962007375   Elapsed: 3620.55s (1h 00m)  57% completed  (57% total)
     Speed:     ev/sec=457.436   simsec/sec=0.999997   ev/simsec=457.437
     Messages:  created: 115839   present: 634   in FES: 6
** Event #897280   t=3623.00584513796   Elapsed: 3622.95s (1h 00m)  57% completed  (57% total)
     Speed:     ev/sec=426.508   simsec/sec=0.999995   ev/simsec=426.51
     Messages:  created: 115999   present: 694   in FES: 6
** Event #898304   t=3625.308142339094   Elapsed: 3625.25s (1h 00m)  57% completed  (57% total)
     Speed:     ev/sec=444.777   simsec/sec=1.00001   ev/simsec=444.773
     Messages:  created: 116148   present: 721   in FES: 6
** Event #899328   t=3627.802681957004   Elapsed: 3627.75s (1h 00m)  57% completed  (57% total)
     Speed:     ev/sec=410.497   simsec/sec=1   ev/simsec=410.497
     Messages:  created: 116293   present: 739   in FES: 6
** Event #900352   t=3630.281091991905   Elapsed: 3630.23s (1h 00m)  57% completed  (57% total)
     Speed:     ev/sec=413.165   simsec/sec=0.999993   ev/simsec=413.168
     Messages:  created: 116411   present: 700   in FES: 8
** Event #901120   t=3632.440983838688   Elapsed: 3632.39s (1h 00m)  57% completed  (57% total)
     Speed:     ev/sec=355.575   simsec/sec=1.00001   ev/simsec=355.573
     Messages:  created: 116488   present: 644   in FES: 7
** Event #902144   t=3635.017152841859   Elapsed: 3634.96s (1h 00m)  57% completed  (57% total)
     Speed:     ev/sec=397.49   simsec/sec=1   ev/simsec=397.489
     Messages:  created: 116598   present: 579   in FES: 6
** Event #903168   t=3637.06242356932   Elapsed: 3637.01s (1h 00m)  57% completed  (57% total)
     Speed:     ev/sec=500.661   simsec/sec=0.999987   ev/simsec=500.667
     Messages:  created: 116745   present: 600   in FES: 7
** Event #903936   t=3639.170827981872   Elapsed: 3639.12s (1h 00m)  57% completed  (57% total)
     Speed:     ev/sec=364.261   simsec/sec=1.00001   ev/simsec=364.256
     Messages:  created: 116840   present: 587   in FES: 6
** Event #904960   t=3641.678934516268   Elapsed: 3641.63s (1h 00m)  57% completed  (57% total)
     Speed:     ev/sec=407.786   simsec/sec=0.998801   ev/simsec=408.276
     Messages:  created: 117004   present: 653   in FES: 5
** Event #905728   t=3643.707678435765   Elapsed: 3643.67s (1h 00m)  57% completed  (57% total)
     Speed:     ev/sec=376.565   simsec/sec=0.994731   ev/simsec=378.559
     Messages:  created: 117111   present: 666   in FES: 5
** Event #906752   t=3646.18163264199   Elapsed: 3646.13s (1h 00m)  57% completed  (57% total)
     Speed:     ev/sec=416.227   simsec/sec=1.00559   ev/simsec=413.912
     Messages:  created: 117247   present: 662   in FES: 6
** Event #907776   t=3648.412120819366   Elapsed: 3648.36s (1h 00m)  57% completed  (57% total)
     Speed:     ev/sec=459.092   simsec/sec=1   ev/simsec=459.092
     Messages:  created: 117409   present: 720   in FES: 6
** Event #908800   t=3650.881795935123   Elapsed: 3650.83s (1h 00m)  57% completed  (57% total)
     Speed:     ev/sec=414.629   simsec/sec=1   ev/simsec=414.629
     Messages:  created: 117546   present: 721   in FES: 6
** Event #909824   t=3653.030754827283   Elapsed: 3652.98s (1h 00m)  57% completed  (57% total)
     Speed:     ev/sec=476.51   simsec/sec=1   ev/simsec=476.51
     Messages:  created: 117680   present: 712   in FES: 6
** Event #910848   t=3655.430852821378   Elapsed: 3655.38s (1h 00m)  58% completed  (58% total)
     Speed:     ev/sec=426.649   simsec/sec=1   ev/simsec=426.649
     Messages:  created: 117820   present: 718   in FES: 6
** Event #911872   t=3657.81697901121   Elapsed: 3657.76s (1h 00m)  58% completed  (58% total)
     Speed:     ev/sec=429.147   simsec/sec=0.999999   ev/simsec=429.147
     Messages:  created: 117938   present: 675   in FES: 7
** Event #912896   t=3660.348788998892   Elapsed: 3660.29s (1h 01m)  58% completed  (58% total)
     Speed:     ev/sec=404.454   simsec/sec=1   ev/simsec=404.454
     Messages:  created: 118070   present: 664   in FES: 6
** Event #913920   t=3662.856063902238   Elapsed: 3662.8s (1h 01m)  58% completed  (58% total)
     Speed:     ev/sec=408.411   simsec/sec=0.999999   ev/simsec=408.412
     Messages:  created: 118195   present: 644   in FES: 7
** Event #914944   t=3665.232821049784   Elapsed: 3665.18s (1h 01m)  58% completed  (58% total)
     Speed:     ev/sec=430.84   simsec/sec=1   ev/simsec=430.839
     Messages:  created: 118317   present: 611   in FES: 6
** Event #915968   t=3667.522082106505   Elapsed: 3667.47s (1h 01m)  58% completed  (58% total)
     Speed:     ev/sec=447.306   simsec/sec=1   ev/simsec=447.306
     Messages:  created: 118469   present: 646   in FES: 6
** Event #916736   t=3669.55181752441   Elapsed: 3669.5s (1h 01m)  58% completed  (58% total)
     Speed:     ev/sec=378.374   simsec/sec=0.999998   ev/simsec=378.374
     Messages:  created: 118564   present: 631   in FES: 6
** Event #917760   t=3671.610813254996   Elapsed: 3671.56s (1h 01m)  58% completed  (58% total)
     Speed:     ev/sec=497.337   simsec/sec=1.00001   ev/simsec=497.33
     Messages:  created: 118737   present: 711   in FES: 6
** Event #918784   t=3673.649348792081   Elapsed: 3673.59s (1h 01m)  58% completed  (58% total)
     Speed:     ev/sec=502.315   simsec/sec=0.999987   ev/simsec=502.321
     Messages:  created: 118899   present: 765   in FES: 6
** Event #919552   t=3675.845271936909   Elapsed: 3675.79s (1h 01m)  58% completed  (58% total)
     Speed:     ev/sec=349.739   simsec/sec=1   ev/simsec=349.739
     Messages:  created: 118996   present: 755   in FES: 6
** Event #920576   t=3677.89151918567   Elapsed: 3677.84s (1h 01m)  58% completed  (58% total)
     Speed:     ev/sec=500.424   simsec/sec=0.999991   ev/simsec=500.428
     Messages:  created: 119133   present: 752   in FES: 7
** Event #921600   t=3680.133242797305   Elapsed: 3680.08s (1h 01m)  58% completed  (58% total)
     Speed:     ev/sec=456.795   simsec/sec=1.00001   ev/simsec=456.791
     Messages:  created: 119278   present: 769   in FES: 6
** Event #922624   t=3682.581854419138   Elapsed: 3682.53s (1h 01m)  58% completed  (58% total)
     Speed:     ev/sec=418.196   simsec/sec=0.999999   ev/simsec=418.196
     Messages:  created: 119370   present: 663   in FES: 7
** Event #923904   t=3684.925010416203   Elapsed: 3684.87s (1h 01m)  58% completed  (58% total)
     Speed:     ev/sec=546.272   simsec/sec=1   ev/simsec=546.272
     Messages:  created: 119558   present: 700   in FES: 6
** Event #925184   t=3687.206211659536   Elapsed: 3687.15s (1h 01m)  58% completed  (58% total)
     Speed:     ev/sec=561.108   simsec/sec=1   ev/simsec=561.108
     Messages:  created: 119774   present: 798   in FES: 6
** Event #926464   t=3689.616434474709   Elapsed: 3689.56s (1h 01m)  58% completed  (58% total)
     Speed:     ev/sec=531.071   simsec/sec=0.999999   ev/simsec=531.071
     Messages:  created: 119961   present: 833   in FES: 7
** Event #927488   t=3691.664831751224   Elapsed: 3691.61s (1h 01m)  58% completed  (58% total)
     Speed:     ev/sec=499.904   simsec/sec=1   ev/simsec=499.903
     Messages:  created: 120120   present: 882   in FES: 6
** Event #928512   t=3693.856883800989   Elapsed: 3693.8s (1h 01m)  58% completed  (58% total)
     Speed:     ev/sec=467.141   simsec/sec=0.999998   ev/simsec=467.142
     Messages:  created: 120285   present: 948   in FES: 6
** Event #929792   t=3696.127616220352   Elapsed: 3696.07s (1h 01m)  58% completed  (58% total)
     Speed:     ev/sec=563.696   simsec/sec=1   ev/simsec=563.695
     Messages:  created: 120411   present: 834   in FES: 6
** Event #931072   t=3698.72023236655   Elapsed: 3698.67s (1h 01m)  58% completed  (58% total)
     Speed:     ev/sec=493.709   simsec/sec=0.999999   ev/simsec=493.71
     Messages:  created: 120539   present: 737   in FES: 7
** Event #931840   t=3700.723484522972   Elapsed: 3700.67s (1h 01m)  58% completed  (58% total)
     Speed:     ev/sec=383.376   simsec/sec=0.999998   ev/simsec=383.377
     Messages:  created: 120618   present: 684   in FES: 7
** Event #932864   t=3702.962845384026   Elapsed: 3702.91s (1h 01m)  58% completed  (58% total)
     Speed:     ev/sec=457.273   simsec/sec=1   ev/simsec=457.273
     Messages:  created: 120713   present: 586   in FES: 6
** Event #933888   t=3705.401831269843   Elapsed: 3705.35s (1h 01m)  58% completed  (58% total)
     Speed:     ev/sec=419.854   simsec/sec=1.00002   ev/simsec=419.847
     Messages:  created: 120852   present: 591   in FES: 6
** Event #935168   t=3707.853936691265   Elapsed: 3707.8s (1h 01m)  58% completed  (58% total)
     Speed:     ev/sec=521.992   simsec/sec=0.999985   ev/simsec=522
     Messages:  created: 121046   present: 641   in FES: 6
** Event #935936   t=3710.01454964252   Elapsed: 3709.96s (1h 01m)  58% completed  (58% total)
     Speed:     ev/sec=355.455   simsec/sec=1   ev/simsec=355.455
     Messages:  created: 121154   present: 660   in FES: 7
** Event #936704   t=3712.16369934512   Elapsed: 3712.11s (1h 01m)  58% completed  (58% total)
     Speed:     ev/sec=357.351   simsec/sec=1   ev/simsec=357.351
     Messages:  created: 121263   present: 683   in FES: 8
** Event #937728   t=3714.339668886435   Elapsed: 3714.29s (1h 01m)  58% completed  (58% total)
     Speed:     ev/sec=470.293   simsec/sec=0.999359   ev/simsec=470.595
     Messages:  created: 121431   present: 755   in FES: 5
** Event #938752   t=3716.388034683045   Elapsed: 3716.33s (1h 01m)  58% completed  (58% total)
     Speed:     ev/sec=500.25   simsec/sec=1.00068   ev/simsec=499.911
     Messages:  created: 121555   present: 718   in FES: 8
** Event #939776   t=3718.414178149403   Elapsed: 3718.36s (1h 01m)  59% completed  (59% total)
     Speed:     ev/sec=505.395   simsec/sec=1   ev/simsec=505.394
     Messages:  created: 121702   present: 740   in FES: 6
** Event #940800   t=3720.759746285536   Elapsed: 3720.71s (1h 02m)  59% completed  (59% total)
     Speed:     ev/sec=436.568   simsec/sec=1   ev/simsec=436.568
     Messages:  created: 121843   present: 752   in FES: 7
** Event #941824   t=3723.139335902892   Elapsed: 3723.08s (1h 02m)  59% completed  (59% total)
     Speed:     ev/sec=430.325   simsec/sec=0.999996   ev/simsec=430.326
     Messages:  created: 121996   present: 790   in FES: 7
** Event #942848   t=3725.37141429872   Elapsed: 3725.32s (1h 02m)  59% completed  (59% total)
     Speed:     ev/sec=458.766   simsec/sec=1   ev/simsec=458.765
     Messages:  created: 122099   present: 713   in FES: 7
** Event #943872   t=3727.650067244628   Elapsed: 3727.6s (1h 02m)  59% completed  (59% total)
     Speed:     ev/sec=449.389   simsec/sec=1   ev/simsec=449.388
     Messages:  created: 122241   present: 722   in FES: 6
** Event #944896   t=3730.124001032509   Elapsed: 3730.07s (1h 02m)  59% completed  (59% total)
     Speed:     ev/sec=413.916   simsec/sec=1   ev/simsec=413.916
     Messages:  created: 122353   present: 667   in FES: 6
** Event #946176   t=3732.571508217613   Elapsed: 3732.52s (1h 02m)  59% completed  (59% total)
     Speed:     ev/sec=522.98   simsec/sec=0.999997   ev/simsec=522.981
     Messages:  created: 122526   present: 666   in FES: 6
** Event #946944   t=3734.76563501255   Elapsed: 3734.71s (1h 02m)  59% completed  (59% total)
     Speed:     ev/sec=350.026   simsec/sec=1   ev/simsec=350.025
     Messages:  created: 122624   present: 658   in FES: 7
** Event #947712   t=3736.794759798586   Elapsed: 3736.75s (1h 02m)  59% completed  (59% total)
     Speed:     ev/sec=376.426   simsec/sec=0.994552   ev/simsec=378.488
     Messages:  created: 122722   present: 653   in FES: 5
** Event #948736   t=3739.235395491048   Elapsed: 3739.18s (1h 02m)  59% completed  (59% total)
     Speed:     ev/sec=421.483   simsec/sec=1.00458   ev/simsec=419.563
     Messages:  created: 122855   present: 642   in FES: 6
** Event #949504   t=3741.25216728426   Elapsed: 3741.21s (1h 02m)  59% completed  (59% total)
     Speed:     ev/sec=378.687   simsec/sec=0.994434   ev/simsec=380.807
     Messages:  created: 122943   present: 615   in FES: 5
** Event #950528   t=3743.596420771814   Elapsed: 3743.55s (1h 02m)  59% completed  (59% total)
     Speed:     ev/sec=438.184   simsec/sec=1.00314   ev/simsec=436.813
     Messages:  created: 123064   present: 580   in FES: 5
** Event #951296   t=3746.3403906266   Elapsed: 3746.29s (1h 02m)  59% completed  (59% total)
     Speed:     ev/sec=280.291   simsec/sec=1.00144   ev/simsec=279.886
     Messages:  created: 123163   present: 581   in FES: 6
** Event #952064   t=3748.387716644284   Elapsed: 3748.33s (1h 02m)  59% completed  (59% total)
     Speed:     ev/sec=375.123   simsec/sec=0.999999   ev/simsec=375.123
     Messages:  created: 123244   present: 536   in FES: 7
** Event #952832   t=3750.409820954564   Elapsed: 3750.36s (1h 02m)  59% completed  (59% total)
     Speed:     ev/sec=379.803   simsec/sec=1   ev/simsec=379.802
     Messages:  created: 123355   present: 558   in FES: 6
** Event #953856   t=3752.744186264895   Elapsed: 3752.69s (1h 02m)  59% completed  (59% total)
     Speed:     ev/sec=438.062   simsec/sec=0.99863   ev/simsec=438.663
     Messages:  created: 123501   present: 585   in FES: 5
** Event #954624   t=3754.904762282436   Elapsed: 3754.85s (1h 02m)  59% completed  (59% total)
     Speed:     ev/sec=355.988   simsec/sec=1.00148   ev/simsec=355.461
     Messages:  created: 123605   present: 588   in FES: 6
** Event #955392   t=3757.163639981767   Elapsed: 3757.11s (1h 02m)  59% completed  (59% total)
     Speed:     ev/sec=339.992   simsec/sec=1   ev/simsec=339.992
     Messages:  created: 123717   present: 619   in FES: 7
** Event #956160   t=3759.419747379534   Elapsed: 3759.37s (1h 02m)  59% completed  (59% total)
     Speed:     ev/sec=340.406   simsec/sec=0.99999   ev/simsec=340.409
     Messages:  created: 123826   present: 638   in FES: 7
** Event #957440   t=3761.959586440589   Elapsed: 3761.9s (1h 02m)  59% completed  (59% total)
     Speed:     ev/sec=503.973   simsec/sec=1.00001   ev/simsec=503.969
     Messages:  created: 124011   present: 665   in FES: 6
** Event #958464   t=3764.80512588793   Elapsed: 3764.75s (1h 02m)  59% completed  (59% total)
     Speed:     ev/sec=359.862   simsec/sec=1   ev/simsec=359.861
     Messages:  created: 124133   present: 636   in FES: 7
** Event #959232   t=3767.718801890978   Elapsed: 3767.66s (1h 02m)  59% completed  (59% total)
     Speed:     ev/sec=263.586   simsec/sec=1   ev/simsec=263.585
     Messages:  created: 124204   present: 573   in FES: 7
** Event #960256   t=3770.16977503331   Elapsed: 3770.12s (1h 02m)  59% completed  (59% total)
     Speed:     ev/sec=417.787   simsec/sec=0.999986   ev/simsec=417.793
     Messages:  created: 124330   present: 554   in FES: 7
** Event #961280   t=3772.657746221065   Elapsed: 3772.6s (1h 02m)  59% completed  (59% total)
     Speed:     ev/sec=411.584   simsec/sec=1.00001   ev/simsec=411.58
     Messages:  created: 124445   present: 505   in FES: 6
** Event #962304   t=3775.054040909496   Elapsed: 3775s (1h 02m)  59% completed  (59% total)
     Speed:     ev/sec=427.326   simsec/sec=0.999999   ev/simsec=427.326
     Messages:  created: 124611   present: 573   in FES: 6
** Event #963072   t=3777.260882974889   Elapsed: 3777.21s (1h 02m)  59% completed  (59% total)
     Speed:     ev/sec=347.595   simsec/sec=0.998811   ev/simsec=348.009
     Messages:  created: 124747   present: 653   in FES: 5
** Event #964096   t=3779.787488602756   Elapsed: 3779.73s (1h 02m)  59% completed  (59% total)
     Speed:     ev/sec=405.708   simsec/sec=1.00104   ev/simsec=405.287
     Messages:  created: 124900   present: 693   in FES: 6
** Event #964864   t=3781.817901210873   Elapsed: 3781.76s (1h 03m)  60% completed  (60% total)
     Speed:     ev/sec=378.248   simsec/sec=0.999999   ev/simsec=378.248
     Messages:  created: 125001   present: 698   in FES: 6
** Event #965888   t=3783.935814587387   Elapsed: 3783.88s (1h 03m)  60% completed  (60% total)
     Speed:     ev/sec=483.501   simsec/sec=1.00001   ev/simsec=483.495
     Messages:  created: 125136   present: 694   in FES: 7
** Event #966912   t=3786.324450307798   Elapsed: 3786.27s (1h 03m)  60% completed  (60% total)
     Speed:     ev/sec=428.692   simsec/sec=0.999989   ev/simsec=428.697
     Messages:  created: 125273   present: 691   in FES: 6
** Event #967936   t=3788.327705301511   Elapsed: 3788.27s (1h 03m)  60% completed  (60% total)
     Speed:     ev/sec=511.168   simsec/sec=0.999999   ev/simsec=511.168
     Messages:  created: 125412   present: 692   in FES: 7
** Event #968960   t=3790.61854745168   Elapsed: 3790.56s (1h 03m)  60% completed  (60% total)
     Speed:     ev/sec=446.992   simsec/sec=0.999989   ev/simsec=446.997
     Messages:  created: 125565   present: 731   in FES: 7
** Event #969728   t=3792.631375999589   Elapsed: 3792.61s (1h 03m)  60% completed  (60% total)
     Speed:     ev/sec=375.401   simsec/sec=0.983877   ev/simsec=381.553
     Messages:  created: 125665   present: 726   in FES: 5
** Event #971008   t=3794.812122052217   Elapsed: 3794.76s (1h 03m)  60% completed  (60% total)
     Speed:     ev/sec=595.977   simsec/sec=1.01537   ev/simsec=586.955
     Messages:  created: 125866   present: 787   in FES: 7
** Event #972288   t=3796.849068256489   Elapsed: 3796.79s (1h 03m)  60% completed  (60% total)
     Speed:     ev/sec=628.392   simsec/sec=1   ev/simsec=628.392
     Messages:  created: 126069   present: 853   in FES: 6
** Event #973568   t=3799.264259464238   Elapsed: 3799.21s (1h 03m)  60% completed  (60% total)
     Speed:     ev/sec=529.976   simsec/sec=0.999995   ev/simsec=529.979
     Messages:  created: 126261   present: 899   in FES: 7
** Event #974592   t=3801.401385926667   Elapsed: 3801.35s (1h 03m)  60% completed  (60% total)
     Speed:     ev/sec=479.145   simsec/sec=0.999995   ev/simsec=479.148
     Messages:  created: 126405   present: 910   in FES: 8
** Event #975616   t=3803.638879440945   Elapsed: 3803.58s (1h 03m)  60% completed  (60% total)
     Speed:     ev/sec=457.657   simsec/sec=1   ev/simsec=457.655
     Messages:  created: 126529   present: 881   in FES: 7
** Event #976896   t=3805.76312549027   Elapsed: 3805.71s (1h 03m)  60% completed  (60% total)
     Speed:     ev/sec=602.57   simsec/sec=1.00001   ev/simsec=602.567
     Messages:  created: 126664   present: 787   in FES: 6
** Event #978176   t=3808.055866218851   Elapsed: 3808.02s (1h 03m)  60% completed  (60% total)
     Speed:     ev/sec=553.303   simsec/sec=0.991079   ev/simsec=558.284
     Messages:  created: 126813   present: 724   in FES: 5
** Event #979200   t=3810.459204358245   Elapsed: 3810.4s (1h 03m)  60% completed  (60% total)
     Speed:     ev/sec=429.765   simsec/sec=1.00866   ev/simsec=426.074
     Messages:  created: 126949   present: 721   in FES: 6
** Event #980224   t=3812.49697164751   Elapsed: 3812.45s (1h 03m)  60% completed  (60% total)
     Speed:     ev/sec=501.451   simsec/sec=0.997891   ev/simsec=502.511
     Messages:  created: 127090   present: 728   in FES: 5
** Event #981248   t=3814.881470482864   Elapsed: 3814.83s (1h 03m)  60% completed  (60% total)
     Speed:     ev/sec=429.901   simsec/sec=1.00107   ev/simsec=429.44
     Messages:  created: 127227   present: 731   in FES: 5
** Event #982272   t=3817.070777230209   Elapsed: 3817.02s (1h 03m)  60% completed  (60% total)
     Speed:     ev/sec=468.101   simsec/sec=1.0008   ev/simsec=467.728
     Messages:  created: 127364   present: 730   in FES: 8
** Event #983296   t=3819.072465521151   Elapsed: 3819.03s (1h 03m)  60% completed  (60% total)
     Speed:     ev/sec=509.705   simsec/sec=0.996357   ev/simsec=511.568
     Messages:  created: 127509   present: 743   in FES: 5
** Event #984320   t=3821.56398445655   Elapsed: 3821.51s (1h 03m)  60% completed  (60% total)
     Speed:     ev/sec=412.047   simsec/sec=1.00256   ev/simsec=410.994
     Messages:  created: 127638   present: 728   in FES: 5
** Event #985600   t=3824.14978226192   Elapsed: 3824.1s (1h 03m)  60% completed  (60% total)
     Speed:     ev/sec=495.195   simsec/sec=1.00037   ev/simsec=495.012
     Messages:  created: 127807   present: 720   in FES: 6
** Event #986624   t=3826.252110670494   Elapsed: 3826.21s (1h 03m)  60% completed  (60% total)
     Speed:     ev/sec=485.297   simsec/sec=0.996342   ev/simsec=487.079
     Messages:  created: 127945   present: 716   in FES: 5
** Event #987648   t=3828.516557884112   Elapsed: 3828.46s (1h 03m)  60% completed  (60% total)
     Speed:     ev/sec=453.754   simsec/sec=1.00342   ev/simsec=452.207
     Messages:  created: 128086   present: 722   in FES: 6
** Event #988672   t=3830.95944503576   Elapsed: 3830.9s (1h 03m)  60% completed  (60% total)
     Speed:     ev/sec=419.176   simsec/sec=1   ev/simsec=419.176
     Messages:  created: 128222   present: 720   in FES: 6
** Event #989952   t=3833.42795792736   Elapsed: 3833.37s (1h 03m)  60% completed  (60% total)
     Speed:     ev/sec=518.524   simsec/sec=0.999988   ev/simsec=518.531
     Messages:  created: 128406   present: 747   in FES: 7
** Event #990976   t=3835.980333714236   Elapsed: 3835.93s (1h 03m)  60% completed  (60% total)
     Speed:     ev/sec=401.199   simsec/sec=1.00001   ev/simsec=401.195
     Messages:  created: 128532   present: 722   in FES: 6
** Event #992000   t=3838.315958437287   Elapsed: 3838.27s (1h 03m)  60% completed  (60% total)
     Speed:     ev/sec=436.391   simsec/sec=0.995358   ev/simsec=438.427
     Messages:  created: 128660   present: 705   in FES: 5
** Event #993280   t=3840.767772235541   Elapsed: 3840.72s (1h 04m)  60% completed  (60% total)
     Speed:     ev/sec=522.742   simsec/sec=1.0013   ev/simsec=522.062
     Messages:  created: 128848   present: 741   in FES: 5
** Event #994304   t=3843.334941052595   Elapsed: 3843.28s (1h 04m)  61% completed  (61% total)
     Speed:     ev/sec=400.085   simsec/sec=1.00301   ev/simsec=398.883
     Messages:  created: 128941   present: 642   in FES: 6
** Event #995328   t=3845.61083233547   Elapsed: 3845.56s (1h 04m)  61% completed  (61% total)
     Speed:     ev/sec=449.933   simsec/sec=1   ev/simsec=449.934
     Messages:  created: 129092   present: 673   in FES: 6
** Event #996096   t=3847.631811225451   Elapsed: 3847.58s (1h 04m)  61% completed  (61% total)
     Speed:     ev/sec=380.014   simsec/sec=1   ev/simsec=380.014
     Messages:  created: 129204   present: 702   in FES: 6
** Event #997120   t=3849.919596409377   Elapsed: 3849.86s (1h 04m)  61% completed  (61% total)
     Speed:     ev/sec=447.594   simsec/sec=0.999998   ev/simsec=447.594
     Messages:  created: 129309   present: 631   in FES: 6
** Event #998144   t=3852.55448761424   Elapsed: 3852.5s (1h 04m)  61% completed  (61% total)
     Speed:     ev/sec=388.631   simsec/sec=1   ev/simsec=388.631
     Messages:  created: 129449   present: 637   in FES: 6
** Event #998912   t=3854.909524277584   Elapsed: 3854.85s (1h 04m)  61% completed  (61% total)
     Speed:     ev/sec=326.11   simsec/sec=1   ev/simsec=326.11
     Messages:  created: 129525   present: 584   in FES: 7
** Event #999936   t=3857.397065889393   Elapsed: 3857.34s (1h 04m)  61% completed  (61% total)
     Speed:     ev/sec=411.65   simsec/sec=0.999997   ev/simsec=411.651
     Messages:  created: 129654   present: 570   in FES: 7
** Event #1001216   t=3859.829978445744   Elapsed: 3859.78s (1h 04m)  61% completed  (61% total)
     Speed:     ev/sec=526.119   simsec/sec=1   ev/simsec=526.118
     Messages:  created: 129872   present: 674   in FES: 7
** Event #1002240   t=3861.890731882238   Elapsed: 3861.84s (1h 04m)  61% completed  (61% total)
     Speed:     ev/sec=496.906   simsec/sec=1   ev/simsec=496.906
     Messages:  created: 130029   present: 718   in FES: 6
** Event #1003264   t=3864.519439199519   Elapsed: 3864.46s (1h 04m)  61% completed  (61% total)
     Speed:     ev/sec=389.545   simsec/sec=1   ev/simsec=389.545
     Messages:  created: 130193   present: 785   in FES: 6
** Event #1004288   t=3866.911465836772   Elapsed: 3866.87s (1h 04m)  61% completed  (61% total)
     Speed:     ev/sec=425.741   simsec/sec=0.994515   ev/simsec=428.089
     Messages:  created: 130345   present: 819   in FES: 5
** Event #1005568   t=3869.069628584487   Elapsed: 3869.01s (1h 04m)  61% completed  (61% total)
     Speed:     ev/sec=596.734   simsec/sec=1.00613   ev/simsec=593.097
     Messages:  created: 130523   present: 829   in FES: 6
** Event #1006848   t=3871.38978142444   Elapsed: 3871.34s (1h 04m)  61% completed  (61% total)
     Speed:     ev/sec=551.695   simsec/sec=1.00001   ev/simsec=551.688
     Messages:  created: 130702   present: 842   in FES: 6
** Event #1008128   t=3873.39511910017   Elapsed: 3873.34s (1h 04m)  61% completed  (61% total)
     Speed:     ev/sec=638.296   simsec/sec=1   ev/simsec=638.296
     Messages:  created: 130880   present: 851   in FES: 6
** Event #1009152   t=3875.55459411696   Elapsed: 3875.5s (1h 04m)  61% completed  (61% total)
     Speed:     ev/sec=474.19   simsec/sec=1   ev/simsec=474.189
     Messages:  created: 131036   present: 896   in FES: 7
** Event #1010176   t=3877.88838035256   Elapsed: 3877.85s (1h 04m)  61% completed  (61% total)
     Speed:     ev/sec=436.287   simsec/sec=0.994337   ev/simsec=438.772
     Messages:  created: 131138   present: 814   in FES: 5
** Event #1011200   t=3879.927655558563   Elapsed: 3879.87s (1h 04m)  61% completed  (61% total)
     Speed:     ev/sec=505.435   simsec/sec=1.00656   ev/simsec=502.139
     Messages:  created: 131259   present: 778   in FES: 8
** Event #1012224   t=3881.946084394358   Elapsed: 3881.89s (1h 04m)  61% completed  (61% total)
     Speed:     ev/sec=506.732   simsec/sec=0.998831   ev/simsec=507.325
     Messages:  created: 131392   present: 763   in FES: 5
** Event #1013504   t=3884.584264076364   Elapsed: 3884.54s (1h 04m)  61% completed  (61% total)
     Speed:     ev/sec=483.954   simsec/sec=0.997467   ev/simsec=485.183
     Messages:  created: 131510   present: 641   in FES: 5
** Event #1014528   t=3887.512010944423   Elapsed: 3887.46s (1h 04m)  61% completed  (61% total)
     Speed:     ev/sec=350.844   simsec/sec=1.00311   ev/simsec=349.757
     Messages:  created: 131631   present: 612   in FES: 7
** Event #1015296   t=3889.726067714232   Elapsed: 3889.67s (1h 04m)  61% completed  (61% total)
     Speed:     ev/sec=346.875   simsec/sec=1   ev/simsec=346.875
     Messages:  created: 131725   present: 594   in FES: 6
** Event #1016320   t=3892.25765511986   Elapsed: 3892.2s (1h 04m)  61% completed  (61% total)
     Speed:     ev/sec=404.489   simsec/sec=0.999999   ev/simsec=404.489
     Messages:  created: 131838   present: 542   in FES: 7
** Event #1017088   t=3894.378621668453   Elapsed: 3894.32s (1h 04m)  61% completed  (61% total)
     Speed:     ev/sec=362.098   simsec/sec=0.999998   ev/simsec=362.099
     Messages:  created: 131945   present: 557   in FES: 7
** Event #1018112   t=3896.789191726874   Elapsed: 3896.73s (1h 04m)  61% completed  (61% total)
     Speed:     ev/sec=424.797   simsec/sec=1   ev/simsec=424.796
     Messages:  created: 132096   present: 589   in FES: 6
** Event #1018880   t=3899.077282948922   Elapsed: 3899.02s (1h 04m)  61% completed  (61% total)
     Speed:     ev/sec=335.651   simsec/sec=1   ev/simsec=335.651
     Messages:  created: 132210   present: 617   in FES: 6
** Event #1019648   t=3901.323908650647   Elapsed: 3901.27s (1h 05m)  61% completed  (61% total)
     Speed:     ev/sec=341.846   simsec/sec=1   ev/simsec=341.846
     Messages:  created: 132305   present: 609   in FES: 6
** Event #1020416   t=3903.51378169478   Elapsed: 3903.46s (1h 05m)  61% completed  (61% total)
     Speed:     ev/sec=350.704   simsec/sec=0.999998   ev/simsec=350.705
     Messages:  created: 132409   present: 615   in FES: 7
** Event #1021184   t=3905.885670597579   Elapsed: 3905.83s (1h 05m)  61% completed  (61% total)
     Speed:     ev/sec=323.793   simsec/sec=1   ev/simsec=323.793
     Messages:  created: 132487   present: 564   in FES: 6
** Event #1022208   t=3908.140550899708   Elapsed: 3908.09s (1h 05m)  62% completed  (62% total)
     Speed:     ev/sec=454.127   simsec/sec=1   ev/simsec=454.126
     Messages:  created: 132624   present: 566   in FES: 6
** Event #1022976   t=3910.646877365538   Elapsed: 3910.59s (1h 05m)  62% completed  (62% total)
     Speed:     ev/sec=306.424   simsec/sec=0.999997   ev/simsec=306.425
     Messages:  created: 132715   present: 550   in FES: 7
** Event #1023488   t=3913.536532122802   Elapsed: 3913.48s (1h 05m)  62% completed  (62% total)
     Speed:     ev/sec=177.184   simsec/sec=1   ev/simsec=177.184
     Messages:  created: 132715   present: 410   in FES: 7
** Event #1023744   t=3915.618773146217   Elapsed: 3915.56s (1h 05m)  62% completed  (62% total)
     Speed:     ev/sec=122.936   simsec/sec=0.999928   ev/simsec=122.944
     Messages:  created: 132715   present: 343   in FES: 7
** Event #1024256   t=3918.117900938551   Elapsed: 3918.06s (1h 05m)  62% completed  (62% total)
     Speed:     ev/sec=204.884   simsec/sec=1.00006   ev/simsec=204.871
     Messages:  created: 132715   present: 200   in FES: 6
** Event #1025024   t=3920.767037405262   Elapsed: 3920.71s (1h 05m)  62% completed  (62% total)
     Speed:     ev/sec=289.906   simsec/sec=1   ev/simsec=289.906
     Messages:  created: 132804   present: 173   in FES: 6
** Event #1025792   t=3923.458504333658   Elapsed: 3923.4s (1h 05m)  62% completed  (62% total)
     Speed:     ev/sec=285.346   simsec/sec=1   ev/simsec=285.346
     Messages:  created: 132931   present: 235   in FES: 6
** Event #1026560   t=3926.180287001523   Elapsed: 3926.13s (1h 05m)  62% completed  (62% total)
     Speed:     ev/sec=282.168   simsec/sec=1   ev/simsec=282.168
     Messages:  created: 133044   present: 269   in FES: 6
** Event #1027584   t=3928.744945718205   Elapsed: 3928.69s (1h 05m)  62% completed  (62% total)
     Speed:     ev/sec=399.274   simsec/sec=1   ev/simsec=399.273
     Messages:  created: 133226   present: 377   in FES: 6
** Event #1028352   t=3930.99690031233   Elapsed: 3930.94s (1h 05m)  62% completed  (62% total)
     Speed:     ev/sec=341.037   simsec/sec=0.999999   ev/simsec=341.037
     Messages:  created: 133363   present: 459   in FES: 6
** Event #1029120   t=3933.005251164604   Elapsed: 3932.95s (1h 05m)  62% completed  (62% total)
     Speed:     ev/sec=382.403   simsec/sec=1   ev/simsec=382.403
     Messages:  created: 133502   present: 545   in FES: 6
** Event #1029888   t=3935.22651164943   Elapsed: 3935.17s (1h 05m)  62% completed  (62% total)
     Speed:     ev/sec=345.75   simsec/sec=1   ev/simsec=345.75
     Messages:  created: 133633   present: 616   in FES: 7
** Event #1030912   t=3937.763554585709   Elapsed: 3937.71s (1h 05m)  62% completed  (62% total)
     Speed:     ev/sec=403.619   simsec/sec=1   ev/simsec=403.619
     Messages:  created: 133803   present: 699   in FES: 6
** Event #1031680   t=3939.825367757111   Elapsed: 3939.77s (1h 05m)  62% completed  (62% total)
     Speed:     ev/sec=372.029   simsec/sec=0.998769   ev/simsec=372.488
     Messages:  created: 133928   present: 756   in FES: 5
** Event #1032704   t=3941.842499836181   Elapsed: 3941.79s (1h 05m)  62% completed  (62% total)
     Speed:     ev/sec=508.291   simsec/sec=1.00126   ev/simsec=507.651
     Messages:  created: 134065   present: 752   in FES: 6
** Event #1033728   t=3943.988902149926   Elapsed: 3943.93s (1h 05m)  62% completed  (62% total)
     Speed:     ev/sec=477.078   simsec/sec=1   ev/simsec=477.077
     Messages:  created: 134187   present: 714   in FES: 6
** Event #1035008   t=3946.481359009767   Elapsed: 3946.45s (1h 05m)  62% completed  (62% total)
     Speed:     ev/sec=509.412   simsec/sec=0.991943   ev/simsec=513.55
     Messages:  created: 134392   present: 790   in FES: 5
** Event #1036032   t=3948.802555986457   Elapsed: 3948.75s (1h 05m)  62% completed  (62% total)
     Speed:     ev/sec=445.033   simsec/sec=1.0088   ev/simsec=441.152
     Messages:  created: 134500   present: 725   in FES: 7
** Event #1037056   t=3951.256987950595   Elapsed: 3951.2s (1h 05m)  62% completed  (62% total)
     Speed:     ev/sec=417.204   simsec/sec=1   ev/simsec=417.204
     Messages:  created: 134634   present: 721   in FES: 7
** Event #1038080   t=3953.670199178655   Elapsed: 3953.62s (1h 05m)  62% completed  (62% total)
     Speed:     ev/sec=424.156   simsec/sec=0.999589   ev/simsec=424.331
     Messages:  created: 134764   present: 705   in FES: 5
** Event #1039616   t=3956.054828820746   Elapsed: 3956s (1h 05m)  62% completed  (62% total)
     Speed:     ev/sec=643.124   simsec/sec=0.998446   ev/simsec=644.125
     Messages:  created: 134979   present: 719   in FES: 5
** Event #1040640   t=3958.082132904178   Elapsed: 3958.03s (1h 05m)  62% completed  (62% total)
     Speed:     ev/sec=506.279   simsec/sec=1.00233   ev/simsec=505.104
     Messages:  created: 135135   present: 763   in FES: 7
** Event #1041664   t=3960.57179433576   Elapsed: 3960.52s (1h 06m)  62% completed  (62% total)
     Speed:     ev/sec=410.429   simsec/sec=0.997881   ev/simsec=411.301
     Messages:  created: 135279   present: 782   in FES: 5
** Event #1042688   t=3962.87995036157   Elapsed: 3962.83s (1h 06m)  62% completed  (62% total)
     Speed:     ev/sec=444.662   simsec/sec=1.00229   ev/simsec=443.644
     Messages:  created: 135435   present: 827   in FES: 7
** Event #1043712   t=3964.880774865093   Elapsed: 3964.83s (1h 06m)  62% completed  (62% total)
     Speed:     ev/sec=511.791   simsec/sec=1   ev/simsec=511.789
     Messages:  created: 135560   present: 798   in FES: 6
** Event #1044992   t=3967.395673868654   Elapsed: 3967.34s (1h 06m)  62% completed  (62% total)
     Speed:     ev/sec=508.966   simsec/sec=0.999999   ev/simsec=508.967
     Messages:  created: 135701   present: 725   in FES: 7
** Event #1046016   t=3969.485896614061   Elapsed: 3969.43s (1h 06m)  63% completed  (63% total)
     Speed:     ev/sec=489.9   simsec/sec=1   ev/simsec=489.9
     Messages:  created: 135832   present: 709   in FES: 6
** Event #1047040   t=3971.60073600039   Elapsed: 3971.55s (1h 06m)  63% completed  (63% total)
     Speed:     ev/sec=484.198   simsec/sec=1   ev/simsec=484.198
     Messages:  created: 135995   present: 764   in FES: 6
** Event #1048576   t=3973.91866284831   Elapsed: 3973.86s (1h 06m)  63% completed  (63% total)
     Speed:     ev/sec=662.661   simsec/sec=1   ev/simsec=662.661
     Messages:  created: 136238   present: 838   in FES: 6
** Event #1049856   t=3976.158938815644   Elapsed: 3976.1s (1h 06m)  63% completed  (63% total)
     Speed:     ev/sec=571.358   simsec/sec=0.999999   ev/simsec=571.358
     Messages:  created: 136437   present: 897   in FES: 7
** Event #1050880   t=3978.309759665633   Elapsed: 3978.27s (1h 06m)  63% completed  (63% total)
     Speed:     ev/sec=473.45   simsec/sec=0.99444   ev/simsec=476.097
     Messages:  created: 136594   present: 945   in FES: 5
** Event #1051904   t=3980.48005482389   Elapsed: 3980.43s (1h 06m)  63% completed  (63% total)
     Speed:     ev/sec=474.454   simsec/sec=1.00557   ev/simsec=471.825
     Messages:  created: 136727   present: 935   in FES: 6
** Event #1053184   t=3982.817619286363   Elapsed: 3982.76s (1h 06m)  63% completed  (63% total)
     Speed:     ev/sec=547.579   simsec/sec=1   ev/simsec=547.578
     Messages:  created: 136862   present: 842   in FES: 6
** Event #1054464   t=3985.08915352572   Elapsed: 3985.03s (1h 06m)  63% completed  (63% total)
     Speed:     ev/sec=563.496   simsec/sec=1   ev/simsec=563.496
     Messages:  created: 137000   present: 756   in FES: 6
** Event #1055744   t=3987.487080569099   Elapsed: 3987.43s (1h 06m)  63% completed  (63% total)
     Speed:     ev/sec=533.795   simsec/sec=1   ev/simsec=533.794
     Messages:  created: 137179   present: 773   in FES: 6
** Event #1057024   t=3989.695919585766   Elapsed: 3989.64s (1h 06m)  63% completed  (63% total)
     Speed:     ev/sec=579.49   simsec/sec=1   ev/simsec=579.49
     Messages:  created: 137357   present: 785   in FES: 7
** Event #1058304   t=3991.753567582887   Elapsed: 3991.7s (1h 06m)  63% completed  (63% total)
     Speed:     ev/sec=622.069   simsec/sec=1   ev/simsec=622.069
     Messages:  created: 137555   present: 840   in FES: 7
** Event #1059328   t=3994.201028957859   Elapsed: 3994.15s (1h 06m)  63% completed  (63% total)
     Speed:     ev/sec=418.392   simsec/sec=0.999999   ev/simsec=418.393
     Messages:  created: 137703   present: 869   in FES: 8
** Event #1060352   t=3996.24666336008   Elapsed: 3996.19s (1h 06m)  63% completed  (63% total)
     Speed:     ev/sec=500.579   simsec/sec=1   ev/simsec=500.578
     Messages:  created: 137838   present: 864   in FES: 6
** Event #1061376   t=3998.314137716677   Elapsed: 3998.26s (1h 06m)  63% completed  (63% total)
     Speed:     ev/sec=495.29   simsec/sec=0.999999   ev/simsec=495.29
     Messages:  created: 137966   present: 840   in FES: 8
** Event #1062656   t=4000.596522040422   Elapsed: 4000.54s (1h 06m)  63% completed  (63% total)
     Speed:     ev/sec=560.814   simsec/sec=0.999995   ev/simsec=560.817
     Messages:  created: 138104   present: 761   in FES: 6
** Event #1063936   t=4002.799234075526   Elapsed: 4002.74s (1h 06m)  63% completed  (63% total)
     Speed:     ev/sec=581.103   simsec/sec=1   ev/simsec=581.102
     Messages:  created: 138278   present: 764   in FES: 7
** Event #1064960   t=4004.983483886538   Elapsed: 4004.94s (1h 06m)  63% completed  (63% total)
     Speed:     ev/sec=466.745   simsec/sec=0.995593   ev/simsec=468.811
     Messages:  created: 138425   present: 787   in FES: 5
** Event #1065984   t=4007.198500502711   Elapsed: 4007.14s (1h 06m)  63% completed  (63% total)
     Speed:     ev/sec=464.325   simsec/sec=1.00438   ev/simsec=462.299
     Messages:  created: 138555   present: 767   in FES: 8
** Event #1067008   t=4009.587388655587   Elapsed: 4009.53s (1h 06m)  63% completed  (63% total)
     Speed:     ev/sec=428.653   simsec/sec=1   ev/simsec=428.651
     Messages:  created: 138682   present: 745   in FES: 8
** Event #1068032   t=4011.698392164047   Elapsed: 4011.64s (1h 06m)  63% completed  (63% total)
     Speed:     ev/sec=485.077   simsec/sec=0.999999   ev/simsec=485.077
     Messages:  created: 138825   present: 760   in FES: 7
** Event #1069056   t=4014.219656239401   Elapsed: 4014.16s (1h 06m)  63% completed  (63% total)
     Speed:     ev/sec=406.146   simsec/sec=1   ev/simsec=406.145
     Messages:  created: 138914   present: 649   in FES: 7
** Event #1070080   t=4016.643875189478   Elapsed: 4016.59s (1h 06m)  63% completed  (63% total)
     Speed:     ev/sec=422.402   simsec/sec=0.999995   ev/simsec=422.404
     Messages:  created: 139040   present: 624   in FES: 6
** Event #1071104   t=4019.34048590907   Elapsed: 4019.29s (1h 06m)  63% completed  (63% total)
     Speed:     ev/sec=379.737   simsec/sec=1   ev/simsec=379.736
     Messages:  created: 139169   present: 605   in FES: 8
** Event #1072384   t=4021.770007955438   Elapsed: 4021.72s (1h 07m)  63% completed  (63% total)
     Speed:     ev/sec=526.175   simsec/sec=0.998714   ev/simsec=526.853
     Messages:  created: 139345   present: 617   in FES: 5
** Event #1073152   t=4024.13936781261   Elapsed: 4024.08s (1h 07m)  63% completed  (63% total)
     Speed:     ev/sec=324.567   simsec/sec=1.00132   ev/simsec=324.138
     Messages:  created: 139457   present: 648   in FES: 6
** Event #1073920   t=4026.149215941534   Elapsed: 4026.09s (1h 07m)  63% completed  (63% total)
     Speed:     ev/sec=382.118   simsec/sec=0.999999   ev/simsec=382.118
     Messages:  created: 139560   present: 648   in FES: 7
** Event #1074688   t=4028.76483344291   Elapsed: 4028.71s (1h 07m)  63% completed  (63% total)
     Speed:     ev/sec=293.605   simsec/sec=0.999946   ev/simsec=293.621
     Messages:  created: 139635   present: 589   in FES: 7
** Event #1075456   t=4030.87881221229   Elapsed: 4030.82s (1h 07m)  63% completed  (63% total)
     Speed:     ev/sec=363.32   simsec/sec=1.00007   ev/simsec=363.296
     Messages:  created: 139726   present: 563   in FES: 6
** Event #1076480   t=4033.131062850676   Elapsed: 4033.08s (1h 07m)  64% completed  (64% total)
     Speed:     ev/sec=454.656   simsec/sec=1   ev/simsec=454.656
     Messages:  created: 139849   present: 534   in FES: 6
** Event #1077248   t=4035.30627678656   Elapsed: 4035.25s (1h 07m)  64% completed  (64% total)
     Speed:     ev/sec=352.968   simsec/sec=0.999714   ev/simsec=353.069
     Messages:  created: 139948   present: 532   in FES: 5
** Event #1078016   t=4037.642606031182   Elapsed: 4037.59s (1h 07m)  64% completed  (64% total)
     Speed:     ev/sec=328.809   simsec/sec=1.00027   ev/simsec=328.721
     Messages:  created: 140060   present: 554   in FES: 6
** Event #1078784   t=4039.77864237991   Elapsed: 4039.72s (1h 07m)  64% completed  (64% total)
     Speed:     ev/sec=359.544   simsec/sec=1   ev/simsec=359.544
     Messages:  created: 140182   present: 606   in FES: 6
** Event #1079808   t=4041.931135670995   Elapsed: 4041.88s (1h 07m)  64% completed  (64% total)
     Speed:     ev/sec=475.727   simsec/sec=1   ev/simsec=475.727
     Messages:  created: 140340   present: 660   in FES: 6
** Event #1080832   t=4044.107404966749   Elapsed: 4044.07s (1h 07m)  64% completed  (64% total)
     Speed:     ev/sec=466.45   simsec/sec=0.991328   ev/simsec=470.53
     Messages:  created: 140500   present: 716   in FES: 5
** Event #1082112   t=4046.444009147064   Elapsed: 4046.39s (1h 07m)  64% completed  (64% total)
     Speed:     ev/sec=552.303   simsec/sec=1.00821   ev/simsec=547.804
     Messages:  created: 140730   present: 844   in FES: 6
** Event #1083136   t=4048.703080312246   Elapsed: 4048.66s (1h 07m)  64% completed  (64% total)
     Speed:     ev/sec=450.507   simsec/sec=0.993873   ev/simsec=453.284
     Messages:  created: 140873   present: 859   in FES: 5
** Event #1084160   t=4051.343302402301   Elapsed: 4051.29s (1h 07m)  64% completed  (64% total)
     Speed:     ev/sec=389.901   simsec/sec=1.0053   ev/simsec=387.846
     Messages:  created: 140981   present: 798   in FES: 7
** Event #1085184   t=4053.473050036657   Elapsed: 4053.42s (1h 07m)  64% completed  (64% total)
     Speed:     ev/sec=480.808   simsec/sec=1   ev/simsec=480.808
     Messages:  created: 141089   present: 728   in FES: 7
** Event #1086208   t=4055.498089486011   Elapsed: 4055.44s (1h 07m)  64% completed  (64% total)
     Speed:     ev/sec=505.671   simsec/sec=1   ev/simsec=505.669
     Messages:  created: 141210   present: 687   in FES: 6
** Event #1087488   t=4058.044382672873   Elapsed: 4057.99s (1h 07m)  64% completed  (64% total)
     Speed:     ev/sec=502.691   simsec/sec=0.999999   ev/simsec=502.692
     Messages:  created: 141359   present: 634   in FES: 8
** Event #1088256   t=4060.091589037463   Elapsed: 4060.04s (1h 07m)  64% completed  (64% total)
     Speed:     ev/sec=375.145   simsec/sec=0.999999   ev/simsec=375.145
     Messages:  created: 141458   present: 628   in FES: 8
** Event #1089280   t=4062.096226528369   Elapsed: 4062.04s (1h 07m)  64% completed  (64% total)
     Speed:     ev/sec=510.612   simsec/sec=0.999601   ev/simsec=510.816
     Messages:  created: 141637   present: 725   in FES: 5
** Event #1090304   t=4064.097599322276   Elapsed: 4064.04s (1h 07m)  64% completed  (64% total)
     Speed:     ev/sec=511.855   simsec/sec=1.0004   ev/simsec=511.649
     Messages:  created: 141799   present: 781   in FES: 6
** Event #1091328   t=4066.47374205992   Elapsed: 4066.42s (1h 07m)  64% completed  (64% total)
     Speed:     ev/sec=430.947   simsec/sec=0.999992   ev/simsec=430.951
     Messages:  created: 141935   present: 778   in FES: 6
** Event #1092352   t=4068.664618041135   Elapsed: 4068.61s (1h 07m)  64% completed  (64% total)
     Speed:     ev/sec=467.397   simsec/sec=1.00001   ev/simsec=467.393
     Messages:  created: 142080   present: 795   in FES: 6
** Event #1093376   t=4070.683533208529   Elapsed: 4070.63s (1h 07m)  64% completed  (64% total)
     Speed:     ev/sec=507.203   simsec/sec=0.999999   ev/simsec=507.203
     Messages:  created: 142239   present: 847   in FES: 8
** Event #1094400   t=4072.754248524082   Elapsed: 4072.7s (1h 07m)  64% completed  (64% total)
     Speed:     ev/sec=494.515   simsec/sec=1   ev/simsec=494.515
     Messages:  created: 142342   present: 767   in FES: 7
** Event #1095424   t=4075.16668485983   Elapsed: 4075.11s (1h 07m)  64% completed  (64% total)
     Speed:     ev/sec=424.468   simsec/sec=1   ev/simsec=424.467
     Messages:  created: 142455   present: 713   in FES: 6
** Event #1096448   t=4077.506097447603   Elapsed: 4077.45s (1h 07m)  64% completed  (64% total)
     Speed:     ev/sec=437.716   simsec/sec=0.999999   ev/simsec=437.717
     Messages:  created: 142579   present: 686   in FES: 6
** Event #1097472   t=4079.697948579004   Elapsed: 4079.64s (1h 07m)  64% completed  (64% total)
     Speed:     ev/sec=467.182   simsec/sec=0.999993   ev/simsec=467.185
     Messages:  created: 142698   present: 640   in FES: 7
** Event #1098496   t=4082.18590155426   Elapsed: 4082.13s (1h 08m)  64% completed  (64% total)
     Speed:     ev/sec=411.585   simsec/sec=1   ev/simsec=411.583
     Messages:  created: 142817   present: 603   in FES: 6
** Event #1099264   t=4084.202692080613   Elapsed: 4084.16s (1h 08m)  64% completed  (64% total)
     Speed:     ev/sec=378.689   simsec/sec=0.99445   ev/simsec=380.803
     Messages:  created: 142926   present: 623   in FES: 5
** Event #1100288   t=4086.675898176535   Elapsed: 4086.62s (1h 08m)  64% completed  (64% total)
     Speed:     ev/sec=415.931   simsec/sec=1.00457   ev/simsec=414.037
     Messages:  created: 143080   present: 664   in FES: 6
** Event #1101568   t=4088.82833405617   Elapsed: 4088.77s (1h 08m)  64% completed  (64% total)
     Speed:     ev/sec=594.674   simsec/sec=0.999999   ev/simsec=594.675
     Messages:  created: 143282   present: 729   in FES: 8
** Event #1102592   t=4090.877053695253   Elapsed: 4090.82s (1h 08m)  64% completed  (64% total)
     Speed:     ev/sec=499.825   simsec/sec=1   ev/simsec=499.824
     Messages:  created: 143444   present: 786   in FES: 6
** Event #1103616   t=4093.441315733621   Elapsed: 4093.39s (1h 08m)  64% completed  (64% total)
     Speed:     ev/sec=399.332   simsec/sec=0.999993   ev/simsec=399.335
     Messages:  created: 143597   present: 828   in FES: 7
** Event #1104640   t=4095.697065396395   Elapsed: 4095.64s (1h 08m)  65% completed  (65% total)
     Speed:     ev/sec=453.955   simsec/sec=1.00001   ev/simsec=453.951
     Messages:  created: 143730   present: 819   in FES: 7
** Event #1105920   t=4098.033707920563   Elapsed: 4098.03s (1h 08m)  65% completed  (65% total)
     Speed:     ev/sec=537.219   simsec/sec=0.980694   ev/simsec=547.795
     Messages:  created: 143887   present: 775   in FES: 5
** Event #1107200   t=4100.559162284405   Elapsed: 4100.5s (1h 08m)  65% completed  (65% total)
     Speed:     ev/sec=516.242   simsec/sec=1.01855   ev/simsec=506.839
     Messages:  created: 144034   present: 716   in FES: 6
** Event #1108480   t=4102.822587424097   Elapsed: 4102.77s (1h 08m)  65% completed  (65% total)
     Speed:     ev/sec=565.515   simsec/sec=1   ev/simsec=565.515
     Messages:  created: 144231   present: 769   in FES: 7
** Event #1110016   t=4105.149853367566   Elapsed: 4105.1s (1h 08m)  65% completed  (65% total)
     Speed:     ev/sec=660.002   simsec/sec=1   ev/simsec=660.002
     Messages:  created: 144498   present: 900   in FES: 6
** Event #1111040   t=4107.284673290243   Elapsed: 4107.23s (1h 08m)  65% completed  (65% total)
     Speed:     ev/sec=479.666   simsec/sec=0.999999   ev/simsec=479.666
     Messages:  created: 144640   present: 916   in FES: 7
** Event #1112320   t=4109.635034996178   Elapsed: 4109.58s (1h 08m)  65% completed  (65% total)
     Speed:     ev/sec=544.597   simsec/sec=1   ev/simsec=544.597
     Messages:  created: 144843   present: 980   in FES: 6
** Event #1113344   t=4111.647826103894   Elapsed: 4111.59s (1h 08m)  65% completed  (65% total)
     Speed:     ev/sec=508.746   simsec/sec=0.999999   ev/simsec=508.746
     Messages:  created: 144994   present: 1009   in FES: 6
** Event #1115136   t=4113.983685495754   Elapsed: 4113.93s (1h 08m)  65% completed  (65% total)
     Speed:     ev/sec=767.167   simsec/sec=0.999996   ev/simsec=767.169
     Messages:  created: 145203   present: 922   in FES: 7
** Event #1116160   t=4116.112799238773   Elapsed: 4116.06s (1h 08m)  65% completed  (65% total)
     Speed:     ev/sec=480.953   simsec/sec=1   ev/simsec=480.951
     Messages:  created: 145329   present: 894   in FES: 6
** Event #1117440   t=4118.561016074893   Elapsed: 4118.51s (1h 08m)  65% completed  (65% total)
     Speed:     ev/sec=522.83   simsec/sec=1   ev/simsec=522.83
     Messages:  created: 145467   present: 818   in FES: 7
** Event #1118464   t=4120.830999873895   Elapsed: 4120.78s (1h 08m)  65% completed  (65% total)
     Speed:     ev/sec=451.104   simsec/sec=0.999998   ev/simsec=451.105
     Messages:  created: 145566   present: 728   in FES: 7
** Event #1119488   t=4122.89343246709   Elapsed: 4122.84s (1h 08m)  65% completed  (65% total)
     Speed:     ev/sec=496.5   simsec/sec=0.999999   ev/simsec=496.501
     Messages:  created: 145687   present: 686   in FES: 6
** Event #1120512   t=4125.023947123574   Elapsed: 4124.97s (1h 08m)  65% completed  (65% total)
     Speed:     ev/sec=480.636   simsec/sec=1   ev/simsec=480.635
     Messages:  created: 145805   present: 646   in FES: 6
** Event #1121536   t=4127.34016397334   Elapsed: 4127.29s (1h 08m)  65% completed  (65% total)
     Speed:     ev/sec=442.101   simsec/sec=1   ev/simsec=442.1
     Messages:  created: 145937   present: 639   in FES: 7
** Event #1122560   t=4129.688302046921   Elapsed: 4129.63s (1h 08m)  65% completed  (65% total)
     Speed:     ev/sec=436.09   simsec/sec=1   ev/simsec=436.09
     Messages:  created: 146083   present: 664   in FES: 6
** Event #1123584   t=4131.824567534854   Elapsed: 4131.78s (1h 08m)  65% completed  (65% total)
     Speed:     ev/sec=476.999   simsec/sec=0.995115   ev/simsec=479.341
     Messages:  created: 146246   present: 725   in FES: 5
** Event #1124608   t=4134.237975421156   Elapsed: 4134.18s (1h 08m)  65% completed  (65% total)
     Speed:     ev/sec=426.148   simsec/sec=1.00436   ev/simsec=424.296
     Messages:  created: 146390   present: 743   in FES: 6
** Event #1125888   t=4136.759509733489   Elapsed: 4136.71s (1h 08m)  65% completed  (65% total)
     Speed:     ev/sec=507.074   simsec/sec=0.998909   ev/simsec=507.627
     Messages:  created: 146573   present: 765   in FES: 5
** Event #1126912   t=4138.923978237287   Elapsed: 4138.87s (1h 08m)  65% completed  (65% total)
     Speed:     ev/sec=473.698   simsec/sec=1.00127   ev/simsec=473.095
     Messages:  created: 146725   present: 796   in FES: 7
** Event #1127936   t=4140.970169246404   Elapsed: 4140.92s (1h 09m)  65% completed  (65% total)
     Speed:     ev/sec=500.44   simsec/sec=0.999996   ev/simsec=500.442
     Messages:  created: 146850   present: 771   in FES: 7
** Event #1128960   t=4143.175002701535   Elapsed: 4143.12s (1h 09m)  65% completed  (65% total)
     Speed:     ev/sec=464.436   simsec/sec=1   ev/simsec=464.434
     Messages:  created: 146987   present: 769   in FES: 6
** Event #1130240   t=4145.67266171816   Elapsed: 4145.62s (1h 09m)  65% completed  (65% total)
     Speed:     ev/sec=512.477   simsec/sec=0.999995   ev/simsec=512.48
     Messages:  created: 147154   present: 760   in FES: 7
** Event #1131264   t=4147.695803467347   Elapsed: 4147.64s (1h 09m)  65% completed  (65% total)
     Speed:     ev/sec=505.309   simsec/sec=0.998351   ev/simsec=506.143
     Messages:  created: 147287   present: 747   in FES: 5
** Event #1132544   t=4150.037329809702   Elapsed: 4149.98s (1h 09m)  65% completed  (65% total)
     Speed:     ev/sec=547.436   simsec/sec=1.00143   ev/simsec=546.652
     Messages:  created: 147463   present: 751   in FES: 7
** Event #1133568   t=4152.296792974921   Elapsed: 4152.25s (1h 09m)  65% completed  (65% total)
     Speed:     ev/sec=452.05   simsec/sec=0.997452   ev/simsec=453.205
     Messages:  created: 147614   present: 787   in FES: 5
** Event #1134592   t=4154.324351552183   Elapsed: 4154.27s (1h 09m)  65% completed  (65% total)
     Speed:     ev/sec=506.484   simsec/sec=1.00286   ev/simsec=505.041
     Messages:  created: 147747   present: 779   in FES: 6
** Event #1135616   t=4156.485820126927   Elapsed: 4156.43s (1h 09m)  65% completed  (65% total)
     Speed:     ev/sec=473.751   simsec/sec=0.999999   ev/simsec=473.752
     Messages:  created: 147900   present: 813   in FES: 6
** Event #1136896   t=4158.775033462616   Elapsed: 4158.72s (1h 09m)  66% completed  (66% total)
     Speed:     ev/sec=559.145   simsec/sec=1   ev/simsec=559.144
     Messages:  created: 148049   present: 757   in FES: 6
** Event #1137920   t=4161.096491767649   Elapsed: 4161.04s (1h 09m)  66% completed  (66% total)
     Speed:     ev/sec=441.102   simsec/sec=0.999999   ev/simsec=441.102
     Messages:  created: 148193   present: 779   in FES: 7
** Event #1139200   t=4163.396600349689   Elapsed: 4163.34s (1h 09m)  66% completed  (66% total)
     Speed:     ev/sec=556.495   simsec/sec=0.999999   ev/simsec=556.495
     Messages:  created: 148372   present: 793   in FES: 7
** Event #1140480   t=4165.581597603987   Elapsed: 4165.53s (1h 09m)  66% completed  (66% total)
     Speed:     ev/sec=585.813   simsec/sec=0.999999   ev/simsec=585.813
     Messages:  created: 148547   present: 794   in FES: 8
** Event #1141504   t=4167.916686741748   Elapsed: 4167.86s (1h 09m)  66% completed  (66% total)
     Speed:     ev/sec=438.527   simsec/sec=0.999999   ev/simsec=438.527
     Messages:  created: 148684   present: 795   in FES: 8
** Event #1142528   t=4170.243313022575   Elapsed: 4170.2s (1h 09m)  66% completed  (66% total)
     Speed:     ev/sec=438.861   simsec/sec=0.997134   ev/simsec=440.122
     Messages:  created: 148822   present: 796   in FES: 5
** Event #1143552   t=4172.457085510923   Elapsed: 4172.4s (1h 09m)  66% completed  (66% total)
     Speed:     ev/sec=463.961   simsec/sec=1.00303   ev/simsec=462.559
     Messages:  created: 148956   present: 792   in FES: 7
** Event #1144832   t=4174.775994408295   Elapsed: 4174.74s (1h 09m)  66% completed  (66% total)
     Speed:     ev/sec=546.521   simsec/sec=0.990104   ev/simsec=551.984
     Messages:  created: 149082   present: 682   in FES: 5
** Event #1145856   t=4177.332049101484   Elapsed: 4177.28s (1h 09m)  66% completed  (66% total)
     Speed:     ev/sec=404.283   simsec/sec=1.00915   ev/simsec=400.617
     Messages:  created: 149210   present: 664   in FES: 7
** Event #1146880   t=4179.679554390437   Elapsed: 4179.62s (1h 09m)  66% completed  (66% total)
     Speed:     ev/sec=436.208   simsec/sec=1   ev/simsec=436.208
     Messages:  created: 149346   present: 661   in FES: 6
** Event #1147904   t=4181.685394178495   Elapsed: 4181.63s (1h 09m)  66% completed  (66% total)
     Speed:     ev/sec=510.509   simsec/sec=0.999999   ev/simsec=510.509
     Messages:  created: 149493   present: 678   in FES: 7
** Event #1148928   t=4184.180443862856   Elapsed: 4184.13s (1h 09m)  66% completed  (66% total)
     Speed:     ev/sec=410.413   simsec/sec=1   ev/simsec=410.413
     Messages:  created: 149627   present: 674   in FES: 6
** Event #1149952   t=4186.455569236155   Elapsed: 4186.4s (1h 09m)  66% completed  (66% total)
     Speed:     ev/sec=450.085   simsec/sec=0.999999   ev/simsec=450.085
     Messages:  created: 149784   present: 722   in FES: 6
** Event #1150976   t=4188.916998895864   Elapsed: 4188.86s (1h 09m)  66% completed  (66% total)
     Speed:     ev/sec=416.018   simsec/sec=1   ev/simsec=416.018
     Messages:  created: 149931   present: 748   in FES: 6
** Event #1152256   t=4191.325073995589   Elapsed: 4191.27s (1h 09m)  66% completed  (66% total)
     Speed:     ev/sec=531.545   simsec/sec=1   ev/simsec=531.545
     Messages:  created: 150091   present: 715   in FES: 6
** Event #1153024   t=4193.462231363463   Elapsed: 4193.41s (1h 09m)  66% completed  (66% total)
     Speed:     ev/sec=359.354   simsec/sec=0.999996   ev/simsec=359.356
     Messages:  created: 150183   present: 696   in FES: 7
** Event #1154304   t=4196.06783348227   Elapsed: 4196.01s (1h 09m)  66% completed  (66% total)
     Speed:     ev/sec=491.25   simsec/sec=1   ev/simsec=491.249
     Messages:  created: 150378   present: 750   in FES: 7
** Event #1155584   t=4198.4264784727   Elapsed: 4198.37s (1h 09m)  66% completed  (66% total)
     Speed:     ev/sec=542.684   simsec/sec=1   ev/simsec=542.684
     Messages:  created: 150558   present: 760   in FES: 7
** Event #1156608   t=4200.489459526826   Elapsed: 4200.43s (1h 10m)  66% completed  (66% total)
     Speed:     ev/sec=496.369   simsec/sec=1   ev/simsec=496.369
     Messages:  created: 150703   present: 776   in FES: 7
** Event #1157632   t=4202.8510550689   Elapsed: 4202.8s (1h 10m)  66% completed  (66% total)
     Speed:     ev/sec=432.778   simsec/sec=0.998092   ev/simsec=433.605
     Messages:  created: 150842   present: 783   in FES: 5
** Event #1158656   t=4205.235548360217   Elapsed: 4205.25s (1h 10m)  66% completed  (66% total)
     Speed:     ev/sec=417.688   simsec/sec=0.972631   ev/simsec=429.441
     Messages:  created: 150957   present: 733   in FES: 5
** Event #1159680   t=4207.83899176238   Elapsed: 4207.8s (1h 10m)  66% completed  (66% total)
     Speed:     ev/sec=402.216   simsec/sec=1.02261   ev/simsec=393.325
     Messages:  created: 151059   present: 652   in FES: 5
** Event #1160704   t=4210.318004998121   Elapsed: 4210.26s (1h 10m)  66% completed  (66% total)
     Speed:     ev/sec=415.425   simsec/sec=1.00571   ev/simsec=413.068
     Messages:  created: 151156   present: 562   in FES: 6
** Event #1161728   t=4212.817466925325   Elapsed: 4212.77s (1h 10m)  66% completed  (66% total)
     Speed:     ev/sec=408.076   simsec/sec=0.996065   ev/simsec=409.688
     Messages:  created: 151292   present: 558   in FES: 5
** Event #1162496   t=4214.909552822554   Elapsed: 4214.85s (1h 10m)  66% completed  (66% total)
     Speed:     ev/sec=368.838   simsec/sec=1.00474   ev/simsec=367.098
     Messages:  created: 151389   present: 556   in FES: 7
** Event #1163264   t=4217.057536422297   Elapsed: 4217s (1h 10m)  66% completed  (66% total)
     Speed:     ev/sec=357.545   simsec/sec=1   ev/simsec=357.545
     Messages:  created: 151503   present: 586   in FES: 7
** Event #1164032   t=4219.290460669459   Elapsed: 4219.24s (1h 10m)  66% completed  (66% total)
     Speed:     ev/sec=343.944   simsec/sec=1   ev/simsec=343.944
     Messages:  created: 151615   present: 612   in FES: 7
** Event #1164800   t=4221.428837610106   Elapsed: 4221.37s (1h 10m)  67% completed  (67% total)
     Speed:     ev/sec=359.151   simsec/sec=1   ev/simsec=359.151
     Messages:  created: 151706   present: 588   in FES: 6
** Event #1165824   t=4223.974949376919   Elapsed: 4223.92s (1h 10m)  67% completed  (67% total)
     Speed:     ev/sec=402.182   simsec/sec=1   ev/simsec=402.182
     Messages:  created: 151846   present: 602   in FES: 6
** Event #1166848   t=4226.65657254993   Elapsed: 4226.65s (1h 10m)  67% completed  (67% total)
     Speed:     ev/sec=374.937   simsec/sec=0.981875   ev/simsec=381.858
     Messages:  created: 151990   present: 623   in FES: 5
** Event #1167616   t=4229.135144362791   Elapsed: 4229.08s (1h 10m)  67% completed  (67% total)
     Speed:     ev/sec=316.171   simsec/sec=1.02038   ev/simsec=309.856
     Messages:  created: 152058   present: 550   in FES: 6
** Event #1168640   t=4231.796470807001   Elapsed: 4231.76s (1h 10m)  67% completed  (67% total)
     Speed:     ev/sec=382.005   simsec/sec=0.992813   ev/simsec=384.771
     Messages:  created: 152214   present: 597   in FES: 5
** Event #1169408   t=4234.00370351098   Elapsed: 4233.95s (1h 10m)  67% completed  (67% total)
     Speed:     ev/sec=351.01   simsec/sec=1.0088   ev/simsec=347.947
     Messages:  created: 152300   present: 562   in FES: 7
** Event #1170176   t=4236.337201855377   Elapsed: 4236.28s (1h 10m)  67% completed  (67% total)
     Speed:     ev/sec=329.12   simsec/sec=1   ev/simsec=329.12
     Messages:  created: 152376   present: 504   in FES: 7
** Event #1170944   t=4238.712523865185   Elapsed: 4238.66s (1h 10m)  67% completed  (67% total)
     Speed:     ev/sec=323.325   simsec/sec=1   ev/simsec=323.325
     Messages:  created: 152493   present: 543   in FES: 6
** Event #1172224   t=4240.995065828796   Elapsed: 4240.94s (1h 10m)  67% completed  (67% total)
     Speed:     ev/sec=560.778   simsec/sec=1   ev/simsec=560.778
     Messages:  created: 152701   present: 628   in FES: 7
** Event #1173248   t=4243.626539854245   Elapsed: 4243.57s (1h 10m)  67% completed  (67% total)
     Speed:     ev/sec=389.136   simsec/sec=1   ev/simsec=389.136
     Messages:  created: 152854   present: 668   in FES: 7
** Event #1174016   t=4245.66426736596   Elapsed: 4245.61s (1h 10m)  67% completed  (67% total)
     Speed:     ev/sec=376.89   simsec/sec=1   ev/simsec=376.89
     Messages:  created: 152983   present: 734   in FES: 7
** Event #1174784   t=4247.904015247567   Elapsed: 4247.85s (1h 10m)  67% completed  (67% total)
     Speed:     ev/sec=342.896   simsec/sec=1   ev/simsec=342.896
     Messages:  created: 153086   present: 739   in FES: 6
** Event #1176320   t=4250.113691942457   Elapsed: 4250.06s (1h 10m)  67% completed  (67% total)
     Speed:     ev/sec=695.125   simsec/sec=1   ev/simsec=695.124
     Messages:  created: 153331   present: 819   in FES: 6
** Event #1177856   t=4252.188268395933   Elapsed: 4252.13s (1h 10m)  67% completed  (67% total)
     Speed:     ev/sec=739.912   simsec/sec=0.999351   ev/simsec=740.392
     Messages:  created: 153576   present: 901   in FES: 5
** Event #1179136   t=4254.34844809616   Elapsed: 4254.29s (1h 10m)  67% completed  (67% total)
     Speed:     ev/sec=592.912   simsec/sec=1.00062   ev/simsec=592.543
     Messages:  created: 153782   present: 977   in FES: 6
** Event #1180416   t=4256.638357609375   Elapsed: 4256.59s (1h 10m)  67% completed  (67% total)
     Speed:     ev/sec=558.243   simsec/sec=0.998691   ev/simsec=558.974
     Messages:  created: 154002   present: 1080   in FES: 5
** Event #1181696   t=4258.77861201293   Elapsed: 4258.72s (1h 10m)  67% completed  (67% total)
     Speed:     ev/sec=598.895   simsec/sec=1.0014   ev/simsec=598.06
     Messages:  created: 154218   present: 1179   in FES: 7
** Event #1183488   t=4261.024645568695   Elapsed: 4260.97s (1h 11m)  67% completed  (67% total)
     Speed:     ev/sec=797.854   simsec/sec=1   ev/simsec=797.851
     Messages:  created: 154416   present: 1064   in FES: 7
** Event #1185024   t=4263.228911599921   Elapsed: 4263.17s (1h 11m)  67% completed  (67% total)
     Speed:     ev/sec=696.832   simsec/sec=1   ev/simsec=696.831
     Messages:  created: 154625   present: 1060   in FES: 8
** Event #1186304   t=4265.709751652771   Elapsed: 4265.68s (1h 11m)  67% completed  (67% total)
     Speed:     ev/sec=510.357   simsec/sec=0.989151   ev/simsec=515.954
     Messages:  created: 154766   present: 983   in FES: 5
** Event #1187584   t=4268.082010264045   Elapsed: 4268.03s (1h 11m)  67% completed  (67% total)
     Speed:     ev/sec=545.832   simsec/sec=1.01161   ev/simsec=539.57
     Messages:  created: 154890   present: 866   in FES: 6
** Event #1189376   t=4270.474429222109   Elapsed: 4270.42s (1h 11m)  67% completed  (67% total)
     Speed:     ev/sec=749.032   simsec/sec=0.999999   ev/simsec=749.033
     Messages:  created: 155143   present: 877   in FES: 6
** Event #1190912   t=4272.936634036226   Elapsed: 4272.88s (1h 11m)  67% completed  (67% total)
     Speed:     ev/sec=623.831   simsec/sec=1   ev/simsec=623.831
     Messages:  created: 155339   present: 849   in FES: 8
** Event #1192192   t=4275.266765886101   Elapsed: 4275.21s (1h 11m)  67% completed  (67% total)
     Speed:     ev/sec=549.326   simsec/sec=1   ev/simsec=549.325
     Messages:  created: 155530   present: 891   in FES: 6
** Event #1192960   t=4277.2996600628   Elapsed: 4277.24s (1h 11m)  67% completed  (67% total)
     Speed:     ev/sec=377.785   simsec/sec=0.999997   ev/simsec=377.787
     Messages:  created: 155638   present: 909   in FES: 6
** Event #1193984   t=4279.311718456656   Elapsed: 4279.26s (1h 11m)  67% completed  (67% total)
     Speed:     ev/sec=508.931   simsec/sec=0.999999   ev/simsec=508.932
     Messages:  created: 155736   present: 816   in FES: 6
** Event #1195008   t=4281.444015740485   Elapsed: 4281.39s (1h 11m)  67% completed  (67% total)
     Speed:     ev/sec=480.235   simsec/sec=1   ev/simsec=480.233
     Messages:  created: 155816   present: 681   in FES: 6
** Event #1196544   t=4283.72069256276   Elapsed: 4283.67s (1h 11m)  67% completed  (67% total)
     Speed:     ev/sec=674.667   simsec/sec=0.999999   ev/simsec=674.668
     Messages:  created: 156059   present: 762   in FES: 8
** Event #1197824   t=4286.049880668515   Elapsed: 4286s (1h 11m)  68% completed  (68% total)
     Speed:     ev/sec=549.263   simsec/sec=0.999482   ev/simsec=549.548
     Messages:  created: 156224   present: 745   in FES: 5
** Event #1198848   t=4288.210137624424   Elapsed: 4288.16s (1h 11m)  68% completed  (68% total)
     Speed:     ev/sec=474.284   simsec/sec=1.00056   ev/simsec=474.018
     Messages:  created: 156407   present: 847   in FES: 6
** Event #1200384   t=4290.603053915635   Elapsed: 4290.55s (1h 11m)  68% completed  (68% total)
     Speed:     ev/sec=641.895   simsec/sec=1   ev/simsec=641.895
     Messages:  created: 156694   present: 1025   in FES: 6
** Event #1201664   t=4292.999242460054   Elapsed: 4292.94s (1h 11m)  68% completed  (68% total)
     Speed:     ev/sec=534.168   simsec/sec=0.999975   ev/simsec=534.182
     Messages:  created: 156837   present: 952   in FES: 7
** Event #1202688   t=4295.113203042133   Elapsed: 4295.06s (1h 11m)  68% completed  (68% total)
     Speed:     ev/sec=484.412   simsec/sec=1.00003   ev/simsec=484.399
     Messages:  created: 156961   present: 920   in FES: 6
** Event #1203712   t=4297.257115746654   Elapsed: 4297.2s (1h 11m)  68% completed  (68% total)
     Speed:     ev/sec=477.63   simsec/sec=0.999997   ev/simsec=477.631
     Messages:  created: 157081   present: 876   in FES: 8
** Event #1204992   t=4299.324964201147   Elapsed: 4299.27s (1h 11m)  68% completed  (68% total)
     Speed:     ev/sec=617.966   simsec/sec=0.998328   ev/simsec=619.001
     Messages:  created: 157226   present: 805   in FES: 5
** Event #1206528   t=4301.894875037078   Elapsed: 4301.84s (1h 11m)  68% completed  (68% total)
     Speed:     ev/sec=598.49   simsec/sec=1.00134   ev/simsec=597.686
     Messages:  created: 157405   present: 734   in FES: 8
** Event #1207808   t=4304.149685784286   Elapsed: 4304.1s (1h 11m)  68% completed  (68% total)
     Speed:     ev/sec=567.68   simsec/sec=1.00001   ev/simsec=567.675
     Messages:  created: 157622   present: 830   in FES: 6
** Event #1209088   t=4306.569614111167   Elapsed: 4306.51s (1h 11m)  68% completed  (68% total)
     Speed:     ev/sec=528.94   simsec/sec=0.999997   ev/simsec=528.941
     Messages:  created: 157814   present: 876   in FES: 6
** Event #1210112   t=4308.716315819317   Elapsed: 4308.66s (1h 11m)  68% completed  (68% total)
     Speed:     ev/sec=477.011   simsec/sec=1   ev/simsec=477.011
     Messages:  created: 157956   present: 886   in FES: 7
** Event #1211392   t=4311.434550886348   Elapsed: 4311.39s (1h 11m)  68% completed  (68% total)
     Speed:     ev/sec=469.622   simsec/sec=0.997299   ev/simsec=470.894
     Messages:  created: 158098   present: 821   in FES: 5
** Event #1212416   t=4313.552408234484   Elapsed: 4313.5s (1h 11m)  68% completed  (68% total)
     Speed:     ev/sec=485.191   simsec/sec=1.00348   ev/simsec=483.508
     Messages:  created: 158224   present: 791   in FES: 8
** Event #1213696   t=4315.763649607139   Elapsed: 4315.71s (1h 11m)  68% completed  (68% total)
     Speed:     ev/sec=578.86   simsec/sec=1   ev/simsec=578.86
     Messages:  created: 158365   present: 712   in FES: 6
** Event #1214976   t=4318.286984393278   Elapsed: 4318.25s (1h 11m)  68% completed  (68% total)
     Speed:     ev/sec=504.663   simsec/sec=0.99487   ev/simsec=507.265
     Messages:  created: 158552   present: 746   in FES: 5
** Event #1215744   t=4320.459908931836   Elapsed: 4320.41s (1h 12m)  68% completed  (68% total)
     Speed:     ev/sec=355.572   simsec/sec=1.00603   ev/simsec=353.441
     Messages:  created: 158614   present: 662   in FES: 8
** Event #1216512   t=4323.00291939782   Elapsed: 4322.95s (1h 12m)  68% completed  (68% total)
     Speed:     ev/sec=302.004   simsec/sec=0.999998   ev/simsec=302.004
     Messages:  created: 158710   present: 650   in FES: 7
** Event #1217792   t=4325.339272071439   Elapsed: 4325.29s (1h 12m)  68% completed  (68% total)
     Speed:     ev/sec=546.865   simsec/sec=0.998179   ev/simsec=547.862
     Messages:  created: 158885   present: 651   in FES: 5
** Event #1218816   t=4327.396881349944   Elapsed: 4327.34s (1h 12m)  68% completed  (68% total)
     Speed:     ev/sec=498.699   simsec/sec=1.00208   ev/simsec=497.665
     Messages:  created: 159021   present: 648   in FES: 6
** Event #1220096   t=4330.341598727508   Elapsed: 4330.29s (1h 12m)  68% completed  (68% total)
     Speed:     ev/sec=434.677   simsec/sec=1   ev/simsec=434.677
     Messages:  created: 159208   present: 689   in FES: 6
** Event #1220864   t=4332.595924683314   Elapsed: 4332.54s (1h 12m)  68% completed  (68% total)
     Speed:     ev/sec=340.678   simsec/sec=0.999999   ev/simsec=340.678
     Messages:  created: 159332   present: 738   in FES: 6
** Event #1221888   t=4334.781653432847   Elapsed: 4334.73s (1h 12m)  68% completed  (68% total)
     Speed:     ev/sec=468.494   simsec/sec=1   ev/simsec=468.494
     Messages:  created: 159458   present: 714   in FES: 6
** Event #1222912   t=4337.334796177083   Elapsed: 4337.29s (1h 12m)  68% completed  (68% total)
     Speed:     ev/sec=399.236   simsec/sec=0.995417   ev/simsec=401.074
     Messages:  created: 159576   present: 672   in FES: 5
** Event #1223936   t=4339.807643238953   Elapsed: 4339.75s (1h 12m)  68% completed  (68% total)
     Speed:     ev/sec=416.075   simsec/sec=1.00478   ev/simsec=414.098
     Messages:  created: 159681   present: 596   in FES: 7
** Event #1224960   t=4342.245824280573   Elapsed: 4342.19s (1h 12m)  68% completed  (68% total)
     Speed:     ev/sec=419.887   simsec/sec=0.999766   ev/simsec=419.985
     Messages:  created: 159835   present: 636   in FES: 5
** Event #1225984   t=4344.868930893288   Elapsed: 4344.81s (1h 12m)  68% completed  (68% total)
     Speed:     ev/sec=390.462   simsec/sec=1.00022   ev/simsec=390.377
     Messages:  created: 159960   present: 612   in FES: 6
** Event #1226752   t=4346.936802715156   Elapsed: 4346.88s (1h 12m)  68% completed  (68% total)
     Speed:     ev/sec=371.396   simsec/sec=1   ev/simsec=371.396
     Messages:  created: 160058   present: 600   in FES: 6
** Event #1227520   t=4349.299657318393   Elapsed: 4349.24s (1h 12m)  69% completed  (69% total)
     Speed:     ev/sec=325.031   simsec/sec=1   ev/simsec=325.031
     Messages:  created: 160163   present: 610   in FES: 6
** Event #1228800   t=4351.819682559471   Elapsed: 4351.77s (1h 12m)  69% completed  (69% total)
     Speed:     ev/sec=506.241   simsec/sec=0.996671   ev/simsec=507.931
     Messages:  created: 160351   present: 647   in FES: 5
** Event #1229824   t=4354.438320103761   Elapsed: 4354.38s (1h 12m)  69% completed  (69% total)
     Speed:     ev/sec=392.304   simsec/sec=1.00322   ev/simsec=391.043
     Messages:  created: 160487   present: 646   in FES: 6
** Event #1230592   t=4357.095331566349   Elapsed: 4357.04s (1h 12m)  69% completed  (69% total)
     Speed:     ev/sec=289.046   simsec/sec=0.999998   ev/simsec=289.047
     Messages:  created: 160566   present: 601   in FES: 6
** Event #1231360   t=4359.375481494284   Elapsed: 4359.32s (1h 12m)  69% completed  (69% total)
     Speed:     ev/sec=336.819   simsec/sec=0.999998   ev/simsec=336.82
     Messages:  created: 160669   present: 609   in FES: 7
** Event #1232640   t=4361.584662642802   Elapsed: 4361.53s (1h 12m)  69% completed  (69% total)
     Speed:     ev/sec=579.402   simsec/sec=1   ev/simsec=579.4
     Messages:  created: 160847   present: 617   in FES: 6
** Event #1233664   t=4363.831659313447   Elapsed: 4363.78s (1h 12m)  69% completed  (69% total)
     Speed:     ev/sec=455.72   simsec/sec=1   ev/simsec=455.719
     Messages:  created: 160996   present: 648   in FES: 6
** Event #1234688   t=4366.315353808902   Elapsed: 4366.26s (1h 12m)  69% completed  (69% total)
     Speed:     ev/sec=412.289   simsec/sec=1   ev/simsec=412.289
     Messages:  created: 161168   present: 729   in FES: 6
** Event #1235456   t=4368.693718396845   Elapsed: 4368.64s (1h 12m)  69% completed  (69% total)
     Speed:     ev/sec=322.531   simsec/sec=0.998822   ev/simsec=322.911
     Messages:  created: 161282   present: 760   in FES: 5
** Event #1236480   t=4370.705582824852   Elapsed: 4370.66s (1h 12m)  69% completed  (69% total)
     Speed:     ev/sec=506.342   simsec/sec=0.994816   ev/simsec=508.981
     Messages:  created: 161405   present: 722   in FES: 5
** Event #1237504   t=4373.101758591243   Elapsed: 4373.05s (1h 12m)  69% completed  (69% total)
     Speed:     ev/sec=429.728   simsec/sec=1.00557   ev/simsec=427.348
     Messages:  created: 161537   present: 711   in FES: 7
** Event #1238528   t=4375.135698759708   Elapsed: 4375.08s (1h 12m)  69% completed  (69% total)
     Speed:     ev/sec=503.46   simsec/sec=1.00001   ev/simsec=503.456
     Messages:  created: 161671   present: 702   in FES: 6
** Event #1239552   t=4377.496393955674   Elapsed: 4377.44s (1h 12m)  69% completed  (69% total)
     Speed:     ev/sec=433.771   simsec/sec=1   ev/simsec=433.771
     Messages:  created: 161796   present: 670   in FES: 6
** Event #1240832   t=4379.973224478845   Elapsed: 4379.92s (1h 12m)  69% completed  (69% total)
     Speed:     ev/sec=516.789   simsec/sec=0.999999   ev/simsec=516.789
     Messages:  created: 162008   present: 764   in FES: 7
** Event #1241856   t=4382.492289572039   Elapsed: 4382.44s (1h 13m)  69% completed  (69% total)
     Speed:     ev/sec=406.5   simsec/sec=1   ev/simsec=406.5
     Messages:  created: 162134   present: 743   in FES: 6
** Event #1242880   t=4384.752824077995   Elapsed: 4384.7s (1h 13m)  69% completed  (69% total)
     Speed:     ev/sec=452.99   simsec/sec=1   ev/simsec=452.99
     Messages:  created: 162267   present: 734   in FES: 6
** Event #1243904   t=4387.371651377236   Elapsed: 4387.32s (1h 13m)  69% completed  (69% total)
     Speed:     ev/sec=391.014   simsec/sec=0.999999   ev/simsec=391.015
     Messages:  created: 162391   present: 708   in FES: 6
** Event #1244928   t=4389.571124992356   Elapsed: 4389.52s (1h 13m)  69% completed  (69% total)
     Speed:     ev/sec=465.567   simsec/sec=1   ev/simsec=465.566
     Messages:  created: 162490   present: 618   in FES: 6
** Event #1245952   t=4392.132875759507   Elapsed: 4392.08s (1h 13m)  69% completed  (69% total)
     Speed:     ev/sec=399.727   simsec/sec=1   ev/simsec=399.727
     Messages:  created: 162625   present: 614   in FES: 6
** Event #1246720   t=4394.15398848835   Elapsed: 4394.1s (1h 13m)  69% completed  (69% total)
     Speed:     ev/sec=379.989   simsec/sec=1   ev/simsec=379.989
     Messages:  created: 162707   present: 569   in FES: 7
** Event #1247488   t=4396.496360787829   Elapsed: 4396.44s (1h 13m)  69% completed  (69% total)
     Speed:     ev/sec=327.872   simsec/sec=0.999998   ev/simsec=327.873
     Messages:  created: 162811   present: 576   in FES: 7
** Event #1248256   t=4398.578632382428   Elapsed: 4398.53s (1h 13m)  69% completed  (69% total)
     Speed:     ev/sec=368.309   simsec/sec=0.998594   ev/simsec=368.828
     Messages:  created: 162913   present: 580   in FES: 5
** Event #1249280   t=4400.664118003645   Elapsed: 4400.61s (1h 13m)  69% completed  (69% total)
     Speed:     ev/sec=491.705   simsec/sec=1.00141   ev/simsec=491.013
     Messages:  created: 163066   present: 608   in FES: 6
** Event #1250048   t=4402.712980846132   Elapsed: 4402.66s (1h 13m)  69% completed  (69% total)
     Speed:     ev/sec=374.839   simsec/sec=0.999992   ev/simsec=374.842
     Messages:  created: 163182   present: 641   in FES: 8
** Event #1251072   t=4405.194368429742   Elapsed: 4405.14s (1h 13m)  69% completed  (69% total)
     Speed:     ev/sec=412.079   simsec/sec=0.998561   ev/simsec=412.672
     Messages:  created: 163340   present: 694   in FES: 5
** Event #1252096   t=4407.766788880197   Elapsed: 4407.72s (1h 13m)  69% completed  (69% total)
     Speed:     ev/sec=397.9   simsec/sec=0.999577   ev/simsec=398.069
     Messages:  created: 163496   present: 737   in FES: 5
** Event #1253120   t=4409.794247210256   Elapsed: 4409.74s (1h 13m)  69% completed  (69% total)
     Speed:     ev/sec=505.986   simsec/sec=1.00182   ev/simsec=505.066
     Messages:  created: 163640   present: 749   in FES: 5
** Event #1254400   t=4412.18835321776   Elapsed: 4412.13s (1h 13m)  70% completed  (70% total)
     Speed:     ev/sec=534.864   simsec/sec=1.00041   ev/simsec=534.646
     Messages:  created: 163835   present: 799   in FES: 8
** Event #1255424   t=4414.521970453039   Elapsed: 4414.47s (1h 13m)  70% completed  (70% total)
     Speed:     ev/sec=438.808   simsec/sec=1.00001   ev/simsec=438.804
     Messages:  created: 163959   present: 766   in FES: 6
** Event #1256704   t=4416.867461485663   Elapsed: 4416.81s (1h 13m)  70% completed  (70% total)
     Speed:     ev/sec=545.727   simsec/sec=0.999999   ev/simsec=545.728
     Messages:  created: 164143   present: 796   in FES: 7
** Event #1257472   t=4418.894569423619   Elapsed: 4418.84s (1h 13m)  70% completed  (70% total)
     Speed:     ev/sec=378.864   simsec/sec=0.999999   ev/simsec=378.865
     Messages:  created: 164241   present: 786   in FES: 6
** Event #1258752   t=4421.270215350471   Elapsed: 4421.22s (1h 13m)  70% completed  (70% total)
     Speed:     ev/sec=538.802   simsec/sec=1   ev/simsec=538.801
     Messages:  created: 164377   present: 703   in FES: 6
** Event #1259776   t=4423.766069017938   Elapsed: 4423.71s (1h 13m)  70% completed  (70% total)
     Speed:     ev/sec=410.28   simsec/sec=0.999999   ev/simsec=410.28
     Messages:  created: 164514   present: 707   in FES: 6
** Event #1260800   t=4426.123289547557   Elapsed: 4426.07s (1h 13m)  70% completed  (70% total)
     Speed:     ev/sec=434.407   simsec/sec=0.999994   ev/simsec=434.41
     Messages:  created: 164603   present: 598   in FES: 7
** Event #1261312   t=4428.255195832636   Elapsed: 4428.2s (1h 13m)  70% completed  (70% total)
     Speed:     ev/sec=240.162   simsec/sec=1.00001   ev/simsec=240.161
     Messages:  created: 164649   present: 555   in FES: 8
** Event #1261824   t=4430.291970907243   Elapsed: 4430.26s (1h 13m)  70% completed  (70% total)
     Speed:     ev/sec=248.483   simsec/sec=0.988483   ev/simsec=251.378
     Messages:  created: 164661   present: 434   in FES: 5
** Event #1262336   t=4432.8206581836   Elapsed: 4432.77s (1h 13m)  70% completed  (70% total)
     Speed:     ev/sec=204.394   simsec/sec=1.00947   ev/simsec=202.477
     Messages:  created: 164675   present: 318   in FES: 7
** Event #1262848   t=4434.990237228525   Elapsed: 4434.94s (1h 13m)  70% completed  (70% total)
     Speed:     ev/sec=235.991   simsec/sec=1   ev/simsec=235.99
     Messages:  created: 164696   present: 219   in FES: 6
** Event #1263616   t=4437.033459214669   Elapsed: 4436.98s (1h 13m)  70% completed  (70% total)
     Speed:     ev/sec=375.877   simsec/sec=1   ev/simsec=375.877
     Messages:  created: 164834   present: 302   in FES: 6
** Event #1264384   t=4439.068855907178   Elapsed: 4439.01s (1h 13m)  70% completed  (70% total)
     Speed:     ev/sec=377.322   simsec/sec=1   ev/simsec=377.322
     Messages:  created: 164973   present: 388   in FES: 6
** Event #1265408   t=4441.757224371925   Elapsed: 4441.7s (1h 14m)  70% completed  (70% total)
     Speed:     ev/sec=380.725   simsec/sec=0.999539   ev/simsec=380.9
     Messages:  created: 165152   present: 492   in FES: 5
** Event #1266176   t=4444.243855291353   Elapsed: 4444.19s (1h 14m)  70% completed  (70% total)
     Speed:     ev/sec=308.507   simsec/sec=0.998885   ev/simsec=308.852
     Messages:  created: 165280   present: 556   in FES: 5
** Event #1266944   t=4446.381163137325   Elapsed: 4446.34s (1h 14m)  70% completed  (70% total)
     Speed:     ev/sec=357.446   simsec/sec=0.994756   ev/simsec=359.331
     Messages:  created: 165413   present: 630   in FES: 5
** Event #1267968   t=4448.636967128764   Elapsed: 4448.6s (1h 14m)  70% completed  (70% total)
     Speed:     ev/sec=453.733   simsec/sec=0.999544   ev/simsec=453.94
     Messages:  created: 165591   present: 730   in FES: 5
** Event #1269504   t=4451.02636901737   Elapsed: 4450.99s (1h 14m)  70% completed  (70% total)
     Speed:     ev/sec=643.113   simsec/sec=1.00043   ev/simsec=642.839
     Messages:  created: 165838   present: 820   in FES: 5
** Event #1270528   t=4453.130455663599   Elapsed: 4453.08s (1h 14m)  70% completed  (70% total)
     Speed:     ev/sec=490.235   simsec/sec=1.00732   ev/simsec=486.672
     Messages:  created: 166002   present: 882   in FES: 6
** Event #1271552   t=4455.625577877993   Elapsed: 4455.57s (1h 14m)  70% completed  (70% total)
     Speed:     ev/sec=410.401   simsec/sec=1   ev/simsec=410.401
     Messages:  created: 166138   present: 881   in FES: 6
** Event #1273088   t=4457.914280668135   Elapsed: 4457.86s (1h 14m)  70% completed  (70% total)
     Speed:     ev/sec=671.122   simsec/sec=1   ev/simsec=671.123
     Messages:  created: 166368   present: 930   in FES: 6
** Event #1274368   t=4460.28442588948   Elapsed: 4460.23s (1h 14m)  70% completed  (70% total)
     Speed:     ev/sec=540.051   simsec/sec=1   ev/simsec=540.051
     Messages:  created: 166521   present: 884   in FES: 6
** Event #1275904   t=4462.710420180548   Elapsed: 4462.66s (1h 14m)  70% completed  (70% total)
     Speed:     ev/sec=633.139   simsec/sec=0.999995   ev/simsec=633.142
     Messages:  created: 166722   present: 864   in FES: 6
** Event #1276672   t=4464.833924657712   Elapsed: 4464.78s (1h 14m)  70% completed  (70% total)
     Speed:     ev/sec=361.268   simsec/sec=0.998899   ev/simsec=361.666
     Messages:  created: 166796   present: 800   in FES: 5
** Event #1277696   t=4467.00841838309   Elapsed: 4466.95s (1h 14m)  70% completed  (70% total)
     Speed:     ev/sec=471.424   simsec/sec=1.00108   ev/simsec=470.914
     Messages:  created: 166922   present: 775   in FES: 6
** Event #1278976   t=4469.477441743031   Elapsed: 4469.43s (1h 14m)  70% completed  (70% total)
     Speed:     ev/sec=516.136   simsec/sec=0.995588   ev/simsec=518.424
     Messages:  created: 167058   present: 691   in FES: 5
** Event #1280000   t=4471.763329029278   Elapsed: 4471.71s (1h 14m)  70% completed  (70% total)
     Speed:     ev/sec=450.12   simsec/sec=1.00481   ev/simsec=447.966
     Messages:  created: 167176   present: 648   in FES: 6
** Event #1281024   t=4474.127761991092   Elapsed: 4474.08s (1h 14m)  71% completed  (71% total)
     Speed:     ev/sec=432.343   simsec/sec=0.998287   ev/simsec=433.085
     Messages:  created: 167302   present: 621   in FES: 5
** Event #1281792   t=4476.226991121231   Elapsed: 4476.17s (1h 14m)  71% completed  (71% total)
     Speed:     ev/sec=366.557   simsec/sec=1.00194   ev/simsec=365.849
     Messages:  created: 167419   present: 658   in FES: 7
** Event #1283072   t=4478.700736563877   Elapsed: 4478.65s (1h 14m)  71% completed  (71% total)
     Speed:     ev/sec=517.435   simsec/sec=1   ev/simsec=517.434
     Messages:  created: 167599   present: 677   in FES: 7
** Event #1284096   t=4480.7831825635   Elapsed: 4480.73s (1h 14m)  71% completed  (71% total)
     Speed:     ev/sec=491.727   simsec/sec=0.999995   ev/simsec=491.729
     Messages:  created: 167777   present: 771   in FES: 8
** Event #1285376   t=4483.291085202288   Elapsed: 4483.24s (1h 14m)  71% completed  (71% total)
     Speed:     ev/sec=510.389   simsec/sec=1   ev/simsec=510.387
     Messages:  created: 167964   present: 800   in FES: 6
** Event #1286400   t=4485.783097783321   Elapsed: 4485.73s (1h 14m)  71% completed  (71% total)
     Speed:     ev/sec=410.913   simsec/sec=0.999999   ev/simsec=410.913
     Messages:  created: 168104   present: 815   in FES: 6
** Event #1287680   t=4487.998570747836   Elapsed: 4487.94s (1h 14m)  71% completed  (71% total)
     Speed:     ev/sec=577.755   simsec/sec=1   ev/simsec=577.755
     Messages:  created: 168290   present: 846   in FES: 7
** Event #1288704   t=4490.343579863321   Elapsed: 4490.29s (1h 14m)  71% completed  (71% total)
     Speed:     ev/sec=436.672   simsec/sec=1   ev/simsec=436.672
     Messages:  created: 168398   present: 775   in FES: 8
** Event #1289728   t=4492.509895438598   Elapsed: 4492.46s (1h 14m)  71% completed  (71% total)
     Speed:     ev/sec=472.691   simsec/sec=0.999997   ev/simsec=472.692
     Messages:  created: 168499   present: 691   in FES: 8
** Event #1290752   t=4494.829549123573   Elapsed: 4494.78s (1h 14m)  71% completed  (71% total)
     Speed:     ev/sec=440.739   simsec/sec=0.998399   ev/simsec=441.445
     Messages:  created: 168633   present: 682   in FES: 5
** Event #1291776   t=4497.054025814861   Elapsed: 4497s (1h 14m)  71% completed  (71% total)
     Speed:     ev/sec=460.061   simsec/sec=0.99941   ev/simsec=460.333
     Messages:  created: 168756   present: 651   in FES: 5
** Event #1292800   t=4499.15592291628   Elapsed: 4499.1s (1h 14m)  71% completed  (71% total)
     Speed:     ev/sec=488.35   simsec/sec=1.0024   ev/simsec=487.179
     Messages:  created: 168900   present: 663   in FES: 6
** Event #1293568   t=4501.313531063621   Elapsed: 4501.26s (1h 15m)  71% completed  (71% total)
     Speed:     ev/sec=355.948   simsec/sec=0.999996   ev/simsec=355.95
     Messages:  created: 169005   present: 673   in FES: 7
** Event #1294336   t=4503.53476213854   Elapsed: 4503.48s (1h 15m)  71% completed  (71% total)
     Speed:     ev/sec=345.751   simsec/sec=0.999991   ev/simsec=345.754
     Messages:  created: 169090   present: 638   in FES: 7
** Event #1295360   t=4505.86148864168   Elapsed: 4505.81s (1h 15m)  71% completed  (71% total)
     Speed:     ev/sec=440.108   simsec/sec=1.00001   ev/simsec=440.103
     Messages:  created: 169233   present: 651   in FES: 6
** Event #1296384   t=4508.09021793577   Elapsed: 4508.04s (1h 15m)  71% completed  (71% total)
     Speed:     ev/sec=459.454   simsec/sec=0.999999   ev/simsec=459.455
     Messages:  created: 169370   present: 651   in FES: 6
** Event #1297664   t=4510.829636692221   Elapsed: 4510.77s (1h 15m)  71% completed  (71% total)
     Speed:     ev/sec=467.252   simsec/sec=0.999998   ev/simsec=467.252
     Messages:  created: 169555   present: 681   in FES: 7
** Event #1298432   t=4512.980987783932   Elapsed: 4512.93s (1h 15m)  71% completed  (71% total)
     Speed:     ev/sec=356.986   simsec/sec=1   ev/simsec=356.985
     Messages:  created: 169672   present: 719   in FES: 7
** Event #1299456   t=4515.570200057866   Elapsed: 4515.52s (1h 15m)  71% completed  (71% total)
     Speed:     ev/sec=395.487   simsec/sec=1   ev/simsec=395.487
     Messages:  created: 169795   present: 687   in FES: 6
** Event #1300480   t=4517.892353792341   Elapsed: 4517.84s (1h 15m)  71% completed  (71% total)
     Speed:     ev/sec=440.97   simsec/sec=1   ev/simsec=440.97
     Messages:  created: 169930   present: 686   in FES: 7
** Event #1301504   t=4520.362826820558   Elapsed: 4520.31s (1h 15m)  71% completed  (71% total)
     Speed:     ev/sec=414.496   simsec/sec=1   ev/simsec=414.496
     Messages:  created: 170023   present: 583   in FES: 6
** Event #1302272   t=4522.45318451368   Elapsed: 4522.42s (1h 15m)  71% completed  (71% total)
     Speed:     ev/sec=363.698   simsec/sec=0.98992   ev/simsec=367.401
     Messages:  created: 170129   present: 596   in FES: 5
** Event #1303040   t=4524.490544887998   Elapsed: 4524.44s (1h 15m)  71% completed  (71% total)
     Speed:     ev/sec=380.938   simsec/sec=1.01056   ev/simsec=376.958
     Messages:  created: 170233   present: 604   in FES: 8
** Event #1304064   t=4526.876799368228   Elapsed: 4526.82s (1h 15m)  71% completed  (71% total)
     Speed:     ev/sec=429.125   simsec/sec=1   ev/simsec=429.124
     Messages:  created: 170372   present: 607   in FES: 6
** Event #1305088   t=4529.068915680695   Elapsed: 4529.01s (1h 15m)  71% completed  (71% total)
     Speed:     ev/sec=467.128   simsec/sec=1   ev/simsec=467.128
     Messages:  created: 170543   present: 685   in FES: 8
** Event #1306112   t=4531.425816174023   Elapsed: 4531.38s (1h 15m)  71% completed  (71% total)
     Speed:     ev/sec=432.377   simsec/sec=0.995186   ev/simsec=434.469
     Messages:  created: 170703   present: 740   in FES: 5
** Event #1307136   t=4533.498151146566   Elapsed: 4533.44s (1h 15m)  71% completed  (71% total)
     Speed:     ev/sec=496.861   simsec/sec=1.00553   ev/simsec=494.129
     Messages:  created: 170858   present: 782   in FES: 6
** Event #1308160   t=4536.178851458492   Elapsed: 4536.12s (1h 15m)  72% completed  (72% total)
     Speed:     ev/sec=381.99   simsec/sec=1   ev/simsec=381.99
     Messages:  created: 170989   present: 772   in FES: 7
** Event #1309184   t=4538.234672977829   Elapsed: 4538.18s (1h 15m)  72% completed  (72% total)
     Speed:     ev/sec=498.095   simsec/sec=0.999994   ev/simsec=498.098
     Messages:  created: 171102   present: 716   in FES: 7
** Event #1310208   t=4540.27454586742   Elapsed: 4540.23s (1h 15m)  72% completed  (72% total)
     Speed:     ev/sec=499.242   simsec/sec=0.994522   ev/simsec=501.992
     Messages:  created: 171249   present: 739   in FES: 5
** Event #1311232   t=4542.750636210121   Elapsed: 4542.7s (1h 15m)  72% completed  (72% total)
     Speed:     ev/sec=415.446   simsec/sec=1.00457   ev/simsec=413.555
     Messages:  created: 171346   present: 647   in FES: 6
** Event #1312000   t=4545.057290706272   Elapsed: 4545s (1h 15m)  72% completed  (72% total)
     Speed:     ev/sec=332.947   simsec/sec=0.999991   ev/simsec=332.95
     Messages:  created: 171411   present: 565   in FES: 6
** Event #1312768   t=4547.321935618832   Elapsed: 4547.29s (1h 15m)  72% completed  (72% total)
     Speed:     ev/sec=336.364   simsec/sec=0.991857   ev/simsec=339.126
     Messages:  created: 171517   present: 579   in FES: 5
** Event #1314048   t=4550.001011393604   Elapsed: 4549.95s (1h 15m)  72% completed  (72% total)
     Speed:     ev/sec=481.116   simsec/sec=1.00699   ev/simsec=477.777
     Messages:  created: 171672   present: 537   in FES: 6
** Event #1314816   t=4552.426267614159   Elapsed: 4552.37s (1h 15m)  72% completed  (72% total)
     Speed:     ev/sec=316.557   simsec/sec=0.999649   ev/simsec=316.668
     Messages:  created: 171779   present: 555   in FES: 5
** Event #1315584   t=4554.81324904995   Elapsed: 4554.79s (1h 15m)  72% completed  (72% total)
     Speed:     ev/sec=317.589   simsec/sec=0.987082   ev/simsec=321.745
     Messages:  created: 171896   present: 593   in FES: 5
** Event #1316608   t=4557.128067731449   Elapsed: 4557.07s (1h 15m)  72% completed  (72% total)
     Speed:     ev/sec=448.585   simsec/sec=1.01405   ev/simsec=442.367
     Messages:  created: 172058   present: 658   in FES: 8
** Event #1317632   t=4559.533567457645   Elapsed: 4559.48s (1h 15m)  72% completed  (72% total)
     Speed:     ev/sec=425.692   simsec/sec=1   ev/simsec=425.691
     Messages:  created: 172187   present: 636   in FES: 6
** Event #1318656   t=4561.935455698123   Elapsed: 4561.88s (1h 16m)  72% completed  (72% total)
     Speed:     ev/sec=426.331   simsec/sec=0.999999   ev/simsec=426.331
     Messages:  created: 172340   present: 680   in FES: 6
** Event #1319680   t=4564.173816608522   Elapsed: 4564.18s (1h 16m)  72% completed  (72% total)
     Speed:     ev/sec=445.859   simsec/sec=0.974604   ev/simsec=457.478
     Messages:  created: 172505   present: 747   in FES: 5
** Event #1320704   t=4566.557485649643   Elapsed: 4566.5s (1h 16m)  72% completed  (72% total)
     Speed:     ev/sec=440.366   simsec/sec=1.02508   ev/simsec=429.59
     Messages:  created: 172626   present: 711   in FES: 6
** Event #1321472   t=4568.654352737909   Elapsed: 4568.6s (1h 16m)  72% completed  (72% total)
     Speed:     ev/sec=366.261   simsec/sec=1   ev/simsec=366.261
     Messages:  created: 172719   present: 689   in FES: 8
** Event #1322496   t=4570.662834149232   Elapsed: 4570.61s (1h 16m)  72% completed  (72% total)
     Speed:     ev/sec=509.85   simsec/sec=1.00002   ev/simsec=509.838
     Messages:  created: 172857   present: 688   in FES: 6
** Event #1323520   t=4572.963855422005   Elapsed: 4572.91s (1h 16m)  72% completed  (72% total)
     Speed:     ev/sec=445.004   simsec/sec=0.999964   ev/simsec=445.02
     Messages:  created: 172979   present: 652   in FES: 7
** Event #1324544   t=4575.460756973286   Elapsed: 4575.41s (1h 16m)  72% completed  (72% total)
     Speed:     ev/sec=409.048   simsec/sec=0.997415   ev/simsec=410.108
     Messages:  created: 173118   present: 657   in FES: 5
** Event #1325568   t=4578.194105916242   Elapsed: 4578.14s (1h 16m)  72% completed  (72% total)
     Speed:     ev/sec=375.526   simsec/sec=1.00239   ev/simsec=374.632
     Messages:  created: 173252   present: 656   in FES: 6
** Event #1326592   t=4580.4221506739   Elapsed: 4580.37s (1h 16m)  72% completed  (72% total)
     Speed:     ev/sec=459.596   simsec/sec=0.999999   ev/simsec=459.596
     Messages:  created: 173386   present: 648   in FES: 7
** Event #1327360   t=4582.460510354327   Elapsed: 4582.41s (1h 16m)  72% completed  (72% total)
     Speed:     ev/sec=376.774   simsec/sec=1   ev/simsec=376.774
     Messages:  created: 173480   present: 627   in FES: 6
** Event #1328384   t=4584.60776814369   Elapsed: 4584.55s (1h 16m)  72% completed  (72% total)
     Speed:     ev/sec=476.887   simsec/sec=1   ev/simsec=476.887
     Messages:  created: 173633   present: 668   in FES: 6
** Event #1329152   t=4586.694362057701   Elapsed: 4586.64s (1h 16m)  72% completed  (72% total)
     Speed:     ev/sec=368.064   simsec/sec=1   ev/simsec=368.064
     Messages:  created: 173729   present: 652   in FES: 6
** Event #1329920   t=4589.112288630578   Elapsed: 4589.06s (1h 16m)  72% completed  (72% total)
     Speed:     ev/sec=317.628   simsec/sec=1   ev/simsec=317.628
     Messages:  created: 173809   present: 609   in FES: 6
** Event #1330688   t=4591.517598361494   Elapsed: 4591.46s (1h 16m)  72% completed  (72% total)
     Speed:     ev/sec=319.293   simsec/sec=0.999999   ev/simsec=319.294
     Messages:  created: 173890   present: 564   in FES: 6
** Event #1331456   t=4593.651573130087   Elapsed: 4593.6s (1h 16m)  72% completed  (72% total)
     Speed:     ev/sec=359.891   simsec/sec=0.999998   ev/simsec=359.892
     Messages:  created: 173949   present: 471   in FES: 6
** Event #1332480   t=4596.217977600626   Elapsed: 4596.16s (1h 16m)  72% completed  (72% total)
     Speed:     ev/sec=399.002   simsec/sec=1   ev/simsec=399.002
     Messages:  created: 174108   present: 522   in FES: 7
** Event #1333504   t=4598.446630306963   Elapsed: 4598.39s (1h 16m)  72% completed  (72% total)
     Speed:     ev/sec=459.471   simsec/sec=1   ev/simsec=459.47
     Messages:  created: 174267   present: 575   in FES: 6
** Event #1334272   t=4600.808030783453   Elapsed: 4600.76s (1h 16m)  73% completed  (73% total)
     Speed:     ev/sec=324.902   simsec/sec=0.99899   ev/simsec=325.231
     Messages:  created: 174381   present: 608   in FES: 5
** Event #1335296   t=4603.282893045224   Elapsed: 4603.25s (1h 16m)  73% completed  (73% total)
     Speed:     ev/sec=411.163   simsec/sec=0.993722   ev/simsec=413.76
     Messages:  created: 174564   present: 718   in FES: 5
** Event #1336320   t=4605.499711679202   Elapsed: 4605.45s (1h 16m)  73% completed  (73% total)
     Speed:     ev/sec=465.709   simsec/sec=1.0082   ev/simsec=461.923
     Messages:  created: 174725   present: 774   in FES: 7
** Event #1337344   t=4607.504745481174   Elapsed: 4607.46s (1h 16m)  73% completed  (73% total)
     Speed:     ev/sec=508.069   simsec/sec=0.99482   ev/simsec=510.715
     Messages:  created: 174863   present: 775   in FES: 5
** Event #1338368   t=4609.685047479763   Elapsed: 4609.66s (1h 16m)  73% completed  (73% total)
     Speed:     ev/sec=464.777   simsec/sec=0.989605   ev/simsec=469.66
     Messages:  created: 175001   present: 777   in FES: 5
** Event #1339648   t=4612.179875014601   Elapsed: 4612.13s (1h 16m)  73% completed  (73% total)
     Speed:     ev/sec=520.012   simsec/sec=1.01355   ev/simsec=513.062
     Messages:  created: 175192   present: 817   in FES: 6
** Event #1340928   t=4614.401328921992   Elapsed: 4614.35s (1h 16m)  73% completed  (73% total)
     Speed:     ev/sec=576.199   simsec/sec=1   ev/simsec=576.199
     Messages:  created: 175392   present: 876   in FES: 6
** Event #1341952   t=4616.482456934677   Elapsed: 4616.43s (1h 16m)  73% completed  (73% total)
     Speed:     ev/sec=492.041   simsec/sec=1   ev/simsec=492.041
     Messages:  created: 175511   present: 833   in FES: 6
** Event #1342976   t=4618.605596764899   Elapsed: 4618.56s (1h 16m)  73% completed  (73% total)
     Speed:     ev/sec=481.364   simsec/sec=0.99805   ev/simsec=482.305
     Messages:  created: 175634   present: 793   in FES: 5
** Event #1344000   t=4620.920325955766   Elapsed: 4620.88s (1h 17m)  73% completed  (73% total)
     Speed:     ev/sec=441.285   simsec/sec=0.997516   ev/simsec=442.384
     Messages:  created: 175754   present: 759   in FES: 5
** Event #1345024   t=4623.010225103438   Elapsed: 4622.96s (1h 17m)  73% completed  (73% total)
     Speed:     ev/sec=492.311   simsec/sec=1.00477   ev/simsec=489.976
     Messages:  created: 175863   present: 691   in FES: 6
** Event #1346048   t=4625.074327763213   Elapsed: 4625.02s (1h 17m)  73% completed  (73% total)
     Speed:     ev/sec=496.099   simsec/sec=1   ev/simsec=496.099
     Messages:  created: 175984   present: 651   in FES: 6
** Event #1347072   t=4627.314721333966   Elapsed: 4627.26s (1h 17m)  73% completed  (73% total)
     Speed:     ev/sec=457.062   simsec/sec=0.999999   ev/simsec=457.063
     Messages:  created: 176141   present: 695   in FES: 8
** Event #1348096   t=4629.486302142323   Elapsed: 4629.43s (1h 17m)  73% completed  (73% total)
     Speed:     ev/sec=471.546   simsec/sec=1   ev/simsec=471.546
     Messages:  created: 176285   present: 713   in FES: 6
** Event #1349120   t=4631.739787894986   Elapsed: 4631.69s (1h 17m)  73% completed  (73% total)
     Speed:     ev/sec=454.407   simsec/sec=1   ev/simsec=454.407
     Messages:  created: 176437   present: 750   in FES: 6
** Event #1350144   t=4634.147141329227   Elapsed: 4634.09s (1h 17m)  73% completed  (73% total)
     Speed:     ev/sec=425.364   simsec/sec=1   ev/simsec=425.363
     Messages:  created: 176567   present: 738   in FES: 6
** Event #1351168   t=4636.435625201489   Elapsed: 4636.38s (1h 17m)  73% completed  (73% total)
     Speed:     ev/sec=447.448   simsec/sec=0.999978   ev/simsec=447.458
     Messages:  created: 176688   present: 706   in FES: 8
** Event #1352192   t=4638.72210814703   Elapsed: 4638.67s (1h 17m)  73% completed  (73% total)
     Speed:     ev/sec=447.858   simsec/sec=1.00002   ev/simsec=447.849
     Messages:  created: 176825   present: 703   in FES: 6
** Event #1353472   t=4641.178396878126   Elapsed: 4641.12s (1h 17m)  73% completed  (73% total)
     Speed:     ev/sec=521.113   simsec/sec=1   ev/simsec=521.111
     Messages:  created: 177001   present: 707   in FES: 6
** Event #1354496   t=4643.349139463642   Elapsed: 4643.3s (1h 17m)  73% completed  (73% total)
     Speed:     ev/sec=470.545   simsec/sec=0.997493   ev/simsec=471.728
     Messages:  created: 177137   present: 703   in FES: 5
** Event #1355264   t=4645.563370952402   Elapsed: 4645.51s (1h 17m)  73% completed  (73% total)
     Speed:     ev/sec=347.704   simsec/sec=1.00247   ev/simsec=346.847
     Messages:  created: 177230   present: 690   in FES: 7
** Event #1356032   t=4647.663700800907   Elapsed: 4647.61s (1h 17m)  73% completed  (73% total)
     Speed:     ev/sec=365.657   simsec/sec=1   ev/simsec=365.657
     Messages:  created: 177334   present: 697   in FES: 6
** Event #1357056   t=4649.879950429516   Elapsed: 4649.83s (1h 17m)  73% completed  (73% total)
     Speed:     ev/sec=461.333   simsec/sec=0.998467   ev/simsec=462.042
     Messages:  created: 177464   present: 677   in FES: 5
** Event #1358080   t=4652.071482152555   Elapsed: 4652.02s (1h 17m)  73% completed  (73% total)
     Speed:     ev/sec=467.979   simsec/sec=1.00155   ev/simsec=467.253
     Messages:  created: 177571   present: 613   in FES: 6
** Event #1358848   t=4654.297060904554   Elapsed: 4654.24s (1h 17m)  73% completed  (73% total)
     Speed:     ev/sec=345.079   simsec/sec=1   ev/simsec=345.079
     Messages:  created: 177663   present: 592   in FES: 6
** Event #1359616   t=4656.494830392755   Elapsed: 4656.44s (1h 17m)  73% completed  (73% total)
     Speed:     ev/sec=349.445   simsec/sec=1   ev/simsec=349.445
     Messages:  created: 177769   present: 601   in FES: 6
** Event #1360384   t=4658.578938240755   Elapsed: 4658.53s (1h 17m)  73% completed  (73% total)
     Speed:     ev/sec=368.208   simsec/sec=0.999199   ev/simsec=368.503
     Messages:  created: 177852   present: 562   in FES: 5
** Event #1361408   t=4661.223540757242   Elapsed: 4661.17s (1h 17m)  73% completed  (73% total)
     Speed:     ev/sec=387.448   simsec/sec=1.00063   ev/simsec=387.204
     Messages:  created: 177981   present: 548   in FES: 7
** Event #1362432   t=4663.91833814043   Elapsed: 4663.86s (1h 17m)  74% completed  (74% total)
     Speed:     ev/sec=379.991   simsec/sec=0.999998   ev/simsec=379.991
     Messages:  created: 178146   present: 616   in FES: 8
** Event #1363200   t=4665.923597073189   Elapsed: 4665.87s (1h 17m)  74% completed  (74% total)
     Speed:     ev/sec=382.994   simsec/sec=1   ev/simsec=382.993
     Messages:  created: 178241   present: 604   in FES: 6
** Event #1364224   t=4668.342951197856   Elapsed: 4668.29s (1h 17m)  74% completed  (74% total)
     Speed:     ev/sec=423.253   simsec/sec=0.999998   ev/simsec=423.253
     Messages:  created: 178398   present: 653   in FES: 6
** Event #1364992   t=4670.420719856341   Elapsed: 4670.37s (1h 17m)  74% completed  (74% total)
     Speed:     ev/sec=369.627   simsec/sec=0.999998   ev/simsec=369.627
     Messages:  created: 178506   present: 669   in FES: 6
** Event #1366016   t=4673.043594246882   Elapsed: 4673s (1h 17m)  74% completed  (74% total)
     Speed:     ev/sec=389.409   simsec/sec=0.997433   ev/simsec=390.411
     Messages:  created: 178618   present: 616   in FES: 5
** Event #1366784   t=4675.536997169255   Elapsed: 4675.48s (1h 17m)  74% completed  (74% total)
     Speed:     ev/sec=308.85   simsec/sec=1.00272   ev/simsec=308.013
     Messages:  created: 178711   present: 600   in FES: 6
** Event #1367808   t=4677.820383497077   Elapsed: 4677.79s (1h 17m)  74% completed  (74% total)
     Speed:     ev/sec=443.892   simsec/sec=0.98982   ev/simsec=448.457
     Messages:  created: 178827   present: 552   in FES: 5
** Event #1368832   t=4680.10814625237   Elapsed: 4680.05s (1h 18m)  74% completed  (74% total)
     Speed:     ev/sec=452.241   simsec/sec=1.01037   ev/simsec=447.599
     Messages:  created: 178976   present: 582   in FES: 6
** Event #1369856   t=4682.339751258426   Elapsed: 4682.29s (1h 18m)  74% completed  (74% total)
     Speed:     ev/sec=458.37   simsec/sec=0.998926   ev/simsec=458.863
     Messages:  created: 179140   present: 647   in FES: 5
** Event #1370880   t=4685.137274945466   Elapsed: 4685.08s (1h 18m)  74% completed  (74% total)
     Speed:     ev/sec=366.352   simsec/sec=1.00086   ev/simsec=366.038
     Messages:  created: 179299   present: 704   in FES: 6
** Event #1371904   t=4687.50399068461   Elapsed: 4687.45s (1h 18m)  74% completed  (74% total)
     Speed:     ev/sec=432.477   simsec/sec=0.999561   ev/simsec=432.667
     Messages:  created: 179460   present: 764   in FES: 5
** Event #1372928   t=4689.744175950197   Elapsed: 4689.69s (1h 18m)  74% completed  (74% total)
     Speed:     ev/sec=457.317   simsec/sec=1.00046   ev/simsec=457.105
     Messages:  created: 179578   present: 721   in FES: 6
** Event #1373952   t=4692.223719664643   Elapsed: 4692.17s (1h 18m)  74% completed  (74% total)
     Speed:     ev/sec=412.979   simsec/sec=1   ev/simsec=412.979
     Messages:  created: 179688   present: 663   in FES: 7
** Event #1374976   t=4694.313940879898   Elapsed: 4694.26s (1h 18m)  74% completed  (74% total)
     Speed:     ev/sec=489.9   simsec/sec=1   ev/simsec=489.9
     Messages:  created: 179825   present: 662   in FES: 6
** Event #1376000   t=4696.74267667467   Elapsed: 4696.69s (1h 18m)  74% completed  (74% total)
     Speed:     ev/sec=421.617   simsec/sec=0.999997   ev/simsec=421.619
     Messages:  created: 179947   present: 629   in FES: 7
** Event #1376768   t=4699.384230191548   Elapsed: 4699.33s (1h 18m)  74% completed  (74% total)
     Speed:     ev/sec=290.739   simsec/sec=1   ev/simsec=290.738
     Messages:  created: 180035   present: 598   in FES: 6
** Event #1377792   t=4702.087549791278   Elapsed: 4702.04s (1h 18m)  74% completed  (74% total)
     Speed:     ev/sec=377.289   simsec/sec=0.996028   ev/simsec=378.794
     Messages:  created: 180169   present: 595   in FES: 5
** Event #1378816   t=4704.616255748952   Elapsed: 4704.58s (1h 18m)  74% completed  (74% total)
     Speed:     ev/sec=404.175   simsec/sec=0.998086   ev/simsec=404.95
     Messages:  created: 180281   present: 540   in FES: 5
** Event #1379584   t=4707.193676026612   Elapsed: 4707.14s (1h 18m)  74% completed  (74% total)
     Speed:     ev/sec=299.79   simsec/sec=1.0061   ev/simsec=297.972
     Messages:  created: 180371   present: 516   in FES: 6
** Event #1380352   t=4709.621769050395   Elapsed: 4709.57s (1h 18m)  74% completed  (74% total)
     Speed:     ev/sec=316.291   simsec/sec=0.999979   ev/simsec=316.298
     Messages:  created: 180477   present: 531   in FES: 7
** Event #1381120   t=4712.040006095313   Elapsed: 4711.99s (1h 18m)  74% completed  (74% total)
     Speed:     ev/sec=317.593   simsec/sec=1.00002   ev/simsec=317.587
     Messages:  created: 180559   present: 488   in FES: 6
** Event #1381888   t=4714.311529564843   Elapsed: 4714.26s (1h 18m)  74% completed  (74% total)
     Speed:     ev/sec=338.099   simsec/sec=1   ev/simsec=338.099
     Messages:  created: 180659   present: 486   in FES: 6
** Event #1382656   t=4716.83489471338   Elapsed: 4716.78s (1h 18m)  74% completed  (74% total)
     Speed:     ev/sec=304.355   simsec/sec=1   ev/simsec=304.355
     Messages:  created: 180776   present: 528   in FES: 6
** Event #1383424   t=4719.36204966766   Elapsed: 4719.31s (1h 18m)  74% completed  (74% total)
     Speed:     ev/sec=303.897   simsec/sec=0.999994   ev/simsec=303.899
     Messages:  created: 180862   present: 500   in FES: 7
** Event #1384192   t=4721.576908511287   Elapsed: 4721.53s (1h 18m)  74% completed  (74% total)
     Speed:     ev/sec=346.178   simsec/sec=0.998355   ev/simsec=346.749
     Messages:  created: 180983   present: 545   in FES: 5
** Event #1384960   t=4723.817579836043   Elapsed: 4723.76s (1h 18m)  74% completed  (74% total)
     Speed:     ev/sec=343.316   simsec/sec=1.00164   ev/simsec=342.754
     Messages:  created: 181094   present: 564   in FES: 6
** Event #1385984   t=4726.050786799883   Elapsed: 4726s (1h 18m)  75% completed  (75% total)
     Speed:     ev/sec=458.533   simsec/sec=0.999999   ev/simsec=458.533
     Messages:  created: 181239   present: 586   in FES: 6
** Event #1386496   t=4728.657922041748   Elapsed: 4728.6s (1h 18m)  75% completed  (75% total)
     Speed:     ev/sec=196.384   simsec/sec=1   ev/simsec=196.384
     Messages:  created: 181278   present: 537   in FES: 7
** Event #1388032   t=4731.155804655983   Elapsed: 4731.11s (1h 18m)  75% completed  (75% total)
     Speed:     ev/sec=611.815   simsec/sec=0.99495   ev/simsec=614.921
     Messages:  created: 181571   present: 728   in FES: 5
** Event #1389056   t=4733.399956052453   Elapsed: 4733.35s (1h 18m)  75% completed  (75% total)
     Speed:     ev/sec=458.89   simsec/sec=1.00568   ev/simsec=456.297
     Messages:  created: 181719   present: 753   in FES: 6
** Event #1389824   t=4735.594709435245   Elapsed: 4735.54s (1h 18m)  75% completed  (75% total)
     Speed:     ev/sec=349.925   simsec/sec=0.999999   ev/simsec=349.925
     Messages:  created: 181795   present: 695   in FES: 6
** Event #1390592   t=4737.942815068101   Elapsed: 4737.89s (1h 18m)  75% completed  (75% total)
     Speed:     ev/sec=327.072   simsec/sec=0.999999   ev/simsec=327.072
     Messages:  created: 181900   present: 708   in FES: 6
** Event #1391360   t=4739.965260184604   Elapsed: 4739.91s (1h 18m)  75% completed  (75% total)
     Speed:     ev/sec=379.738   simsec/sec=1   ev/simsec=379.738
     Messages:  created: 181979   present: 653   in FES: 8
** Event #1392384   t=4742.11269275627   Elapsed: 4742.06s (1h 19m)  75% completed  (75% total)
     Speed:     ev/sec=476.847   simsec/sec=0.999997   ev/simsec=476.848
     Messages:  created: 182050   present: 504   in FES: 6
** Event #1393152   t=4744.559530616941   Elapsed: 4744.54s (1h 19m)  75% completed  (75% total)
     Speed:     ev/sec=309.405   simsec/sec=0.985759   ev/simsec=313.874
     Messages:  created: 182144   present: 492   in FES: 5
** Event #1393920   t=4747.164307356192   Elapsed: 4747.11s (1h 19m)  75% completed  (75% total)
     Speed:     ev/sec=298.901   simsec/sec=1.01376   ev/simsec=294.843
     Messages:  created: 182243   present: 491   in FES: 6
** Event #1394944   t=4749.180929489496   Elapsed: 4749.13s (1h 19m)  75% completed  (75% total)
     Speed:     ev/sec=507.512   simsec/sec=0.999472   ev/simsec=507.78
     Messages:  created: 182417   present: 577   in FES: 5
** Event #1395968   t=4751.91792634487   Elapsed: 4751.86s (1h 19m)  75% completed  (75% total)
     Speed:     ev/sec=374.278   simsec/sec=1.00039   ev/simsec=374.133
     Messages:  created: 182580   present: 639   in FES: 6
** Event #1397248   t=4754.504490659597   Elapsed: 4754.45s (1h 19m)  75% completed  (75% total)
     Speed:     ev/sec=494.866   simsec/sec=1   ev/simsec=494.865
     Messages:  created: 182812   present: 774   in FES: 6
** Event #1398016   t=4756.608072540704   Elapsed: 4756.55s (1h 19m)  75% completed  (75% total)
     Speed:     ev/sec=365.091   simsec/sec=0.999999   ev/simsec=365.092
     Messages:  created: 182932   present: 821   in FES: 6
** Event #1399040   t=4759.050291250166   Elapsed: 4759s (1h 19m)  75% completed  (75% total)
     Speed:     ev/sec=418.554   simsec/sec=0.998242   ev/simsec=419.291
     Messages:  created: 183026   present: 728   in FES: 5
** Event #1400064   t=4761.912672179015   Elapsed: 4761.88s (1h 19m)  75% completed  (75% total)
     Speed:     ev/sec=355.792   simsec/sec=0.994543   ev/simsec=357.744
     Messages:  created: 183128   present: 654   in FES: 5
** Event #1401344   t=4764.113439886853   Elapsed: 4764.06s (1h 19m)  75% completed  (75% total)
     Speed:     ev/sec=586.952   simsec/sec=1.00918   ev/simsec=581.615
     Messages:  created: 183288   present: 617   in FES: 6
** Event #1402368   t=4766.738123529847   Elapsed: 4766.68s (1h 19m)  75% completed  (75% total)
     Speed:     ev/sec=390.142   simsec/sec=0.999999   ev/simsec=390.142
     Messages:  created: 183400   present: 562   in FES: 6
** Event #1403392   t=4769.328242305455   Elapsed: 4769.27s (1h 19m)  75% completed  (75% total)
     Speed:     ev/sec=395.349   simsec/sec=1   ev/simsec=395.349
     Messages:  created: 183563   present: 628   in FES: 6
** Event #1404160   t=4771.386050960863   Elapsed: 4771.33s (1h 19m)  75% completed  (75% total)
     Speed:     ev/sec=373.212   simsec/sec=1   ev/simsec=373.213
     Messages:  created: 183685   present: 676   in FES: 7
** Event #1404928   t=4773.556653817072   Elapsed: 4773.5s (1h 19m)  75% completed  (75% total)
     Speed:     ev/sec=353.818   simsec/sec=0.999998   ev/simsec=353.819
     Messages:  created: 183759   present: 615   in FES: 6
** Event #1405696   t=4775.689677166531   Elapsed: 4775.64s (1h 19m)  75% completed  (75% total)
     Speed:     ev/sec=360.052   simsec/sec=1   ev/simsec=360.052
     Messages:  created: 183855   present: 600   in FES: 6
** Event #1406464   t=4778.118119438978   Elapsed: 4778.06s (1h 19m)  75% completed  (75% total)
     Speed:     ev/sec=316.252   simsec/sec=1   ev/simsec=316.252
     Messages:  created: 183929   present: 544   in FES: 6
** Event #1407232   t=4780.205758345756   Elapsed: 4780.15s (1h 19m)  75% completed  (75% total)
     Speed:     ev/sec=367.868   simsec/sec=0.999969   ev/simsec=367.88
     Messages:  created: 184011   present: 497   in FES: 7
** Event #1408000   t=4782.981606829143   Elapsed: 4782.93s (1h 19m)  75% completed  (75% total)
     Speed:     ev/sec=276.679   simsec/sec=1.00003   ev/simsec=276.672
     Messages:  created: 184091   present: 454   in FES: 7
** Event #1408768   t=4785.92904611433   Elapsed: 4785.87s (1h 19m)  75% completed  (75% total)
     Speed:     ev/sec=260.565   simsec/sec=0.999998   ev/simsec=260.565
     Messages:  created: 184171   present: 414   in FES: 8
** Event #1409536   t=4788.27328264791   Elapsed: 4788.22s (1h 19m)  76% completed  (76% total)
     Speed:     ev/sec=327.613   simsec/sec=1   ev/simsec=327.612
     Messages:  created: 184291   present: 460   in FES: 7
** Event #1410560   t=4790.641893687946   Elapsed: 4790.59s (1h 19m)  76% completed  (76% total)
     Speed:     ev/sec=432.321   simsec/sec=0.999999   ev/simsec=432.321
     Messages:  created: 184466   present: 547   in FES: 6
** Event #1411328   t=4792.89102930027   Elapsed: 4792.84s (1h 19m)  76% completed  (76% total)
     Speed:     ev/sec=341.464   simsec/sec=1   ev/simsec=341.465
     Messages:  created: 184593   present: 607   in FES: 7
** Event #1412096   t=4795.156889672226   Elapsed: 4795.1s (1h 19m)  76% completed  (76% total)
     Speed:     ev/sec=338.944   simsec/sec=1   ev/simsec=338.944
     Messages:  created: 184707   present: 642   in FES: 6
** Event #1412864   t=4797.911573171343   Elapsed: 4797.86s (1h 19m)  76% completed  (76% total)
     Speed:     ev/sec=278.798   simsec/sec=0.999999   ev/simsec=278.798
     Messages:  created: 184821   present: 678   in FES: 7
** Event #1413888   t=4800.020876763243   Elapsed: 4799.97s (1h 19m)  76% completed  (76% total)
     Speed:     ev/sec=485.468   simsec/sec=1   ev/simsec=485.468
     Messages:  created: 184943   present: 643   in FES: 8
** Event #1415168   t=4802.595754113616   Elapsed: 4802.54s (1h 20m)  76% completed  (76% total)
     Speed:     ev/sec=497.111   simsec/sec=1   ev/simsec=497.111
     Messages:  created: 185121   present: 652   in FES: 6
** Event #1416448   t=4805.285495769348   Elapsed: 4805.23s (1h 20m)  76% completed  (76% total)
     Speed:     ev/sec=475.535   simsec/sec=0.999271   ev/simsec=475.882
     Messages:  created: 185317   present: 708   in FES: 5
** Event #1417472   t=4807.84554988931   Elapsed: 4807.79s (1h 20m)  76% completed  (76% total)
     Speed:     ev/sec=400.299   simsec/sec=1.00077   ev/simsec=399.992
     Messages:  created: 185475   present: 760   in FES: 6
** Event #1418496   t=4810.048156482474   Elapsed: 4809.99s (1h 20m)  76% completed  (76% total)
     Speed:     ev/sec=464.903   simsec/sec=0.999999   ev/simsec=464.904
     Messages:  created: 185621   present: 779   in FES: 6
** Event #1419264   t=4812.13138191517   Elapsed: 4812.08s (1h 20m)  76% completed  (76% total)
     Speed:     ev/sec=367.678   simsec/sec=0.997339   ev/simsec=368.659
     Messages:  created: 185690   present: 705   in FES: 5
** Event #1420544   t=4814.485755549451   Elapsed: 4814.43s (1h 20m)  76% completed  (76% total)
     Speed:     ev/sec=544.954   simsec/sec=1.00236   ev/simsec=543.669
     Messages:  created: 185859   present: 691   in FES: 8
** Event #1421568   t=4816.70906396551   Elapsed: 4816.65s (1h 20m)  76% completed  (76% total)
     Speed:     ev/sec=460.574   simsec/sec=0.999998   ev/simsec=460.575
     Messages:  created: 185999   present: 700   in FES: 7
** Event #1422592   t=4818.956448745747   Elapsed: 4818.9s (1h 20m)  76% completed  (76% total)
     Speed:     ev/sec=455.643   simsec/sec=1   ev/simsec=455.641
     Messages:  created: 186131   present: 690   in FES: 6
** Event #1423616   t=4821.125159730788   Elapsed: 4821.07s (1h 20m)  76% completed  (76% total)
     Speed:     ev/sec=472.094   simsec/sec=0.99984   ev/simsec=472.17
     Messages:  created: 186292   present: 740   in FES: 5
** Event #1424640   t=4823.246936756024   Elapsed: 4823.19s (1h 20m)  76% completed  (76% total)
     Speed:     ev/sec=482.693   simsec/sec=1.00016   ev/simsec=482.614
     Messages:  created: 186441   present: 766   in FES: 6
** Event #1425920   t=4825.445215255478   Elapsed: 4825.39s (1h 20m)  76% completed  (76% total)
     Speed:     ev/sec=582.269   simsec/sec=0.999991   ev/simsec=582.274
     Messages:  created: 186637   present: 818   in FES: 7
** Event #1426944   t=4828.034795967692   Elapsed: 4827.98s (1h 20m)  76% completed  (76% total)
     Speed:     ev/sec=395.433   simsec/sec=1   ev/simsec=395.431
     Messages:  created: 186774   present: 819   in FES: 6
** Event #1428224   t=4830.38113568761   Elapsed: 4830.34s (1h 20m)  76% completed  (76% total)
     Speed:     ev/sec=543.384   simsec/sec=0.996065   ev/simsec=545.531
     Messages:  created: 186942   present: 807   in FES: 5
** Event #1429504   t=4832.604618078003   Elapsed: 4832.57s (1h 20m)  76% completed  (76% total)
     Speed:     ev/sec=574.068   simsec/sec=0.997211   ev/simsec=575.674
     Messages:  created: 187129   present: 838   in FES: 5
** Event #1430528   t=4834.877425762213   Elapsed: 4834.82s (1h 20m)  76% completed  (76% total)
     Speed:     ev/sec=453.634   simsec/sec=1.00686   ev/simsec=450.544
     Messages:  created: 187227   present: 749   in FES: 8
** Event #1431296   t=4837.064440261697   Elapsed: 4837.01s (1h 20m)  76% completed  (76% total)
     Speed:     ev/sec=351.165   simsec/sec=1.00001   ev/simsec=351.164
     Messages:  created: 187303   present: 690   in FES: 6
** Event #1432064   t=4839.213261325601   Elapsed: 4839.16s (1h 20m)  76% completed  (76% total)
     Speed:     ev/sec=357.405   simsec/sec=0.999999   ev/simsec=357.405
     Messages:  created: 187374   present: 623   in FES: 8
** Event #1433088   t=4841.592518696553   Elapsed: 4841.55s (1h 20m)  76% completed  (76% total)
     Speed:     ev/sec=429.031   simsec/sec=0.99685   ev/simsec=430.386
     Messages:  created: 187491   present: 581   in FES: 5
** Event #1434112   t=4843.873643895323   Elapsed: 4843.82s (1h 20m)  76% completed  (76% total)
     Speed:     ev/sec=450.386   simsec/sec=1.00331   ev/simsec=448.901
     Messages:  created: 187598   present: 510   in FES: 8
** Event #1434880   t=4846.046065196476   Elapsed: 4845.99s (1h 20m)  76% completed  (76% total)
     Speed:     ev/sec=353.523   simsec/sec=1   ev/simsec=353.523
     Messages:  created: 187713   present: 543   in FES: 6
** Event #1435648   t=4848.136944737612   Elapsed: 4848.08s (1h 20m)  76% completed  (76% total)
     Speed:     ev/sec=367.309   simsec/sec=0.999999   ev/simsec=367.31
     Messages:  created: 187854   present: 631   in FES: 6
** Event #1436672   t=4850.413434619598   Elapsed: 4850.42s (1h 20m)  76% completed  (76% total)
     Speed:     ev/sec=438.575   simsec/sec=0.975012   ev/simsec=449.815
     Messages:  created: 188008   present: 671   in FES: 5
** Event #1437696   t=4852.711318676159   Elapsed: 4852.66s (1h 20m)  77% completed  (77% total)
     Speed:     ev/sec=457.237   simsec/sec=1.02605   ev/simsec=445.627
     Messages:  created: 188166   present: 720   in FES: 6
** Event #1438976   t=4855.186533899696   Elapsed: 4855.13s (1h 20m)  77% completed  (77% total)
     Speed:     ev/sec=517.125   simsec/sec=0.999996   ev/simsec=517.127
     Messages:  created: 188383   present: 826   in FES: 6
** Event #1440000   t=4857.579391832448   Elapsed: 4857.52s (1h 20m)  77% completed  (77% total)
     Speed:     ev/sec=427.941   simsec/sec=1   ev/simsec=427.94
     Messages:  created: 188501   present: 783   in FES: 6
** Event #1440768   t=4859.65502115069   Elapsed: 4859.6s (1h 20m)  77% completed  (77% total)
     Speed:     ev/sec=369.988   simsec/sec=0.999944   ev/simsec=370.008
     Messages:  created: 188584   present: 741   in FES: 7
** Event #1441536   t=4861.657178128697   Elapsed: 4861.6s (1h 21m)  77% completed  (77% total)
     Speed:     ev/sec=383.606   simsec/sec=1.00005   ev/simsec=383.586
     Messages:  created: 188661   present: 681   in FES: 7
** Event #1442560   t=4863.81396340157   Elapsed: 4863.77s (1h 21m)  77% completed  (77% total)
     Speed:     ev/sec=472.777   simsec/sec=0.995779   ev/simsec=474.781
     Messages:  created: 188745   present: 560   in FES: 5
** Event #1443584   t=4866.135976850843   Elapsed: 4866.08s (1h 21m)  77% completed  (77% total)
     Speed:     ev/sec=442.74   simsec/sec=1.00395   ev/simsec=440.997
     Messages:  created: 188883   present: 562   in FES: 7
** Event #1444352   t=4868.262303858259   Elapsed: 4868.21s (1h 21m)  77% completed  (77% total)
     Speed:     ev/sec=361.188   simsec/sec=1.00001   ev/simsec=361.186
     Messages:  created: 188981   present: 556   in FES: 8
** Event #1445120   t=4870.512821564915   Elapsed: 4870.5s (1h 21m)  77% completed  (77% total)
     Speed:     ev/sec=335.14   simsec/sec=0.982081   ev/simsec=341.255
     Messages:  created: 189090   present: 572   in FES: 5
** Event #1445888   t=4873.222169773841   Elapsed: 4873.18s (1h 21m)  77% completed  (77% total)
     Speed:     ev/sec=286.969   simsec/sec=1.01237   ev/simsec=283.463
     Messages:  created: 189187   present: 570   in FES: 5
** Event #1446656   t=4875.296535522717   Elapsed: 4875.24s (1h 21m)  77% completed  (77% total)
     Speed:     ev/sec=371.659   simsec/sec=1.00385   ev/simsec=370.234
     Messages:  created: 189274   present: 541   in FES: 7
** Event #1447936   t=4877.72269111628   Elapsed: 4877.67s (1h 21m)  77% completed  (77% total)
     Speed:     ev/sec=527.216   simsec/sec=0.999304   ev/simsec=527.584
     Messages:  created: 189487   present: 631   in FES: 5
** Event #1448960   t=4879.849530039502   Elapsed: 4879.79s (1h 21m)  77% completed  (77% total)
     Speed:     ev/sec=481.85   simsec/sec=1.0008   ev/simsec=481.466
     Messages:  created: 189649   present: 691   in FES: 6
** Event #1449984   t=4882.412913026702   Elapsed: 4882.36s (1h 21m)  77% completed  (77% total)
     Speed:     ev/sec=399.471   simsec/sec=0.999998   ev/simsec=399.472
     Messages:  created: 189811   present: 751   in FES: 6
** Event #1450752   t=4884.706717141745   Elapsed: 4884.68s (1h 21m)  77% completed  (77% total)
     Speed:     ev/sec=330.084   simsec/sec=0.985869   ev/simsec=334.815
     Messages:  created: 189917   present: 768   in FES: 5
** Event #1452032   t=4887.083287837117   Elapsed: 4887.03s (1h 21m)  77% completed  (77% total)
     Speed:     ev/sec=546.148   simsec/sec=1.01403   ev/simsec=538.591
     Messages:  created: 190078   present: 733   in FES: 6
** Event #1453056   t=4889.647927780278   Elapsed: 4889.59s (1h 21m)  77% completed  (77% total)
     Speed:     ev/sec=399.276   simsec/sec=1   ev/simsec=399.276
     Messages:  created: 190174   present: 641   in FES: 7
** Event #1453824   t=4891.76608981297   Elapsed: 4891.71s (1h 21m)  77% completed  (77% total)
     Speed:     ev/sec=362.578   simsec/sec=0.999998   ev/simsec=362.578
     Messages:  created: 190253   present: 587   in FES: 6
** Event #1454592   t=4894.361610535743   Elapsed: 4894.31s (1h 21m)  77% completed  (77% total)
     Speed:     ev/sec=295.895   simsec/sec=1   ev/simsec=295.894
     Messages:  created: 190335   present: 550   in FES: 7
** Event #1455616   t=4896.7549055535   Elapsed: 4896.7s (1h 21m)  77% completed  (77% total)
     Speed:     ev/sec=427.862   simsec/sec=1   ev/simsec=427.862
     Messages:  created: 190441   present: 477   in FES: 6
** Event #1456384   t=4898.782554373149   Elapsed: 4898.73s (1h 21m)  77% completed  (77% total)
     Speed:     ev/sec=377.666   simsec/sec=0.997102   ev/simsec=378.764
     Messages:  created: 190556   present: 509   in FES: 5
** Event #1456896   t=4901.123665710142   Elapsed: 4901.07s (1h 21m)  77% completed  (77% total)
     Speed:     ev/sec=219.252   simsec/sec=1.00252   ev/simsec=218.7
     Messages:  created: 190618   present: 503   in FES: 6
** Event #1457664   t=4903.26484428783   Elapsed: 4903.22s (1h 21m)  77% completed  (77% total)
     Speed:     ev/sec=357.699   simsec/sec=0.997263   ev/simsec=358.681
     Messages:  created: 190730   present: 528   in FES: 5
** Event #1458432   t=4905.541610348984   Elapsed: 4905.49s (1h 21m)  77% completed  (77% total)
     Speed:     ev/sec=338.192   simsec/sec=1.00258   ev/simsec=337.321
     Messages:  created: 190850   present: 576   in FES: 6
** Event #1459200   t=4907.555706023347   Elapsed: 4907.52s (1h 21m)  77% completed  (77% total)
     Speed:     ev/sec=378.232   simsec/sec=0.991921   ev/simsec=381.313
     Messages:  created: 190944   present: 558   in FES: 5
** Event #1459968   t=4909.602883672482   Elapsed: 4909.55s (1h 21m)  77% completed  (77% total)
     Speed:     ev/sec=378.183   simsec/sec=1.00808   ev/simsec=375.151
     Messages:  created: 191048   present: 567   in FES: 6
** Event #1460736   t=4911.890857144144   Elapsed: 4911.84s (1h 21m)  77% completed  (77% total)
     Speed:     ev/sec=334.91   simsec/sec=0.99774   ev/simsec=335.668
     Messages:  created: 191174   present: 626   in FES: 5
** Event #1461760   t=4914.5049355139   Elapsed: 4914.45s (1h 21m)  78% completed  (78% total)
     Speed:     ev/sec=391.806   simsec/sec=1.00021   ev/simsec=391.725
     Messages:  created: 191307   present: 622   in FES: 5
** Event #1462784   t=4916.713349156856   Elapsed: 4916.66s (1h 21m)  78% completed  (78% total)
     Speed:     ev/sec=464.654   simsec/sec=1.0021   ev/simsec=463.681
     Messages:  created: 191459   present: 660   in FES: 7
** Event #1463552   t=4919.432232240374   Elapsed: 4919.38s (1h 21m)  78% completed  (78% total)
     Speed:     ev/sec=282.471   simsec/sec=1.00001   ev/simsec=282.469
     Messages:  created: 191535   present: 608   in FES: 6
** Event #1464832   t=4921.73288549907   Elapsed: 4921.68s (1h 22m)  78% completed  (78% total)
     Speed:     ev/sec=556.364   simsec/sec=1   ev/simsec=556.364
     Messages:  created: 191741   present: 685   in FES: 6
** Event #1465600   t=4923.92745082491   Elapsed: 4923.87s (1h 22m)  78% completed  (78% total)
     Speed:     ev/sec=349.956   simsec/sec=1   ev/simsec=349.955
     Messages:  created: 191824   present: 642   in FES: 7
** Event #1466624   t=4926.533041711033   Elapsed: 4926.48s (1h 22m)  78% completed  (78% total)
     Speed:     ev/sec=393.001   simsec/sec=0.999999   ev/simsec=393.001
     Messages:  created: 191936   present: 588   in FES: 6
** Event #1467392   t=4928.547221179257   Elapsed: 4928.49s (1h 22m)  78% completed  (78% total)
     Speed:     ev/sec=381.297   simsec/sec=1   ev/simsec=381.297
     Messages:  created: 192062   present: 647   in FES: 6
** Event #1468416   t=4930.771643441395   Elapsed: 4930.72s (1h 22m)  78% completed  (78% total)
     Speed:     ev/sec=460.343   simsec/sec=0.999997   ev/simsec=460.344
     Messages:  created: 192212   present: 678   in FES: 7
** Event #1469184   t=4932.821325011725   Elapsed: 4932.77s (1h 22m)  78% completed  (78% total)
     Speed:     ev/sec=374.693   simsec/sec=1   ev/simsec=374.692
     Messages:  created: 192284   present: 606   in FES: 7
** Event #1470208   t=4935.599640939945   Elapsed: 4935.54s (1h 22m)  78% completed  (78% total)
     Speed:     ev/sec=368.568   simsec/sec=0.999999   ev/simsec=368.569
     Messages:  created: 192429   present: 633   in FES: 8
** Event #1470976   t=4937.600975919931   Elapsed: 4937.55s (1h 22m)  78% completed  (78% total)
     Speed:     ev/sec=383.745   simsec/sec=1   ev/simsec=383.744
     Messages:  created: 192524   present: 617   in FES: 6
** Event #1472000   t=4940.011796561543   Elapsed: 4939.96s (1h 22m)  78% completed  (78% total)
     Speed:     ev/sec=424.753   simsec/sec=1   ev/simsec=424.752
     Messages:  created: 192650   present: 596   in FES: 7
** Event #1472768   t=4942.012743471926   Elapsed: 4941.96s (1h 22m)  78% completed  (78% total)
     Speed:     ev/sec=383.816   simsec/sec=0.999994   ev/simsec=383.818
     Messages:  created: 192746   present: 584   in FES: 6
** Event #1473536   t=4944.33273608785   Elapsed: 4944.36s (1h 22m)  78% completed  (78% total)
     Speed:     ev/sec=320.08   simsec/sec=0.966905   ev/simsec=331.036
     Messages:  created: 192847   present: 584   in FES: 5
** Event #1474304   t=4946.732406363569   Elapsed: 4946.68s (1h 22m)  78% completed  (78% total)
     Speed:     ev/sec=330.998   simsec/sec=1.03423   ev/simsec=320.044
     Messages:  created: 192932   present: 550   in FES: 6
** Event #1475072   t=4949.129840341738   Elapsed: 4949.08s (1h 22m)  78% completed  (78% total)
     Speed:     ev/sec=320.35   simsec/sec=1.00002   ev/simsec=320.343
     Messages:  created: 193018   present: 518   in FES: 6
** Event #1475840   t=4951.157708808588   Elapsed: 4951.1s (1h 22m)  78% completed  (78% total)
     Speed:     ev/sec=378.713   simsec/sec=0.999974   ev/simsec=378.723
     Messages:  created: 193122   present: 524   in FES: 7
** Event #1476608   t=4953.417061800848   Elapsed: 4953.36s (1h 22m)  78% completed  (78% total)
     Speed:     ev/sec=339.919   simsec/sec=0.999997   ev/simsec=339.92
     Messages:  created: 193209   present: 493   in FES: 7
** Event #1477376   t=4955.924037214818   Elapsed: 4955.87s (1h 22m)  78% completed  (78% total)
     Speed:     ev/sec=306.346   simsec/sec=1   ev/simsec=306.345
     Messages:  created: 193316   present: 507   in FES: 6
** Event #1478144   t=4958.700056401513   Elapsed: 4958.65s (1h 22m)  78% completed  (78% total)
     Speed:     ev/sec=276.654   simsec/sec=0.999998   ev/simsec=276.655
     Messages:  created: 193427   present: 536   in FES: 6
** Event #1479168   t=4961.352019189973   Elapsed: 4961.3s (1h 22m)  78% completed  (78% total)
     Speed:     ev/sec=386.13   simsec/sec=1   ev/simsec=386.129
     Messages:  created: 193563   present: 539   in FES: 6
** Event #1479936   t=4963.769914876743   Elapsed: 4963.72s (1h 22m)  78% completed  (78% total)
     Speed:     ev/sec=317.631   simsec/sec=0.999998   ev/simsec=317.632
     Messages:  created: 193667   present: 547   in FES: 6
** Event #1480704   t=4966.23715384118   Elapsed: 4966.18s (1h 22m)  78% completed  (78% total)
     Speed:     ev/sec=311.28   simsec/sec=1   ev/simsec=311.279
     Messages:  created: 193767   present: 546   in FES: 7
** Event #1481728   t=4968.919155187792   Elapsed: 4968.86s (1h 22m)  78% completed  (78% total)
     Speed:     ev/sec=381.801   simsec/sec=0.999992   ev/simsec=381.804
     Messages:  created: 193915   present: 577   in FES: 6
** Event #1482496   t=4971.561161232087   Elapsed: 4971.51s (1h 22m)  78% completed  (78% total)
     Speed:     ev/sec=290.69   simsec/sec=1.00001   ev/simsec=290.688
     Messages:  created: 193995   present: 530   in FES: 6
** Event #1483264   t=4974.027725818118   Elapsed: 4973.97s (1h 22m)  78% completed  (78% total)
     Speed:     ev/sec=311.157   simsec/sec=0.999335   ev/simsec=311.364
     Messages:  created: 194085   present: 509   in FES: 5
** Event #1483776   t=4976.231842380656   Elapsed: 4976.18s (1h 22m)  78% completed  (78% total)
     Speed:     ev/sec=232.465   simsec/sec=1.00074   ev/simsec=232.293
     Messages:  created: 194135   present: 474   in FES: 7
** Event #1484544   t=4978.666173843056   Elapsed: 4978.61s (1h 22m)  79% completed  (79% total)
     Speed:     ev/sec=315.489   simsec/sec=1   ev/simsec=315.487
     Messages:  created: 194209   present: 411   in FES: 7
** Event #1485312   t=4980.96268916307   Elapsed: 4980.91s (1h 23m)  79% completed  (79% total)
     Speed:     ev/sec=334.419   simsec/sec=0.999999   ev/simsec=334.42
     Messages:  created: 194315   present: 431   in FES: 6
** Event #1486080   t=4983.701451931438   Elapsed: 4983.65s (1h 23m)  79% completed  (79% total)
     Speed:     ev/sec=280.423   simsec/sec=1.00002   ev/simsec=280.419
     Messages:  created: 194427   present: 461   in FES: 6
** Event #1486848   t=4986.198832845887   Elapsed: 4986.14s (1h 23m)  79% completed  (79% total)
     Speed:     ev/sec=307.522   simsec/sec=0.999999   ev/simsec=307.522
     Messages:  created: 194536   present: 484   in FES: 6
** Event #1487616   t=4989.046242721122   Elapsed: 4988.99s (1h 23m)  79% completed  (79% total)
     Speed:     ev/sec=269.715   simsec/sec=0.999985   ev/simsec=269.719
     Messages:  created: 194630   present: 480   in FES: 6
** Event #1488384   t=4991.139728328556   Elapsed: 4991.09s (1h 23m)  79% completed  (79% total)
     Speed:     ev/sec=366.851   simsec/sec=0.999997   ev/simsec=366.852
     Messages:  created: 194755   present: 537   in FES: 6
** Event #1489152   t=4993.37132647849   Elapsed: 4993.32s (1h 23m)  79% completed  (79% total)
     Speed:     ev/sec=344.147   simsec/sec=0.999998   ev/simsec=344.148
     Messages:  created: 194870   present: 566   in FES: 7
** Event #1489920   t=4995.886278490977   Elapsed: 4995.83s (1h 23m)  79% completed  (79% total)
     Speed:     ev/sec=305.374   simsec/sec=1   ev/simsec=305.374
     Messages:  created: 194964   present: 552   in FES: 6
** Event #1490688   t=4998.02394082315   Elapsed: 4997.97s (1h 23m)  79% completed  (79% total)
     Speed:     ev/sec=359.271   simsec/sec=1   ev/simsec=359.271
     Messages:  created: 195081   present: 591   in FES: 6
** Event #1491456   t=5000.41136886325   Elapsed: 5000.36s (1h 23m)  79% completed  (79% total)
     Speed:     ev/sec=321.685   simsec/sec=0.999999   ev/simsec=321.685
     Messages:  created: 195170   present: 568   in FES: 7
** Event #1492480   t=5002.969157299823   Elapsed: 5002.91s (1h 23m)  79% completed  (79% total)
     Speed:     ev/sec=400.346   simsec/sec=1   ev/simsec=400.346
     Messages:  created: 195286   present: 524   in FES: 6
** Event #1493504   t=5005.592484385642   Elapsed: 5005.54s (1h 23m)  79% completed  (79% total)
     Speed:     ev/sec=390.343   simsec/sec=0.999996   ev/simsec=390.344
     Messages:  created: 195458   present: 607   in FES: 7
** Event #1494528   t=5007.935114511894   Elapsed: 5007.88s (1h 23m)  79% completed  (79% total)
     Speed:     ev/sec=437.117   simsec/sec=1   ev/simsec=437.116
     Messages:  created: 195611   present: 643   in FES: 6
** Event #1495552   t=5010.5045249659   Elapsed: 5010.45s (1h 23m)  79% completed  (79% total)
     Speed:     ev/sec=398.495   simsec/sec=0.999899   ev/simsec=398.535
     Messages:  created: 195768   present: 694   in FES: 5
** Event #1496320   t=5013.124719024335   Elapsed: 5013.07s (1h 23m)  79% completed  (79% total)
     Speed:     ev/sec=293.089   simsec/sec=0.999934   ev/simsec=293.108
     Messages:  created: 195854   present: 663   in FES: 5
** Event #1497344   t=5015.408002452041   Elapsed: 5015.35s (1h 23m)  79% completed  (79% total)
     Speed:     ev/sec=448.562   simsec/sec=1.00019   ev/simsec=448.477
     Messages:  created: 195980   present: 635   in FES: 6
** Event #1498624   t=5017.866863672212   Elapsed: 5017.81s (1h 23m)  79% completed  (79% total)
     Speed:     ev/sec=520.565   simsec/sec=0.999997   ev/simsec=520.566
     Messages:  created: 196165   present: 665   in FES: 6
** Event #1499392   t=5020.136152619334   Elapsed: 5020.08s (1h 23m)  79% completed  (79% total)
     Speed:     ev/sec=338.433   simsec/sec=1   ev/simsec=338.432
     Messages:  created: 196243   present: 612   in FES: 8
** Event #1500160   t=5022.312501195823   Elapsed: 5022.26s (1h 23m)  79% completed  (79% total)
     Speed:     ev/sec=352.885   simsec/sec=1   ev/simsec=352.885
     Messages:  created: 196349   present: 620   in FES: 6
** Event #1500672   t=5024.40453998922   Elapsed: 5024.35s (1h 23m)  79% completed  (79% total)
     Speed:     ev/sec=244.737   simsec/sec=1   ev/simsec=244.737
     Messages:  created: 196397   present: 581   in FES: 7
** Event #1501440   t=5026.492515737556   Elapsed: 5026.44s (1h 23m)  79% completed  (79% total)
     Speed:     ev/sec=367.816   simsec/sec=0.999989   ev/simsec=367.82
     Messages:  created: 196454   present: 476   in FES: 7
** Event #1502208   t=5028.965849746219   Elapsed: 5028.91s (1h 23m)  79% completed  (79% total)
     Speed:     ev/sec=310.515   simsec/sec=1.00001   ev/simsec=310.512
     Messages:  created: 196539   present: 441   in FES: 6
** Event #1502976   t=5031.578621732042   Elapsed: 5031.52s (1h 23m)  79% completed  (79% total)
     Speed:     ev/sec=293.94   simsec/sec=0.999999   ev/simsec=293.941
     Messages:  created: 196634   present: 429   in FES: 6
** Event #1503488   t=5033.597825503819   Elapsed: 5033.54s (1h 23m)  79% completed  (79% total)
     Speed:     ev/sec=253.566   simsec/sec=1   ev/simsec=253.565
     Messages:  created: 196699   present: 425   in FES: 6
** Event #1504000   t=5035.742383551675   Elapsed: 5035.69s (1h 23m)  79% completed  (79% total)
     Speed:     ev/sec=238.744   simsec/sec=1   ev/simsec=238.744
     Messages:  created: 196760   present: 417   in FES: 6
** Event #1504768   t=5038.17632400883   Elapsed: 5038.12s (1h 23m)  79% completed  (79% total)
     Speed:     ev/sec=315.538   simsec/sec=0.999999   ev/simsec=315.538
     Messages:  created: 196893   present: 488   in FES: 6
** Event #1505536   t=5040.755972206914   Elapsed: 5040.72s (1h 24m)  80% completed  (80% total)
     Speed:     ev/sec=295.96   simsec/sec=0.994104   ev/simsec=297.715
     Messages:  created: 196980   present: 462   in FES: 5
** Event #1506048   t=5042.99669313895   Elapsed: 5042.94s (1h 24m)  80% completed  (80% total)
     Speed:     ev/sec=230.069   simsec/sec=1.00687   ev/simsec=228.498
     Messages:  created: 197053   present: 480   in FES: 6
** Event #1506816   t=5045.041973083871   Elapsed: 5044.99s (1h 24m)  80% completed  (80% total)
     Speed:     ev/sec=375.5   simsec/sec=1   ev/simsec=375.499
     Messages:  created: 197175   present: 530   in FES: 6
** Event #1507840   t=5047.415861755314   Elapsed: 5047.36s (1h 24m)  80% completed  (80% total)
     Speed:     ev/sec=431.358   simsec/sec=0.999997   ev/simsec=431.36
     Messages:  created: 197337   present: 587   in FES: 6
** Event #1508608   t=5049.672846722245   Elapsed: 5049.67s (1h 24m)  80% completed  (80% total)
     Speed:     ev/sec=332.275   simsec/sec=0.976484   ev/simsec=340.277
     Messages:  created: 197452   present: 620   in FES: 5
** Event #1509120   t=5052.066684444675   Elapsed: 5052.02s (1h 24m)  80% completed  (80% total)
     Speed:     ev/sec=218.517   simsec/sec=1.02167   ev/simsec=213.883
     Messages:  created: 197493   present: 569   in FES: 5
** Event #1509888   t=5054.409034892371   Elapsed: 5054.35s (1h 24m)  80% completed  (80% total)
     Speed:     ev/sec=328.378   simsec/sec=1.00153   ev/simsec=327.876
     Messages:  created: 197606   present: 598   in FES: 6
** Event #1511168   t=5056.477652040323   Elapsed: 5056.42s (1h 24m)  80% completed  (80% total)
     Speed:     ev/sec=618.346   simsec/sec=0.999313   ev/simsec=618.771
     Messages:  created: 197770   present: 579   in FES: 5
** Event #1512192   t=5058.98744468192   Elapsed: 5058.93s (1h 24m)  80% completed  (80% total)
     Speed:     ev/sec=408.232   simsec/sec=1.00056   ev/simsec=408.002
     Messages:  created: 197919   present: 606   in FES: 6
** Event #1512960   t=5061.098176769317   Elapsed: 5061.04s (1h 24m)  80% completed  (80% total)
     Speed:     ev/sec=363.855   simsec/sec=1   ev/simsec=363.855
     Messages:  created: 198031   present: 633   in FES: 7
** Event #1513728   t=5063.304156714896   Elapsed: 5063.25s (1h 24m)  80% completed  (80% total)
     Speed:     ev/sec=347.574   simsec/sec=0.99836   ev/simsec=348.145
     Messages:  created: 198154   present: 686   in FES: 5
** Event #1514496   t=5065.595374959916   Elapsed: 5065.54s (1h 24m)  80% completed  (80% total)
     Speed:     ev/sec=335.104   simsec/sec=0.999734   ev/simsec=335.193
     Messages:  created: 198260   present: 697   in FES: 5
** Event #1515776   t=5067.990366054593   Elapsed: 5067.97s (1h 24m)  80% completed  (80% total)
     Speed:     ev/sec=528.431   simsec/sec=0.98874   ev/simsec=534.449
     Messages:  created: 198410   present: 643   in FES: 5
** Event #1516800   t=5070.108208485919   Elapsed: 5070.05s (1h 24m)  80% completed  (80% total)
     Speed:     ev/sec=490.814   simsec/sec=1.0151   ev/simsec=483.511
     Messages:  created: 198575   present: 704   in FES: 6
** Event #1517824   t=5072.233647200945   Elapsed: 5072.18s (1h 24m)  80% completed  (80% total)
     Speed:     ev/sec=481.783   simsec/sec=1   ev/simsec=481.783
     Messages:  created: 198725   present: 733   in FES: 6
** Event #1518592   t=5074.356127321645   Elapsed: 5074.3s (1h 24m)  80% completed  (80% total)
     Speed:     ev/sec=361.841   simsec/sec=1   ev/simsec=361.841
     Messages:  created: 198830   present: 741   in FES: 7
** Event #1519360   t=5077.230521220223   Elapsed: 5077.18s (1h 24m)  80% completed  (80% total)
     Speed:     ev/sec=267.187   simsec/sec=1   ev/simsec=267.187
     Messages:  created: 198879   present: 625   in FES: 8
** Event #1520640   t=5079.350782767931   Elapsed: 5079.3s (1h 24m)  80% completed  (80% total)
     Speed:     ev/sec=603.699   simsec/sec=0.999999   ev/simsec=603.699
     Messages:  created: 199073   present: 669   in FES: 6
** Event #1521920   t=5081.714013967493   Elapsed: 5081.66s (1h 24m)  80% completed  (80% total)
     Speed:     ev/sec=541.632   simsec/sec=1   ev/simsec=541.631
     Messages:  created: 199241   present: 656   in FES: 6
** Event #1522944   t=5084.384167734067   Elapsed: 5084.33s (1h 24m)  80% completed  (80% total)
     Speed:     ev/sec=383.267   simsec/sec=0.999397   ev/simsec=383.499
     Messages:  created: 199374   present: 651   in FES: 5
** Event #1523712   t=5086.9687156614   Elapsed: 5086.91s (1h 24m)  80% completed  (80% total)
     Speed:     ev/sec=297.336   simsec/sec=1.00062   ev/simsec=297.151
     Messages:  created: 199493   present: 695   in FES: 7
** Event #1524736   t=5089.461461837334   Elapsed: 5089.41s (1h 24m)  80% completed  (80% total)
     Speed:     ev/sec=410.791   simsec/sec=0.999998   ev/simsec=410.792
     Messages:  created: 199599   present: 627   in FES: 7
** Event #1525760   t=5091.671658074217   Elapsed: 5091.62s (1h 24m)  80% completed  (80% total)
     Speed:     ev/sec=463.307   simsec/sec=1   ev/simsec=463.307
     Messages:  created: 199724   present: 597   in FES: 7
** Event #1527040   t=5094.082498477766   Elapsed: 5094.03s (1h 24m)  80% completed  (80% total)
     Speed:     ev/sec=530.936   simsec/sec=1   ev/simsec=530.935
     Messages:  created: 199928   present: 669   in FES: 6
** Event #1528320   t=5096.685675997347   Elapsed: 5096.63s (1h 24m)  80% completed  (80% total)
     Speed:     ev/sec=491.707   simsec/sec=1   ev/simsec=491.707
     Messages:  created: 200142   present: 766   in FES: 6
** Event #1529088   t=5099.329398586258   Elapsed: 5099.28s (1h 24m)  80% completed  (80% total)
     Speed:     ev/sec=290.331   simsec/sec=0.999421   ev/simsec=290.499
     Messages:  created: 200228   present: 738   in FES: 5
** Event #1530112   t=5101.336517383964   Elapsed: 5101.32s (1h 25m)  80% completed  (80% total)
     Speed:     ev/sec=500.944   simsec/sec=0.981889   ev/simsec=510.184
     Messages:  created: 200386   present: 792   in FES: 5
** Event #1531392   t=5103.974337515356   Elapsed: 5103.92s (1h 25m)  81% completed  (81% total)
     Speed:     ev/sec=492.447   simsec/sec=1.01483   ev/simsec=485.249
     Messages:  created: 200527   present: 721   in FES: 6
** Event #1532416   t=5106.023880174429   Elapsed: 5105.97s (1h 25m)  81% completed  (81% total)
     Speed:     ev/sec=499.624   simsec/sec=1   ev/simsec=499.624
     Messages:  created: 200637   present: 654   in FES: 7
** Event #1533184   t=5108.079603811324   Elapsed: 5108.02s (1h 25m)  81% completed  (81% total)
     Speed:     ev/sec=373.591   simsec/sec=1   ev/simsec=373.591
     Messages:  created: 200741   present: 655   in FES: 6
** Event #1534208   t=5110.233317074607   Elapsed: 5110.18s (1h 25m)  81% completed  (81% total)
     Speed:     ev/sec=475.457   simsec/sec=0.999999   ev/simsec=475.458
     Messages:  created: 200883   present: 665   in FES: 6
** Event #1535232   t=5112.449157023778   Elapsed: 5112.39s (1h 25m)  81% completed  (81% total)
     Speed:     ev/sec=462.128   simsec/sec=1   ev/simsec=462.127
     Messages:  created: 201022   present: 670   in FES: 6
** Event #1536256   t=5114.822044909485   Elapsed: 5114.77s (1h 25m)  81% completed  (81% total)
     Speed:     ev/sec=431.542   simsec/sec=1   ev/simsec=431.542
     Messages:  created: 201171   present: 696   in FES: 6
** Event #1537024   t=5117.241893058071   Elapsed: 5117.19s (1h 25m)  81% completed  (81% total)
     Speed:     ev/sec=317.375   simsec/sec=0.999999   ev/simsec=317.375
     Messages:  created: 201269   present: 692   in FES: 6
** Event #1537792   t=5119.274345059584   Elapsed: 5119.22s (1h 25m)  81% completed  (81% total)
     Speed:     ev/sec=377.863   simsec/sec=0.999986   ev/simsec=377.869
     Messages:  created: 201347   present: 636   in FES: 7
** Event #1538816   t=5121.645305066504   Elapsed: 5121.59s (1h 25m)  81% completed  (81% total)
     Speed:     ev/sec=431.898   simsec/sec=1.00001   ev/simsec=431.893
     Messages:  created: 201455   present: 572   in FES: 6
** Event #1539840   t=5123.738351643001   Elapsed: 5123.68s (1h 25m)  81% completed  (81% total)
     Speed:     ev/sec=489.239   simsec/sec=0.999999   ev/simsec=489.239
     Messages:  created: 201606   present: 607   in FES: 7
** Event #1540608   t=5125.98280505049   Elapsed: 5125.93s (1h 25m)  81% completed  (81% total)
     Speed:     ev/sec=342.179   simsec/sec=1.00001   ev/simsec=342.177
     Messages:  created: 201695   present: 579   in FES: 6
** Event #1541376   t=5128.359571414648   Elapsed: 5128.33s (1h 25m)  81% completed  (81% total)
     Speed:     ev/sec=319.219   simsec/sec=0.987901   ev/simsec=323.128
     Messages:  created: 201807   present: 605   in FES: 5
** Event #1542144   t=5130.766493343934   Elapsed: 5130.71s (1h 25m)  81% completed  (81% total)
     Speed:     ev/sec=322.983   simsec/sec=1.01223   ev/simsec=319.08
     Messages:  created: 201906   present: 602   in FES: 7
** Event #1543168   t=5133.103795812132   Elapsed: 5133.05s (1h 25m)  81% completed  (81% total)
     Speed:     ev/sec=438.113   simsec/sec=1   ev/simsec=438.112
     Messages:  created: 202030   present: 573   in FES: 7
** Event #1543936   t=5135.14110065432   Elapsed: 5135.09s (1h 25m)  81% completed  (81% total)
     Speed:     ev/sec=376.97   simsec/sec=1   ev/simsec=376.969
     Messages:  created: 202130   present: 569   in FES: 7
** Event #1544960   t=5138.082829530888   Elapsed: 5138.04s (1h 25m)  81% completed  (81% total)
     Speed:     ev/sec=346.596   simsec/sec=0.995696   ev/simsec=348.095
     Messages:  created: 202263   present: 569   in FES: 5
** Event #1545728   t=5140.377533819415   Elapsed: 5140.32s (1h 25m)  81% completed  (81% total)
     Speed:     ev/sec=336.452   simsec/sec=1.00528   ev/simsec=334.684
     Messages:  created: 202374   present: 594   in FES: 5
** Event #1546496   t=5142.487842388223   Elapsed: 5142.43s (1h 25m)  81% completed  (81% total)
     Speed:     ev/sec=364.04   simsec/sec=1.00031   ev/simsec=363.928
     Messages:  created: 202467   present: 571   in FES: 7
** Event #1547520   t=5144.715547695497   Elapsed: 5144.66s (1h 25m)  81% completed  (81% total)
     Speed:     ev/sec=459.666   simsec/sec=1   ev/simsec=459.666
     Messages:  created: 202627   present: 624   in FES: 6
** Event #1548288   t=5146.787384292609   Elapsed: 5146.73s (1h 25m)  81% completed  (81% total)
     Speed:     ev/sec=370.686   simsec/sec=1   ev/simsec=370.686
     Messages:  created: 202718   present: 599   in FES: 7
** Event #1549312   t=5148.859124456253   Elapsed: 5148.8s (1h 25m)  81% completed  (81% total)
     Speed:     ev/sec=494.268   simsec/sec=0.999994   ev/simsec=494.27
     Messages:  created: 202899   present: 700   in FES: 8
** Event #1550080   t=5151.015995762066   Elapsed: 5150.96s (1h 25m)  81% completed  (81% total)
     Speed:     ev/sec=356.072   simsec/sec=1   ev/simsec=356.071
     Messages:  created: 203007   present: 715   in FES: 6
** Event #1550848   t=5153.105147396361   Elapsed: 5153.05s (1h 25m)  81% completed  (81% total)
     Speed:     ev/sec=367.613   simsec/sec=1   ev/simsec=367.613
     Messages:  created: 203111   present: 717   in FES: 6
** Event #1551616   t=5155.179519655177   Elapsed: 5155.12s (1h 25m)  81% completed  (81% total)
     Speed:     ev/sec=370.233   simsec/sec=1   ev/simsec=370.232
     Messages:  created: 203174   present: 630   in FES: 7
** Event #1552384   t=5157.213851362735   Elapsed: 5157.16s (1h 25m)  81% completed  (81% total)
     Speed:     ev/sec=377.52   simsec/sec=1   ev/simsec=377.52
     Messages:  created: 203264   present: 601   in FES: 6
** Event #1553408   t=5159.675648874912   Elapsed: 5159.62s (1h 25m)  81% completed  (81% total)
     Speed:     ev/sec=415.955   simsec/sec=0.999997   ev/simsec=415.956
     Messages:  created: 203362   present: 514   in FES: 7
** Event #1554176   t=5162.419895484513   Elapsed: 5162.37s (1h 26m)  81% completed  (81% total)
     Speed:     ev/sec=279.858   simsec/sec=1   ev/simsec=279.858
     Messages:  created: 203449   present: 489   in FES: 6
** Event #1554688   t=5165.022456603493   Elapsed: 5164.97s (1h 26m)  81% completed  (81% total)
     Speed:     ev/sec=196.73   simsec/sec=1   ev/simsec=196.729
     Messages:  created: 203478   present: 407   in FES: 6
** Event #1555200   t=5167.109989836093   Elapsed: 5167.06s (1h 26m)  82% completed  (82% total)
     Speed:     ev/sec=245.265   simsec/sec=0.999999   ev/simsec=245.266
     Messages:  created: 203531   present: 380   in FES: 8
** Event #1556224   t=5169.430681847796   Elapsed: 5169.38s (1h 26m)  82% completed  (82% total)
     Speed:     ev/sec=441.247   simsec/sec=0.999999   ev/simsec=441.248
     Messages:  created: 203707   present: 470   in FES: 6
** Event #1556992   t=5171.459357393121   Elapsed: 5171.41s (1h 26m)  82% completed  (82% total)
     Speed:     ev/sec=377.368   simsec/sec=0.996818   ev/simsec=378.572
     Messages:  created: 203813   present: 477   in FES: 5
** Event #1557760   t=5173.675212614761   Elapsed: 5173.63s (1h 26m)  82% completed  (82% total)
     Speed:     ev/sec=346.873   simsec/sec=1.00081   ev/simsec=346.593
     Messages:  created: 203935   present: 529   in FES: 5
** Event #1558528   t=5176.852982268645   Elapsed: 5176.82s (1h 26m)  82% completed  (82% total)
     Speed:     ev/sec=240.235   simsec/sec=0.994025   ev/simsec=241.679
     Messages:  created: 204033   present: 533   in FES: 5
** Event #1559040   t=5179.762118329163   Elapsed: 5179.71s (1h 26m)  82% completed  (82% total)
     Speed:     ev/sec=177.448   simsec/sec=1.00824   ev/simsec=175.997
     Messages:  created: 204051   present: 429   in FES: 7
** Event #1560064   t=5182.284296033897   Elapsed: 5182.23s (1h 26m)  82% completed  (82% total)
     Speed:     ev/sec=405.998   simsec/sec=1   ev/simsec=405.998
     Messages:  created: 204187   present: 433   in FES: 7
** Event #1561088   t=5184.628425576541   Elapsed: 5184.57s (1h 26m)  82% completed  (82% total)
     Speed:     ev/sec=436.836   simsec/sec=1   ev/simsec=436.836
     Messages:  created: 204337   present: 461   in FES: 6
** Event #1561856   t=5186.995984787159   Elapsed: 5186.94s (1h 26m)  82% completed  (82% total)
     Speed:     ev/sec=324.352   simsec/sec=0.999899   ev/simsec=324.385
     Messages:  created: 204463   present: 521   in FES: 5
** Event #1562624   t=5189.272444219818   Elapsed: 5189.22s (1h 26m)  82% completed  (82% total)
     Speed:     ev/sec=336.956   simsec/sec=0.998784   ev/simsec=337.366
     Messages:  created: 204591   present: 585   in FES: 5
** Event #1563392   t=5191.374647819902   Elapsed: 5191.33s (1h 26m)  82% completed  (82% total)
     Speed:     ev/sec=364.859   simsec/sec=0.998707   ev/simsec=365.331
     Messages:  created: 204710   present: 631   in FES: 5
** Event #1564160   t=5193.438645247321   Elapsed: 5193.38s (1h 26m)  82% completed  (82% total)
     Speed:     ev/sec=373.13   simsec/sec=1.00279   ev/simsec=372.093
     Messages:  created: 204835   present: 683   in FES: 7
** Event #1564928   t=5195.535321448958   Elapsed: 5195.49s (1h 26m)  82% completed  (82% total)
     Speed:     ev/sec=364.89   simsec/sec=0.996167   ev/simsec=366.294
     Messages:  created: 204922   present: 653   in FES: 5
** Event #1565952   t=5198.0865830427   Elapsed: 5198.03s (1h 26m)  82% completed  (82% total)
     Speed:     ev/sec=402.643   simsec/sec=1.00317   ev/simsec=401.37
     Messages:  created: 205042   present: 617   in FES: 7
** Event #1566720   t=5200.625838638301   Elapsed: 5200.57s (1h 26m)  82% completed  (82% total)
     Speed:     ev/sec=302.451   simsec/sec=1   ev/simsec=302.451
     Messages:  created: 205109   present: 542   in FES: 6
** Event #1567488   t=5202.860913551023   Elapsed: 5202.81s (1h 26m)  82% completed  (82% total)
     Speed:     ev/sec=343.612   simsec/sec=0.999999   ev/simsec=343.613
     Messages:  created: 205196   present: 514   in FES: 7
** Event #1568512   t=5205.537836436678   Elapsed: 5205.48s (1h 26m)  82% completed  (82% total)
     Speed:     ev/sec=382.536   simsec/sec=1.00002   ev/simsec=382.529
     Messages:  created: 205332   present: 517   in FES: 7
** Event #1569280   t=5208.067295936313   Elapsed: 5208.01s (1h 26m)  82% completed  (82% total)
     Speed:     ev/sec=303.616   simsec/sec=0.99998   ev/simsec=303.622
     Messages:  created: 205417   present: 483   in FES: 7
** Event #1570048   t=5210.910968076989   Elapsed: 5210.89s (1h 26m)  82% completed  (82% total)
     Speed:     ev/sec=267.078   simsec/sec=0.988908   ev/simsec=270.073
     Messages:  created: 205512   present: 478   in FES: 5
** Event #1570560   t=5213.124524588157   Elapsed: 5213.07s (1h 26m)  82% completed  (82% total)
     Speed:     ev/sec=234.427   simsec/sec=1.01351   ev/simsec=231.302
     Messages:  created: 205573   present: 469   in FES: 5
** Event #1571584   t=5215.609047350671   Elapsed: 5215.55s (1h 26m)  82% completed  (82% total)
     Speed:     ev/sec=412.548   simsec/sec=1.00096   ev/simsec=412.152
     Messages:  created: 205719   present: 490   in FES: 6
** Event #1572352   t=5218.497867607395   Elapsed: 5218.44s (1h 26m)  82% completed  (82% total)
     Speed:     ev/sec=265.852   simsec/sec=0.999999   ev/simsec=265.852
     Messages:  created: 205819   present: 494   in FES: 7
** Event #1573120   t=5221.314928167803   Elapsed: 5221.26s (1h 27m)  82% completed  (82% total)
     Speed:     ev/sec=272.625   simsec/sec=1   ev/simsec=272.625
     Messages:  created: 205923   present: 507   in FES: 6
** Event #1573632   t=5223.328485864657   Elapsed: 5223.27s (1h 27m)  82% completed  (82% total)
     Speed:     ev/sec=254.276   simsec/sec=1   ev/simsec=254.276
     Messages:  created: 205982   present: 496   in FES: 7
** Event #1574400   t=5225.40556917997   Elapsed: 5225.35s (1h 27m)  82% completed  (82% total)
     Speed:     ev/sec=369.749   simsec/sec=0.999998   ev/simsec=369.749
     Messages:  created: 206071   present: 471   in FES: 7
** Event #1575168   t=5227.463076657025   Elapsed: 5227.41s (1h 27m)  82% completed  (82% total)
     Speed:     ev/sec=373.263   simsec/sec=0.999989   ev/simsec=373.267
     Messages:  created: 206201   present: 532   in FES: 6
** Event #1576192   t=5230.015579912625   Elapsed: 5229.96s (1h 27m)  83% completed  (83% total)
     Speed:     ev/sec=401.179   simsec/sec=1.00001   ev/simsec=401.175
     Messages:  created: 206358   present: 585   in FES: 7
** Event #1576960   t=5232.466267498447   Elapsed: 5232.41s (1h 27m)  83% completed  (83% total)
     Speed:     ev/sec=313.381   simsec/sec=1   ev/simsec=313.381
     Messages:  created: 206470   present: 609   in FES: 6
** Event #1577728   t=5234.70629573662   Elapsed: 5234.66s (1h 27m)  83% completed  (83% total)
     Speed:     ev/sec=341.859   simsec/sec=0.9971   ev/simsec=342.853
     Messages:  created: 206577   present: 625   in FES: 5
** Event #1578752   t=5236.958074962457   Elapsed: 5236.9s (1h 27m)  83% completed  (83% total)
     Speed:     ev/sec=456.071   simsec/sec=1.0029   ev/simsec=454.752
     Messages:  created: 206726   present: 657   in FES: 6
** Event #1579520   t=5238.977781126342   Elapsed: 5238.92s (1h 27m)  83% completed  (83% total)
     Speed:     ev/sec=380.253   simsec/sec=0.999998   ev/simsec=380.253
     Messages:  created: 206806   present: 605   in FES: 6
** Event #1580288   t=5241.43528726094   Elapsed: 5241.38s (1h 27m)  83% completed  (83% total)
     Speed:     ev/sec=312.511   simsec/sec=0.999998   ev/simsec=312.512
     Messages:  created: 206892   present: 576   in FES: 7
** Event #1581056   t=5243.839480214517   Elapsed: 5243.78s (1h 27m)  83% completed  (83% total)
     Speed:     ev/sec=319.442   simsec/sec=1   ev/simsec=319.442
     Messages:  created: 206990   present: 568   in FES: 6
** Event #1581824   t=5245.96853028575   Elapsed: 5245.92s (1h 27m)  83% completed  (83% total)
     Speed:     ev/sec=359.542   simsec/sec=0.996723   ev/simsec=360.724
     Messages:  created: 207057   present: 490   in FES: 5
** Event #1582848   t=5248.52054624336   Elapsed: 5248.48s (1h 27m)  83% completed  (83% total)
     Speed:     ev/sec=399.719   simsec/sec=0.996182   ev/simsec=401.251
     Messages:  created: 207208   present: 522   in FES: 5
** Event #1583360   t=5250.770471878059   Elapsed: 5250.72s (1h 27m)  83% completed  (83% total)
     Speed:     ev/sec=229.273   simsec/sec=1.00752   ev/simsec=227.563
     Messages:  created: 207262   present: 500   in FES: 7
** Event #1584128   t=5253.633942789575   Elapsed: 5253.58s (1h 27m)  83% completed  (83% total)
     Speed:     ev/sec=268.206   simsec/sec=1   ev/simsec=268.206
     Messages:  created: 207350   present: 477   in FES: 6
** Event #1584896   t=5256.327828506577   Elapsed: 5256.27s (1h 27m)  83% completed  (83% total)
     Speed:     ev/sec=285.09   simsec/sec=0.999999   ev/simsec=285.09
     Messages:  created: 207440   present: 461   in FES: 7
** Event #1585664   t=5258.444226335311   Elapsed: 5258.39s (1h 27m)  83% completed  (83% total)
     Speed:     ev/sec=362.881   simsec/sec=1   ev/simsec=362.881
     Messages:  created: 207525   present: 423   in FES: 6
** Event #1586432   t=5260.926599427478   Elapsed: 5260.87s (1h 27m)  83% completed  (83% total)
     Speed:     ev/sec=309.381   simsec/sec=1   ev/simsec=309.381
     Messages:  created: 207638   present: 454   in FES: 6
** Event #1587200   t=5263.536400435507   Elapsed: 5263.48s (1h 27m)  83% completed  (83% total)
     Speed:     ev/sec=294.275   simsec/sec=1   ev/simsec=294.275
     Messages:  created: 207756   present: 498   in FES: 6
** Event #1587968   t=5265.868604287172   Elapsed: 5265.81s (1h 27m)  83% completed  (83% total)
     Speed:     ev/sec=329.302   simsec/sec=1   ev/simsec=329.302
     Messages:  created: 207867   present: 528   in FES: 6
** Event #1588736   t=5268.680863631643   Elapsed: 5268.63s (1h 27m)  83% completed  (83% total)
     Speed:     ev/sec=273.083   simsec/sec=0.999976   ev/simsec=273.09
     Messages:  created: 207968   present: 535   in FES: 8
** Event #1589760   t=5271.575870691947   Elapsed: 5271.53s (1h 27m)  83% completed  (83% total)
     Speed:     ev/sec=352.287   simsec/sec=0.995969   ev/simsec=353.712
     Messages:  created: 208106   present: 543   in FES: 5
** Event #1590528   t=5274.058655162272   Elapsed: 5274s (1h 27m)  83% completed  (83% total)
     Speed:     ev/sec=310.805   simsec/sec=1.00477   ev/simsec=309.33
     Messages:  created: 208191   present: 508   in FES: 7
** Event #1591040   t=5276.06198518906   Elapsed: 5276.01s (1h 27m)  83% completed  (83% total)
     Speed:     ev/sec=255.574   simsec/sec=0.999999   ev/simsec=255.574
     Messages:  created: 208240   present: 470   in FES: 7
** Event #1591808   t=5278.609465032288   Elapsed: 5278.55s (1h 27m)  83% completed  (83% total)
     Speed:     ev/sec=301.475   simsec/sec=1   ev/simsec=301.474
     Messages:  created: 208342   present: 474   in FES: 6
** Event #1592576   t=5281.26958872284   Elapsed: 5281.21s (1h 28m)  83% completed  (83% total)
     Speed:     ev/sec=288.709   simsec/sec=1   ev/simsec=288.708
     Messages:  created: 208421   present: 428   in FES: 7
** Event #1593088   t=5283.482418353634   Elapsed: 5283.43s (1h 28m)  83% completed  (83% total)
     Speed:     ev/sec=231.378   simsec/sec=0.999999   ev/simsec=231.378
     Messages:  created: 208473   present: 400   in FES: 6
** Event #1593856   t=5286.712698666877   Elapsed: 5286.66s (1h 28m)  83% completed  (83% total)
     Speed:     ev/sec=237.75   simsec/sec=0.999999   ev/simsec=237.75
     Messages:  created: 208569   present: 401   in FES: 6
** Event #1594624   t=5288.824142410527   Elapsed: 5288.77s (1h 28m)  83% completed  (83% total)
     Speed:     ev/sec=363.077   simsec/sec=0.998199   ev/simsec=363.732
     Messages:  created: 208686   present: 437   in FES: 5
** Event #1595392   t=5291.560272916152   Elapsed: 5291.52s (1h 28m)  83% completed  (83% total)
     Speed:     ev/sec=279.487   simsec/sec=0.995718   ev/simsec=280.688
     Messages:  created: 208794   present: 459   in FES: 5
** Event #1596160   t=5293.855386857886   Elapsed: 5293.84s (1h 28m)  84% completed  (84% total)
     Speed:     ev/sec=331.798   simsec/sec=0.991555   ev/simsec=334.624
     Messages:  created: 208914   present: 507   in FES: 5
** Event #1596928   t=5296.070253610862   Elapsed: 5296.03s (1h 28m)  84% completed  (84% total)
     Speed:     ev/sec=350.091   simsec/sec=1.00964   ev/simsec=346.748
     Messages:  created: 209042   present: 571   in FES: 5
** Event #1597696   t=5298.202672782077   Elapsed: 5298.16s (1h 28m)  84% completed  (84% total)
     Speed:     ev/sec=361.062   simsec/sec=1.00252   ev/simsec=360.154
     Messages:  created: 209168   present: 630   in FES: 5
** Event #1598464   t=5300.567372434799   Elapsed: 5300.51s (1h 28m)  84% completed  (84% total)
     Speed:     ev/sec=325.965   simsec/sec=1.00366   ev/simsec=324.777
     Messages:  created: 209271   present: 633   in FES: 6
** Event #1599232   t=5302.707303611009   Elapsed: 5302.66s (1h 28m)  84% completed  (84% total)
     Speed:     ev/sec=357.583   simsec/sec=0.996357   ev/simsec=358.89
     Messages:  created: 209357   present: 602   in FES: 5
** Event #1600256   t=5305.280450056045   Elapsed: 5305.23s (1h 28m)  84% completed  (84% total)
     Speed:     ev/sec=399.17   simsec/sec=1.00305   ev/simsec=397.956
     Messages:  created: 209495   present: 607   in FES: 7
** Event #1601280   t=5308.125828105017   Elapsed: 5308.07s (1h 28m)  84% completed  (84% total)
     Speed:     ev/sec=359.882   simsec/sec=0.999999   ev/simsec=359.882
     Messages:  created: 209602   present: 541   in FES: 6
** Event #1602304   t=5310.679659072976   Elapsed: 5310.63s (1h 28m)  84% completed  (84% total)
     Speed:     ev/sec=399.832   simsec/sec=0.997171   ev/simsec=400.966
     Messages:  created: 209751   present: 573   in FES: 5
** Event #1603328   t=5313.470953513367   Elapsed: 5313.42s (1h 28m)  84% completed  (84% total)
     Speed:     ev/sec=367.81   simsec/sec=1.0026   ev/simsec=366.855
     Messages:  created: 209914   present: 634   in FES: 6
** Event #1604096   t=5315.555279261352   Elapsed: 5315.51s (1h 28m)  84% completed  (84% total)
     Speed:     ev/sec=366.67   simsec/sec=0.995131   ev/simsec=368.464
     Messages:  created: 209995   present: 584   in FES: 5
** Event #1604864   t=5318.188155276363   Elapsed: 5318.14s (1h 28m)  84% completed  (84% total)
     Speed:     ev/sec=292.15   simsec/sec=1.00156   ev/simsec=291.696
     Messages:  created: 210096   present: 591   in FES: 5
** Event #1605632   t=5320.180367117706   Elapsed: 5320.14s (1h 28m)  84% completed  (84% total)
     Speed:     ev/sec=383.829   simsec/sec=0.995663   ev/simsec=385.501
     Messages:  created: 210190   present: 571   in FES: 5
** Event #1606400   t=5322.234641177926   Elapsed: 5322.18s (1h 28m)  84% completed  (84% total)
     Speed:     ev/sec=376.564   simsec/sec=1.00725   ev/simsec=373.855
     Messages:  created: 210261   present: 504   in FES: 8
** Event #1607168   t=5324.778155836287   Elapsed: 5324.72s (1h 28m)  84% completed  (84% total)
     Speed:     ev/sec=301.945   simsec/sec=1   ev/simsec=301.944
     Messages:  created: 210357   present: 496   in FES: 7
** Event #1607936   t=5327.671042929997   Elapsed: 5327.63s (1h 28m)  84% completed  (84% total)
     Speed:     ev/sec=264.42   simsec/sec=0.996011   ev/simsec=265.479
     Messages:  created: 210447   present: 480   in FES: 5
** Event #1608448   t=5329.853218401133   Elapsed: 5329.8s (1h 28m)  84% completed  (84% total)
     Speed:     ev/sec=235.881   simsec/sec=1.00534   ev/simsec=234.628
     Messages:  created: 210490   present: 429   in FES: 6
** Event #1609216   t=5332.619632667288   Elapsed: 5332.56s (1h 28m)  84% completed  (84% total)
     Speed:     ev/sec=277.616   simsec/sec=1   ev/simsec=277.616
     Messages:  created: 210572   present: 393   in FES: 7
** Event #1609728   t=5334.793153132751   Elapsed: 5334.74s (1h 28m)  84% completed  (84% total)
     Speed:     ev/sec=235.562   simsec/sec=0.999999   ev/simsec=235.563
     Messages:  created: 210633   present: 379   in FES: 6
** Event #1610496   t=5337.111865013427   Elapsed: 5337.06s (1h 28m)  84% completed  (84% total)
     Speed:     ev/sec=331.218   simsec/sec=1   ev/simsec=331.218
     Messages:  created: 210751   present: 420   in FES: 6
** Event #1611008   t=5339.24611995938   Elapsed: 5339.19s (1h 28m)  84% completed  (84% total)
     Speed:     ev/sec=239.897   simsec/sec=1   ev/simsec=239.896
     Messages:  created: 210805   present: 400   in FES: 6
** Event #1611520   t=5341.267525461507   Elapsed: 5341.21s (1h 29m)  84% completed  (84% total)
     Speed:     ev/sec=253.289   simsec/sec=1   ev/simsec=253.289
     Messages:  created: 210875   present: 413   in FES: 6
** Event #1612288   t=5343.861130402167   Elapsed: 5343.81s (1h 29m)  84% completed  (84% total)
     Speed:     ev/sec=296.113   simsec/sec=1   ev/simsec=296.113
     Messages:  created: 211006   present: 483   in FES: 6
** Event #1613056   t=5346.221604563963   Elapsed: 5346.17s (1h 29m)  84% completed  (84% total)
     Speed:     ev/sec=325.358   simsec/sec=1   ev/simsec=325.358
     Messages:  created: 211119   present: 513   in FES: 7
** Event #1614080   t=5349.039968107236   Elapsed: 5348.99s (1h 29m)  84% completed  (84% total)
     Speed:     ev/sec=363.331   simsec/sec=1   ev/simsec=363.331
     Messages:  created: 211273   present: 558   in FES: 7
** Event #1614592   t=5351.232954829426   Elapsed: 5351.18s (1h 29m)  84% completed  (84% total)
     Speed:     ev/sec=233.472   simsec/sec=1   ev/simsec=233.472
     Messages:  created: 211341   present: 565   in FES: 6
** Event #1615360   t=5353.300230781318   Elapsed: 5353.25s (1h 29m)  84% completed  (84% total)
     Speed:     ev/sec=371.501   simsec/sec=0.999994   ev/simsec=371.503
     Messages:  created: 211453   present: 590   in FES: 7
** Event #1616384   t=5355.831711826599   Elapsed: 5355.78s (1h 29m)  85% completed  (85% total)
     Speed:     ev/sec=404.508   simsec/sec=1   ev/simsec=404.506
     Messages:  created: 211600   present: 615   in FES: 6
** Event #1617408   t=5358.271527267723   Elapsed: 5358.22s (1h 29m)  85% completed  (85% total)
     Speed:     ev/sec=419.704   simsec/sec=0.999999   ev/simsec=419.704
     Messages:  created: 211726   present: 590   in FES: 7
** Event #1617920   t=5360.370818077299   Elapsed: 5360.32s (1h 29m)  85% completed  (85% total)
     Speed:     ev/sec=243.892   simsec/sec=1   ev/simsec=243.892
     Messages:  created: 211780   present: 565   in FES: 6
** Event #1618688   t=5362.452542863706   Elapsed: 5362.41s (1h 29m)  85% completed  (85% total)
     Speed:     ev/sec=366.515   simsec/sec=0.993468   ev/simsec=368.925
     Messages:  created: 211899   present: 608   in FES: 5
** Event #1619456   t=5364.920942776043   Elapsed: 5364.87s (1h 29m)  85% completed  (85% total)
     Speed:     ev/sec=312.868   simsec/sec=1.00558   ev/simsec=311.133
     Messages:  created: 211960   present: 516   in FES: 6
** Event #1620224   t=5367.202411987328   Elapsed: 5367.17s (1h 29m)  85% completed  (85% total)
     Speed:     ev/sec=333.626   simsec/sec=0.991092   ev/simsec=336.625
     Messages:  created: 212040   present: 473   in FES: 5
** Event #1621248   t=5369.748200319332   Elapsed: 5369.69s (1h 29m)  85% completed  (85% total)
     Speed:     ev/sec=405.499   simsec/sec=1.00812   ev/simsec=402.233
     Messages:  created: 212208   present: 547   in FES: 7
** Event #1622016   t=5371.952125432348   Elapsed: 5371.9s (1h 29m)  85% completed  (85% total)
     Speed:     ev/sec=348.469   simsec/sec=0.999999   ev/simsec=348.469
     Messages:  created: 212305   present: 534   in FES: 7
** Event #1622784   t=5374.634486638104   Elapsed: 5374.58s (1h 29m)  85% completed  (85% total)
     Speed:     ev/sec=286.316   simsec/sec=1   ev/simsec=286.315
     Messages:  created: 212414   present: 557   in FES: 6
** Event #1623296   t=5376.651428102503   Elapsed: 5376.6s (1h 29m)  85% completed  (85% total)
     Speed:     ev/sec=253.849   simsec/sec=0.999999   ev/simsec=253.85
     Messages:  created: 212480   present: 561   in FES: 6
** Event #1624064   t=5378.68842612803   Elapsed: 5378.63s (1h 29m)  85% completed  (85% total)
     Speed:     ev/sec=377.025   simsec/sec=0.999999   ev/simsec=377.025
     Messages:  created: 212562   present: 516   in FES: 7
** Event #1624832   t=5381.27818091205   Elapsed: 5381.22s (1h 29m)  85% completed  (85% total)
     Speed:     ev/sec=296.55   simsec/sec=0.99999   ev/simsec=296.553
     Messages:  created: 212646   present: 481   in FES: 7
** Event #1625856   t=5383.801282780588   Elapsed: 5383.75s (1h 29m)  85% completed  (85% total)
     Speed:     ev/sec=405.854   simsec/sec=1.00001   ev/simsec=405.85
     Messages:  created: 212795   present: 513   in FES: 7
** Event #1626624   t=5386.22634886766   Elapsed: 5386.17s (1h 29m)  85% completed  (85% total)
     Speed:     ev/sec=316.693   simsec/sec=1   ev/simsec=316.692
     Messages:  created: 212915   present: 558   in FES: 6
** Event #1627648   t=5388.699568491558   Elapsed: 5388.64s (1h 29m)  85% completed  (85% total)
     Speed:     ev/sec=414.035   simsec/sec=0.999999   ev/simsec=414.035
     Messages:  created: 213065   present: 597   in FES: 6
** Event #1628416   t=5391.229868003073   Elapsed: 5391.18s (1h 29m)  85% completed  (85% total)
     Speed:     ev/sec=303.093   simsec/sec=0.998588   ev/simsec=303.521
     Messages:  created: 213189   present: 650   in FES: 5
** Event #1629440   t=5393.500760067451   Elapsed: 5393.45s (1h 29m)  85% completed  (85% total)
     Speed:     ev/sec=451.635   simsec/sec=1.00158   ev/simsec=450.924
     Messages:  created: 213317   present: 630   in FES: 6
** Event #1630464   t=5395.621702383109   Elapsed: 5395.57s (1h 29m)  85% completed  (85% total)
     Speed:     ev/sec=482.804   simsec/sec=1   ev/simsec=482.804
     Messages:  created: 213497   present: 727   in FES: 6
** Event #1631488   t=5397.83246008183   Elapsed: 5397.78s (1h 29m)  85% completed  (85% total)
     Speed:     ev/sec=463.189   simsec/sec=0.999999   ev/simsec=463.19
     Messages:  created: 213629   present: 716   in FES: 7
** Event #1632256   t=5399.881885621423   Elapsed: 5399.83s (1h 29m)  85% completed  (85% total)
     Speed:     ev/sec=374.739   simsec/sec=0.999998   ev/simsec=374.739
     Messages:  created: 213716   present: 689   in FES: 6
** Event #1633024   t=5402.050677221618   Elapsed: 5402s (1h 30m)  85% completed  (85% total)
     Speed:     ev/sec=354.115   simsec/sec=1   ev/simsec=354.114
     Messages:  created: 213823   present: 702   in FES: 6
** Event #1633792   t=5404.082722951123   Elapsed: 5404.03s (1h 30m)  85% completed  (85% total)
     Speed:     ev/sec=377.943   simsec/sec=0.999997   ev/simsec=377.944
     Messages:  created: 213902   present: 654   in FES: 8
** Event #1634816   t=5406.123867968895   Elapsed: 5406.07s (1h 30m)  85% completed  (85% total)
     Speed:     ev/sec=501.679   simsec/sec=1   ev/simsec=501.679
     Messages:  created: 214013   present: 592   in FES: 7
** Event #1635840   t=5408.605512561636   Elapsed: 5408.55s (1h 30m)  85% completed  (85% total)
     Speed:     ev/sec=412.631   simsec/sec=1   ev/simsec=412.63
     Messages:  created: 214138   present: 566   in FES: 6
** Event #1636608   t=5411.28233494483   Elapsed: 5411.23s (1h 30m)  85% completed  (85% total)
     Speed:     ev/sec=286.907   simsec/sec=0.999999   ev/simsec=286.907
     Messages:  created: 214242   present: 575   in FES: 7
** Event #1637376   t=5414.15714501545   Elapsed: 5414.1s (1h 30m)  85% completed  (85% total)
     Speed:     ev/sec=267.148   simsec/sec=1   ev/simsec=267.148
     Messages:  created: 214317   present: 518   in FES: 6
** Event #1638144   t=5416.7559011226   Elapsed: 5416.7s (1h 30m)  85% completed  (85% total)
     Speed:     ev/sec=295.526   simsec/sec=1   ev/simsec=295.526
     Messages:  created: 214388   present: 456   in FES: 7
** Event #1638912   t=5419.097599397248   Elapsed: 5419.04s (1h 30m)  86% completed  (86% total)
     Speed:     ev/sec=327.968   simsec/sec=1   ev/simsec=327.967
     Messages:  created: 214470   present: 415   in FES: 7
** Event #1639680   t=5421.81956431303   Elapsed: 5421.76s (1h 30m)  86% completed  (86% total)
     Speed:     ev/sec=282.148   simsec/sec=0.999998   ev/simsec=282.149
     Messages:  created: 214568   present: 414   in FES: 7
** Event #1640192   t=5424.026792261095   Elapsed: 5423.97s (1h 30m)  86% completed  (86% total)
     Speed:     ev/sec=231.965   simsec/sec=1   ev/simsec=231.965
     Messages:  created: 214626   present: 402   in FES: 6
** Event #1640704   t=5426.364881157555   Elapsed: 5426.31s (1h 30m)  86% completed  (86% total)
     Speed:     ev/sec=218.983   simsec/sec=1   ev/simsec=218.982
     Messages:  created: 214687   present: 395   in FES: 6
** Event #1641472   t=5428.877923003158   Elapsed: 5428.82s (1h 30m)  86% completed  (86% total)
     Speed:     ev/sec=305.606   simsec/sec=1   ev/simsec=305.606
     Messages:  created: 214814   present: 456   in FES: 6
** Event #1642240   t=5431.471982519276   Elapsed: 5431.42s (1h 30m)  86% completed  (86% total)
     Speed:     ev/sec=296.061   simsec/sec=1   ev/simsec=296.061
     Messages:  created: 214912   present: 458   in FES: 6
** Event #1642752   t=5433.508456403335   Elapsed: 5433.45s (1h 30m)  86% completed  (86% total)
     Speed:     ev/sec=251.415   simsec/sec=1   ev/simsec=251.415
     Messages:  created: 214979   present: 463   in FES: 6
** Event #1643264   t=5435.872067258587   Elapsed: 5435.82s (1h 30m)  86% completed  (86% total)
     Speed:     ev/sec=216.617   simsec/sec=0.999999   ev/simsec=216.618
     Messages:  created: 215044   present: 464   in FES: 7
** Event #1643776   t=5437.943830127602   Elapsed: 5437.89s (1h 30m)  86% completed  (86% total)
     Speed:     ev/sec=247.131   simsec/sec=0.999995   ev/simsec=247.133
     Messages:  created: 215098   present: 439   in FES: 7
** Event #1644544   t=5440.726999661584   Elapsed: 5440.67s (1h 30m)  86% completed  (86% total)
     Speed:     ev/sec=275.946   simsec/sec=1   ev/simsec=275.944
     Messages:  created: 215168   present: 374   in FES: 7
** Event #1645056   t=5443.173874096778   Elapsed: 5443.12s (1h 30m)  86% completed  (86% total)
     Speed:     ev/sec=209.247   simsec/sec=1   ev/simsec=209.247
     Messages:  created: 215228   present: 365   in FES: 6
** Event #1645824   t=5445.965789214859   Elapsed: 5445.91s (1h 30m)  86% completed  (86% total)
     Speed:     ev/sec=275.08   simsec/sec=1   ev/simsec=275.08
     Messages:  created: 215337   present: 389   in FES: 6
** Event #1646592   t=5448.254095416254   Elapsed: 5448.2s (1h 30m)  86% completed  (86% total)
     Speed:     ev/sec=335.619   simsec/sec=1   ev/simsec=335.619
     Messages:  created: 215456   present: 435   in FES: 6
** Event #1647360   t=5450.33228843751   Elapsed: 5450.28s (1h 30m)  86% completed  (86% total)
     Speed:     ev/sec=369.552   simsec/sec=1   ev/simsec=369.552
     Messages:  created: 215592   present: 515   in FES: 6
** Event #1647872   t=5452.801773247526   Elapsed: 5452.75s (1h 30m)  86% completed  (86% total)
     Speed:     ev/sec=207.331   simsec/sec=0.999999   ev/simsec=207.331
     Messages:  created: 215659   present: 522   in FES: 7
** Event #1648384   t=5454.895596621787   Elapsed: 5454.84s (1h 30m)  86% completed  (86% total)
     Speed:     ev/sec=244.529   simsec/sec=1   ev/simsec=244.529
     Messages:  created: 215729   present: 534   in FES: 7
** Event #1649152   t=5457.273236829645   Elapsed: 5457.22s (1h 30m)  86% completed  (86% total)
     Speed:     ev/sec=323.009   simsec/sec=1   ev/simsec=323.009
     Messages:  created: 215830   present: 538   in FES: 6
** Event #1649920   t=5459.420099536651   Elapsed: 5459.37s (1h 30m)  86% completed  (86% total)
     Speed:     ev/sec=357.731   simsec/sec=0.999999   ev/simsec=357.731
     Messages:  created: 215917   present: 505   in FES: 7
** Event #1650688   t=5461.8605882922   Elapsed: 5461.81s (1h 31m)  86% completed  (86% total)
     Speed:     ev/sec=314.691   simsec/sec=0.999999   ev/simsec=314.691
     Messages:  created: 215997   present: 458   in FES: 6
** Event #1651456   t=5464.19688432636   Elapsed: 5464.14s (1h 31m)  86% completed  (86% total)
     Speed:     ev/sec=328.725   simsec/sec=1   ev/simsec=328.725
     Messages:  created: 216106   present: 484   in FES: 6
** Event #1652224   t=5466.959382800123   Elapsed: 5466.9s (1h 31m)  86% completed  (86% total)
     Speed:     ev/sec=278.009   simsec/sec=0.999998   ev/simsec=278.009
     Messages:  created: 216211   present: 499   in FES: 7
** Event #1653248   t=5469.602565065699   Elapsed: 5469.58s (1h 31m)  86% completed  (86% total)
     Speed:     ev/sec=382.082   simsec/sec=0.986243   ev/simsec=387.412
     Messages:  created: 216365   present: 544   in FES: 5
** Event #1654016   t=5472.17112883472   Elapsed: 5472.12s (1h 31m)  86% completed  (86% total)
     Speed:     ev/sec=303.355   simsec/sec=1.01456   ev/simsec=299
     Messages:  created: 216472   present: 561   in FES: 6
** Event #1654784   t=5474.338472170485   Elapsed: 5474.3s (1h 31m)  86% completed  (86% total)
     Speed:     ev/sec=352.361   simsec/sec=0.994384   ev/simsec=354.351
     Messages:  created: 216577   present: 569   in FES: 5
** Event #1655552   t=5476.858698243087   Elapsed: 5476.81s (1h 31m)  86% completed  (86% total)
     Speed:     ev/sec=305.678   simsec/sec=1.00309   ev/simsec=304.735
     Messages:  created: 216678   present: 572   in FES: 5
** Event #1656320   t=5478.963248449334   Elapsed: 5478.92s (1h 31m)  86% completed  (86% total)
     Speed:     ev/sec=363.222   simsec/sec=0.995337   ev/simsec=364.924
     Messages:  created: 216766   present: 540   in FES: 5
** Event #1657088   t=5481.348016843123   Elapsed: 5481.3s (1h 31m)  87% completed  (87% total)
     Speed:     ev/sec=322.956   simsec/sec=1.00283   ev/simsec=322.044
     Messages:  created: 216861   present: 529   in FES: 5
** Event #1657856   t=5483.918274997473   Elapsed: 5483.86s (1h 31m)  87% completed  (87% total)
     Speed:     ev/sec=299.688   simsec/sec=1.00296   ev/simsec=298.803
     Messages:  created: 216949   present: 500   in FES: 6
** Event #1658624   t=5486.351454459817   Elapsed: 5486.31s (1h 31m)  87% completed  (87% total)
     Speed:     ev/sec=314.569   simsec/sec=0.996617   ev/simsec=315.636
     Messages:  created: 217038   present: 478   in FES: 5
** Event #1659392   t=5488.498113916523   Elapsed: 5488.44s (1h 31m)  87% completed  (87% total)
     Speed:     ev/sec=359.147   simsec/sec=1.00386   ev/simsec=357.765
     Messages:  created: 217161   present: 527   in FES: 7
** Event #1660160   t=5490.636866714288   Elapsed: 5490.59s (1h 31m)  87% completed  (87% total)
     Speed:     ev/sec=357.93   simsec/sec=0.996776   ev/simsec=359.088
     Messages:  created: 217256   present: 515   in FES: 5
** Event #1660928   t=5492.937571378193   Elapsed: 5492.88s (1h 31m)  87% completed  (87% total)
     Speed:     ev/sec=334.817   simsec/sec=1.00302   ev/simsec=333.811
     Messages:  created: 217382   present: 574   in FES: 6
** Event #1661696   t=5495.219770686549   Elapsed: 5495.17s (1h 31m)  87% completed  (87% total)
     Speed:     ev/sec=336.517   simsec/sec=1   ev/simsec=336.517
     Messages:  created: 217487   present: 588   in FES: 6
** Event #1662464   t=5497.752615788241   Elapsed: 5497.7s (1h 31m)  87% completed  (87% total)
     Speed:     ev/sec=303.217   simsec/sec=1   ev/simsec=303.216
     Messages:  created: 217580   present: 569   in FES: 6
** Event #1663232   t=5499.917861556812   Elapsed: 5499.86s (1h 31m)  87% completed  (87% total)
     Speed:     ev/sec=354.694   simsec/sec=0.999999   ev/simsec=354.694
     Messages:  created: 217676   present: 559   in FES: 6
** Event #1664256   t=5502.799222674295   Elapsed: 5502.74s (1h 31m)  87% completed  (87% total)
     Speed:     ev/sec=355.388   simsec/sec=1   ev/simsec=355.388
     Messages:  created: 217794   present: 525   in FES: 7
** Event #1665024   t=5505.541576450701   Elapsed: 5505.49s (1h 31m)  87% completed  (87% total)
     Speed:     ev/sec=280.051   simsec/sec=1   ev/simsec=280.051
     Messages:  created: 217876   present: 482   in FES: 7
** Event #1665536   t=5507.609982218753   Elapsed: 5507.56s (1h 31m)  87% completed  (87% total)
     Speed:     ev/sec=247.534   simsec/sec=1   ev/simsec=247.534
     Messages:  created: 217934   present: 466   in FES: 7
** Event #1666304   t=5509.87526414486   Elapsed: 5509.82s (1h 31m)  87% completed  (87% total)
     Speed:     ev/sec=339.03   simsec/sec=1   ev/simsec=339.031
     Messages:  created: 218036   present: 467   in FES: 7
** Event #1667072   t=5512.287523446729   Elapsed: 5512.25s (1h 31m)  87% completed  (87% total)
     Speed:     ev/sec=316.721   simsec/sec=0.99481   ev/simsec=318.374
     Messages:  created: 218127   present: 445   in FES: 5
** Event #1667840   t=5515.527320160356   Elapsed: 5515.47s (1h 31m)  87% completed  (87% total)
     Speed:     ev/sec=237.976   simsec/sec=1.0039   ev/simsec=237.052
     Messages:  created: 218206   present: 410   in FES: 6
** Event #1668352   t=5517.595203855985   Elapsed: 5517.54s (1h 31m)  87% completed  (87% total)
     Speed:     ev/sec=247.596   simsec/sec=1   ev/simsec=247.596
     Messages:  created: 218271   present: 412   in FES: 6
** Event #1669376   t=5519.957977533387   Elapsed: 5519.9s (1h 31m)  87% completed  (87% total)
     Speed:     ev/sec=433.389   simsec/sec=0.999999   ev/simsec=433.389
     Messages:  created: 218450   present: 514   in FES: 6
** Event #1670144   t=5522.772942226847   Elapsed: 5522.72s (1h 32m)  87% completed  (87% total)
     Speed:     ev/sec=272.828   simsec/sec=1   ev/simsec=272.828
     Messages:  created: 218547   present: 513   in FES: 7
** Event #1670912   t=5524.971443678554   Elapsed: 5524.92s (1h 32m)  87% completed  (87% total)
     Speed:     ev/sec=349.329   simsec/sec=1   ev/simsec=349.329
     Messages:  created: 218665   present: 555   in FES: 6
** Event #1671680   t=5527.062002689059   Elapsed: 5527.01s (1h 32m)  87% completed  (87% total)
     Speed:     ev/sec=367.366   simsec/sec=1   ev/simsec=367.366
     Messages:  created: 218810   present: 653   in FES: 6
** Event #1672448   t=5529.310213622232   Elapsed: 5529.26s (1h 32m)  87% completed  (87% total)
     Speed:     ev/sec=341.604   simsec/sec=0.999998   ev/simsec=341.605
     Messages:  created: 218880   present: 583   in FES: 7
** Event #1673216   t=5531.737804637066   Elapsed: 5531.69s (1h 32m)  87% completed  (87% total)
     Speed:     ev/sec=315.744   simsec/sec=0.998043   ev/simsec=316.363
     Messages:  created: 218957   present: 530   in FES: 5
** Event #1673984   t=5534.685286957507   Elapsed: 5534.63s (1h 32m)  87% completed  (87% total)
     Speed:     ev/sec=260.983   simsec/sec=1.00162   ev/simsec=260.561
     Messages:  created: 219032   present: 480   in FES: 6
** Event #1674752   t=5536.845029102402   Elapsed: 5536.79s (1h 32m)  87% completed  (87% total)
     Speed:     ev/sec=355.598   simsec/sec=0.999999   ev/simsec=355.598
     Messages:  created: 219101   present: 408   in FES: 7
** Event #1675520   t=5539.904505835289   Elapsed: 5539.85s (1h 32m)  87% completed  (87% total)
     Speed:     ev/sec=251.023   simsec/sec=0.999999   ev/simsec=251.023
     Messages:  created: 219190   present: 390   in FES: 6
** Event #1676032   t=5542.141959663642   Elapsed: 5542.09s (1h 32m)  87% completed  (87% total)
     Speed:     ev/sec=228.832   simsec/sec=1   ev/simsec=228.832
     Messages:  created: 219250   present: 378   in FES: 6
** Event #1676544   t=5544.452129069767   Elapsed: 5544.4s (1h 32m)  88% completed  (88% total)
     Speed:     ev/sec=221.629   simsec/sec=0.999999   ev/simsec=221.629
     Messages:  created: 219315   present: 381   in FES: 6
** Event #1677056   t=5546.702739711195   Elapsed: 5546.67s (1h 32m)  88% completed  (88% total)
     Speed:     ev/sec=225.4   simsec/sec=0.990794   ev/simsec=227.494
     Messages:  created: 219383   present: 388   in FES: 5
** Event #1677824   t=5549.584148366256   Elapsed: 5549.55s (1h 32m)  88% completed  (88% total)
     Speed:     ev/sec=266.612   simsec/sec=1.00029   ev/simsec=266.536
     Messages:  created: 219491   present: 412   in FES: 5
** Event #1678592   t=5551.806990825385   Elapsed: 5551.75s (1h 32m)  88% completed  (88% total)
     Speed:     ev/sec=348.348   simsec/sec=1.00823   ev/simsec=345.504
     Messages:  created: 219615   present: 468   in FES: 5
** Event #1679360   t=5553.953227584519   Elapsed: 5553.91s (1h 32m)  88% completed  (88% total)
     Speed:     ev/sec=356.412   simsec/sec=0.996023   ev/simsec=357.836
     Messages:  created: 219746   present: 538   in FES: 5
** Event #1679872   t=5555.971270535591   Elapsed: 5555.94s (1h 32m)  88% completed  (88% total)
     Speed:     ev/sec=252.589   simsec/sec=0.995579   ev/simsec=253.711
     Messages:  created: 219817   present: 552   in FES: 5
** Event #1680640   t=5558.181474552266   Elapsed: 5558.13s (1h 32m)  88% completed  (88% total)
     Speed:     ev/sec=350.569   simsec/sec=1.00889   ev/simsec=347.479
     Messages:  created: 219935   present: 593   in FES: 6
** Event #1681664   t=5560.856186465963   Elapsed: 5560.8s (1h 32m)  88% completed  (88% total)
     Speed:     ev/sec=382.844   simsec/sec=0.999998   ev/simsec=382.845
     Messages:  created: 220102   present: 666   in FES: 7
** Event #1682944   t=5563.362419314487   Elapsed: 5563.31s (1h 32m)  88% completed  (88% total)
     Speed:     ev/sec=510.727   simsec/sec=1   ev/simsec=510.727
     Messages:  created: 220271   present: 659   in FES: 7
** Event #1683712   t=5565.816876757798   Elapsed: 5565.76s (1h 32m)  88% completed  (88% total)
     Speed:     ev/sec=312.9   simsec/sec=0.999999   ev/simsec=312.9
     Messages:  created: 220363   present: 649   in FES: 6
** Event #1684480   t=5567.908859201959   Elapsed: 5567.85s (1h 32m)  88% completed  (88% total)
     Speed:     ev/sec=367.114   simsec/sec=0.999994   ev/simsec=367.116
     Messages:  created: 220469   present: 655   in FES: 7
** Event #1685248   t=5569.921977758328   Elapsed: 5569.88s (1h 32m)  88% completed  (88% total)
     Speed:     ev/sec=379.969   simsec/sec=0.995993   ev/simsec=381.498
     Messages:  created: 220551   present: 607   in FES: 5
** Event #1686016   t=5572.14384604387   Elapsed: 5572.09s (1h 32m)  88% completed  (88% total)
     Speed:     ev/sec=346.921   simsec/sec=1.00366   ev/simsec=345.655
     Messages:  created: 220621   present: 535   in FES: 7
** Event #1686784   t=5574.59203892664   Elapsed: 5574.54s (1h 32m)  88% completed  (88% total)
     Speed:     ev/sec=313.701   simsec/sec=1   ev/simsec=313.701
     Messages:  created: 220698   present: 485   in FES: 6
** Event #1687552   t=5576.970878494681   Elapsed: 5576.92s (1h 32m)  88% completed  (88% total)
     Speed:     ev/sec=322.847   simsec/sec=1   ev/simsec=322.846
     Messages:  created: 220802   present: 496   in FES: 6
** Event #1688576   t=5579.633818266266   Elapsed: 5579.58s (1h 32m)  88% completed  (88% total)
     Speed:     ev/sec=384.537   simsec/sec=0.999999   ev/simsec=384.537
     Messages:  created: 220937   present: 497   in FES: 6
** Event #1689600   t=5582.096002752794   Elapsed: 5582.04s (1h 33m)  88% completed  (88% total)
     Speed:     ev/sec=415.891   simsec/sec=1   ev/simsec=415.891
     Messages:  created: 221124   present: 614   in FES: 6
** Event #1690624   t=5584.85964037447   Elapsed: 5584.81s (1h 33m)  88% completed  (88% total)
     Speed:     ev/sec=369.496   simsec/sec=0.997219   ev/simsec=370.526
     Messages:  created: 221293   present: 691   in FES: 5
** Event #1691392   t=5586.947102604157   Elapsed: 5586.89s (1h 33m)  88% completed  (88% total)
     Speed:     ev/sec=369.274   simsec/sec=1.00371   ev/simsec=367.911
     Messages:  created: 221399   present: 705   in FES: 6
** Event #1692160   t=5589.120165390025   Elapsed: 5589.07s (1h 33m)  88% completed  (88% total)
     Speed:     ev/sec=353.418   simsec/sec=1   ev/simsec=353.418
     Messages:  created: 221489   present: 680   in FES: 7
** Event #1692928   t=5591.21523323798   Elapsed: 5591.16s (1h 33m)  88% completed  (88% total)
     Speed:     ev/sec=366.575   simsec/sec=0.999999   ev/simsec=366.575
     Messages:  created: 221562   present: 618   in FES: 7
** Event #1693952   t=5593.767806280417   Elapsed: 5593.71s (1h 33m)  88% completed  (88% total)
     Speed:     ev/sec=401.163   simsec/sec=0.999998   ev/simsec=401.164
     Messages:  created: 221665   present: 544   in FES: 7
** Event #1694720   t=5596.206231420264   Elapsed: 5596.15s (1h 33m)  88% completed  (88% total)
     Speed:     ev/sec=314.958   simsec/sec=1   ev/simsec=314.957
     Messages:  created: 221744   present: 495   in FES: 7
** Event #1695488   t=5598.609244245581   Elapsed: 5598.55s (1h 33m)  88% completed  (88% total)
     Speed:     ev/sec=319.599   simsec/sec=1   ev/simsec=319.599
     Messages:  created: 221833   present: 469   in FES: 6
** Event #1696256   t=5600.965880650148   Elapsed: 5600.91s (1h 33m)  88% completed  (88% total)
     Speed:     ev/sec=325.888   simsec/sec=1   ev/simsec=325.888
     Messages:  created: 221949   present: 504   in FES: 6
** Event #1697024   t=5603.19304614013   Elapsed: 5603.19s (1h 33m)  88% completed  (88% total)
     Speed:     ev/sec=336.681   simsec/sec=0.976358   ev/simsec=344.833
     Messages:  created: 222051   present: 510   in FES: 5
** Event #1697792   t=5605.58736212462   Elapsed: 5605.53s (1h 33m)  88% completed  (88% total)
     Speed:     ev/sec=328.15   simsec/sec=1.02304   ev/simsec=320.76
     Messages:  created: 222177   present: 569   in FES: 8
** Event #1698560   t=5608.22490201013   Elapsed: 5608.17s (1h 33m)  89% completed  (89% total)
     Speed:     ev/sec=291.181   simsec/sec=1   ev/simsec=291.18
     Messages:  created: 222268   present: 550   in FES: 7
** Event #1699584   t=5610.761698980759   Elapsed: 5610.71s (1h 33m)  89% completed  (89% total)
     Speed:     ev/sec=403.658   simsec/sec=1   ev/simsec=403.659
     Messages:  created: 222420   present: 590   in FES: 7
** Event #1700352   t=5613.162332639245   Elapsed: 5613.11s (1h 33m)  89% completed  (89% total)
     Speed:     ev/sec=319.916   simsec/sec=1   ev/simsec=319.916
     Messages:  created: 222510   present: 566   in FES: 7
** Event #1701376   t=5615.388233161907   Elapsed: 5615.33s (1h 33m)  89% completed  (89% total)
     Speed:     ev/sec=460.038   simsec/sec=1   ev/simsec=460.039
     Messages:  created: 222665   present: 609   in FES: 6
** Event #1702400   t=5617.530876270068   Elapsed: 5617.48s (1h 33m)  89% completed  (89% total)
     Speed:     ev/sec=477.915   simsec/sec=1   ev/simsec=477.914
     Messages:  created: 222841   present: 700   in FES: 7
** Event #1703424   t=5619.98883585862   Elapsed: 5619.93s (1h 33m)  89% completed  (89% total)
     Speed:     ev/sec=416.605   simsec/sec=0.999999   ev/simsec=416.606
     Messages:  created: 222988   present: 726   in FES: 7
** Event #1704448   t=5622.432013488556   Elapsed: 5622.38s (1h 33m)  89% completed  (89% total)
     Speed:     ev/sec=418.407   simsec/sec=0.998285   ev/simsec=419.126
     Messages:  created: 223141   present: 765   in FES: 5
** Event #1705472   t=5624.782734496142   Elapsed: 5624.75s (1h 33m)  89% completed  (89% total)
     Speed:     ev/sec=433.217   simsec/sec=0.994504   ev/simsec=435.611
     Messages:  created: 223271   present: 750   in FES: 5
** Event #1706752   t=5627.107741398524   Elapsed: 5627.05s (1h 33m)  89% completed  (89% total)
     Speed:     ev/sec=554.637   simsec/sec=1.00745   ev/simsec=550.536
     Messages:  created: 223430   present: 712   in FES: 6
** Event #1707776   t=5629.657967605196   Elapsed: 5629.6s (1h 33m)  89% completed  (89% total)
     Speed:     ev/sec=401.533   simsec/sec=1   ev/simsec=401.533
     Messages:  created: 223555   present: 683   in FES: 6
** Event #1708800   t=5632.226165857985   Elapsed: 5632.17s (1h 33m)  89% completed  (89% total)
     Speed:     ev/sec=398.723   simsec/sec=1   ev/simsec=398.723
     Messages:  created: 223678   present: 650   in FES: 6
** Event #1709568   t=5634.265028476705   Elapsed: 5634.22s (1h 33m)  89% completed  (89% total)
     Speed:     ev/sec=375.081   simsec/sec=0.995754   ev/simsec=376.681
     Messages:  created: 223767   present: 624   in FES: 5
** Event #1710592   t=5636.286509857154   Elapsed: 5636.23s (1h 33m)  89% completed  (89% total)
     Speed:     ev/sec=508.746   simsec/sec=1.00432   ev/simsec=506.559
     Messages:  created: 223927   present: 675   in FES: 8
** Event #1711616   t=5638.443154200602   Elapsed: 5638.39s (1h 33m)  89% completed  (89% total)
     Speed:     ev/sec=474.813   simsec/sec=1   ev/simsec=474.812
     Messages:  created: 224058   present: 665   in FES: 6
** Event #1712384   t=5640.788800781056   Elapsed: 5640.73s (1h 34m)  89% completed  (89% total)
     Speed:     ev/sec=327.417   simsec/sec=1.00001   ev/simsec=327.415
     Messages:  created: 224147   present: 640   in FES: 6
** Event #1712896   t=5642.907338460696   Elapsed: 5642.85s (1h 34m)  89% completed  (89% total)
     Speed:     ev/sec=241.675   simsec/sec=0.999994   ev/simsec=241.676
     Messages:  created: 224194   present: 595   in FES: 6
** Event #1713664   t=5645.18949879393   Elapsed: 5645.13s (1h 34m)  89% completed  (89% total)
     Speed:     ev/sec=336.523   simsec/sec=1   ev/simsec=336.523
     Messages:  created: 224284   present: 574   in FES: 7
** Event #1714432   t=5647.28876075516   Elapsed: 5647.23s (1h 34m)  89% completed  (89% total)
     Speed:     ev/sec=365.843   simsec/sec=1   ev/simsec=365.843
     Messages:  created: 224334   present: 449   in FES: 6
** Event #1715200   t=5649.478777565674   Elapsed: 5649.42s (1h 34m)  89% completed  (89% total)
     Speed:     ev/sec=350.68   simsec/sec=0.999993   ev/simsec=350.682
     Messages:  created: 224418   present: 413   in FES: 6
** Event #1715968   t=5652.08828685845   Elapsed: 5652.03s (1h 34m)  89% completed  (89% total)
     Speed:     ev/sec=294.31   simsec/sec=1.00001   ev/simsec=294.308
     Messages:  created: 224525   present: 434   in FES: 7
** Event #1716480   t=5654.279040797584   Elapsed: 5654.22s (1h 34m)  89% completed  (89% total)
     Speed:     ev/sec=233.708   simsec/sec=0.999995   ev/simsec=233.709
     Messages:  created: 224575   present: 406   in FES: 7
** Event #1716992   t=5656.82423659517   Elapsed: 5656.77s (1h 34m)  89% completed  (89% total)
     Speed:     ev/sec=201.164   simsec/sec=1   ev/simsec=201.163
     Messages:  created: 224642   present: 412   in FES: 7
** Event #1717504   t=5659.023525250304   Elapsed: 5658.97s (1h 34m)  89% completed  (89% total)
     Speed:     ev/sec=232.803   simsec/sec=1   ev/simsec=232.803
     Messages:  created: 224708   present: 415   in FES: 6
** Event #1718272   t=5661.099698603325   Elapsed: 5661.05s (1h 34m)  89% completed  (89% total)
     Speed:     ev/sec=369.128   simsec/sec=0.997882   ev/simsec=369.911
     Messages:  created: 224822   present: 448   in FES: 5
** Event #1719296   t=5664.168496196402   Elapsed: 5664.11s (1h 34m)  89% completed  (89% total)
     Speed:     ev/sec=334.16   simsec/sec=1.00144   ev/simsec=333.681
     Messages:  created: 224969   present: 483   in FES: 6
** Event #1720064   t=5666.551763843443   Elapsed: 5666.5s (1h 34m)  89% completed  (89% total)
     Speed:     ev/sec=322.247   simsec/sec=1   ev/simsec=322.247
     Messages:  created: 225087   present: 527   in FES: 6
** Event #1720832   t=5669.007048308078   Elapsed: 5668.95s (1h 34m)  89% completed  (89% total)
     Speed:     ev/sec=312.795   simsec/sec=0.999999   ev/simsec=312.795
     Messages:  created: 225215   present: 591   in FES: 6
** Event #1721600   t=5671.566367707307   Elapsed: 5671.54s (1h 34m)  90% completed  (90% total)
     Speed:     ev/sec=296.356   simsec/sec=0.987591   ev/simsec=300.08
     Messages:  created: 225297   present: 552   in FES: 5
** Event #1722368   t=5673.905452117174   Elapsed: 5673.85s (1h 34m)  90% completed  (90% total)
     Speed:     ev/sec=332.91   simsec/sec=1.01394   ev/simsec=328.334
     Messages:  created: 225377   present: 510   in FES: 6
** Event #1723136   t=5676.27344211176   Elapsed: 5676.22s (1h 34m)  90% completed  (90% total)
     Speed:     ev/sec=324.326   simsec/sec=1   ev/simsec=324.326
     Messages:  created: 225478   present: 513   in FES: 7
** Event #1723904   t=5678.385812424139   Elapsed: 5678.33s (1h 34m)  90% completed  (90% total)
     Speed:     ev/sec=363.573   simsec/sec=1   ev/simsec=363.573
     Messages:  created: 225565   present: 482   in FES: 6
** Event #1724672   t=5680.697377458285   Elapsed: 5680.64s (1h 34m)  90% completed  (90% total)
     Speed:     ev/sec=332.243   simsec/sec=1   ev/simsec=332.242
     Messages:  created: 225675   present: 504   in FES: 6
** Event #1725440   t=5683.682805868355   Elapsed: 5683.63s (1h 34m)  90% completed  (90% total)
     Speed:     ev/sec=257.249   simsec/sec=0.999999   ev/simsec=257.25
     Messages:  created: 225774   present: 510   in FES: 6
** Event #1726208   t=5686.414121816983   Elapsed: 5686.36s (1h 34m)  90% completed  (90% total)
     Speed:     ev/sec=281.183   simsec/sec=1   ev/simsec=281.183
     Messages:  created: 225863   present: 483   in FES: 6
** Event #1726976   t=5688.856874584802   Elapsed: 5688.8s (1h 34m)  90% completed  (90% total)
     Speed:     ev/sec=314.399   simsec/sec=0.999999   ev/simsec=314.399
     Messages:  created: 225961   present: 478   in FES: 6
** Event #1728000   t=5691.580188463362   Elapsed: 5691.53s (1h 34m)  90% completed  (90% total)
     Speed:     ev/sec=376.013   simsec/sec=1   ev/simsec=376.012
     Messages:  created: 226106   present: 501   in FES: 6
** Event #1728768   t=5693.930236123545   Elapsed: 5693.88s (1h 34m)  90% completed  (90% total)
     Speed:     ev/sec=326.801   simsec/sec=0.999998   ev/simsec=326.802
     Messages:  created: 226218   present: 531   in FES: 6
** Event #1729536   t=5696.417182985015   Elapsed: 5696.36s (1h 34m)  90% completed  (90% total)
     Speed:     ev/sec=308.813   simsec/sec=1   ev/simsec=308.812
     Messages:  created: 226335   present: 569   in FES: 6
** Event #1730304   t=5699.18602985207   Elapsed: 5699.13s (1h 34m)  90% completed  (90% total)
     Speed:     ev/sec=277.372   simsec/sec=0.999999   ev/simsec=277.372
     Messages:  created: 226424   present: 550   in FES: 7
** Event #1731072   t=5701.379245404376   Elapsed: 5701.32s (1h 35m)  90% completed  (90% total)
     Speed:     ev/sec=350.171   simsec/sec=1   ev/simsec=350.171
     Messages:  created: 226511   present: 517   in FES: 6
** Event #1731840   t=5703.907354214474   Elapsed: 5703.85s (1h 35m)  90% completed  (90% total)
     Speed:     ev/sec=303.781   simsec/sec=0.999989   ev/simsec=303.784
     Messages:  created: 226594   present: 483   in FES: 7
** Event #1732608   t=5706.37310258857   Elapsed: 5706.32s (1h 35m)  90% completed  (90% total)
     Speed:     ev/sec=311.47   simsec/sec=1.00001   ev/simsec=311.467
     Messages:  created: 226685   present: 463   in FES: 8
** Event #1733120   t=5708.501740147078   Elapsed: 5708.45s (1h 35m)  90% completed  (90% total)
     Speed:     ev/sec=240.53   simsec/sec=1   ev/simsec=240.529
     Messages:  created: 226734   present: 429   in FES: 6
** Event #1733888   t=5710.589482426517   Elapsed: 5710.53s (1h 35m)  90% completed  (90% total)
     Speed:     ev/sec=367.862   simsec/sec=1   ev/simsec=367.861
     Messages:  created: 226857   present: 477   in FES: 6
** Event #1734912   t=5712.756289281413   Elapsed: 5712.7s (1h 35m)  90% completed  (90% total)
     Speed:     ev/sec=472.585   simsec/sec=1   ev/simsec=472.585
     Messages:  created: 227037   present: 576   in FES: 6
** Event #1735680   t=5715.4946010382   Elapsed: 5715.44s (1h 35m)  90% completed  (90% total)
     Speed:     ev/sec=280.463   simsec/sec=0.999993   ev/simsec=280.465
     Messages:  created: 227153   present: 615   in FES: 6
** Event #1736448   t=5718.076856056504   Elapsed: 5718.02s (1h 35m)  90% completed  (90% total)
     Speed:     ev/sec=297.417   simsec/sec=1.00001   ev/simsec=297.414
     Messages:  created: 227248   present: 609   in FES: 6
** Event #1737216   t=5720.580534566626   Elapsed: 5720.53s (1h 35m)  90% completed  (90% total)
     Speed:     ev/sec=306.748   simsec/sec=0.999998   ev/simsec=306.749
     Messages:  created: 227339   present: 590   in FES: 7
** Event #1738240   t=5722.834146902623   Elapsed: 5722.78s (1h 35m)  90% completed  (90% total)
     Speed:     ev/sec=454.381   simsec/sec=0.999999   ev/simsec=454.382
     Messages:  created: 227434   present: 498   in FES: 8
** Event #1739264   t=5725.018643321845   Elapsed: 5724.96s (1h 35m)  90% completed  (90% total)
     Speed:     ev/sec=468.76   simsec/sec=1   ev/simsec=468.758
     Messages:  created: 227600   present: 561   in FES: 6
** Event #1740032   t=5727.14573630526   Elapsed: 5727.09s (1h 35m)  90% completed  (90% total)
     Speed:     ev/sec=361.055   simsec/sec=0.999998   ev/simsec=361.056
     Messages:  created: 227727   present: 620   in FES: 7
** Event #1740800   t=5729.800763779113   Elapsed: 5729.76s (1h 35m)  90% completed  (90% total)
     Speed:     ev/sec=288.049   simsec/sec=0.995805   ev/simsec=289.263
     Messages:  created: 227830   present: 626   in FES: 5
** Event #1741568   t=5732.68267315752   Elapsed: 5732.63s (1h 35m)  90% completed  (90% total)
     Speed:     ev/sec=267.528   simsec/sec=1.0039   ev/simsec=266.49
     Messages:  created: 227911   present: 589   in FES: 6
** Event #1742592   t=5734.794630408793   Elapsed: 5734.74s (1h 35m)  91% completed  (91% total)
     Speed:     ev/sec=484.858   simsec/sec=0.999999   ev/simsec=484.858
     Messages:  created: 228043   present: 577   in FES: 7
** Event #1743360   t=5736.816946973577   Elapsed: 5736.76s (1h 35m)  91% completed  (91% total)
     Speed:     ev/sec=379.761   simsec/sec=0.999995   ev/simsec=379.763
     Messages:  created: 228127   present: 532   in FES: 8
** Event #1744128   t=5739.318999475549   Elapsed: 5739.27s (1h 35m)  91% completed  (91% total)
     Speed:     ev/sec=306.261   simsec/sec=0.997761   ev/simsec=306.948
     Messages:  created: 228216   present: 506   in FES: 5
** Event #1744896   t=5741.847381617366   Elapsed: 5741.79s (1h 35m)  91% completed  (91% total)
     Speed:     ev/sec=304.429   simsec/sec=1.00223   ev/simsec=303.752
     Messages:  created: 228341   present: 560   in FES: 6
** Event #1745664   t=5744.421896266945   Elapsed: 5744.37s (1h 35m)  91% completed  (91% total)
     Speed:     ev/sec=298.309   simsec/sec=1   ev/simsec=298.309
     Messages:  created: 228426   present: 529   in FES: 7
** Event #1746688   t=5747.00831777165   Elapsed: 5746.95s (1h 35m)  91% completed  (91% total)
     Speed:     ev/sec=395.913   simsec/sec=0.999999   ev/simsec=395.914
     Messages:  created: 228563   present: 533   in FES: 6
** Event #1747456   t=5749.40768386804   Elapsed: 5749.35s (1h 35m)  91% completed  (91% total)
     Speed:     ev/sec=320.085   simsec/sec=1   ev/simsec=320.085
     Messages:  created: 228677   present: 563   in FES: 8
** Event #1748224   t=5752.121525082212   Elapsed: 5752.07s (1h 35m)  91% completed  (91% total)
     Speed:     ev/sec=282.994   simsec/sec=1   ev/simsec=282.994
     Messages:  created: 228752   present: 503   in FES: 7
** Event #1748992   t=5754.75057078175   Elapsed: 5754.7s (1h 35m)  91% completed  (91% total)
     Speed:     ev/sec=292.121   simsec/sec=1   ev/simsec=292.121
     Messages:  created: 228848   present: 501   in FES: 7
** Event #1749760   t=5757.339479409464   Elapsed: 5757.28s (1h 35m)  91% completed  (91% total)
     Speed:     ev/sec=296.65   simsec/sec=1   ev/simsec=296.65
     Messages:  created: 228921   present: 442   in FES: 6
** Event #1750528   t=5760.065781065545   Elapsed: 5760.01s (1h 36m)  91% completed  (91% total)
     Speed:     ev/sec=281.7   simsec/sec=0.999999   ev/simsec=281.7
     Messages:  created: 229007   present: 412   in FES: 7
** Event #1751296   t=5762.957258581362   Elapsed: 5762.9s (1h 36m)  91% completed  (91% total)
     Speed:     ev/sec=265.609   simsec/sec=1   ev/simsec=265.608
     Messages:  created: 229107   present: 420   in FES: 6
** Event #1752064   t=5765.446063743945   Elapsed: 5765.39s (1h 36m)  91% completed  (91% total)
     Speed:     ev/sec=308.582   simsec/sec=0.999999   ev/simsec=308.582
     Messages:  created: 229219   present: 448   in FES: 7
** Event #1752832   t=5768.049927814343   Elapsed: 5768s (1h 36m)  91% completed  (91% total)
     Speed:     ev/sec=294.944   simsec/sec=0.999992   ev/simsec=294.946
     Messages:  created: 229337   present: 492   in FES: 7
** Event #1753600   t=5770.81675875825   Elapsed: 5770.76s (1h 36m)  91% completed  (91% total)
     Speed:     ev/sec=277.576   simsec/sec=1.00001   ev/simsec=277.574
     Messages:  created: 229444   present: 510   in FES: 6
** Event #1754368   t=5773.310195250073   Elapsed: 5773.26s (1h 36m)  91% completed  (91% total)
     Speed:     ev/sec=308.007   simsec/sec=0.999994   ev/simsec=308.009
     Messages:  created: 229556   present: 538   in FES: 6
** Event #1755136   t=5775.56393959393   Elapsed: 5775.51s (1h 36m)  91% completed  (91% total)
     Speed:     ev/sec=340.768   simsec/sec=1.00001   ev/simsec=340.766
     Messages:  created: 229645   present: 516   in FES: 7
** Event #1755904   t=5777.799342736654   Elapsed: 5777.76s (1h 36m)  91% completed  (91% total)
     Speed:     ev/sec=341.668   simsec/sec=0.994487   ev/simsec=343.562
     Messages:  created: 229747   present: 521   in FES: 5
** Event #1756672   t=5779.939801694548   Elapsed: 5779.89s (1h 36m)  91% completed  (91% total)
     Speed:     ev/sec=360.891   simsec/sec=1.00582   ev/simsec=358.802
     Messages:  created: 229874   present: 581   in FES: 8
** Event #1757696   t=5782.497161114002   Elapsed: 5782.44s (1h 36m)  91% completed  (91% total)
     Speed:     ev/sec=400.414   simsec/sec=1   ev/simsec=400.413
     Messages:  created: 230023   present: 614   in FES: 7
** Event #1758720   t=5785.107463762848   Elapsed: 5785.05s (1h 36m)  91% completed  (91% total)
     Speed:     ev/sec=392.296   simsec/sec=1.00001   ev/simsec=392.292
     Messages:  created: 230172   present: 644   in FES: 6
** Event #1759488   t=5787.181746455756   Elapsed: 5787.13s (1h 36m)  91% completed  (91% total)
     Speed:     ev/sec=370.242   simsec/sec=0.999983   ev/simsec=370.248
     Messages:  created: 230302   present: 712   in FES: 7
** Event #1760512   t=5789.417076113623   Elapsed: 5789.36s (1h 36m)  91% completed  (91% total)
     Speed:     ev/sec=458.099   simsec/sec=1   ev/simsec=458.098
     Messages:  created: 230430   present: 688   in FES: 7
** Event #1761536   t=5792.32450577572   Elapsed: 5792.27s (1h 36m)  91% completed  (91% total)
     Speed:     ev/sec=352.201   simsec/sec=0.999999   ev/simsec=352.201
     Messages:  created: 230536   present: 622   in FES: 6
** Event #1762048   t=5794.364352008512   Elapsed: 5794.31s (1h 36m)  91% completed  (91% total)
     Speed:     ev/sec=251   simsec/sec=1   ev/simsec=250.999
     Messages:  created: 230578   present: 567   in FES: 6
** Event #1762816   t=5796.681287373474   Elapsed: 5796.63s (1h 36m)  92% completed  (92% total)
     Speed:     ev/sec=331.472   simsec/sec=1   ev/simsec=331.472
     Messages:  created: 230645   present: 491   in FES: 7
** Event #1763584   t=5799.06492083085   Elapsed: 5799.01s (1h 36m)  92% completed  (92% total)
     Speed:     ev/sec=322.197   simsec/sec=0.999999   ev/simsec=322.197
     Messages:  created: 230708   present: 402   in FES: 7
** Event #1764352   t=5801.14853967326   Elapsed: 5801.09s (1h 36m)  92% completed  (92% total)
     Speed:     ev/sec=368.588   simsec/sec=0.999995   ev/simsec=368.589
     Messages:  created: 230812   present: 408   in FES: 7
** Event #1765120   t=5804.144186457089   Elapsed: 5804.09s (1h 36m)  92% completed  (92% total)
     Speed:     ev/sec=256.373   simsec/sec=1   ev/simsec=256.372
     Messages:  created: 230924   present: 439   in FES: 7
** Event #1765632   t=5806.420713289826   Elapsed: 5806.37s (1h 36m)  92% completed  (92% total)
     Speed:     ev/sec=224.904   simsec/sec=1   ev/simsec=224.904
     Messages:  created: 230981   present: 425   in FES: 7
** Event #1766400   t=5809.159752343932   Elapsed: 5809.11s (1h 36m)  92% completed  (92% total)
     Speed:     ev/sec=280.39   simsec/sec=1   ev/simsec=280.39
     Messages:  created: 231095   present: 460   in FES: 6
** Event #1766912   t=5811.346264987527   Elapsed: 5811.29s (1h 36m)  92% completed  (92% total)
     Speed:     ev/sec=234.062   simsec/sec=0.999571   ev/simsec=234.163
     Messages:  created: 231144   present: 427   in FES: 5
** Event #1767680   t=5814.012329713301   Elapsed: 5813.96s (1h 36m)  92% completed  (92% total)
     Speed:     ev/sec=288.167   simsec/sec=1.00035   ev/simsec=288.065
     Messages:  created: 231247   present: 431   in FES: 6
** Event #1768192   t=5816.303148101241   Elapsed: 5816.25s (1h 36m)  92% completed  (92% total)
     Speed:     ev/sec=223.501   simsec/sec=0.999999   ev/simsec=223.501
     Messages:  created: 231310   present: 429   in FES: 6
** Event #1768960   t=5818.726389519674   Elapsed: 5818.67s (1h 36m)  92% completed  (92% total)
     Speed:     ev/sec=316.931   simsec/sec=1   ev/simsec=316.931
     Messages:  created: 231411   present: 434   in FES: 6
** Event #1769728   t=5821.06825591613   Elapsed: 5821.01s (1h 37m)  92% completed  (92% total)
     Speed:     ev/sec=327.944   simsec/sec=1   ev/simsec=327.944
     Messages:  created: 231531   present: 483   in FES: 6
** Event #1770496   t=5823.69957525183   Elapsed: 5823.64s (1h 37m)  92% completed  (92% total)
     Speed:     ev/sec=291.866   simsec/sec=0.999992   ev/simsec=291.869
     Messages:  created: 231644   present: 517   in FES: 8
** Event #1771264   t=5826.050898305774   Elapsed: 5826s (1h 37m)  92% completed  (92% total)
     Speed:     ev/sec=326.628   simsec/sec=1.00001   ev/simsec=326.625
     Messages:  created: 231761   present: 554   in FES: 6
** Event #1772032   t=5828.441912726842   Elapsed: 5828.39s (1h 37m)  92% completed  (92% total)
     Speed:     ev/sec=321.203   simsec/sec=1   ev/simsec=321.203
     Messages:  created: 231874   present: 584   in FES: 6
** Event #1772800   t=5830.738034729813   Elapsed: 5830.68s (1h 37m)  92% completed  (92% total)
     Speed:     ev/sec=334.477   simsec/sec=0.999999   ev/simsec=334.477
     Messages:  created: 231965   present: 560   in FES: 6
** Event #1773824   t=5833.115711061045   Elapsed: 5833.06s (1h 37m)  92% completed  (92% total)
     Speed:     ev/sec=430.672   simsec/sec=0.999999   ev/simsec=430.673
     Messages:  created: 232128   present: 619   in FES: 7
** Event #1774592   t=5835.349369159995   Elapsed: 5835.3s (1h 37m)  92% completed  (92% total)
     Speed:     ev/sec=343.085   simsec/sec=0.997831   ev/simsec=343.831
     Messages:  created: 232217   present: 594   in FES: 5
** Event #1775616   t=5837.806094140592   Elapsed: 5837.75s (1h 37m)  92% completed  (92% total)
     Speed:     ev/sec=417.641   simsec/sec=1.00198   ev/simsec=416.815
     Messages:  created: 232365   present: 624   in FES: 6
** Event #1776640   t=5840.24007450435   Elapsed: 5840.19s (1h 37m)  92% completed  (92% total)
     Speed:     ev/sec=420.71   simsec/sec=1   ev/simsec=420.71
     Messages:  created: 232533   present: 697   in FES: 6
** Event #1777408   t=5842.27741760664   Elapsed: 5842.27s (1h 37m)  92% completed  (92% total)
     Speed:     ev/sec=369.192   simsec/sec=0.97939   ev/simsec=376.962
     Messages:  created: 232612   present: 644   in FES: 5
** Event #1778176   t=5844.665164814421   Elapsed: 5844.62s (1h 37m)  92% completed  (92% total)
     Speed:     ev/sec=326.183   simsec/sec=1.01412   ev/simsec=321.642
     Messages:  created: 232697   present: 605   in FES: 5
** Event #1779200   t=5847.297310749559   Elapsed: 5847.25s (1h 37m)  92% completed  (92% total)
     Speed:     ev/sec=388.968   simsec/sec=0.999824   ev/simsec=389.036
     Messages:  created: 232816   present: 570   in FES: 5
** Event #1779968   t=5849.413660910843   Elapsed: 5849.36s (1h 37m)  92% completed  (92% total)
     Speed:     ev/sec=364.629   simsec/sec=1.0048   ev/simsec=362.889
     Messages:  created: 232898   present: 525   in FES: 6
** Event #1780992   t=5852.235189828263   Elapsed: 5852.18s (1h 37m)  92% completed  (92% total)
     Speed:     ev/sec=362.923   simsec/sec=0.999997   ev/simsec=362.924
     Messages:  created: 233036   present: 533   in FES: 6
** Event #1781504   t=5854.248844218287   Elapsed: 5854.19s (1h 37m)  92% completed  (92% total)
     Speed:     ev/sec=254.264   simsec/sec=1   ev/simsec=254.264
     Messages:  created: 233096   present: 521   in FES: 6
** Event #1782272   t=5856.570478926445   Elapsed: 5856.52s (1h 37m)  92% completed  (92% total)
     Speed:     ev/sec=330.802   simsec/sec=1   ev/simsec=330.801
     Messages:  created: 233195   present: 516   in FES: 6
** Event #1783296   t=5859.222094123078   Elapsed: 5859.17s (1h 37m)  93% completed  (93% total)
     Speed:     ev/sec=386.051   simsec/sec=0.999667   ev/simsec=386.18
     Messages:  created: 233352   present: 565   in FES: 5
** Event #1784320   t=5861.505724047372   Elapsed: 5861.45s (1h 37m)  93% completed  (93% total)
     Speed:     ev/sec=448.581   simsec/sec=1.00038   ev/simsec=448.409
     Messages:  created: 233500   present: 595   in FES: 7
** Event #1785344   t=5864.315318152156   Elapsed: 5864.28s (1h 37m)  93% completed  (93% total)
     Speed:     ev/sec=361.413   simsec/sec=0.991624   ev/simsec=364.465
     Messages:  created: 233664   present: 664   in FES: 5
** Event #1786112   t=5866.692107430502   Elapsed: 5866.64s (1h 37m)  93% completed  (93% total)
     Speed:     ev/sec=326.381   simsec/sec=1.01008   ev/simsec=323.125
     Messages:  created: 233757   present: 647   in FES: 8
** Event #1787136   t=5869.291849296816   Elapsed: 5869.24s (1h 37m)  93% completed  (93% total)
     Speed:     ev/sec=393.89   simsec/sec=1.00001   ev/simsec=393.885
     Messages:  created: 233893   present: 644   in FES: 6
** Event #1788160   t=5871.633357470457   Elapsed: 5871.58s (1h 37m)  93% completed  (93% total)
     Speed:     ev/sec=437.325   simsec/sec=0.999999   ev/simsec=437.325
     Messages:  created: 234015   present: 613   in FES: 7
** Event #1789440   t=5874.345958285954   Elapsed: 5874.29s (1h 37m)  93% completed  (93% total)
     Speed:     ev/sec=471.871   simsec/sec=0.999999   ev/simsec=471.872
     Messages:  created: 234196   present: 634   in FES: 7
** Event #1790208   t=5877.307703686509   Elapsed: 5877.25s (1h 37m)  93% completed  (93% total)
     Speed:     ev/sec=259.306   simsec/sec=0.999998   ev/simsec=259.307
     Messages:  created: 234283   present: 606   in FES: 6
** Event #1790976   t=5879.838942742957   Elapsed: 5879.78s (1h 37m)  93% completed  (93% total)
     Speed:     ev/sec=303.409   simsec/sec=1   ev/simsec=303.409
     Messages:  created: 234347   present: 526   in FES: 7
** Event #1791744   t=5882.358990614345   Elapsed: 5882.3s (1h 38m)  93% completed  (93% total)
     Speed:     ev/sec=304.756   simsec/sec=0.999998   ev/simsec=304.756
     Messages:  created: 234419   present: 463   in FES: 7
** Event #1792768   t=5884.511215678831   Elapsed: 5884.48s (1h 38m)  93% completed  (93% total)
     Speed:     ev/sec=470.664   simsec/sec=0.989233   ev/simsec=475.787
     Messages:  created: 234548   present: 444   in FES: 5
** Event #1793536   t=5886.979885080289   Elapsed: 5886.94s (1h 38m)  93% completed  (93% total)
     Speed:     ev/sec=311.9   simsec/sec=1.00258   ev/simsec=311.099
     Messages:  created: 234661   present: 476   in FES: 5
** Event #1794048   t=5889.06622807338   Elapsed: 5889.01s (1h 38m)  93% completed  (93% total)
     Speed:     ev/sec=247.123   simsec/sec=1.007   ev/simsec=245.405
     Messages:  created: 234740   present: 506   in FES: 5
** Event #1794816   t=5891.765834537429   Elapsed: 5891.75s (1h 38m)  93% completed  (93% total)
     Speed:     ev/sec=280.851   simsec/sec=0.987223   ev/simsec=284.486
     Messages:  created: 234854   present: 542   in FES: 5
** Event #1795584   t=5894.102143293305   Elapsed: 5894.05s (1h 38m)  93% completed  (93% total)
     Speed:     ev/sec=334.088   simsec/sec=1.01632   ev/simsec=328.724
     Messages:  created: 234957   present: 554   in FES: 8
** Event #1796352   t=5896.520388443878   Elapsed: 5896.47s (1h 38m)  93% completed  (93% total)
     Speed:     ev/sec=316.912   simsec/sec=0.997877   ev/simsec=317.586
     Messages:  created: 235040   present: 512   in FES: 5
** Event #1797120   t=5898.97784553305   Elapsed: 5898.95s (1h 38m)  93% completed  (93% total)
     Speed:     ev/sec=309.25   simsec/sec=0.989542   ev/simsec=312.518
     Messages:  created: 235140   present: 509   in FES: 5
** Event #1797888   t=5901.43031745693   Elapsed: 5901.38s (1h 38m)  93% completed  (93% total)
     Speed:     ev/sec=317.179   simsec/sec=1.01286   ev/simsec=313.153
     Messages:  created: 235233   present: 496   in FES: 6
** Event #1798656   t=5904.35783784524   Elapsed: 5904.3s (1h 38m)  93% completed  (93% total)
     Speed:     ev/sec=262.338   simsec/sec=0.999999   ev/simsec=262.338
     Messages:  created: 235309   present: 447   in FES: 7
** Event #1799168   t=5906.639177442543   Elapsed: 5906.59s (1h 38m)  93% completed  (93% total)
     Speed:     ev/sec=223.776   simsec/sec=0.997088   ev/simsec=224.43
     Messages:  created: 235359   present: 413   in FES: 5
** Event #1799936   t=5909.680701894808   Elapsed: 5909.64s (1h 38m)  93% completed  (93% total)
     Speed:     ev/sec=251.661   simsec/sec=0.996656   ev/simsec=252.505
     Messages:  created: 235436   present: 366   in FES: 5
** Event #1800448   t=5911.955778069372   Elapsed: 5911.91s (1h 38m)  93% completed  (93% total)
     Speed:     ev/sec=225.533   simsec/sec=1.00216   ev/simsec=225.047
     Messages:  created: 235488   present: 334   in FES: 5
** Event #1800960   t=5914.240837258514   Elapsed: 5914.19s (1h 38m)  93% completed  (93% total)
     Speed:     ev/sec=225.032   simsec/sec=1.00432   ev/simsec=224.064
     Messages:  created: 235555   present: 340   in FES: 5
** Event #1801728   t=5916.838340364243   Elapsed: 5916.79s (1h 38m)  93% completed  (93% total)
     Speed:     ev/sec=294.992   simsec/sec=0.997711   ev/simsec=295.669
     Messages:  created: 235668   present: 374   in FES: 5
** Event #1802496   t=5919.923963017097   Elapsed: 5919.89s (1h 38m)  93% completed  (93% total)
     Speed:     ev/sec=247.975   simsec/sec=0.996299   ev/simsec=248.896
     Messages:  created: 235765   present: 376   in FES: 5
** Event #1803264   t=5922.057160112   Elapsed: 5922.01s (1h 38m)  94% completed  (94% total)
     Speed:     ev/sec=361.324   simsec/sec=1.00361   ev/simsec=360.023
     Messages:  created: 235885   present: 424   in FES: 5
** Event #1803776   t=5924.202604794378   Elapsed: 5924.17s (1h 38m)  94% completed  (94% total)
     Speed:     ev/sec=237.746   simsec/sec=0.996232   ev/simsec=238.645
     Messages:  created: 235962   present: 450   in FES: 5
** Event #1804288   t=5926.235809495171   Elapsed: 5926.19s (1h 38m)  94% completed  (94% total)
     Speed:     ev/sec=252.927   simsec/sec=1.0044   ev/simsec=251.819
     Messages:  created: 236018   present: 434   in FES: 5
** Event #1805056   t=5929.294327796148   Elapsed: 5929.25s (1h 38m)  94% completed  (94% total)
     Speed:     ev/sec=251.361   simsec/sec=1.00103   ev/simsec=251.102
     Messages:  created: 236136   present: 478   in FES: 5
** Event #1805568   t=5931.384413535693   Elapsed: 5931.33s (1h 38m)  94% completed  (94% total)
     Speed:     ev/sec=245.901   simsec/sec=1.00382   ev/simsec=244.966
     Messages:  created: 236189   present: 456   in FES: 6
** Event #1806336   t=5933.466196075454   Elapsed: 5933.41s (1h 38m)  94% completed  (94% total)
     Speed:     ev/sec=368.915   simsec/sec=1   ev/simsec=368.915
     Messages:  created: 236295   present: 463   in FES: 6
** Event #1807104   t=5936.067450828455   Elapsed: 5936.03s (1h 38m)  94% completed  (94% total)
     Speed:     ev/sec=293.22   simsec/sec=0.993152   ev/simsec=295.242
     Messages:  created: 236409   present: 498   in FES: 5
** Event #1807872   t=5939.226390575845   Elapsed: 5939.17s (1h 38m)  94% completed  (94% total)
     Speed:     ev/sec=244.508   simsec/sec=1.00571   ev/simsec=243.12
     Messages:  created: 236490   present: 460   in FES: 6
** Event #1808384   t=5941.244934980252   Elapsed: 5941.19s (1h 39m)  94% completed  (94% total)
     Speed:     ev/sec=253.648   simsec/sec=1   ev/simsec=253.648
     Messages:  created: 236557   present: 467   in FES: 6
** Event #1809152   t=5943.541259128623   Elapsed: 5943.49s (1h 39m)  94% completed  (94% total)
     Speed:     ev/sec=334.447   simsec/sec=0.999998   ev/simsec=334.448
     Messages:  created: 236654   present: 464   in FES: 8
** Event #1809920   t=5945.926741014853   Elapsed: 5945.87s (1h 39m)  94% completed  (94% total)
     Speed:     ev/sec=321.947   simsec/sec=1   ev/simsec=321.948
     Messages:  created: 236751   present: 454   in FES: 7
** Event #1810432   t=5947.94482297274   Elapsed: 5947.89s (1h 39m)  94% completed  (94% total)
     Speed:     ev/sec=253.711   simsec/sec=1.00002   ev/simsec=253.706
     Messages:  created: 236825   present: 471   in FES: 8
** Event #1811200   t=5950.415584827911   Elapsed: 5950.36s (1h 39m)  94% completed  (94% total)
     Speed:     ev/sec=310.831   simsec/sec=0.999987   ev/simsec=310.835
     Messages:  created: 236943   present: 513   in FES: 7
** Event #1811968   t=5953.0204272197   Elapsed: 5952.97s (1h 39m)  94% completed  (94% total)
     Speed:     ev/sec=294.836   simsec/sec=1   ev/simsec=294.835
     Messages:  created: 237041   present: 508   in FES: 7
** Event #1812736   t=5955.792598796143   Elapsed: 5955.74s (1h 39m)  94% completed  (94% total)
     Speed:     ev/sec=277.038   simsec/sec=0.999995   ev/simsec=277.039
     Messages:  created: 237135   present: 502   in FES: 7
** Event #1813504   t=5958.136168975418   Elapsed: 5958.08s (1h 39m)  94% completed  (94% total)
     Speed:     ev/sec=327.573   simsec/sec=0.999596   ev/simsec=327.705
     Messages:  created: 237242   present: 516   in FES: 5
** Event #1814272   t=5960.194309855185   Elapsed: 5960.14s (1h 39m)  94% completed  (94% total)
     Speed:     ev/sec=373.327   simsec/sec=1.00047   ev/simsec=373.152
     Messages:  created: 237343   present: 516   in FES: 6
** Event #1815296   t=5962.31532362315   Elapsed: 5962.26s (1h 39m)  94% completed  (94% total)
     Speed:     ev/sec=482.787   simsec/sec=0.999999   ev/simsec=482.788
     Messages:  created: 237519   present: 606   in FES: 7
** Event #1816064   t=5964.548878184017   Elapsed: 5964.49s (1h 39m)  94% completed  (94% total)
     Speed:     ev/sec=343.846   simsec/sec=1   ev/simsec=343.847
     Messages:  created: 237637   present: 649   in FES: 8
** Event #1816832   t=5967.088833995189   Elapsed: 5967.03s (1h 39m)  94% completed  (94% total)
     Speed:     ev/sec=302.367   simsec/sec=1   ev/simsec=302.367
     Messages:  created: 237731   present: 631   in FES: 7
** Event #1817600   t=5969.382357051212   Elapsed: 5969.33s (1h 39m)  94% completed  (94% total)
     Speed:     ev/sec=334.856   simsec/sec=1   ev/simsec=334.856
     Messages:  created: 237840   present: 652   in FES: 7
** Event #1818624   t=5971.642540573811   Elapsed: 5971.59s (1h 39m)  94% completed  (94% total)
     Speed:     ev/sec=453.06   simsec/sec=0.999998   ev/simsec=453.061
     Messages:  created: 237969   present: 631   in FES: 7
** Event #1819648   t=5974.11748567247   Elapsed: 5974.07s (1h 39m)  94% completed  (94% total)
     Speed:     ev/sec=412.967   simsec/sec=0.998117   ev/simsec=413.747
     Messages:  created: 238073   present: 559   in FES: 5
** Event #1820416   t=5976.616864931089   Elapsed: 5976.56s (1h 39m)  94% completed  (94% total)
     Speed:     ev/sec=307.852   simsec/sec=1.00187   ev/simsec=307.276
     Messages:  created: 238173   present: 559   in FES: 7
** Event #1821184   t=5979.141333900238   Elapsed: 5979.09s (1h 39m)  94% completed  (94% total)
     Speed:     ev/sec=304.222   simsec/sec=0.999998   ev/simsec=304.222
     Messages:  created: 238267   present: 545   in FES: 6
** Event #1821952   t=5981.475041659464   Elapsed: 5981.42s (1h 39m)  94% completed  (94% total)
     Speed:     ev/sec=329.091   simsec/sec=1   ev/simsec=329.09
     Messages:  created: 238339   present: 479   in FES: 6
** Event #1822720   t=5984.291328956987   Elapsed: 5984.24s (1h 39m)  94% completed  (94% total)
     Speed:     ev/sec=272.699   simsec/sec=0.999999   ev/simsec=272.699
     Messages:  created: 238423   present: 446   in FES: 6
** Event #1823488   t=5987.04896048868   Elapsed: 5987.05s (1h 39m)  95% completed  (95% total)
     Speed:     ev/sec=272.683   simsec/sec=0.979115   ev/simsec=278.5
     Messages:  created: 238511   present: 420   in FES: 5
** Event #1824256   t=5990.094273200142   Elapsed: 5990.04s (1h 39m)  95% completed  (95% total)
     Speed:     ev/sec=257.158   simsec/sec=1.0197   ev/simsec=252.191
     Messages:  created: 238600   present: 401   in FES: 6
** Event #1825024   t=5992.754914347682   Elapsed: 5992.7s (1h 39m)  95% completed  (95% total)
     Speed:     ev/sec=288.653   simsec/sec=1   ev/simsec=288.652
     Messages:  created: 238705   present: 419   in FES: 6
** Event #1825536   t=5994.816312067923   Elapsed: 5994.76s (1h 39m)  95% completed  (95% total)
     Speed:     ev/sec=248.375   simsec/sec=0.999999   ev/simsec=248.375
     Messages:  created: 238783   present: 442   in FES: 6
** Event #1826304   t=5997.739311445873   Elapsed: 5997.68s (1h 39m)  95% completed  (95% total)
     Speed:     ev/sec=262.744   simsec/sec=1   ev/simsec=262.744
     Messages:  created: 238891   present: 463   in FES: 6
** Event #1827072   t=5999.858808253964   Elapsed: 5999.8s (1h 39m)  95% completed  (95% total)
     Speed:     ev/sec=362.353   simsec/sec=1.00001   ev/simsec=362.35
     Messages:  created: 239021   present: 530   in FES: 7
** Event #1827840   t=6002.555866031107   Elapsed: 6002.5s (1h 40m)  95% completed  (95% total)
     Speed:     ev/sec=284.753   simsec/sec=0.999994   ev/simsec=284.755
     Messages:  created: 239117   present: 527   in FES: 6
** Event #1828608   t=6005.060323853391   Elapsed: 6005.01s (1h 40m)  95% completed  (95% total)
     Speed:     ev/sec=306.653   simsec/sec=1   ev/simsec=306.653
     Messages:  created: 239220   present: 532   in FES: 6
** Event #1829376   t=6007.402020218672   Elapsed: 6007.36s (1h 40m)  95% completed  (95% total)
     Speed:     ev/sec=326.226   simsec/sec=0.99469   ev/simsec=327.967
     Messages:  created: 239328   present: 549   in FES: 5
** Event #1830144   t=6009.69238052105   Elapsed: 6009.64s (1h 40m)  95% completed  (95% total)
     Speed:     ev/sec=337.158   simsec/sec=1.00549   ev/simsec=335.318
     Messages:  created: 239411   present: 509   in FES: 8
** Event #1830912   t=6012.29270952782   Elapsed: 6012.24s (1h 40m)  95% completed  (95% total)
     Speed:     ev/sec=295.348   simsec/sec=1   ev/simsec=295.347
     Messages:  created: 239506   present: 499   in FES: 6
** Event #1831680   t=6014.894901801945   Elapsed: 6014.84s (1h 40m)  95% completed  (95% total)
     Speed:     ev/sec=295.136   simsec/sec=1   ev/simsec=295.136
     Messages:  created: 239603   present: 494   in FES: 7
** Event #1832448   t=6017.589096536488   Elapsed: 6017.53s (1h 40m)  95% completed  (95% total)
     Speed:     ev/sec=285.057   simsec/sec=1   ev/simsec=285.057
     Messages:  created: 239685   present: 452   in FES: 7
** Event #1832960   t=6019.58282886851   Elapsed: 6019.55s (1h 40m)  95% completed  (95% total)
     Speed:     ev/sec=254.189   simsec/sec=0.989813   ev/simsec=256.805
     Messages:  created: 239737   present: 422   in FES: 5
** Event #1833472   t=6021.662613719399   Elapsed: 6021.61s (1h 40m)  95% completed  (95% total)
     Speed:     ev/sec=248.299   simsec/sec=1.00861   ev/simsec=246.179
     Messages:  created: 239805   present: 428   in FES: 5
** Event #1834240   t=6024.223712803226   Elapsed: 6024.18s (1h 40m)  95% completed  (95% total)
     Speed:     ev/sec=299.416   simsec/sec=0.998481   ev/simsec=299.871
     Messages:  created: 239907   present: 433   in FES: 5
** Event #1835008   t=6026.397008362909   Elapsed: 6026.34s (1h 40m)  95% completed  (95% total)
     Speed:     ev/sec=354.466   simsec/sec=1.00307   ev/simsec=353.38
     Messages:  created: 240029   present: 481   in FES: 6
** Event #1835776   t=6029.019566255444   Elapsed: 6028.96s (1h 40m)  95% completed  (95% total)
     Speed:     ev/sec=292.844   simsec/sec=1   ev/simsec=292.844
     Messages:  created: 240147   present: 524   in FES: 6
** Event #1836544   t=6031.123651910956   Elapsed: 6031.07s (1h 40m)  95% completed  (95% total)
     Speed:     ev/sec=365.004   simsec/sec=0.999998   ev/simsec=365.004
     Messages:  created: 240266   present: 571   in FES: 6
** Event #1837312   t=6034.039986954846   Elapsed: 6033.99s (1h 40m)  95% completed  (95% total)
     Speed:     ev/sec=263.345   simsec/sec=1   ev/simsec=263.344
     Messages:  created: 240363   present: 566   in FES: 6
** Event #1838336   t=6036.70525385474   Elapsed: 6036.65s (1h 40m)  95% completed  (95% total)
     Speed:     ev/sec=384.201   simsec/sec=0.999998   ev/simsec=384.202
     Messages:  created: 240493   present: 557   in FES: 6
** Event #1839104   t=6039.705154098405   Elapsed: 6039.65s (1h 40m)  95% completed  (95% total)
     Speed:     ev/sec=256.009   simsec/sec=1   ev/simsec=256.009
     Messages:  created: 240566   present: 503   in FES: 7
** Event #1840128   t=6042.22173065648   Elapsed: 6042.17s (1h 40m)  95% completed  (95% total)
     Speed:     ev/sec=406.902   simsec/sec=0.999999   ev/simsec=406.902
     Messages:  created: 240697   present: 492   in FES: 6
** Event #1840896   t=6044.950216337153   Elapsed: 6044.9s (1h 40m)  95% completed  (95% total)
     Speed:     ev/sec=281.471   simsec/sec=0.999985   ev/simsec=281.475
     Messages:  created: 240809   present: 518   in FES: 6
** Event #1841920   t=6047.634307297199   Elapsed: 6047.58s (1h 40m)  95% completed  (95% total)
     Speed:     ev/sec=381.018   simsec/sec=0.998717   ev/simsec=381.507
     Messages:  created: 240952   present: 540   in FES: 5
** Event #1842688   t=6050.230644471394   Elapsed: 6050.2s (1h 40m)  96% completed  (96% total)
     Speed:     ev/sec=293.753   simsec/sec=0.993075   ev/simsec=295.801
     Messages:  created: 241061   present: 566   in FES: 5
** Event #1843456   t=6052.579878900085   Elapsed: 6052.53s (1h 40m)  96% completed  (96% total)
     Speed:     ev/sec=329.948   simsec/sec=1.00928   ev/simsec=326.915
     Messages:  created: 241156   present: 553   in FES: 6
** Event #1844224   t=6054.857767990641   Elapsed: 6054.8s (1h 40m)  96% completed  (96% total)
     Speed:     ev/sec=337.154   simsec/sec=1   ev/simsec=337.154
     Messages:  created: 241258   present: 555   in FES: 6
** Event #1844992   t=6057.282987624645   Elapsed: 6057.23s (1h 40m)  96% completed  (96% total)
     Speed:     ev/sec=316.672   simsec/sec=0.999999   ev/simsec=316.672
     Messages:  created: 241344   present: 523   in FES: 7
** Event #1845760   t=6060.1428330646   Elapsed: 6060.09s (1h 41m)  96% completed  (96% total)
     Speed:     ev/sec=268.546   simsec/sec=0.999999   ev/simsec=268.546
     Messages:  created: 241417   present: 468   in FES: 8
** Event #1846528   t=6062.657860228988   Elapsed: 6062.6s (1h 41m)  96% completed  (96% total)
     Speed:     ev/sec=305.365   simsec/sec=1   ev/simsec=305.364
     Messages:  created: 241510   present: 454   in FES: 7
** Event #1847296   t=6065.459549770523   Elapsed: 6065.4s (1h 41m)  96% completed  (96% total)
     Speed:     ev/sec=274.12   simsec/sec=1   ev/simsec=274.12
     Messages:  created: 241584   present: 399   in FES: 7
** Event #1847808   t=6067.618194977364   Elapsed: 6067.56s (1h 41m)  96% completed  (96% total)
     Speed:     ev/sec=237.186   simsec/sec=1   ev/simsec=237.186
     Messages:  created: 241655   present: 409   in FES: 6
** Event #1848576   t=6070.333281665821   Elapsed: 6070.28s (1h 41m)  96% completed  (96% total)
     Speed:     ev/sec=282.861   simsec/sec=0.999991   ev/simsec=282.864
     Messages:  created: 241761   present: 428   in FES: 7
** Event #1849088   t=6072.348982414762   Elapsed: 6072.29s (1h 41m)  96% completed  (96% total)
     Speed:     ev/sec=254.009   simsec/sec=1.00001   ev/simsec=254.006
     Messages:  created: 241825   present: 424   in FES: 6
** Event #1849856   t=6075.148339789101   Elapsed: 6075.09s (1h 41m)  96% completed  (96% total)
     Speed:     ev/sec=274.349   simsec/sec=1   ev/simsec=274.349
     Messages:  created: 241930   present: 439   in FES: 6
** Event #1850624   t=6078.110202192618   Elapsed: 6078.06s (1h 41m)  96% completed  (96% total)
     Speed:     ev/sec=259.296   simsec/sec=0.999999   ev/simsec=259.296
     Messages:  created: 242016   present: 420   in FES: 7
** Event #1851136   t=6080.282684839987   Elapsed: 6080.23s (1h 41m)  96% completed  (96% total)
     Speed:     ev/sec=235.675   simsec/sec=1   ev/simsec=235.675
     Messages:  created: 242081   present: 421   in FES: 7
** Event #1851648   t=6082.640133671178   Elapsed: 6082.59s (1h 41m)  96% completed  (96% total)
     Speed:     ev/sec=217.184   simsec/sec=0.999998   ev/simsec=217.184
     Messages:  created: 242143   present: 416   in FES: 6
** Event #1852416   t=6085.416357197492   Elapsed: 6085.39s (1h 41m)  96% completed  (96% total)
     Speed:     ev/sec=274.078   simsec/sec=0.990759   ev/simsec=276.635
     Messages:  created: 242235   present: 401   in FES: 5
** Event #1853184   t=6088.583575604263   Elapsed: 6088.53s (1h 41m)  96% completed  (96% total)
     Speed:     ev/sec=244.483   simsec/sec=1.00824   ev/simsec=242.484
     Messages:  created: 242330   present: 396   in FES: 7
** Event #1853952   t=6090.73527409876   Elapsed: 6090.68s (1h 41m)  96% completed  (96% total)
     Speed:     ev/sec=356.928   simsec/sec=1   ev/simsec=356.927
     Messages:  created: 242452   present: 446   in FES: 6
** Event #1854720   t=6092.873160337336   Elapsed: 6092.82s (1h 41m)  96% completed  (96% total)
     Speed:     ev/sec=359.233   simsec/sec=0.999999   ev/simsec=359.233
     Messages:  created: 242596   present: 542   in FES: 6
** Event #1855488   t=6095.294661963294   Elapsed: 6095.24s (1h 41m)  96% completed  (96% total)
     Speed:     ev/sec=317.158   simsec/sec=0.999999   ev/simsec=317.159
     Messages:  created: 242719   present: 591   in FES: 6
** Event #1856256   t=6097.383507823402   Elapsed: 6097.33s (1h 41m)  96% completed  (96% total)
     Speed:     ev/sec=367.668   simsec/sec=1   ev/simsec=367.667
     Messages:  created: 242846   present: 653   in FES: 6
** Event #1857024   t=6099.729878981285   Elapsed: 6099.68s (1h 41m)  96% completed  (96% total)
     Speed:     ev/sec=327.314   simsec/sec=1   ev/simsec=327.314
     Messages:  created: 242967   present: 701   in FES: 6
** Event #1858048   t=6102.103685866347   Elapsed: 6102.06s (1h 41m)  96% completed  (96% total)
     Speed:     ev/sec=428.526   simsec/sec=0.993396   ev/simsec=431.375
     Messages:  created: 243069   present: 618   in FES: 5
** Event #1858816   t=6104.573926602412   Elapsed: 6104.52s (1h 41m)  96% completed  (96% total)
     Speed:     ev/sec=312.723   simsec/sec=1.00586   ev/simsec=310.901
     Messages:  created: 243147   present: 566   in FES: 5
** Event #1859584   t=6106.706587188963   Elapsed: 6106.65s (1h 41m)  96% completed  (96% total)
     Speed:     ev/sec=360.348   simsec/sec=1.00065   ev/simsec=360.114
     Messages:  created: 243236   present: 539   in FES: 7
** Event #1860352   t=6109.323419690666   Elapsed: 6109.27s (1h 41m)  96% completed  (96% total)
     Speed:     ev/sec=293.485   simsec/sec=1   ev/simsec=293.485
     Messages:  created: 243306   present: 470   in FES: 7
** Event #1861120   t=6112.080879584926   Elapsed: 6112.03s (1h 41m)  97% completed  (97% total)
     Speed:     ev/sec=278.517   simsec/sec=1   ev/simsec=278.517
     Messages:  created: 243383   present: 420   in FES: 7
** Event #1861632   t=6114.276268346936   Elapsed: 6114.22s (1h 41m)  97% completed  (97% total)
     Speed:     ev/sec=233.216   simsec/sec=1   ev/simsec=233.216
     Messages:  created: 243435   present: 394   in FES: 6
** Event #1862400   t=6117.080818065521   Elapsed: 6117.03s (1h 41m)  97% completed  (97% total)
     Speed:     ev/sec=273.843   simsec/sec=1.00001   ev/simsec=273.841
     Messages:  created: 243518   present: 364   in FES: 6
** Event #1862912   t=6119.363661181857   Elapsed: 6119.31s (1h 41m)  97% completed  (97% total)
     Speed:     ev/sec=224.279   simsec/sec=0.999988   ev/simsec=224.282
     Messages:  created: 243590   present: 379   in FES: 6
** Event #1863424   t=6121.381324361412   Elapsed: 6121.33s (1h 42m)  97% completed  (97% total)
     Speed:     ev/sec=253.759   simsec/sec=1   ev/simsec=253.759
     Messages:  created: 243657   present: 387   in FES: 7
** Event #1863936   t=6123.585313823995   Elapsed: 6123.53s (1h 42m)  97% completed  (97% total)
     Speed:     ev/sec=232.306   simsec/sec=1   ev/simsec=232.306
     Messages:  created: 243725   present: 394   in FES: 6
** Event #1864704   t=6126.372308338336   Elapsed: 6126.32s (1h 42m)  97% completed  (97% total)
     Speed:     ev/sec=275.566   simsec/sec=1   ev/simsec=275.566
     Messages:  created: 243839   present: 430   in FES: 6
** Event #1865472   t=6129.043476239723   Elapsed: 6128.99s (1h 42m)  97% completed  (97% total)
     Speed:     ev/sec=287.514   simsec/sec=0.999997   ev/simsec=287.515
     Messages:  created: 243949   present: 459   in FES: 6
** Event #1866496   t=6131.484921550489   Elapsed: 6131.43s (1h 42m)  97% completed  (97% total)
     Speed:     ev/sec=419.424   simsec/sec=1   ev/simsec=419.424
     Messages:  created: 244129   present: 563   in FES: 6
** Event #1867264   t=6133.822804034934   Elapsed: 6133.77s (1h 42m)  97% completed  (97% total)
     Speed:     ev/sec=328.503   simsec/sec=1   ev/simsec=328.502
     Messages:  created: 244256   present: 624   in FES: 7
** Event #1868032   t=6136.031999872629   Elapsed: 6135.98s (1h 42m)  97% completed  (97% total)
     Speed:     ev/sec=347.638   simsec/sec=1   ev/simsec=347.638
     Messages:  created: 244371   present: 655   in FES: 6
** Event #1869056   t=6138.73896300098   Elapsed: 6138.68s (1h 42m)  97% completed  (97% total)
     Speed:     ev/sec=378.283   simsec/sec=0.999999   ev/simsec=378.284
     Messages:  created: 244526   present: 702   in FES: 7
** Event #1870336   t=6141.461782591057   Elapsed: 6141.41s (1h 42m)  97% completed  (97% total)
     Speed:     ev/sec=470.101   simsec/sec=0.999999   ev/simsec=470.101
     Messages:  created: 244679   present: 656   in FES: 6
** Event #1871360   t=6144.144262961814   Elapsed: 6144.09s (1h 42m)  97% completed  (97% total)
     Speed:     ev/sec=381.737   simsec/sec=1   ev/simsec=381.736
     Messages:  created: 244816   present: 657   in FES: 6
** Event #1872384   t=6146.685749689021   Elapsed: 6146.63s (1h 42m)  97% completed  (97% total)
     Speed:     ev/sec=402.913   simsec/sec=0.999999   ev/simsec=402.914
     Messages:  created: 244949   present: 649   in FES: 7
** Event #1873408   t=6149.382639563158   Elapsed: 6149.33s (1h 42m)  97% completed  (97% total)
     Speed:     ev/sec=379.697   simsec/sec=1   ev/simsec=379.697
     Messages:  created: 245075   present: 629   in FES: 6
** Event #1874432   t=6152.019360876421   Elapsed: 6151.96s (1h 42m)  97% completed  (97% total)
     Speed:     ev/sec=388.361   simsec/sec=1   ev/simsec=388.361
     Messages:  created: 245198   present: 600   in FES: 6
** Event #1875200   t=6154.073512909338   Elapsed: 6154.03s (1h 42m)  97% completed  (97% total)
     Speed:     ev/sec=371.967   simsec/sec=0.994892   ev/simsec=373.877
     Messages:  created: 245292   present: 583   in FES: 5
** Event #1875968   t=6156.331740255349   Elapsed: 6156.28s (1h 42m)  97% completed  (97% total)
     Speed:     ev/sec=341.685   simsec/sec=1.00469   ev/simsec=340.09
     Messages:  created: 245378   present: 546   in FES: 6
** Event #1876736   t=6158.471580353055   Elapsed: 6158.42s (1h 42m)  97% completed  (97% total)
     Speed:     ev/sec=358.905   simsec/sec=0.999999   ev/simsec=358.905
     Messages:  created: 245477   present: 544   in FES: 6
** Event #1877504   t=6160.561348576458   Elapsed: 6160.51s (1h 42m)  97% completed  (97% total)
     Speed:     ev/sec=367.505   simsec/sec=1   ev/simsec=367.505
     Messages:  created: 245585   present: 559   in FES: 6
** Event #1878528   t=6163.282389873262   Elapsed: 6163.23s (1h 42m)  97% completed  (97% total)
     Speed:     ev/sec=376.327   simsec/sec=1   ev/simsec=376.327
     Messages:  created: 245734   present: 589   in FES: 6
** Event #1879296   t=6165.991683129113   Elapsed: 6165.95s (1h 42m)  97% completed  (97% total)
     Speed:     ev/sec=281.712   simsec/sec=0.993802   ev/simsec=283.469
     Messages:  created: 245823   present: 570   in FES: 5
** Event #1880064   t=6169.014373953492   Elapsed: 6168.96s (1h 42m)  97% completed  (97% total)
     Speed:     ev/sec=255.506   simsec/sec=1.00562   ev/simsec=254.078
     Messages:  created: 245893   present: 503   in FES: 6
** Event #1880832   t=6171.065924620834   Elapsed: 6171.01s (1h 42m)  97% completed  (97% total)
     Speed:     ev/sec=374.351   simsec/sec=0.999999   ev/simsec=374.351
     Messages:  created: 245971   present: 449   in FES: 7
** Event #1881600   t=6173.168645182695   Elapsed: 6173.11s (1h 42m)  97% completed  (97% total)
     Speed:     ev/sec=365.242   simsec/sec=1   ev/simsec=365.241
     Messages:  created: 246062   present: 427   in FES: 7
** Event #1882112   t=6175.19664689163   Elapsed: 6175.14s (1h 42m)  98% completed  (98% total)
     Speed:     ev/sec=252.465   simsec/sec=1   ev/simsec=252.465
     Messages:  created: 246136   present: 447   in FES: 7
** Event #1882880   t=6177.725747733125   Elapsed: 6177.67s (1h 42m)  98% completed  (98% total)
     Speed:     ev/sec=303.665   simsec/sec=1   ev/simsec=303.665
     Messages:  created: 246240   present: 459   in FES: 6
** Event #1883648   t=6179.944648738982   Elapsed: 6179.89s (1h 42m)  98% completed  (98% total)
     Speed:     ev/sec=346.125   simsec/sec=1.00002   ev/simsec=346.117
     Messages:  created: 246379   present: 545   in FES: 6
** Event #1884672   t=6182.697684895084   Elapsed: 6182.69s (1h 43m)  98% completed  (98% total)
     Speed:     ev/sec=365.496   simsec/sec=0.982641   ev/simsec=371.953
     Messages:  created: 246547   present: 622   in FES: 5
** Event #1885440   t=6185.083484502239   Elapsed: 6185.03s (1h 43m)  98% completed  (98% total)
     Speed:     ev/sec=328.596   simsec/sec=1.02079   ev/simsec=321.905
     Messages:  created: 246645   present: 615   in FES: 6
** Event #1886464   t=6187.637401677717   Elapsed: 6187.58s (1h 43m)  98% completed  (98% total)
     Speed:     ev/sec=400.953   simsec/sec=1   ev/simsec=400.953
     Messages:  created: 246805   present: 673   in FES: 7
** Event #1887488   t=6190.131611695723   Elapsed: 6190.08s (1h 43m)  98% completed  (98% total)
     Speed:     ev/sec=410.551   simsec/sec=1   ev/simsec=410.551
     Messages:  created: 246925   present: 636   in FES: 6
** Event #1888512   t=6192.210249883145   Elapsed: 6192.16s (1h 43m)  98% completed  (98% total)
     Speed:     ev/sec=492.63   simsec/sec=0.999999   ev/simsec=492.63
     Messages:  created: 247065   present: 643   in FES: 7
** Event #1889280   t=6194.262455719066   Elapsed: 6194.21s (1h 43m)  98% completed  (98% total)
     Speed:     ev/sec=374.231   simsec/sec=1   ev/simsec=374.231
     Messages:  created: 247178   present: 672   in FES: 6
** Event #1890048   t=6196.389412770245   Elapsed: 6196.34s (1h 43m)  98% completed  (98% total)
     Speed:     ev/sec=359.425   simsec/sec=0.995417   ev/simsec=361.079
     Messages:  created: 247272   present: 655   in FES: 5
** Event #1891072   t=6198.680141506381   Elapsed: 6198.63s (1h 43m)  98% completed  (98% total)
     Speed:     ev/sec=448.939   simsec/sec=1.00429   ev/simsec=447.019
     Messages:  created: 247412   present: 662   in FES: 6
** Event #1891840   t=6200.806330888921   Elapsed: 6200.75s (1h 43m)  98% completed  (98% total)
     Speed:     ev/sec=361.209   simsec/sec=0.999999   ev/simsec=361.21
     Messages:  created: 247501   present: 635   in FES: 7
** Event #1892608   t=6202.88604792216   Elapsed: 6202.83s (1h 43m)  98% completed  (98% total)
     Speed:     ev/sec=369.279   simsec/sec=0.999996   ev/simsec=369.281
     Messages:  created: 247588   present: 598   in FES: 7
** Event #1893632   t=6205.511030014329   Elapsed: 6205.47s (1h 43m)  98% completed  (98% total)
     Speed:     ev/sec=388.222   simsec/sec=0.995192   ev/simsec=390.098
     Messages:  created: 247717   present: 583   in FES: 5
** Event #1894656   t=6208.130145859295   Elapsed: 6208.08s (1h 43m)  98% completed  (98% total)
     Speed:     ev/sec=392.872   simsec/sec=1.00486   ev/simsec=390.972
     Messages:  created: 247864   present: 607   in FES: 8
** Event #1895680   t=6210.954729551341   Elapsed: 6210.91s (1h 43m)  98% completed  (98% total)
     Speed:     ev/sec=361.347   simsec/sec=0.996732   ev/simsec=362.531
     Messages:  created: 247983   present: 574   in FES: 5
** Event #1896448   t=6213.91613227162   Elapsed: 6213.86s (1h 43m)  98% completed  (98% total)
     Speed:     ev/sec=260.152   simsec/sec=1.00314   ev/simsec=259.337
     Messages:  created: 248071   present: 547   in FES: 6
** Event #1897216   t=6216.456263323631   Elapsed: 6216.4s (1h 43m)  98% completed  (98% total)
     Speed:     ev/sec=302.347   simsec/sec=1   ev/simsec=302.347
     Messages:  created: 248144   present: 486   in FES: 6
** Event #1897984   t=6218.864490748206   Elapsed: 6218.81s (1h 43m)  98% completed  (98% total)
     Speed:     ev/sec=318.907   simsec/sec=1   ev/simsec=318.907
     Messages:  created: 248225   present: 440   in FES: 6
** Event #1898752   t=6220.85601149023   Elapsed: 6220.82s (1h 43m)  98% completed  (98% total)
     Speed:     ev/sec=381.241   simsec/sec=0.988606   ev/simsec=385.635
     Messages:  created: 248326   present: 441   in FES: 5
** Event #1899520   t=6223.114365706223   Elapsed: 6223.06s (1h 43m)  98% completed  (98% total)
     Speed:     ev/sec=342.867   simsec/sec=1.00822   ev/simsec=340.071
     Messages:  created: 248449   present: 495   in FES: 5
** Event #1900288   t=6225.790921097561   Elapsed: 6225.74s (1h 43m)  98% completed  (98% total)
     Speed:     ev/sec=287.423   simsec/sec=1.0017   ev/simsec=286.936
     Messages:  created: 248560   present: 523   in FES: 6
** Event #1901056   t=6228.646160308365   Elapsed: 6228.59s (1h 43m)  98% completed  (98% total)
     Speed:     ev/sec=268.979   simsec/sec=1   ev/simsec=268.979
     Messages:  created: 248661   present: 533   in FES: 6
** Event #1901824   t=6231.124999314522   Elapsed: 6231.08s (1h 43m)  98% completed  (98% total)
     Speed:     ev/sec=309.069   simsec/sec=0.997567   ev/simsec=309.822
     Messages:  created: 248756   present: 524   in FES: 5
** Event #1902592   t=6233.285909132345   Elapsed: 6233.24s (1h 43m)  98% completed  (98% total)
     Speed:     ev/sec=355.187   simsec/sec=0.999384   ev/simsec=355.406
     Messages:  created: 248843   present: 491   in FES: 5
** Event #1903360   t=6235.699517010213   Elapsed: 6235.64s (1h 43m)  98% completed  (98% total)
     Speed:     ev/sec=319.169   simsec/sec=1.00306   ev/simsec=318.196
     Messages:  created: 248944   present: 496   in FES: 7
** Event #1903872   t=6237.908400731464   Elapsed: 6237.85s (1h 43m)  99% completed  (99% total)
     Speed:     ev/sec=231.793   simsec/sec=1.00001   ev/simsec=231.791
     Messages:  created: 249003   present: 478   in FES: 7
** Event #1904896   t=6240.371340492426   Elapsed: 6240.32s (1h 44m)  99% completed  (99% total)
     Speed:     ev/sec=415.763   simsec/sec=0.999999   ev/simsec=415.763
     Messages:  created: 249169   present: 551   in FES: 7
** Event #1905664   t=6242.830343307695   Elapsed: 6242.79s (1h 44m)  99% completed  (99% total)
     Speed:     ev/sec=310.028   simsec/sec=0.992655   ev/simsec=312.322
     Messages:  created: 249272   present: 555   in FES: 5
** Event #1906432   t=6245.006877801366   Elapsed: 6244.95s (1h 44m)  99% completed  (99% total)
     Speed:     ev/sec=355.829   simsec/sec=1.00843   ev/simsec=352.855
     Messages:  created: 249380   present: 576   in FES: 6
** Event #1907200   t=6247.02116118671   Elapsed: 6246.97s (1h 44m)  99% completed  (99% total)
     Speed:     ev/sec=381.277   simsec/sec=1   ev/simsec=381.277
     Messages:  created: 249505   present: 629   in FES: 6
** Event #1907968   t=6249.131733379384   Elapsed: 6249.08s (1h 44m)  99% completed  (99% total)
     Speed:     ev/sec=363.882   simsec/sec=0.999999   ev/simsec=363.882
     Messages:  created: 249591   present: 597   in FES: 7
** Event #1908736   t=6251.532864151582   Elapsed: 6251.48s (1h 44m)  99% completed  (99% total)
     Speed:     ev/sec=319.85   simsec/sec=1   ev/simsec=319.849
     Messages:  created: 249670   present: 548   in FES: 7
** Event #1909504   t=6253.908097190036   Elapsed: 6253.85s (1h 44m)  99% completed  (99% total)
     Speed:     ev/sec=323.337   simsec/sec=1   ev/simsec=323.337
     Messages:  created: 249770   present: 548   in FES: 6
** Event #1910528   t=6256.409772843025   Elapsed: 6256.36s (1h 44m)  99% completed  (99% total)
     Speed:     ev/sec=409.326   simsec/sec=1   ev/simsec=409.326
     Messages:  created: 249891   present: 513   in FES: 7
** Event #1911296   t=6259.22934489436   Elapsed: 6259.17s (1h 44m)  99% completed  (99% total)
     Speed:     ev/sec=272.382   simsec/sec=1   ev/simsec=272.382
     Messages:  created: 249967   present: 465   in FES: 7
** Event #1911808   t=6261.529080704318   Elapsed: 6261.47s (1h 44m)  99% completed  (99% total)
     Speed:     ev/sec=222.634   simsec/sec=0.999999   ev/simsec=222.634
     Messages:  created: 250038   present: 478   in FES: 8
** Event #1912576   t=6264.064918880267   Elapsed: 6264.01s (1h 44m)  99% completed  (99% total)
     Speed:     ev/sec=302.859   simsec/sec=1   ev/simsec=302.858
     Messages:  created: 250129   present: 456   in FES: 6
** Event #1913344   t=6266.548298260421   Elapsed: 6266.49s (1h 44m)  99% completed  (99% total)
     Speed:     ev/sec=309.256   simsec/sec=1   ev/simsec=309.256
     Messages:  created: 250217   present: 427   in FES: 6
** Event #1913856   t=6268.954096979838   Elapsed: 6268.91s (1h 44m)  99% completed  (99% total)
     Speed:     ev/sec=211.756   simsec/sec=0.995005   ev/simsec=212.819
     Messages:  created: 250283   present: 428   in FES: 5
** Event #1914624   t=6271.71411073904   Elapsed: 6271.66s (1h 44m)  99% completed  (99% total)
     Speed:     ev/sec=279.482   simsec/sec=1.00439   ev/simsec=278.259
     Messages:  created: 250390   present: 450   in FES: 7
** Event #1915392   t=6274.338366486682   Elapsed: 6274.28s (1h 44m)  99% completed  (99% total)
     Speed:     ev/sec=292.654   simsec/sec=1   ev/simsec=292.654
     Messages:  created: 250484   present: 442   in FES: 6
** Event #1916160   t=6277.163545582824   Elapsed: 6277.11s (1h 44m)  99% completed  (99% total)
     Speed:     ev/sec=271.346   simsec/sec=0.998179   ev/simsec=271.841
     Messages:  created: 250588   present: 455   in FES: 5
** Event #1916928   t=6279.560383103595   Elapsed: 6279.52s (1h 44m)  99% completed  (99% total)
     Speed:     ev/sec=318.877   simsec/sec=0.995178   ev/simsec=320.422
     Messages:  created: 250700   present: 486   in FES: 5
** Event #1917696   t=6281.910467095509   Elapsed: 6281.86s (1h 44m)  99% completed  (99% total)
     Speed:     ev/sec=329.145   simsec/sec=1.00719   ev/simsec=326.797
     Messages:  created: 250818   present: 524   in FES: 7
** Event #1918208   t=6284.071794493145   Elapsed: 6284.02s (1h 44m)  99% completed  (99% total)
     Speed:     ev/sec=236.892   simsec/sec=1   ev/simsec=236.891
     Messages:  created: 250878   present: 513   in FES: 7
** Event #1918976   t=6286.742855205529   Elapsed: 6286.69s (1h 44m)  99% completed  (99% total)
     Speed:     ev/sec=287.525   simsec/sec=0.999997   ev/simsec=287.526
     Messages:  created: 250967   present: 490   in FES: 6
** Event #1919744   t=6289.104468313025   Elapsed: 6289.05s (1h 44m)  99% completed  (99% total)
     Speed:     ev/sec=325.201   simsec/sec=0.999998   ev/simsec=325.201
     Messages:  created: 251073   present: 504   in FES: 7
** Event #1920512   t=6291.784736445646   Elapsed: 6291.73s (1h 44m)  99% completed  (99% total)
     Speed:     ev/sec=286.539   simsec/sec=1   ev/simsec=286.538
     Messages:  created: 251145   present: 442   in FES: 6
** Event #1921280   t=6294.955468059278   Elapsed: 6294.9s (1h 44m)  99% completed  (99% total)
     Speed:     ev/sec=242.214   simsec/sec=0.999996   ev/simsec=242.215
     Messages:  created: 251237   present: 431   in FES: 6
** Event #1922048   t=6297.653350509445   Elapsed: 6297.6s (1h 44m)  99% completed  (99% total)
     Speed:     ev/sec=284.669   simsec/sec=1.00001   ev/simsec=284.668
     Messages:  created: 251339   present: 438   in FES: 7
** Event #1922727   t=6300   Elapsed: 6299.95s (1h 44m)  100% completed  (100% total)
     Speed:     ev/sec=288.845   simsec/sec=0.999731   ev/simsec=288.923
     Messages:  created: 251422   present: 425   in FES: 5

<!> Simulation time limit reached -- at t=6300s, event #1922727

Calling finish() at end of Run #6...

End.
