OMNeT++ Discrete Event Simulation  (C) 1992-2018 Andras Varga, OpenSim Ltd.
Version: 5.4.1, build: 180629-5e28390, edition: Academic Public License -- NOT FOR COMMERCIAL USE
See the license for distribution terms and warranty disclaimer

Setting up Cmdenv...

Loading NED files from ..:  3
Loading NED files from ../../src:  21
Loading NED files from ../../../queueinglib:  20

Preparing for running configuration sim, run #6...
Scenario: $trace="traces/clarknet-http-105m-l70.delta", $latency=60, $repetition=0
Assigned runID=sim-6-20260921-17:39:27-307216
Setting up network "SWIM"...
Initializing...
t=0 addServer() complete

Running simulation...
** Event #0   t=0   Elapsed: 9e-06s (0m 00s)  0% completed  (0% total)
     Speed:     ev/sec=0   simsec/sec=0   ev/simsec=0
     Messages:  created: 7   present: 6   in FES: 5
** Event #512   t=3.153040419118   Elapsed: 3.09638s (0m 03s)  0% completed  (0% total)
     Speed:     ev/sec=165.678   simsec/sec=1.0183   ev/simsec=162.7
     Messages:  created: 93   present: 65   in FES: 6
** Event #1024   t=6.558648024753   Elapsed: 6.50199s (0m 06s)  0% completed  (0% total)
     Speed:     ev/sec=150.34   simsec/sec=1   ev/simsec=150.34
     Messages:  created: 183   present: 127   in FES: 6
** Event #1536   t=9.608838234552   Elapsed: 9.55218s (0m 09s)  0% completed  (0% total)
     Speed:     ev/sec=167.858   simsec/sec=1   ev/simsec=167.858
     Messages:  created: 292   present: 217   in FES: 6
** Event #2048   t=12.069939975123   Elapsed: 12.0133s (0m 12s)  0% completed  (0% total)
     Speed:     ev/sec=208.037   simsec/sec=1   ev/simsec=208.037
     Messages:  created: 369   present: 243   in FES: 6
** Event #2560   t=15.050423329854   Elapsed: 14.9938s (0m 14s)  0% completed  (0% total)
     Speed:     ev/sec=171.784   simsec/sec=1   ev/simsec=171.784
     Messages:  created: 463   present: 303   in FES: 6
** Event #3072   t=17.634488522641   Elapsed: 17.5778s (0m 17s)  0% completed  (0% total)
     Speed:     ev/sec=198.137   simsec/sec=1   ev/simsec=198.137
     Messages:  created: 555   present: 359   in FES: 6
** Event #3584   t=19.753257288564   Elapsed: 19.6966s (0m 19s)  0% completed  (0% total)
     Speed:     ev/sec=241.65   simsec/sec=0.999999   ev/simsec=241.65
     Messages:  created: 659   present: 439   in FES: 6
** Event #4352   t=22.583802906319   Elapsed: 22.5271s (0m 22s)  0% completed  (0% total)
     Speed:     ev/sec=271.326   simsec/sec=1   ev/simsec=271.326
     Messages:  created: 797   present: 519   in FES: 6
** Event #4864   t=24.62308915939   Elapsed: 24.5664s (0m 24s)  0% completed  (0% total)
     Speed:     ev/sec=251.068   simsec/sec=0.999999   ev/simsec=251.068
     Messages:  created: 879   present: 549   in FES: 7
** Event #5632   t=27.228306765615   Elapsed: 27.1716s (0m 27s)  0% completed  (0% total)
     Speed:     ev/sec=294.793   simsec/sec=1   ev/simsec=294.793
     Messages:  created: 989   present: 559   in FES: 6
** Event #6400   t=29.927040210435   Elapsed: 29.8704s (0m 29s)  0% completed  (0% total)
     Speed:     ev/sec=284.577   simsec/sec=0.999996   ev/simsec=284.578
     Messages:  created: 1071   present: 508   in FES: 7
** Event #7168   t=32.35017136019   Elapsed: 32.2935s (0m 32s)  0% completed  (0% total)
     Speed:     ev/sec=316.946   simsec/sec=1   ev/simsec=316.945
     Messages:  created: 1166   present: 485   in FES: 8
** Event #7936   t=35.166316737888   Elapsed: 35.1097s (0m 35s)  0% completed  (0% total)
     Speed:     ev/sec=272.714   simsec/sec=1   ev/simsec=272.713
     Messages:  created: 1271   present: 487   in FES: 6
** Event #8704   t=38.178310118357   Elapsed: 38.1216s (0m 38s)  0% completed  (0% total)
     Speed:     ev/sec=254.981   simsec/sec=1   ev/simsec=254.981
     Messages:  created: 1356   present: 444   in FES: 6
** Event #9472   t=40.66315536007   Elapsed: 40.6065s (0m 40s)  0% completed  (0% total)
     Speed:     ev/sec=309.073   simsec/sec=1   ev/simsec=309.074
     Messages:  created: 1470   present: 467   in FES: 6
** Event #10240   t=43.179667242103   Elapsed: 43.123s (0m 43s)  0% completed  (0% total)
     Speed:     ev/sec=305.184   simsec/sec=0.999999   ev/simsec=305.184
     Messages:  created: 1581   present: 484   in FES: 7
** Event #11008   t=46.02622722959   Elapsed: 45.9696s (0m 45s)  0% completed  (0% total)
     Speed:     ev/sec=269.795   simsec/sec=0.999983   ev/simsec=269.799
     Messages:  created: 1693   present: 505   in FES: 7
** Event #11520   t=48.252557299064   Elapsed: 48.1959s (0m 48s)  0% completed  (0% total)
     Speed:     ev/sec=229.98   simsec/sec=1.00002   ev/simsec=229.975
     Messages:  created: 1767   present: 513   in FES: 7
** Event #12288   t=51.079571719967   Elapsed: 51.0229s (0m 51s)  0% completed  (0% total)
     Speed:     ev/sec=271.661   simsec/sec=0.999986   ev/simsec=271.665
     Messages:  created: 1867   present: 505   in FES: 7
** Event #13056   t=53.212044005321   Elapsed: 53.1554s (0m 53s)  0% completed  (0% total)
     Speed:     ev/sec=360.147   simsec/sec=1   ev/simsec=360.145
     Messages:  created: 1965   present: 491   in FES: 7
** Event #13824   t=56.110273633873   Elapsed: 56.0536s (0m 56s)  0% completed  (0% total)
     Speed:     ev/sec=264.992   simsec/sec=1.00001   ev/simsec=264.989
     Messages:  created: 2060   present: 470   in FES: 6
** Event #14336   t=58.211167951453   Elapsed: 58.1545s (0m 58s)  0% completed  (0% total)
     Speed:     ev/sec=243.706   simsec/sec=1   ev/simsec=243.706
     Messages:  created: 2139   present: 491   in FES: 6
t=60.835026 executing addServer()
adding server with latency=60
** Event #15104   t=61.014656481061   Elapsed: 60.9865s (1m 00s)  0% completed  (0% total)
     Speed:     ev/sec=271.188   simsec/sec=0.989938   ev/simsec=273.944
     Messages:  created: 2231   present: 467   in FES: 6
** Event #15616   t=63.252542974636   Elapsed: 63.1959s (1m 03s)  1% completed  (1% total)
     Speed:     ev/sec=231.738   simsec/sec=1.0129   ev/simsec=228.787
     Messages:  created: 2275   present: 413   in FES: 7
** Event #16128   t=65.708973028506   Elapsed: 65.6523s (1m 05s)  1% completed  (1% total)
     Speed:     ev/sec=208.43   simsec/sec=0.99999   ev/simsec=208.433
     Messages:  created: 2336   present: 395   in FES: 9
** Event #16640   t=68.065500923866   Elapsed: 68.0107s (1m 08s)  1% completed  (1% total)
     Speed:     ev/sec=217.097   simsec/sec=0.999211   ev/simsec=217.269
     Messages:  created: 2392   present: 368   in FES: 6
** Event #17408   t=70.804815830703   Elapsed: 70.7482s (1m 10s)  1% completed  (1% total)
     Speed:     ev/sec=280.556   simsec/sec=1.00069   ev/simsec=280.362
     Messages:  created: 2502   present: 382   in FES: 7
** Event #17920   t=73.131321651679   Elapsed: 73.0787s (1m 13s)  1% completed  (1% total)
     Speed:     ev/sec=219.69   simsec/sec=0.998262   ev/simsec=220.073
     Messages:  created: 2585   present: 417   in FES: 6
** Event #18432   t=75.46019216938   Elapsed: 75.418s (1m 15s)  1% completed  (1% total)
     Speed:     ev/sec=218.87   simsec/sec=0.995548   ev/simsec=219.849
     Messages:  created: 2664   present: 443   in FES: 6
** Event #18944   t=77.817801933854   Elapsed: 77.7664s (1m 17s)  1% completed  (1% total)
     Speed:     ev/sec=218.024   simsec/sec=1.00394   ev/simsec=217.169
     Messages:  created: 2740   present: 460   in FES: 6
** Event #19712   t=80.080749924017   Elapsed: 80.0241s (1m 20s)  1% completed  (1% total)
     Speed:     ev/sec=340.165   simsec/sec=1.00231   ev/simsec=339.38
     Messages:  created: 2862   present: 502   in FES: 7
** Event #20480   t=82.997633001086   Elapsed: 82.9411s (1m 22s)  1% completed  (1% total)
     Speed:     ev/sec=263.283   simsec/sec=0.999956   ev/simsec=263.295
     Messages:  created: 2962   present: 499   in FES: 9
** Event #21248   t=86.103505755526   Elapsed: 86.0469s (1m 26s)  1% completed  (1% total)
     Speed:     ev/sec=247.281   simsec/sec=1.00003   ev/simsec=247.273
     Messages:  created: 3064   present: 498   in FES: 9
** Event #22016   t=88.565759229481   Elapsed: 88.5091s (1m 28s)  1% completed  (1% total)
     Speed:     ev/sec=311.913   simsec/sec=1.00001   ev/simsec=311.909
     Messages:  created: 3172   present: 507   in FES: 7
** Event #22784   t=90.691775769124   Elapsed: 90.6351s (1m 30s)  1% completed  (1% total)
     Speed:     ev/sec=361.238   simsec/sec=0.999998   ev/simsec=361.239
     Messages:  created: 3273   present: 498   in FES: 8
** Event #23552   t=93.725418661905   Elapsed: 93.6691s (1m 33s)  1% completed  (1% total)
     Speed:     ev/sec=253.13   simsec/sec=0.999876   ev/simsec=253.161
     Messages:  created: 3369   present: 486   in FES: 6
** Event #24064   t=96.41090784828   Elapsed: 96.3542s (1m 36s)  1% completed  (1% total)
     Speed:     ev/sec=190.681   simsec/sec=1.00014   ev/simsec=190.654
     Messages:  created: 3427   present: 463   in FES: 7
** Event #24832   t=99.118108910244   Elapsed: 99.0614s (1m 39s)  1% completed  (1% total)
     Speed:     ev/sec=283.688   simsec/sec=1   ev/simsec=283.688
     Messages:  created: 3504   present: 404   in FES: 8
** Event #25344   t=101.380223108773   Elapsed: 101.324s (1m 41s)  1% completed  (1% total)
     Speed:     ev/sec=226.337   simsec/sec=0.999999   ev/simsec=226.337
     Messages:  created: 3555   present: 364   in FES: 7
** Event #25856   t=103.74218374178   Elapsed: 103.705s (1m 43s)  1% completed  (1% total)
     Speed:     ev/sec=215.033   simsec/sec=0.991989   ev/simsec=216.769
     Messages:  created: 3619   present: 356   in FES: 6
** Event #26368   t=106.292643250369   Elapsed: 106.236s (1m 46s)  1% completed  (1% total)
     Speed:     ev/sec=202.26   simsec/sec=1.00753   ev/simsec=200.748
     Messages:  created: 3696   present: 379   in FES: 7
** Event #26880   t=108.825858817378   Elapsed: 108.769s (1m 48s)  1% completed  (1% total)
     Speed:     ev/sec=202.116   simsec/sec=1   ev/simsec=202.115
     Messages:  created: 3761   present: 375   in FES: 7
** Event #27392   t=111.131353144752   Elapsed: 111.085s (1m 51s)  1% completed  (1% total)
     Speed:     ev/sec=221.087   simsec/sec=0.995536   ev/simsec=222.078
     Messages:  created: 3834   present: 389   in FES: 6
** Event #28160   t=114.05364721623   Elapsed: 113.997s (1m 53s)  1% completed  (1% total)
     Speed:     ev/sec=263.74   simsec/sec=1.00355   ev/simsec=262.807
     Messages:  created: 3954   present: 431   in FES: 7
** Event #28672   t=116.666099198455   Elapsed: 116.609s (1m 56s)  1% completed  (1% total)
     Speed:     ev/sec=195.983   simsec/sec=0.999994   ev/simsec=195.984
     Messages:  created: 4011   present: 411   in FES: 7
** Event #29184   t=119.102042640014   Elapsed: 119.045s (1m 59s)  1% completed  (1% total)
     Speed:     ev/sec=210.186   simsec/sec=1   ev/simsec=210.186
     Messages:  created: 4078   present: 413   in FES: 8
t=120.835022 executing setDimmer(0.65)
t=120.835026 addServer() complete
** Event #29696   t=121.621421658716   Elapsed: 121.577s (2m 01s)  1% completed  (1% total)
     Speed:     ev/sec=202.211   simsec/sec=0.995011   ev/simsec=203.225
     Messages:  created: 4128   present: 380   in FES: 5
** Event #30464   t=124.168395407986   Elapsed: 124.112s (2m 04s)  1% completed  (1% total)
     Speed:     ev/sec=303.038   simsec/sec=1.00499   ev/simsec=301.534
     Messages:  created: 4191   present: 302   in FES: 7
** Event #30976   t=126.834975773025   Elapsed: 126.778s (2m 06s)  2% completed  (2% total)
     Speed:     ev/sec=192.006   simsec/sec=1   ev/simsec=192.006
     Messages:  created: 4233   present: 256   in FES: 6
** Event #31744   t=129.454371056083   Elapsed: 129.411s (2m 09s)  2% completed  (2% total)
     Speed:     ev/sec=291.684   simsec/sec=0.994839   ev/simsec=293.197
     Messages:  created: 4326   present: 253   in FES: 6
** Event #32512   t=131.77457305869   Elapsed: 131.718s (2m 11s)  2% completed  (2% total)
     Speed:     ev/sec=332.956   simsec/sec=1.00589   ev/simsec=331.006
     Messages:  created: 4403   present: 212   in FES: 7
** Event #33280   t=135.273339935379   Elapsed: 135.247s (2m 15s)  2% completed  (2% total)
     Speed:     ev/sec=217.608   simsec/sec=0.991355   ev/simsec=219.506
     Messages:  created: 4471   present: 155   in FES: 5
** Event #34048   t=138.486138236455   Elapsed: 138.442s (2m 18s)  2% completed  (2% total)
     Speed:     ev/sec=240.41   simsec/sec=1.00571   ev/simsec=239.044
     Messages:  created: 4558   present: 137   in FES: 5
** Event #34560   t=140.972374152875   Elapsed: 140.92s (2m 20s)  2% completed  (2% total)
     Speed:     ev/sec=206.564   simsec/sec=1.00306   ev/simsec=205.934
     Messages:  created: 4601   present: 91   in FES: 6
** Event #35072   t=143.68745161792   Elapsed: 143.633s (2m 23s)  2% completed  (2% total)
     Speed:     ev/sec=188.757   simsec/sec=1.00096   ev/simsec=188.577
     Messages:  created: 4641   present: 27   in FES: 5
** Event #35584   t=147.696608076684   Elapsed: 147.649s (2m 27s)  2% completed  (2% total)
     Speed:     ev/sec=127.485   simsec/sec=0.998258   ev/simsec=127.708
     Messages:  created: 4699   present: 11   in FES: 5
** Event #36096   t=150.476809915053   Elapsed: 150.42s (2m 30s)  2% completed  (2% total)
     Speed:     ev/sec=184.762   simsec/sec=1.00327   ev/simsec=184.159
     Messages:  created: 4762   present: 9   in FES: 6
** Event #36608   t=153.898749654787   Elapsed: 153.842s (2m 33s)  2% completed  (2% total)
     Speed:     ev/sec=149.623   simsec/sec=1   ev/simsec=149.623
     Messages:  created: 4826   present: 9   in FES: 6
** Event #37120   t=156.236094412164   Elapsed: 156.179s (2m 36s)  2% completed  (2% total)
     Speed:     ev/sec=219.052   simsec/sec=0.999999   ev/simsec=219.052
     Messages:  created: 4892   present: 13   in FES: 7
** Event #37888   t=158.294073732425   Elapsed: 158.237s (2m 38s)  2% completed  (2% total)
     Speed:     ev/sec=373.182   simsec/sec=1   ev/simsec=373.182
     Messages:  created: 4992   present: 25   in FES: 6
** Event #38400   t=160.473287787554   Elapsed: 160.417s (2m 40s)  2% completed  (2% total)
     Speed:     ev/sec=234.947   simsec/sec=1   ev/simsec=234.947
     Messages:  created: 5053   present: 16   in FES: 7
** Event #39168   t=162.946824864995   Elapsed: 162.89s (2m 42s)  2% completed  (2% total)
     Speed:     ev/sec=310.487   simsec/sec=1   ev/simsec=310.487
     Messages:  created: 5155   present: 31   in FES: 7
** Event #39680   t=165.269233474358   Elapsed: 165.213s (2m 45s)  2% completed  (2% total)
     Speed:     ev/sec=220.461   simsec/sec=0.999999   ev/simsec=220.461
     Messages:  created: 5213   present: 16   in FES: 7
** Event #40192   t=167.338294493844   Elapsed: 167.289s (2m 47s)  2% completed  (2% total)
     Speed:     ev/sec=246.583   simsec/sec=0.996476   ev/simsec=247.455
     Messages:  created: 5275   present: 11   in FES: 6
** Event #40704   t=169.54198696584   Elapsed: 169.485s (2m 49s)  2% completed  (2% total)
     Speed:     ev/sec=233.112   simsec/sec=1.00333   ev/simsec=232.337
     Messages:  created: 5341   present: 15   in FES: 7
** Event #41216   t=171.599083812563   Elapsed: 171.542s (2m 51s)  2% completed  (2% total)
     Speed:     ev/sec=248.894   simsec/sec=0.999998   ev/simsec=248.894
     Messages:  created: 5402   present: 8   in FES: 5
** Event #41984   t=174.253326933971   Elapsed: 174.197s (2m 54s)  2% completed  (2% total)
     Speed:     ev/sec=289.348   simsec/sec=1   ev/simsec=289.348
     Messages:  created: 5503   present: 21   in FES: 7
** Event #42496   t=176.581965746145   Elapsed: 176.525s (2m 56s)  2% completed  (2% total)
     Speed:     ev/sec=219.871   simsec/sec=0.999999   ev/simsec=219.871
     Messages:  created: 5562   present: 8   in FES: 5
** Event #43264   t=179.100888031528   Elapsed: 179.047s (2m 59s)  2% completed  (2% total)
     Speed:     ev/sec=304.534   simsec/sec=0.998825   ev/simsec=304.892
     Messages:  created: 5659   present: 11   in FES: 6
t=180.834982 executing addServer()
adding server with latency=60
** Event #44032   t=181.795820237247   Elapsed: 181.739s (3m 01s)  2% completed  (2% total)
     Speed:     ev/sec=285.293   simsec/sec=1.0011   ev/simsec=284.979
     Messages:  created: 5758   present: 17   in FES: 8
** Event #44800   t=184.082923538243   Elapsed: 184.026s (3m 04s)  2% completed  (2% total)
     Speed:     ev/sec=335.796   simsec/sec=1   ev/simsec=335.796
     Messages:  created: 5853   present: 14   in FES: 8
** Event #45824   t=186.550086310994   Elapsed: 186.493s (3m 06s)  2% completed  (2% total)
     Speed:     ev/sec=415.05   simsec/sec=0.999997   ev/simsec=415.052
     Messages:  created: 5987   present: 30   in FES: 8
** Event #46848   t=189.159910518917   Elapsed: 189.103s (3m 09s)  3% completed  (3% total)
     Speed:     ev/sec=392.365   simsec/sec=1   ev/simsec=392.364
     Messages:  created: 6117   present: 35   in FES: 8
** Event #47360   t=191.551783736083   Elapsed: 191.495s (3m 11s)  3% completed  (3% total)
     Speed:     ev/sec=214.058   simsec/sec=1   ev/simsec=214.058
     Messages:  created: 6173   present: 15   in FES: 7
** Event #47872   t=193.882612933215   Elapsed: 193.826s (3m 13s)  3% completed  (3% total)
     Speed:     ev/sec=219.664   simsec/sec=1   ev/simsec=219.664
     Messages:  created: 6235   present: 10   in FES: 6
** Event #48640   t=196.839434662516   Elapsed: 196.783s (3m 16s)  3% completed  (3% total)
     Speed:     ev/sec=259.738   simsec/sec=1   ev/simsec=259.738
     Messages:  created: 6332   present: 13   in FES: 7
** Event #49408   t=198.871086513618   Elapsed: 198.814s (3m 18s)  3% completed  (3% total)
     Speed:     ev/sec=378.017   simsec/sec=0.999998   ev/simsec=378.018
     Messages:  created: 6439   present: 41   in FES: 8
** Event #50176   t=201.331143137446   Elapsed: 201.274s (3m 21s)  3% completed  (3% total)
     Speed:     ev/sec=312.188   simsec/sec=1   ev/simsec=312.188
     Messages:  created: 6524   present: 12   in FES: 8
** Event #50688   t=204.057483355414   Elapsed: 204.001s (3m 24s)  3% completed  (3% total)
     Speed:     ev/sec=187.798   simsec/sec=1   ev/simsec=187.798
     Messages:  created: 6588   present: 11   in FES: 7
** Event #51200   t=206.674674573527   Elapsed: 206.618s (3m 26s)  3% completed  (3% total)
     Speed:     ev/sec=195.63   simsec/sec=1   ev/simsec=195.63
     Messages:  created: 6652   present: 13   in FES: 7
** Event #51712   t=208.768840723822   Elapsed: 208.712s (3m 28s)  3% completed  (3% total)
     Speed:     ev/sec=244.489   simsec/sec=1   ev/simsec=244.489
     Messages:  created: 6715   present: 10   in FES: 6
** Event #52224   t=210.991802948058   Elapsed: 210.938s (3m 30s)  3% completed  (3% total)
     Speed:     ev/sec=230.055   simsec/sec=0.998834   ev/simsec=230.323
     Messages:  created: 6781   present: 15   in FES: 7
** Event #53248   t=213.594688606832   Elapsed: 213.549s (3m 33s)  3% completed  (3% total)
     Speed:     ev/sec=392.085   simsec/sec=0.996634   ev/simsec=393.41
     Messages:  created: 6909   present: 15   in FES: 7
** Event #54016   t=216.6483269241   Elapsed: 216.592s (3m 36s)  3% completed  (3% total)
     Speed:     ev/sec=252.445   simsec/sec=1.00374   ev/simsec=251.503
     Messages:  created: 7004   present: 11   in FES: 7
** Event #54784   t=218.984638018359   Elapsed: 218.928s (3m 38s)  3% completed  (3% total)
     Speed:     ev/sec=328.723   simsec/sec=1   ev/simsec=328.723
     Messages:  created: 7103   present: 19   in FES: 8
** Event #55296   t=221.126654482118   Elapsed: 221.07s (3m 41s)  3% completed  (3% total)
     Speed:     ev/sec=239.027   simsec/sec=1   ev/simsec=239.027
     Messages:  created: 7164   present: 11   in FES: 7
** Event #55808   t=223.212013595866   Elapsed: 223.155s (3m 43s)  3% completed  (3% total)
     Speed:     ev/sec=245.521   simsec/sec=1   ev/simsec=245.521
     Messages:  created: 7228   present: 13   in FES: 8
** Event #56576   t=225.47463759539   Elapsed: 225.418s (3m 45s)  3% completed  (3% total)
     Speed:     ev/sec=339.429   simsec/sec=1   ev/simsec=339.429
     Messages:  created: 7324   present: 11   in FES: 7
** Event #57088   t=227.490069839578   Elapsed: 227.433s (3m 47s)  3% completed  (3% total)
     Speed:     ev/sec=254.04   simsec/sec=1   ev/simsec=254.04
     Messages:  created: 7388   present: 13   in FES: 8
** Event #57856   t=230.128990772131   Elapsed: 230.072s (3m 50s)  3% completed  (3% total)
     Speed:     ev/sec=291.028   simsec/sec=1   ev/simsec=291.028
     Messages:  created: 7484   present: 11   in FES: 7
** Event #58624   t=232.695646088241   Elapsed: 232.639s (3m 52s)  3% completed  (3% total)
     Speed:     ev/sec=299.222   simsec/sec=1   ev/simsec=299.222
     Messages:  created: 7580   present: 11   in FES: 7
** Event #59136   t=234.812861188143   Elapsed: 234.756s (3m 54s)  3% completed  (3% total)
     Speed:     ev/sec=241.827   simsec/sec=1   ev/simsec=241.827
     Messages:  created: 7644   present: 13   in FES: 8
** Event #59648   t=237.12486047198   Elapsed: 237.068s (3m 57s)  3% completed  (3% total)
     Speed:     ev/sec=221.453   simsec/sec=1   ev/simsec=221.453
     Messages:  created: 7707   present: 10   in FES: 6
** Event #60160   t=239.527683788635   Elapsed: 239.471s (3m 59s)  3% completed  (3% total)
     Speed:     ev/sec=213.083   simsec/sec=1   ev/simsec=213.083
     Messages:  created: 7772   present: 13   in FES: 8
t=240.834982 addServer() complete
** Event #60672   t=242.263897956068   Elapsed: 242.207s (4m 02s)  3% completed  (3% total)
     Speed:     ev/sec=187.12   simsec/sec=0.999999   ev/simsec=187.12
     Messages:  created: 7835   present: 10   in FES: 6
** Event #61696   t=245.320654901939   Elapsed: 245.264s (4m 05s)  3% completed  (3% total)
     Speed:     ev/sec=334.996   simsec/sec=1   ev/simsec=334.996
     Messages:  created: 7965   present: 15   in FES: 6
** Event #62464   t=247.579355447835   Elapsed: 247.523s (4m 07s)  3% completed  (3% total)
     Speed:     ev/sec=340.019   simsec/sec=1   ev/simsec=340.019
     Messages:  created: 8059   present: 11   in FES: 7
** Event #62976   t=249.677392026251   Elapsed: 249.621s (4m 09s)  3% completed  (3% total)
     Speed:     ev/sec=244.038   simsec/sec=1   ev/simsec=244.038
     Messages:  created: 8125   present: 15   in FES: 7
** Event #63488   t=251.860163592757   Elapsed: 251.804s (4m 11s)  3% completed  (3% total)
     Speed:     ev/sec=234.564   simsec/sec=0.999999   ev/simsec=234.564
     Messages:  created: 8188   present: 13   in FES: 8
** Event #64256   t=254.340181734409   Elapsed: 254.284s (4m 14s)  4% completed  (4% total)
     Speed:     ev/sec=309.675   simsec/sec=1   ev/simsec=309.675
     Messages:  created: 8284   present: 13   in FES: 7
** Event #65024   t=256.557341383166   Elapsed: 256.501s (4m 16s)  4% completed  (4% total)
     Speed:     ev/sec=346.266   simsec/sec=0.999645   ev/simsec=346.389
     Messages:  created: 8381   present: 16   in FES: 6
** Event #65792   t=259.388348488915   Elapsed: 259.332s (4m 19s)  4% completed  (4% total)
     Speed:     ev/sec=271.357   simsec/sec=1.00028   ev/simsec=271.282
     Messages:  created: 8476   present: 14   in FES: 8
** Event #66304   t=262.253439149762   Elapsed: 262.21s (4m 22s)  4% completed  (4% total)
     Speed:     ev/sec=177.874   simsec/sec=0.995361   ev/simsec=178.703
     Messages:  created: 8538   present: 8   in FES: 4
** Event #67072   t=264.89833079032   Elapsed: 264.862s (4m 24s)  4% completed  (4% total)
     Speed:     ev/sec=289.653   simsec/sec=0.997527   ev/simsec=290.371
     Messages:  created: 8634   present: 8   in FES: 4
** Event #67584   t=268.588463799117   Elapsed: 268.532s (4m 28s)  4% completed  (4% total)
     Speed:     ev/sec=139.501   simsec/sec=1.00542   ev/simsec=138.748
     Messages:  created: 8699   present: 10   in FES: 6
** Event #68096   t=271.676440875313   Elapsed: 271.62s (4m 31s)  4% completed  (4% total)
     Speed:     ev/sec=165.804   simsec/sec=1   ev/simsec=165.804
     Messages:  created: 8763   present: 11   in FES: 7
** Event #68352   t=273.955895119003   Elapsed: 273.978s (4m 33s)  4% completed  (4% total)
     Speed:     ev/sec=108.542   simsec/sec=0.966467   ev/simsec=112.308
     Messages:  created: 8794   present: 8   in FES: 4
** Event #68864   t=276.726434448864   Elapsed: 276.67s (4m 36s)  4% completed  (4% total)
     Speed:     ev/sec=190.232   simsec/sec=1.02939   ev/simsec=184.802
     Messages:  created: 8859   present: 11   in FES: 7
** Event #69376   t=279.010873438513   Elapsed: 279.063s (4m 39s)  4% completed  (4% total)
     Speed:     ev/sec=213.956   simsec/sec=0.954628   ev/simsec=224.125
     Messages:  created: 8922   present: 8   in FES: 4
** Event #69888   t=281.944887748507   Elapsed: 281.888s (4m 41s)  4% completed  (4% total)
     Speed:     ev/sec=181.211   simsec/sec=1.03843   ev/simsec=174.505
     Messages:  created: 8987   present: 10   in FES: 6
** Event #70400   t=284.874402577625   Elapsed: 284.818s (4m 44s)  4% completed  (4% total)
     Speed:     ev/sec=174.773   simsec/sec=1   ev/simsec=174.773
     Messages:  created: 9051   present: 10   in FES: 6
** Event #70912   t=287.661232665693   Elapsed: 287.635s (4m 47s)  4% completed  (4% total)
     Speed:     ev/sec=181.758   simsec/sec=0.989316   ev/simsec=183.721
     Messages:  created: 9114   present: 8   in FES: 4
** Event #71680   t=291.026720198457   Elapsed: 291.045s (4m 51s)  4% completed  (4% total)
     Speed:     ev/sec=225.198   simsec/sec=0.986849   ev/simsec=228.199
     Messages:  created: 9210   present: 8   in FES: 4
** Event #72192   t=293.772486581277   Elapsed: 293.716s (4m 53s)  4% completed  (4% total)
     Speed:     ev/sec=191.701   simsec/sec=1.02806   ev/simsec=186.469
     Messages:  created: 9275   present: 10   in FES: 6
** Event #72960   t=296.170503720929   Elapsed: 296.114s (4m 56s)  4% completed  (4% total)
     Speed:     ev/sec=320.265   simsec/sec=1   ev/simsec=320.265
     Messages:  created: 9372   present: 12   in FES: 7
** Event #73472   t=298.914640112875   Elapsed: 298.885s (4m 58s)  4% completed  (4% total)
     Speed:     ev/sec=184.732   simsec/sec=0.990097   ev/simsec=186.58
     Messages:  created: 9434   present: 8   in FES: 4
t=300.835004 executing setDimmer(0.9)
** Event #73728   t=301.689173473747   Elapsed: 301.633s (5m 01s)  4% completed  (4% total)
     Speed:     ev/sec=93.1896   simsec/sec=1.00999   ev/simsec=92.2678
     Messages:  created: 9466   present: 9   in FES: 5
** Event #73984   t=303.859460530731   Elapsed: 303.817s (5m 03s)  4% completed  (4% total)
     Speed:     ev/sec=117.194   simsec/sec=0.993531   ev/simsec=117.957
     Messages:  created: 9498   present: 10   in FES: 6
** Event #74240   t=305.91593120619   Elapsed: 305.859s (5m 05s)  4% completed  (4% total)
     Speed:     ev/sec=125.341   simsec/sec=1.00687   ev/simsec=124.485
     Messages:  created: 9530   present: 9   in FES: 5
** Event #74752   t=308.439871301936   Elapsed: 308.409s (5m 08s)  4% completed  (4% total)
     Speed:     ev/sec=200.806   simsec/sec=0.989888   ev/simsec=202.857
     Messages:  created: 9594   present: 10   in FES: 6
** Event #75264   t=311.168266827514   Elapsed: 311.154s (5m 11s)  4% completed  (4% total)
     Speed:     ev/sec=186.554   simsec/sec=0.994126   ev/simsec=187.656
     Messages:  created: 9658   present: 10   in FES: 6
** Event #75776   t=314.413828433432   Elapsed: 314.357s (5m 14s)  4% completed  (4% total)
     Speed:     ev/sec=159.822   simsec/sec=1.01311   ev/simsec=157.754
     Messages:  created: 9723   present: 12   in FES: 8
** Event #76288   t=317.429777516577   Elapsed: 317.382s (5m 17s)  5% completed  (5% total)
     Speed:     ev/sec=169.25   simsec/sec=0.996973   ev/simsec=169.764
     Messages:  created: 9786   present: 10   in FES: 6
** Event #76800   t=320.810766289495   Elapsed: 320.754s (5m 20s)  5% completed  (5% total)
     Speed:     ev/sec=151.846   simsec/sec=1.00272   ev/simsec=151.435
     Messages:  created: 9850   present: 9   in FES: 5
** Event #77568   t=324.018083744894   Elapsed: 324.025s (5m 24s)  5% completed  (5% total)
     Speed:     ev/sec=234.827   simsec/sec=0.980682   ev/simsec=239.452
     Messages:  created: 9946   present: 10   in FES: 6
** Event #78080   t=327.079699648318   Elapsed: 327.023s (5m 27s)  5% completed  (5% total)
     Speed:     ev/sec=170.756   simsec/sec=1.02107   ev/simsec=167.232
     Messages:  created: 10011   present: 12   in FES: 8
** Event #78592   t=329.64655906151   Elapsed: 329.616s (5m 29s)  5% completed  (5% total)
     Speed:     ev/sec=197.467   simsec/sec=0.989979   ev/simsec=199.466
     Messages:  created: 10074   present: 10   in FES: 6
** Event #79360   t=332.048168664477   Elapsed: 331.992s (5m 31s)  5% completed  (5% total)
     Speed:     ev/sec=323.283   simsec/sec=1.01094   ev/simsec=319.786
     Messages:  created: 10174   present: 20   in FES: 8
** Event #80128   t=334.875324014702   Elapsed: 334.835s (5m 34s)  5% completed  (5% total)
     Speed:     ev/sec=270.048   simsec/sec=0.994099   ev/simsec=271.651
     Messages:  created: 10266   present: 10   in FES: 5
** Event #80640   t=338.196240078573   Elapsed: 338.14s (5m 38s)  5% completed  (5% total)
     Speed:     ev/sec=154.957   simsec/sec=1.00508   ev/simsec=154.174
     Messages:  created: 10330   present: 9   in FES: 5
** Event #81152   t=340.507183986938   Elapsed: 340.488s (5m 40s)  5% completed  (5% total)
     Speed:     ev/sec=218.041   simsec/sec=0.98414   ev/simsec=221.554
     Messages:  created: 10394   present: 10   in FES: 6
** Event #81664   t=344.107302728356   Elapsed: 344.051s (5m 44s)  5% completed  (5% total)
     Speed:     ev/sec=143.704   simsec/sec=1.01045   ev/simsec=142.218
     Messages:  created: 10458   present: 9   in FES: 5
** Event #82176   t=346.735506227978   Elapsed: 346.732s (5m 46s)  5% completed  (5% total)
     Speed:     ev/sec=190.944   simsec/sec=0.980155   ev/simsec=194.81
     Messages:  created: 10522   present: 10   in FES: 6
** Event #82432   t=348.963883371045   Elapsed: 348.907s (5m 48s)  5% completed  (5% total)
     Speed:     ev/sec=117.694   simsec/sec=1.02448   ev/simsec=114.882
     Messages:  created: 10557   present: 17   in FES: 8
** Event #82944   t=351.526510211847   Elapsed: 351.496s (5m 51s)  5% completed  (5% total)
     Speed:     ev/sec=197.741   simsec/sec=0.989717   ev/simsec=199.795
     Messages:  created: 10618   present: 10   in FES: 6
** Event #83200   t=354.010872300487   Elapsed: 353.954s (5m 53s)  5% completed  (5% total)
     Speed:     ev/sec=104.157   simsec/sec=1.0108   ev/simsec=103.045
     Messages:  created: 10650   present: 9   in FES: 5
** Event #83712   t=357.073422067196   Elapsed: 357.017s (5m 57s)  5% completed  (5% total)
     Speed:     ev/sec=167.18   simsec/sec=0.999993   ev/simsec=167.181
     Messages:  created: 10714   present: 9   in FES: 5
** Event #84224   t=359.326113103811   Elapsed: 359.269s (5m 59s)  5% completed  (5% total)
     Speed:     ev/sec=227.292   simsec/sec=1.00004   ev/simsec=227.284
     Messages:  created: 10780   present: 15   in FES: 8
t=360.835003 executing setDimmer(1)
** Event #84992   t=362.397539200388   Elapsed: 362.341s (6m 02s)  5% completed  (5% total)
     Speed:     ev/sec=250.047   simsec/sec=0.999999   ev/simsec=250.047
     Messages:  created: 10873   present: 9   in FES: 5
** Event #85504   t=364.486841636658   Elapsed: 364.43s (6m 04s)  5% completed  (5% total)
     Speed:     ev/sec=245.058   simsec/sec=1   ev/simsec=245.058
     Messages:  created: 10937   present: 10   in FES: 6
** Event #86272   t=367.148396384133   Elapsed: 367.092s (6m 07s)  5% completed  (5% total)
     Speed:     ev/sec=288.553   simsec/sec=1   ev/simsec=288.553
     Messages:  created: 11034   present: 11   in FES: 7
** Event #86784   t=369.571649813148   Elapsed: 369.515s (6m 09s)  5% completed  (5% total)
     Speed:     ev/sec=211.286   simsec/sec=1   ev/simsec=211.286
     Messages:  created: 11097   present: 10   in FES: 6
** Event #87296   t=371.825829477381   Elapsed: 371.769s (6m 11s)  5% completed  (5% total)
     Speed:     ev/sec=227.134   simsec/sec=1   ev/simsec=227.134
     Messages:  created: 11163   present: 15   in FES: 7
** Event #87808   t=374.395827188444   Elapsed: 374.339s (6m 14s)  5% completed  (5% total)
     Speed:     ev/sec=199.218   simsec/sec=0.999978   ev/simsec=199.222
     Messages:  created: 11225   present: 9   in FES: 5
** Event #88064   t=377.049661690888   Elapsed: 376.993s (6m 16s)  5% completed  (5% total)
     Speed:     ev/sec=96.4619   simsec/sec=0.999976   ev/simsec=96.4642
     Messages:  created: 11257   present: 9   in FES: 5
** Event #88320   t=379.421115363907   Elapsed: 379.364s (6m 19s)  6% completed  (6% total)
     Speed:     ev/sec=107.956   simsec/sec=1.00005   ev/simsec=107.951
     Messages:  created: 11290   present: 11   in FES: 7
** Event #88832   t=382.403031719536   Elapsed: 382.346s (6m 22s)  6% completed  (6% total)
     Speed:     ev/sec=171.702   simsec/sec=1   ev/simsec=171.702
     Messages:  created: 11353   present: 10   in FES: 6
** Event #89344   t=384.428302779207   Elapsed: 384.372s (6m 24s)  6% completed  (6% total)
     Speed:     ev/sec=252.805   simsec/sec=0.999999   ev/simsec=252.806
     Messages:  created: 11420   present: 18   in FES: 8
** Event #90112   t=387.998365823243   Elapsed: 387.942s (6m 27s)  6% completed  (6% total)
     Speed:     ev/sec=215.122   simsec/sec=1   ev/simsec=215.122
     Messages:  created: 11514   present: 11   in FES: 7
** Event #90624   t=391.271546234752   Elapsed: 391.215s (6m 31s)  6% completed  (6% total)
     Speed:     ev/sec=156.423   simsec/sec=0.999999   ev/simsec=156.423
     Messages:  created: 11577   present: 9   in FES: 5
** Event #91136   t=394.647231717046   Elapsed: 394.591s (6m 34s)  6% completed  (6% total)
     Speed:     ev/sec=151.673   simsec/sec=1   ev/simsec=151.673
     Messages:  created: 11641   present: 10   in FES: 6
** Event #91648   t=397.967978697172   Elapsed: 397.911s (6m 37s)  6% completed  (6% total)
     Speed:     ev/sec=154.182   simsec/sec=1   ev/simsec=154.182
     Messages:  created: 11705   present: 10   in FES: 6
** Event #92160   t=400.888470307615   Elapsed: 400.832s (6m 40s)  6% completed  (6% total)
     Speed:     ev/sec=175.313   simsec/sec=1   ev/simsec=175.313
     Messages:  created: 11769   present: 9   in FES: 5
** Event #92672   t=403.177370289107   Elapsed: 403.131s (6m 43s)  6% completed  (6% total)
     Speed:     ev/sec=222.723   simsec/sec=0.995684   ev/simsec=223.688
     Messages:  created: 11834   present: 12   in FES: 6
** Event #93184   t=406.033859437341   Elapsed: 405.977s (6m 45s)  6% completed  (6% total)
     Speed:     ev/sec=179.866   simsec/sec=1.00349   ev/simsec=179.241
     Messages:  created: 11897   present: 10   in FES: 6
** Event #93696   t=408.942871563302   Elapsed: 408.886s (6m 48s)  6% completed  (6% total)
     Speed:     ev/sec=176.005   simsec/sec=1   ev/simsec=176.005
     Messages:  created: 11962   present: 11   in FES: 7
** Event #94464   t=411.580021383287   Elapsed: 411.523s (6m 51s)  6% completed  (6% total)
     Speed:     ev/sec=291.223   simsec/sec=1   ev/simsec=291.223
     Messages:  created: 12059   present: 15   in FES: 8
** Event #94976   t=413.702773726014   Elapsed: 413.652s (6m 53s)  6% completed  (6% total)
     Speed:     ev/sec=240.564   simsec/sec=0.99738   ev/simsec=241.196
     Messages:  created: 12122   present: 12   in FES: 7
** Event #95744   t=415.8319508895   Elapsed: 415.775s (6m 55s)  6% completed  (6% total)
     Speed:     ev/sec=361.65   simsec/sec=1.00263   ev/simsec=360.703
     Messages:  created: 12225   present: 31   in FES: 8
** Event #96512   t=418.753672959617   Elapsed: 418.697s (6m 58s)  6% completed  (6% total)
     Speed:     ev/sec=262.859   simsec/sec=1   ev/simsec=262.859
     Messages:  created: 12313   present: 10   in FES: 6
t=420.834983 executing removeServer()
scheduled complete remove at 421.364370318116
** Event #97536   t=421.369655402861   Elapsed: 421.313s (7m 01s)  6% completed  (6% total)
     Speed:     ev/sec=391.44   simsec/sec=0.999999   ev/simsec=391.44
     Messages:  created: 12443   present: 11   in FES: 7
** Event #98048   t=423.918396258909   Elapsed: 423.862s (7m 03s)  6% completed  (6% total)
     Speed:     ev/sec=200.883   simsec/sec=1   ev/simsec=200.884
     Messages:  created: 12507   present: 10   in FES: 6
** Event #98560   t=426.940073877069   Elapsed: 426.895s (7m 06s)  6% completed  (6% total)
     Speed:     ev/sec=168.822   simsec/sec=0.996341   ev/simsec=169.442
     Messages:  created: 12570   present: 8   in FES: 5
** Event #99072   t=430.085140809805   Elapsed: 430.033s (7m 10s)  6% completed  (6% total)
     Speed:     ev/sec=163.128   simsec/sec=1.00205   ev/simsec=162.795
     Messages:  created: 12634   present: 8   in FES: 5
** Event #99584   t=432.580624782676   Elapsed: 432.524s (7m 12s)  6% completed  (6% total)
     Speed:     ev/sec=205.556   simsec/sec=1.00188   ev/simsec=205.171
     Messages:  created: 12700   present: 12   in FES: 7
** Event #100352   t=435.412953602526   Elapsed: 435.356s (7m 15s)  6% completed  (6% total)
     Speed:     ev/sec=271.155   simsec/sec=1   ev/simsec=271.155
     Messages:  created: 12796   present: 13   in FES: 7
** Event #100864   t=437.827059270204   Elapsed: 437.785s (7m 17s)  6% completed  (6% total)
     Speed:     ev/sec=210.854   simsec/sec=0.994188   ev/simsec=212.087
     Messages:  created: 12858   present: 8   in FES: 5
** Event #101376   t=440.577868407399   Elapsed: 440.522s (7m 20s)  6% completed  (6% total)
     Speed:     ev/sec=187.048   simsec/sec=1.00495   ev/simsec=186.127
     Messages:  created: 12922   present: 8   in FES: 5
** Event #101888   t=443.013056410386   Elapsed: 442.993s (7m 22s)  7% completed  (7% total)
     Speed:     ev/sec=207.147   simsec/sec=0.98524   ev/simsec=210.251
     Messages:  created: 12986   present: 8   in FES: 5
** Event #102400   t=445.946036758714   Elapsed: 445.889s (7m 25s)  7% completed  (7% total)
     Speed:     ev/sec=176.8   simsec/sec=1.0128   ev/simsec=174.566
     Messages:  created: 13052   present: 12   in FES: 7
** Event #103168   t=448.51623391123   Elapsed: 448.46s (7m 28s)  7% completed  (7% total)
     Speed:     ev/sec=298.81   simsec/sec=1   ev/simsec=298.81
     Messages:  created: 13147   present: 11   in FES: 7
** Event #103680   t=450.60052790053   Elapsed: 450.544s (7m 30s)  7% completed  (7% total)
     Speed:     ev/sec=245.647   simsec/sec=1   ev/simsec=245.647
     Messages:  created: 13211   present: 10   in FES: 7
** Event #104192   t=452.914243627868   Elapsed: 452.858s (7m 32s)  7% completed  (7% total)
     Speed:     ev/sec=221.289   simsec/sec=1   ev/simsec=221.289
     Messages:  created: 13275   present: 11   in FES: 7
** Event #104704   t=456.079873868739   Elapsed: 456.023s (7m 36s)  7% completed  (7% total)
     Speed:     ev/sec=161.737   simsec/sec=0.999999   ev/simsec=161.737
     Messages:  created: 13339   present: 10   in FES: 6
** Event #105216   t=458.814847665144   Elapsed: 458.786s (7m 38s)  7% completed  (7% total)
     Speed:     ev/sec=185.311   simsec/sec=0.989882   ev/simsec=187.205
     Messages:  created: 13402   present: 8   in FES: 5
** Event #105728   t=462.735187782356   Elapsed: 462.696s (7m 42s)  7% completed  (7% total)
     Speed:     ev/sec=130.935   simsec/sec=1.00256   ev/simsec=130.601
     Messages:  created: 13466   present: 8   in FES: 5
** Event #105984   t=464.795861920675   Elapsed: 464.777s (7m 44s)  7% completed  (7% total)
     Speed:     ev/sec=123.063   simsec/sec=0.9906   ev/simsec=124.231
     Messages:  created: 13498   present: 8   in FES: 5
** Event #106240   t=466.818652462831   Elapsed: 466.796s (7m 46s)  7% completed  (7% total)
     Speed:     ev/sec=126.801   simsec/sec=1.00192   ev/simsec=126.558
     Messages:  created: 13530   present: 8   in FES: 5
** Event #106496   t=469.570342138196   Elapsed: 469.556s (7m 49s)  7% completed  (7% total)
     Speed:     ev/sec=92.733   simsec/sec=0.996767   ev/simsec=93.0337
     Messages:  created: 13562   present: 8   in FES: 5
** Event #107008   t=472.000480984696   Elapsed: 471.944s (7m 51s)  7% completed  (7% total)
     Speed:     ev/sec=214.442   simsec/sec=1.01782   ev/simsec=210.688
     Messages:  created: 13630   present: 18   in FES: 7
** Event #107520   t=474.983703761542   Elapsed: 474.947s (7m 54s)  7% completed  (7% total)
     Speed:     ev/sec=170.488   simsec/sec=0.993367   ev/simsec=171.626
     Messages:  created: 13690   present: 8   in FES: 5
** Event #107776   t=477.142700360584   Elapsed: 477.094s (7m 57s)  7% completed  (7% total)
     Speed:     ev/sec=119.249   simsec/sec=1.00569   ev/simsec=118.574
     Messages:  created: 13722   present: 8   in FES: 5
** Event #108288   t=479.68650077774   Elapsed: 479.63s (7m 59s)  7% completed  (7% total)
     Speed:     ev/sec=201.885   simsec/sec=1.00304   ev/simsec=201.274
     Messages:  created: 13793   present: 26   in FES: 7
** Event #108800   t=482.097573759558   Elapsed: 482.043s (8m 02s)  7% completed  (7% total)
     Speed:     ev/sec=212.18   simsec/sec=0.999183   ev/simsec=212.354
     Messages:  created: 13849   present: 7   in FES: 4
** Event #109056   t=484.078538   Elapsed: 484.191s (8m 04s)  7% completed  (7% total)
     Speed:     ev/sec=119.19   simsec/sec=0.922306   ev/simsec=129.23
     Messages:  created: 13881   present: 7   in FES: 4
** Event #109312   t=486.43142366067   Elapsed: 486.387s (8m 06s)  7% completed  (7% total)
     Speed:     ev/sec=116.545   simsec/sec=1.07116   ev/simsec=108.803
     Messages:  created: 13913   present: 7   in FES: 4
** Event #109824   t=490.0883030182   Elapsed: 490.032s (8m 10s)  7% completed  (7% total)
     Speed:     ev/sec=140.491   simsec/sec=1.00344   ev/simsec=140.01
     Messages:  created: 13978   present: 9   in FES: 6
** Event #110592   t=493.071219180877   Elapsed: 493.015s (8m 13s)  7% completed  (7% total)
     Speed:     ev/sec=257.466   simsec/sec=1   ev/simsec=257.466
     Messages:  created: 14074   present: 9   in FES: 6
** Event #111360   t=496.354360067682   Elapsed: 496.298s (8m 16s)  7% completed  (7% total)
     Speed:     ev/sec=233.922   simsec/sec=1   ev/simsec=233.922
     Messages:  created: 14171   present: 11   in FES: 7
** Event #111872   t=498.775390646172   Elapsed: 498.719s (8m 18s)  7% completed  (7% total)
     Speed:     ev/sec=211.481   simsec/sec=1   ev/simsec=211.48
     Messages:  created: 14235   present: 11   in FES: 7
** Event #112384   t=501.485111420712   Elapsed: 501.428s (8m 21s)  7% completed  (7% total)
     Speed:     ev/sec=188.948   simsec/sec=0.999994   ev/simsec=188.949
     Messages:  created: 14298   present: 10   in FES: 6
** Event #112640   t=503.54293030415   Elapsed: 503.486s (8m 23s)  7% completed  (7% total)
     Speed:     ev/sec=124.404   simsec/sec=1   ev/simsec=124.404
     Messages:  created: 14330   present: 9   in FES: 6
** Event #113152   t=507.501110855725   Elapsed: 507.58s (8m 27s)  8% completed  (8% total)
     Speed:     ev/sec=125.056   simsec/sec=0.966788   ev/simsec=129.352
     Messages:  created: 14393   present: 7   in FES: 4
** Event #113664   t=510.665379039071   Elapsed: 510.609s (8m 30s)  8% completed  (8% total)
     Speed:     ev/sec=169.072   simsec/sec=1.0449   ev/simsec=161.807
     Messages:  created: 14458   present: 9   in FES: 6
** Event #114176   t=512.705187489239   Elapsed: 512.649s (8m 32s)  8% completed  (8% total)
     Speed:     ev/sec=251.004   simsec/sec=1   ev/simsec=251.004
     Messages:  created: 14522   present: 10   in FES: 6
** Event #114944   t=515.368895567548   Elapsed: 515.36s (8m 35s)  8% completed  (8% total)
     Speed:     ev/sec=283.21   simsec/sec=0.982275   ev/simsec=288.32
     Messages:  created: 14617   present: 7   in FES: 4
** Event #115456   t=518.215354796498   Elapsed: 518.159s (8m 38s)  8% completed  (8% total)
     Speed:     ev/sec=182.962   simsec/sec=1.01718   ev/simsec=179.873
     Messages:  created: 14682   present: 10   in FES: 6
** Event #115968   t=520.566594799392   Elapsed: 520.51s (8m 40s)  8% completed  (8% total)
     Speed:     ev/sec=217.757   simsec/sec=1   ev/simsec=217.757
     Messages:  created: 14746   present: 9   in FES: 6
** Event #116480   t=522.86224582837   Elapsed: 522.812s (8m 42s)  8% completed  (8% total)
     Speed:     ev/sec=222.389   simsec/sec=0.997126   ev/simsec=223.03
     Messages:  created: 14809   present: 7   in FES: 4
** Event #116992   t=525.27461265782   Elapsed: 525.225s (8m 45s)  8% completed  (8% total)
     Speed:     ev/sec=212.174   simsec/sec=0.99969   ev/simsec=212.24
     Messages:  created: 14873   present: 7   in FES: 4
** Event #117504   t=527.728994359426   Elapsed: 527.672s (8m 47s)  8% completed  (8% total)
     Speed:     ev/sec=209.234   simsec/sec=1.00301   ev/simsec=208.607
     Messages:  created: 14938   present: 9   in FES: 6
** Event #118016   t=530.050857158365   Elapsed: 529.994s (8m 49s)  8% completed  (8% total)
     Speed:     ev/sec=220.512   simsec/sec=0.999999   ev/simsec=220.513
     Messages:  created: 15002   present: 9   in FES: 6
** Event #118528   t=533.2669480513   Elapsed: 533.21s (8m 53s)  8% completed  (8% total)
     Speed:     ev/sec=159.2   simsec/sec=1   ev/simsec=159.199
     Messages:  created: 15066   present: 10   in FES: 6
** Event #119296   t=535.88261374948   Elapsed: 535.826s (8m 55s)  8% completed  (8% total)
     Speed:     ev/sec=293.616   simsec/sec=1   ev/simsec=293.616
     Messages:  created: 15163   present: 12   in FES: 7
** Event #119808   t=537.997092231261   Elapsed: 537.94s (8m 57s)  8% completed  (8% total)
     Speed:     ev/sec=242.14   simsec/sec=0.999999   ev/simsec=242.14
     Messages:  created: 15226   present: 10   in FES: 7
** Event #120320   t=540.806683627265   Elapsed: 540.75s (9m 00s)  8% completed  (8% total)
     Speed:     ev/sec=182.233   simsec/sec=0.999999   ev/simsec=182.233
     Messages:  created: 15290   present: 11   in FES: 7
** Event #121088   t=543.964604922534   Elapsed: 543.908s (9m 03s)  8% completed  (8% total)
     Speed:     ev/sec=243.198   simsec/sec=1   ev/simsec=243.198
     Messages:  created: 15385   present: 9   in FES: 6
** Event #121600   t=546.545229482552   Elapsed: 546.489s (9m 06s)  8% completed  (8% total)
     Speed:     ev/sec=198.402   simsec/sec=1   ev/simsec=198.402
     Messages:  created: 15449   present: 9   in FES: 6
** Event #122112   t=548.593092110817   Elapsed: 548.536s (9m 08s)  8% completed  (8% total)
     Speed:     ev/sec=250.017   simsec/sec=0.999999   ev/simsec=250.017
     Messages:  created: 15515   present: 13   in FES: 7
** Event #122624   t=550.754567552524   Elapsed: 550.698s (9m 10s)  8% completed  (8% total)
     Speed:     ev/sec=236.875   simsec/sec=1   ev/simsec=236.875
     Messages:  created: 15578   present: 10   in FES: 7
** Event #123392   t=553.508879555279   Elapsed: 553.452s (9m 13s)  8% completed  (8% total)
     Speed:     ev/sec=278.836   simsec/sec=1   ev/simsec=278.836
     Messages:  created: 15674   present: 10   in FES: 6
** Event #123904   t=555.896813964711   Elapsed: 555.84s (9m 15s)  8% completed  (8% total)
     Speed:     ev/sec=214.411   simsec/sec=1   ev/simsec=214.411
     Messages:  created: 15737   present: 9   in FES: 6
** Event #124416   t=558.681081592088   Elapsed: 558.624s (9m 18s)  8% completed  (8% total)
     Speed:     ev/sec=183.89   simsec/sec=0.999999   ev/simsec=183.89
     Messages:  created: 15801   present: 9   in FES: 6
** Event #124928   t=561.680791919732   Elapsed: 561.624s (9m 21s)  8% completed  (8% total)
     Speed:     ev/sec=170.685   simsec/sec=1.00001   ev/simsec=170.683
     Messages:  created: 15865   present: 9   in FES: 6
** Event #125440   t=564.162806663027   Elapsed: 564.106s (9m 24s)  8% completed  (8% total)
     Speed:     ev/sec=206.281   simsec/sec=0.999987   ev/simsec=206.284
     Messages:  created: 15930   present: 11   in FES: 7
** Event #126208   t=566.241236933451   Elapsed: 566.185s (9m 26s)  8% completed  (8% total)
     Speed:     ev/sec=369.51   simsec/sec=1   ev/simsec=369.51
     Messages:  created: 16031   present: 24   in FES: 7
** Event #126720   t=568.541735694207   Elapsed: 568.485s (9m 28s)  9% completed  (9% total)
     Speed:     ev/sec=222.561   simsec/sec=1   ev/simsec=222.56
     Messages:  created: 16090   present: 11   in FES: 7
** Event #127232   t=571.144628782494   Elapsed: 571.088s (9m 31s)  9% completed  (9% total)
     Speed:     ev/sec=196.704   simsec/sec=0.999999   ev/simsec=196.704
     Messages:  created: 16154   present: 11   in FES: 7
** Event #128000   t=573.3096606061   Elapsed: 573.253s (9m 33s)  9% completed  (9% total)
     Speed:     ev/sec=354.729   simsec/sec=1   ev/simsec=354.729
     Messages:  created: 16256   present: 26   in FES: 7
** Event #128512   t=576.525968600233   Elapsed: 576.469s (9m 36s)  9% completed  (9% total)
     Speed:     ev/sec=159.189   simsec/sec=0.999999   ev/simsec=159.189
     Messages:  created: 16313   present: 8   in FES: 5
** Event #129280   t=578.773971458017   Elapsed: 578.717s (9m 38s)  9% completed  (9% total)
     Speed:     ev/sec=341.637   simsec/sec=1   ev/simsec=341.637
     Messages:  created: 16416   present: 26   in FES: 7
** Event #129536   t=580.93618628892   Elapsed: 580.88s (9m 40s)  9% completed  (9% total)
     Speed:     ev/sec=118.397   simsec/sec=1   ev/simsec=118.397
     Messages:  created: 16441   present: 8   in FES: 5
** Event #129792   t=583.367279886435   Elapsed: 583.311s (9m 43s)  9% completed  (9% total)
     Speed:     ev/sec=105.302   simsec/sec=1   ev/simsec=105.302
     Messages:  created: 16473   present: 8   in FES: 5
** Event #130304   t=587.591074142587   Elapsed: 587.534s (9m 47s)  9% completed  (9% total)
     Speed:     ev/sec=121.218   simsec/sec=1   ev/simsec=121.218
     Messages:  created: 16537   present: 8   in FES: 5
** Event #130560   t=589.664177734308   Elapsed: 589.608s (9m 49s)  9% completed  (9% total)
     Speed:     ev/sec=123.486   simsec/sec=1   ev/simsec=123.486
     Messages:  created: 16569   present: 9   in FES: 6
** Event #131072   t=591.768787845766   Elapsed: 591.712s (9m 51s)  9% completed  (9% total)
     Speed:     ev/sec=243.275   simsec/sec=0.999999   ev/simsec=243.275
     Messages:  created: 16633   present: 8   in FES: 5
** Event #131584   t=594.70502024941   Elapsed: 594.648s (9m 54s)  9% completed  (9% total)
     Speed:     ev/sec=174.373   simsec/sec=1   ev/simsec=174.373
     Messages:  created: 16698   present: 11   in FES: 7
** Event #132096   t=596.874147519787   Elapsed: 596.817s (9m 56s)  9% completed  (9% total)
     Speed:     ev/sec=236.04   simsec/sec=1   ev/simsec=236.04
     Messages:  created: 16761   present: 9   in FES: 6
** Event #132608   t=598.988764216934   Elapsed: 598.932s (9m 58s)  9% completed  (9% total)
     Speed:     ev/sec=242.109   simsec/sec=0.999938   ev/simsec=242.124
     Messages:  created: 16825   present: 8   in FES: 5
** Event #133120   t=603.309726515259   Elapsed: 603.253s (10m 03s)  9% completed  (9% total)
     Speed:     ev/sec=118.496   simsec/sec=1.00003   ev/simsec=118.492
     Messages:  created: 16889   present: 10   in FES: 6
** Event #133632   t=606.253743523612   Elapsed: 606.198s (10m 06s)  9% completed  (9% total)
     Speed:     ev/sec=173.876   simsec/sec=0.999792   ev/simsec=173.912
     Messages:  created: 16954   present: 13   in FES: 6
** Event #134144   t=608.649172453375   Elapsed: 608.593s (10m 08s)  9% completed  (9% total)
     Speed:     ev/sec=213.795   simsec/sec=1.00026   ev/simsec=213.74
     Messages:  created: 17017   present: 9   in FES: 6
** Event #134400   t=610.776654193719   Elapsed: 610.72s (10m 10s)  9% completed  (9% total)
     Speed:     ev/sec=120.33   simsec/sec=1   ev/simsec=120.33
     Messages:  created: 17049   present: 9   in FES: 6
** Event #134912   t=613.822705885837   Elapsed: 613.766s (10m 13s)  9% completed  (9% total)
     Speed:     ev/sec=168.086   simsec/sec=1   ev/simsec=168.086
     Messages:  created: 17113   present: 9   in FES: 6
** Event #135424   t=616.430456801668   Elapsed: 616.374s (10m 16s)  9% completed  (9% total)
     Speed:     ev/sec=196.338   simsec/sec=1   ev/simsec=196.338
     Messages:  created: 17177   present: 9   in FES: 6
** Event #135936   t=618.450686523545   Elapsed: 618.394s (10m 18s)  9% completed  (9% total)
     Speed:     ev/sec=253.436   simsec/sec=0.999999   ev/simsec=253.437
     Messages:  created: 17241   present: 10   in FES: 7
** Event #136448   t=620.616751340131   Elapsed: 620.56s (10m 20s)  9% completed  (9% total)
     Speed:     ev/sec=236.373   simsec/sec=0.999999   ev/simsec=236.373
     Messages:  created: 17304   present: 8   in FES: 5
** Event #137216   t=623.072361760872   Elapsed: 623.016s (10m 23s)  9% completed  (9% total)
     Speed:     ev/sec=312.754   simsec/sec=1   ev/simsec=312.753
     Messages:  created: 17402   present: 13   in FES: 6
** Event #137984   t=625.823725325108   Elapsed: 625.767s (10m 25s)  9% completed  (9% total)
     Speed:     ev/sec=279.134   simsec/sec=1   ev/simsec=279.134
     Messages:  created: 17498   present: 12   in FES: 7
** Event #138752   t=628.643271452848   Elapsed: 628.587s (10m 28s)  9% completed  (9% total)
     Speed:     ev/sec=272.384   simsec/sec=1   ev/simsec=272.384
     Messages:  created: 17593   present: 10   in FES: 7
** Event #139264   t=631.227147108809   Elapsed: 631.17s (10m 31s)  10% completed  (10% total)
     Speed:     ev/sec=198.152   simsec/sec=0.999999   ev/simsec=198.152
     Messages:  created: 17657   present: 10   in FES: 6
** Event #139776   t=634.555210296531   Elapsed: 634.499s (10m 34s)  10% completed  (10% total)
     Speed:     ev/sec=153.843   simsec/sec=1   ev/simsec=153.843
     Messages:  created: 17720   present: 8   in FES: 5
** Event #140288   t=638.801206154601   Elapsed: 638.745s (10m 38s)  10% completed  (10% total)
     Speed:     ev/sec=120.584   simsec/sec=0.999997   ev/simsec=120.584
     Messages:  created: 17784   present: 8   in FES: 5
** Event #140544   t=640.829431576279   Elapsed: 640.773s (10m 40s)  10% completed  (10% total)
     Speed:     ev/sec=126.219   simsec/sec=1.00001   ev/simsec=126.219
     Messages:  created: 17817   present: 9   in FES: 6
** Event #141056   t=644.052679263679   Elapsed: 643.996s (10m 43s)  10% completed  (10% total)
     Speed:     ev/sec=158.846   simsec/sec=1   ev/simsec=158.846
     Messages:  created: 17880   present: 8   in FES: 5
** Event #141568   t=647.713391323493   Elapsed: 647.657s (10m 47s)  10% completed  (10% total)
     Speed:     ev/sec=139.863   simsec/sec=1   ev/simsec=139.863
     Messages:  created: 17944   present: 8   in FES: 5
** Event #142080   t=650.367782634258   Elapsed: 650.311s (10m 50s)  10% completed  (10% total)
     Speed:     ev/sec=192.888   simsec/sec=1   ev/simsec=192.888
     Messages:  created: 18009   present: 9   in FES: 6
** Event #142592   t=652.924473902508   Elapsed: 652.868s (10m 52s)  10% completed  (10% total)
     Speed:     ev/sec=200.259   simsec/sec=0.999999   ev/simsec=200.259
     Messages:  created: 18073   present: 10   in FES: 6
** Event #143104   t=656.063380741751   Elapsed: 656.007s (10m 56s)  10% completed  (10% total)
     Speed:     ev/sec=163.114   simsec/sec=1   ev/simsec=163.114
     Messages:  created: 18137   present: 9   in FES: 6
** Event #143616   t=658.764653508423   Elapsed: 658.708s (10m 58s)  10% completed  (10% total)
     Speed:     ev/sec=189.54   simsec/sec=0.999999   ev/simsec=189.54
     Messages:  created: 18201   present: 10   in FES: 7
t=660.834986 executing removeServer()
** Event #144384   t=661.109868217666   Elapsed: 661.053s (11m 01s)  10% completed  (10% total)
     Speed:     ev/sec=327.476   simsec/sec=1   ev/simsec=327.475
     Messages:  created: 18303   present: 26   in FES: 7
scheduled complete remove at 661.180738094772
** Event #144896   t=663.58831435559   Elapsed: 663.532s (11m 03s)  10% completed  (10% total)
     Speed:     ev/sec=206.581   simsec/sec=1   ev/simsec=206.581
     Messages:  created: 18368   present: 24   in FES: 6
** Event #145408   t=666.325648357268   Elapsed: 666.269s (11m 06s)  10% completed  (10% total)
     Speed:     ev/sec=187.043   simsec/sec=1   ev/simsec=187.043
     Messages:  created: 18430   present: 20   in FES: 6
** Event #145920   t=668.832347881474   Elapsed: 668.776s (11m 08s)  10% completed  (10% total)
     Speed:     ev/sec=204.252   simsec/sec=0.999999   ev/simsec=204.253
     Messages:  created: 18492   present: 13   in FES: 6
** Event #146432   t=671.509839309183   Elapsed: 671.453s (11m 11s)  10% completed  (10% total)
     Speed:     ev/sec=191.224   simsec/sec=1   ev/simsec=191.224
     Messages:  created: 18556   present: 14   in FES: 6
** Event #146944   t=673.776163148045   Elapsed: 673.72s (11m 13s)  10% completed  (10% total)
     Speed:     ev/sec=225.916   simsec/sec=0.999999   ev/simsec=225.917
     Messages:  created: 18623   present: 23   in FES: 6
** Event #147456   t=676.20112287359   Elapsed: 676.144s (11m 16s)  10% completed  (10% total)
     Speed:     ev/sec=211.138   simsec/sec=1   ev/simsec=211.138
     Messages:  created: 18687   present: 23   in FES: 6
** Event #147968   t=678.464987358823   Elapsed: 678.408s (11m 18s)  10% completed  (10% total)
     Speed:     ev/sec=226.162   simsec/sec=0.999999   ev/simsec=226.162
     Messages:  created: 18754   present: 31   in FES: 6
** Event #148480   t=680.976828013548   Elapsed: 680.92s (11m 20s)  10% completed  (10% total)
     Speed:     ev/sec=203.835   simsec/sec=1   ev/simsec=203.835
     Messages:  created: 18814   present: 20   in FES: 6
** Event #148992   t=683.611676372266   Elapsed: 683.555s (11m 23s)  10% completed  (10% total)
     Speed:     ev/sec=194.319   simsec/sec=1   ev/simsec=194.319
     Messages:  created: 18879   present: 23   in FES: 6
** Event #149504   t=686.543969638228   Elapsed: 686.487s (11m 26s)  10% completed  (10% total)
     Speed:     ev/sec=174.607   simsec/sec=0.999999   ev/simsec=174.607
     Messages:  created: 18937   present: 7   in FES: 5
** Event #149760   t=688.688293918843   Elapsed: 688.632s (11m 28s)  10% completed  (10% total)
     Speed:     ev/sec=119.385   simsec/sec=1   ev/simsec=119.385
     Messages:  created: 18970   present: 8   in FES: 6
** Event #150016   t=691.637465789937   Elapsed: 691.599s (11m 31s)  10% completed  (10% total)
     Speed:     ev/sec=86.2697   simsec/sec=0.993844   ev/simsec=86.804
     Messages:  created: 19002   present: 9   in FES: 5
** Event #150528   t=694.538302067485   Elapsed: 694.482s (11m 34s)  11% completed  (11% total)
     Speed:     ev/sec=177.619   simsec/sec=1.00634   ev/simsec=176.501
     Messages:  created: 19068   present: 14   in FES: 6
** Event #151040   t=696.765698488157   Elapsed: 696.709s (11m 36s)  11% completed  (11% total)
     Speed:     ev/sec=229.865   simsec/sec=1   ev/simsec=229.865
     Messages:  created: 19137   present: 28   in FES: 6
** Event #151552   t=699.687939430574   Elapsed: 699.631s (11m 39s)  11% completed  (11% total)
     Speed:     ev/sec=175.208   simsec/sec=1   ev/simsec=175.208
     Messages:  created: 19207   present: 43   in FES: 6
** Event #152064   t=701.866118016936   Elapsed: 701.809s (11m 41s)  11% completed  (11% total)
     Speed:     ev/sec=235.059   simsec/sec=1   ev/simsec=235.059
     Messages:  created: 19277   present: 59   in FES: 6
** Event #152576   t=704.345864079147   Elapsed: 704.289s (11m 44s)  11% completed  (11% total)
     Speed:     ev/sec=206.473   simsec/sec=1   ev/simsec=206.473
     Messages:  created: 19339   present: 53   in FES: 6
** Event #153088   t=706.874925824136   Elapsed: 706.85s (11m 46s)  11% completed  (11% total)
     Speed:     ev/sec=199.961   simsec/sec=0.98772   ev/simsec=202.447
     Messages:  created: 19395   present: 33   in FES: 5
** Event #153600   t=710.444295088877   Elapsed: 710.388s (11m 50s)  11% completed  (11% total)
     Speed:     ev/sec=144.717   simsec/sec=1.00889   ev/simsec=143.443
     Messages:  created: 19449   present: 7   in FES: 5
** Event #154112   t=713.456452035832   Elapsed: 713.422s (11m 53s)  11% completed  (11% total)
     Speed:     ev/sec=168.746   simsec/sec=0.992754   ev/simsec=169.978
     Messages:  created: 19520   present: 25   in FES: 5
** Event #154624   t=716.409280745211   Elapsed: 716.364s (11m 56s)  11% completed  (11% total)
     Speed:     ev/sec=174.019   simsec/sec=1.00361   ev/simsec=173.393
     Messages:  created: 19578   present: 9   in FES: 5
** Event #155136   t=719.052966939228   Elapsed: 718.996s (11m 58s)  11% completed  (11% total)
     Speed:     ev/sec=194.506   simsec/sec=1.00432   ev/simsec=193.669
     Messages:  created: 19644   present: 13   in FES: 6
** Event #155648   t=722.211550213089   Elapsed: 722.155s (12m 02s)  11% completed  (11% total)
     Speed:     ev/sec=162.098   simsec/sec=0.999999   ev/simsec=162.098
     Messages:  created: 19706   present: 10   in FES: 6
** Event #156160   t=725.084232983446   Elapsed: 725.04s (12m 05s)  11% completed  (11% total)
     Speed:     ev/sec=177.492   simsec/sec=0.995859   ev/simsec=178.231
     Messages:  created: 19769   present: 8   in FES: 5
** Event #156672   t=728.445808581062   Elapsed: 728.389s (12m 08s)  11% completed  (11% total)
     Speed:     ev/sec=152.853   simsec/sec=1.00357   ev/simsec=152.31
     Messages:  created: 19834   present: 10   in FES: 6
** Event #157184   t=731.371286914675   Elapsed: 731.315s (12m 11s)  11% completed  (11% total)
     Speed:     ev/sec=175.014   simsec/sec=1   ev/simsec=175.014
     Messages:  created: 19901   present: 18   in FES: 6
** Event #157696   t=733.957601871769   Elapsed: 733.901s (12m 13s)  11% completed  (11% total)
     Speed:     ev/sec=197.965   simsec/sec=1   ev/simsec=197.965
     Messages:  created: 19969   present: 28   in FES: 6
** Event #158208   t=736.239440631096   Elapsed: 736.186s (12m 16s)  11% completed  (11% total)
     Speed:     ev/sec=224.112   simsec/sec=0.998804   ev/simsec=224.38
     Messages:  created: 20037   present: 40   in FES: 5
** Event #158720   t=738.361203204088   Elapsed: 738.305s (12m 18s)  11% completed  (11% total)
     Speed:     ev/sec=241.62   simsec/sec=1.00129   ev/simsec=241.309
     Messages:  created: 20106   present: 54   in FES: 6
** Event #159488   t=741.157657744352   Elapsed: 741.101s (12m 21s)  11% completed  (11% total)
     Speed:     ev/sec=274.634   simsec/sec=1   ev/simsec=274.633
     Messages:  created: 20226   present: 114   in FES: 6
** Event #160000   t=743.304415464896   Elapsed: 743.248s (12m 23s)  11% completed  (11% total)
     Speed:     ev/sec=238.499   simsec/sec=0.999999   ev/simsec=238.499
     Messages:  created: 20308   present: 151   in FES: 7
** Event #160512   t=745.431963325562   Elapsed: 745.375s (12m 25s)  11% completed  (11% total)
     Speed:     ev/sec=240.653   simsec/sec=1   ev/simsec=240.653
     Messages:  created: 20376   present: 158   in FES: 6
** Event #161280   t=748.422000153396   Elapsed: 748.365s (12m 28s)  11% completed  (11% total)
     Speed:     ev/sec=256.853   simsec/sec=1   ev/simsec=256.853
     Messages:  created: 20496   present: 206   in FES: 6
** Event #161792   t=751.021318667473   Elapsed: 750.965s (12m 30s)  11% completed  (11% total)
     Speed:     ev/sec=196.975   simsec/sec=1   ev/simsec=196.975
     Messages:  created: 20559   present: 205   in FES: 7
** Event #162304   t=753.454692436825   Elapsed: 753.398s (12m 33s)  11% completed  (11% total)
     Speed:     ev/sec=210.407   simsec/sec=0.999999   ev/simsec=210.407
     Messages:  created: 20628   present: 215   in FES: 7
** Event #162816   t=755.980443443437   Elapsed: 755.924s (12m 35s)  11% completed  (11% total)
     Speed:     ev/sec=202.712   simsec/sec=1   ev/simsec=202.712
     Messages:  created: 20697   present: 224   in FES: 6
** Event #163328   t=758.097345717108   Elapsed: 758.041s (12m 38s)  12% completed  (12% total)
     Speed:     ev/sec=241.863   simsec/sec=1   ev/simsec=241.863
     Messages:  created: 20762   present: 226   in FES: 6
** Event #163840   t=760.574942267423   Elapsed: 760.518s (12m 40s)  12% completed  (12% total)
     Speed:     ev/sec=206.652   simsec/sec=0.999999   ev/simsec=206.652
     Messages:  created: 20829   present: 233   in FES: 7
** Event #164352   t=763.367342771894   Elapsed: 763.311s (12m 43s)  12% completed  (12% total)
     Speed:     ev/sec=183.355   simsec/sec=1   ev/simsec=183.355
     Messages:  created: 20892   present: 230   in FES: 6
** Event #164864   t=767.327535823011   Elapsed: 767.271s (12m 47s)  12% completed  (12% total)
     Speed:     ev/sec=129.287   simsec/sec=1   ev/simsec=129.287
     Messages:  created: 20933   present: 185   in FES: 7
** Event #165376   t=770.55308086558   Elapsed: 770.496s (12m 50s)  12% completed  (12% total)
     Speed:     ev/sec=158.733   simsec/sec=1   ev/simsec=158.733
     Messages:  created: 20984   present: 159   in FES: 7
** Event #165888   t=773.76829279838   Elapsed: 773.712s (12m 53s)  12% completed  (12% total)
     Speed:     ev/sec=159.243   simsec/sec=1   ev/simsec=159.243
     Messages:  created: 21037   present: 137   in FES: 7
** Event #166400   t=776.557904292314   Elapsed: 776.501s (12m 56s)  12% completed  (12% total)
     Speed:     ev/sec=183.542   simsec/sec=1.00002   ev/simsec=183.538
     Messages:  created: 21090   present: 114   in FES: 6
** Event #167168   t=780.192681912876   Elapsed: 780.136s (13m 00s)  12% completed  (12% total)
     Speed:     ev/sec=211.289   simsec/sec=0.999985   ev/simsec=211.292
     Messages:  created: 21194   present: 131   in FES: 6
t=780.834979 executing addServer()
adding server with latency=60
** Event #167680   t=783.522876305467   Elapsed: 783.466s (13m 03s)  12% completed  (12% total)
     Speed:     ev/sec=153.745   simsec/sec=1   ev/simsec=153.745
     Messages:  created: 21245   present: 102   in FES: 7
** Event #168192   t=785.736634982954   Elapsed: 785.683s (13m 05s)  12% completed  (12% total)
     Speed:     ev/sec=231.012   simsec/sec=0.998839   ev/simsec=231.281
     Messages:  created: 21314   present: 114   in FES: 6
** Event #168704   t=788.272841526284   Elapsed: 788.248s (13m 08s)  12% completed  (12% total)
     Speed:     ev/sec=199.545   simsec/sec=0.98845   ev/simsec=201.876
     Messages:  created: 21382   present: 122   in FES: 6
** Event #169216   t=790.639528168905   Elapsed: 790.583s (13m 10s)  12% completed  (12% total)
     Speed:     ev/sec=219.321   simsec/sec=1.0138   ev/simsec=216.336
     Messages:  created: 21438   present: 105   in FES: 7
** Event #169728   t=792.801281597289   Elapsed: 792.759s (13m 12s)  12% completed  (12% total)
     Speed:     ev/sec=235.233   simsec/sec=0.993197   ev/simsec=236.845
     Messages:  created: 21513   present: 128   in FES: 6
** Event #170240   t=795.125960905722   Elapsed: 795.095s (13m 15s)  12% completed  (12% total)
     Speed:     ev/sec=219.26   simsec/sec=0.995528   ev/simsec=220.245
     Messages:  created: 21587   present: 148   in FES: 6
** Event #170752   t=797.737915457323   Elapsed: 797.728s (13m 17s)  12% completed  (12% total)
     Speed:     ev/sec=194.394   simsec/sec=0.991696   ev/simsec=196.022
     Messages:  created: 21633   present: 112   in FES: 6
** Event #171264   t=801.031510202345   Elapsed: 800.975s (13m 20s)  12% completed  (12% total)
     Speed:     ev/sec=157.71   simsec/sec=1.01452   ev/simsec=155.453
     Messages:  created: 21684   present: 79   in FES: 7
** Event #171776   t=803.569674446324   Elapsed: 803.526s (13m 23s)  12% completed  (12% total)
     Speed:     ev/sec=200.655   simsec/sec=0.994719   ev/simsec=201.721
     Messages:  created: 21741   present: 60   in FES: 6
** Event #172288   t=806.74828583036   Elapsed: 806.692s (13m 26s)  12% completed  (12% total)
     Speed:     ev/sec=161.762   simsec/sec=1.00426   ev/simsec=161.077
     Messages:  created: 21791   present: 23   in FES: 7
** Event #172544   t=809.697186604351   Elapsed: 809.641s (13m 29s)  12% completed  (12% total)
     Speed:     ev/sec=86.8114   simsec/sec=0.999993   ev/simsec=86.812
     Messages:  created: 21818   present: 10   in FES: 7
** Event #173056   t=812.468030135824   Elapsed: 812.419s (13m 32s)  12% completed  (12% total)
     Speed:     ev/sec=184.296   simsec/sec=0.997373   ev/simsec=184.781
     Messages:  created: 21889   present: 28   in FES: 6
** Event #173568   t=814.990543016226   Elapsed: 814.934s (13m 34s)  12% completed  (12% total)
     Speed:     ev/sec=203.563   simsec/sec=1.00291   ev/simsec=202.972
     Messages:  created: 21960   present: 46   in FES: 7
** Event #174080   t=818.960084461925   Elapsed: 818.903s (13m 38s)  12% completed  (12% total)
     Speed:     ev/sec=128.982   simsec/sec=1   ev/simsec=128.982
     Messages:  created: 22010   present: 10   in FES: 7
** Event #174336   t=820.988315995344   Elapsed: 820.934s (13m 40s)  13% completed  (13% total)
     Speed:     ev/sec=126.058   simsec/sec=0.998728   ev/simsec=126.218
     Messages:  created: 22043   present: 12   in FES: 6
** Event #174848   t=823.56047040019   Elapsed: 823.504s (13m 43s)  13% completed  (13% total)
     Speed:     ev/sec=199.255   simsec/sec=1.00101   ev/simsec=199.055
     Messages:  created: 22124   present: 56   in FES: 7
** Event #175360   t=826.692744385519   Elapsed: 826.636s (13m 46s)  13% completed  (13% total)
     Speed:     ev/sec=163.46   simsec/sec=1   ev/simsec=163.46
     Messages:  created: 22184   present: 47   in FES: 7
** Event #175872   t=829.437271780507   Elapsed: 829.381s (13m 49s)  13% completed  (13% total)
     Speed:     ev/sec=186.553   simsec/sec=1   ev/simsec=186.553
     Messages:  created: 22243   present: 32   in FES: 7
** Event #176384   t=831.848573014658   Elapsed: 831.792s (13m 51s)  13% completed  (13% total)
     Speed:     ev/sec=212.333   simsec/sec=1   ev/simsec=212.333
     Messages:  created: 22300   present: 15   in FES: 7
** Event #176896   t=834.479112627249   Elapsed: 834.422s (13m 54s)  13% completed  (13% total)
     Speed:     ev/sec=194.637   simsec/sec=1   ev/simsec=194.637
     Messages:  created: 22365   present: 17   in FES: 7
** Event #177408   t=836.765766655125   Elapsed: 836.709s (13m 56s)  13% completed  (13% total)
     Speed:     ev/sec=223.908   simsec/sec=1   ev/simsec=223.908
     Messages:  created: 22434   present: 30   in FES: 7
** Event #177920   t=839.990266998807   Elapsed: 839.934s (13m 59s)  13% completed  (13% total)
     Speed:     ev/sec=158.784   simsec/sec=1   ev/simsec=158.784
     Messages:  created: 22490   present: 10   in FES: 7
t=840.834979 addServer() complete
t=840.835 executing setDimmer(0.75)
** Event #178432   t=842.998034675935   Elapsed: 842.941s (14m 02s)  13% completed  (13% total)
     Speed:     ev/sec=170.226   simsec/sec=0.999999   ev/simsec=170.226
     Messages:  created: 22554   present: 11   in FES: 7
** Event #178944   t=847.267314899354   Elapsed: 847.234s (14m 07s)  13% completed  (13% total)
     Speed:     ev/sec=119.283   simsec/sec=0.994636   ev/simsec=119.927
     Messages:  created: 22617   present: 8   in FES: 5
** Event #179456   t=852.643338161488   Elapsed: 852.596s (14m 12s)  13% completed  (13% total)
     Speed:     ev/sec=95.4808   simsec/sec=1.00255   ev/simsec=95.2377
     Messages:  created: 22681   present: 8   in FES: 5
** Event #179968   t=856.194850972921   Elapsed: 856.145s (14m 16s)  13% completed  (13% total)
     Speed:     ev/sec=144.275   simsec/sec=1.00077   ev/simsec=144.164
     Messages:  created: 22745   present: 8   in FES: 5
** Event #180480   t=858.88673043648   Elapsed: 858.843s (14m 18s)  13% completed  (13% total)
     Speed:     ev/sec=189.784   simsec/sec=0.997805   ev/simsec=190.202
     Messages:  created: 22809   present: 8   in FES: 5
** Event #181248   t=861.641588711463   Elapsed: 861.628s (14m 21s)  13% completed  (13% total)
     Speed:     ev/sec=275.748   simsec/sec=0.989123   ev/simsec=278.78
     Messages:  created: 22905   present: 8   in FES: 5
** Event #182016   t=864.331544178204   Elapsed: 864.275s (14m 24s)  13% completed  (13% total)
     Speed:     ev/sec=290.124   simsec/sec=1.01617   ev/simsec=285.507
     Messages:  created: 23005   present: 18   in FES: 7
** Event #182784   t=866.802510237968   Elapsed: 866.746s (14m 26s)  13% completed  (13% total)
     Speed:     ev/sec=310.81   simsec/sec=1   ev/simsec=310.81
     Messages:  created: 23099   present: 14   in FES: 7
** Event #183296   t=869.239384618669   Elapsed: 869.183s (14m 29s)  13% completed  (13% total)
     Speed:     ev/sec=210.105   simsec/sec=1   ev/simsec=210.105
     Messages:  created: 23162   present: 10   in FES: 6
** Event #183808   t=871.677216078664   Elapsed: 871.621s (14m 31s)  13% completed  (13% total)
     Speed:     ev/sec=210.023   simsec/sec=1   ev/simsec=210.023
     Messages:  created: 23226   present: 10   in FES: 7
** Event #184064   t=873.753131380988   Elapsed: 873.712s (14m 33s)  13% completed  (13% total)
     Speed:     ev/sec=122.43   simsec/sec=0.992792   ev/simsec=123.319
     Messages:  created: 23257   present: 8   in FES: 5
** Event #184576   t=876.483115085064   Elapsed: 876.446s (14m 36s)  13% completed  (13% total)
     Speed:     ev/sec=187.235   simsec/sec=0.998339   ev/simsec=187.547
     Messages:  created: 23321   present: 8   in FES: 5
** Event #185344   t=879.739875470969   Elapsed: 879.683s (14m 39s)  13% completed  (13% total)
     Speed:     ev/sec=237.248   simsec/sec=1.00607   ev/simsec=235.817
     Messages:  created: 23418   present: 11   in FES: 7
** Event #186112   t=882.424717617301   Elapsed: 882.368s (14m 42s)  14% completed  (14% total)
     Speed:     ev/sec=286.048   simsec/sec=0.999991   ev/simsec=286.05
     Messages:  created: 23514   present: 10   in FES: 7
** Event #186624   t=886.090700014133   Elapsed: 886.036s (14m 46s)  14% completed  (14% total)
     Speed:     ev/sec=139.583   simsec/sec=0.999432   ev/simsec=139.662
     Messages:  created: 23577   present: 8   in FES: 5
** Event #186880   t=888.275683837434   Elapsed: 888.219s (14m 48s)  14% completed  (14% total)
     Speed:     ev/sec=117.254   simsec/sec=1.00077   ev/simsec=117.163
     Messages:  created: 23609   present: 8   in FES: 5
** Event #187136   t=890.540498729022   Elapsed: 890.485s (14m 50s)  14% completed  (14% total)
     Speed:     ev/sec=113.017   simsec/sec=0.999852   ev/simsec=113.034
     Messages:  created: 23641   present: 8   in FES: 5
** Event #187392   t=893.00922848432   Elapsed: 892.975s (14m 52s)  14% completed  (14% total)
     Speed:     ev/sec=102.786   simsec/sec=0.99121   ev/simsec=103.697
     Messages:  created: 23673   present: 8   in FES: 5
** Event #187648   t=895.997678232885   Elapsed: 895.964s (14m 55s)  14% completed  (14% total)
     Speed:     ev/sec=85.6598   simsec/sec=0.99996   ev/simsec=85.6631
     Messages:  created: 23705   present: 8   in FES: 5
** Event #187904   t=898.394679279563   Elapsed: 898.384s (14m 58s)  14% completed  (14% total)
     Speed:     ev/sec=105.762   simsec/sec=0.990281   ev/simsec=106.8
     Messages:  created: 23737   present: 8   in FES: 5
** Event #188160   t=900.150759328585   Elapsed: 901.108s (15m 01s)  14% completed  (14% total)
     Speed:     ev/sec=93.9808   simsec/sec=0.644679   ev/simsec=145.779
     Messages:  created: 23769   present: 8   in FES: 5
t=901.304996 executing setDimmer(1)
** Event #188672   t=904.747390551794   Elapsed: 904.691s (15m 04s)  14% completed  (14% total)
     Speed:     ev/sec=142.918   simsec/sec=1.28309   ev/simsec=111.386
     Messages:  created: 23832   present: 8   in FES: 5
** Event #189184   t=907.746235291407   Elapsed: 907.69s (15m 07s)  14% completed  (14% total)
     Speed:     ev/sec=170.732   simsec/sec=1   ev/simsec=170.732
     Messages:  created: 23896   present: 8   in FES: 5
** Event #189696   t=910.940720609459   Elapsed: 910.884s (15m 10s)  14% completed  (14% total)
     Speed:     ev/sec=160.276   simsec/sec=1   ev/simsec=160.276
     Messages:  created: 23960   present: 8   in FES: 5
** Event #190208   t=914.16145812376   Elapsed: 914.135s (15m 14s)  14% completed  (14% total)
     Speed:     ev/sec=157.505   simsec/sec=0.990784   ev/simsec=158.97
     Messages:  created: 24025   present: 10   in FES: 6
** Event #190720   t=916.281830204799   Elapsed: 916.225s (15m 16s)  14% completed  (14% total)
     Speed:     ev/sec=244.928   simsec/sec=1.01433   ev/simsec=241.467
     Messages:  created: 24089   present: 9   in FES: 6
** Event #190976   t=918.809296273196   Elapsed: 918.753s (15m 18s)  14% completed  (14% total)
     Speed:     ev/sec=101.287   simsec/sec=1   ev/simsec=101.287
     Messages:  created: 24120   present: 8   in FES: 5
** Event #191232   t=921.288522466353   Elapsed: 921.232s (15m 21s)  14% completed  (14% total)
     Speed:     ev/sec=103.258   simsec/sec=1   ev/simsec=103.258
     Messages:  created: 24153   present: 9   in FES: 6
** Event #191744   t=924.512004667674   Elapsed: 924.467s (15m 24s)  14% completed  (14% total)
     Speed:     ev/sec=158.268   simsec/sec=0.996436   ev/simsec=158.834
     Messages:  created: 24217   present: 10   in FES: 6
** Event #192256   t=926.56042306021   Elapsed: 926.504s (15m 26s)  14% completed  (14% total)
     Speed:     ev/sec=251.364   simsec/sec=1.00566   ev/simsec=249.949
     Messages:  created: 24283   present: 15   in FES: 7
** Event #192768   t=929.613428333018   Elapsed: 929.557s (15m 29s)  14% completed  (14% total)
     Speed:     ev/sec=167.704   simsec/sec=1   ev/simsec=167.704
     Messages:  created: 24345   present: 9   in FES: 6
** Event #193280   t=932.495074837051   Elapsed: 932.438s (15m 32s)  14% completed  (14% total)
     Speed:     ev/sec=177.676   simsec/sec=1   ev/simsec=177.676
     Messages:  created: 24408   present: 8   in FES: 5
** Event #194048   t=935.453197774838   Elapsed: 935.397s (15m 35s)  14% completed  (14% total)
     Speed:     ev/sec=259.55   simsec/sec=0.999714   ev/simsec=259.624
     Messages:  created: 24505   present: 10   in FES: 6
** Event #194560   t=938.189787634602   Elapsed: 938.133s (15m 38s)  14% completed  (14% total)
     Speed:     ev/sec=187.152   simsec/sec=1.00031   ev/simsec=187.094
     Messages:  created: 24569   present: 9   in FES: 6
** Event #195072   t=941.203087484899   Elapsed: 941.146s (15m 41s)  14% completed  (14% total)
     Speed:     ev/sec=169.913   simsec/sec=1   ev/simsec=169.913
     Messages:  created: 24634   present: 12   in FES: 7
** Event #195584   t=944.435551788443   Elapsed: 944.379s (15m 44s)  14% completed  (14% total)
     Speed:     ev/sec=158.393   simsec/sec=1   ev/simsec=158.393
     Messages:  created: 24696   present: 8   in FES: 5
** Event #196096   t=947.528204791716   Elapsed: 947.473s (15m 47s)  15% completed  (15% total)
     Speed:     ev/sec=165.452   simsec/sec=0.999386   ev/simsec=165.554
     Messages:  created: 24761   present: 10   in FES: 6
** Event #196864   t=950.643710000186   Elapsed: 950.587s (15m 50s)  15% completed  (15% total)
     Speed:     ev/sec=246.659   simsec/sec=1.00061   ev/simsec=246.509
     Messages:  created: 24857   present: 9   in FES: 6
** Event #197376   t=953.65951309267   Elapsed: 953.603s (15m 53s)  15% completed  (15% total)
     Speed:     ev/sec=169.772   simsec/sec=1   ev/simsec=169.772
     Messages:  created: 24920   present: 8   in FES: 5
** Event #197888   t=955.943687265936   Elapsed: 955.887s (15m 55s)  15% completed  (15% total)
     Speed:     ev/sec=224.151   simsec/sec=1   ev/simsec=224.151
     Messages:  created: 24984   present: 8   in FES: 5
** Event #198400   t=958.42040816259   Elapsed: 958.364s (15m 58s)  15% completed  (15% total)
     Speed:     ev/sec=206.725   simsec/sec=1   ev/simsec=206.725
     Messages:  created: 25048   present: 8   in FES: 5
t=960.83498 executing removeServer()
scheduled complete remove at 960.84237229248
** Event #198912   t=961.295555053934   Elapsed: 961.239s (16m 01s)  15% completed  (15% total)
     Speed:     ev/sec=178.075   simsec/sec=0.999983   ev/simsec=178.078
     Messages:  created: 25116   present: 13   in FES: 6
** Event #199424   t=963.707088494478   Elapsed: 963.65s (16m 03s)  15% completed  (15% total)
     Speed:     ev/sec=212.316   simsec/sec=1.00001   ev/simsec=212.313
     Messages:  created: 25185   present: 27   in FES: 6
** Event #199936   t=966.762861908954   Elapsed: 966.706s (16m 06s)  15% completed  (15% total)
     Speed:     ev/sec=167.553   simsec/sec=1.00001   ev/simsec=167.552
     Messages:  created: 25242   present: 8   in FES: 6
** Event #200448   t=970.687361888395   Elapsed: 970.631s (16m 10s)  15% completed  (15% total)
     Speed:     ev/sec=130.463   simsec/sec=1   ev/simsec=130.462
     Messages:  created: 25306   present: 9   in FES: 6
** Event #200704   t=972.79710261902   Elapsed: 972.74s (16m 12s)  15% completed  (15% total)
     Speed:     ev/sec=121.342   simsec/sec=1   ev/simsec=121.342
     Messages:  created: 25338   present: 9   in FES: 6
** Event #200960   t=975.006468726088   Elapsed: 974.95s (16m 14s)  15% completed  (15% total)
     Speed:     ev/sec=115.87   simsec/sec=1   ev/simsec=115.87
     Messages:  created: 25371   present: 12   in FES: 6
** Event #201472   t=978.895786801063   Elapsed: 978.839s (16m 18s)  15% completed  (15% total)
     Speed:     ev/sec=131.643   simsec/sec=1   ev/simsec=131.643
     Messages:  created: 25434   present: 8   in FES: 6
** Event #201984   t=982.150136379757   Elapsed: 982.163s (16m 22s)  15% completed  (15% total)
     Speed:     ev/sec=154.035   simsec/sec=0.97907   ev/simsec=157.328
     Messages:  created: 25497   present: 6   in FES: 4
** Event #202240   t=984.137498933838   Elapsed: 984.178s (16m 24s)  15% completed  (15% total)
     Speed:     ev/sec=127.027   simsec/sec=0.98613   ev/simsec=128.814
     Messages:  created: 25529   present: 6   in FES: 4
** Event #202752   t=988.794118272452   Elapsed: 988.745s (16m 28s)  15% completed  (15% total)
     Speed:     ev/sec=112.117   simsec/sec=1.0197   ev/simsec=109.951
     Messages:  created: 25596   present: 14   in FES: 5
** Event #203264   t=991.215721764133   Elapsed: 991.159s (16m 31s)  15% completed  (15% total)
     Speed:     ev/sec=212.094   simsec/sec=1.00314   ev/simsec=211.43
     Messages:  created: 25667   present: 32   in FES: 6
** Event #204032   t=994.249052166954   Elapsed: 994.222s (16m 34s)  15% completed  (15% total)
     Speed:     ev/sec=250.778   simsec/sec=0.990484   ev/simsec=253.187
     Messages:  created: 25777   present: 70   in FES: 5
** Event #204544   t=996.671589538331   Elapsed: 996.62s (16m 36s)  15% completed  (15% total)
     Speed:     ev/sec=213.472   simsec/sec=1.01005   ev/simsec=211.349
     Messages:  created: 25835   present: 54   in FES: 5
** Event #205312   t=999.903092545621   Elapsed: 999.88s (16m 39s)  15% completed  (15% total)
     Speed:     ev/sec=235.594   simsec/sec=0.991307   ev/simsec=237.66
     Messages:  created: 25937   present: 70   in FES: 5
** Event #205824   t=1002.348281450559   Elapsed: 1002.29s (16m 42s)  15% completed  (15% total)
     Speed:     ev/sec=212.289   simsec/sec=1.01384   ev/simsec=209.391
     Messages:  created: 26003   present: 75   in FES: 6
** Event #206336   t=1004.400657017957   Elapsed: 1004.34s (16m 44s)  15% completed  (15% total)
     Speed:     ev/sec=249.467   simsec/sec=1   ev/simsec=249.467
     Messages:  created: 26075   present: 96   in FES: 6
** Event #206848   t=1006.823626821838   Elapsed: 1006.77s (16m 46s)  15% completed  (15% total)
     Speed:     ev/sec=210.984   simsec/sec=0.998452   ev/simsec=211.311
     Messages:  created: 26146   present: 113   in FES: 5
** Event #207360   t=1009.615821647053   Elapsed: 1009.57s (16m 49s)  16% completed  (16% total)
     Speed:     ev/sec=182.878   simsec/sec=0.997326   ev/simsec=183.368
     Messages:  created: 26208   present: 109   in FES: 5
** Event #208128   t=1012.837869595117   Elapsed: 1012.78s (16m 52s)  16% completed  (16% total)
     Speed:     ev/sec=239.029   simsec/sec=1.00282   ev/simsec=238.358
     Messages:  created: 26312   present: 125   in FES: 5
** Event #208640   t=1015.415679238179   Elapsed: 1015.37s (16m 55s)  16% completed  (16% total)
     Speed:     ev/sec=198.03   simsec/sec=0.997037   ev/simsec=198.618
     Messages:  created: 26373   present: 119   in FES: 5
** Event #209408   t=1018.142324785094   Elapsed: 1018.09s (16m 58s)  16% completed  (16% total)
     Speed:     ev/sec=282.594   simsec/sec=1.0033   ev/simsec=281.665
     Messages:  created: 26500   present: 181   in FES: 5
t=1020.83498 executing addServer()
adding server with latency=60
** Event #210176   t=1021.888266330833   Elapsed: 1021.83s (17m 01s)  16% completed  (16% total)
     Speed:     ev/sec=205.071   simsec/sec=1.00024   ev/simsec=205.022
     Messages:  created: 26613   present: 214   in FES: 7
** Event #210688   t=1024.117461833154   Elapsed: 1024.06s (17m 04s)  16% completed  (16% total)
     Speed:     ev/sec=229.68   simsec/sec=1   ev/simsec=229.679
     Messages:  created: 26675   present: 210   in FES: 7
** Event #211200   t=1027.2152166277   Elapsed: 1027.16s (17m 07s)  16% completed  (16% total)
     Speed:     ev/sec=165.281   simsec/sec=0.999999   ev/simsec=165.281
     Messages:  created: 26716   present: 165   in FES: 8
** Event #211712   t=1030.29037737453   Elapsed: 1030.23s (17m 10s)  16% completed  (16% total)
     Speed:     ev/sec=166.495   simsec/sec=1   ev/simsec=166.495
     Messages:  created: 26771   present: 146   in FES: 7
** Event #212224   t=1032.438079843942   Elapsed: 1032.38s (17m 12s)  16% completed  (16% total)
     Speed:     ev/sec=238.394   simsec/sec=1   ev/simsec=238.394
     Messages:  created: 26835   present: 147   in FES: 8
** Event #212736   t=1035.848831606837   Elapsed: 1035.79s (17m 15s)  16% completed  (16% total)
     Speed:     ev/sec=150.113   simsec/sec=0.999999   ev/simsec=150.114
     Messages:  created: 26880   present: 108   in FES: 7
** Event #213248   t=1038.918203770569   Elapsed: 1038.86s (17m 18s)  16% completed  (16% total)
     Speed:     ev/sec=166.81   simsec/sec=1   ev/simsec=166.809
     Messages:  created: 26923   present: 53   in FES: 7
** Event #213760   t=1041.428937498699   Elapsed: 1041.37s (17m 21s)  16% completed  (16% total)
     Speed:     ev/sec=203.924   simsec/sec=1   ev/simsec=203.924
     Messages:  created: 26979   present: 30   in FES: 7
** Event #214272   t=1043.974033815771   Elapsed: 1043.92s (17m 23s)  16% completed  (16% total)
     Speed:     ev/sec=201.171   simsec/sec=1   ev/simsec=201.171
     Messages:  created: 27039   present: 20   in FES: 7
** Event #214528   t=1046.332030426307   Elapsed: 1046.29s (17m 26s)  16% completed  (16% total)
     Speed:     ev/sec=107.834   simsec/sec=0.993247   ev/simsec=108.567
     Messages:  created: 27067   present: 10   in FES: 6
** Event #215040   t=1050.35284922188   Elapsed: 1050.3s (17m 30s)  16% completed  (16% total)
     Speed:     ev/sec=127.847   simsec/sec=1.004   ev/simsec=127.337
     Messages:  created: 27132   present: 12   in FES: 7
** Event #215552   t=1053.666984547328   Elapsed: 1053.61s (17m 33s)  16% completed  (16% total)
     Speed:     ev/sec=154.49   simsec/sec=1   ev/simsec=154.49
     Messages:  created: 27195   present: 9   in FES: 6
** Event #215808   t=1055.790407131197   Elapsed: 1055.73s (17m 35s)  16% completed  (16% total)
     Speed:     ev/sec=120.507   simsec/sec=0.999558   ev/simsec=120.56
     Messages:  created: 27227   present: 10   in FES: 6
** Event #216320   t=1059.682824128009   Elapsed: 1059.63s (17m 39s)  16% completed  (16% total)
     Speed:     ev/sec=131.57   simsec/sec=1.00024   ev/simsec=131.538
     Messages:  created: 27291   present: 9   in FES: 6
** Event #216832   t=1063.797438168971   Elapsed: 1063.74s (17m 43s)  16% completed  (16% total)
     Speed:     ev/sec=124.435   simsec/sec=1   ev/simsec=124.435
     Messages:  created: 27356   present: 13   in FES: 7
** Event #217088   t=1065.924522622619   Elapsed: 1065.87s (17m 45s)  16% completed  (16% total)
     Speed:     ev/sec=120.353   simsec/sec=1   ev/simsec=120.353
     Messages:  created: 27390   present: 17   in FES: 7
** Event #217600   t=1068.628650828293   Elapsed: 1068.57s (17m 48s)  16% completed  (16% total)
     Speed:     ev/sec=189.34   simsec/sec=1   ev/simsec=189.34
     Messages:  created: 27453   present: 14   in FES: 7
** Event #218112   t=1071.014933669601   Elapsed: 1070.96s (17m 50s)  17% completed  (17% total)
     Speed:     ev/sec=214.56   simsec/sec=1   ev/simsec=214.56
     Messages:  created: 27523   present: 31   in FES: 7
** Event #218624   t=1073.82671261674   Elapsed: 1073.78s (17m 53s)  17% completed  (17% total)
     Speed:     ev/sec=181.541   simsec/sec=0.99698   ev/simsec=182.091
     Messages:  created: 27582   present: 18   in FES: 6
** Event #219136   t=1076.803443198538   Elapsed: 1076.75s (17m 56s)  17% completed  (17% total)
     Speed:     ev/sec=172.488   simsec/sec=1.00283   ev/simsec=172.001
     Messages:  created: 27643   present: 9   in FES: 6
** Event #219648   t=1079.004300962724   Elapsed: 1078.95s (17m 58s)  17% completed  (17% total)
     Speed:     ev/sec=232.648   simsec/sec=1.00005   ev/simsec=232.637
     Messages:  created: 27712   present: 24   in FES: 7
t=1080.83498 addServer() complete
t=1080.834993 executing setDimmer(0.75)
** Event #220160   t=1082.295398735387   Elapsed: 1082.24s (18m 02s)  17% completed  (17% total)
     Speed:     ev/sec=155.571   simsec/sec=0.999998   ev/simsec=155.571
     Messages:  created: 27770   present: 9   in FES: 6
** Event #220672   t=1084.727538900225   Elapsed: 1084.67s (18m 04s)  17% completed  (17% total)
     Speed:     ev/sec=210.514   simsec/sec=1   ev/simsec=210.514
     Messages:  created: 27835   present: 12   in FES: 7
** Event #221184   t=1087.576496726475   Elapsed: 1087.52s (18m 07s)  17% completed  (17% total)
     Speed:     ev/sec=179.715   simsec/sec=1   ev/simsec=179.715
     Messages:  created: 27898   present: 8   in FES: 5
** Event #221696   t=1090.201578256872   Elapsed: 1090.14s (18m 10s)  17% completed  (17% total)
     Speed:     ev/sec=195.042   simsec/sec=1   ev/simsec=195.042
     Messages:  created: 27962   present: 9   in FES: 6
** Event #222208   t=1094.621002033865   Elapsed: 1094.56s (18m 14s)  17% completed  (17% total)
     Speed:     ev/sec=115.852   simsec/sec=1   ev/simsec=115.852
     Messages:  created: 28026   present: 8   in FES: 5
** Event #222720   t=1097.79600269987   Elapsed: 1097.74s (18m 17s)  17% completed  (17% total)
     Speed:     ev/sec=161.26   simsec/sec=1   ev/simsec=161.26
     Messages:  created: 28090   present: 8   in FES: 5
** Event #222976   t=1100.367752901463   Elapsed: 1100.31s (18m 20s)  17% completed  (17% total)
     Speed:     ev/sec=99.5406   simsec/sec=0.999975   ev/simsec=99.5431
     Messages:  created: 28122   present: 8   in FES: 5
** Event #223232   t=1103.427980157532   Elapsed: 1103.37s (18m 23s)  17% completed  (17% total)
     Speed:     ev/sec=83.6537   simsec/sec=0.999997   ev/simsec=83.6539
     Messages:  created: 28154   present: 8   in FES: 5
** Event #223488   t=1106.561942417678   Elapsed: 1106.51s (18m 26s)  17% completed  (17% total)
     Speed:     ev/sec=81.6876   simsec/sec=1.00002   ev/simsec=81.6857
     Messages:  created: 28186   present: 9   in FES: 6
** Event #223744   t=1108.991347596386   Elapsed: 1108.93s (18m 28s)  17% completed  (17% total)
     Speed:     ev/sec=105.374   simsec/sec=0.999989   ev/simsec=105.376
     Messages:  created: 28218   present: 8   in FES: 5
** Event #224000   t=1112.381164015905   Elapsed: 1112.32s (18m 32s)  17% completed  (17% total)
     Speed:     ev/sec=75.5185   simsec/sec=0.999976   ev/simsec=75.5203
     Messages:  created: 28250   present: 8   in FES: 5
** Event #224256   t=1114.796135883075   Elapsed: 1114.74s (18m 34s)  17% completed  (17% total)
     Speed:     ev/sec=106.01   simsec/sec=1.00004   ev/simsec=106.005
     Messages:  created: 28282   present: 8   in FES: 5
** Event #224512   t=1117.118453718607   Elapsed: 1117.06s (18m 37s)  17% completed  (17% total)
     Speed:     ev/sec=110.236   simsec/sec=1.00001   ev/simsec=110.235
     Messages:  created: 28314   present: 9   in FES: 6
** Event #224768   t=1119.158657448788   Elapsed: 1119.1s (18m 39s)  17% completed  (17% total)
     Speed:     ev/sec=125.469   simsec/sec=0.999931   ev/simsec=125.478
     Messages:  created: 28346   present: 8   in FES: 5
** Event #225024   t=1122.712147075243   Elapsed: 1122.66s (18m 42s)  17% completed  (17% total)
     Speed:     ev/sec=72.0438   simsec/sec=1.00003   ev/simsec=72.0419
     Messages:  created: 28378   present: 8   in FES: 5
** Event #225280   t=1125.720900110498   Elapsed: 1125.66s (18m 45s)  17% completed  (17% total)
     Speed:     ev/sec=85.0857   simsec/sec=1.00001   ev/simsec=85.0851
     Messages:  created: 28410   present: 8   in FES: 5
** Event #225792   t=1128.53165042567   Elapsed: 1128.48s (18m 48s)  17% completed  (17% total)
     Speed:     ev/sec=182.156   simsec/sec=0.999992   ev/simsec=182.158
     Messages:  created: 28474   present: 8   in FES: 5
** Event #226304   t=1131.758842492717   Elapsed: 1131.7s (18m 51s)  17% completed  (17% total)
     Speed:     ev/sec=158.653   simsec/sec=1.00001   ev/simsec=158.652
     Messages:  created: 28538   present: 8   in FES: 5
** Event #226560   t=1134.16414610422   Elapsed: 1134.11s (18m 54s)  18% completed  (18% total)
     Speed:     ev/sec=106.431   simsec/sec=1   ev/simsec=106.431
     Messages:  created: 28570   present: 8   in FES: 5
** Event #226816   t=1136.397806895976   Elapsed: 1136.34s (18m 56s)  18% completed  (18% total)
     Speed:     ev/sec=114.606   simsec/sec=0.999963   ev/simsec=114.61
     Messages:  created: 28602   present: 8   in FES: 5
** Event #227072   t=1139.640706780746   Elapsed: 1139.58s (18m 59s)  18% completed  (18% total)
     Speed:     ev/sec=78.9437   simsec/sec=1.00003   ev/simsec=78.9417
     Messages:  created: 28634   present: 8   in FES: 5
t=1140.835006 executing setDimmer(1)
** Event #227328   t=1142.294314965931   Elapsed: 1142.24s (19m 02s)  18% completed  (18% total)
     Speed:     ev/sec=96.4724   simsec/sec=1   ev/simsec=96.4724
     Messages:  created: 28666   present: 11   in FES: 7
** Event #227584   t=1145.593031914793   Elapsed: 1145.61s (19m 05s)  18% completed  (18% total)
     Speed:     ev/sec=75.8235   simsec/sec=0.977032   ev/simsec=77.6059
     Messages:  created: 28697   present: 8   in FES: 5
** Event #228096   t=1148.410706082789   Elapsed: 1148.35s (19m 08s)  18% completed  (18% total)
     Speed:     ev/sec=186.853   simsec/sec=1.0283   ev/simsec=181.71
     Messages:  created: 28762   present: 10   in FES: 7
** Event #228608   t=1152.659168637238   Elapsed: 1152.65s (19m 12s)  18% completed  (18% total)
     Speed:     ev/sec=119.252   simsec/sec=0.989523   ev/simsec=120.514
     Messages:  created: 28825   present: 8   in FES: 5
** Event #229120   t=1154.967206398855   Elapsed: 1154.92s (19m 14s)  18% completed  (18% total)
     Speed:     ev/sec=225.641   simsec/sec=1.01716   ev/simsec=221.833
     Messages:  created: 28889   present: 8   in FES: 5
** Event #229888   t=1157.339543661846   Elapsed: 1157.28s (19m 17s)  18% completed  (18% total)
     Speed:     ev/sec=324.558   simsec/sec=1.00255   ev/simsec=323.731
     Messages:  created: 28992   present: 27   in FES: 7
** Event #230656   t=1161.00419509715   Elapsed: 1160.96s (19m 20s)  18% completed  (18% total)
     Speed:     ev/sec=208.596   simsec/sec=0.995355   ev/simsec=209.57
     Messages:  created: 29081   present: 8   in FES: 5
** Event #231168   t=1163.535314734304   Elapsed: 1163.52s (19m 23s)  18% completed  (18% total)
     Speed:     ev/sec=200.359   simsec/sec=0.990492   ev/simsec=202.282
     Messages:  created: 29145   present: 8   in FES: 5
** Event #231680   t=1166.020891777259   Elapsed: 1165.96s (19m 25s)  18% completed  (18% total)
     Speed:     ev/sec=209.477   simsec/sec=1.01694   ev/simsec=205.988
     Messages:  created: 29210   present: 10   in FES: 6
** Event #232192   t=1169.015120057032   Elapsed: 1168.97s (19m 28s)  18% completed  (18% total)
     Speed:     ev/sec=170.117   simsec/sec=0.994864   ev/simsec=170.996
     Messages:  created: 29273   present: 8   in FES: 5
** Event #232704   t=1171.375030865669   Elapsed: 1171.32s (19m 31s)  18% completed  (18% total)
     Speed:     ev/sec=218.388   simsec/sec=1.00659   ev/simsec=216.957
     Messages:  created: 29338   present: 10   in FES: 7
** Event #233216   t=1174.229057214632   Elapsed: 1174.21s (19m 34s)  18% completed  (18% total)
     Speed:     ev/sec=176.828   simsec/sec=0.985685   ev/simsec=179.396
     Messages:  created: 29401   present: 8   in FES: 5
** Event #233728   t=1177.584244660632   Elapsed: 1177.53s (19m 37s)  18% completed  (18% total)
     Speed:     ev/sec=154.508   simsec/sec=1.01251   ev/simsec=152.6
     Messages:  created: 29466   present: 10   in FES: 7
** Event #234240   t=1179.797176712441   Elapsed: 1179.74s (19m 39s)  18% completed  (18% total)
     Speed:     ev/sec=231.367   simsec/sec=1   ev/simsec=231.367
     Messages:  created: 29535   present: 23   in FES: 7
** Event #234752   t=1182.162119376082   Elapsed: 1182.11s (19m 42s)  18% completed  (18% total)
     Speed:     ev/sec=216.496   simsec/sec=1   ev/simsec=216.496
     Messages:  created: 29594   present: 10   in FES: 7
** Event #235264   t=1184.39562922507   Elapsed: 1184.34s (19m 44s)  18% completed  (18% total)
     Speed:     ev/sec=229.235   simsec/sec=0.999999   ev/simsec=229.236
     Messages:  created: 29659   present: 13   in FES: 7
** Event #235520   t=1186.589904368709   Elapsed: 1186.55s (19m 46s)  18% completed  (18% total)
     Speed:     ev/sec=115.669   simsec/sec=0.991446   ev/simsec=116.667
     Messages:  created: 29689   present: 8   in FES: 5
** Event #236032   t=1189.555841256648   Elapsed: 1189.5s (19m 49s)  18% completed  (18% total)
     Speed:     ev/sec=173.736   simsec/sec=1.00642   ev/simsec=172.627
     Messages:  created: 29755   present: 12   in FES: 7
** Event #236544   t=1192.343814516274   Elapsed: 1192.33s (19m 52s)  18% completed  (18% total)
     Speed:     ev/sec=181.003   simsec/sec=0.98561   ev/simsec=183.646
     Messages:  created: 29817   present: 8   in FES: 5
** Event #236800   t=1195.507975584805   Elapsed: 1195.46s (19m 55s)  18% completed  (18% total)
     Speed:     ev/sec=81.7526   simsec/sec=1.01046   ev/simsec=80.9061
     Messages:  created: 29849   present: 8   in FES: 5
** Event #237056   t=1197.986022882448   Elapsed: 1197.95s (19m 57s)  19% completed  (19% total)
     Speed:     ev/sec=102.788   simsec/sec=0.994978   ev/simsec=103.307
     Messages:  created: 29881   present: 8   in FES: 5
t=1200.834982 executing removeServer()
scheduled complete remove at 1200.834982
** Event #237312   t=1201.033364577614   Elapsed: 1200.98s (20m 00s)  19% completed  (19% total)
     Speed:     ev/sec=84.5751   simsec/sec=1.00676   ev/simsec=84.0076
     Messages:  created: 29914   present: 7   in FES: 5
** Event #237568   t=1204.945713828537   Elapsed: 1204.89s (20m 04s)  19% completed  (19% total)
     Speed:     ev/sec=65.4338   simsec/sec=1   ev/simsec=65.4338
     Messages:  created: 29947   present: 8   in FES: 6
** Event #237824   t=1207.361288493223   Elapsed: 1207.3s (20m 07s)  19% completed  (19% total)
     Speed:     ev/sec=105.979   simsec/sec=1   ev/simsec=105.979
     Messages:  created: 29979   present: 8   in FES: 6
** Event #238080   t=1210.480809761468   Elapsed: 1210.42s (20m 10s)  19% completed  (19% total)
     Speed:     ev/sec=82.0639   simsec/sec=1   ev/simsec=82.0639
     Messages:  created: 30012   present: 11   in FES: 6
** Event #238592   t=1214.645917575063   Elapsed: 1214.59s (20m 14s)  19% completed  (19% total)
     Speed:     ev/sec=122.926   simsec/sec=1   ev/simsec=122.926
     Messages:  created: 30075   present: 8   in FES: 6
** Event #238848   t=1217.23841603094   Elapsed: 1217.18s (20m 17s)  19% completed  (19% total)
     Speed:     ev/sec=98.7465   simsec/sec=1   ev/simsec=98.7464
     Messages:  created: 30107   present: 8   in FES: 6
** Event #239360   t=1220.350145259716   Elapsed: 1220.29s (20m 20s)  19% completed  (19% total)
     Speed:     ev/sec=164.539   simsec/sec=0.999999   ev/simsec=164.539
     Messages:  created: 30170   present: 7   in FES: 5
** Event #239872   t=1223.759557912281   Elapsed: 1223.7s (20m 23s)  19% completed  (19% total)
     Speed:     ev/sec=150.173   simsec/sec=1   ev/simsec=150.172
     Messages:  created: 30237   present: 14   in FES: 6
** Event #240384   t=1228.080173729307   Elapsed: 1228.02s (20m 28s)  19% completed  (19% total)
     Speed:     ev/sec=118.502   simsec/sec=1   ev/simsec=118.502
     Messages:  created: 30298   present: 7   in FES: 5
** Event #240640   t=1231.685680116419   Elapsed: 1231.63s (20m 31s)  19% completed  (19% total)
     Speed:     ev/sec=71.0025   simsec/sec=1   ev/simsec=71.0025
     Messages:  created: 30330   present: 7   in FES: 5
** Event #240896   t=1234.096450267621   Elapsed: 1234.04s (20m 34s)  19% completed  (19% total)
     Speed:     ev/sec=106.19   simsec/sec=1   ev/simsec=106.19
     Messages:  created: 30362   present: 7   in FES: 5
** Event #241408   t=1238.940120308831   Elapsed: 1238.88s (20m 38s)  19% completed  (19% total)
     Speed:     ev/sec=105.705   simsec/sec=1   ev/simsec=105.705
     Messages:  created: 30427   present: 10   in FES: 6
** Event #241920   t=1242.635573360641   Elapsed: 1242.58s (20m 42s)  19% completed  (19% total)
     Speed:     ev/sec=138.549   simsec/sec=1   ev/simsec=138.549
     Messages:  created: 30491   present: 8   in FES: 6
** Event #242176   t=1244.728490461809   Elapsed: 1244.67s (20m 44s)  19% completed  (19% total)
     Speed:     ev/sec=122.317   simsec/sec=1   ev/simsec=122.317
     Messages:  created: 30523   present: 10   in FES: 6
** Event #242688   t=1249.940692238248   Elapsed: 1249.88s (20m 49s)  19% completed  (19% total)
     Speed:     ev/sec=98.2311   simsec/sec=1   ev/simsec=98.231
     Messages:  created: 30587   present: 8   in FES: 6
** Event #243200   t=1252.290813478491   Elapsed: 1252.23s (20m 52s)  19% completed  (19% total)
     Speed:     ev/sec=217.861   simsec/sec=1   ev/simsec=217.861
     Messages:  created: 30658   present: 27   in FES: 6
** Event #243712   t=1254.464654024341   Elapsed: 1254.41s (20m 54s)  19% completed  (19% total)
     Speed:     ev/sec=235.528   simsec/sec=1   ev/simsec=235.528
     Messages:  created: 30729   present: 47   in FES: 6
** Event #244224   t=1256.599748615617   Elapsed: 1256.54s (20m 56s)  19% completed  (19% total)
     Speed:     ev/sec=239.797   simsec/sec=0.999979   ev/simsec=239.802
     Messages:  created: 30803   present: 73   in FES: 6
** Event #244736   t=1259.300883790984   Elapsed: 1259.24s (20m 59s)  19% completed  (19% total)
     Speed:     ev/sec=189.555   simsec/sec=1.00003   ev/simsec=189.55
     Messages:  created: 30855   present: 41   in FES: 6
** Event #245248   t=1262.708125246649   Elapsed: 1262.66s (21m 02s)  20% completed  (20% total)
     Speed:     ev/sec=149.972   simsec/sec=0.998026   ev/simsec=150.268
     Messages:  created: 30907   present: 11   in FES: 5
** Event #245504   t=1265.720136863688   Elapsed: 1265.66s (21m 05s)  20% completed  (20% total)
     Speed:     ev/sec=85.1828   simsec/sec=1.00223   ev/simsec=84.993
     Messages:  created: 30938   present: 7   in FES: 5
** Event #246016   t=1270.139832497607   Elapsed: 1270.08s (21m 10s)  20% completed  (20% total)
     Speed:     ev/sec=115.845   simsec/sec=1   ev/simsec=115.845
     Messages:  created: 31002   present: 7   in FES: 5
** Event #246272   t=1272.628603754978   Elapsed: 1272.57s (21m 12s)  20% completed  (20% total)
     Speed:     ev/sec=102.862   simsec/sec=1   ev/simsec=102.862
     Messages:  created: 31034   present: 7   in FES: 5
** Event #246528   t=1274.69123492055   Elapsed: 1274.63s (21m 14s)  20% completed  (20% total)
     Speed:     ev/sec=124.113   simsec/sec=1   ev/simsec=124.113
     Messages:  created: 31067   present: 10   in FES: 6
** Event #247040   t=1277.73462511752   Elapsed: 1277.68s (21m 17s)  20% completed  (20% total)
     Speed:     ev/sec=168.233   simsec/sec=0.999999   ev/simsec=168.233
     Messages:  created: 31130   present: 8   in FES: 6
** Event #247552   t=1281.05478665356   Elapsed: 1281s (21m 20s)  20% completed  (20% total)
     Speed:     ev/sec=154.209   simsec/sec=0.999998   ev/simsec=154.209
     Messages:  created: 31194   present: 7   in FES: 5
** Event #248064   t=1284.749754050976   Elapsed: 1284.69s (21m 24s)  20% completed  (20% total)
     Speed:     ev/sec=138.567   simsec/sec=1   ev/simsec=138.567
     Messages:  created: 31258   present: 7   in FES: 5
** Event #248320   t=1287.091453267349   Elapsed: 1287.03s (21m 27s)  20% completed  (20% total)
     Speed:     ev/sec=109.322   simsec/sec=1   ev/simsec=109.322
     Messages:  created: 31290   present: 8   in FES: 6
** Event #248576   t=1289.510688969908   Elapsed: 1289.45s (21m 29s)  20% completed  (20% total)
     Speed:     ev/sec=105.818   simsec/sec=0.999994   ev/simsec=105.819
     Messages:  created: 31322   present: 8   in FES: 6
** Event #249088   t=1292.399438340213   Elapsed: 1292.34s (21m 32s)  20% completed  (20% total)
     Speed:     ev/sec=177.24   simsec/sec=1.00001   ev/simsec=177.239
     Messages:  created: 31386   present: 9   in FES: 6
** Event #249600   t=1296.479498684377   Elapsed: 1296.42s (21m 36s)  20% completed  (20% total)
     Speed:     ev/sec=125.488   simsec/sec=1   ev/simsec=125.488
     Messages:  created: 31450   present: 7   in FES: 5
** Event #250112   t=1298.913225657263   Elapsed: 1298.86s (21m 38s)  20% completed  (20% total)
     Speed:     ev/sec=210.377   simsec/sec=1   ev/simsec=210.377
     Messages:  created: 31521   present: 26   in FES: 6
** Event #250624   t=1302.02855844416   Elapsed: 1301.97s (21m 41s)  20% completed  (20% total)
     Speed:     ev/sec=164.343   simsec/sec=0.999967   ev/simsec=164.348
     Messages:  created: 31578   present: 7   in FES: 5
** Event #250880   t=1304.242150332721   Elapsed: 1304.19s (21m 44s)  20% completed  (20% total)
     Speed:     ev/sec=115.648   simsec/sec=0.999988   ev/simsec=115.649
     Messages:  created: 31610   present: 7   in FES: 5
** Event #251392   t=1307.716914602052   Elapsed: 1307.66s (21m 47s)  20% completed  (20% total)
     Speed:     ev/sec=147.351   simsec/sec=1.00002   ev/simsec=147.348
     Messages:  created: 31677   present: 15   in FES: 6
** Event #251904   t=1311.265940703617   Elapsed: 1311.21s (21m 51s)  20% completed  (20% total)
     Speed:     ev/sec=144.267   simsec/sec=1.00002   ev/simsec=144.265
     Messages:  created: 31738   present: 8   in FES: 6
** Event #252416   t=1315.463844385818   Elapsed: 1315.41s (21m 55s)  20% completed  (20% total)
     Speed:     ev/sec=121.965   simsec/sec=0.999998   ev/simsec=121.966
     Messages:  created: 31802   present: 7   in FES: 5
** Event #252672   t=1318.080400528047   Elapsed: 1318.02s (21m 58s)  20% completed  (20% total)
     Speed:     ev/sec=97.8388   simsec/sec=1   ev/simsec=97.8385
     Messages:  created: 31834   present: 8   in FES: 6
** Event #252928   t=1320.963028766164   Elapsed: 1320.91s (22m 00s)  20% completed  (20% total)
     Speed:     ev/sec=88.8079   simsec/sec=1   ev/simsec=88.8078
     Messages:  created: 31865   present: 8   in FES: 6
** Event #253184   t=1323.366790056468   Elapsed: 1323.31s (22m 03s)  21% completed  (21% total)
     Speed:     ev/sec=106.5   simsec/sec=1   ev/simsec=106.5
     Messages:  created: 31903   present: 24   in FES: 6
** Event #253696   t=1325.620346771046   Elapsed: 1325.56s (22m 05s)  21% completed  (21% total)
     Speed:     ev/sec=227.196   simsec/sec=1   ev/simsec=227.196
     Messages:  created: 31971   present: 33   in FES: 6
** Event #254208   t=1329.654827873017   Elapsed: 1329.6s (22m 09s)  21% completed  (21% total)
     Speed:     ev/sec=126.902   simsec/sec=0.999971   ev/simsec=126.906
     Messages:  created: 32025   present: 7   in FES: 5
** Event #254464   t=1332.836188805557   Elapsed: 1332.82s (22m 12s)  21% completed  (21% total)
     Speed:     ev/sec=79.3973   simsec/sec=0.986685   ev/simsec=80.4687
     Messages:  created: 32058   present: 10   in FES: 5
** Event #254976   t=1336.599936809272   Elapsed: 1336.54s (22m 16s)  21% completed  (21% total)
     Speed:     ev/sec=137.609   simsec/sec=1.01157   ev/simsec=136.035
     Messages:  created: 32122   present: 9   in FES: 6
** Event #255488   t=1339.933573574824   Elapsed: 1339.89s (22m 19s)  21% completed  (21% total)
     Speed:     ev/sec=152.969   simsec/sec=0.995984   ev/simsec=153.586
     Messages:  created: 32189   present: 18   in FES: 5
** Event #256000   t=1343.344549795038   Elapsed: 1343.29s (22m 23s)  21% completed  (21% total)
     Speed:     ev/sec=150.698   simsec/sec=1.00396   ev/simsec=150.104
     Messages:  created: 32249   present: 8   in FES: 6
** Event #256256   t=1345.595977466329   Elapsed: 1345.54s (22m 25s)  21% completed  (21% total)
     Speed:     ev/sec=113.706   simsec/sec=0.999999   ev/simsec=113.706
     Messages:  created: 32281   present: 8   in FES: 6
** Event #256768   t=1348.515215508093   Elapsed: 1348.46s (22m 28s)  21% completed  (21% total)
     Speed:     ev/sec=175.386   simsec/sec=0.999987   ev/simsec=175.388
     Messages:  created: 32347   present: 12   in FES: 6
** Event #257280   t=1353.304869797898   Elapsed: 1353.25s (22m 33s)  21% completed  (21% total)
     Speed:     ev/sec=106.896   simsec/sec=0.999987   ev/simsec=106.897
     Messages:  created: 32409   present: 7   in FES: 5
** Event #257536   t=1356.575674640623   Elapsed: 1356.52s (22m 36s)  21% completed  (21% total)
     Speed:     ev/sec=78.2706   simsec/sec=1.00003   ev/simsec=78.2682
     Messages:  created: 32441   present: 7   in FES: 5
** Event #257792   t=1359.50442523553   Elapsed: 1359.45s (22m 39s)  21% completed  (21% total)
     Speed:     ev/sec=87.4093   simsec/sec=1   ev/simsec=87.4093
     Messages:  created: 32473   present: 8   in FES: 6
** Event #258048   t=1363.583673399991   Elapsed: 1363.53s (22m 43s)  21% completed  (21% total)
     Speed:     ev/sec=62.7564   simsec/sec=0.999996   ev/simsec=62.7567
     Messages:  created: 32505   present: 8   in FES: 6
** Event #258304   t=1368.630035766511   Elapsed: 1368.57s (22m 48s)  21% completed  (21% total)
     Speed:     ev/sec=50.7288   simsec/sec=0.999984   ev/simsec=50.7296
     Messages:  created: 32537   present: 7   in FES: 5
** Event #258560   t=1372.28309992072   Elapsed: 1372.25s (22m 52s)  21% completed  (21% total)
     Speed:     ev/sec=69.6542   simsec/sec=0.99395   ev/simsec=70.0782
     Messages:  created: 32570   present: 10   in FES: 5
** Event #259072   t=1374.403030317651   Elapsed: 1374.35s (22m 54s)  21% completed  (21% total)
     Speed:     ev/sec=244.088   simsec/sec=1.01065   ev/simsec=241.517
     Messages:  created: 32646   present: 41   in FES: 6
** Event #259584   t=1376.473278421075   Elapsed: 1376.42s (22m 56s)  21% completed  (21% total)
     Speed:     ev/sec=247.313   simsec/sec=1   ev/simsec=247.313
     Messages:  created: 32726   present: 84   in FES: 6
** Event #260096   t=1379.364789938788   Elapsed: 1379.31s (22m 59s)  21% completed  (21% total)
     Speed:     ev/sec=177.07   simsec/sec=1   ev/simsec=177.07
     Messages:  created: 32795   present: 97   in FES: 6
** Event #260608   t=1382.594478568018   Elapsed: 1382.54s (23m 02s)  21% completed  (21% total)
     Speed:     ev/sec=158.527   simsec/sec=0.999989   ev/simsec=158.529
     Messages:  created: 32842   present: 55   in FES: 6
** Event #261120   t=1386.602247377029   Elapsed: 1386.55s (23m 06s)  22% completed  (22% total)
     Speed:     ev/sec=127.753   simsec/sec=1.00001   ev/simsec=127.752
     Messages:  created: 32889   present: 8   in FES: 6
** Event #261376   t=1388.818563615168   Elapsed: 1388.76s (23m 08s)  22% completed  (22% total)
     Speed:     ev/sec=115.507   simsec/sec=1   ev/simsec=115.507
     Messages:  created: 32923   present: 13   in FES: 6
** Event #261888   t=1393.543001894861   Elapsed: 1393.49s (23m 13s)  22% completed  (22% total)
     Speed:     ev/sec=108.373   simsec/sec=1   ev/simsec=108.373
     Messages:  created: 32985   present: 8   in FES: 6
** Event #262400   t=1396.931487972282   Elapsed: 1396.89s (23m 16s)  22% completed  (22% total)
     Speed:     ev/sec=150.565   simsec/sec=0.996463   ev/simsec=151.1
     Messages:  created: 33049   present: 9   in FES: 5
** Event #262912   t=1400.207716283306   Elapsed: 1400.15s (23m 20s)  22% completed  (22% total)
     Speed:     ev/sec=156.853   simsec/sec=1.00369   ev/simsec=156.277
     Messages:  created: 33113   present: 8   in FES: 6
** Event #263424   t=1404.192459640435   Elapsed: 1404.14s (23m 24s)  22% completed  (22% total)
     Speed:     ev/sec=128.49   simsec/sec=0.999997   ev/simsec=128.49
     Messages:  created: 33176   present: 7   in FES: 5
** Event #263680   t=1407.502387303235   Elapsed: 1407.45s (23m 27s)  22% completed  (22% total)
     Speed:     ev/sec=77.3434   simsec/sec=1   ev/simsec=77.3431
     Messages:  created: 33208   present: 7   in FES: 5
** Event #264192   t=1410.926830794301   Elapsed: 1410.87s (23m 30s)  22% completed  (22% total)
     Speed:     ev/sec=149.513   simsec/sec=1   ev/simsec=149.513
     Messages:  created: 33272   present: 7   in FES: 5
** Event #264448   t=1413.359569516149   Elapsed: 1413.3s (23m 33s)  22% completed  (22% total)
     Speed:     ev/sec=105.231   simsec/sec=1   ev/simsec=105.231
     Messages:  created: 33305   present: 8   in FES: 6
** Event #264960   t=1417.486304930856   Elapsed: 1417.43s (23m 37s)  22% completed  (22% total)
     Speed:     ev/sec=124.069   simsec/sec=1   ev/simsec=124.069
     Messages:  created: 33368   present: 7   in FES: 5
** Event #265216   t=1421.217219229483   Elapsed: 1421.16s (23m 41s)  22% completed  (22% total)
     Speed:     ev/sec=68.6159   simsec/sec=1   ev/simsec=68.6159
     Messages:  created: 33401   present: 8   in FES: 6
** Event #265472   t=1423.58061237527   Elapsed: 1423.52s (23m 43s)  22% completed  (22% total)
     Speed:     ev/sec=108.319   simsec/sec=1   ev/simsec=108.319
     Messages:  created: 33432   present: 7   in FES: 5
** Event #265728   t=1425.932826805485   Elapsed: 1425.88s (23m 45s)  22% completed  (22% total)
     Speed:     ev/sec=108.834   simsec/sec=1   ev/simsec=108.834
     Messages:  created: 33465   present: 8   in FES: 6
** Event #266240   t=1428.893590611513   Elapsed: 1428.84s (23m 48s)  22% completed  (22% total)
     Speed:     ev/sec=172.928   simsec/sec=0.999999   ev/simsec=172.928
     Messages:  created: 33530   present: 11   in FES: 6
** Event #266496   t=1432.503974568765   Elapsed: 1432.45s (23m 52s)  22% completed  (22% total)
     Speed:     ev/sec=70.9066   simsec/sec=1   ev/simsec=70.9066
     Messages:  created: 33561   present: 8   in FES: 6
** Event #266752   t=1434.901075638386   Elapsed: 1434.85s (23m 54s)  22% completed  (22% total)
     Speed:     ev/sec=106.761   simsec/sec=0.999676   ev/simsec=106.796
     Messages:  created: 33593   present: 9   in FES: 5
** Event #267264   t=1437.080726266571   Elapsed: 1437.02s (23m 57s)  22% completed  (22% total)
     Speed:     ev/sec=234.984   simsec/sec=1.00036   ev/simsec=234.9
     Messages:  created: 33665   present: 29   in FES: 6
** Event #267776   t=1440.50089734993   Elapsed: 1440.44s (24m 00s)  22% completed  (22% total)
     Speed:     ev/sec=149.7   simsec/sec=1   ev/simsec=149.7
     Messages:  created: 33721   present: 9   in FES: 6
** Event #268288   t=1443.426609184972   Elapsed: 1443.38s (24m 03s)  22% completed  (22% total)
     Speed:     ev/sec=174.195   simsec/sec=0.995401   ev/simsec=175
     Messages:  created: 33784   present: 8   in FES: 5
** Event #268800   t=1445.795607798955   Elapsed: 1445.74s (24m 05s)  22% completed  (22% total)
     Speed:     ev/sec=217.365   simsec/sec=1.00574   ev/simsec=216.125
     Messages:  created: 33853   present: 21   in FES: 6
** Event #269312   t=1448.762301469499   Elapsed: 1448.71s (24m 08s)  22% completed  (22% total)
     Speed:     ev/sec=172.263   simsec/sec=0.99815   ev/simsec=172.583
     Messages:  created: 33912   present: 8   in FES: 5
** Event #269568   t=1451.339532436339   Elapsed: 1451.28s (24m 11s)  23% completed  (23% total)
     Speed:     ev/sec=99.5437   simsec/sec=1.00214   ev/simsec=99.3314
     Messages:  created: 33945   present: 10   in FES: 6
** Event #269824   t=1455.425257130755   Elapsed: 1455.37s (24m 15s)  23% completed  (23% total)
     Speed:     ev/sec=62.6572   simsec/sec=1   ev/simsec=62.6572
     Messages:  created: 33977   present: 11   in FES: 6
** Event #270080   t=1458.366244273371   Elapsed: 1458.31s (24m 18s)  23% completed  (23% total)
     Speed:     ev/sec=87.0455   simsec/sec=0.999999   ev/simsec=87.0456
     Messages:  created: 34008   present: 7   in FES: 5
** Event #270336   t=1462.904352902358   Elapsed: 1462.85s (24m 22s)  23% completed  (23% total)
     Speed:     ev/sec=56.4112   simsec/sec=1   ev/simsec=56.4112
     Messages:  created: 34041   present: 10   in FES: 6
** Event #270848   t=1465.556064470651   Elapsed: 1465.51s (24m 25s)  23% completed  (23% total)
     Speed:     ev/sec=192.204   simsec/sec=0.995449   ev/simsec=193.083
     Messages:  created: 34110   present: 24   in FES: 5
** Event #271360   t=1469.425274232546   Elapsed: 1469.38s (24m 29s)  23% completed  (23% total)
     Speed:     ev/sec=132.224   simsec/sec=0.999226   ev/simsec=132.327
     Messages:  created: 34168   present: 8   in FES: 5
** Event #271616   t=1472.622280302231   Elapsed: 1472.57s (24m 32s)  23% completed  (23% total)
     Speed:     ev/sec=80.4553   simsec/sec=1.00475   ev/simsec=80.0749
     Messages:  created: 34200   present: 7   in FES: 5
** Event #272128   t=1477.415111700368   Elapsed: 1477.36s (24m 37s)  23% completed  (23% total)
     Speed:     ev/sec=106.826   simsec/sec=1   ev/simsec=106.826
     Messages:  created: 34266   present: 13   in FES: 6
** Event #272640   t=1481.4783204918   Elapsed: 1481.42s (24m 41s)  23% completed  (23% total)
     Speed:     ev/sec=126.009   simsec/sec=1   ev/simsec=126.009
     Messages:  created: 34330   present: 12   in FES: 6
** Event #273152   t=1484.356314326537   Elapsed: 1484.3s (24m 44s)  23% completed  (23% total)
     Speed:     ev/sec=177.902   simsec/sec=1   ev/simsec=177.902
     Messages:  created: 34394   present: 12   in FES: 6
** Event #273664   t=1486.709598147844   Elapsed: 1486.65s (24m 46s)  23% completed  (23% total)
     Speed:     ev/sec=217.567   simsec/sec=0.999995   ev/simsec=217.568
     Messages:  created: 34461   present: 22   in FES: 6
** Event #274176   t=1489.494261661455   Elapsed: 1489.46s (24m 49s)  23% completed  (23% total)
     Speed:     ev/sec=182.276   simsec/sec=0.991363   ev/simsec=183.864
     Messages:  created: 34520   present: 8   in FES: 5
** Event #274688   t=1492.560301707852   Elapsed: 1492.5s (24m 52s)  23% completed  (23% total)
     Speed:     ev/sec=168.323   simsec/sec=1.00798   ev/simsec=166.991
     Messages:  created: 34586   present: 14   in FES: 6
** Event #275200   t=1495.125910207935   Elapsed: 1495.07s (24m 55s)  23% completed  (23% total)
     Speed:     ev/sec=199.563   simsec/sec=1   ev/simsec=199.563
     Messages:  created: 34649   present: 11   in FES: 6
** Event #275712   t=1498.140464270729   Elapsed: 1498.08s (24m 58s)  23% completed  (23% total)
     Speed:     ev/sec=169.843   simsec/sec=1   ev/simsec=169.843
     Messages:  created: 34713   present: 10   in FES: 6
** Event #276224   t=1501.03331843585   Elapsed: 1500.98s (25m 00s)  23% completed  (23% total)
     Speed:     ev/sec=176.988   simsec/sec=1   ev/simsec=176.988
     Messages:  created: 34778   present: 14   in FES: 6
** Event #276736   t=1503.772558258431   Elapsed: 1503.72s (25m 03s)  23% completed  (23% total)
     Speed:     ev/sec=186.476   simsec/sec=0.99766   ev/simsec=186.913
     Messages:  created: 34842   present: 15   in FES: 5
** Event #277504   t=1506.716333253891   Elapsed: 1506.72s (25m 06s)  23% completed  (23% total)
     Speed:     ev/sec=256.606   simsec/sec=0.98358   ev/simsec=260.89
     Messages:  created: 34959   present: 71   in FES: 5
** Event #278016   t=1509.419916665284   Elapsed: 1509.36s (25m 09s)  23% completed  (23% total)
     Speed:     ev/sec=193.352   simsec/sec=1.02098   ev/simsec=189.378
     Messages:  created: 35018   present: 58   in FES: 6
** Event #278784   t=1512.634699925392   Elapsed: 1512.61s (25m 12s)  24% completed  (24% total)
     Speed:     ev/sec=236.326   simsec/sec=0.989242   ev/simsec=238.896
     Messages:  created: 35128   present: 95   in FES: 5
** Event #279296   t=1515.009079495422   Elapsed: 1514.95s (25m 14s)  24% completed  (24% total)
     Speed:     ev/sec=218.858   simsec/sec=1.01494   ev/simsec=215.635
     Messages:  created: 35198   present: 110   in FES: 7
** Event #279808   t=1517.565373229689   Elapsed: 1517.51s (25m 17s)  24% completed  (24% total)
     Speed:     ev/sec=200.29   simsec/sec=1   ev/simsec=200.29
     Messages:  created: 35267   present: 119   in FES: 6
** Event #280320   t=1521.277807064946   Elapsed: 1521.22s (25m 21s)  24% completed  (24% total)
     Speed:     ev/sec=137.915   simsec/sec=1   ev/simsec=137.915
     Messages:  created: 35304   present: 51   in FES: 6
** Event #280832   t=1524.346567602181   Elapsed: 1524.29s (25m 24s)  24% completed  (24% total)
     Speed:     ev/sec=166.843   simsec/sec=1   ev/simsec=166.843
     Messages:  created: 35355   present: 18   in FES: 6
** Event #281344   t=1526.95962079929   Elapsed: 1526.9s (25m 26s)  24% completed  (24% total)
     Speed:     ev/sec=195.939   simsec/sec=0.999998   ev/simsec=195.939
     Messages:  created: 35422   present: 25   in FES: 6
** Event #282112   t=1529.9912419548   Elapsed: 1529.93s (25m 29s)  24% completed  (24% total)
     Speed:     ev/sec=253.33   simsec/sec=1   ev/simsec=253.33
     Messages:  created: 35527   present: 50   in FES: 6
** Event #282880   t=1532.711876692502   Elapsed: 1532.66s (25m 32s)  24% completed  (24% total)
     Speed:     ev/sec=282.287   simsec/sec=1   ev/simsec=282.287
     Messages:  created: 35647   present: 111   in FES: 6
** Event #283392   t=1535.527955607542   Elapsed: 1535.47s (25m 35s)  24% completed  (24% total)
     Speed:     ev/sec=181.808   simsec/sec=0.999971   ev/simsec=181.813
     Messages:  created: 35711   present: 112   in FES: 7
** Event #283904   t=1538.37454150525   Elapsed: 1538.32s (25m 38s)  24% completed  (24% total)
     Speed:     ev/sec=179.87   simsec/sec=1.00003   ev/simsec=179.865
     Messages:  created: 35769   present: 97   in FES: 6
** Event #284416   t=1540.778499870327   Elapsed: 1540.72s (25m 40s)  24% completed  (24% total)
     Speed:     ev/sec=212.982   simsec/sec=1   ev/simsec=212.982
     Messages:  created: 35840   present: 113   in FES: 6
** Event #284928   t=1543.10062932721   Elapsed: 1543.04s (25m 43s)  24% completed  (24% total)
     Speed:     ev/sec=220.487   simsec/sec=0.999999   ev/simsec=220.487
     Messages:  created: 35911   present: 128   in FES: 7
** Event #285440   t=1545.551548443738   Elapsed: 1545.49s (25m 45s)  24% completed  (24% total)
     Speed:     ev/sec=208.901   simsec/sec=1   ev/simsec=208.901
     Messages:  created: 35974   present: 126   in FES: 7
** Event #285952   t=1548.504777945351   Elapsed: 1548.45s (25m 48s)  24% completed  (24% total)
     Speed:     ev/sec=173.37   simsec/sec=1   ev/simsec=173.37
     Messages:  created: 36023   present: 93   in FES: 6
** Event #286464   t=1551.487688865228   Elapsed: 1551.43s (25m 51s)  24% completed  (24% total)
     Speed:     ev/sec=171.644   simsec/sec=1   ev/simsec=171.644
     Messages:  created: 36084   present: 85   in FES: 6
** Event #286976   t=1554.001839598758   Elapsed: 1554s (25m 53s)  24% completed  (24% total)
     Speed:     ev/sec=199.633   simsec/sec=0.980288   ev/simsec=203.647
     Messages:  created: 36134   present: 47   in FES: 5
** Event #287488   t=1556.734621093731   Elapsed: 1556.68s (25m 56s)  24% completed  (24% total)
     Speed:     ev/sec=190.721   simsec/sec=1.01797   ev/simsec=187.355
     Messages:  created: 36186   present: 15   in FES: 5
** Event #288256   t=1560.062693308415   Elapsed: 1560.01s (26m 00s)  24% completed  (24% total)
     Speed:     ev/sec=230.925   simsec/sec=1.00069   ev/simsec=230.764
     Messages:  created: 36295   present: 50   in FES: 6
t=1560.834981 executing addServer()
adding server with latency=60
** Event #288768   t=1562.926565115421   Elapsed: 1562.87s (26m 02s)  24% completed  (24% total)
     Speed:     ev/sec=178.78   simsec/sec=1   ev/simsec=178.779
     Messages:  created: 36347   present: 15   in FES: 7
** Event #289280   t=1566.887482572583   Elapsed: 1566.83s (26m 06s)  24% completed  (24% total)
     Speed:     ev/sec=129.263   simsec/sec=1   ev/simsec=129.263
     Messages:  created: 36409   present: 10   in FES: 7
** Event #289792   t=1570.129259769943   Elapsed: 1570.07s (26m 10s)  24% completed  (24% total)
     Speed:     ev/sec=157.938   simsec/sec=1   ev/simsec=157.938
     Messages:  created: 36474   present: 14   in FES: 7
** Event #290048   t=1573.299117985973   Elapsed: 1573.24s (26m 13s)  24% completed  (24% total)
     Speed:     ev/sec=80.7262   simsec/sec=0.999573   ev/simsec=80.7607
     Messages:  created: 36505   present: 11   in FES: 6
** Event #290560   t=1576.31408308309   Elapsed: 1576.26s (26m 16s)  25% completed  (25% total)
     Speed:     ev/sec=169.896   simsec/sec=1.00045   ev/simsec=169.82
     Messages:  created: 36572   present: 18   in FES: 7
** Event #291328   t=1579.242009329063   Elapsed: 1579.19s (26m 19s)  25% completed  (25% total)
     Speed:     ev/sec=262.302   simsec/sec=1   ev/simsec=262.302
     Messages:  created: 36679   present: 49   in FES: 7
** Event #291840   t=1581.441597817385   Elapsed: 1581.4s (26m 21s)  25% completed  (25% total)
     Speed:     ev/sec=231.309   simsec/sec=0.993722   ev/simsec=232.771
     Messages:  created: 36750   present: 67   in FES: 6
** Event #292352   t=1584.206794110355   Elapsed: 1584.15s (26m 24s)  25% completed  (25% total)
     Speed:     ev/sec=186.094   simsec/sec=1.00505   ev/simsec=185.159
     Messages:  created: 36806   present: 45   in FES: 7
** Event #292864   t=1586.67734465938   Elapsed: 1586.63s (26m 26s)  25% completed  (25% total)
     Speed:     ev/sec=206.873   simsec/sec=0.998224   ev/simsec=207.241
     Messages:  created: 36857   present: 11   in FES: 6
** Event #293376   t=1589.871982657997   Elapsed: 1589.82s (26m 29s)  25% completed  (25% total)
     Speed:     ev/sec=160.489   simsec/sec=1.00138   ev/simsec=160.269
     Messages:  created: 36920   present: 9   in FES: 6
** Event #293632   t=1592.301263902209   Elapsed: 1592.24s (26m 32s)  25% completed  (25% total)
     Speed:     ev/sec=105.381   simsec/sec=0.999997   ev/simsec=105.381
     Messages:  created: 36955   present: 17   in FES: 7
** Event #294144   t=1596.030650024746   Elapsed: 1595.97s (26m 35s)  25% completed  (25% total)
     Speed:     ev/sec=137.288   simsec/sec=1   ev/simsec=137.288
     Messages:  created: 37016   present: 9   in FES: 6
** Event #294656   t=1599.661023226955   Elapsed: 1599.6s (26m 39s)  25% completed  (25% total)
     Speed:     ev/sec=141.032   simsec/sec=1   ev/simsec=141.032
     Messages:  created: 37081   present: 10   in FES: 7
** Event #295168   t=1603.067451683398   Elapsed: 1603.02s (26m 43s)  25% completed  (25% total)
     Speed:     ev/sec=149.732   simsec/sec=0.996197   ev/simsec=150.304
     Messages:  created: 37145   present: 11   in FES: 6
** Event #295680   t=1606.805695109082   Elapsed: 1606.75s (26m 46s)  25% completed  (25% total)
     Speed:     ev/sec=137.441   simsec/sec=1.00349   ev/simsec=136.963
     Messages:  created: 37209   present: 10   in FES: 7
** Event #295936   t=1609.378093212825   Elapsed: 1609.32s (26m 49s)  25% completed  (25% total)
     Speed:     ev/sec=99.518   simsec/sec=1   ev/simsec=99.518
     Messages:  created: 37241   present: 10   in FES: 7
** Event #296192   t=1612.273263099856   Elapsed: 1612.22s (26m 52s)  25% completed  (25% total)
     Speed:     ev/sec=88.4231   simsec/sec=1   ev/simsec=88.4231
     Messages:  created: 37273   present: 10   in FES: 7
** Event #296704   t=1615.559569316848   Elapsed: 1615.54s (26m 55s)  25% completed  (25% total)
     Speed:     ev/sec=154.034   simsec/sec=0.988676   ev/simsec=155.798
     Messages:  created: 37337   present: 11   in FES: 6
** Event #297216   t=1617.852008690134   Elapsed: 1617.8s (26m 57s)  25% completed  (25% total)
     Speed:     ev/sec=227.071   simsec/sec=1.01669   ev/simsec=223.343
     Messages:  created: 37403   present: 16   in FES: 7
** Event #297728   t=1620.629571433048   Elapsed: 1620.57s (27m 00s)  25% completed  (25% total)
     Speed:     ev/sec=184.285   simsec/sec=0.999734   ev/simsec=184.334
     Messages:  created: 37465   present: 12   in FES: 6
t=1620.834981 addServer() complete
** Event #297984   t=1623.051620946909   Elapsed: 1622.99s (27m 02s)  25% completed  (25% total)
     Speed:     ev/sec=105.728   simsec/sec=1.0003   ev/simsec=105.696
     Messages:  created: 37496   present: 9   in FES: 6
** Event #298240   t=1625.652672151008   Elapsed: 1625.6s (27m 05s)  25% completed  (25% total)
     Speed:     ev/sec=98.4219   simsec/sec=1   ev/simsec=98.4217
     Messages:  created: 37528   present: 9   in FES: 6
** Event #298496   t=1628.17253082915   Elapsed: 1628.12s (27m 08s)  25% completed  (25% total)
     Speed:     ev/sec=101.589   simsec/sec=0.999963   ev/simsec=101.593
     Messages:  created: 37560   present: 8   in FES: 5
** Event #299008   t=1631.831522329008   Elapsed: 1631.77s (27m 11s)  25% completed  (25% total)
     Speed:     ev/sec=139.933   simsec/sec=1.00003   ev/simsec=139.929
     Messages:  created: 37624   present: 9   in FES: 6
** Event #299520   t=1635.657287034235   Elapsed: 1635.6s (27m 15s)  25% completed  (25% total)
     Speed:     ev/sec=133.829   simsec/sec=1   ev/simsec=133.829
     Messages:  created: 37688   present: 9   in FES: 6
** Event #300032   t=1638.333065789112   Elapsed: 1638.28s (27m 18s)  26% completed  (26% total)
     Speed:     ev/sec=191.346   simsec/sec=1   ev/simsec=191.346
     Messages:  created: 37752   present: 10   in FES: 7
** Event #300544   t=1640.899637746042   Elapsed: 1640.84s (27m 20s)  26% completed  (26% total)
     Speed:     ev/sec=199.48   simsec/sec=0.99996   ev/simsec=199.488
     Messages:  created: 37816   present: 8   in FES: 5
** Event #301056   t=1643.719084503844   Elapsed: 1643.66s (27m 23s)  26% completed  (26% total)
     Speed:     ev/sec=181.603   simsec/sec=1.00004   ev/simsec=181.596
     Messages:  created: 37880   present: 10   in FES: 6
** Event #301312   t=1646.997018103229   Elapsed: 1646.94s (27m 26s)  26% completed  (26% total)
     Speed:     ev/sec=78.0979   simsec/sec=1   ev/simsec=78.098
     Messages:  created: 37912   present: 9   in FES: 6
** Event #301568   t=1649.531778687296   Elapsed: 1649.48s (27m 29s)  26% completed  (26% total)
     Speed:     ev/sec=100.995   simsec/sec=0.999988   ev/simsec=100.996
     Messages:  created: 37944   present: 8   in FES: 5
** Event #302080   t=1653.520311584251   Elapsed: 1653.46s (27m 33s)  26% completed  (26% total)
     Speed:     ev/sec=128.369   simsec/sec=1.00001   ev/simsec=128.368
     Messages:  created: 38008   present: 10   in FES: 7
** Event #302592   t=1656.964737063841   Elapsed: 1656.91s (27m 36s)  26% completed  (26% total)
     Speed:     ev/sec=148.646   simsec/sec=1   ev/simsec=148.646
     Messages:  created: 38072   present: 9   in FES: 6
** Event #303104   t=1660.148123133217   Elapsed: 1660.09s (27m 40s)  26% completed  (26% total)
     Speed:     ev/sec=160.835   simsec/sec=1   ev/simsec=160.835
     Messages:  created: 38138   present: 15   in FES: 7
** Event #303616   t=1662.25625653153   Elapsed: 1662.2s (27m 42s)  26% completed  (26% total)
     Speed:     ev/sec=242.869   simsec/sec=0.999999   ev/simsec=242.869
     Messages:  created: 38200   present: 8   in FES: 5
** Event #304128   t=1665.211552367457   Elapsed: 1665.16s (27m 45s)  26% completed  (26% total)
     Speed:     ev/sec=173.117   simsec/sec=0.999243   ev/simsec=173.248
     Messages:  created: 38268   present: 20   in FES: 6
** Event #304896   t=1667.459422240886   Elapsed: 1667.4s (27m 47s)  26% completed  (26% total)
     Speed:     ev/sec=341.987   simsec/sec=1.00097   ev/simsec=341.657
     Messages:  created: 38360   present: 8   in FES: 5
** Event #305408   t=1670.592374868318   Elapsed: 1670.54s (27m 50s)  26% completed  (26% total)
     Speed:     ev/sec=163.428   simsec/sec=1.00002   ev/simsec=163.424
     Messages:  created: 38424   present: 9   in FES: 6
** Event #305664   t=1672.90802012921   Elapsed: 1672.85s (27m 52s)  26% completed  (26% total)
     Speed:     ev/sec=110.552   simsec/sec=1   ev/simsec=110.552
     Messages:  created: 38456   present: 8   in FES: 5
** Event #305920   t=1675.149518323042   Elapsed: 1675.1s (27m 55s)  26% completed  (26% total)
     Speed:     ev/sec=114.044   simsec/sec=0.998557   ev/simsec=114.209
     Messages:  created: 38489   present: 12   in FES: 6
** Event #306432   t=1678.442345519541   Elapsed: 1678.39s (27m 58s)  26% completed  (26% total)
     Speed:     ev/sec=155.643   simsec/sec=1.00099   ev/simsec=155.489
     Messages:  created: 38552   present: 8   in FES: 5
t=1680.834978 executing removeServer()
scheduled complete remove at 1680.834978
** Event #307200   t=1682.027494010959   Elapsed: 1681.97s (28m 01s)  26% completed  (26% total)
     Speed:     ev/sec=214.217   simsec/sec=1   ev/simsec=214.217
     Messages:  created: 38651   present: 12   in FES: 6
** Event #307712   t=1684.193244407379   Elapsed: 1684.14s (28m 04s)  26% completed  (26% total)
     Speed:     ev/sec=236.407   simsec/sec=0.999999   ev/simsec=236.408
     Messages:  created: 38720   present: 27   in FES: 6
** Event #308224   t=1687.455423284368   Elapsed: 1687.42s (28m 07s)  26% completed  (26% total)
     Speed:     ev/sec=156.028   simsec/sec=0.994125   ev/simsec=156.95
     Messages:  created: 38777   present: 8   in FES: 5
** Event #308736   t=1690.523337895061   Elapsed: 1690.49s (28m 10s)  26% completed  (26% total)
     Speed:     ev/sec=166.593   simsec/sec=0.998229   ev/simsec=166.889
     Messages:  created: 38841   present: 8   in FES: 5
** Event #309248   t=1695.390154864975   Elapsed: 1695.33s (28m 15s)  26% completed  (26% total)
     Speed:     ev/sec=105.738   simsec/sec=1.00509   ev/simsec=105.202
     Messages:  created: 38905   present: 7   in FES: 5
** Event #309504   t=1697.420699180052   Elapsed: 1697.36s (28m 17s)  26% completed  (26% total)
     Speed:     ev/sec=126.078   simsec/sec=1.00003   ev/simsec=126.075
     Messages:  created: 38937   present: 7   in FES: 5
** Event #309760   t=1699.500032412434   Elapsed: 1699.46s (28m 19s)  26% completed  (26% total)
     Speed:     ev/sec=122.003   simsec/sec=0.990957   ev/simsec=123.116
     Messages:  created: 38969   present: 8   in FES: 5
** Event #310272   t=1702.467998879074   Elapsed: 1702.41s (28m 22s)  27% completed  (27% total)
     Speed:     ev/sec=173.619   simsec/sec=1.00643   ev/simsec=172.509
     Messages:  created: 39035   present: 14   in FES: 6
** Event #310528   t=1705.470693828401   Elapsed: 1705.45s (28m 25s)  27% completed  (27% total)
     Speed:     ev/sec=84.2773   simsec/sec=0.988512   ev/simsec=85.2567
     Messages:  created: 39065   present: 8   in FES: 5
** Event #311040   t=1707.775716091301   Elapsed: 1707.72s (28m 27s)  27% completed  (27% total)
     Speed:     ev/sec=225.538   simsec/sec=1.01537   ev/simsec=222.124
     Messages:  created: 39156   present: 79   in FES: 6
** Event #311552   t=1711.092841813266   Elapsed: 1711.04s (28m 31s)  27% completed  (27% total)
     Speed:     ev/sec=154.35   simsec/sec=1   ev/simsec=154.35
     Messages:  created: 39210   present: 53   in FES: 6
** Event #312064   t=1714.613166225762   Elapsed: 1714.57s (28m 34s)  27% completed  (27% total)
     Speed:     ev/sec=144.764   simsec/sec=0.995346   ev/simsec=145.441
     Messages:  created: 39257   present: 8   in FES: 5
** Event #312576   t=1718.601087536577   Elapsed: 1718.54s (28m 38s)  27% completed  (27% total)
     Speed:     ev/sec=128.92   simsec/sec=1.00414   ev/simsec=128.388
     Messages:  created: 39322   present: 11   in FES: 6
** Event #312832   t=1721.174615717112   Elapsed: 1721.12s (28m 41s)  27% completed  (27% total)
     Speed:     ev/sec=99.4744   simsec/sec=1   ev/simsec=99.4743
     Messages:  created: 39355   present: 12   in FES: 6
** Event #313344   t=1724.095072302732   Elapsed: 1724.04s (28m 44s)  27% completed  (27% total)
     Speed:     ev/sec=175.315   simsec/sec=1   ev/simsec=175.315
     Messages:  created: 39419   present: 13   in FES: 6
** Event #313856   t=1727.634913652251   Elapsed: 1727.58s (28m 47s)  27% completed  (27% total)
     Speed:     ev/sec=144.637   simsec/sec=0.999983   ev/simsec=144.639
     Messages:  created: 39481   present: 7   in FES: 5
** Event #314112   t=1732.294748733063   Elapsed: 1732.24s (28m 52s)  27% completed  (27% total)
     Speed:     ev/sec=54.9383   simsec/sec=1.00001   ev/simsec=54.9376
     Messages:  created: 39514   present: 11   in FES: 6
** Event #314624   t=1735.942400845253   Elapsed: 1735.89s (28m 55s)  27% completed  (27% total)
     Speed:     ev/sec=140.364   simsec/sec=0.999999   ev/simsec=140.364
     Messages:  created: 39578   present: 11   in FES: 6
** Event #315136   t=1738.577334013722   Elapsed: 1738.52s (28m 58s)  27% completed  (27% total)
     Speed:     ev/sec=194.313   simsec/sec=1   ev/simsec=194.312
     Messages:  created: 39643   present: 14   in FES: 6
** Event #315648   t=1741.519475834538   Elapsed: 1741.46s (29m 01s)  27% completed  (27% total)
     Speed:     ev/sec=174.023   simsec/sec=1   ev/simsec=174.023
     Messages:  created: 39712   present: 27   in FES: 6
** Event #316160   t=1744.861095738205   Elapsed: 1744.8s (29m 04s)  27% completed  (27% total)
     Speed:     ev/sec=153.219   simsec/sec=1   ev/simsec=153.219
     Messages:  created: 39770   present: 12   in FES: 6
** Event #316672   t=1747.471418626611   Elapsed: 1747.42s (29m 07s)  27% completed  (27% total)
     Speed:     ev/sec=196.026   simsec/sec=0.999395   ev/simsec=196.144
     Messages:  created: 39835   present: 15   in FES: 5
** Event #317440   t=1750.79900144675   Elapsed: 1750.74s (29m 10s)  27% completed  (27% total)
     Speed:     ev/sec=230.908   simsec/sec=1.00047   ev/simsec=230.798
     Messages:  created: 39929   present: 10   in FES: 6
** Event #317696   t=1752.920375170246   Elapsed: 1752.92s (29m 12s)  27% completed  (27% total)
     Speed:     ev/sec=117.714   simsec/sec=0.975454   ev/simsec=120.677
     Messages:  created: 39960   present: 7   in FES: 5
** Event #317952   t=1756.425696131162   Elapsed: 1756.4s (29m 16s)  27% completed  (27% total)
     Speed:     ev/sec=73.3999   simsec/sec=1.00504   ev/simsec=73.0318
     Messages:  created: 39992   present: 7   in FES: 5
** Event #318464   t=1760.293240646234   Elapsed: 1760.24s (29m 20s)  27% completed  (27% total)
     Speed:     ev/sec=133.621   simsec/sec=1.00934   ev/simsec=132.384
     Messages:  created: 40057   present: 9   in FES: 6
** Event #318976   t=1763.331597803839   Elapsed: 1763.27s (29m 23s)  27% completed  (27% total)
     Speed:     ev/sec=168.512   simsec/sec=1   ev/simsec=168.512
     Messages:  created: 40125   present: 19   in FES: 6
** Event #319488   t=1766.825859532175   Elapsed: 1766.77s (29m 26s)  28% completed  (28% total)
     Speed:     ev/sec=146.326   simsec/sec=0.998638   ev/simsec=146.526
     Messages:  created: 40184   present: 7   in FES: 5
** Event #320000   t=1769.90255709945   Elapsed: 1769.9s (29m 29s)  28% completed  (28% total)
     Speed:     ev/sec=163.871   simsec/sec=0.984731   ev/simsec=166.412
     Messages:  created: 40248   present: 7   in FES: 5
** Event #320256   t=1772.527284613617   Elapsed: 1772.48s (29m 32s)  28% completed  (28% total)
     Speed:     ev/sec=99.2952   simsec/sec=1.01806   ev/simsec=97.5339
     Messages:  created: 40280   present: 7   in FES: 5
** Event #320512   t=1774.523973230124   Elapsed: 1774.48s (29m 34s)  28% completed  (28% total)
     Speed:     ev/sec=127.698   simsec/sec=0.995991   ev/simsec=128.212
     Messages:  created: 40312   present: 7   in FES: 5
** Event #321024   t=1778.749787742522   Elapsed: 1778.69s (29m 38s)  28% completed  (28% total)
     Speed:     ev/sec=121.561   simsec/sec=1.00331   ev/simsec=121.16
     Messages:  created: 40377   present: 9   in FES: 6
** Event #321280   t=1781.211694360507   Elapsed: 1781.16s (29m 41s)  28% completed  (28% total)
     Speed:     ev/sec=103.85   simsec/sec=0.998707   ev/simsec=103.984
     Messages:  created: 40408   present: 7   in FES: 5
** Event #322048   t=1784.328351075164   Elapsed: 1784.3s (29m 44s)  28% completed  (28% total)
     Speed:     ev/sec=244.752   simsec/sec=0.99324   ev/simsec=246.418
     Messages:  created: 40522   present: 55   in FES: 5
** Event #322560   t=1787.294252460412   Elapsed: 1787.24s (29m 47s)  28% completed  (28% total)
     Speed:     ev/sec=174.062   simsec/sec=1.0083   ev/simsec=172.629
     Messages:  created: 40572   present: 18   in FES: 6
** Event #323072   t=1791.092717552835   Elapsed: 1791.08s (29m 51s)  28% completed  (28% total)
     Speed:     ev/sec=133.339   simsec/sec=0.989229   ev/simsec=134.791
     Messages:  created: 40632   present: 7   in FES: 5
** Event #323584   t=1794.517560141742   Elapsed: 1794.46s (29m 54s)  28% completed  (28% total)
     Speed:     ev/sec=151.322   simsec/sec=1.01222   ev/simsec=149.496
     Messages:  created: 40697   present: 9   in FES: 6
** Event #324096   t=1798.452181730699   Elapsed: 1798.4s (29m 58s)  28% completed  (28% total)
     Speed:     ev/sec=129.974   simsec/sec=0.998826   ev/simsec=130.127
     Messages:  created: 40760   present: 7   in FES: 5
** Event #324352   t=1802.526311330403   Elapsed: 1802.49s (30m 02s)  28% completed  (28% total)
     Speed:     ev/sec=62.6037   simsec/sec=0.99631   ev/simsec=62.8355
     Messages:  created: 40791   present: 6   in FES: 4
** Event #324864   t=1807.399186817566   Elapsed: 1807.46s (30m 07s)  28% completed  (28% total)
     Speed:     ev/sec=103   simsec/sec=0.98029   ev/simsec=105.071
     Messages:  created: 40855   present: 6   in FES: 4
** Event #325376   t=1810.667177078313   Elapsed: 1810.61s (30m 10s)  28% completed  (28% total)
     Speed:     ev/sec=162.524   simsec/sec=1.03736   ev/simsec=156.671
     Messages:  created: 40926   present: 25   in FES: 6
** Event #325888   t=1813.148174044587   Elapsed: 1813.09s (30m 13s)  28% completed  (28% total)
     Speed:     ev/sec=206.369   simsec/sec=1   ev/simsec=206.369
     Messages:  created: 40987   present: 17   in FES: 6
** Event #326144   t=1815.356606747357   Elapsed: 1815.3s (30m 15s)  28% completed  (28% total)
     Speed:     ev/sec=115.919   simsec/sec=1   ev/simsec=115.919
     Messages:  created: 41017   present: 12   in FES: 6
** Event #326656   t=1817.476347928524   Elapsed: 1817.44s (30m 17s)  28% completed  (28% total)
     Speed:     ev/sec=239.08   simsec/sec=0.98982   ev/simsec=241.539
     Messages:  created: 41088   present: 30   in FES: 5
** Event #327168   t=1819.582666754428   Elapsed: 1819.53s (30m 19s)  28% completed  (28% total)
     Speed:     ev/sec=245.62   simsec/sec=1.01046   ev/simsec=243.078
     Messages:  created: 41157   present: 43   in FES: 6
** Event #327680   t=1821.581233986083   Elapsed: 1821.54s (30m 21s)  28% completed  (28% total)
     Speed:     ev/sec=254.842   simsec/sec=0.994762   ev/simsec=256.184
     Messages:  created: 41231   present: 70   in FES: 5
** Event #328192   t=1824.602227379962   Elapsed: 1824.55s (30m 24s)  28% completed  (28% total)
     Speed:     ev/sec=170.073   simsec/sec=1.0035   ev/simsec=169.481
     Messages:  created: 41283   present: 37   in FES: 6
** Event #328704   t=1829.788833661857   Elapsed: 1829.75s (30m 29s)  29% completed  (29% total)
     Speed:     ev/sec=98.3925   simsec/sec=0.996725   ev/simsec=98.7158
     Messages:  created: 41335   present: 6   in FES: 4
** Event #328960   t=1833.098049383439   Elapsed: 1833.15s (30m 33s)  29% completed  (29% total)
     Speed:     ev/sec=75.3779   simsec/sec=0.974382   ev/simsec=77.3597
     Messages:  created: 41367   present: 6   in FES: 4
** Event #329216   t=1835.757681994285   Elapsed: 1835.71s (30m 35s)  29% completed  (29% total)
     Speed:     ev/sec=99.9174   simsec/sec=1.03806   ev/simsec=96.2539
     Messages:  created: 41399   present: 6   in FES: 4
** Event #329472   t=1838.137951671566   Elapsed: 1838.08s (30m 38s)  29% completed  (29% total)
     Speed:     ev/sec=107.847   simsec/sec=1.00275   ev/simsec=107.551
     Messages:  created: 41432   present: 8   in FES: 6
** Event #329984   t=1841.864045284725   Elapsed: 1841.88s (30m 41s)  29% completed  (29% total)
     Speed:     ev/sec=134.836   simsec/sec=0.981274   ev/simsec=137.409
     Messages:  created: 41495   present: 6   in FES: 4
** Event #330496   t=1844.605436186   Elapsed: 1844.55s (30m 44s)  29% completed  (29% total)
     Speed:     ev/sec=191.74   simsec/sec=1.02663   ev/simsec=186.767
     Messages:  created: 41561   present: 10   in FES: 6
** Event #331008   t=1847.845950923013   Elapsed: 1847.79s (30m 47s)  29% completed  (29% total)
     Speed:     ev/sec=158   simsec/sec=1   ev/simsec=158
     Messages:  created: 41624   present: 8   in FES: 6
** Event #331520   t=1850.515236390628   Elapsed: 1850.46s (30m 50s)  29% completed  (29% total)
     Speed:     ev/sec=191.812   simsec/sec=1   ev/simsec=191.812
     Messages:  created: 41688   present: 9   in FES: 6
** Event #332032   t=1853.477811720565   Elapsed: 1853.42s (30m 53s)  29% completed  (29% total)
     Speed:     ev/sec=172.666   simsec/sec=0.999094   ev/simsec=172.823
     Messages:  created: 41754   present: 14   in FES: 5
** Event #332544   t=1856.0933306893   Elapsed: 1856.05s (30m 56s)  29% completed  (29% total)
     Speed:     ev/sec=195.309   simsec/sec=0.997725   ev/simsec=195.755
     Messages:  created: 41827   present: 38   in FES: 5
** Event #333312   t=1858.648981362395   Elapsed: 1858.6s (30m 58s)  29% completed  (29% total)
     Speed:     ev/sec=300.549   simsec/sec=1.00013   ev/simsec=300.511
     Messages:  created: 41950   present: 109   in FES: 5
** Event #333824   t=1860.964262639562   Elapsed: 1860.91s (31m 00s)  29% completed  (29% total)
     Speed:     ev/sec=221.937   simsec/sec=1.00361   ev/simsec=221.139
     Messages:  created: 42023   present: 128   in FES: 6
** Event #334336   t=1863.540942070888   Elapsed: 1863.48s (31m 03s)  29% completed  (29% total)
     Speed:     ev/sec=198.705   simsec/sec=0.999999   ev/simsec=198.705
     Messages:  created: 42081   present: 117   in FES: 6
** Event #334848   t=1866.169541634541   Elapsed: 1866.11s (31m 06s)  29% completed  (29% total)
     Speed:     ev/sec=194.781   simsec/sec=1   ev/simsec=194.781
     Messages:  created: 42140   present: 105   in FES: 6
** Event #335360   t=1869.113436202365   Elapsed: 1869.06s (31m 09s)  29% completed  (29% total)
     Speed:     ev/sec=173.919   simsec/sec=1   ev/simsec=173.919
     Messages:  created: 42194   present: 79   in FES: 6
** Event #335872   t=1871.919162794112   Elapsed: 1871.86s (31m 11s)  29% completed  (29% total)
     Speed:     ev/sec=182.484   simsec/sec=1   ev/simsec=182.484
     Messages:  created: 42246   present: 48   in FES: 6
** Event #336384   t=1874.895796888942   Elapsed: 1874.84s (31m 14s)  29% completed  (29% total)
     Speed:     ev/sec=172.006   simsec/sec=1   ev/simsec=172.006
     Messages:  created: 42299   present: 18   in FES: 6
** Event #336896   t=1878.202290972708   Elapsed: 1878.15s (31m 18s)  29% completed  (29% total)
     Speed:     ev/sec=154.847   simsec/sec=1   ev/simsec=154.847
     Messages:  created: 42359   present: 7   in FES: 5
** Event #337408   t=1881.209653526523   Elapsed: 1881.15s (31m 21s)  29% completed  (29% total)
     Speed:     ev/sec=170.249   simsec/sec=1   ev/simsec=170.249
     Messages:  created: 42428   present: 20   in FES: 6
** Event #337920   t=1883.348467604582   Elapsed: 1883.29s (31m 23s)  29% completed  (29% total)
     Speed:     ev/sec=239.385   simsec/sec=0.999999   ev/simsec=239.385
     Messages:  created: 42501   present: 44   in FES: 6
** Event #338432   t=1886.436390254178   Elapsed: 1886.38s (31m 26s)  29% completed  (29% total)
     Speed:     ev/sec=165.807   simsec/sec=1   ev/simsec=165.807
     Messages:  created: 42552   present: 11   in FES: 6
** Event #338944   t=1889.148979501702   Elapsed: 1889.09s (31m 29s)  29% completed  (29% total)
     Speed:     ev/sec=188.749   simsec/sec=0.999998   ev/simsec=188.75
     Messages:  created: 42621   present: 24   in FES: 6
** Event #339456   t=1892.518658203064   Elapsed: 1892.46s (31m 32s)  30% completed  (30% total)
     Speed:     ev/sec=151.939   simsec/sec=0.999973   ev/simsec=151.943
     Messages:  created: 42679   present: 7   in FES: 5
** Event #339712   t=1894.568676403477   Elapsed: 1894.51s (31m 34s)  30% completed  (30% total)
     Speed:     ev/sec=124.883   simsec/sec=1.00005   ev/simsec=124.877
     Messages:  created: 42712   present: 9   in FES: 6
** Event #340224   t=1896.98060224008   Elapsed: 1896.92s (31m 36s)  30% completed  (30% total)
     Speed:     ev/sec=212.278   simsec/sec=0.999999   ev/simsec=212.279
     Messages:  created: 42782   present: 27   in FES: 6
** Event #340736   t=1899.74392196933   Elapsed: 1899.69s (31m 39s)  30% completed  (30% total)
     Speed:     ev/sec=185.285   simsec/sec=1   ev/simsec=185.284
     Messages:  created: 42844   present: 20   in FES: 6
** Event #341248   t=1902.440067236657   Elapsed: 1902.38s (31m 42s)  30% completed  (30% total)
     Speed:     ev/sec=189.901   simsec/sec=1   ev/simsec=189.901
     Messages:  created: 42903   present: 8   in FES: 6
** Event #341504   t=1905.446601572014   Elapsed: 1905.39s (31m 45s)  30% completed  (30% total)
     Speed:     ev/sec=85.147   simsec/sec=0.999989   ev/simsec=85.1479
     Messages:  created: 42935   present: 8   in FES: 6
** Event #342016   t=1907.975827378201   Elapsed: 1907.92s (31m 47s)  30% completed  (30% total)
     Speed:     ev/sec=202.436   simsec/sec=1.00001   ev/simsec=202.433
     Messages:  created: 43011   present: 40   in FES: 6
** Event #342528   t=1910.557935309503   Elapsed: 1910.5s (31m 50s)  30% completed  (30% total)
     Speed:     ev/sec=198.287   simsec/sec=0.999999   ev/simsec=198.288
     Messages:  created: 43073   present: 35   in FES: 6
** Event #343040   t=1913.263538047204   Elapsed: 1913.21s (31m 53s)  30% completed  (30% total)
     Speed:     ev/sec=189.237   simsec/sec=1   ev/simsec=189.237
     Messages:  created: 43131   present: 17   in FES: 6
** Event #343296   t=1915.324696623339   Elapsed: 1915.27s (31m 55s)  30% completed  (30% total)
     Speed:     ev/sec=124.202   simsec/sec=1   ev/simsec=124.202
     Messages:  created: 43159   present: 7   in FES: 5
** Event #343808   t=1918.903437900804   Elapsed: 1918.85s (31m 58s)  30% completed  (30% total)
     Speed:     ev/sec=143.067   simsec/sec=1   ev/simsec=143.067
     Messages:  created: 43224   present: 10   in FES: 6
t=1920.834978 executing addServer()
adding server with latency=60
** Event #344320   t=1922.173697272105   Elapsed: 1922.12s (32m 02s)  30% completed  (30% total)
     Speed:     ev/sec=156.565   simsec/sec=1.00002   ev/simsec=156.563
     Messages:  created: 43289   present: 11   in FES: 7
** Event #344576   t=1924.252546940023   Elapsed: 1924.2s (32m 04s)  30% completed  (30% total)
     Speed:     ev/sec=123.142   simsec/sec=0.999972   ev/simsec=123.145
     Messages:  created: 43322   present: 14   in FES: 7
** Event #345088   t=1927.539101753939   Elapsed: 1927.48s (32m 07s)  30% completed  (30% total)
     Speed:     ev/sec=155.786   simsec/sec=1   ev/simsec=155.786
     Messages:  created: 43386   present: 15   in FES: 7
** Event #345600   t=1929.732045010173   Elapsed: 1929.68s (32m 09s)  30% completed  (30% total)
     Speed:     ev/sec=233.476   simsec/sec=1   ev/simsec=233.476
     Messages:  created: 43453   present: 23   in FES: 7
** Event #346112   t=1932.462227959226   Elapsed: 1932.41s (32m 12s)  30% completed  (30% total)
     Speed:     ev/sec=187.533   simsec/sec=1   ev/simsec=187.533
     Messages:  created: 43513   present: 11   in FES: 7
** Event #346624   t=1935.246917034716   Elapsed: 1935.19s (32m 15s)  30% completed  (30% total)
     Speed:     ev/sec=183.863   simsec/sec=1   ev/simsec=183.863
     Messages:  created: 43578   present: 13   in FES: 7
** Event #346880   t=1937.317847670637   Elapsed: 1937.28s (32m 17s)  30% completed  (30% total)
     Speed:     ev/sec=122.66   simsec/sec=0.992266   ev/simsec=123.616
     Messages:  created: 43608   present: 9   in FES: 6
** Event #347136   t=1939.620824830749   Elapsed: 1939.58s (32m 19s)  30% completed  (30% total)
     Speed:     ev/sec=111.085   simsec/sec=0.999323   ev/simsec=111.16
     Messages:  created: 43640   present: 9   in FES: 6
** Event #347648   t=1942.713942206642   Elapsed: 1942.66s (32m 22s)  30% completed  (30% total)
     Speed:     ev/sec=166.48   simsec/sec=1.00575   ev/simsec=165.529
     Messages:  created: 43709   present: 21   in FES: 7
** Event #348160   t=1945.73727521568   Elapsed: 1945.7s (32m 25s)  30% completed  (30% total)
     Speed:     ev/sec=168.429   simsec/sec=0.994564   ev/simsec=169.35
     Messages:  created: 43768   present: 9   in FES: 6
** Event #348672   t=1948.547075814742   Elapsed: 1948.49s (32m 28s)  30% completed  (30% total)
     Speed:     ev/sec=183.299   simsec/sec=1.00592   ev/simsec=182.219
     Messages:  created: 43836   present: 19   in FES: 7
** Event #348928   t=1951.084141820279   Elapsed: 1951.06s (32m 31s)  30% completed  (30% total)
     Speed:     ev/sec=99.7031   simsec/sec=0.988099   ev/simsec=100.904
     Messages:  created: 43864   present: 9   in FES: 6
** Event #349440   t=1953.683773905803   Elapsed: 1953.66s (32m 33s)  31% completed  (31% total)
     Speed:     ev/sec=196.699   simsec/sec=0.998722   ev/simsec=196.951
     Messages:  created: 43931   present: 17   in FES: 6
** Event #349696   t=1955.719169698819   Elapsed: 1955.66s (32m 35s)  31% completed  (31% total)
     Speed:     ev/sec=127.903   simsec/sec=1.01693   ev/simsec=125.774
     Messages:  created: 43963   present: 16   in FES: 7
** Event #350208   t=1960.570153255152   Elapsed: 1960.51s (32m 40s)  31% completed  (31% total)
     Speed:     ev/sec=105.545   simsec/sec=0.999999   ev/simsec=105.546
     Messages:  created: 44025   present: 11   in FES: 7
** Event #350720   t=1963.523382248708   Elapsed: 1963.47s (32m 43s)  31% completed  (31% total)
     Speed:     ev/sec=173.37   simsec/sec=1   ev/simsec=173.37
     Messages:  created: 44094   present: 24   in FES: 7
** Event #351232   t=1966.969382094678   Elapsed: 1966.91s (32m 46s)  31% completed  (31% total)
     Speed:     ev/sec=148.578   simsec/sec=1   ev/simsec=148.578
     Messages:  created: 44154   present: 13   in FES: 7
** Event #351744   t=1969.281300405769   Elapsed: 1969.22s (32m 49s)  31% completed  (31% total)
     Speed:     ev/sec=221.461   simsec/sec=1   ev/simsec=221.461
     Messages:  created: 44220   present: 20   in FES: 7
** Event #352256   t=1971.376696093109   Elapsed: 1971.32s (32m 51s)  31% completed  (31% total)
     Speed:     ev/sec=244.345   simsec/sec=1   ev/simsec=244.345
     Messages:  created: 44295   present: 48   in FES: 7
** Event #352768   t=1973.601037824372   Elapsed: 1973.54s (32m 53s)  31% completed  (31% total)
     Speed:     ev/sec=230.18   simsec/sec=0.999999   ev/simsec=230.18
     Messages:  created: 44366   present: 68   in FES: 7
** Event #353536   t=1975.939494742589   Elapsed: 1975.88s (32m 55s)  31% completed  (31% total)
     Speed:     ev/sec=328.422   simsec/sec=1   ev/simsec=328.422
     Messages:  created: 44496   present: 145   in FES: 7
** Event #354048   t=1978.393853396573   Elapsed: 1978.34s (32m 58s)  31% completed  (31% total)
     Speed:     ev/sec=208.608   simsec/sec=0.999999   ev/simsec=208.608
     Messages:  created: 44554   present: 133   in FES: 7
** Event #354560   t=1980.794682   Elapsed: 1980.75s (33m 00s)  31% completed  (31% total)
     Speed:     ev/sec=212.166   simsec/sec=0.994871   ev/simsec=213.26
     Messages:  created: 44636   present: 171   in FES: 6
t=1980.834978 addServer() complete
** Event #355072   t=1983.175834343833   Elapsed: 1983.12s (33m 03s)  31% completed  (31% total)
     Speed:     ev/sec=216.145   simsec/sec=1.00522   ev/simsec=215.022
     Messages:  created: 44683   present: 136   in FES: 6
** Event #355584   t=1985.478075877478   Elapsed: 1985.42s (33m 05s)  31% completed  (31% total)
     Speed:     ev/sec=222.392   simsec/sec=1   ev/simsec=222.392
     Messages:  created: 44731   present: 104   in FES: 7
** Event #356096   t=1988.332632621123   Elapsed: 1988.28s (33m 08s)  31% completed  (31% total)
     Speed:     ev/sec=179.362   simsec/sec=1   ev/simsec=179.362
     Messages:  created: 44767   present: 29   in FES: 6
** Event #356608   t=1990.606043997432   Elapsed: 1990.55s (33m 10s)  31% completed  (31% total)
     Speed:     ev/sec=225.212   simsec/sec=1   ev/simsec=225.212
     Messages:  created: 44824   present: 9   in FES: 6
** Event #357120   t=1993.779554445898   Elapsed: 1993.72s (33m 13s)  31% completed  (31% total)
     Speed:     ev/sec=161.336   simsec/sec=1   ev/simsec=161.336
     Messages:  created: 44888   present: 9   in FES: 6
** Event #357632   t=1996.962331902184   Elapsed: 1996.91s (33m 16s)  31% completed  (31% total)
     Speed:     ev/sec=160.866   simsec/sec=1   ev/simsec=160.866
     Messages:  created: 44952   present: 9   in FES: 6
** Event #358144   t=1999.543922824479   Elapsed: 1999.49s (33m 19s)  31% completed  (31% total)
     Speed:     ev/sec=198.327   simsec/sec=1   ev/simsec=198.327
     Messages:  created: 45016   present: 9   in FES: 6
** Event #358656   t=2001.695815308603   Elapsed: 2001.64s (33m 21s)  31% completed  (31% total)
     Speed:     ev/sec=237.93   simsec/sec=0.999999   ev/simsec=237.93
     Messages:  created: 45080   present: 9   in FES: 6
** Event #359424   t=2004.248491264622   Elapsed: 2004.19s (33m 24s)  31% completed  (31% total)
     Speed:     ev/sec=300.495   simsec/sec=0.998785   ev/simsec=300.861
     Messages:  created: 45176   present: 10   in FES: 6
** Event #359936   t=2006.938434483827   Elapsed: 2006.88s (33m 26s)  31% completed  (31% total)
     Speed:     ev/sec=190.559   simsec/sec=1.00116   ev/simsec=190.339
     Messages:  created: 45240   present: 9   in FES: 6
** Event #360704   t=2009.451973514816   Elapsed: 2009.4s (33m 29s)  31% completed  (31% total)
     Speed:     ev/sec=304.963   simsec/sec=0.998095   ev/simsec=305.545
     Messages:  created: 45342   present: 26   in FES: 6
** Event #361728   t=2011.572405215394   Elapsed: 2011.52s (33m 31s)  31% completed  (31% total)
     Speed:     ev/sec=484.015   simsec/sec=1.00227   ev/simsec=482.921
     Messages:  created: 45488   present: 73   in FES: 7
** Event #362496   t=2014.761342796712   Elapsed: 2014.71s (33m 34s)  31% completed  (31% total)
     Speed:     ev/sec=240.494   simsec/sec=0.998596   ev/simsec=240.833
     Messages:  created: 45560   present: 10   in FES: 6
** Event #363008   t=2017.232089627826   Elapsed: 2017.18s (33m 37s)  32% completed  (32% total)
     Speed:     ev/sec=207.602   simsec/sec=1.00182   ev/simsec=207.225
     Messages:  created: 45626   present: 14   in FES: 7
** Event #363520   t=2021.268646732186   Elapsed: 2021.21s (33m 41s)  32% completed  (32% total)
     Speed:     ev/sec=126.841   simsec/sec=1   ev/simsec=126.841
     Messages:  created: 45687   present: 8   in FES: 5
** Event #363776   t=2023.652907724371   Elapsed: 2023.6s (33m 43s)  32% completed  (32% total)
     Speed:     ev/sec=107.371   simsec/sec=1   ev/simsec=107.371
     Messages:  created: 45719   present: 8   in FES: 5
** Event #364288   t=2027.2114485834   Elapsed: 2027.16s (33m 47s)  32% completed  (32% total)
     Speed:     ev/sec=143.781   simsec/sec=0.999321   ev/simsec=143.879
     Messages:  created: 45784   present: 10   in FES: 6
** Event #364800   t=2030.144809901811   Elapsed: 2030.09s (33m 50s)  32% completed  (32% total)
     Speed:     ev/sec=174.688   simsec/sec=1.00083   ev/simsec=174.544
     Messages:  created: 45848   present: 9   in FES: 6
** Event #365312   t=2033.159289026681   Elapsed: 2033.1s (33m 53s)  32% completed  (32% total)
     Speed:     ev/sec=169.845   simsec/sec=0.999991   ev/simsec=169.847
     Messages:  created: 45912   present: 9   in FES: 6
** Event #365824   t=2036.202076600439   Elapsed: 2036.15s (33m 56s)  32% completed  (32% total)
     Speed:     ev/sec=168.268   simsec/sec=1.00001   ev/simsec=168.267
     Messages:  created: 45975   present: 8   in FES: 5
** Event #366336   t=2040.232332921323   Elapsed: 2040.18s (34m 00s)  32% completed  (32% total)
     Speed:     ev/sec=127.039   simsec/sec=1   ev/simsec=127.039
     Messages:  created: 46039   present: 8   in FES: 5
t=2040.834975 executing addServer()
adding server with latency=60
** Event #366848   t=2042.497530259198   Elapsed: 2042.44s (34m 02s)  32% completed  (32% total)
     Speed:     ev/sec=226.029   simsec/sec=1   ev/simsec=226.029
     Messages:  created: 46106   present: 13   in FES: 8
** Event #367360   t=2044.728566045759   Elapsed: 2044.67s (34m 04s)  32% completed  (32% total)
     Speed:     ev/sec=229.49   simsec/sec=0.999999   ev/simsec=229.49
     Messages:  created: 46169   present: 12   in FES: 7
** Event #367872   t=2047.477095276597   Elapsed: 2047.42s (34m 07s)  32% completed  (32% total)
     Speed:     ev/sec=186.281   simsec/sec=0.999998   ev/simsec=186.281
     Messages:  created: 46233   present: 11   in FES: 7
** Event #368384   t=2049.758991578104   Elapsed: 2049.7s (34m 09s)  32% completed  (32% total)
     Speed:     ev/sec=224.376   simsec/sec=1   ev/simsec=224.375
     Messages:  created: 46300   present: 18   in FES: 8
** Event #368896   t=2052.056439451603   Elapsed: 2052s (34m 11s)  32% completed  (32% total)
     Speed:     ev/sec=222.84   simsec/sec=0.99993   ev/simsec=222.856
     Messages:  created: 46362   present: 14   in FES: 7
** Event #369408   t=2055.218728138452   Elapsed: 2055.16s (34m 15s)  32% completed  (32% total)
     Speed:     ev/sec=161.916   simsec/sec=1.00005   ev/simsec=161.908
     Messages:  created: 46425   present: 11   in FES: 7
** Event #369664   t=2058.363559765878   Elapsed: 2058.31s (34m 18s)  32% completed  (32% total)
     Speed:     ev/sec=81.4037   simsec/sec=1   ev/simsec=81.4034
     Messages:  created: 46457   present: 11   in FES: 7
** Event #370176   t=2061.99462731498   Elapsed: 2061.94s (34m 21s)  32% completed  (32% total)
     Speed:     ev/sec=141.005   simsec/sec=1   ev/simsec=141.005
     Messages:  created: 46521   present: 10   in FES: 6
** Event #370688   t=2064.847122865756   Elapsed: 2064.79s (34m 24s)  32% completed  (32% total)
     Speed:     ev/sec=179.492   simsec/sec=1   ev/simsec=179.492
     Messages:  created: 46585   present: 12   in FES: 7
** Event #371200   t=2068.404688351435   Elapsed: 2068.35s (34m 28s)  32% completed  (32% total)
     Speed:     ev/sec=143.919   simsec/sec=1   ev/simsec=143.919
     Messages:  created: 46649   present: 10   in FES: 6
** Event #371456   t=2070.440678792717   Elapsed: 2070.38s (34m 30s)  32% completed  (32% total)
     Speed:     ev/sec=125.737   simsec/sec=1   ev/simsec=125.737
     Messages:  created: 46681   present: 11   in FES: 7
** Event #372224   t=2072.856057036234   Elapsed: 2072.8s (34m 32s)  32% completed  (32% total)
     Speed:     ev/sec=317.963   simsec/sec=1   ev/simsec=317.963
     Messages:  created: 46783   present: 26   in FES: 8
** Event #372736   t=2076.065937658844   Elapsed: 2076.01s (34m 36s)  32% completed  (32% total)
     Speed:     ev/sec=159.503   simsec/sec=0.999974   ev/simsec=159.507
     Messages:  created: 46841   present: 10   in FES: 6
** Event #373248   t=2079.598850609429   Elapsed: 2079.54s (34m 39s)  33% completed  (33% total)
     Speed:     ev/sec=144.926   simsec/sec=1.00002   ev/simsec=144.923
     Messages:  created: 46905   present: 10   in FES: 6
** Event #373760   t=2081.930266785852   Elapsed: 2081.87s (34m 41s)  33% completed  (33% total)
     Speed:     ev/sec=219.609   simsec/sec=0.999998   ev/simsec=219.609
     Messages:  created: 46970   present: 13   in FES: 7
** Event #374528   t=2084.540808747713   Elapsed: 2084.5s (34m 44s)  33% completed  (33% total)
     Speed:     ev/sec=291.865   simsec/sec=0.99209   ev/simsec=294.192
     Messages:  created: 47066   present: 14   in FES: 7
** Event #375040   t=2086.808795810372   Elapsed: 2086.75s (34m 46s)  33% completed  (33% total)
     Speed:     ev/sec=227.842   simsec/sec=1.00926   ev/simsec=225.751
     Messages:  created: 47129   present: 10   in FES: 6
** Event #375552   t=2089.443871791005   Elapsed: 2089.39s (34m 49s)  33% completed  (33% total)
     Speed:     ev/sec=194.302   simsec/sec=1   ev/simsec=194.302
     Messages:  created: 47193   present: 10   in FES: 6
** Event #376064   t=2092.342528873559   Elapsed: 2092.29s (34m 52s)  33% completed  (33% total)
     Speed:     ev/sec=176.634   simsec/sec=1   ev/simsec=176.634
     Messages:  created: 47257   present: 12   in FES: 8
** Event #376320   t=2094.967790736015   Elapsed: 2094.92s (34m 54s)  33% completed  (33% total)
     Speed:     ev/sec=97.2229   simsec/sec=0.997014   ev/simsec=97.5141
     Messages:  created: 47290   present: 14   in FES: 7
** Event #376832   t=2097.223761502919   Elapsed: 2097.17s (34m 57s)  33% completed  (33% total)
     Speed:     ev/sec=226.951   simsec/sec=0.999989   ev/simsec=226.953
     Messages:  created: 47354   present: 14   in FES: 7
** Event #377344   t=2099.396214747205   Elapsed: 2099.35s (34m 59s)  33% completed  (33% total)
     Speed:     ev/sec=234.957   simsec/sec=0.996939   ev/simsec=235.678
     Messages:  created: 47418   present: 14   in FES: 7
t=2100.834975 addServer() complete
** Event #377856   t=2102.163235687423   Elapsed: 2102.11s (35m 02s)  33% completed  (33% total)
     Speed:     ev/sec=186.015   simsec/sec=1.00529   ev/simsec=185.037
     Messages:  created: 47481   present: 11   in FES: 7
** Event #378368   t=2104.66506953077   Elapsed: 2104.61s (35m 04s)  33% completed  (33% total)
     Speed:     ev/sec=204.65   simsec/sec=1   ev/simsec=204.65
     Messages:  created: 47545   present: 12   in FES: 7
** Event #378880   t=2107.287973700692   Elapsed: 2107.23s (35m 07s)  33% completed  (33% total)
     Speed:     ev/sec=195.203   simsec/sec=0.999999   ev/simsec=195.203
     Messages:  created: 47609   present: 12   in FES: 7
** Event #379904   t=2109.623206655945   Elapsed: 2109.57s (35m 09s)  33% completed  (33% total)
     Speed:     ev/sec=438.501   simsec/sec=1   ev/simsec=438.5
     Messages:  created: 47742   present: 25   in FES: 6
** Event #380672   t=2111.981966516198   Elapsed: 2111.93s (35m 11s)  33% completed  (33% total)
     Speed:     ev/sec=325.595   simsec/sec=1   ev/simsec=325.595
     Messages:  created: 47836   present: 19   in FES: 8
** Event #381440   t=2115.518549318706   Elapsed: 2115.46s (35m 15s)  33% completed  (33% total)
     Speed:     ev/sec=217.159   simsec/sec=0.999999   ev/simsec=217.159
     Messages:  created: 47929   present: 12   in FES: 8
** Event #381696   t=2117.712467860068   Elapsed: 2117.66s (35m 17s)  33% completed  (33% total)
     Speed:     ev/sec=116.686   simsec/sec=1   ev/simsec=116.686
     Messages:  created: 47960   present: 10   in FES: 6
** Event #381952   t=2120.008203931851   Elapsed: 2119.95s (35m 19s)  33% completed  (33% total)
     Speed:     ev/sec=111.509   simsec/sec=0.999986   ev/simsec=111.511
     Messages:  created: 47992   present: 10   in FES: 6
** Event #382464   t=2124.171595662521   Elapsed: 2124.11s (35m 24s)  33% completed  (33% total)
     Speed:     ev/sec=122.978   simsec/sec=1.00001   ev/simsec=122.977
     Messages:  created: 48056   present: 10   in FES: 6
** Event #382976   t=2128.544873081034   Elapsed: 2128.49s (35m 28s)  33% completed  (33% total)
     Speed:     ev/sec=117.075   simsec/sec=1   ev/simsec=117.075
     Messages:  created: 48120   present: 9   in FES: 5
** Event #383488   t=2131.499552455167   Elapsed: 2131.44s (35m 31s)  33% completed  (33% total)
     Speed:     ev/sec=173.285   simsec/sec=1   ev/simsec=173.284
     Messages:  created: 48184   present: 10   in FES: 6
** Event #384000   t=2133.632199774935   Elapsed: 2133.58s (35m 33s)  33% completed  (33% total)
     Speed:     ev/sec=240.077   simsec/sec=1   ev/simsec=240.077
     Messages:  created: 48249   present: 13   in FES: 8
** Event #384768   t=2136.058126558609   Elapsed: 2136s (35m 36s)  33% completed  (33% total)
     Speed:     ev/sec=316.58   simsec/sec=0.999999   ev/simsec=316.58
     Messages:  created: 48344   present: 9   in FES: 5
** Event #385792   t=2138.543673308236   Elapsed: 2138.49s (35m 38s)  33% completed  (33% total)
     Speed:     ev/sec=411.982   simsec/sec=1   ev/simsec=411.982
     Messages:  created: 48474   present: 14   in FES: 7
** Event #386816   t=2141.063132459611   Elapsed: 2141.01s (35m 41s)  33% completed  (33% total)
     Speed:     ev/sec=406.437   simsec/sec=1   ev/simsec=406.436
     Messages:  created: 48605   present: 22   in FES: 7
** Event #387328   t=2143.105404414684   Elapsed: 2143.05s (35m 43s)  34% completed  (34% total)
     Speed:     ev/sec=250.701   simsec/sec=1   ev/simsec=250.701
     Messages:  created: 48666   present: 14   in FES: 8
** Event #388096   t=2146.750266803924   Elapsed: 2146.69s (35m 46s)  34% completed  (34% total)
     Speed:     ev/sec=210.708   simsec/sec=1   ev/simsec=210.708
     Messages:  created: 48760   present: 10   in FES: 6
** Event #388608   t=2149.343455440189   Elapsed: 2149.29s (35m 49s)  34% completed  (34% total)
     Speed:     ev/sec=197.44   simsec/sec=1   ev/simsec=197.44
     Messages:  created: 48825   present: 11   in FES: 7
** Event #389120   t=2151.568281333444   Elapsed: 2151.51s (35m 51s)  34% completed  (34% total)
     Speed:     ev/sec=230.13   simsec/sec=1   ev/simsec=230.13
     Messages:  created: 48888   present: 10   in FES: 6
** Event #389632   t=2154.5491340263   Elapsed: 2154.49s (35m 54s)  34% completed  (34% total)
     Speed:     ev/sec=171.763   simsec/sec=1   ev/simsec=171.763
     Messages:  created: 48952   present: 10   in FES: 6
** Event #390144   t=2157.913275230162   Elapsed: 2157.86s (35m 57s)  34% completed  (34% total)
     Speed:     ev/sec=152.193   simsec/sec=0.999999   ev/simsec=152.193
     Messages:  created: 49016   present: 9   in FES: 5
** Event #390656   t=2160.231944622451   Elapsed: 2160.18s (36m 00s)  34% completed  (34% total)
     Speed:     ev/sec=220.708   simsec/sec=0.99951   ev/simsec=220.816
     Messages:  created: 49079   present: 8   in FES: 4
t=2160.834983 executing removeServer()
scheduled complete remove at 2161.010675955475
** Event #391168   t=2162.413584913729   Elapsed: 2162.36s (36m 02s)  34% completed  (34% total)
     Speed:     ev/sec=234.808   simsec/sec=1.00052   ev/simsec=234.686
     Messages:  created: 49147   present: 13   in FES: 7
** Event #391680   t=2164.55715919455   Elapsed: 2164.55s (36m 04s)  34% completed  (34% total)
     Speed:     ev/sec=233.232   simsec/sec=0.976466   ev/simsec=238.853
     Messages:  created: 49210   present: 11   in FES: 6
** Event #392448   t=2167.605741109985   Elapsed: 2167.55s (36m 07s)  34% completed  (34% total)
     Speed:     ev/sec=256.263   simsec/sec=1.01724   ev/simsec=251.92
     Messages:  created: 49307   present: 14   in FES: 7
** Event #392960   t=2169.799970550014   Elapsed: 2169.74s (36m 09s)  34% completed  (34% total)
     Speed:     ev/sec=233.339   simsec/sec=1   ev/simsec=233.339
     Messages:  created: 49370   present: 10   in FES: 6
** Event #393216   t=2172.10129658838   Elapsed: 2172.04s (36m 12s)  34% completed  (34% total)
     Speed:     ev/sec=111.238   simsec/sec=0.999982   ev/simsec=111.24
     Messages:  created: 49401   present: 8   in FES: 5
** Event #393984   t=2175.032031441784   Elapsed: 2174.98s (36m 14s)  34% completed  (34% total)
     Speed:     ev/sec=262.054   simsec/sec=1.00001   ev/simsec=262.05
     Messages:  created: 49497   present: 9   in FES: 6
** Event #394496   t=2178.416129212401   Elapsed: 2178.36s (36m 18s)  34% completed  (34% total)
     Speed:     ev/sec=151.29   simsec/sec=0.999962   ev/simsec=151.296
     Messages:  created: 49561   present: 8   in FES: 5
** Event #395008   t=2180.636435850471   Elapsed: 2180.58s (36m 20s)  34% completed  (34% total)
     Speed:     ev/sec=230.612   simsec/sec=1.00006   ev/simsec=230.599
     Messages:  created: 49628   present: 16   in FES: 7
** Event #395520   t=2182.622332399713   Elapsed: 2182.58s (36m 22s)  34% completed  (34% total)
     Speed:     ev/sec=255.954   simsec/sec=0.992771   ev/simsec=257.818
     Messages:  created: 49690   present: 11   in FES: 6
** Event #396288   t=2185.976815437085   Elapsed: 2185.92s (36m 25s)  34% completed  (34% total)
     Speed:     ev/sec=229.939   simsec/sec=1.00433   ev/simsec=228.947
     Messages:  created: 49785   present: 9   in FES: 6
** Event #396800   t=2189.366610130019   Elapsed: 2189.31s (36m 29s)  34% completed  (34% total)
     Speed:     ev/sec=151.042   simsec/sec=1   ev/simsec=151.042
     Messages:  created: 49849   present: 9   in FES: 6
** Event #397312   t=2193.516792109489   Elapsed: 2193.46s (36m 33s)  34% completed  (34% total)
     Speed:     ev/sec=123.368   simsec/sec=1   ev/simsec=123.368
     Messages:  created: 49913   present: 8   in FES: 5
** Event #397824   t=2195.939079576603   Elapsed: 2195.88s (36m 35s)  34% completed  (34% total)
     Speed:     ev/sec=211.37   simsec/sec=1   ev/simsec=211.37
     Messages:  created: 49980   present: 15   in FES: 7
** Event #398592   t=2198.835511002668   Elapsed: 2198.78s (36m 38s)  34% completed  (34% total)
     Speed:     ev/sec=265.153   simsec/sec=0.999997   ev/simsec=265.154
     Messages:  created: 50073   present: 8   in FES: 5
** Event #398848   t=2201.26201307166   Elapsed: 2201.21s (36m 41s)  34% completed  (34% total)
     Speed:     ev/sec=105.498   simsec/sec=0.999966   ev/simsec=105.502
     Messages:  created: 50105   present: 8   in FES: 5
** Event #399360   t=2204.003068996589   Elapsed: 2203.95s (36m 43s)  34% completed  (34% total)
     Speed:     ev/sec=186.795   simsec/sec=1.00003   ev/simsec=186.789
     Messages:  created: 50169   present: 8   in FES: 5
** Event #399872   t=2207.985490149931   Elapsed: 2207.93s (36m 47s)  35% completed  (35% total)
     Speed:     ev/sec=128.566   simsec/sec=1   ev/simsec=128.565
     Messages:  created: 50233   present: 9   in FES: 6
** Event #400384   t=2211.186948516249   Elapsed: 2211.13s (36m 51s)  35% completed  (35% total)
     Speed:     ev/sec=159.927   simsec/sec=1   ev/simsec=159.927
     Messages:  created: 50297   present: 9   in FES: 6
** Event #401152   t=2213.826192490161   Elapsed: 2213.77s (36m 53s)  35% completed  (35% total)
     Speed:     ev/sec=290.992   simsec/sec=1   ev/simsec=290.992
     Messages:  created: 50393   present: 8   in FES: 5
** Event #401408   t=2215.869614782951   Elapsed: 2215.82s (36m 55s)  35% completed  (35% total)
     Speed:     ev/sec=124.595   simsec/sec=0.994531   ev/simsec=125.28
     Messages:  created: 50426   present: 11   in FES: 6
** Event #401920   t=2218.012615660083   Elapsed: 2217.96s (36m 57s)  35% completed  (35% total)
     Speed:     ev/sec=240.177   simsec/sec=1.00527   ev/simsec=238.917
     Messages:  created: 50489   present: 9   in FES: 6
** Event #402432   t=2220.385887952518   Elapsed: 2220.33s (37m 00s)  35% completed  (35% total)
     Speed:     ev/sec=215.739   simsec/sec=1.00001   ev/simsec=215.736
     Messages:  created: 50553   present: 9   in FES: 6
t=2220.834976 executing removeServer()
scheduled complete remove at 2220.835499911622
** Event #402944   t=2223.64821810438   Elapsed: 2223.59s (37m 03s)  35% completed  (35% total)
     Speed:     ev/sec=156.941   simsec/sec=0.99999   ev/simsec=156.943
     Messages:  created: 50621   present: 14   in FES: 6
** Event #403456   t=2226.484736744206   Elapsed: 2226.43s (37m 06s)  35% completed  (35% total)
     Speed:     ev/sec=180.503   simsec/sec=1   ev/simsec=180.503
     Messages:  created: 50685   present: 14   in FES: 6
** Event #403968   t=2229.129095648358   Elapsed: 2229.07s (37m 09s)  35% completed  (35% total)
     Speed:     ev/sec=193.619   simsec/sec=0.999995   ev/simsec=193.62
     Messages:  created: 50747   present: 9   in FES: 6
** Event #404480   t=2232.025607035406   Elapsed: 2231.97s (37m 11s)  35% completed  (35% total)
     Speed:     ev/sec=176.765   simsec/sec=1   ev/simsec=176.764
     Messages:  created: 50811   present: 9   in FES: 6
** Event #404992   t=2234.256792270209   Elapsed: 2234.2s (37m 14s)  35% completed  (35% total)
     Speed:     ev/sec=229.474   simsec/sec=1   ev/simsec=229.474
     Messages:  created: 50879   present: 19   in FES: 6
** Event #405504   t=2237.140825249767   Elapsed: 2237.14s (37m 17s)  35% completed  (35% total)
     Speed:     ev/sec=174.119   simsec/sec=0.98079   ev/simsec=177.529
     Messages:  created: 50938   present: 7   in FES: 5
** Event #406016   t=2239.944632354217   Elapsed: 2239.89s (37m 19s)  35% completed  (35% total)
     Speed:     ev/sec=186.363   simsec/sec=1.02056   ev/simsec=182.609
     Messages:  created: 51009   present: 25   in FES: 6
** Event #406528   t=2242.282620334362   Elapsed: 2242.23s (37m 22s)  35% completed  (35% total)
     Speed:     ev/sec=218.992   simsec/sec=1   ev/simsec=218.992
     Messages:  created: 51081   present: 46   in FES: 6
** Event #407296   t=2244.479611813224   Elapsed: 2244.42s (37m 24s)  35% completed  (35% total)
     Speed:     ev/sec=349.569   simsec/sec=1   ev/simsec=349.569
     Messages:  created: 51219   present: 145   in FES: 6
** Event #407808   t=2246.8672957928   Elapsed: 2246.81s (37m 26s)  35% completed  (35% total)
     Speed:     ev/sec=214.434   simsec/sec=1   ev/simsec=214.434
     Messages:  created: 51297   present: 173   in FES: 6
** Event #408576   t=2249.911821171831   Elapsed: 2249.86s (37m 29s)  35% completed  (35% total)
     Speed:     ev/sec=252.256   simsec/sec=1   ev/simsec=252.256
     Messages:  created: 51411   present: 210   in FES: 7
** Event #409088   t=2252.017145966888   Elapsed: 2251.96s (37m 31s)  35% completed  (35% total)
     Speed:     ev/sec=243.193   simsec/sec=1   ev/simsec=243.193
     Messages:  created: 51475   present: 210   in FES: 7
** Event #409600   t=2254.063834807617   Elapsed: 2254.01s (37m 34s)  35% completed  (35% total)
     Speed:     ev/sec=250.16   simsec/sec=1   ev/simsec=250.16
     Messages:  created: 51544   present: 219   in FES: 6
** Event #410112   t=2256.152651991641   Elapsed: 2256.1s (37m 36s)  35% completed  (35% total)
     Speed:     ev/sec=245.115   simsec/sec=1   ev/simsec=245.115
     Messages:  created: 51630   present: 263   in FES: 6
** Event #410880   t=2259.461922595657   Elapsed: 2259.41s (37m 39s)  35% completed  (35% total)
     Speed:     ev/sec=232.075   simsec/sec=1   ev/simsec=232.075
     Messages:  created: 51733   present: 278   in FES: 7
** Event #411648   t=2261.839053612405   Elapsed: 2261.78s (37m 41s)  35% completed  (35% total)
     Speed:     ev/sec=323.079   simsec/sec=1   ev/simsec=323.079
     Messages:  created: 51860   present: 339   in FES: 6
** Event #412416   t=2264.755075523067   Elapsed: 2264.7s (37m 44s)  35% completed  (35% total)
     Speed:     ev/sec=263.372   simsec/sec=1   ev/simsec=263.373
     Messages:  created: 51995   present: 417   in FES: 6
** Event #413184   t=2267.670775825251   Elapsed: 2267.61s (37m 47s)  35% completed  (35% total)
     Speed:     ev/sec=263.402   simsec/sec=1   ev/simsec=263.402
     Messages:  created: 52108   present: 451   in FES: 6
** Event #413696   t=2270.139770815092   Elapsed: 2270.08s (37m 50s)  36% completed  (36% total)
     Speed:     ev/sec=207.372   simsec/sec=1   ev/simsec=207.372
     Messages:  created: 52179   present: 466   in FES: 7
** Event #414208   t=2272.265430125933   Elapsed: 2272.21s (37m 52s)  36% completed  (36% total)
     Speed:     ev/sec=240.867   simsec/sec=1   ev/simsec=240.866
     Messages:  created: 52243   present: 465   in FES: 6
** Event #414976   t=2274.689924266074   Elapsed: 2274.63s (37m 54s)  36% completed  (36% total)
     Speed:     ev/sec=316.766   simsec/sec=0.999997   ev/simsec=316.767
     Messages:  created: 52337   present: 452   in FES: 8
** Event #415744   t=2277.505328767538   Elapsed: 2277.49s (37m 57s)  36% completed  (36% total)
     Speed:     ev/sec=268.527   simsec/sec=0.984392   ev/simsec=272.785
     Messages:  created: 52427   present: 427   in FES: 5
** Event #416256   t=2280.409860514193   Elapsed: 2280.35s (38m 00s)  36% completed  (36% total)
     Speed:     ev/sec=179.029   simsec/sec=1.01561   ev/simsec=176.276
     Messages:  created: 52477   present: 396   in FES: 7
t=2280.834985 executing addServer()
adding server with latency=60
** Event #416768   t=2282.714499674056   Elapsed: 2282.67s (38m 02s)  36% completed  (36% total)
     Speed:     ev/sec=220.784   simsec/sec=0.993805   ev/simsec=222.161
     Messages:  created: 52537   present: 384   in FES: 6
** Event #417536   t=2285.576340369146   Elapsed: 2285.52s (38m 05s)  36% completed  (36% total)
     Speed:     ev/sec=269.712   simsec/sec=1.00504   ev/simsec=268.359
     Messages:  created: 52613   present: 333   in FES: 8
** Event #418048   t=2288.031228178148   Elapsed: 2287.97s (38m 07s)  36% completed  (36% total)
     Speed:     ev/sec=208.564   simsec/sec=1   ev/simsec=208.564
     Messages:  created: 52666   present: 310   in FES: 7
** Event #418560   t=2290.905526814053   Elapsed: 2290.85s (38m 10s)  36% completed  (36% total)
     Speed:     ev/sec=178.13   simsec/sec=1   ev/simsec=178.13
     Messages:  created: 52721   present: 292   in FES: 7
** Event #419328   t=2293.716020052782   Elapsed: 2293.66s (38m 13s)  36% completed  (36% total)
     Speed:     ev/sec=273.262   simsec/sec=1   ev/simsec=273.262
     Messages:  created: 52828   present: 314   in FES: 7
** Event #419840   t=2296.097902293175   Elapsed: 2296.04s (38m 16s)  36% completed  (36% total)
     Speed:     ev/sec=214.956   simsec/sec=0.999999   ev/simsec=214.956
     Messages:  created: 52901   present: 332   in FES: 7
** Event #420352   t=2298.495866983147   Elapsed: 2298.44s (38m 18s)  36% completed  (36% total)
     Speed:     ev/sec=213.516   simsec/sec=1.00001   ev/simsec=213.514
     Messages:  created: 52963   present: 328   in FES: 7
** Event #420864   t=2300.666542536751   Elapsed: 2300.61s (38m 20s)  36% completed  (36% total)
     Speed:     ev/sec=235.87   simsec/sec=0.999993   ev/simsec=235.871
     Messages:  created: 53041   present: 357   in FES: 8
** Event #421376   t=2303.207837498951   Elapsed: 2303.15s (38m 23s)  36% completed  (36% total)
     Speed:     ev/sec=201.472   simsec/sec=1   ev/simsec=201.472
     Messages:  created: 53102   present: 351   in FES: 8
** Event #421888   t=2305.951227196422   Elapsed: 2305.89s (38m 25s)  36% completed  (36% total)
     Speed:     ev/sec=186.63   simsec/sec=0.999999   ev/simsec=186.63
     Messages:  created: 53163   present: 345   in FES: 8
** Event #422400   t=2308.511030770728   Elapsed: 2308.45s (38m 28s)  36% completed  (36% total)
     Speed:     ev/sec=200.016   simsec/sec=1   ev/simsec=200.015
     Messages:  created: 53225   present: 340   in FES: 7
** Event #422912   t=2311.04394402644   Elapsed: 2310.99s (38m 30s)  36% completed  (36% total)
     Speed:     ev/sec=202.139   simsec/sec=0.999999   ev/simsec=202.139
     Messages:  created: 53294   present: 350   in FES: 8
** Event #423424   t=2313.654795699686   Elapsed: 2313.6s (38m 33s)  36% completed  (36% total)
     Speed:     ev/sec=196.105   simsec/sec=1   ev/simsec=196.105
     Messages:  created: 53361   present: 353   in FES: 7
** Event #423936   t=2315.825369187193   Elapsed: 2315.77s (38m 35s)  36% completed  (36% total)
     Speed:     ev/sec=235.882   simsec/sec=0.999999   ev/simsec=235.882
     Messages:  created: 53432   present: 367   in FES: 7
** Event #424448   t=2318.072654653517   Elapsed: 2318.02s (38m 38s)  36% completed  (36% total)
     Speed:     ev/sec=227.83   simsec/sec=0.999998   ev/simsec=227.83
     Messages:  created: 53506   present: 388   in FES: 7
** Event #424960   t=2320.623350566579   Elapsed: 2320.63s (38m 40s)  36% completed  (36% total)
     Speed:     ev/sec=195.824   simsec/sec=0.97556   ev/simsec=200.73
     Messages:  created: 53566   present: 379   in FES: 6
** Event #425472   t=2323.338377566394   Elapsed: 2323.28s (38m 43s)  36% completed  (36% total)
     Speed:     ev/sec=193.126   simsec/sec=1.0241   ev/simsec=188.58
     Messages:  created: 53631   present: 380   in FES: 7
** Event #425984   t=2325.359248913426   Elapsed: 2325.3s (38m 45s)  36% completed  (36% total)
     Speed:     ev/sec=253.355   simsec/sec=0.999995   ev/simsec=253.356
     Messages:  created: 53703   present: 395   in FES: 9
** Event #426496   t=2327.443094832872   Elapsed: 2327.39s (38m 47s)  36% completed  (36% total)
     Speed:     ev/sec=245.7   simsec/sec=1   ev/simsec=245.7
     Messages:  created: 53773   present: 406   in FES: 7
** Event #427264   t=2329.478214085663   Elapsed: 2329.42s (38m 49s)  36% completed  (36% total)
     Speed:     ev/sec=377.374   simsec/sec=1   ev/simsec=377.373
     Messages:  created: 53898   present: 458   in FES: 7
** Event #427776   t=2331.913685639538   Elapsed: 2331.86s (38m 51s)  37% completed  (37% total)
     Speed:     ev/sec=210.226   simsec/sec=0.999999   ev/simsec=210.226
     Messages:  created: 53969   present: 473   in FES: 8
** Event #428288   t=2334.462813872473   Elapsed: 2334.41s (38m 54s)  37% completed  (37% total)
     Speed:     ev/sec=200.853   simsec/sec=0.999999   ev/simsec=200.853
     Messages:  created: 54033   present: 471   in FES: 8
** Event #428800   t=2336.88444474916   Elapsed: 2336.83s (38m 56s)  37% completed  (37% total)
     Speed:     ev/sec=211.428   simsec/sec=1   ev/simsec=211.428
     Messages:  created: 54093   present: 460   in FES: 9
** Event #429568   t=2339.317659611023   Elapsed: 2339.27s (38m 59s)  37% completed  (37% total)
     Speed:     ev/sec=315.039   simsec/sec=0.998122   ev/simsec=315.632
     Messages:  created: 54155   present: 369   in FES: 6
t=2340.834985 addServer() complete
t=2340.834993 executing setDimmer(0.75)
** Event #430336   t=2341.998812064425   Elapsed: 2341.94s (39m 01s)  37% completed  (37% total)
     Speed:     ev/sec=286.934   simsec/sec=1.00171   ev/simsec=286.444
     Messages:  created: 54233   present: 333   in FES: 7
** Event #431360   t=2344.436885481468   Elapsed: 2344.38s (39m 04s)  37% completed  (37% total)
     Speed:     ev/sec=419.74   simsec/sec=0.999371   ev/simsec=420.004
     Messages:  created: 54348   present: 308   in FES: 6
** Event #432128   t=2346.680529635204   Elapsed: 2346.7s (39m 06s)  37% completed  (37% total)
     Speed:     ev/sec=330.99   simsec/sec=0.966958   ev/simsec=342.3
     Messages:  created: 54421   present: 261   in FES: 5
** Event #432896   t=2348.776770525504   Elapsed: 2348.72s (39m 08s)  37% completed  (37% total)
     Speed:     ev/sec=380.567   simsec/sec=1.03875   ev/simsec=366.37
     Messages:  created: 54497   present: 222   in FES: 7
** Event #433664   t=2350.890498815566   Elapsed: 2350.83s (39m 10s)  37% completed  (37% total)
     Speed:     ev/sec=363.34   simsec/sec=1   ev/simsec=363.339
     Messages:  created: 54576   present: 187   in FES: 7
** Event #434688   t=2352.970846524139   Elapsed: 2352.91s (39m 12s)  37% completed  (37% total)
     Speed:     ev/sec=492.224   simsec/sec=0.999997   ev/simsec=492.225
     Messages:  created: 54695   present: 169   in FES: 7
** Event #435456   t=2355.287927368475   Elapsed: 2355.23s (39m 15s)  37% completed  (37% total)
     Speed:     ev/sec=331.452   simsec/sec=1   ev/simsec=331.452
     Messages:  created: 54781   present: 150   in FES: 7
** Event #436224   t=2357.72224917062   Elapsed: 2357.67s (39m 17s)  37% completed  (37% total)
     Speed:     ev/sec=315.489   simsec/sec=1   ev/simsec=315.488
     Messages:  created: 54851   present: 93   in FES: 6
** Event #436736   t=2360.069130798499   Elapsed: 2360.01s (39m 20s)  37% completed  (37% total)
     Speed:     ev/sec=218.162   simsec/sec=1   ev/simsec=218.162
     Messages:  created: 54889   present: 25   in FES: 6
** Event #437248   t=2363.137434611526   Elapsed: 2363.12s (39m 23s)  37% completed  (37% total)
     Speed:     ev/sec=164.937   simsec/sec=0.988431   ev/simsec=166.867
     Messages:  created: 54948   present: 11   in FES: 6
** Event #437760   t=2365.962783116919   Elapsed: 2365.91s (39m 25s)  37% completed  (37% total)
     Speed:     ev/sec=183.55   simsec/sec=1.01287   ev/simsec=181.217
     Messages:  created: 55011   present: 8   in FES: 5
** Event #438528   t=2368.404690370564   Elapsed: 2368.35s (39m 28s)  37% completed  (37% total)
     Speed:     ev/sec=314.508   simsec/sec=1   ev/simsec=314.508
     Messages:  created: 55107   present: 8   in FES: 5
** Event #439296   t=2371.122133031725   Elapsed: 2371.07s (39m 31s)  37% completed  (37% total)
     Speed:     ev/sec=282.619   simsec/sec=1   ev/simsec=282.619
     Messages:  created: 55203   present: 9   in FES: 6
** Event #440064   t=2374.016549492084   Elapsed: 2373.96s (39m 33s)  37% completed  (37% total)
     Speed:     ev/sec=265.338   simsec/sec=0.999999   ev/simsec=265.338
     Messages:  created: 55299   present: 9   in FES: 6
** Event #440832   t=2376.94382363889   Elapsed: 2376.89s (39m 36s)  37% completed  (37% total)
     Speed:     ev/sec=262.36   simsec/sec=1   ev/simsec=262.36
     Messages:  created: 55398   present: 17   in FES: 7
** Event #441600   t=2379.875042049159   Elapsed: 2379.82s (39m 39s)  37% completed  (37% total)
     Speed:     ev/sec=262.007   simsec/sec=0.999999   ev/simsec=262.007
     Messages:  created: 55491   present: 8   in FES: 5
** Event #442112   t=2382.312140143759   Elapsed: 2382.26s (39m 42s)  37% completed  (37% total)
     Speed:     ev/sec=210.086   simsec/sec=0.999998   ev/simsec=210.086
     Messages:  created: 55556   present: 10   in FES: 7
** Event #443136   t=2384.912400404298   Elapsed: 2384.86s (39m 44s)  37% completed  (37% total)
     Speed:     ev/sec=393.807   simsec/sec=1   ev/simsec=393.807
     Messages:  created: 55683   present: 8   in FES: 5
** Event #443904   t=2387.51525917432   Elapsed: 2387.47s (39m 47s)  37% completed  (37% total)
     Speed:     ev/sec=293.98   simsec/sec=0.99634   ev/simsec=295.06
     Messages:  created: 55780   present: 11   in FES: 6
** Event #444672   t=2389.904323669545   Elapsed: 2389.85s (39m 49s)  37% completed  (37% total)
     Speed:     ev/sec=322.245   simsec/sec=1.00243   ev/simsec=321.465
     Messages:  created: 55876   present: 11   in FES: 6
** Event #445440   t=2392.16495770343   Elapsed: 2392.11s (39m 52s)  37% completed  (37% total)
     Speed:     ev/sec=340.297   simsec/sec=1.00167   ev/simsec=339.728
     Messages:  created: 55971   present: 9   in FES: 6
** Event #446208   t=2395.154636237102   Elapsed: 2395.1s (39m 55s)  38% completed  (38% total)
     Speed:     ev/sec=256.535   simsec/sec=0.998643   ev/simsec=256.884
     Messages:  created: 56068   present: 11   in FES: 6
** Event #447232   t=2397.220995547545   Elapsed: 2397.16s (39m 57s)  38% completed  (38% total)
     Speed:     ev/sec=496.547   simsec/sec=1.002   ev/simsec=495.558
     Messages:  created: 56197   present: 14   in FES: 7
** Event #448000   t=2399.564809464379   Elapsed: 2399.52s (39m 59s)  38% completed  (38% total)
     Speed:     ev/sec=326.347   simsec/sec=0.995961   ev/simsec=327.671
     Messages:  created: 56292   present: 11   in FES: 6
t=2400.834978 executing addServer()
adding server with latency=60
** Event #448768   t=2402.377563280713   Elapsed: 2402.32s (40m 02s)  38% completed  (38% total)
     Speed:     ev/sec=273.677   simsec/sec=1.00233   ev/simsec=273.042
     Messages:  created: 56390   present: 15   in FES: 7
** Event #449536   t=2405.074399790433   Elapsed: 2405.02s (40m 05s)  38% completed  (38% total)
     Speed:     ev/sec=285.087   simsec/sec=1.00108   ev/simsec=284.778
     Messages:  created: 56485   present: 12   in FES: 7
** Event #450048   t=2407.261245438192   Elapsed: 2407.2s (40m 07s)  38% completed  (38% total)
     Speed:     ev/sec=234.127   simsec/sec=1   ev/simsec=234.127
     Messages:  created: 56549   present: 11   in FES: 7
** Event #450560   t=2409.95391909572   Elapsed: 2409.9s (40m 09s)  38% completed  (38% total)
     Speed:     ev/sec=190.146   simsec/sec=1   ev/simsec=190.146
     Messages:  created: 56613   present: 13   in FES: 8
** Event #451072   t=2413.266965230067   Elapsed: 2413.21s (40m 13s)  38% completed  (38% total)
     Speed:     ev/sec=154.54   simsec/sec=0.999999   ev/simsec=154.541
     Messages:  created: 56677   present: 11   in FES: 7
** Event #451584   t=2415.680753589487   Elapsed: 2415.62s (40m 15s)  38% completed  (38% total)
     Speed:     ev/sec=212.115   simsec/sec=1   ev/simsec=212.115
     Messages:  created: 56741   present: 11   in FES: 7
** Event #452096   t=2418.212052355791   Elapsed: 2418.16s (40m 18s)  38% completed  (38% total)
     Speed:     ev/sec=202.268   simsec/sec=1   ev/simsec=202.268
     Messages:  created: 56805   present: 12   in FES: 7
** Event #452608   t=2420.522397834979   Elapsed: 2420.47s (40m 20s)  38% completed  (38% total)
     Speed:     ev/sec=221.612   simsec/sec=1   ev/simsec=221.612
     Messages:  created: 56869   present: 11   in FES: 7
** Event #453632   t=2423.461750062058   Elapsed: 2423.41s (40m 23s)  38% completed  (38% total)
     Speed:     ev/sec=348.376   simsec/sec=1   ev/simsec=348.376
     Messages:  created: 56996   present: 10   in FES: 6
** Event #454144   t=2425.756164792926   Elapsed: 2425.7s (40m 25s)  38% completed  (38% total)
     Speed:     ev/sec=223.15   simsec/sec=0.999999   ev/simsec=223.151
     Messages:  created: 57061   present: 11   in FES: 7
** Event #454912   t=2428.136768239955   Elapsed: 2428.08s (40m 28s)  38% completed  (38% total)
     Speed:     ev/sec=322.607   simsec/sec=1   ev/simsec=322.607
     Messages:  created: 57158   present: 14   in FES: 8
** Event #455680   t=2430.683784741968   Elapsed: 2430.63s (40m 30s)  38% completed  (38% total)
     Speed:     ev/sec=301.529   simsec/sec=1   ev/simsec=301.529
     Messages:  created: 57253   present: 12   in FES: 7
** Event #456448   t=2433.215640497066   Elapsed: 2433.16s (40m 33s)  38% completed  (38% total)
     Speed:     ev/sec=303.335   simsec/sec=1   ev/simsec=303.335
     Messages:  created: 57349   present: 11   in FES: 7
** Event #457216   t=2436.168856486854   Elapsed: 2436.11s (40m 36s)  38% completed  (38% total)
     Speed:     ev/sec=260.056   simsec/sec=1   ev/simsec=260.055
     Messages:  created: 57445   present: 11   in FES: 7
** Event #457984   t=2439.098659484959   Elapsed: 2439.04s (40m 39s)  38% completed  (38% total)
     Speed:     ev/sec=262.133   simsec/sec=0.999999   ev/simsec=262.134
     Messages:  created: 57541   present: 11   in FES: 7
** Event #458752   t=2441.91111062476   Elapsed: 2441.85s (40m 41s)  38% completed  (38% total)
     Speed:     ev/sec=273.071   simsec/sec=1   ev/simsec=273.071
     Messages:  created: 57637   present: 11   in FES: 7
** Event #459264   t=2445.170918918694   Elapsed: 2445.11s (40m 45s)  38% completed  (38% total)
     Speed:     ev/sec=157.065   simsec/sec=1   ev/simsec=157.064
     Messages:  created: 57700   present: 10   in FES: 6
** Event #459776   t=2447.729349332978   Elapsed: 2447.67s (40m 47s)  38% completed  (38% total)
     Speed:     ev/sec=200.123   simsec/sec=0.999999   ev/simsec=200.123
     Messages:  created: 57765   present: 11   in FES: 7
** Event #460288   t=2450.32363102572   Elapsed: 2450.27s (40m 50s)  38% completed  (38% total)
     Speed:     ev/sec=197.357   simsec/sec=1   ev/simsec=197.357
     Messages:  created: 57829   present: 11   in FES: 7
** Event #461056   t=2452.999673202974   Elapsed: 2452.94s (40m 52s)  38% completed  (38% total)
     Speed:     ev/sec=286.991   simsec/sec=1   ev/simsec=286.991
     Messages:  created: 57925   present: 11   in FES: 7
** Event #461568   t=2455.518873991451   Elapsed: 2455.46s (40m 55s)  38% completed  (38% total)
     Speed:     ev/sec=203.241   simsec/sec=1.00001   ev/simsec=203.239
     Messages:  created: 57989   present: 11   in FES: 7
** Event #462592   t=2458.529750308544   Elapsed: 2458.47s (40m 58s)  39% completed  (39% total)
     Speed:     ev/sec=340.098   simsec/sec=0.999993   ev/simsec=340.1
     Messages:  created: 58117   present: 11   in FES: 7
** Event #463104   t=2460.636865927963   Elapsed: 2460.58s (41m 00s)  39% completed  (39% total)
     Speed:     ev/sec=242.986   simsec/sec=1   ev/simsec=242.986
     Messages:  created: 58181   present: 12   in FES: 7
t=2460.834978 addServer() complete
t=2460.835 executing setDimmer(1)
** Event #464128   t=2463.228811854221   Elapsed: 2463.17s (41m 03s)  39% completed  (39% total)
     Speed:     ev/sec=395.07   simsec/sec=1   ev/simsec=395.07
     Messages:  created: 58309   present: 13   in FES: 6
** Event #464896   t=2465.581720334579   Elapsed: 2465.53s (41m 05s)  39% completed  (39% total)
     Speed:     ev/sec=326.402   simsec/sec=0.999992   ev/simsec=326.405
     Messages:  created: 58403   present: 9   in FES: 5
** Event #465664   t=2468.309355755724   Elapsed: 2468.25s (41m 08s)  39% completed  (39% total)
     Speed:     ev/sec=281.564   simsec/sec=1.00001   ev/simsec=281.563
     Messages:  created: 58502   present: 15   in FES: 8
** Event #466432   t=2470.957573040309   Elapsed: 2470.9s (41m 10s)  39% completed  (39% total)
     Speed:     ev/sec=290.006   simsec/sec=1   ev/simsec=290.006
     Messages:  created: 58596   present: 10   in FES: 6
** Event #467200   t=2473.105941147786   Elapsed: 2473.05s (41m 13s)  39% completed  (39% total)
     Speed:     ev/sec=357.481   simsec/sec=1   ev/simsec=357.481
     Messages:  created: 58692   present: 10   in FES: 6
** Event #467712   t=2475.199741458345   Elapsed: 2475.14s (41m 15s)  39% completed  (39% total)
     Speed:     ev/sec=244.531   simsec/sec=0.999999   ev/simsec=244.531
     Messages:  created: 58755   present: 9   in FES: 5
** Event #468224   t=2478.410855941728   Elapsed: 2478.35s (41m 18s)  39% completed  (39% total)
     Speed:     ev/sec=159.446   simsec/sec=1   ev/simsec=159.446
     Messages:  created: 58819   present: 9   in FES: 5
** Event #468736   t=2481.014106610593   Elapsed: 2480.96s (41m 20s)  39% completed  (39% total)
     Speed:     ev/sec=196.677   simsec/sec=0.999999   ev/simsec=196.677
     Messages:  created: 58884   present: 10   in FES: 6
** Event #469248   t=2483.035780749987   Elapsed: 2482.98s (41m 22s)  39% completed  (39% total)
     Speed:     ev/sec=252.543   simsec/sec=0.997186   ev/simsec=253.255
     Messages:  created: 58948   present: 11   in FES: 7
** Event #469760   t=2485.178126404761   Elapsed: 2485.12s (41m 25s)  39% completed  (39% total)
     Speed:     ev/sec=239.628   simsec/sec=1.00267   ev/simsec=238.99
     Messages:  created: 59011   present: 9   in FES: 5
** Event #470528   t=2487.812223201442   Elapsed: 2487.76s (41m 27s)  39% completed  (39% total)
     Speed:     ev/sec=291.334   simsec/sec=0.999223   ev/simsec=291.561
     Messages:  created: 59108   present: 11   in FES: 6
** Event #471296   t=2490.879238036208   Elapsed: 2490.82s (41m 30s)  39% completed  (39% total)
     Speed:     ev/sec=250.574   simsec/sec=1.00067   ev/simsec=250.406
     Messages:  created: 59204   present: 10   in FES: 6
** Event #472064   t=2493.735034533134   Elapsed: 2493.72s (41m 33s)  39% completed  (39% total)
     Speed:     ev/sec=264.803   simsec/sec=0.984667   ev/simsec=268.927
     Messages:  created: 59300   present: 11   in FES: 6
** Event #472832   t=2496.539064690365   Elapsed: 2496.48s (41m 36s)  39% completed  (39% total)
     Speed:     ev/sec=278.306   simsec/sec=1.01612   ev/simsec=273.891
     Messages:  created: 59396   present: 10   in FES: 6
** Event #473344   t=2498.810324044987   Elapsed: 2498.77s (41m 38s)  39% completed  (39% total)
     Speed:     ev/sec=223.69   simsec/sec=0.992299   ev/simsec=225.426
     Messages:  created: 59460   present: 11   in FES: 7
** Event #474112   t=2502.064217906483   Elapsed: 2502.01s (41m 42s)  39% completed  (39% total)
     Speed:     ev/sec=237.31   simsec/sec=1.00545   ev/simsec=236.025
     Messages:  created: 59556   present: 10   in FES: 6
** Event #474880   t=2504.7303919606   Elapsed: 2504.67s (41m 44s)  39% completed  (39% total)
     Speed:     ev/sec=288.053   simsec/sec=1   ev/simsec=288.053
     Messages:  created: 59651   present: 9   in FES: 5
** Event #475648   t=2507.06475484988   Elapsed: 2507.01s (41m 47s)  39% completed  (39% total)
     Speed:     ev/sec=328.997   simsec/sec=0.999998   ev/simsec=328.998
     Messages:  created: 59748   present: 10   in FES: 6
** Event #476160   t=2509.949277540913   Elapsed: 2509.89s (41m 49s)  39% completed  (39% total)
     Speed:     ev/sec=177.499   simsec/sec=1   ev/simsec=177.499
     Messages:  created: 59811   present: 9   in FES: 5
** Event #476672   t=2512.042488622533   Elapsed: 2511.99s (41m 51s)  39% completed  (39% total)
     Speed:     ev/sec=244.6   simsec/sec=1   ev/simsec=244.6
     Messages:  created: 59880   present: 21   in FES: 8
** Event #477440   t=2514.263451550881   Elapsed: 2514.21s (41m 54s)  39% completed  (39% total)
     Speed:     ev/sec=345.796   simsec/sec=1   ev/simsec=345.796
     Messages:  created: 59975   present: 18   in FES: 8
** Event #478464   t=2516.383720342544   Elapsed: 2516.33s (41m 56s)  39% completed  (39% total)
     Speed:     ev/sec=482.958   simsec/sec=1   ev/simsec=482.958
     Messages:  created: 60101   present: 14   in FES: 6
** Event #479232   t=2518.738030199419   Elapsed: 2518.68s (41m 58s)  39% completed  (39% total)
     Speed:     ev/sec=326.021   simsec/sec=0.999419   ev/simsec=326.21
     Messages:  created: 60196   present: 11   in FES: 6
t=2520.835012 executing removeServer()
scheduled complete remove at 2520.907025606759
** Event #480000   t=2521.668595029762   Elapsed: 2521.66s (42m 01s)  40% completed  (40% total)
     Speed:     ev/sec=258.077   simsec/sec=0.984781   ev/simsec=262.066
     Messages:  created: 60292   present: 7   in FES: 4
** Event #480768   t=2524.326479487585   Elapsed: 2524.27s (42m 04s)  40% completed  (40% total)
     Speed:     ev/sec=294.115   simsec/sec=1.01787   ev/simsec=288.952
     Messages:  created: 60389   present: 10   in FES: 7
** Event #481536   t=2526.884391733434   Elapsed: 2526.84s (42m 06s)  40% completed  (40% total)
     Speed:     ev/sec=299.223   simsec/sec=0.996596   ev/simsec=300.245
     Messages:  created: 60487   present: 15   in FES: 6
** Event #482304   t=2529.387891632002   Elapsed: 2529.33s (42m 09s)  40% completed  (40% total)
     Speed:     ev/sec=307.845   simsec/sec=1.0035   ev/simsec=306.771
     Messages:  created: 60585   present: 20   in FES: 7
** Event #483072   t=2532.135920695422   Elapsed: 2532.08s (42m 12s)  40% completed  (40% total)
     Speed:     ev/sec=279.473   simsec/sec=1   ev/simsec=279.473
     Messages:  created: 60678   present: 11   in FES: 7
** Event #483584   t=2534.281653199055   Elapsed: 2534.22s (42m 14s)  40% completed  (40% total)
     Speed:     ev/sec=238.613   simsec/sec=1   ev/simsec=238.613
     Messages:  created: 60741   present: 10   in FES: 6
** Event #484096   t=2536.409273918074   Elapsed: 2536.35s (42m 16s)  40% completed  (40% total)
     Speed:     ev/sec=240.425   simsec/sec=0.99909   ev/simsec=240.644
     Messages:  created: 60804   present: 7   in FES: 4
** Event #484608   t=2539.105372827162   Elapsed: 2539.05s (42m 19s)  40% completed  (40% total)
     Speed:     ev/sec=190.04   simsec/sec=1.00072   ev/simsec=189.904
     Messages:  created: 60871   present: 14   in FES: 7
** Event #485120   t=2541.643975434019   Elapsed: 2541.59s (42m 21s)  40% completed  (40% total)
     Speed:     ev/sec=201.146   simsec/sec=0.997322   ev/simsec=201.686
     Messages:  created: 60932   present: 7   in FES: 4
** Event #486144   t=2544.168447461873   Elapsed: 2544.11s (42m 24s)  40% completed  (40% total)
     Speed:     ev/sec=406.728   simsec/sec=1.00271   ev/simsec=405.629
     Messages:  created: 61064   present: 18   in FES: 6
** Event #486912   t=2546.743488532605   Elapsed: 2546.69s (42m 26s)  40% completed  (40% total)
     Speed:     ev/sec=298.248   simsec/sec=1   ev/simsec=298.248
     Messages:  created: 61157   present: 9   in FES: 6
** Event #487936   t=2549.385711855242   Elapsed: 2549.33s (42m 29s)  40% completed  (40% total)
     Speed:     ev/sec=387.552   simsec/sec=1   ev/simsec=387.552
     Messages:  created: 61293   present: 30   in FES: 7
** Event #488960   t=2551.865070942448   Elapsed: 2551.81s (42m 31s)  40% completed  (40% total)
     Speed:     ev/sec=412.588   simsec/sec=0.998979   ev/simsec=413.01
     Messages:  created: 61424   present: 39   in FES: 6
** Event #489728   t=2553.867708256864   Elapsed: 2553.81s (42m 33s)  40% completed  (40% total)
     Speed:     ev/sec=383.98   simsec/sec=1.00127   ev/simsec=383.494
     Messages:  created: 61522   present: 43   in FES: 7
** Event #490496   t=2556.250277584778   Elapsed: 2556.31s (42m 36s)  40% completed  (40% total)
     Speed:     ev/sec=307.444   simsec/sec=0.953786   ev/simsec=322.341
     Messages:  created: 61604   present: 7   in FES: 4
** Event #491008   t=2559.159724353632   Elapsed: 2559.1s (42m 39s)  40% completed  (40% total)
     Speed:     ev/sec=183.25   simsec/sec=1.04132   ev/simsec=175.978
     Messages:  created: 61671   present: 14   in FES: 7
** Event #492288   t=2561.186012996364   Elapsed: 2561.13s (42m 41s)  40% completed  (40% total)
     Speed:     ev/sec=630.603   simsec/sec=0.998269   ev/simsec=631.697
     Messages:  created: 61879   present: 143   in FES: 6
** Event #493312   t=2563.744373404698   Elapsed: 2563.69s (42m 43s)  40% completed  (40% total)
     Speed:     ev/sec=400.807   simsec/sec=1.00137   ev/simsec=400.256
     Messages:  created: 62017   present: 169   in FES: 7
** Event #494080   t=2566.303081826439   Elapsed: 2566.25s (42m 46s)  40% completed  (40% total)
     Speed:     ev/sec=299.501   simsec/sec=0.997833   ev/simsec=300.151
     Messages:  created: 62085   present: 95   in FES: 6
** Event #494848   t=2568.897079013039   Elapsed: 2568.84s (42m 48s)  40% completed  (40% total)
     Speed:     ev/sec=296.704   simsec/sec=1.00215   ev/simsec=296.068
     Messages:  created: 62150   present: 11   in FES: 7
** Event #495360   t=2571.733077397956   Elapsed: 2571.68s (42m 51s)  40% completed  (40% total)
     Speed:     ev/sec=180.536   simsec/sec=0.999999   ev/simsec=180.536
     Messages:  created: 62213   present: 9   in FES: 6
** Event #495872   t=2574.266546641565   Elapsed: 2574.35s (42m 54s)  40% completed  (40% total)
     Speed:     ev/sec=191.273   simsec/sec=0.946452   ev/simsec=202.094
     Messages:  created: 62276   present: 7   in FES: 4
** Event #496384   t=2576.900957749236   Elapsed: 2576.89s (42m 56s)  40% completed  (40% total)
     Speed:     ev/sec=201.919   simsec/sec=1.03894   ev/simsec=194.351
     Messages:  created: 62340   present: 7   in FES: 4
** Event #496896   t=2579.064950849975   Elapsed: 2579.03s (42m 59s)  40% completed  (40% total)
     Speed:     ev/sec=239.678   simsec/sec=1.01301   ev/simsec=236.6
     Messages:  created: 62407   present: 15   in FES: 6
** Event #497664   t=2581.805404153593   Elapsed: 2581.75s (43m 01s)  40% completed  (40% total)
     Speed:     ev/sec=281.975   simsec/sec=1.00617   ev/simsec=280.246
     Messages:  created: 62500   present: 8   in FES: 5
** Event #498176   t=2583.92064437923   Elapsed: 2583.86s (43m 03s)  41% completed  (41% total)
     Speed:     ev/sec=242.05   simsec/sec=0.999988   ev/simsec=242.053
     Messages:  created: 62564   present: 8   in FES: 5
** Event #498688   t=2585.964566404271   Elapsed: 2585.91s (43m 05s)  41% completed  (41% total)
     Speed:     ev/sec=250.502   simsec/sec=1.00001   ev/simsec=250.499
     Messages:  created: 62630   present: 13   in FES: 7
** Event #499456   t=2588.925772225298   Elapsed: 2588.87s (43m 08s)  41% completed  (41% total)
     Speed:     ev/sec=259.354   simsec/sec=0.999999   ev/simsec=259.354
     Messages:  created: 62724   present: 8   in FES: 5
** Event #500224   t=2591.292624842978   Elapsed: 2591.25s (43m 11s)  41% completed  (41% total)
     Speed:     ev/sec=322.758   simsec/sec=0.994688   ev/simsec=324.482
     Messages:  created: 62822   present: 14   in FES: 6
** Event #500992   t=2593.32047126801   Elapsed: 2593.26s (43m 13s)  41% completed  (41% total)
     Speed:     ev/sec=381.102   simsec/sec=1.00627   ev/simsec=378.727
     Messages:  created: 62917   present: 10   in FES: 6
** Event #501504   t=2595.5640052725   Elapsed: 2595.51s (43m 15s)  41% completed  (41% total)
     Speed:     ev/sec=228.211   simsec/sec=1   ev/simsec=228.211
     Messages:  created: 62981   present: 10   in FES: 7
** Event #502272   t=2598.326800076081   Elapsed: 2598.27s (43m 18s)  41% completed  (41% total)
     Speed:     ev/sec=277.979   simsec/sec=1   ev/simsec=277.979
     Messages:  created: 63076   present: 8   in FES: 5
** Event #503040   t=2600.545410096612   Elapsed: 2600.49s (43m 20s)  41% completed  (41% total)
     Speed:     ev/sec=346.163   simsec/sec=1   ev/simsec=346.163
     Messages:  created: 63174   present: 13   in FES: 7
** Event #503808   t=2603.111993605165   Elapsed: 2603.06s (43m 23s)  41% completed  (41% total)
     Speed:     ev/sec=299.23   simsec/sec=1   ev/simsec=299.23
     Messages:  created: 63269   present: 10   in FES: 6
** Event #504832   t=2605.854542503111   Elapsed: 2605.8s (43m 25s)  41% completed  (41% total)
     Speed:     ev/sec=373.375   simsec/sec=1   ev/simsec=373.375
     Messages:  created: 63397   present: 10   in FES: 6
** Event #505344   t=2608.895861544693   Elapsed: 2608.84s (43m 28s)  41% completed  (41% total)
     Speed:     ev/sec=168.348   simsec/sec=0.999999   ev/simsec=168.348
     Messages:  created: 63461   present: 12   in FES: 7
** Event #506368   t=2611.193683698609   Elapsed: 2611.14s (43m 31s)  41% completed  (41% total)
     Speed:     ev/sec=445.64   simsec/sec=1   ev/simsec=445.639
     Messages:  created: 63597   present: 33   in FES: 7
** Event #507392   t=2613.734242576989   Elapsed: 2613.68s (43m 33s)  41% completed  (41% total)
     Speed:     ev/sec=403.061   simsec/sec=1   ev/simsec=403.061
     Messages:  created: 63726   present: 35   in FES: 7
** Event #507904   t=2615.973471306548   Elapsed: 2615.92s (43m 35s)  41% completed  (41% total)
     Speed:     ev/sec=228.65   simsec/sec=1   ev/simsec=228.65
     Messages:  created: 63780   present: 9   in FES: 6
** Event #508928   t=2618.339134812982   Elapsed: 2618.28s (43m 38s)  41% completed  (41% total)
     Speed:     ev/sec=432.859   simsec/sec=1   ev/simsec=432.86
     Messages:  created: 63917   present: 32   in FES: 7
** Event #509696   t=2620.420014163449   Elapsed: 2620.36s (43m 40s)  41% completed  (41% total)
     Speed:     ev/sec=369.075   simsec/sec=1   ev/simsec=369.075
     Messages:  created: 64011   present: 26   in FES: 7
** Event #510720   t=2622.913847720816   Elapsed: 2622.86s (43m 42s)  41% completed  (41% total)
     Speed:     ev/sec=410.612   simsec/sec=0.999999   ev/simsec=410.613
     Messages:  created: 64138   present: 25   in FES: 7
** Event #511232   t=2624.924683854625   Elapsed: 2624.87s (43m 44s)  41% completed  (41% total)
     Speed:     ev/sec=254.621   simsec/sec=1   ev/simsec=254.62
     Messages:  created: 64196   present: 8   in FES: 5
** Event #512000   t=2627.284601084717   Elapsed: 2627.23s (43m 47s)  41% completed  (41% total)
     Speed:     ev/sec=325.435   simsec/sec=1   ev/simsec=325.435
     Messages:  created: 64299   present: 26   in FES: 7
** Event #513024   t=2629.812081133804   Elapsed: 2629.76s (43m 49s)  41% completed  (41% total)
     Speed:     ev/sec=405.146   simsec/sec=1   ev/simsec=405.147
     Messages:  created: 64436   present: 50   in FES: 7
** Event #513792   t=2632.522940213307   Elapsed: 2632.47s (43m 52s)  41% completed  (41% total)
     Speed:     ev/sec=283.305   simsec/sec=1   ev/simsec=283.305
     Messages:  created: 64517   present: 10   in FES: 7
** Event #514560   t=2635.083660575813   Elapsed: 2635.03s (43m 55s)  41% completed  (41% total)
     Speed:     ev/sec=299.916   simsec/sec=1   ev/simsec=299.916
     Messages:  created: 64613   present: 12   in FES: 7
** Event #515072   t=2637.603163679806   Elapsed: 2637.55s (43m 57s)  41% completed  (41% total)
     Speed:     ev/sec=203.214   simsec/sec=0.999999   ev/simsec=203.215
     Messages:  created: 64676   present: 8   in FES: 5
** Event #515584   t=2639.801860390324   Elapsed: 2639.75s (43m 59s)  41% completed  (41% total)
     Speed:     ev/sec=232.866   simsec/sec=1   ev/simsec=232.865
     Messages:  created: 64741   present: 10   in FES: 7
** Event #516608   t=2642.263107391311   Elapsed: 2642.21s (44m 02s)  41% completed  (41% total)
     Speed:     ev/sec=416.048   simsec/sec=0.999997   ev/simsec=416.049
     Messages:  created: 64876   present: 32   in FES: 7
** Event #517376   t=2644.350101316415   Elapsed: 2644.29s (44m 04s)  41% completed  (41% total)
     Speed:     ev/sec=367.994   simsec/sec=1   ev/simsec=367.993
     Messages:  created: 64968   present: 20   in FES: 6
** Event #518144   t=2647.069760867601   Elapsed: 2647.04s (44m 07s)  42% completed  (42% total)
     Speed:     ev/sec=280.047   simsec/sec=0.991707   ev/simsec=282.388
     Messages:  created: 65061   present: 13   in FES: 6
** Event #519168   t=2649.834417717098   Elapsed: 2649.78s (44m 09s)  42% completed  (42% total)
     Speed:     ev/sec=373.461   simsec/sec=1.00829   ev/simsec=370.39
     Messages:  created: 65191   present: 19   in FES: 6
** Event #519680   t=2652.443157532068   Elapsed: 2652.39s (44m 12s)  42% completed  (42% total)
     Speed:     ev/sec=196.263   simsec/sec=1   ev/simsec=196.263
     Messages:  created: 65253   present: 12   in FES: 7
** Event #520448   t=2654.931710446146   Elapsed: 2654.88s (44m 14s)  42% completed  (42% total)
     Speed:     ev/sec=308.613   simsec/sec=1   ev/simsec=308.613
     Messages:  created: 65348   present: 9   in FES: 6
** Event #520960   t=2657.926086678445   Elapsed: 2657.87s (44m 17s)  42% completed  (42% total)
     Speed:     ev/sec=170.987   simsec/sec=0.999999   ev/simsec=170.987
     Messages:  created: 65411   present: 8   in FES: 5
** Event #521728   t=2660.629953120862   Elapsed: 2660.57s (44m 20s)  42% completed  (42% total)
     Speed:     ev/sec=284.038   simsec/sec=1   ev/simsec=284.038
     Messages:  created: 65508   present: 11   in FES: 7
** Event #522496   t=2663.527228604702   Elapsed: 2663.47s (44m 23s)  42% completed  (42% total)
     Speed:     ev/sec=265.076   simsec/sec=0.999999   ev/simsec=265.077
     Messages:  created: 65604   present: 10   in FES: 7
** Event #523520   t=2666.155550911457   Elapsed: 2666.12s (44m 26s)  42% completed  (42% total)
     Speed:     ev/sec=386.153   simsec/sec=0.991148   ev/simsec=389.602
     Messages:  created: 65733   present: 13   in FES: 6
** Event #524288   t=2668.447254892192   Elapsed: 2668.39s (44m 28s)  42% completed  (42% total)
     Speed:     ev/sec=338.59   simsec/sec=1.01035   ev/simsec=335.122
     Messages:  created: 65833   present: 24   in FES: 7
** Event #525312   t=2671.242496881052   Elapsed: 2671.19s (44m 31s)  42% completed  (42% total)
     Speed:     ev/sec=366.337   simsec/sec=1   ev/simsec=366.337
     Messages:  created: 65957   present: 12   in FES: 7
** Event #526080   t=2673.539813874381   Elapsed: 2673.48s (44m 33s)  42% completed  (42% total)
     Speed:     ev/sec=334.303   simsec/sec=1   ev/simsec=334.303
     Messages:  created: 66053   present: 12   in FES: 7
** Event #527104   t=2675.964228883883   Elapsed: 2675.91s (44m 35s)  42% completed  (42% total)
     Speed:     ev/sec=421.744   simsec/sec=0.998518   ev/simsec=422.37
     Messages:  created: 66187   present: 29   in FES: 6
** Event #527872   t=2678.452762751706   Elapsed: 2678.41s (44m 38s)  42% completed  (42% total)
     Speed:     ev/sec=307.423   simsec/sec=0.996135   ev/simsec=308.615
     Messages:  created: 66277   present: 13   in FES: 6
** Event #528384   t=2680.912520714863   Elapsed: 2680.86s (44m 40s)  42% completed  (42% total)
     Speed:     ev/sec=209.278   simsec/sec=1.00542   ev/simsec=208.151
     Messages:  created: 66340   present: 10   in FES: 6
** Event #529152   t=2683.256148246205   Elapsed: 2683.2s (44m 43s)  42% completed  (42% total)
     Speed:     ev/sec=327.268   simsec/sec=0.99869   ev/simsec=327.697
     Messages:  created: 66437   present: 13   in FES: 6
** Event #529664   t=2686.255511804357   Elapsed: 2686.2s (44m 46s)  42% completed  (42% total)
     Speed:     ev/sec=170.878   simsec/sec=1.00103   ev/simsec=170.703
     Messages:  created: 66500   present: 10   in FES: 7
** Event #530432   t=2688.653191202505   Elapsed: 2688.6s (44m 48s)  42% completed  (42% total)
     Speed:     ev/sec=320.309   simsec/sec=0.999999   ev/simsec=320.31
     Messages:  created: 66600   present: 20   in FES: 7
** Event #531200   t=2691.163697053202   Elapsed: 2691.11s (44m 51s)  42% completed  (42% total)
     Speed:     ev/sec=305.915   simsec/sec=1   ev/simsec=305.914
     Messages:  created: 66692   present: 9   in FES: 6
** Event #531968   t=2693.363481655553   Elapsed: 2693.32s (44m 53s)  42% completed  (42% total)
     Speed:     ev/sec=347.348   simsec/sec=0.994911   ev/simsec=349.125
     Messages:  created: 66789   present: 13   in FES: 6
** Event #532992   t=2695.81922558426   Elapsed: 2695.76s (44m 55s)  42% completed  (42% total)
     Speed:     ev/sec=418.901   simsec/sec=1.0046   ev/simsec=416.982
     Messages:  created: 66924   present: 31   in FES: 7
** Event #534016   t=2698.04843223032   Elapsed: 2698s (44m 57s)  42% completed  (42% total)
     Speed:     ev/sec=458.242   simsec/sec=0.997574   ev/simsec=459.356
     Messages:  created: 67075   present: 93   in FES: 6
** Event #535040   t=2700.519518106647   Elapsed: 2700.46s (45m 00s)  42% completed  (42% total)
     Speed:     ev/sec=415.303   simsec/sec=1.0022   ev/simsec=414.393
     Messages:  created: 67201   present: 88   in FES: 7
** Event #536064   t=2703.193632910378   Elapsed: 2703.14s (45m 03s)  42% completed  (42% total)
     Speed:     ev/sec=382.907   simsec/sec=0.999938   ev/simsec=382.93
     Messages:  created: 67336   present: 108   in FES: 6
** Event #537344   t=2705.500118887824   Elapsed: 2705.44s (45m 05s)  42% completed  (42% total)
     Speed:     ev/sec=554.997   simsec/sec=1.00007   ev/simsec=554.957
     Messages:  created: 67529   present: 193   in FES: 7
** Event #538368   t=2707.810599741565   Elapsed: 2707.75s (45m 07s)  42% completed  (42% total)
     Speed:     ev/sec=443.197   simsec/sec=0.999999   ev/simsec=443.198
     Messages:  created: 67667   present: 217   in FES: 8
** Event #539392   t=2710.047409582932   Elapsed: 2709.99s (45m 09s)  43% completed  (43% total)
     Speed:     ev/sec=457.795   simsec/sec=1   ev/simsec=457.795
     Messages:  created: 67804   present: 236   in FES: 7
** Event #540416   t=2712.680236242559   Elapsed: 2712.62s (45m 12s)  43% completed  (43% total)
     Speed:     ev/sec=388.936   simsec/sec=1   ev/simsec=388.936
     Messages:  created: 67936   present: 244   in FES: 7
** Event #541184   t=2714.752923331165   Elapsed: 2714.7s (45m 14s)  43% completed  (43% total)
     Speed:     ev/sec=370.533   simsec/sec=0.999999   ev/simsec=370.533
     Messages:  created: 68016   present: 210   in FES: 7
** Event #541952   t=2716.768008711091   Elapsed: 2716.71s (45m 16s)  43% completed  (43% total)
     Speed:     ev/sec=381.126   simsec/sec=1   ev/simsec=381.125
     Messages:  created: 68110   present: 206   in FES: 7
** Event #542720   t=2718.781241338355   Elapsed: 2718.72s (45m 18s)  43% completed  (43% total)
     Speed:     ev/sec=381.476   simsec/sec=1   ev/simsec=381.476
     Messages:  created: 68205   present: 203   in FES: 7
** Event #543744   t=2721.149641291047   Elapsed: 2721.09s (45m 21s)  43% completed  (43% total)
     Speed:     ev/sec=432.359   simsec/sec=0.999999   ev/simsec=432.359
     Messages:  created: 68346   present: 232   in FES: 7
** Event #544768   t=2723.392085390918   Elapsed: 2723.34s (45m 23s)  43% completed  (43% total)
     Speed:     ev/sec=456.645   simsec/sec=1   ev/simsec=456.645
     Messages:  created: 68497   present: 279   in FES: 8
** Event #545792   t=2725.897610056999   Elapsed: 2725.84s (45m 25s)  43% completed  (43% total)
     Speed:     ev/sec=408.697   simsec/sec=1   ev/simsec=408.697
     Messages:  created: 68632   present: 292   in FES: 7
** Event #547072   t=2728.463923972133   Elapsed: 2728.41s (45m 28s)  43% completed  (43% total)
     Speed:     ev/sec=498.77   simsec/sec=1   ev/simsec=498.77
     Messages:  created: 68816   present: 340   in FES: 7
** Event #548096   t=2731.005017400345   Elapsed: 2730.95s (45m 30s)  43% completed  (43% total)
     Speed:     ev/sec=402.976   simsec/sec=0.999999   ev/simsec=402.976
     Messages:  created: 68944   present: 341   in FES: 8
** Event #548864   t=2733.073958579958   Elapsed: 2733.02s (45m 33s)  43% completed  (43% total)
     Speed:     ev/sec=371.205   simsec/sec=1   ev/simsec=371.204
     Messages:  created: 69022   present: 304   in FES: 7
** Event #549888   t=2735.256158270823   Elapsed: 2735.2s (45m 35s)  43% completed  (43% total)
     Speed:     ev/sec=469.251   simsec/sec=0.999998   ev/simsec=469.251
     Messages:  created: 69170   present: 345   in FES: 8
** Event #550656   t=2737.325777317333   Elapsed: 2737.27s (45m 37s)  43% completed  (43% total)
     Speed:     ev/sec=371.083   simsec/sec=1   ev/simsec=371.083
     Messages:  created: 69262   present: 337   in FES: 8
** Event #551680   t=2739.778627131228   Elapsed: 2739.72s (45m 39s)  43% completed  (43% total)
     Speed:     ev/sec=417.474   simsec/sec=1   ev/simsec=417.474
     Messages:  created: 69378   present: 313   in FES: 8
** Event #552448   t=2741.933045501216   Elapsed: 2741.88s (45m 41s)  43% completed  (43% total)
     Speed:     ev/sec=356.477   simsec/sec=1   ev/simsec=356.477
     Messages:  created: 69457   present: 278   in FES: 7
** Event #553216   t=2744.462267540648   Elapsed: 2744.41s (45m 44s)  43% completed  (43% total)
     Speed:     ev/sec=303.65   simsec/sec=0.999999   ev/simsec=303.651
     Messages:  created: 69527   present: 227   in FES: 7
** Event #553984   t=2746.997820043121   Elapsed: 2746.94s (45m 46s)  43% completed  (43% total)
     Speed:     ev/sec=302.893   simsec/sec=1   ev/simsec=302.893
     Messages:  created: 69607   present: 190   in FES: 7
** Event #554752   t=2748.983614095667   Elapsed: 2748.96s (45m 48s)  43% completed  (43% total)
     Speed:     ev/sec=379.658   simsec/sec=0.981669   ev/simsec=386.747
     Messages:  created: 69687   present: 148   in FES: 6
** Event #555520   t=2751.082165480697   Elapsed: 2751.03s (45m 51s)  43% completed  (43% total)
     Speed:     ev/sec=372.549   simsec/sec=1.01799   ev/simsec=365.967
     Messages:  created: 69770   present: 113   in FES: 7
** Event #556544   t=2753.593166482772   Elapsed: 2753.55s (45m 53s)  43% completed  (43% total)
     Speed:     ev/sec=405.615   simsec/sec=0.994628   ev/simsec=407.805
     Messages:  created: 69896   present: 108   in FES: 6
** Event #557568   t=2756.202158545375   Elapsed: 2756.17s (45m 56s)  43% completed  (43% total)
     Speed:     ev/sec=391.077   simsec/sec=0.996402   ev/simsec=392.489
     Messages:  created: 70027   present: 116   in FES: 6
** Event #558336   t=2758.304479278602   Elapsed: 2758.28s (45m 58s)  43% completed  (43% total)
     Speed:     ev/sec=363.991   simsec/sec=0.996389   ev/simsec=365.311
     Messages:  created: 70120   present: 108   in FES: 6
** Event #559104   t=2760.54932598533   Elapsed: 2760.49s (46m 00s)  43% completed  (43% total)
     Speed:     ev/sec=346.845   simsec/sec=1.01382   ev/simsec=342.117
     Messages:  created: 70191   present: 41   in FES: 7
t=2760.835023 executing addServer()
adding server with latency=60
** Event #559872   t=2762.686357930455   Elapsed: 2762.63s (46m 02s)  43% completed  (43% total)
     Speed:     ev/sec=359.377   simsec/sec=1   ev/simsec=359.377
     Messages:  created: 70278   present: 15   in FES: 8
** Event #560896   t=2764.708302749822   Elapsed: 2764.65s (46m 04s)  43% completed  (43% total)
     Speed:     ev/sec=505.681   simsec/sec=0.998495   ev/simsec=506.443
     Messages:  created: 70433   present: 88   in FES: 7
** Event #561920   t=2767.310554768296   Elapsed: 2767.25s (46m 07s)  43% completed  (43% total)
     Speed:     ev/sec=393.832   simsec/sec=1.00083   ev/simsec=393.505
     Messages:  created: 70555   present: 72   in FES: 7
** Event #562944   t=2769.656423186228   Elapsed: 2769.63s (46m 09s)  43% completed  (43% total)
     Speed:     ev/sec=431.781   simsec/sec=0.989161   ev/simsec=436.512
     Messages:  created: 70683   present: 72   in FES: 7
** Event #563968   t=2772.076642055113   Elapsed: 2772.02s (46m 12s)  44% completed  (44% total)
     Speed:     ev/sec=427.775   simsec/sec=1.01104   ev/simsec=423.102
     Messages:  created: 70814   present: 80   in FES: 7
** Event #564992   t=2774.381149174215   Elapsed: 2774.33s (46m 14s)  44% completed  (44% total)
     Speed:     ev/sec=442.643   simsec/sec=0.996167   ev/simsec=444.347
     Messages:  created: 70957   present: 120   in FES: 7
** Event #565760   t=2776.826936556564   Elapsed: 2776.77s (46m 16s)  44% completed  (44% total)
     Speed:     ev/sec=315.172   simsec/sec=1.0037   ev/simsec=314.009
     Messages:  created: 71049   present: 109   in FES: 8
** Event #566528   t=2779.146524375428   Elapsed: 2779.09s (46m 19s)  44% completed  (44% total)
     Speed:     ev/sec=331.093   simsec/sec=1   ev/simsec=331.093
     Messages:  created: 71111   present: 19   in FES: 8
** Event #567808   t=2781.574947229509   Elapsed: 2781.52s (46m 21s)  44% completed  (44% total)
     Speed:     ev/sec=527.091   simsec/sec=1   ev/simsec=527.091
     Messages:  created: 71308   present: 118   in FES: 8
** Event #568576   t=2783.706084182698   Elapsed: 2783.65s (46m 23s)  44% completed  (44% total)
     Speed:     ev/sec=360.371   simsec/sec=1   ev/simsec=360.371
     Messages:  created: 71407   present: 125   in FES: 8
** Event #569600   t=2786.384128522703   Elapsed: 2786.33s (46m 26s)  44% completed  (44% total)
     Speed:     ev/sec=382.369   simsec/sec=1   ev/simsec=382.369
     Messages:  created: 71534   present: 123   in FES: 8
** Event #570368   t=2788.490937232192   Elapsed: 2788.43s (46m 28s)  44% completed  (44% total)
     Speed:     ev/sec=364.532   simsec/sec=0.999999   ev/simsec=364.532
     Messages:  created: 71610   present: 69   in FES: 8
** Event #571136   t=2790.65489436378   Elapsed: 2790.61s (46m 30s)  44% completed  (44% total)
     Speed:     ev/sec=353.69   simsec/sec=0.996576   ev/simsec=354.905
     Messages:  created: 71689   present: 24   in FES: 7
** Event #571904   t=2793.389575075196   Elapsed: 2793.33s (46m 33s)  44% completed  (44% total)
     Speed:     ev/sec=281.603   simsec/sec=1.00273   ev/simsec=280.837
     Messages:  created: 71781   present: 12   in FES: 8
** Event #572928   t=2795.7837894308   Elapsed: 2795.73s (46m 35s)  44% completed  (44% total)
     Speed:     ev/sec=427.698   simsec/sec=1   ev/simsec=427.698
     Messages:  created: 71915   present: 30   in FES: 8
** Event #573952   t=2798.099267833144   Elapsed: 2798.04s (46m 38s)  44% completed  (44% total)
     Speed:     ev/sec=442.241   simsec/sec=1   ev/simsec=442.241
     Messages:  created: 72066   present: 90   in FES: 8
** Event #574976   t=2800.190114743173   Elapsed: 2800.13s (46m 40s)  44% completed  (44% total)
     Speed:     ev/sec=489.753   simsec/sec=0.999999   ev/simsec=489.754
     Messages:  created: 72205   present: 119   in FES: 8
** Event #575744   t=2802.448568843371   Elapsed: 2802.39s (46m 42s)  44% completed  (44% total)
     Speed:     ev/sec=340.056   simsec/sec=1   ev/simsec=340.056
     Messages:  created: 72297   present: 110   in FES: 8
** Event #576768   t=2804.930003420667   Elapsed: 2804.87s (46m 44s)  44% completed  (44% total)
     Speed:     ev/sec=412.665   simsec/sec=1   ev/simsec=412.665
     Messages:  created: 72416   present: 86   in FES: 8
** Event #577792   t=2807.336961496269   Elapsed: 2807.28s (46m 47s)  44% completed  (44% total)
     Speed:     ev/sec=424.992   simsec/sec=0.998962   ev/simsec=425.433
     Messages:  created: 72560   present: 128   in FES: 7
** Event #578816   t=2809.570953797096   Elapsed: 2809.51s (46m 49s)  44% completed  (44% total)
     Speed:     ev/sec=458.885   simsec/sec=1.00112   ev/simsec=458.372
     Messages:  created: 72702   present: 165   in FES: 8
** Event #579840   t=2811.791675616865   Elapsed: 2811.74s (46m 51s)  44% completed  (44% total)
     Speed:     ev/sec=461.112   simsec/sec=1   ev/simsec=461.111
     Messages:  created: 72812   present: 117   in FES: 8
** Event #580864   t=2814.330746435657   Elapsed: 2814.27s (46m 54s)  44% completed  (44% total)
     Speed:     ev/sec=403.297   simsec/sec=1   ev/simsec=403.297
     Messages:  created: 72948   present: 139   in FES: 8
** Event #581632   t=2816.443357073535   Elapsed: 2816.39s (46m 56s)  44% completed  (44% total)
     Speed:     ev/sec=363.532   simsec/sec=1   ev/simsec=363.531
     Messages:  created: 73029   present: 99   in FES: 8
** Event #582656   t=2818.649189935148   Elapsed: 2818.59s (46m 58s)  44% completed  (44% total)
     Speed:     ev/sec=464.224   simsec/sec=0.999999   ev/simsec=464.224
     Messages:  created: 73167   present: 126   in FES: 8
** Event #583680   t=2820.767683080835   Elapsed: 2820.71s (47m 00s)  44% completed  (44% total)
     Speed:     ev/sec=483.362   simsec/sec=1   ev/simsec=483.362
     Messages:  created: 73306   present: 156   in FES: 8
t=2820.834991 executing setDimmer(0.75)
t=2820.835023 addServer() complete
** Event #584960   t=2823.074618542528   Elapsed: 2823.02s (47m 03s)  44% completed  (44% total)
     Speed:     ev/sec=554.849   simsec/sec=1   ev/simsec=554.849
     Messages:  created: 73453   present: 122   in FES: 8
** Event #585984   t=2825.266023752345   Elapsed: 2825.21s (47m 05s)  44% completed  (44% total)
     Speed:     ev/sec=467.28   simsec/sec=1   ev/simsec=467.28
     Messages:  created: 73542   present: 18   in FES: 6
** Event #586496   t=2827.394894909887   Elapsed: 2827.34s (47m 07s)  44% completed  (44% total)
     Speed:     ev/sec=240.497   simsec/sec=0.999976   ev/simsec=240.503
     Messages:  created: 73604   present: 12   in FES: 7
** Event #587264   t=2830.644158701416   Elapsed: 2830.59s (47m 10s)  44% completed  (44% total)
     Speed:     ev/sec=236.365   simsec/sec=1.00002   ev/simsec=236.361
     Messages:  created: 73699   present: 9   in FES: 5
** Event #587776   t=2832.878327109382   Elapsed: 2832.82s (47m 12s)  44% completed  (44% total)
     Speed:     ev/sec=229.168   simsec/sec=1   ev/simsec=229.168
     Messages:  created: 73763   present: 9   in FES: 5
** Event #588544   t=2835.600026443628   Elapsed: 2835.54s (47m 15s)  45% completed  (45% total)
     Speed:     ev/sec=282.177   simsec/sec=1   ev/simsec=282.177
     Messages:  created: 73860   present: 11   in FES: 7
** Event #589568   t=2838.096291678601   Elapsed: 2838.05s (47m 18s)  45% completed  (45% total)
     Speed:     ev/sec=407.77   simsec/sec=0.994044   ev/simsec=410.213
     Messages:  created: 73988   present: 12   in FES: 6
** Event #590592   t=2840.657080495654   Elapsed: 2840.6s (47m 20s)  45% completed  (45% total)
     Speed:     ev/sec=402.226   simsec/sec=1.00587   ev/simsec=399.877
     Messages:  created: 74117   present: 14   in FES: 8
** Event #591360   t=2843.231255734228   Elapsed: 2843.17s (47m 23s)  45% completed  (45% total)
     Speed:     ev/sec=298.348   simsec/sec=1   ev/simsec=298.348
     Messages:  created: 74212   present: 11   in FES: 7
** Event #592384   t=2845.540463279683   Elapsed: 2845.48s (47m 25s)  45% completed  (45% total)
     Speed:     ev/sec=443.442   simsec/sec=0.999999   ev/simsec=443.442
     Messages:  created: 74341   present: 14   in FES: 7
** Event #593408   t=2847.615126995726   Elapsed: 2847.56s (47m 27s)  45% completed  (45% total)
     Speed:     ev/sec=493.574   simsec/sec=1   ev/simsec=493.574
     Messages:  created: 74467   present: 9   in FES: 5
** Event #594176   t=2849.831476049877   Elapsed: 2849.78s (47m 29s)  45% completed  (45% total)
     Speed:     ev/sec=345.345   simsec/sec=0.99662   ev/simsec=346.516
     Messages:  created: 74564   present: 12   in FES: 6
** Event #594944   t=2851.925102095021   Elapsed: 2851.87s (47m 31s)  45% completed  (45% total)
     Speed:     ev/sec=367.952   simsec/sec=1.00306   ev/simsec=366.828
     Messages:  created: 74660   present: 12   in FES: 6
** Event #596224   t=2854.097227437563   Elapsed: 2854.04s (47m 34s)  45% completed  (45% total)
     Speed:     ev/sec=589.589   simsec/sec=1.00052   ev/simsec=589.285
     Messages:  created: 74827   present: 30   in FES: 6
** Event #597248   t=2856.118235697155   Elapsed: 2856.06s (47m 36s)  45% completed  (45% total)
     Speed:     ev/sec=506.678   simsec/sec=1   ev/simsec=506.678
     Messages:  created: 74949   present: 15   in FES: 7
** Event #598528   t=2858.323263678366   Elapsed: 2858.27s (47m 38s)  45% completed  (45% total)
     Speed:     ev/sec=578.354   simsec/sec=0.996318   ev/simsec=580.491
     Messages:  created: 75114   present: 28   in FES: 7
** Event #599808   t=2861.057590376163   Elapsed: 2861s (47m 41s)  45% completed  (45% total)
     Speed:     ev/sec=469.522   simsec/sec=1.00299   ev/simsec=468.123
     Messages:  created: 75267   present: 10   in FES: 6
** Event #600576   t=2864.07732502611   Elapsed: 2864.02s (47m 44s)  45% completed  (45% total)
     Speed:     ev/sec=254.327   simsec/sec=1   ev/simsec=254.327
     Messages:  created: 75364   present: 11   in FES: 7
** Event #601344   t=2866.324898142502   Elapsed: 2866.27s (47m 46s)  45% completed  (45% total)
     Speed:     ev/sec=341.702   simsec/sec=1   ev/simsec=341.702
     Messages:  created: 75459   present: 9   in FES: 5
** Event #601856   t=2868.544363751654   Elapsed: 2868.49s (47m 48s)  45% completed  (45% total)
     Speed:     ev/sec=230.686   simsec/sec=1   ev/simsec=230.686
     Messages:  created: 75524   present: 11   in FES: 7
** Event #602880   t=2870.874619385534   Elapsed: 2870.82s (47m 50s)  45% completed  (45% total)
     Speed:     ev/sec=438.542   simsec/sec=0.997964   ev/simsec=439.437
     Messages:  created: 75652   present: 12   in FES: 7
** Event #603648   t=2873.364987300524   Elapsed: 2873.32s (47m 53s)  45% completed  (45% total)
     Speed:     ev/sec=307.358   simsec/sec=0.996659   ev/simsec=308.388
     Messages:  created: 75748   present: 12   in FES: 5
** Event #604416   t=2875.610822777963   Elapsed: 2875.56s (47m 55s)  45% completed  (45% total)
     Speed:     ev/sec=343.72   simsec/sec=1.00513   ev/simsec=341.966
     Messages:  created: 75844   present: 12   in FES: 6
** Event #605184   t=2878.472318251258   Elapsed: 2878.42s (47m 58s)  45% completed  (45% total)
     Speed:     ev/sec=268.348   simsec/sec=0.999839   ev/simsec=268.391
     Messages:  created: 75940   present: 12   in FES: 6
** Event #605696   t=2880.636412065333   Elapsed: 2880.58s (48m 00s)  45% completed  (45% total)
     Speed:     ev/sec=236.818   simsec/sec=1.00097   ev/simsec=236.589
     Messages:  created: 76003   present: 10   in FES: 6
t=2880.834995 executing setDimmer(1)
** Event #606464   t=2882.986347454315   Elapsed: 2882.93s (48m 02s)  45% completed  (45% total)
     Speed:     ev/sec=326.817   simsec/sec=1   ev/simsec=326.817
     Messages:  created: 76099   present: 11   in FES: 7
** Event #607232   t=2885.881264498089   Elapsed: 2885.82s (48m 05s)  45% completed  (45% total)
     Speed:     ev/sec=265.293   simsec/sec=1   ev/simsec=265.293
     Messages:  created: 76195   present: 10   in FES: 6
** Event #608000   t=2888.240305080139   Elapsed: 2888.18s (48m 08s)  45% completed  (45% total)
     Speed:     ev/sec=325.556   simsec/sec=1   ev/simsec=325.556
     Messages:  created: 76290   present: 9   in FES: 5
** Event #608512   t=2890.462052787017   Elapsed: 2890.41s (48m 10s)  45% completed  (45% total)
     Speed:     ev/sec=230.449   simsec/sec=1   ev/simsec=230.449
     Messages:  created: 76355   present: 11   in FES: 6
** Event #609280   t=2892.902169229756   Elapsed: 2892.85s (48m 12s)  45% completed  (45% total)
     Speed:     ev/sec=314.739   simsec/sec=1   ev/simsec=314.739
     Messages:  created: 76450   present: 9   in FES: 5
** Event #610048   t=2894.921495079979   Elapsed: 2894.88s (48m 14s)  45% completed  (45% total)
     Speed:     ev/sec=376.836   simsec/sec=0.990826   ev/simsec=380.325
     Messages:  created: 76548   present: 14   in FES: 6
** Event #611072   t=2897.08952874794   Elapsed: 2897.03s (48m 17s)  45% completed  (45% total)
     Speed:     ev/sec=476.426   simsec/sec=1.0087   ev/simsec=472.317
     Messages:  created: 76677   present: 16   in FES: 8
** Event #612096   t=2899.587654545152   Elapsed: 2899.53s (48m 19s)  46% completed  (46% total)
     Speed:     ev/sec=409.908   simsec/sec=1   ev/simsec=409.907
     Messages:  created: 76804   present: 13   in FES: 8
** Event #612864   t=2901.915683640697   Elapsed: 2901.86s (48m 21s)  46% completed  (46% total)
     Speed:     ev/sec=329.893   simsec/sec=1   ev/simsec=329.893
     Messages:  created: 76899   present: 10   in FES: 6
** Event #613632   t=2904.162898240854   Elapsed: 2904.11s (48m 24s)  46% completed  (46% total)
     Speed:     ev/sec=341.756   simsec/sec=0.999998   ev/simsec=341.756
     Messages:  created: 76995   present: 11   in FES: 7
** Event #614656   t=2906.403395935798   Elapsed: 2906.35s (48m 26s)  46% completed  (46% total)
     Speed:     ev/sec=457.042   simsec/sec=1   ev/simsec=457.041
     Messages:  created: 77135   present: 43   in FES: 8
** Event #615936   t=2908.618628445739   Elapsed: 2908.56s (48m 28s)  46% completed  (46% total)
     Speed:     ev/sec=577.817   simsec/sec=0.999999   ev/simsec=577.817
     Messages:  created: 77298   present: 51   in FES: 8
** Event #617216   t=2910.833351948691   Elapsed: 2910.78s (48m 30s)  46% completed  (46% total)
     Speed:     ev/sec=577.95   simsec/sec=1   ev/simsec=577.95
     Messages:  created: 77473   present: 91   in FES: 8
** Event #618240   t=2913.063467815063   Elapsed: 2913.01s (48m 33s)  46% completed  (46% total)
     Speed:     ev/sec=459.169   simsec/sec=1   ev/simsec=459.169
     Messages:  created: 77583   present: 42   in FES: 8
** Event #619264   t=2915.600062764434   Elapsed: 2915.54s (48m 35s)  46% completed  (46% total)
     Speed:     ev/sec=403.691   simsec/sec=1   ev/simsec=403.691
     Messages:  created: 77702   present: 18   in FES: 7
** Event #620544   t=2917.96988874997   Elapsed: 2917.92s (48m 37s)  46% completed  (46% total)
     Speed:     ev/sec=539.158   simsec/sec=0.998211   ev/simsec=540.124
     Messages:  created: 77869   present: 38   in FES: 6
** Event #621568   t=2920.378544933398   Elapsed: 2920.32s (48m 40s)  46% completed  (46% total)
     Speed:     ev/sec=425.884   simsec/sec=1.00177   ev/simsec=425.133
     Messages:  created: 77987   present: 12   in FES: 7
** Event #622592   t=2922.493200694328   Elapsed: 2922.44s (48m 42s)  46% completed  (46% total)
     Speed:     ev/sec=484.239   simsec/sec=0.999999   ev/simsec=484.24
     Messages:  created: 78130   present: 51   in FES: 8
** Event #623872   t=2924.691091093208   Elapsed: 2924.66s (48m 44s)  46% completed  (46% total)
     Speed:     ev/sec=576.661   simsec/sec=0.990186   ev/simsec=582.377
     Messages:  created: 78303   present: 86   in FES: 7
** Event #625152   t=2927.188548660109   Elapsed: 2927.13s (48m 47s)  46% completed  (46% total)
     Speed:     ev/sec=517.031   simsec/sec=1.0088   ev/simsec=512.521
     Messages:  created: 78440   present: 25   in FES: 6
** Event #626432   t=2929.36244870037   Elapsed: 2929.31s (48m 49s)  46% completed  (46% total)
     Speed:     ev/sec=588.803   simsec/sec=1   ev/simsec=588.804
     Messages:  created: 78601   present: 27   in FES: 7
** Event #627712   t=2931.657352570787   Elapsed: 2931.61s (48m 51s)  46% completed  (46% total)
     Speed:     ev/sec=556.102   simsec/sec=0.997031   ev/simsec=557.758
     Messages:  created: 78762   present: 30   in FES: 6
** Event #628736   t=2933.669144052   Elapsed: 2933.61s (48m 53s)  46% completed  (46% total)
     Speed:     ev/sec=510.31   simsec/sec=1.00257   ev/simsec=508.999
     Messages:  created: 78890   present: 30   in FES: 7
** Event #629760   t=2935.734528264717   Elapsed: 2935.68s (48m 55s)  46% completed  (46% total)
     Speed:     ev/sec=496.193   simsec/sec=1.00081   ev/simsec=495.792
     Messages:  created: 79016   present: 25   in FES: 8
** Event #630784   t=2938.35901660376   Elapsed: 2938.3s (48m 58s)  46% completed  (46% total)
     Speed:     ev/sec=390.171   simsec/sec=0.999999   ev/simsec=390.171
     Messages:  created: 79141   present: 16   in FES: 8
** Event #632064   t=2940.807653427383   Elapsed: 2940.75s (49m 00s)  46% completed  (46% total)
     Speed:     ev/sec=522.74   simsec/sec=1   ev/simsec=522.74
     Messages:  created: 79301   present: 17   in FES: 8
** Event #632832   t=2943.545208484226   Elapsed: 2943.49s (49m 03s)  46% completed  (46% total)
     Speed:     ev/sec=280.542   simsec/sec=1   ev/simsec=280.542
     Messages:  created: 79394   present: 11   in FES: 6
** Event #633856   t=2946.36978728182   Elapsed: 2946.31s (49m 06s)  46% completed  (46% total)
     Speed:     ev/sec=362.532   simsec/sec=0.999999   ev/simsec=362.532
     Messages:  created: 79523   present: 12   in FES: 7
** Event #634624   t=2948.556986282552   Elapsed: 2948.5s (49m 08s)  46% completed  (46% total)
     Speed:     ev/sec=351.134   simsec/sec=1   ev/simsec=351.134
     Messages:  created: 79618   present: 10   in FES: 6
** Event #635648   t=2950.617757648987   Elapsed: 2950.57s (49m 10s)  46% completed  (46% total)
     Speed:     ev/sec=494.308   simsec/sec=0.994782   ev/simsec=496.901
     Messages:  created: 79750   present: 21   in FES: 7
** Event #636928   t=2952.999394556316   Elapsed: 2952.94s (49m 12s)  46% completed  (46% total)
     Speed:     ev/sec=539.896   simsec/sec=1.00456   ev/simsec=537.445
     Messages:  created: 79913   present: 28   in FES: 7
** Event #637952   t=2955.186805876541   Elapsed: 2955.15s (49m 15s)  46% completed  (46% total)
     Speed:     ev/sec=464.852   simsec/sec=0.99299   ev/simsec=468.133
     Messages:  created: 80038   present: 21   in FES: 7
** Event #638720   t=2957.271321821962   Elapsed: 2957.21s (49m 17s)  46% completed  (46% total)
     Speed:     ev/sec=371.181   simsec/sec=1.00746   ev/simsec=368.431
     Messages:  created: 80131   present: 12   in FES: 7
** Event #639744   t=2959.956125955053   Elapsed: 2959.9s (49m 19s)  46% completed  (46% total)
     Speed:     ev/sec=381.406   simsec/sec=1   ev/simsec=381.406
     Messages:  created: 80258   present: 10   in FES: 6
** Event #640512   t=2962.095093800894   Elapsed: 2962.04s (49m 22s)  47% completed  (47% total)
     Speed:     ev/sec=359.049   simsec/sec=0.999993   ev/simsec=359.052
     Messages:  created: 80354   present: 10   in FES: 6
** Event #641792   t=2964.354236666788   Elapsed: 2964.3s (49m 24s)  47% completed  (47% total)
     Speed:     ev/sec=566.59   simsec/sec=1.00001   ev/simsec=566.587
     Messages:  created: 80525   present: 40   in FES: 8
** Event #642816   t=2966.573316680587   Elapsed: 2966.52s (49m 26s)  47% completed  (47% total)
     Speed:     ev/sec=461.451   simsec/sec=0.999997   ev/simsec=461.452
     Messages:  created: 80645   present: 19   in FES: 7
** Event #643840   t=2969.24847243743   Elapsed: 2969.19s (49m 29s)  47% completed  (47% total)
     Speed:     ev/sec=382.782   simsec/sec=1   ev/simsec=382.781
     Messages:  created: 80770   present: 11   in FES: 7
** Event #644864   t=2971.539095713039   Elapsed: 2971.5s (49m 31s)  47% completed  (47% total)
     Speed:     ev/sec=443.925   simsec/sec=0.993033   ev/simsec=447.04
     Messages:  created: 80899   present: 13   in FES: 7
** Event #646144   t=2974.07252060254   Elapsed: 2974.05s (49m 34s)  47% completed  (47% total)
     Speed:     ev/sec=502.365   simsec/sec=0.9943   ev/simsec=505.245
     Messages:  created: 81059   present: 13   in FES: 5
** Event #647168   t=2976.118723870067   Elapsed: 2976.07s (49m 36s)  47% completed  (47% total)
     Speed:     ev/sec=506.373   simsec/sec=1.01186   ev/simsec=500.439
     Messages:  created: 81187   present: 13   in FES: 5
** Event #647936   t=2978.189035495124   Elapsed: 2978.13s (49m 38s)  47% completed  (47% total)
     Speed:     ev/sec=372.147   simsec/sec=1.0032   ev/simsec=370.959
     Messages:  created: 81282   present: 10   in FES: 6
** Event #648960   t=2980.204513288434   Elapsed: 2980.15s (49m 40s)  47% completed  (47% total)
     Speed:     ev/sec=508.068   simsec/sec=1   ev/simsec=508.068
     Messages:  created: 81423   present: 44   in FES: 8
** Event #649984   t=2982.610226674989   Elapsed: 2982.55s (49m 42s)  47% completed  (47% total)
     Speed:     ev/sec=425.654   simsec/sec=1   ev/simsec=425.653
     Messages:  created: 81538   present: 9   in FES: 5
** Event #651264   t=2985.04065825098   Elapsed: 2984.98s (49m 44s)  47% completed  (47% total)
     Speed:     ev/sec=526.513   simsec/sec=0.99973   ev/simsec=526.655
     Messages:  created: 81705   present: 29   in FES: 7
** Event #652288   t=2987.584929692514   Elapsed: 2987.53s (49m 47s)  47% completed  (47% total)
     Speed:     ev/sec=402.577   simsec/sec=1.00026   ev/simsec=402.473
     Messages:  created: 81829   present: 17   in FES: 8
** Event #653824   t=2989.840754068352   Elapsed: 2989.78s (49m 49s)  47% completed  (47% total)
     Speed:     ev/sec=680.904   simsec/sec=1   ev/simsec=680.904
     Messages:  created: 82042   present: 75   in FES: 8
** Event #655104   t=2992.381641381234   Elapsed: 2992.32s (49m 52s)  47% completed  (47% total)
     Speed:     ev/sec=503.761   simsec/sec=1   ev/simsec=503.761
     Messages:  created: 82181   present: 19   in FES: 7
** Event #655616   t=2994.440655151484   Elapsed: 2994.38s (49m 54s)  47% completed  (47% total)
     Speed:     ev/sec=248.663   simsec/sec=1   ev/simsec=248.663
     Messages:  created: 82244   present: 16   in FES: 8
** Event #656384   t=2997.168407847605   Elapsed: 2997.11s (49m 57s)  47% completed  (47% total)
     Speed:     ev/sec=281.55   simsec/sec=1   ev/simsec=281.55
     Messages:  created: 82338   present: 10   in FES: 6
** Event #657408   t=2999.908709919246   Elapsed: 2999.85s (49m 59s)  47% completed  (47% total)
     Speed:     ev/sec=373.682   simsec/sec=1   ev/simsec=373.681
     Messages:  created: 82466   present: 10   in FES: 6
** Event #658432   t=3002.411549748247   Elapsed: 3002.36s (50m 02s)  47% completed  (47% total)
     Speed:     ev/sec=408.763   simsec/sec=0.999089   ev/simsec=409.135
     Messages:  created: 82594   present: 12   in FES: 6
** Event #659456   t=3004.680703436212   Elapsed: 3004.62s (50m 04s)  47% completed  (47% total)
     Speed:     ev/sec=451.724   simsec/sec=1.00101   ev/simsec=451.27
     Messages:  created: 82724   present: 16   in FES: 8
** Event #660736   t=3007.091083227243   Elapsed: 3007.03s (50m 07s)  47% completed  (47% total)
     Speed:     ev/sec=531.036   simsec/sec=0.999999   ev/simsec=531.037
     Messages:  created: 82887   present: 25   in FES: 8
** Event #661504   t=3009.296047127479   Elapsed: 3009.24s (50m 09s)  47% completed  (47% total)
     Speed:     ev/sec=348.305   simsec/sec=1   ev/simsec=348.305
     Messages:  created: 82977   present: 10   in FES: 6
** Event #662272   t=3011.925715317751   Elapsed: 3011.87s (50m 11s)  47% completed  (47% total)
     Speed:     ev/sec=292.052   simsec/sec=1   ev/simsec=292.052
     Messages:  created: 83073   present: 10   in FES: 6
** Event #663040   t=3014.232349409453   Elapsed: 3014.19s (50m 14s)  47% completed  (47% total)
     Speed:     ev/sec=330.608   simsec/sec=0.992958   ev/simsec=332.953
     Messages:  created: 83170   present: 12   in FES: 7
** Event #664064   t=3016.779914396602   Elapsed: 3016.72s (50m 16s)  47% completed  (47% total)
     Speed:     ev/sec=404.55   simsec/sec=1.00646   ev/simsec=401.952
     Messages:  created: 83299   present: 15   in FES: 8
** Event #664832   t=3019.086518131924   Elapsed: 3019.03s (50m 19s)  47% completed  (47% total)
     Speed:     ev/sec=332.308   simsec/sec=0.998051   ev/simsec=332.957
     Messages:  created: 83394   present: 12   in FES: 7
** Event #665600   t=3021.53390079748   Elapsed: 3021.48s (50m 21s)  47% completed  (47% total)
     Speed:     ev/sec=314.389   simsec/sec=1.00186   ev/simsec=313.805
     Messages:  created: 83489   present: 10   in FES: 6
** Event #666112   t=3023.621727819927   Elapsed: 3023.58s (50m 23s)  47% completed  (47% total)
     Speed:     ev/sec=243.303   simsec/sec=0.992137   ev/simsec=245.231
     Messages:  created: 83554   present: 12   in FES: 7
** Event #666880   t=3025.741935497849   Elapsed: 3025.69s (50m 25s)  48% completed  (48% total)
     Speed:     ev/sec=365.069   simsec/sec=1.00784   ev/simsec=362.229
     Messages:  created: 83651   present: 14   in FES: 7
** Event #667904   t=3028.14061508196   Elapsed: 3028.08s (50m 28s)  48% completed  (48% total)
     Speed:     ev/sec=426.902   simsec/sec=1   ev/simsec=426.902
     Messages:  created: 83780   present: 16   in FES: 8
** Event #668672   t=3030.40102848601   Elapsed: 3030.34s (50m 30s)  48% completed  (48% total)
     Speed:     ev/sec=339.761   simsec/sec=1   ev/simsec=339.761
     Messages:  created: 83874   present: 11   in FES: 7
** Event #669952   t=3033.061265817839   Elapsed: 3033s (50m 33s)  48% completed  (48% total)
     Speed:     ev/sec=481.16   simsec/sec=1   ev/simsec=481.16
     Messages:  created: 84033   present: 10   in FES: 6
** Event #670720   t=3035.604973626451   Elapsed: 3035.55s (50m 35s)  48% completed  (48% total)
     Speed:     ev/sec=301.921   simsec/sec=1   ev/simsec=301.921
     Messages:  created: 84129   present: 10   in FES: 6
** Event #672000   t=3037.627758452818   Elapsed: 3037.57s (50m 37s)  48% completed  (48% total)
     Speed:     ev/sec=632.79   simsec/sec=0.999998   ev/simsec=632.791
     Messages:  created: 84305   present: 51   in FES: 8
** Event #673024   t=3039.979371246239   Elapsed: 3039.92s (50m 39s)  48% completed  (48% total)
     Speed:     ev/sec=435.447   simsec/sec=1   ev/simsec=435.446
     Messages:  created: 84419   present: 15   in FES: 7
** Event #674304   t=3042.134825860898   Elapsed: 3042.08s (50m 42s)  48% completed  (48% total)
     Speed:     ev/sec=593.842   simsec/sec=0.999999   ev/simsec=593.842
     Messages:  created: 84588   present: 38   in FES: 8
** Event #675840   t=3044.283727435727   Elapsed: 3044.23s (50m 44s)  48% completed  (48% total)
     Speed:     ev/sec=713.339   simsec/sec=0.997978   ev/simsec=714.784
     Messages:  created: 84800   present: 92   in FES: 7
** Event #676864   t=3046.756376650516   Elapsed: 3046.7s (50m 46s)  48% completed  (48% total)
     Speed:     ev/sec=414.862   simsec/sec=1.00176   ev/simsec=414.131
     Messages:  created: 84897   present: 10   in FES: 6
** Event #677888   t=3049.043611431353   Elapsed: 3048.99s (50m 48s)  48% completed  (48% total)
     Speed:     ev/sec=446.658   simsec/sec=0.997667   ev/simsec=447.702
     Messages:  created: 85032   present: 28   in FES: 7
** Event #678912   t=3051.453477903983   Elapsed: 3051.4s (50m 51s)  48% completed  (48% total)
     Speed:     ev/sec=425.865   simsec/sec=1.00222   ev/simsec=424.92
     Messages:  created: 85156   present: 16   in FES: 8
** Event #679680   t=3053.559170297945   Elapsed: 3053.5s (50m 53s)  48% completed  (48% total)
     Speed:     ev/sec=364.726   simsec/sec=1   ev/simsec=364.726
     Messages:  created: 85249   present: 10   in FES: 6
** Event #680448   t=3055.757958234656   Elapsed: 3055.74s (50m 55s)  48% completed  (48% total)
     Speed:     ev/sec=343.619   simsec/sec=0.983782   ev/simsec=349.283
     Messages:  created: 85346   present: 12   in FES: 7
** Event #681216   t=3058.193973835379   Elapsed: 3058.14s (50m 58s)  48% completed  (48% total)
     Speed:     ev/sec=320.031   simsec/sec=1.0151   ev/simsec=315.269
     Messages:  created: 85447   present: 25   in FES: 8
** Event #682240   t=3060.581805735292   Elapsed: 3060.53s (51m 00s)  48% completed  (48% total)
     Speed:     ev/sec=428.085   simsec/sec=0.998237   ev/simsec=428.841
     Messages:  created: 85576   present: 29   in FES: 7
** Event #683008   t=3062.589325065578   Elapsed: 3062.53s (51m 02s)  48% completed  (48% total)
     Speed:     ev/sec=383.367   simsec/sec=1.00211   ev/simsec=382.562
     Messages:  created: 85665   present: 10   in FES: 6
** Event #684032   t=3065.238046063512   Elapsed: 3065.18s (51m 05s)  48% completed  (48% total)
     Speed:     ev/sec=386.602   simsec/sec=1   ev/simsec=386.602
     Messages:  created: 85794   present: 13   in FES: 7
** Event #685056   t=3067.650834141359   Elapsed: 3067.59s (51m 07s)  48% completed  (48% total)
     Speed:     ev/sec=424.405   simsec/sec=1   ev/simsec=424.405
     Messages:  created: 85921   present: 10   in FES: 6
** Event #685824   t=3069.841955646411   Elapsed: 3069.79s (51m 09s)  48% completed  (48% total)
     Speed:     ev/sec=350.505   simsec/sec=1   ev/simsec=350.505
     Messages:  created: 86016   present: 9   in FES: 5
** Event #686592   t=3071.863586635871   Elapsed: 3071.81s (51m 11s)  48% completed  (48% total)
     Speed:     ev/sec=379.892   simsec/sec=1   ev/simsec=379.891
     Messages:  created: 86117   present: 22   in FES: 8
** Event #687360   t=3074.185573136434   Elapsed: 3074.13s (51m 14s)  48% completed  (48% total)
     Speed:     ev/sec=330.751   simsec/sec=0.999999   ev/simsec=330.751
     Messages:  created: 86210   present: 13   in FES: 8
** Event #688384   t=3076.711415098613   Elapsed: 3076.65s (51m 16s)  48% completed  (48% total)
     Speed:     ev/sec=405.409   simsec/sec=1   ev/simsec=405.409
     Messages:  created: 86338   present: 14   in FES: 8
** Event #689152   t=3079.513768818754   Elapsed: 3079.46s (51m 19s)  48% completed  (48% total)
     Speed:     ev/sec=274.056   simsec/sec=1   ev/simsec=274.055
     Messages:  created: 86433   present: 10   in FES: 6
** Event #689920   t=3081.615250270862   Elapsed: 3081.56s (51m 21s)  48% completed  (48% total)
     Speed:     ev/sec=365.456   simsec/sec=0.999999   ev/simsec=365.456
     Messages:  created: 86533   present: 22   in FES: 8
** Event #690944   t=3083.963069209558   Elapsed: 3083.91s (51m 23s)  48% completed  (48% total)
     Speed:     ev/sec=436.149   simsec/sec=1   ev/simsec=436.149
     Messages:  created: 86658   present: 13   in FES: 8
** Event #691968   t=3086.64033074183   Elapsed: 3086.58s (51m 26s)  48% completed  (48% total)
     Speed:     ev/sec=382.48   simsec/sec=1   ev/simsec=382.48
     Messages:  created: 86787   present: 16   in FES: 8
** Event #692992   t=3088.765794795084   Elapsed: 3088.71s (51m 28s)  49% completed  (49% total)
     Speed:     ev/sec=481.778   simsec/sec=1   ev/simsec=481.777
     Messages:  created: 86916   present: 18   in FES: 8
** Event #694272   t=3090.891843609923   Elapsed: 3090.84s (51m 30s)  49% completed  (49% total)
     Speed:     ev/sec=601.929   simsec/sec=0.99979   ev/simsec=602.056
     Messages:  created: 87082   present: 35   in FES: 7
** Event #695552   t=3093.208389107233   Elapsed: 3093.15s (51m 33s)  49% completed  (49% total)
     Speed:     ev/sec=552.172   simsec/sec=0.999322   ev/simsec=552.547
     Messages:  created: 87245   present: 43   in FES: 7
** Event #696576   t=3095.219504166292   Elapsed: 3095.17s (51m 35s)  49% completed  (49% total)
     Speed:     ev/sec=506.823   simsec/sec=0.995389   ev/simsec=509.17
     Messages:  created: 87367   present: 27   in FES: 7
** Event #697344   t=3097.76365553869   Elapsed: 3097.71s (51m 37s)  49% completed  (49% total)
     Speed:     ev/sec=303.219   simsec/sec=1.00447   ev/simsec=301.869
     Messages:  created: 87458   present: 13   in FES: 8
** Event #698368   t=3100.282189753834   Elapsed: 3100.23s (51m 40s)  49% completed  (49% total)
     Speed:     ev/sec=406.586   simsec/sec=1   ev/simsec=406.586
     Messages:  created: 87585   present: 10   in FES: 6
** Event #699392   t=3102.619166524331   Elapsed: 3102.56s (51m 42s)  49% completed  (49% total)
     Speed:     ev/sec=438.173   simsec/sec=0.999999   ev/simsec=438.173
     Messages:  created: 87712   present: 9   in FES: 5
** Event #700160   t=3104.833886499962   Elapsed: 3104.78s (51m 44s)  49% completed  (49% total)
     Speed:     ev/sec=346.771   simsec/sec=1   ev/simsec=346.771
     Messages:  created: 87812   present: 18   in FES: 7
** Event #700928   t=3107.083032602503   Elapsed: 3107.03s (51m 47s)  49% completed  (49% total)
     Speed:     ev/sec=341.463   simsec/sec=1   ev/simsec=341.463
     Messages:  created: 87905   present: 10   in FES: 6
** Event #701696   t=3109.710279430106   Elapsed: 3109.65s (51m 49s)  49% completed  (49% total)
     Speed:     ev/sec=292.321   simsec/sec=1   ev/simsec=292.321
     Messages:  created: 88001   present: 10   in FES: 6
** Event #702464   t=3111.902778894845   Elapsed: 3111.85s (51m 51s)  49% completed  (49% total)
     Speed:     ev/sec=350.286   simsec/sec=1   ev/simsec=350.285
     Messages:  created: 88096   present: 9   in FES: 5
** Event #702976   t=3114.121446471862   Elapsed: 3114.07s (51m 54s)  49% completed  (49% total)
     Speed:     ev/sec=230.356   simsec/sec=0.998211   ev/simsec=230.769
     Messages:  created: 88161   present: 11   in FES: 6
** Event #703488   t=3116.367835677269   Elapsed: 3116.31s (51m 56s)  49% completed  (49% total)
     Speed:     ev/sec=228.325   simsec/sec=1.00177   ev/simsec=227.921
     Messages:  created: 88224   present: 9   in FES: 5
** Event #704512   t=3118.685864463829   Elapsed: 3118.63s (51m 58s)  49% completed  (49% total)
     Speed:     ev/sec=441.756   simsec/sec=1   ev/simsec=441.755
     Messages:  created: 88354   present: 13   in FES: 8
** Event #705280   t=3120.696019223392   Elapsed: 3120.64s (52m 00s)  49% completed  (49% total)
     Speed:     ev/sec=382.058   simsec/sec=0.999995   ev/simsec=382.06
     Messages:  created: 88451   present: 16   in FES: 8
t=3120.834981 executing removeServer()
scheduled complete remove at 3120.834981
** Event #706048   t=3123.274594659963   Elapsed: 3123.22s (52m 03s)  49% completed  (49% total)
     Speed:     ev/sec=297.839   simsec/sec=1   ev/simsec=297.839
     Messages:  created: 88550   present: 21   in FES: 7
** Event #707072   t=3125.59818794493   Elapsed: 3125.54s (52m 05s)  49% completed  (49% total)
     Speed:     ev/sec=440.661   simsec/sec=0.999918   ev/simsec=440.697
     Messages:  created: 88700   present: 79   in FES: 6
** Event #708352   t=3128.229061232205   Elapsed: 3128.2s (52m 08s)  49% completed  (49% total)
     Speed:     ev/sec=481.333   simsec/sec=0.989318   ev/simsec=486.53
     Messages:  created: 88887   present: 151   in FES: 6
** Event #709632   t=3130.726187209094   Elapsed: 3130.67s (52m 10s)  49% completed  (49% total)
     Speed:     ev/sec=517.626   simsec/sec=1.00983   ev/simsec=512.589
     Messages:  created: 89082   present: 235   in FES: 6
** Event #710400   t=3132.781376517703   Elapsed: 3132.74s (52m 12s)  49% completed  (49% total)
     Speed:     ev/sec=371.488   simsec/sec=0.994111   ev/simsec=373.688
     Messages:  created: 89181   present: 241   in FES: 6
** Event #711168   t=3134.814467503159   Elapsed: 3134.76s (52m 14s)  49% completed  (49% total)
     Speed:     ev/sec=380.802   simsec/sec=1.00808   ev/simsec=377.75
     Messages:  created: 89274   present: 235   in FES: 6
** Event #711936   t=3136.843438237511   Elapsed: 3136.79s (52m 16s)  49% completed  (49% total)
     Speed:     ev/sec=377.194   simsec/sec=0.996505   ev/simsec=378.517
     Messages:  created: 89353   present: 197   in FES: 6
** Event #712704   t=3139.066760673405   Elapsed: 3139.01s (52m 19s)  49% completed  (49% total)
     Speed:     ev/sec=346.566   simsec/sec=1.00329   ev/simsec=345.429
     Messages:  created: 89425   present: 134   in FES: 7
** Event #713728   t=3141.45661894157   Elapsed: 3141.4s (52m 21s)  49% completed  (49% total)
     Speed:     ev/sec=428.478   simsec/sec=1   ev/simsec=428.477
     Messages:  created: 89556   present: 142   in FES: 7
** Event #715008   t=3143.712570646134   Elapsed: 3143.66s (52m 23s)  49% completed  (49% total)
     Speed:     ev/sec=566.887   simsec/sec=0.999117   ev/simsec=567.388
     Messages:  created: 89767   present: 261   in FES: 6
** Event #716032   t=3145.86047729381   Elapsed: 3145.8s (52m 25s)  49% completed  (49% total)
     Speed:     ev/sec=477.015   simsec/sec=1.00057   ev/simsec=476.743
     Messages:  created: 89913   present: 297   in FES: 6
** Event #717056   t=3147.863163253657   Elapsed: 3147.81s (52m 27s)  49% completed  (49% total)
     Speed:     ev/sec=511.078   simsec/sec=0.99954   ev/simsec=511.313
     Messages:  created: 90077   present: 369   in FES: 6
** Event #718080   t=3149.949791986197   Elapsed: 3149.9s (52m 29s)  49% completed  (49% total)
     Speed:     ev/sec=490.446   simsec/sec=0.999393   ev/simsec=490.744
     Messages:  created: 90232   present: 423   in FES: 6
** Event #718592   t=3152.229217826738   Elapsed: 3152.18s (52m 32s)  50% completed  (50% total)
     Speed:     ev/sec=224.665   simsec/sec=1.00021   ev/simsec=224.618
     Messages:  created: 90251   present: 333   in FES: 6
** Event #719616   t=3154.383738564216   Elapsed: 3154.33s (52m 34s)  50% completed  (50% total)
     Speed:     ev/sec=474.937   simsec/sec=0.999279   ev/simsec=475.28
     Messages:  created: 90401   present: 377   in FES: 6
** Event #720640   t=3156.511479368244   Elapsed: 3156.46s (52m 36s)  50% completed  (50% total)
     Speed:     ev/sec=481.427   simsec/sec=1.00034   ev/simsec=481.262
     Messages:  created: 90546   present: 411   in FES: 6
** Event #721408   t=3158.543602018569   Elapsed: 3158.49s (52m 38s)  50% completed  (50% total)
     Speed:     ev/sec=377.51   simsec/sec=0.998888   ev/simsec=377.93
     Messages:  created: 90632   present: 391   in FES: 6
** Event #722432   t=3160.956140158086   Elapsed: 3160.91s (52m 40s)  50% completed  (50% total)
     Speed:     ev/sec=424.147   simsec/sec=0.999287   ev/simsec=424.449
     Messages:  created: 90754   present: 379   in FES: 6
** Event #723200   t=3163.450612365094   Elapsed: 3163.4s (52m 43s)  50% completed  (50% total)
     Speed:     ev/sec=308.195   simsec/sec=1.00102   ev/simsec=307.881
     Messages:  created: 90825   present: 329   in FES: 6
** Event #723968   t=3165.727413432941   Elapsed: 3165.68s (52m 45s)  50% completed  (50% total)
     Speed:     ev/sec=336.704   simsec/sec=0.998189   ev/simsec=337.315
     Messages:  created: 90889   present: 265   in FES: 6
** Event #724736   t=3168.335672048484   Elapsed: 3168.28s (52m 48s)  50% completed  (50% total)
     Speed:     ev/sec=295.04   simsec/sec=1.002   ev/simsec=294.449
     Messages:  created: 90960   present: 215   in FES: 6
** Event #725504   t=3170.407051003878   Elapsed: 3170.35s (52m 50s)  50% completed  (50% total)
     Speed:     ev/sec=371.421   simsec/sec=1.00176   ev/simsec=370.768
     Messages:  created: 91048   present: 197   in FES: 7
** Event #726528   t=3172.640737293496   Elapsed: 3172.6s (52m 52s)  50% completed  (50% total)
     Speed:     ev/sec=456.011   simsec/sec=0.994711   ev/simsec=458.435
     Messages:  created: 91179   present: 203   in FES: 6
** Event #727552   t=3175.170423342846   Elapsed: 3175.12s (52m 55s)  50% completed  (50% total)
     Speed:     ev/sec=405.581   simsec/sec=1.00195   ev/simsec=404.793
     Messages:  created: 91312   present: 215   in FES: 6
** Event #728320   t=3177.504466998651   Elapsed: 3177.45s (52m 57s)  50% completed  (50% total)
     Speed:     ev/sec=329.825   simsec/sec=1.00238   ev/simsec=329.043
     Messages:  created: 91386   present: 159   in FES: 6
** Event #729088   t=3179.528209483039   Elapsed: 3179.47s (52m 59s)  50% completed  (50% total)
     Speed:     ev/sec=379.763   simsec/sec=1.00071   ev/simsec=379.495
     Messages:  created: 91466   present: 115   in FES: 7
t=3180.834978 executing addServer()
adding server with latency=60
** Event #730112   t=3181.952063930607   Elapsed: 3181.9s (53m 01s)  50% completed  (50% total)
     Speed:     ev/sec=422.468   simsec/sec=1   ev/simsec=422.468
     Messages:  created: 91595   present: 118   in FES: 8
** Event #731136   t=3184.233047820839   Elapsed: 3184.18s (53m 04s)  50% completed  (50% total)
     Speed:     ev/sec=448.929   simsec/sec=1   ev/simsec=448.929
     Messages:  created: 91729   present: 133   in FES: 8
** Event #732160   t=3186.538594041584   Elapsed: 3186.48s (53m 06s)  50% completed  (50% total)
     Speed:     ev/sec=444.146   simsec/sec=0.999999   ev/simsec=444.146
     Messages:  created: 91872   present: 173   in FES: 8
** Event #733440   t=3188.938977136274   Elapsed: 3188.88s (53m 08s)  50% completed  (50% total)
     Speed:     ev/sec=533.248   simsec/sec=1   ev/simsec=533.248
     Messages:  created: 92053   present: 224   in FES: 8
** Event #734720   t=3191.506520533023   Elapsed: 3191.45s (53m 11s)  50% completed  (50% total)
     Speed:     ev/sec=498.531   simsec/sec=1   ev/simsec=498.531
     Messages:  created: 92248   present: 294   in FES: 8
** Event #735744   t=3193.978170995408   Elapsed: 3193.92s (53m 13s)  50% completed  (50% total)
     Speed:     ev/sec=414.299   simsec/sec=1   ev/simsec=414.298
     Messages:  created: 92375   present: 292   in FES: 8
** Event #737024   t=3196.316179046207   Elapsed: 3196.26s (53m 16s)  50% completed  (50% total)
     Speed:     ev/sec=547.474   simsec/sec=0.999998   ev/simsec=547.475
     Messages:  created: 92576   present: 374   in FES: 8
** Event #738048   t=3198.476007056343   Elapsed: 3198.42s (53m 18s)  50% completed  (50% total)
     Speed:     ev/sec=474.112   simsec/sec=1   ev/simsec=474.112
     Messages:  created: 92728   present: 423   in FES: 9
** Event #739072   t=3200.571003571335   Elapsed: 3200.51s (53m 20s)  50% completed  (50% total)
     Speed:     ev/sec=488.784   simsec/sec=1   ev/simsec=488.784
     Messages:  created: 92864   present: 439   in FES: 9
** Event #740096   t=3202.785037048541   Elapsed: 3202.73s (53m 22s)  50% completed  (50% total)
     Speed:     ev/sec=462.504   simsec/sec=1   ev/simsec=462.504
     Messages:  created: 93010   present: 474   in FES: 8
** Event #741120   t=3205.008417060365   Elapsed: 3204.95s (53m 24s)  50% completed  (50% total)
     Speed:     ev/sec=460.56   simsec/sec=0.999999   ev/simsec=460.56
     Messages:  created: 93144   present: 486   in FES: 8
** Event #742144   t=3207.495971353106   Elapsed: 3207.44s (53m 27s)  50% completed  (50% total)
     Speed:     ev/sec=411.65   simsec/sec=1   ev/simsec=411.649
     Messages:  created: 93265   present: 472   in FES: 8
** Event #743168   t=3209.657201366129   Elapsed: 3209.6s (53m 29s)  50% completed  (50% total)
     Speed:     ev/sec=473.804   simsec/sec=0.999999   ev/simsec=473.804
     Messages:  created: 93398   present: 482   in FES: 8
** Event #743936   t=3211.79481339804   Elapsed: 3211.74s (53m 31s)  50% completed  (50% total)
     Speed:     ev/sec=359.279   simsec/sec=0.999999   ev/simsec=359.279
     Messages:  created: 93483   present: 461   in FES: 9
** Event #744704   t=3213.875826608384   Elapsed: 3213.82s (53m 33s)  51% completed  (51% total)
     Speed:     ev/sec=369.051   simsec/sec=1   ev/simsec=369.051
     Messages:  created: 93562   present: 426   in FES: 8
** Event #745984   t=3216.333681565825   Elapsed: 3216.28s (53m 36s)  51% completed  (51% total)
     Speed:     ev/sec=520.78   simsec/sec=1   ev/simsec=520.779
     Messages:  created: 93757   present: 497   in FES: 9
** Event #747008   t=3218.561981813195   Elapsed: 3218.51s (53m 38s)  51% completed  (51% total)
     Speed:     ev/sec=459.543   simsec/sec=1   ev/simsec=459.543
     Messages:  created: 93909   present: 544   in FES: 8
** Event #748288   t=3220.710193107215   Elapsed: 3220.65s (53m 40s)  51% completed  (51% total)
     Speed:     ev/sec=595.844   simsec/sec=0.999999   ev/simsec=595.845
     Messages:  created: 94112   present: 631   in FES: 9
** Event #749312   t=3222.88068039598   Elapsed: 3222.82s (53m 42s)  51% completed  (51% total)
     Speed:     ev/sec=471.784   simsec/sec=1   ev/simsec=471.783
     Messages:  created: 94254   present: 658   in FES: 8
** Event #750336   t=3225.226852976984   Elapsed: 3225.17s (53m 45s)  51% completed  (51% total)
     Speed:     ev/sec=436.455   simsec/sec=1   ev/simsec=436.456
     Messages:  created: 94386   present: 666   in FES: 8
** Event #751360   t=3227.719932261676   Elapsed: 3227.66s (53m 47s)  51% completed  (51% total)
     Speed:     ev/sec=410.737   simsec/sec=0.999999   ev/simsec=410.737
     Messages:  created: 94513   present: 664   in FES: 8
** Event #752384   t=3230.207260966635   Elapsed: 3230.15s (53m 50s)  51% completed  (51% total)
     Speed:     ev/sec=411.686   simsec/sec=0.999999   ev/simsec=411.687
     Messages:  created: 94643   present: 669   in FES: 9
** Event #753408   t=3232.87643805513   Elapsed: 3232.82s (53m 52s)  51% completed  (51% total)
     Speed:     ev/sec=383.639   simsec/sec=1   ev/simsec=383.639
     Messages:  created: 94771   present: 668   in FES: 8
** Event #754432   t=3235.508614152746   Elapsed: 3235.45s (53m 55s)  51% completed  (51% total)
     Speed:     ev/sec=389.03   simsec/sec=0.999995   ev/simsec=389.032
     Messages:  created: 94885   present: 640   in FES: 8
** Event #755200   t=3237.855322559782   Elapsed: 3237.8s (53m 57s)  51% completed  (51% total)
     Speed:     ev/sec=327.268   simsec/sec=1   ev/simsec=327.267
     Messages:  created: 94968   present: 615   in FES: 9
** Event #755968   t=3239.959236850849   Elapsed: 3239.9s (53m 59s)  51% completed  (51% total)
     Speed:     ev/sec=365.034   simsec/sec=1   ev/simsec=365.034
     Messages:  created: 95057   present: 600   in FES: 8
t=3240.834978 addServer() complete
t=3240.834992 executing setDimmer(0.75)
** Event #756736   t=3242.00194719051   Elapsed: 3241.95s (54m 01s)  51% completed  (51% total)
     Speed:     ev/sec=375.971   simsec/sec=0.999999   ev/simsec=375.971
     Messages:  created: 95130   present: 556   in FES: 9
** Event #758016   t=3244.259519364577   Elapsed: 3244.2s (54m 04s)  51% completed  (51% total)
     Speed:     ev/sec=566.981   simsec/sec=1   ev/simsec=566.981
     Messages:  created: 95265   present: 505   in FES: 8
** Event #759040   t=3246.275212693554   Elapsed: 3246.22s (54m 06s)  51% completed  (51% total)
     Speed:     ev/sec=508.014   simsec/sec=1   ev/simsec=508.014
     Messages:  created: 95347   present: 413   in FES: 7
** Event #760064   t=3248.363090399026   Elapsed: 3248.31s (54m 08s)  51% completed  (51% total)
     Speed:     ev/sec=490.45   simsec/sec=0.999999   ev/simsec=490.45
     Messages:  created: 95440   present: 343   in FES: 8
** Event #761088   t=3250.567440918188   Elapsed: 3250.51s (54m 10s)  51% completed  (51% total)
     Speed:     ev/sec=464.536   simsec/sec=1   ev/simsec=464.536
     Messages:  created: 95517   present: 242   in FES: 7
** Event #762112   t=3252.936998818445   Elapsed: 3252.88s (54m 12s)  51% completed  (51% total)
     Speed:     ev/sec=432.149   simsec/sec=1   ev/simsec=432.148
     Messages:  created: 95615   present: 171   in FES: 8
** Event #763648   t=3255.135637524879   Elapsed: 3255.08s (54m 15s)  51% completed  (51% total)
     Speed:     ev/sec=698.613   simsec/sec=0.999999   ev/simsec=698.614
     Messages:  created: 95784   present: 110   in FES: 8
** Event #764672   t=3257.315998083865   Elapsed: 3257.26s (54m 17s)  51% completed  (51% total)
     Speed:     ev/sec=469.647   simsec/sec=1   ev/simsec=469.647
     Messages:  created: 95881   present: 27   in FES: 7
** Event #765440   t=3259.515239196646   Elapsed: 3259.46s (54m 19s)  51% completed  (51% total)
     Speed:     ev/sec=349.211   simsec/sec=1   ev/simsec=349.211
     Messages:  created: 95971   present: 11   in FES: 7
** Event #766208   t=3261.987834387758   Elapsed: 3261.93s (54m 21s)  51% completed  (51% total)
     Speed:     ev/sec=310.604   simsec/sec=0.999999   ev/simsec=310.605
     Messages:  created: 96066   present: 9   in FES: 5
** Event #767488   t=3264.008210202064   Elapsed: 3263.95s (54m 23s)  51% completed  (51% total)
     Speed:     ev/sec=633.116   simsec/sec=0.999321   ev/simsec=633.545
     Messages:  created: 96231   present: 23   in FES: 7
** Event #768512   t=3266.234043092481   Elapsed: 3266.18s (54m 26s)  51% completed  (51% total)
     Speed:     ev/sec=460.336   simsec/sec=1.00062   ev/simsec=460.053
     Messages:  created: 96354   present: 9   in FES: 5
** Event #769536   t=3268.3928349615   Elapsed: 3268.34s (54m 28s)  51% completed  (51% total)
     Speed:     ev/sec=474.34   simsec/sec=1   ev/simsec=474.339
     Messages:  created: 96483   present: 13   in FES: 8
** Event #770816   t=3270.409705547374   Elapsed: 3270.35s (54m 30s)  51% completed  (51% total)
     Speed:     ev/sec=634.647   simsec/sec=1   ev/simsec=634.647
     Messages:  created: 96644   present: 14   in FES: 8
** Event #772352   t=3272.996081498731   Elapsed: 3272.94s (54m 32s)  51% completed  (51% total)
     Speed:     ev/sec=593.881   simsec/sec=1   ev/simsec=593.881
     Messages:  created: 96834   present: 9   in FES: 5
** Event #773376   t=3275.229463735237   Elapsed: 3275.17s (54m 35s)  51% completed  (51% total)
     Speed:     ev/sec=458.086   simsec/sec=0.999103   ev/simsec=458.497
     Messages:  created: 96964   present: 15   in FES: 7
** Event #774144   t=3277.548949670229   Elapsed: 3277.49s (54m 37s)  52% completed  (52% total)
     Speed:     ev/sec=331.394   simsec/sec=1.00087   ev/simsec=331.108
     Messages:  created: 97059   present: 11   in FES: 7
** Event #775168   t=3279.754689240626   Elapsed: 3279.7s (54m 39s)  52% completed  (52% total)
     Speed:     ev/sec=464.244   simsec/sec=1   ev/simsec=464.243
     Messages:  created: 97187   present: 12   in FES: 8
** Event #775936   t=3281.887810530064   Elapsed: 3281.83s (54m 41s)  52% completed  (52% total)
     Speed:     ev/sec=360.036   simsec/sec=1   ev/simsec=360.036
     Messages:  created: 97282   present: 10   in FES: 6
** Event #777216   t=3284.541143343907   Elapsed: 3284.48s (54m 44s)  52% completed  (52% total)
     Speed:     ev/sec=482.412   simsec/sec=0.999999   ev/simsec=482.412
     Messages:  created: 97443   present: 11   in FES: 7
** Event #777984   t=3287.467189683763   Elapsed: 3287.41s (54m 47s)  52% completed  (52% total)
     Speed:     ev/sec=262.473   simsec/sec=1.00001   ev/simsec=262.47
     Messages:  created: 97538   present: 10   in FES: 6
** Event #778752   t=3289.829517925831   Elapsed: 3289.77s (54m 49s)  52% completed  (52% total)
     Speed:     ev/sec=325.099   simsec/sec=0.999989   ev/simsec=325.103
     Messages:  created: 97635   present: 11   in FES: 7
** Event #780032   t=3292.372789004577   Elapsed: 3292.32s (54m 52s)  52% completed  (52% total)
     Speed:     ev/sec=503.288   simsec/sec=0.999998   ev/simsec=503.289
     Messages:  created: 97794   present: 9   in FES: 5
** Event #780800   t=3294.440187580305   Elapsed: 3294.38s (54m 54s)  52% completed  (52% total)
     Speed:     ev/sec=371.482   simsec/sec=1   ev/simsec=371.481
     Messages:  created: 97891   present: 13   in FES: 8
** Event #782080   t=3296.822992903302   Elapsed: 3296.77s (54m 56s)  52% completed  (52% total)
     Speed:     ev/sec=537.182   simsec/sec=1   ev/simsec=537.182
     Messages:  created: 98050   present: 10   in FES: 6
** Event #782848   t=3299.339706001954   Elapsed: 3299.28s (54m 59s)  52% completed  (52% total)
     Speed:     ev/sec=305.16   simsec/sec=1   ev/simsec=305.16
     Messages:  created: 98147   present: 11   in FES: 7
t=3300.835006 executing setDimmer(0.5)
** Event #783872   t=3301.810855645546   Elapsed: 3301.8s (55m 01s)  52% completed  (52% total)
     Speed:     ev/sec=406.383   simsec/sec=0.980697   ev/simsec=414.382
     Messages:  created: 98273   present: 9   in FES: 5
** Event #784640   t=3303.895291986374   Elapsed: 3303.86s (55m 03s)  52% completed  (52% total)
     Speed:     ev/sec=373.489   simsec/sec=1.01369   ev/simsec=368.445
     Messages:  created: 98369   present: 9   in FES: 5
** Event #785408   t=3306.090745778732   Elapsed: 3306.04s (55m 06s)  52% completed  (52% total)
     Speed:     ev/sec=352.919   simsec/sec=1.00888   ev/simsec=349.814
     Messages:  created: 98465   present: 9   in FES: 5
** Event #786688   t=3308.320725268967   Elapsed: 3308.27s (55m 08s)  52% completed  (52% total)
     Speed:     ev/sec=573.267   simsec/sec=0.99873   ev/simsec=573.996
     Messages:  created: 98625   present: 9   in FES: 5
** Event #787712   t=3310.813302484934   Elapsed: 3310.76s (55m 10s)  52% completed  (52% total)
     Speed:     ev/sec=411.481   simsec/sec=1.00161   ev/simsec=410.82
     Messages:  created: 98754   present: 11   in FES: 6
** Event #788992   t=3313.169208966275   Elapsed: 3313.11s (55m 13s)  52% completed  (52% total)
     Speed:     ev/sec=543.316   simsec/sec=1   ev/simsec=543.315
     Messages:  created: 98915   present: 14   in FES: 7
** Event #790528   t=3315.2108824874   Elapsed: 3315.15s (55m 15s)  52% completed  (52% total)
     Speed:     ev/sec=752.335   simsec/sec=1.00001   ev/simsec=752.324
     Messages:  created: 99108   present: 16   in FES: 8
** Event #791552   t=3317.298260875076   Elapsed: 3317.25s (55m 17s)  52% completed  (52% total)
     Speed:     ev/sec=488.813   simsec/sec=0.996423   ev/simsec=490.568
     Messages:  created: 99233   present: 9   in FES: 5
** Event #792576   t=3319.426405642648   Elapsed: 3319.37s (55m 19s)  52% completed  (52% total)
     Speed:     ev/sec=482.121   simsec/sec=1.00198   ev/simsec=481.17
     Messages:  created: 99361   present: 9   in FES: 5
** Event #793600   t=3321.514431582121   Elapsed: 3321.47s (55m 21s)  52% completed  (52% total)
     Speed:     ev/sec=488.275   simsec/sec=0.995635   ev/simsec=490.415
     Messages:  created: 99489   present: 9   in FES: 5
** Event #794880   t=3323.574939310144   Elapsed: 3323.53s (55m 23s)  52% completed  (52% total)
     Speed:     ev/sec=621.149   simsec/sec=0.999908   ev/simsec=621.206
     Messages:  created: 99649   present: 9   in FES: 5
** Event #795648   t=3325.973322313461   Elapsed: 3325.92s (55m 25s)  52% completed  (52% total)
     Speed:     ev/sec=321.908   simsec/sec=1.00529   ev/simsec=320.216
     Messages:  created: 99746   present: 12   in FES: 7
** Event #796672   t=3328.394146967549   Elapsed: 3328.35s (55m 28s)  52% completed  (52% total)
     Speed:     ev/sec=420.481   simsec/sec=0.994052   ev/simsec=422.996
     Messages:  created: 99873   present: 9   in FES: 5
** Event #797696   t=3330.717887531226   Elapsed: 3330.66s (55m 30s)  52% completed  (52% total)
     Speed:     ev/sec=443.036   simsec/sec=1.00537   ev/simsec=440.669
     Messages:  created: 100001   present: 9   in FES: 5
** Event #798720   t=3332.824651263492   Elapsed: 3332.78s (55m 32s)  52% completed  (52% total)
     Speed:     ev/sec=484.304   simsec/sec=0.996401   ev/simsec=486.054
     Messages:  created: 100129   present: 9   in FES: 5
** Event #799744   t=3335.066223022578   Elapsed: 3335.01s (55m 35s)  52% completed  (52% total)
     Speed:     ev/sec=458.804   simsec/sec=1.00434   ev/simsec=456.822
     Messages:  created: 100258   present: 12   in FES: 7
** Event #800768   t=3337.212085029501   Elapsed: 3337.16s (55m 37s)  52% completed  (52% total)
     Speed:     ev/sec=477.198   simsec/sec=1   ev/simsec=477.198
     Messages:  created: 100388   present: 16   in FES: 7
** Event #801536   t=3339.186334143185   Elapsed: 3339.17s (55m 39s)  53% completed  (53% total)
     Speed:     ev/sec=380.845   simsec/sec=0.979015   ev/simsec=389.009
     Messages:  created: 100481   present: 9   in FES: 5
** Event #802560   t=3341.514949033927   Elapsed: 3341.46s (55m 41s)  53% completed  (53% total)
     Speed:     ev/sec=447.885   simsec/sec=1.01851   ev/simsec=439.746
     Messages:  created: 100610   present: 11   in FES: 6
** Event #803584   t=3343.983666408494   Elapsed: 3343.93s (55m 43s)  53% completed  (53% total)
     Speed:     ev/sec=413.566   simsec/sec=0.997048   ev/simsec=414.79
     Messages:  created: 100737   present: 9   in FES: 5
** Event #804608   t=3346.383279508199   Elapsed: 3346.33s (55m 46s)  53% completed  (53% total)
     Speed:     ev/sec=428.04   simsec/sec=1.00306   ev/simsec=426.735
     Messages:  created: 100866   present: 11   in FES: 7
** Event #805888   t=3348.791308069047   Elapsed: 3348.74s (55m 48s)  53% completed  (53% total)
     Speed:     ev/sec=531.322   simsec/sec=0.999561   ev/simsec=531.555
     Messages:  created: 101025   present: 9   in FES: 5
** Event #806912   t=3351.148518595049   Elapsed: 3351.11s (55m 51s)  53% completed  (53% total)
     Speed:     ev/sec=430.414   simsec/sec=0.990797   ev/simsec=434.412
     Messages:  created: 101153   present: 9   in FES: 5
** Event #807936   t=3353.420259938486   Elapsed: 3353.36s (55m 53s)  53% completed  (53% total)
     Speed:     ev/sec=455.248   simsec/sec=1.00997   ev/simsec=450.756
     Messages:  created: 101281   present: 9   in FES: 5
** Event #808448   t=3355.582503989834   Elapsed: 3355.53s (55m 55s)  53% completed  (53% total)
     Speed:     ev/sec=236.113   simsec/sec=0.997135   ev/simsec=236.791
     Messages:  created: 101345   present: 9   in FES: 5
** Event #808960   t=3357.623793850993   Elapsed: 3357.57s (55m 57s)  53% completed  (53% total)
     Speed:     ev/sec=251.498   simsec/sec=1.00269   ev/simsec=250.822
     Messages:  created: 101409   present: 9   in FES: 5
** Event #809728   t=3359.929942095624   Elapsed: 3359.87s (55m 59s)  53% completed  (53% total)
     Speed:     ev/sec=333.005   simsec/sec=0.999947   ev/simsec=333.023
     Messages:  created: 101505   present: 9   in FES: 5
t=3360.834996 executing setDimmer(0.75)
** Event #810752   t=3362.025090087786   Elapsed: 3361.97s (56m 01s)  53% completed  (53% total)
     Speed:     ev/sec=489.07   simsec/sec=1.00066   ev/simsec=488.748
     Messages:  created: 101636   present: 18   in FES: 8
** Event #811776   t=3364.149748455234   Elapsed: 3364.09s (56m 04s)  53% completed  (53% total)
     Speed:     ev/sec=481.96   simsec/sec=1   ev/simsec=481.96
     Messages:  created: 101761   present: 10   in FES: 6
** Event #812800   t=3366.396467031288   Elapsed: 3366.34s (56m 06s)  53% completed  (53% total)
     Speed:     ev/sec=455.25   simsec/sec=0.998847   ev/simsec=455.776
     Messages:  created: 101889   present: 11   in FES: 6
** Event #813824   t=3368.792288667796   Elapsed: 3368.74s (56m 08s)  53% completed  (53% total)
     Speed:     ev/sec=427.874   simsec/sec=1.00108   ev/simsec=427.411
     Messages:  created: 102018   present: 13   in FES: 7
** Event #814848   t=3371.175718303701   Elapsed: 3371.12s (56m 11s)  53% completed  (53% total)
     Speed:     ev/sec=429.56   simsec/sec=0.99983   ev/simsec=429.633
     Messages:  created: 102145   present: 11   in FES: 5
** Event #816640   t=3373.641857304766   Elapsed: 3373.59s (56m 13s)  53% completed  (53% total)
     Speed:     ev/sec=726.761   simsec/sec=1.00016   ev/simsec=726.642
     Messages:  created: 102370   present: 14   in FES: 7
** Event #817664   t=3375.701129730232   Elapsed: 3375.64s (56m 15s)  53% completed  (53% total)
     Speed:     ev/sec=497.263   simsec/sec=1   ev/simsec=497.263
     Messages:  created: 102499   present: 15   in FES: 7
** Event #818944   t=3378.287094326449   Elapsed: 3378.23s (56m 18s)  53% completed  (53% total)
     Speed:     ev/sec=494.617   simsec/sec=0.999268   ev/simsec=494.98
     Messages:  created: 102657   present: 11   in FES: 6
** Event #819968   t=3380.453735051111   Elapsed: 3380.4s (56m 20s)  53% completed  (53% total)
     Speed:     ev/sec=472.528   simsec/sec=0.999803   ev/simsec=472.621
     Messages:  created: 102785   present: 11   in FES: 6
** Event #821504   t=3382.736774286577   Elapsed: 3382.68s (56m 22s)  53% completed  (53% total)
     Speed:     ev/sec=672.283   simsec/sec=0.999251   ev/simsec=672.787
     Messages:  created: 102980   present: 19   in FES: 7
** Event #822784   t=3384.892136392072   Elapsed: 3384.84s (56m 24s)  53% completed  (53% total)
     Speed:     ev/sec=594.981   simsec/sec=1.00188   ev/simsec=593.868
     Messages:  created: 103140   present: 18   in FES: 7
** Event #824064   t=3387.105923319803   Elapsed: 3387.05s (56m 27s)  53% completed  (53% total)
     Speed:     ev/sec=578.195   simsec/sec=1   ev/simsec=578.195
     Messages:  created: 103298   present: 14   in FES: 7
** Event #825088   t=3389.719569886962   Elapsed: 3389.68s (56m 29s)  53% completed  (53% total)
     Speed:     ev/sec=389.969   simsec/sec=0.995353   ev/simsec=391.79
     Messages:  created: 103425   present: 11   in FES: 7
** Event #826112   t=3392.206685450413   Elapsed: 3392.15s (56m 32s)  53% completed  (53% total)
     Speed:     ev/sec=413.752   simsec/sec=1.00493   ev/simsec=411.722
     Messages:  created: 103553   present: 10   in FES: 6
** Event #827648   t=3394.512036145295   Elapsed: 3394.46s (56m 34s)  53% completed  (53% total)
     Speed:     ev/sec=665.229   simsec/sec=0.998429   ev/simsec=666.276
     Messages:  created: 103745   present: 11   in FES: 6
** Event #828416   t=3396.631883156126   Elapsed: 3396.58s (56m 36s)  53% completed  (53% total)
     Speed:     ev/sec=362.917   simsec/sec=1.00173   ev/simsec=362.29
     Messages:  created: 103840   present: 9   in FES: 5
** Event #829440   t=3398.953883727322   Elapsed: 3398.9s (56m 38s)  53% completed  (53% total)
     Speed:     ev/sec=440.515   simsec/sec=0.998902   ev/simsec=440.999
     Messages:  created: 103969   present: 11   in FES: 7
** Event #830208   t=3401.148164607918   Elapsed: 3401.09s (56m 41s)  53% completed  (53% total)
     Speed:     ev/sec=350.403   simsec/sec=1.00115   ev/simsec=350.001
     Messages:  created: 104065   present: 10   in FES: 6
** Event #831232   t=3403.572650956364   Elapsed: 3403.52s (56m 43s)  54% completed  (54% total)
     Speed:     ev/sec=422.358   simsec/sec=1   ev/simsec=422.358
     Messages:  created: 104194   present: 14   in FES: 7
** Event #832768   t=3405.819509743468   Elapsed: 3405.78s (56m 45s)  54% completed  (54% total)
     Speed:     ev/sec=679.26   simsec/sec=0.993621   ev/simsec=683.621
     Messages:  created: 104385   present: 11   in FES: 6
** Event #833792   t=3408.477095456363   Elapsed: 3408.42s (56m 48s)  54% completed  (54% total)
     Speed:     ev/sec=387.415   simsec/sec=1.00546   ev/simsec=385.312
     Messages:  created: 104513   present: 10   in FES: 6
** Event #834560   t=3410.891504606473   Elapsed: 3410.83s (56m 50s)  54% completed  (54% total)
     Speed:     ev/sec=318.09   simsec/sec=1   ev/simsec=318.09
     Messages:  created: 104609   present: 10   in FES: 6
** Event #835328   t=3412.900005158502   Elapsed: 3412.85s (56m 52s)  54% completed  (54% total)
     Speed:     ev/sec=381.692   simsec/sec=0.998214   ev/simsec=382.375
     Messages:  created: 104705   present: 11   in FES: 6
** Event #836096   t=3415.141807010485   Elapsed: 3415.09s (56m 55s)  54% completed  (54% total)
     Speed:     ev/sec=343.132   simsec/sec=1.00161   ev/simsec=342.582
     Messages:  created: 104800   present: 9   in FES: 5
** Event #836608   t=3417.146724976736   Elapsed: 3417.09s (56m 57s)  54% completed  (54% total)
     Speed:     ev/sec=255.372   simsec/sec=0.999998   ev/simsec=255.372
     Messages:  created: 104864   present: 9   in FES: 5
** Event #837632   t=3419.510145910098   Elapsed: 3419.45s (56m 59s)  54% completed  (54% total)
     Speed:     ev/sec=433.27   simsec/sec=1   ev/simsec=433.27
     Messages:  created: 104993   present: 10   in FES: 6
t=3420.834997 executing setDimmer(1)
** Event #838656   t=3421.914416430245   Elapsed: 3421.86s (57m 01s)  54% completed  (54% total)
     Speed:     ev/sec=425.084   simsec/sec=0.998064   ev/simsec=425.909
     Messages:  created: 105121   present: 13   in FES: 7
** Event #839424   t=3423.931687644002   Elapsed: 3423.88s (57m 03s)  54% completed  (54% total)
     Speed:     ev/sec=381.595   simsec/sec=1.00232   ev/simsec=380.712
     Messages:  created: 105218   present: 15   in FES: 8
** Event #840704   t=3426.080174497762   Elapsed: 3426.02s (57m 06s)  54% completed  (54% total)
     Speed:     ev/sec=595.768   simsec/sec=1   ev/simsec=595.768
     Messages:  created: 105389   present: 44   in FES: 8
** Event #841984   t=3428.131432419337   Elapsed: 3428.07s (57m 08s)  54% completed  (54% total)
     Speed:     ev/sec=624.007   simsec/sec=1   ev/simsec=624.007
     Messages:  created: 105550   present: 48   in FES: 8
** Event #843264   t=3430.339936341594   Elapsed: 3430.28s (57m 10s)  54% completed  (54% total)
     Speed:     ev/sec=579.578   simsec/sec=1   ev/simsec=579.578
     Messages:  created: 105708   present: 42   in FES: 8
** Event #844288   t=3432.369270715465   Elapsed: 3432.31s (57m 12s)  54% completed  (54% total)
     Speed:     ev/sec=504.599   simsec/sec=0.999999   ev/simsec=504.599
     Messages:  created: 105833   present: 34   in FES: 8
** Event #845568   t=3434.779791745919   Elapsed: 3434.72s (57m 14s)  54% completed  (54% total)
     Speed:     ev/sec=531.007   simsec/sec=1   ev/simsec=531.006
     Messages:  created: 105992   present: 32   in FES: 8
** Event #846336   t=3437.13772137583   Elapsed: 3437.08s (57m 17s)  54% completed  (54% total)
     Speed:     ev/sec=325.414   simsec/sec=0.999093   ev/simsec=325.709
     Messages:  created: 106081   present: 13   in FES: 7
** Event #847104   t=3439.353601305012   Elapsed: 3439.3s (57m 19s)  54% completed  (54% total)
     Speed:     ev/sec=346.09   simsec/sec=0.998561   ev/simsec=346.589
     Messages:  created: 106177   present: 13   in FES: 6
** Event #847872   t=3441.841058243047   Elapsed: 3441.79s (57m 21s)  54% completed  (54% total)
     Speed:     ev/sec=308.674   simsec/sec=0.999757   ev/simsec=308.749
     Messages:  created: 106273   present: 13   in FES: 6
** Event #849152   t=3444.76146525261   Elapsed: 3444.7s (57m 24s)  54% completed  (54% total)
     Speed:     ev/sec=439.187   simsec/sec=1.00204   ev/simsec=438.295
     Messages:  created: 106432   present: 10   in FES: 6
** Event #850176   t=3446.799775492514   Elapsed: 3446.74s (57m 26s)  54% completed  (54% total)
     Speed:     ev/sec=502.377   simsec/sec=1   ev/simsec=502.377
     Messages:  created: 106563   present: 18   in FES: 8
** Event #851200   t=3449.094480997826   Elapsed: 3449.04s (57m 29s)  54% completed  (54% total)
     Speed:     ev/sec=446.245   simsec/sec=1   ev/simsec=446.245
     Messages:  created: 106689   present: 12   in FES: 7
** Event #851968   t=3451.249914574003   Elapsed: 3451.19s (57m 31s)  54% completed  (54% total)
     Speed:     ev/sec=356.309   simsec/sec=1   ev/simsec=356.309
     Messages:  created: 106785   present: 12   in FES: 7
** Event #852992   t=3453.636452283887   Elapsed: 3453.58s (57m 33s)  54% completed  (54% total)
     Speed:     ev/sec=429.074   simsec/sec=1   ev/simsec=429.073
     Messages:  created: 106915   present: 18   in FES: 8
** Event #854272   t=3455.714562920437   Elapsed: 3455.66s (57m 35s)  54% completed  (54% total)
     Speed:     ev/sec=615.944   simsec/sec=1   ev/simsec=615.944
     Messages:  created: 107084   present: 43   in FES: 8
** Event #855808   t=3458.083995184596   Elapsed: 3458.03s (57m 38s)  54% completed  (54% total)
     Speed:     ev/sec=648.256   simsec/sec=0.999999   ev/simsec=648.257
     Messages:  created: 107270   present: 26   in FES: 8
** Event #857344   t=3460.453557713842   Elapsed: 3460.4s (57m 40s)  54% completed  (54% total)
     Speed:     ev/sec=647.14   simsec/sec=0.998332   ev/simsec=648.221
     Messages:  created: 107478   present: 69   in FES: 7
** Event #858624   t=3462.562003887822   Elapsed: 3462.51s (57m 42s)  54% completed  (54% total)
     Speed:     ev/sec=608.225   simsec/sec=1.00188   ev/simsec=607.082
     Messages:  created: 107645   present: 88   in FES: 8
** Event #859904   t=3464.923596545269   Elapsed: 3464.87s (57m 44s)  54% completed  (54% total)
     Speed:     ev/sec=542.007   simsec/sec=0.999999   ev/simsec=542.007
     Messages:  created: 107785   present: 34   in FES: 8
** Event #860928   t=3467.203451985862   Elapsed: 3467.15s (57m 47s)  55% completed  (55% total)
     Speed:     ev/sec=449.152   simsec/sec=1   ev/simsec=449.151
     Messages:  created: 107905   present: 12   in FES: 7
** Event #861952   t=3469.790311153995   Elapsed: 3469.73s (57m 49s)  55% completed  (55% total)
     Speed:     ev/sec=395.847   simsec/sec=0.999999   ev/simsec=395.847
     Messages:  created: 108033   present: 12   in FES: 7
** Event #862720   t=3471.826247615746   Elapsed: 3471.77s (57m 51s)  55% completed  (55% total)
     Speed:     ev/sec=377.222   simsec/sec=1   ev/simsec=377.222
     Messages:  created: 108131   present: 17   in FES: 8
** Event #864256   t=3474.015773408112   Elapsed: 3473.96s (57m 53s)  55% completed  (55% total)
     Speed:     ev/sec=701.522   simsec/sec=1   ev/simsec=701.522
     Messages:  created: 108343   present: 72   in FES: 8
** Event #865536   t=3476.178996617523   Elapsed: 3476.12s (57m 56s)  55% completed  (55% total)
     Speed:     ev/sec=591.71   simsec/sec=1   ev/simsec=591.71
     Messages:  created: 108493   present: 44   in FES: 8
** Event #866560   t=3478.311148934676   Elapsed: 3478.25s (57m 58s)  55% completed  (55% total)
     Speed:     ev/sec=480.263   simsec/sec=0.999994   ev/simsec=480.266
     Messages:  created: 108610   present: 15   in FES: 7
** Event #867840   t=3480.61007247535   Elapsed: 3480.55s (58m 00s)  55% completed  (55% total)
     Speed:     ev/sec=556.785   simsec/sec=1.00001   ev/simsec=556.782
     Messages:  created: 108794   present: 80   in FES: 8
** Event #869120   t=3483.391811078306   Elapsed: 3483.34s (58m 03s)  55% completed  (55% total)
     Speed:     ev/sec=460.144   simsec/sec=0.999999   ev/simsec=460.144
     Messages:  created: 108927   present: 9   in FES: 5
** Event #870656   t=3485.880763325708   Elapsed: 3485.82s (58m 05s)  55% completed  (55% total)
     Speed:     ev/sec=617.127   simsec/sec=1   ev/simsec=617.127
     Messages:  created: 109125   present: 26   in FES: 7
** Event #871424   t=3487.953677064044   Elapsed: 3487.9s (58m 07s)  55% completed  (55% total)
     Speed:     ev/sec=370.493   simsec/sec=1   ev/simsec=370.493
     Messages:  created: 109216   present: 11   in FES: 7
** Event #872448   t=3490.065794239119   Elapsed: 3490.01s (58m 10s)  55% completed  (55% total)
     Speed:     ev/sec=484.822   simsec/sec=1   ev/simsec=484.822
     Messages:  created: 109350   present: 27   in FES: 8
** Event #873216   t=3492.244260855394   Elapsed: 3492.19s (58m 12s)  55% completed  (55% total)
     Speed:     ev/sec=352.162   simsec/sec=0.998923   ev/simsec=352.542
     Messages:  created: 109440   present: 12   in FES: 7
** Event #874240   t=3494.858737316647   Elapsed: 3494.8s (58m 14s)  55% completed  (55% total)
     Speed:     ev/sec=392.017   simsec/sec=1.0009   ev/simsec=391.665
     Messages:  created: 109568   present: 11   in FES: 7
** Event #875008   t=3497.381525979134   Elapsed: 3497.32s (58m 17s)  55% completed  (55% total)
     Speed:     ev/sec=304.425   simsec/sec=1   ev/simsec=304.425
     Messages:  created: 109663   present: 10   in FES: 6
** Event #875776   t=3499.909838853566   Elapsed: 3499.85s (58m 19s)  55% completed  (55% total)
     Speed:     ev/sec=303.76   simsec/sec=1   ev/simsec=303.76
     Messages:  created: 109759   present: 10   in FES: 6
** Event #876544   t=3502.088410324039   Elapsed: 3502.03s (58m 22s)  55% completed  (55% total)
     Speed:     ev/sec=352.524   simsec/sec=0.999999   ev/simsec=352.525
     Messages:  created: 109856   present: 11   in FES: 6
** Event #877824   t=3504.417400789883   Elapsed: 3504.36s (58m 24s)  55% completed  (55% total)
     Speed:     ev/sec=549.594   simsec/sec=1   ev/simsec=549.594
     Messages:  created: 110018   present: 18   in FES: 8
** Event #878592   t=3506.604870272606   Elapsed: 3506.55s (58m 26s)  55% completed  (55% total)
     Speed:     ev/sec=351.093   simsec/sec=1.00001   ev/simsec=351.091
     Messages:  created: 110114   present: 18   in FES: 8
** Event #879360   t=3508.637564965936   Elapsed: 3508.58s (58m 28s)  55% completed  (55% total)
     Speed:     ev/sec=377.821   simsec/sec=0.999993   ev/simsec=377.824
     Messages:  created: 110209   present: 14   in FES: 8
** Event #880384   t=3511.059607395527   Elapsed: 3511s (58m 31s)  55% completed  (55% total)
     Speed:     ev/sec=422.784   simsec/sec=1   ev/simsec=422.784
     Messages:  created: 110341   present: 24   in FES: 8
** Event #881408   t=3513.259751757116   Elapsed: 3513.2s (58m 33s)  55% completed  (55% total)
     Speed:     ev/sec=465.424   simsec/sec=0.999999   ev/simsec=465.424
     Messages:  created: 110465   present: 14   in FES: 8
** Event #882944   t=3515.34729388147   Elapsed: 3515.29s (58m 35s)  55% completed  (55% total)
     Speed:     ev/sec=735.794   simsec/sec=1   ev/simsec=735.794
     Messages:  created: 110700   present: 130   in FES: 8
** Event #884224   t=3517.673203880224   Elapsed: 3517.62s (58m 37s)  55% completed  (55% total)
     Speed:     ev/sec=550.189   simsec/sec=0.999757   ev/simsec=550.322
     Messages:  created: 110855   present: 116   in FES: 7
** Event #885504   t=3520.057876088781   Elapsed: 3520s (58m 40s)  55% completed  (55% total)
     Speed:     ev/sec=536.888   simsec/sec=1.00024   ev/simsec=536.761
     Messages:  created: 110993   present: 56   in FES: 8
** Event #886528   t=3522.329695185342   Elapsed: 3522.27s (58m 42s)  55% completed  (55% total)
     Speed:     ev/sec=450.74   simsec/sec=1   ev/simsec=450.74
     Messages:  created: 111105   present: 14   in FES: 8
** Event #888064   t=3524.911460650153   Elapsed: 3524.85s (58m 44s)  55% completed  (55% total)
     Speed:     ev/sec=594.942   simsec/sec=1   ev/simsec=594.942
     Messages:  created: 111301   present: 24   in FES: 8
** Event #889344   t=3527.527743913245   Elapsed: 3527.47s (58m 47s)  55% completed  (55% total)
     Speed:     ev/sec=489.244   simsec/sec=1   ev/simsec=489.244
     Messages:  created: 111456   present: 11   in FES: 7
** Event #890368   t=3529.729433184681   Elapsed: 3529.68s (58m 49s)  56% completed  (56% total)
     Speed:     ev/sec=464.003   simsec/sec=0.997647   ev/simsec=465.097
     Messages:  created: 111590   present: 28   in FES: 7
** Event #891648   t=3532.082451874085   Elapsed: 3532.06s (58m 52s)  56% completed  (56% total)
     Speed:     ev/sec=537.235   simsec/sec=0.987596   ev/simsec=543.982
     Messages:  created: 111747   present: 20   in FES: 7
** Event #892672   t=3534.304259890681   Elapsed: 3534.25s (58m 54s)  56% completed  (56% total)
     Speed:     ev/sec=466.719   simsec/sec=1.01266   ev/simsec=460.886
     Messages:  created: 111875   present: 20   in FES: 7
** Event #893952   t=3536.644638703386   Elapsed: 3536.59s (58m 56s)  56% completed  (56% total)
     Speed:     ev/sec=548.556   simsec/sec=1.00299   ev/simsec=546.92
     Messages:  created: 112033   present: 14   in FES: 7
** Event #894976   t=3538.98987201402   Elapsed: 3538.93s (58m 58s)  56% completed  (56% total)
     Speed:     ev/sec=436.634   simsec/sec=1.00001   ev/simsec=436.63
     Messages:  created: 112159   present: 10   in FES: 6
** Event #896256   t=3541.344327202639   Elapsed: 3541.29s (59m 01s)  56% completed  (56% total)
     Speed:     ev/sec=543.645   simsec/sec=0.999991   ev/simsec=543.65
     Messages:  created: 112320   present: 13   in FES: 8
** Event #897280   t=3543.374051796511   Elapsed: 3543.32s (59m 03s)  56% completed  (56% total)
     Speed:     ev/sec=504.5   simsec/sec=0.999997   ev/simsec=504.502
     Messages:  created: 112451   present: 22   in FES: 8
** Event #898048   t=3545.888786154109   Elapsed: 3545.85s (59m 05s)  56% completed  (56% total)
     Speed:     ev/sec=303.063   simsec/sec=0.992349   ev/simsec=305.4
     Messages:  created: 112543   present: 11   in FES: 6
** Event #898560   t=3548.678289812672   Elapsed: 3548.62s (59m 08s)  56% completed  (56% total)
     Speed:     ev/sec=184.831   simsec/sec=1.007   ev/simsec=183.545
     Messages:  created: 112607   present: 10   in FES: 6
** Event #899072   t=3551.558180364795   Elapsed: 3551.5s (59m 11s)  56% completed  (56% total)
     Speed:     ev/sec=177.784   simsec/sec=0.999999   ev/simsec=177.785
     Messages:  created: 112670   present: 9   in FES: 5
** Event #899584   t=3554.786328188406   Elapsed: 3554.73s (59m 14s)  56% completed  (56% total)
     Speed:     ev/sec=158.605   simsec/sec=1   ev/simsec=158.605
     Messages:  created: 112734   present: 9   in FES: 5
** Event #900096   t=3557.005682444819   Elapsed: 3556.95s (59m 16s)  56% completed  (56% total)
     Speed:     ev/sec=230.698   simsec/sec=1   ev/simsec=230.698
     Messages:  created: 112798   present: 9   in FES: 5
** Event #900864   t=3559.130079811501   Elapsed: 3559.07s (59m 19s)  56% completed  (56% total)
     Speed:     ev/sec=361.514   simsec/sec=1   ev/simsec=361.514
     Messages:  created: 112895   present: 10   in FES: 6
** Event #901376   t=3561.548690653758   Elapsed: 3561.49s (59m 21s)  56% completed  (56% total)
     Speed:     ev/sec=211.692   simsec/sec=1   ev/simsec=211.692
     Messages:  created: 112958   present: 9   in FES: 5
** Event #901888   t=3563.5553893254   Elapsed: 3563.5s (59m 23s)  56% completed  (56% total)
     Speed:     ev/sec=255.145   simsec/sec=1   ev/simsec=255.145
     Messages:  created: 113023   present: 10   in FES: 6
** Event #902656   t=3566.548309243495   Elapsed: 3566.49s (59m 26s)  56% completed  (56% total)
     Speed:     ev/sec=256.606   simsec/sec=1   ev/simsec=256.606
     Messages:  created: 113120   present: 14   in FES: 7
** Event #903936   t=3569.120093926475   Elapsed: 3569.06s (59m 29s)  56% completed  (56% total)
     Speed:     ev/sec=497.709   simsec/sec=1   ev/simsec=497.709
     Messages:  created: 113278   present: 9   in FES: 5
** Event #904704   t=3571.508943055582   Elapsed: 3571.46s (59m 31s)  56% completed  (56% total)
     Speed:     ev/sec=320.669   simsec/sec=0.997436   ev/simsec=321.494
     Messages:  created: 113375   present: 11   in FES: 6
** Event #905728   t=3573.962006105471   Elapsed: 3573.91s (59m 33s)  56% completed  (56% total)
     Speed:     ev/sec=418.484   simsec/sec=1.00251   ev/simsec=417.437
     Messages:  created: 113505   present: 16   in FES: 8
** Event #906496   t=3576.054938242203   Elapsed: 3576s (59m 35s)  56% completed  (56% total)
     Speed:     ev/sec=366.949   simsec/sec=1   ev/simsec=366.949
     Messages:  created: 113599   present: 10   in FES: 6
** Event #907776   t=3578.296170476008   Elapsed: 3578.24s (59m 38s)  56% completed  (56% total)
     Speed:     ev/sec=571.114   simsec/sec=1   ev/simsec=571.114
     Messages:  created: 113773   present: 47   in FES: 8
** Event #908800   t=3580.529538995981   Elapsed: 3580.48s (59m 40s)  56% completed  (56% total)
     Speed:     ev/sec=457.889   simsec/sec=0.998666   ev/simsec=458.5
     Messages:  created: 113890   present: 19   in FES: 7
** Event #909824   t=3582.979762687448   Elapsed: 3582.92s (59m 42s)  56% completed  (56% total)
     Speed:     ev/sec=418.431   simsec/sec=1.00122   ev/simsec=417.921
     Messages:  created: 114015   present: 10   in FES: 6
** Event #910848   t=3585.021510562983   Elapsed: 3584.96s (59m 44s)  56% completed  (56% total)
     Speed:     ev/sec=501.531   simsec/sec=0.999999   ev/simsec=501.531
     Messages:  created: 114145   present: 16   in FES: 7
** Event #911616   t=3587.144525239754   Elapsed: 3587.09s (59m 47s)  56% completed  (56% total)
     Speed:     ev/sec=361.75   simsec/sec=1   ev/simsec=361.75
     Messages:  created: 114240   present: 14   in FES: 8
** Event #912640   t=3590.063312989511   Elapsed: 3590.01s (59m 50s)  56% completed  (56% total)
     Speed:     ev/sec=350.831   simsec/sec=1   ev/simsec=350.831
     Messages:  created: 114367   present: 10   in FES: 6
** Event #913408   t=3592.38217318786   Elapsed: 3592.33s (59m 52s)  57% completed  (57% total)
     Speed:     ev/sec=331.197   simsec/sec=1   ev/simsec=331.197
     Messages:  created: 114463   present: 10   in FES: 6
** Event #914432   t=3594.467860011053   Elapsed: 3594.42s (59m 54s)  57% completed  (57% total)
     Speed:     ev/sec=488.876   simsec/sec=0.995744   ev/simsec=490.965
     Messages:  created: 114591   present: 11   in FES: 7
** Event #915200   t=3597.1038800511   Elapsed: 3597.05s (59m 57s)  57% completed  (57% total)
     Speed:     ev/sec=292.34   simsec/sec=1.0034   ev/simsec=291.348
     Messages:  created: 114687   present: 10   in FES: 6
** Event #915968   t=3599.501803156839   Elapsed: 3599.45s (59m 59s)  57% completed  (57% total)
     Speed:     ev/sec=319.944   simsec/sec=0.998961   ev/simsec=320.277
     Messages:  created: 114783   present: 11   in FES: 5
t=3600.834992 executing removeServer()
scheduled complete remove at 3600.897304208739
** Event #916992   t=3601.971662863474   Elapsed: 3601.92s (1h 00m)  57% completed  (57% total)
     Speed:     ev/sec=415.013   simsec/sec=1.001   ev/simsec=414.598
     Messages:  created: 114916   present: 19   in FES: 7
** Event #917760   t=3604.314948512703   Elapsed: 3604.26s (1h 00m)  57% completed  (57% total)
     Speed:     ev/sec=327.745   simsec/sec=1   ev/simsec=327.745
     Messages:  created: 115012   present: 21   in FES: 7
** Event #918784   t=3606.955467056038   Elapsed: 3606.9s (1h 00m)  57% completed  (57% total)
     Speed:     ev/sec=387.803   simsec/sec=1   ev/simsec=387.803
     Messages:  created: 115139   present: 17   in FES: 7
** Event #919808   t=3609.19918683356   Elapsed: 3609.14s (1h 00m)  57% completed  (57% total)
     Speed:     ev/sec=456.384   simsec/sec=0.999998   ev/simsec=456.385
     Messages:  created: 115286   present: 68   in FES: 7
** Event #920576   t=3611.415249793463   Elapsed: 3611.36s (1h 00m)  57% completed  (57% total)
     Speed:     ev/sec=346.561   simsec/sec=1   ev/simsec=346.561
     Messages:  created: 115375   present: 50   in FES: 7
** Event #921600   t=3613.700112492257   Elapsed: 3613.64s (1h 00m)  57% completed  (57% total)
     Speed:     ev/sec=448.167   simsec/sec=0.999999   ev/simsec=448.167
     Messages:  created: 115493   present: 22   in FES: 7
** Event #922624   t=3616.45619263325   Elapsed: 3616.4s (1h 00m)  57% completed  (57% total)
     Speed:     ev/sec=371.542   simsec/sec=1   ev/simsec=371.542
     Messages:  created: 115618   present: 14   in FES: 7
** Event #923648   t=3618.736717581795   Elapsed: 3618.68s (1h 00m)  57% completed  (57% total)
     Speed:     ev/sec=449.02   simsec/sec=1   ev/simsec=449.019
     Messages:  created: 115753   present: 34   in FES: 7
** Event #924672   t=3620.850896187297   Elapsed: 3620.81s (1h 00m)  57% completed  (57% total)
     Speed:     ev/sec=481.74   simsec/sec=0.994615   ev/simsec=484.349
     Messages:  created: 115898   present: 79   in FES: 6
** Event #925696   t=3623.086137057869   Elapsed: 3623.03s (1h 00m)  57% completed  (57% total)
     Speed:     ev/sec=460.474   simsec/sec=1.00515   ev/simsec=458.116
     Messages:  created: 116045   present: 130   in FES: 7
** Event #926720   t=3625.250753456691   Elapsed: 3625.19s (1h 00m)  57% completed  (57% total)
     Speed:     ev/sec=473.064   simsec/sec=1   ev/simsec=473.063
     Messages:  created: 116185   present: 161   in FES: 7
** Event #927744   t=3627.656230254695   Elapsed: 3627.61s (1h 00m)  57% completed  (57% total)
     Speed:     ev/sec=423.93   simsec/sec=0.995853   ev/simsec=425.695
     Messages:  created: 116324   present: 189   in FES: 6
** Event #928768   t=3630.10971456195   Elapsed: 3630.05s (1h 00m)  57% completed  (57% total)
     Speed:     ev/sec=419.077   simsec/sec=1.0041   ev/simsec=417.366
     Messages:  created: 116443   present: 166   in FES: 7
** Event #929536   t=3632.329685044568   Elapsed: 3632.28s (1h 00m)  57% completed  (57% total)
     Speed:     ev/sec=345.537   simsec/sec=0.998804   ev/simsec=345.951
     Messages:  created: 116527   present: 135   in FES: 6
** Event #930304   t=3634.366685843153   Elapsed: 3634.31s (1h 00m)  57% completed  (57% total)
     Speed:     ev/sec=377.517   simsec/sec=1.00131   ev/simsec=377.025
     Messages:  created: 116616   present: 117   in FES: 7
** Event #931328   t=3636.439607214542   Elapsed: 3636.38s (1h 00m)  57% completed  (57% total)
     Speed:     ev/sec=493.989   simsec/sec=1   ev/simsec=493.989
     Messages:  created: 116753   present: 140   in FES: 7
** Event #932096   t=3638.663009609181   Elapsed: 3638.61s (1h 00m)  57% completed  (57% total)
     Speed:     ev/sec=345.417   simsec/sec=1   ev/simsec=345.417
     Messages:  created: 116852   present: 147   in FES: 7
** Event #933120   t=3640.92054821636   Elapsed: 3640.86s (1h 00m)  57% completed  (57% total)
     Speed:     ev/sec=453.591   simsec/sec=1   ev/simsec=453.591
     Messages:  created: 116980   present: 147   in FES: 7
** Event #934144   t=3643.045379309619   Elapsed: 3642.99s (1h 00m)  57% completed  (57% total)
     Speed:     ev/sec=481.126   simsec/sec=0.998351   ev/simsec=481.921
     Messages:  created: 117118   present: 175   in FES: 6
** Event #935168   t=3645.321887636781   Elapsed: 3645.27s (1h 00m)  57% completed  (57% total)
     Speed:     ev/sec=450.513   simsec/sec=1.00156   ev/simsec=449.812
     Messages:  created: 117242   present: 163   in FES: 7
** Event #936192   t=3647.53833153086   Elapsed: 3647.48s (1h 00m)  57% completed  (57% total)
     Speed:     ev/sec=461.994   simsec/sec=0.999984   ev/simsec=462.001
     Messages:  created: 117388   present: 207   in FES: 7
** Event #937216   t=3649.713772782653   Elapsed: 3649.66s (1h 00m)  57% completed  (57% total)
     Speed:     ev/sec=469.431   simsec/sec=0.997284   ev/simsec=470.709
     Messages:  created: 117524   present: 227   in FES: 6
** Event #938240   t=3652.194102891586   Elapsed: 3652.15s (1h 00m)  57% completed  (57% total)
     Speed:     ev/sec=410.986   simsec/sec=0.995489   ev/simsec=412.848
     Messages:  created: 117657   present: 237   in FES: 6
** Event #939264   t=3654.555682649298   Elapsed: 3654.51s (1h 00m)  58% completed  (58% total)
     Speed:     ev/sec=435.501   simsec/sec=1.00437   ev/simsec=433.608
     Messages:  created: 117790   present: 247   in FES: 6
** Event #940288   t=3656.887570123766   Elapsed: 3656.84s (1h 00m)  58% completed  (58% total)
     Speed:     ev/sec=438.459   simsec/sec=0.998473   ev/simsec=439.129
     Messages:  created: 117938   present: 287   in FES: 6
** Event #941312   t=3659.346040540366   Elapsed: 3659.29s (1h 00m)  58% completed  (58% total)
     Speed:     ev/sec=418.003   simsec/sec=1.00356   ev/simsec=416.519
     Messages:  created: 118067   present: 289   in FES: 6
t=3660.835008 executing addServer()
adding server with latency=60
** Event #942336   t=3662.001981405768   Elapsed: 3661.95s (1h 01m)  58% completed  (58% total)
     Speed:     ev/sec=385.802   simsec/sec=1.00065   ev/simsec=385.551
     Messages:  created: 118200   present: 299   in FES: 9
** Event #943360   t=3664.365300548516   Elapsed: 3664.31s (1h 01m)  58% completed  (58% total)
     Speed:     ev/sec=433.289   simsec/sec=1   ev/simsec=433.289
     Messages:  created: 118321   present: 285   in FES: 9
** Event #944384   t=3666.642253342867   Elapsed: 3666.59s (1h 01m)  58% completed  (58% total)
     Speed:     ev/sec=449.725   simsec/sec=1   ev/simsec=449.724
     Messages:  created: 118454   present: 294   in FES: 8
** Event #945408   t=3668.912302262353   Elapsed: 3668.86s (1h 01m)  58% completed  (58% total)
     Speed:     ev/sec=451.091   simsec/sec=1   ev/simsec=451.092
     Messages:  created: 118583   present: 297   in FES: 9
** Event #946432   t=3671.075307233254   Elapsed: 3671.02s (1h 01m)  58% completed  (58% total)
     Speed:     ev/sec=473.415   simsec/sec=1   ev/simsec=473.415
     Messages:  created: 118734   present: 342   in FES: 8
** Event #947712   t=3673.519979247235   Elapsed: 3673.46s (1h 01m)  58% completed  (58% total)
     Speed:     ev/sec=523.588   simsec/sec=1   ev/simsec=523.588
     Messages:  created: 118937   present: 428   in FES: 8
** Event #948736   t=3676.056766115138   Elapsed: 3676s (1h 01m)  58% completed  (58% total)
     Speed:     ev/sec=403.661   simsec/sec=1   ev/simsec=403.66
     Messages:  created: 119056   present: 410   in FES: 8
** Event #949760   t=3678.15220210244   Elapsed: 3678.1s (1h 01m)  58% completed  (58% total)
     Speed:     ev/sec=488.681   simsec/sec=1   ev/simsec=488.681
     Messages:  created: 119192   present: 426   in FES: 8
** Event #950784   t=3680.472281673536   Elapsed: 3680.42s (1h 01m)  58% completed  (58% total)
     Speed:     ev/sec=441.364   simsec/sec=1   ev/simsec=441.364
     Messages:  created: 119335   present: 457   in FES: 9
** Event #951552   t=3682.610216279954   Elapsed: 3682.55s (1h 01m)  58% completed  (58% total)
     Speed:     ev/sec=359.225   simsec/sec=1   ev/simsec=359.225
     Messages:  created: 119414   present: 423   in FES: 9
** Event #952576   t=3684.615991383278   Elapsed: 3684.56s (1h 01m)  58% completed  (58% total)
     Speed:     ev/sec=510.526   simsec/sec=1   ev/simsec=510.526
     Messages:  created: 119572   present: 482   in FES: 8
** Event #953856   t=3686.651093005069   Elapsed: 3686.59s (1h 01m)  58% completed  (58% total)
     Speed:     ev/sec=628.962   simsec/sec=1   ev/simsec=628.961
     Messages:  created: 119777   present: 572   in FES: 8
** Event #955136   t=3689.096424690657   Elapsed: 3689.04s (1h 01m)  58% completed  (58% total)
     Speed:     ev/sec=523.447   simsec/sec=1   ev/simsec=523.446
     Messages:  created: 119972   present: 642   in FES: 8
** Event #956160   t=3691.15368632706   Elapsed: 3691.1s (1h 01m)  58% completed  (58% total)
     Speed:     ev/sec=497.749   simsec/sec=1   ev/simsec=497.749
     Messages:  created: 120118   present: 678   in FES: 8
** Event #957440   t=3693.521728180753   Elapsed: 3693.47s (1h 01m)  58% completed  (58% total)
     Speed:     ev/sec=540.531   simsec/sec=1   ev/simsec=540.531
     Messages:  created: 120300   present: 722   in FES: 8
** Event #958464   t=3695.779538537057   Elapsed: 3695.72s (1h 01m)  58% completed  (58% total)
     Speed:     ev/sec=453.536   simsec/sec=0.999998   ev/simsec=453.537
     Messages:  created: 120434   present: 734   in FES: 8
** Event #959488   t=3698.047208871949   Elapsed: 3697.99s (1h 01m)  58% completed  (58% total)
     Speed:     ev/sec=451.565   simsec/sec=1   ev/simsec=451.565
     Messages:  created: 120560   present: 731   in FES: 9
** Event #960256   t=3700.383017085483   Elapsed: 3700.33s (1h 01m)  58% completed  (58% total)
     Speed:     ev/sec=328.794   simsec/sec=1   ev/simsec=328.794
     Messages:  created: 120644   present: 707   in FES: 9
** Event #961280   t=3702.914424846332   Elapsed: 3702.86s (1h 01m)  58% completed  (58% total)
     Speed:     ev/sec=404.52   simsec/sec=1.00001   ev/simsec=404.518
     Messages:  created: 120755   present: 673   in FES: 9
** Event #962304   t=3705.361394794104   Elapsed: 3705.3s (1h 01m)  58% completed  (58% total)
     Speed:     ev/sec=418.479   simsec/sec=1   ev/simsec=418.477
     Messages:  created: 120891   present: 687   in FES: 8
** Event #963584   t=3707.638876108907   Elapsed: 3707.59s (1h 01m)  58% completed  (58% total)
     Speed:     ev/sec=560.814   simsec/sec=0.997847   ev/simsec=562.024
     Messages:  created: 121077   present: 733   in FES: 7
** Event #964608   t=3710.018822312181   Elapsed: 3710.01s (1h 01m)  58% completed  (58% total)
     Speed:     ev/sec=423.333   simsec/sec=0.983896   ev/simsec=430.262
     Messages:  created: 121198   present: 719   in FES: 7
** Event #965632   t=3712.638709579865   Elapsed: 3712.59s (1h 01m)  58% completed  (58% total)
     Speed:     ev/sec=395.635   simsec/sec=1.01223   ev/simsec=390.857
     Messages:  created: 121325   present: 717   in FES: 7
** Event #966912   t=3715.097941646785   Elapsed: 3715.04s (1h 01m)  58% completed  (58% total)
     Speed:     ev/sec=522.365   simsec/sec=1.00361   ev/simsec=520.488
     Messages:  created: 121519   present: 785   in FES: 7
** Event #967936   t=3717.271784922437   Elapsed: 3717.22s (1h 01m)  59% completed  (59% total)
     Speed:     ev/sec=471.785   simsec/sec=1.00155   ev/simsec=471.055
     Messages:  created: 121656   present: 801   in FES: 8
** Event #968960   t=3719.391424262765   Elapsed: 3719.35s (1h 01m)  59% completed  (59% total)
     Speed:     ev/sec=480.481   simsec/sec=0.994577   ev/simsec=483.101
     Messages:  created: 121798   present: 828   in FES: 7
t=3720.834994 executing setDimmer(0.75)
t=3720.835008 addServer() complete
** Event #969984   t=3721.473297301516   Elapsed: 3721.42s (1h 02m)  59% completed  (59% total)
     Speed:     ev/sec=494.611   simsec/sec=1.00558   ev/simsec=491.865
     Messages:  created: 121925   present: 827   in FES: 8
** Event #971264   t=3723.618633986955   Elapsed: 3723.56s (1h 02m)  59% completed  (59% total)
     Speed:     ev/sec=596.129   simsec/sec=0.999138   ev/simsec=596.643
     Messages:  created: 122066   present: 789   in FES: 7
** Event #972544   t=3725.910062804302   Elapsed: 3725.85s (1h 02m)  59% completed  (59% total)
     Speed:     ev/sec=559.055   simsec/sec=1.00081   ev/simsec=558.603
     Messages:  created: 122166   present: 666   in FES: 7
** Event #973824   t=3727.944376229272   Elapsed: 3727.89s (1h 02m)  59% completed  (59% total)
     Speed:     ev/sec=629.205   simsec/sec=1   ev/simsec=629.205
     Messages:  created: 122296   present: 607   in FES: 8
** Event #974848   t=3729.920108032089   Elapsed: 3729.89s (1h 02m)  59% completed  (59% total)
     Speed:     ev/sec=511.472   simsec/sec=0.986846   ev/simsec=518.289
     Messages:  created: 122386   present: 531   in FES: 7
** Event #976384   t=3732.251415954722   Elapsed: 3732.19s (1h 02m)  59% completed  (59% total)
     Speed:     ev/sec=666.385   simsec/sec=1.01142   ev/simsec=658.858
     Messages:  created: 122554   present: 483   in FES: 8
** Event #977664   t=3734.743073921884   Elapsed: 3734.69s (1h 02m)  59% completed  (59% total)
     Speed:     ev/sec=513.099   simsec/sec=0.998802   ev/simsec=513.714
     Messages:  created: 122668   present: 391   in FES: 7
** Event #978944   t=3737.094506747358   Elapsed: 3737.04s (1h 02m)  59% completed  (59% total)
     Speed:     ev/sec=545.042   simsec/sec=1.00127   ev/simsec=544.349
     Messages:  created: 122785   present: 305   in FES: 7
** Event #980224   t=3739.592605850348   Elapsed: 3739.54s (1h 02m)  59% completed  (59% total)
     Speed:     ev/sec=512.39   simsec/sec=1   ev/simsec=512.39
     Messages:  created: 122910   present: 234   in FES: 7
** Event #981504   t=3742.069075351706   Elapsed: 3742.01s (1h 02m)  59% completed  (59% total)
     Speed:     ev/sec=516.865   simsec/sec=1   ev/simsec=516.865
     Messages:  created: 123035   present: 151   in FES: 7
** Event #982528   t=3744.132428212118   Elapsed: 3744.08s (1h 02m)  59% completed  (59% total)
     Speed:     ev/sec=496.28   simsec/sec=1   ev/simsec=496.28
     Messages:  created: 123136   present: 77   in FES: 7
** Event #983296   t=3746.3403906266   Elapsed: 3746.28s (1h 02m)  59% completed  (59% total)
     Speed:     ev/sec=347.832   simsec/sec=1   ev/simsec=347.832
     Messages:  created: 123207   present: 11   in FES: 7
** Event #984064   t=3748.821747425869   Elapsed: 3748.77s (1h 02m)  59% completed  (59% total)
     Speed:     ev/sec=309.508   simsec/sec=1   ev/simsec=309.508
     Messages:  created: 123303   present: 11   in FES: 7
** Event #985088   t=3750.896935447444   Elapsed: 3750.84s (1h 02m)  59% completed  (59% total)
     Speed:     ev/sec=493.449   simsec/sec=1   ev/simsec=493.449
     Messages:  created: 123432   present: 14   in FES: 7
** Event #986112   t=3753.060919203997   Elapsed: 3753.02s (1h 02m)  59% completed  (59% total)
     Speed:     ev/sec=470.768   simsec/sec=0.994858   ev/simsec=473.201
     Messages:  created: 123558   present: 9   in FES: 5
** Event #987136   t=3755.768656148399   Elapsed: 3755.71s (1h 02m)  59% completed  (59% total)
     Speed:     ev/sec=379.744   simsec/sec=1.00415   ev/simsec=378.176
     Messages:  created: 123687   present: 12   in FES: 7
** Event #987904   t=3757.772316214966   Elapsed: 3757.72s (1h 02m)  59% completed  (59% total)
     Speed:     ev/sec=383.298   simsec/sec=0.999999   ev/simsec=383.299
     Messages:  created: 123783   present: 11   in FES: 7
** Event #988928   t=3759.957662014053   Elapsed: 3759.9s (1h 02m)  59% completed  (59% total)
     Speed:     ev/sec=468.579   simsec/sec=1.00001   ev/simsec=468.576
     Messages:  created: 123914   present: 19   in FES: 8
** Event #990208   t=3762.266386507728   Elapsed: 3762.21s (1h 02m)  59% completed  (59% total)
     Speed:     ev/sec=554.415   simsec/sec=0.999993   ev/simsec=554.419
     Messages:  created: 124071   present: 12   in FES: 7
** Event #990976   t=3764.509332457115   Elapsed: 3764.46s (1h 02m)  59% completed  (59% total)
     Speed:     ev/sec=340.734   simsec/sec=0.995115   ev/simsec=342.407
     Messages:  created: 124166   present: 9   in FES: 5
** Event #991488   t=3767.174443135957   Elapsed: 3767.14s (1h 02m)  59% completed  (59% total)
     Speed:     ev/sec=191.232   simsec/sec=0.995421   ev/simsec=192.112
     Messages:  created: 124230   present: 9   in FES: 5
** Event #992512   t=3769.891691836085   Elapsed: 3769.85s (1h 02m)  59% completed  (59% total)
     Speed:     ev/sec=377.62   simsec/sec=1.00204   ev/simsec=376.852
     Messages:  created: 124358   present: 9   in FES: 5
** Event #993536   t=3772.656668890444   Elapsed: 3772.6s (1h 02m)  59% completed  (59% total)
     Speed:     ev/sec=372.738   simsec/sec=1.00646   ev/simsec=370.347
     Messages:  created: 124488   present: 14   in FES: 8
** Event #994816   t=3774.928259454724   Elapsed: 3774.87s (1h 02m)  59% completed  (59% total)
     Speed:     ev/sec=563.482   simsec/sec=1   ev/simsec=563.482
     Messages:  created: 124647   present: 12   in FES: 7
** Event #995840   t=3777.101623648912   Elapsed: 3777.04s (1h 02m)  59% completed  (59% total)
     Speed:     ev/sec=471.159   simsec/sec=1   ev/simsec=471.159
     Messages:  created: 124775   present: 12   in FES: 7
** Event #997120   t=3779.537541088737   Elapsed: 3779.52s (1h 02m)  59% completed  (59% total)
     Speed:     ev/sec=517.827   simsec/sec=0.985456   ev/simsec=525.469
     Messages:  created: 124934   present: 9   in FES: 5
t=3780.834996 executing setDimmer(0.5)
** Event #998144   t=3782.16829546458   Elapsed: 3782.11s (1h 03m)  60% completed  (60% total)
     Speed:     ev/sec=394.635   simsec/sec=1.01385   ev/simsec=389.242
     Messages:  created: 125062   present: 10   in FES: 6
** Event #999424   t=3784.428358462155   Elapsed: 3784.37s (1h 03m)  60% completed  (60% total)
     Speed:     ev/sec=566.356   simsec/sec=1   ev/simsec=566.356
     Messages:  created: 125221   present: 9   in FES: 5
** Event #1000448   t=3786.644581051509   Elapsed: 3786.59s (1h 03m)  60% completed  (60% total)
     Speed:     ev/sec=462.047   simsec/sec=1   ev/simsec=462.047
     Messages:  created: 125352   present: 17   in FES: 8
** Event #1001472   t=3788.719614894315   Elapsed: 3788.68s (1h 03m)  60% completed  (60% total)
     Speed:     ev/sec=489.335   simsec/sec=0.991589   ev/simsec=493.486
     Messages:  created: 125478   present: 11   in FES: 7
** Event #1002752   t=3791.22696831492   Elapsed: 3791.17s (1h 03m)  60% completed  (60% total)
     Speed:     ev/sec=514.108   simsec/sec=1.00707   ev/simsec=510.498
     Messages:  created: 125637   present: 9   in FES: 5
** Event #1003776   t=3793.315957320112   Elapsed: 3793.26s (1h 03m)  60% completed  (60% total)
     Speed:     ev/sec=490.189   simsec/sec=1   ev/simsec=490.189
     Messages:  created: 125769   present: 18   in FES: 8
** Event #1005568   t=3795.435954568243   Elapsed: 3795.38s (1h 03m)  60% completed  (60% total)
     Speed:     ev/sec=845.301   simsec/sec=1.00002   ev/simsec=845.284
     Messages:  created: 125995   present: 25   in FES: 8
** Event #1007104   t=3797.54146997798   Elapsed: 3797.48s (1h 03m)  60% completed  (60% total)
     Speed:     ev/sec=729.497   simsec/sec=0.999979   ev/simsec=729.513
     Messages:  created: 126181   present: 9   in FES: 5
** Event #1008384   t=3800.024393538535   Elapsed: 3799.97s (1h 03m)  60% completed  (60% total)
     Speed:     ev/sec=515.521   simsec/sec=1   ev/simsec=515.521
     Messages:  created: 126342   present: 10   in FES: 6
** Event #1009664   t=3802.276051410393   Elapsed: 3802.22s (1h 03m)  60% completed  (60% total)
     Speed:     ev/sec=568.248   simsec/sec=0.999609   ev/simsec=568.47
     Messages:  created: 126502   present: 11   in FES: 7
** Event #1010688   t=3804.64070098517   Elapsed: 3804.58s (1h 03m)  60% completed  (60% total)
     Speed:     ev/sec=433.206   simsec/sec=1.00037   ev/simsec=433.045
     Messages:  created: 126631   present: 13   in FES: 7
** Event #1011968   t=3807.130834273904   Elapsed: 3807.07s (1h 03m)  60% completed  (60% total)
     Speed:     ev/sec=514.029   simsec/sec=1   ev/simsec=514.029
     Messages:  created: 126790   present: 10   in FES: 6
** Event #1012992   t=3809.144588086137   Elapsed: 3809.09s (1h 03m)  60% completed  (60% total)
     Speed:     ev/sec=508.503   simsec/sec=0.999999   ev/simsec=508.503
     Messages:  created: 126918   present: 10   in FES: 6
** Event #1014016   t=3811.36250430889   Elapsed: 3811.31s (1h 03m)  60% completed  (60% total)
     Speed:     ev/sec=461.695   simsec/sec=1   ev/simsec=461.695
     Messages:  created: 127046   present: 10   in FES: 6
** Event #1015296   t=3813.628073176153   Elapsed: 3813.57s (1h 03m)  60% completed  (60% total)
     Speed:     ev/sec=564.979   simsec/sec=1   ev/simsec=564.98
     Messages:  created: 127205   present: 9   in FES: 5
** Event #1016320   t=3815.680807519852   Elapsed: 3815.62s (1h 03m)  60% completed  (60% total)
     Speed:     ev/sec=498.847   simsec/sec=1   ev/simsec=498.847
     Messages:  created: 127337   present: 18   in FES: 8
** Event #1017344   t=3817.92577689927   Elapsed: 3817.87s (1h 03m)  60% completed  (60% total)
     Speed:     ev/sec=455.79   simsec/sec=0.999253   ev/simsec=456.131
     Messages:  created: 127462   present: 11   in FES: 7
** Event #1018624   t=3820.320360723756   Elapsed: 3820.26s (1h 03m)  60% completed  (60% total)
     Speed:     ev/sec=534.915   simsec/sec=1.0007   ev/simsec=534.54
     Messages:  created: 127621   present: 9   in FES: 5
** Event #1019648   t=3822.562618840292   Elapsed: 3822.51s (1h 03m)  60% completed  (60% total)
     Speed:     ev/sec=456.463   simsec/sec=0.999519   ev/simsec=456.682
     Messages:  created: 127750   present: 11   in FES: 6
** Event #1020672   t=3824.572748029542   Elapsed: 3824.52s (1h 03m)  60% completed  (60% total)
     Speed:     ev/sec=509.693   simsec/sec=1.00054   ev/simsec=509.42
     Messages:  created: 127877   present: 9   in FES: 5
** Event #1021952   t=3827.109582673252   Elapsed: 3827.05s (1h 03m)  60% completed  (60% total)
     Speed:     ev/sec=504.565   simsec/sec=0.999998   ev/simsec=504.566
     Messages:  created: 128037   present: 9   in FES: 5
** Event #1022976   t=3829.130777840721   Elapsed: 3829.07s (1h 03m)  60% completed  (60% total)
     Speed:     ev/sec=506.632   simsec/sec=1   ev/simsec=506.631
     Messages:  created: 128165   present: 9   in FES: 5
** Event #1024000   t=3831.393609054989   Elapsed: 3831.34s (1h 03m)  60% completed  (60% total)
     Speed:     ev/sec=452.53   simsec/sec=1   ev/simsec=452.53
     Messages:  created: 128293   present: 9   in FES: 5
** Event #1025280   t=3833.520980259012   Elapsed: 3833.46s (1h 03m)  60% completed  (60% total)
     Speed:     ev/sec=601.682   simsec/sec=1   ev/simsec=601.682
     Messages:  created: 128453   present: 9   in FES: 5
** Event #1026304   t=3836.094218565449   Elapsed: 3836.04s (1h 03m)  60% completed  (60% total)
     Speed:     ev/sec=397.807   simsec/sec=0.999661   ev/simsec=397.942
     Messages:  created: 128582   present: 11   in FES: 6
** Event #1027328   t=3838.375242606405   Elapsed: 3838.32s (1h 03m)  60% completed  (60% total)
     Speed:     ev/sec=449.01   simsec/sec=1.0002   ev/simsec=448.921
     Messages:  created: 128710   present: 11   in FES: 6
** Event #1028608   t=3840.404683048328   Elapsed: 3840.35s (1h 04m)  60% completed  (60% total)
     Speed:     ev/sec=630.848   simsec/sec=1.00021   ev/simsec=630.716
     Messages:  created: 128869   present: 10   in FES: 6
t=3840.835012 executing setDimmer(0.75)
** Event #1029376   t=3842.612926372614   Elapsed: 3842.56s (1h 04m)  60% completed  (60% total)
     Speed:     ev/sec=347.787   simsec/sec=0.999999   ev/simsec=347.788
     Messages:  created: 128965   present: 11   in FES: 6
** Event #1030400   t=3844.930387764243   Elapsed: 3844.88s (1h 04m)  61% completed  (61% total)
     Speed:     ev/sec=441.24   simsec/sec=0.998591   ev/simsec=441.863
     Messages:  created: 129094   present: 13   in FES: 6
** Event #1031424   t=3847.128310335678   Elapsed: 3847.07s (1h 04m)  61% completed  (61% total)
     Speed:     ev/sec=466.589   simsec/sec=1.00149   ev/simsec=465.894
     Messages:  created: 129221   present: 11   in FES: 7
** Event #1032448   t=3849.8585143598   Elapsed: 3849.8s (1h 04m)  61% completed  (61% total)
     Speed:     ev/sec=375.064   simsec/sec=1   ev/simsec=375.064
     Messages:  created: 129349   present: 9   in FES: 5
** Event #1033472   t=3852.183158982171   Elapsed: 3852.15s (1h 04m)  61% completed  (61% total)
     Speed:     ev/sec=435.751   simsec/sec=0.989225   ev/simsec=440.497
     Messages:  created: 129478   present: 13   in FES: 6
** Event #1034240   t=3855.032716451759   Elapsed: 3854.98s (1h 04m)  61% completed  (61% total)
     Speed:     ev/sec=271.932   simsec/sec=1.00897   ev/simsec=269.516
     Messages:  created: 129573   present: 10   in FES: 6
** Event #1035264   t=3857.442662738505   Elapsed: 3857.39s (1h 04m)  61% completed  (61% total)
     Speed:     ev/sec=424.795   simsec/sec=0.99974   ev/simsec=424.906
     Messages:  created: 129702   present: 13   in FES: 6
** Event #1036800   t=3859.63637731989   Elapsed: 3859.58s (1h 04m)  61% completed  (61% total)
     Speed:     ev/sec=700.383   simsec/sec=1.00029   ev/simsec=700.182
     Messages:  created: 129902   present: 34   in FES: 8
** Event #1038080   t=3861.807954046411   Elapsed: 3861.75s (1h 04m)  61% completed  (61% total)
     Speed:     ev/sec=589.433   simsec/sec=0.999999   ev/simsec=589.433
     Messages:  created: 130058   present: 24   in FES: 8
** Event #1039360   t=3864.183694170288   Elapsed: 3864.13s (1h 04m)  61% completed  (61% total)
     Speed:     ev/sec=538.779   simsec/sec=1   ev/simsec=538.779
     Messages:  created: 130214   present: 12   in FES: 7
** Event #1040384   t=3866.338587055834   Elapsed: 3866.28s (1h 04m)  61% completed  (61% total)
     Speed:     ev/sec=475.197   simsec/sec=0.999999   ev/simsec=475.198
     Messages:  created: 130341   present: 10   in FES: 6
** Event #1041920   t=3868.63910133245   Elapsed: 3868.58s (1h 04m)  61% completed  (61% total)
     Speed:     ev/sec=667.677   simsec/sec=1   ev/simsec=667.677
     Messages:  created: 130536   present: 17   in FES: 7
** Event #1043200   t=3870.645255162113   Elapsed: 3870.59s (1h 04m)  61% completed  (61% total)
     Speed:     ev/sec=638.036   simsec/sec=0.999999   ev/simsec=638.037
     Messages:  created: 130696   present: 19   in FES: 7
** Event #1044480   t=3872.85561898258   Elapsed: 3872.8s (1h 04m)  61% completed  (61% total)
     Speed:     ev/sec=579.091   simsec/sec=1   ev/simsec=579.09
     Messages:  created: 130858   present: 23   in FES: 8
** Event #1046016   t=3875.154822312797   Elapsed: 3875.1s (1h 04m)  61% completed  (61% total)
     Speed:     ev/sec=668.057   simsec/sec=0.999999   ev/simsec=668.057
     Messages:  created: 131051   present: 26   in FES: 7
** Event #1047040   t=3877.612474178911   Elapsed: 3877.56s (1h 04m)  61% completed  (61% total)
     Speed:     ev/sec=416.658   simsec/sec=1   ev/simsec=416.658
     Messages:  created: 131173   present: 10   in FES: 6
** Event #1048064   t=3879.938798919561   Elapsed: 3879.88s (1h 04m)  61% completed  (61% total)
     Speed:     ev/sec=440.18   simsec/sec=1   ev/simsec=440.179
     Messages:  created: 131303   present: 16   in FES: 8
** Event #1049344   t=3882.720653366712   Elapsed: 3882.66s (1h 04m)  61% completed  (61% total)
     Speed:     ev/sec=460.125   simsec/sec=1   ev/simsec=460.125
     Messages:  created: 131461   present: 10   in FES: 6
** Event #1050368   t=3885.169143964672   Elapsed: 3885.12s (1h 04m)  61% completed  (61% total)
     Speed:     ev/sec=417.562   simsec/sec=0.998434   ev/simsec=418.217
     Messages:  created: 131590   present: 13   in FES: 7
** Event #1051136   t=3887.714275271321   Elapsed: 3887.66s (1h 04m)  61% completed  (61% total)
     Speed:     ev/sec=302.209   simsec/sec=1.00151   ev/simsec=301.753
     Messages:  created: 131685   present: 9   in FES: 5
** Event #1051904   t=3889.919299147876   Elapsed: 3889.88s (1h 04m)  61% completed  (61% total)
     Speed:     ev/sec=346.026   simsec/sec=0.993483   ev/simsec=348.296
     Messages:  created: 131782   present: 13   in FES: 7
** Event #1052672   t=3892.153587042494   Elapsed: 3892.1s (1h 04m)  61% completed  (61% total)
     Speed:     ev/sec=345.973   simsec/sec=1.00652   ev/simsec=343.734
     Messages:  created: 131877   present: 11   in FES: 7
** Event #1053696   t=3894.659130225607   Elapsed: 3894.6s (1h 04m)  61% completed  (61% total)
     Speed:     ev/sec=408.694   simsec/sec=1   ev/simsec=408.694
     Messages:  created: 132005   present: 9   in FES: 5
** Event #1054720   t=3896.73086563463   Elapsed: 3896.68s (1h 04m)  61% completed  (61% total)
     Speed:     ev/sec=493.056   simsec/sec=0.99754   ev/simsec=494.272
     Messages:  created: 132134   present: 13   in FES: 7
** Event #1055744   t=3899.354867779527   Elapsed: 3899.3s (1h 04m)  61% completed  (61% total)
     Speed:     ev/sec=391.005   simsec/sec=1.00195   ev/simsec=390.244
     Messages:  created: 132261   present: 10   in FES: 6
t=3900.834994 executing setDimmer(1)
** Event #1056512   t=3901.40826375131   Elapsed: 3901.35s (1h 05m)  61% completed  (61% total)
     Speed:     ev/sec=374.015   simsec/sec=1   ev/simsec=374.015
     Messages:  created: 132357   present: 12   in FES: 7
** Event #1057280   t=3903.499587297999   Elapsed: 3903.44s (1h 05m)  61% completed  (61% total)
     Speed:     ev/sec=367.232   simsec/sec=1   ev/simsec=367.232
     Messages:  created: 132453   present: 11   in FES: 7
** Event #1058048   t=3906.182956557786   Elapsed: 3906.13s (1h 05m)  62% completed  (62% total)
     Speed:     ev/sec=286.207   simsec/sec=1   ev/simsec=286.207
     Messages:  created: 132549   present: 12   in FES: 7
** Event #1059072   t=3908.299500558616   Elapsed: 3908.24s (1h 05m)  62% completed  (62% total)
     Speed:     ev/sec=483.634   simsec/sec=0.999642   ev/simsec=483.808
     Messages:  created: 132678   present: 15   in FES: 6
** Event #1059840   t=3919.630655636038   Elapsed: 3919.58s (1h 05m)  62% completed  (62% total)
     Speed:     ev/sec=67.7648   simsec/sec=0.99981   ev/simsec=67.7777
     Messages:  created: 132777   present: 23   in FES: 7
** Event #1060864   t=3922.187204984196   Elapsed: 3922.13s (1h 05m)  62% completed  (62% total)
     Speed:     ev/sec=400.997   simsec/sec=1.00114   ev/simsec=400.54
     Messages:  created: 132902   present: 14   in FES: 8
** Event #1061632   t=3924.290038818515   Elapsed: 3924.23s (1h 05m)  62% completed  (62% total)
     Speed:     ev/sec=365.215   simsec/sec=0.999983   ev/simsec=365.221
     Messages:  created: 132996   present: 9   in FES: 5
** Event #1062400   t=3926.30271502198   Elapsed: 3926.25s (1h 05m)  62% completed  (62% total)
     Speed:     ev/sec=381.588   simsec/sec=1.00002   ev/simsec=381.581
     Messages:  created: 133095   present: 17   in FES: 8
** Event #1063680   t=3928.541176436887   Elapsed: 3928.48s (1h 05m)  62% completed  (62% total)
     Speed:     ev/sec=571.821   simsec/sec=1   ev/simsec=571.821
     Messages:  created: 133256   present: 20   in FES: 8
** Event #1064704   t=3930.663858823172   Elapsed: 3930.62s (1h 05m)  62% completed  (62% total)
     Speed:     ev/sec=479.134   simsec/sec=0.993213   ev/simsec=482.408
     Messages:  created: 133382   present: 15   in FES: 7
** Event #1065984   t=3933.005672713646   Elapsed: 3932.95s (1h 05m)  62% completed  (62% total)
     Speed:     ev/sec=549.992   simsec/sec=1.00623   ev/simsec=546.585
     Messages:  created: 133546   present: 26   in FES: 8
** Event #1067008   t=3935.096350744044   Elapsed: 3935.04s (1h 05m)  62% completed  (62% total)
     Speed:     ev/sec=489.793   simsec/sec=0.999999   ev/simsec=489.793
     Messages:  created: 133669   present: 12   in FES: 7
** Event #1068288   t=3937.555262836641   Elapsed: 3937.51s (1h 05m)  62% completed  (62% total)
     Speed:     ev/sec=518.613   simsec/sec=0.996269   ev/simsec=520.555
     Messages:  created: 133830   present: 15   in FES: 7
** Event #1069568   t=3940.144277335331   Elapsed: 3940.09s (1h 05m)  62% completed  (62% total)
     Speed:     ev/sec=496.161   simsec/sec=1.00357   ev/simsec=494.397
     Messages:  created: 133989   present: 11   in FES: 7
** Event #1070848   t=3942.581698976807   Elapsed: 3942.53s (1h 05m)  62% completed  (62% total)
     Speed:     ev/sec=525.145   simsec/sec=1   ev/simsec=525.145
     Messages:  created: 134149   present: 12   in FES: 6
** Event #1071872   t=3944.585670272352   Elapsed: 3944.53s (1h 05m)  62% completed  (62% total)
     Speed:     ev/sec=510.985   simsec/sec=1   ev/simsec=510.985
     Messages:  created: 134281   present: 22   in FES: 8
** Event #1073408   t=3947.030786213656   Elapsed: 3946.97s (1h 05m)  62% completed  (62% total)
     Speed:     ev/sec=628.191   simsec/sec=1   ev/simsec=628.191
     Messages:  created: 134472   present: 20   in FES: 7
** Event #1074176   t=3949.375559713166   Elapsed: 3949.32s (1h 05m)  62% completed  (62% total)
     Speed:     ev/sec=327.537   simsec/sec=1   ev/simsec=327.537
     Messages:  created: 134565   present: 13   in FES: 7
** Event #1075200   t=3951.763160336355   Elapsed: 3951.71s (1h 05m)  62% completed  (62% total)
     Speed:     ev/sec=428.883   simsec/sec=1   ev/simsec=428.882
     Messages:  created: 134693   present: 11   in FES: 7
** Event #1076224   t=3953.836319420279   Elapsed: 3953.78s (1h 05m)  62% completed  (62% total)
     Speed:     ev/sec=493.932   simsec/sec=0.999999   ev/simsec=493.932
     Messages:  created: 134821   present: 13   in FES: 6
** Event #1077760   t=3956.257170087025   Elapsed: 3956.2s (1h 05m)  62% completed  (62% total)
     Speed:     ev/sec=634.488   simsec/sec=1   ev/simsec=634.488
     Messages:  created: 135035   present: 70   in FES: 8
** Event #1079296   t=3958.525824540104   Elapsed: 3958.47s (1h 05m)  62% completed  (62% total)
     Speed:     ev/sec=677.054   simsec/sec=1   ev/simsec=677.053
     Messages:  created: 135226   present: 68   in FES: 8
** Event #1080320   t=3960.726261688655   Elapsed: 3960.67s (1h 06m)  62% completed  (62% total)
     Speed:     ev/sec=465.061   simsec/sec=0.999353   ev/simsec=465.362
     Messages:  created: 135334   present: 16   in FES: 7
t=3960.834981 executing removeServer()
scheduled complete remove at 3960.902301724141
** Event #1081344   t=3962.893665740856   Elapsed: 3962.84s (1h 06m)  62% completed  (62% total)
     Speed:     ev/sec=472.762   simsec/sec=1.00065   ev/simsec=472.455
     Messages:  created: 135482   present: 64   in FES: 7
** Event #1082368   t=3965.120404679021   Elapsed: 3965.06s (1h 06m)  62% completed  (62% total)
     Speed:     ev/sec=459.868   simsec/sec=1.00001   ev/simsec=459.865
     Messages:  created: 135619   present: 87   in FES: 7
** Event #1083392   t=3967.4873840614   Elapsed: 3967.43s (1h 06m)  62% completed  (62% total)
     Speed:     ev/sec=432.125   simsec/sec=0.998858   ev/simsec=432.619
     Messages:  created: 135754   present: 107   in FES: 6
** Event #1084416   t=3969.879299486098   Elapsed: 3969.82s (1h 06m)  63% completed  (63% total)
     Speed:     ev/sec=428.593   simsec/sec=1.00113   ev/simsec=428.109
     Messages:  created: 135896   present: 145   in FES: 7
** Event #1085696   t=3972.166301259585   Elapsed: 3972.13s (1h 06m)  63% completed  (63% total)
     Speed:     ev/sec=555.929   simsec/sec=0.993289   ev/simsec=559.685
     Messages:  created: 136091   present: 230   in FES: 6
** Event #1087232   t=3974.594249040532   Elapsed: 3974.55s (1h 06m)  63% completed  (63% total)
     Speed:     ev/sec=634.264   simsec/sec=1.00258   ev/simsec=632.633
     Messages:  created: 136358   present: 380   in FES: 6
** Event #1088512   t=3977.079945420377   Elapsed: 3977.04s (1h 06m)  63% completed  (63% total)
     Speed:     ev/sec=513.338   simsec/sec=0.996876   ev/simsec=514.946
     Messages:  created: 136535   present: 414   in FES: 6
** Event #1089536   t=3979.164288848804   Elapsed: 3979.12s (1h 06m)  63% completed  (63% total)
     Speed:     ev/sec=493.157   simsec/sec=1.00382   ev/simsec=491.282
     Messages:  created: 136685   present: 458   in FES: 6
** Event #1090560   t=3981.26559238974   Elapsed: 3981.21s (1h 06m)  63% completed  (63% total)
     Speed:     ev/sec=488.852   simsec/sec=1.00315   ev/simsec=487.317
     Messages:  created: 136828   present: 488   in FES: 6
** Event #1091584   t=3983.677059013497   Elapsed: 3983.63s (1h 06m)  63% completed  (63% total)
     Speed:     ev/sec=424.04   simsec/sec=0.998593   ev/simsec=424.638
     Messages:  created: 136963   present: 502   in FES: 6
** Event #1092608   t=3986.029404991873   Elapsed: 3985.98s (1h 06m)  63% completed  (63% total)
     Speed:     ev/sec=435.759   simsec/sec=1.00103   ev/simsec=435.31
     Messages:  created: 137110   present: 540   in FES: 6
** Event #1093888   t=3988.395243780009   Elapsed: 3988.35s (1h 06m)  63% completed  (63% total)
     Speed:     ev/sec=540.023   simsec/sec=0.998131   ev/simsec=541.034
     Messages:  created: 137295   present: 590   in FES: 6
** Event #1095168   t=3990.629116700716   Elapsed: 3990.59s (1h 06m)  63% completed  (63% total)
     Speed:     ev/sec=571.29   simsec/sec=0.997022   ev/simsec=572.996
     Messages:  created: 137498   present: 676   in FES: 6
** Event #1096448   t=3993.069411424082   Elapsed: 3993.03s (1h 06m)  63% completed  (63% total)
     Speed:     ev/sec=524.792   simsec/sec=1.0005   ev/simsec=524.527
     Messages:  created: 137678   present: 716   in FES: 6
** Event #1097472   t=3995.403150165207   Elapsed: 3995.35s (1h 06m)  63% completed  (63% total)
     Speed:     ev/sec=440.15   simsec/sec=1.00312   ev/simsec=438.781
     Messages:  created: 137812   present: 728   in FES: 6
** Event #1098496   t=3997.421364686901   Elapsed: 3997.37s (1h 06m)  63% completed  (63% total)
     Speed:     ev/sec=507.699   simsec/sec=1.00063   ev/simsec=507.379
     Messages:  created: 137961   present: 770   in FES: 6
** Event #1099520   t=3999.669621038975   Elapsed: 3999.62s (1h 06m)  63% completed  (63% total)
     Speed:     ev/sec=455.034   simsec/sec=0.999056   ev/simsec=455.464
     Messages:  created: 138107   present: 806   in FES: 6
** Event #1100544   t=4001.906761380893   Elapsed: 4001.85s (1h 06m)  63% completed  (63% total)
     Speed:     ev/sec=458.675   simsec/sec=1.00207   ev/simsec=457.727
     Messages:  created: 138237   present: 810   in FES: 6
** Event #1101824   t=4004.307282615785   Elapsed: 4004.25s (1h 06m)  63% completed  (63% total)
     Speed:     ev/sec=533.723   simsec/sec=1.00095   ev/simsec=533.218
     Messages:  created: 138425   present: 863   in FES: 7
** Event #1102848   t=4006.502338974959   Elapsed: 4006.45s (1h 06m)  63% completed  (63% total)
     Speed:     ev/sec=466.505   simsec/sec=1.00001   ev/simsec=466.503
     Messages:  created: 138562   present: 872   in FES: 7
** Event #1103872   t=4008.758112861105   Elapsed: 4008.7s (1h 06m)  63% completed  (63% total)
     Speed:     ev/sec=453.946   simsec/sec=1   ev/simsec=453.946
     Messages:  created: 138677   present: 839   in FES: 8
** Event #1104896   t=4010.774254806304   Elapsed: 4010.72s (1h 06m)  63% completed  (63% total)
     Speed:     ev/sec=507.9   simsec/sec=0.999999   ev/simsec=507.901
     Messages:  created: 138813   present: 850   in FES: 8
** Event #1105920   t=4013.006451248905   Elapsed: 4012.95s (1h 06m)  63% completed  (63% total)
     Speed:     ev/sec=457.813   simsec/sec=0.997978   ev/simsec=458.741
     Messages:  created: 138906   present: 766   in FES: 6
** Event #1106944   t=4015.338387631432   Elapsed: 4015.28s (1h 06m)  63% completed  (63% total)
     Speed:     ev/sec=439.974   simsec/sec=1.00194   ev/simsec=439.12
     Messages:  created: 139019   present: 729   in FES: 8
** Event #1107968   t=4017.719473436611   Elapsed: 4017.66s (1h 06m)  63% completed  (63% total)
     Speed:     ev/sec=430.056   simsec/sec=0.999999   ev/simsec=430.056
     Messages:  created: 139142   present: 715   in FES: 8
** Event #1108992   t=4020.169207941717   Elapsed: 4020.11s (1h 07m)  63% completed  (63% total)
     Speed:     ev/sec=418.005   simsec/sec=1   ev/simsec=418.004
     Messages:  created: 139264   present: 700   in FES: 8
t=4020.835006 executing addServer()
adding server with latency=60
** Event #1110272   t=4022.601870280106   Elapsed: 4022.55s (1h 07m)  63% completed  (63% total)
     Speed:     ev/sec=526.173   simsec/sec=1   ev/simsec=526.172
     Messages:  created: 139444   present: 732   in FES: 8
** Event #1111040   t=4024.695864370678   Elapsed: 4024.64s (1h 07m)  63% completed  (63% total)
     Speed:     ev/sec=366.765   simsec/sec=1   ev/simsec=366.763
     Messages:  created: 139532   present: 716   in FES: 8
** Event #1112064   t=4027.371584212835   Elapsed: 4027.31s (1h 07m)  63% completed  (63% total)
     Speed:     ev/sec=382.699   simsec/sec=0.999995   ev/simsec=382.701
     Messages:  created: 139651   present: 699   in FES: 8
** Event #1112832   t=4029.848720388436   Elapsed: 4029.79s (1h 07m)  63% completed  (63% total)
     Speed:     ev/sec=310.035   simsec/sec=1   ev/simsec=310.035
     Messages:  created: 139726   present: 657   in FES: 8
** Event #1113856   t=4032.141301669079   Elapsed: 4032.08s (1h 07m)  64% completed  (64% total)
     Speed:     ev/sec=446.659   simsec/sec=1   ev/simsec=446.658
     Messages:  created: 139842   present: 626   in FES: 9
** Event #1114880   t=4034.585774765658   Elapsed: 4034.53s (1h 07m)  64% completed  (64% total)
     Speed:     ev/sec=418.905   simsec/sec=1   ev/simsec=418.904
     Messages:  created: 139963   present: 610   in FES: 8
** Event #1115904   t=4037.067670169856   Elapsed: 4037.01s (1h 07m)  64% completed  (64% total)
     Speed:     ev/sec=412.588   simsec/sec=0.999999   ev/simsec=412.588
     Messages:  created: 140090   present: 609   in FES: 9
** Event #1116928   t=4039.52031293788   Elapsed: 4039.46s (1h 07m)  64% completed  (64% total)
     Speed:     ev/sec=417.509   simsec/sec=1   ev/simsec=417.509
     Messages:  created: 140216   present: 605   in FES: 9
** Event #1117952   t=4041.651351952441   Elapsed: 4041.59s (1h 07m)  64% completed  (64% total)
     Speed:     ev/sec=480.517   simsec/sec=1   ev/simsec=480.517
     Messages:  created: 140370   present: 656   in FES: 8
** Event #1119232   t=4044.126440693688   Elapsed: 4044.07s (1h 07m)  64% completed  (64% total)
     Speed:     ev/sec=517.153   simsec/sec=1   ev/simsec=517.153
     Messages:  created: 140549   present: 694   in FES: 8
** Event #1120512   t=4046.132626149651   Elapsed: 4046.08s (1h 07m)  64% completed  (64% total)
     Speed:     ev/sec=638.027   simsec/sec=1   ev/simsec=638.027
     Messages:  created: 140757   present: 790   in FES: 8
** Event #1121536   t=4048.321622592521   Elapsed: 4048.26s (1h 07m)  64% completed  (64% total)
     Speed:     ev/sec=467.794   simsec/sec=0.999999   ev/simsec=467.794
     Messages:  created: 140902   present: 825   in FES: 9
** Event #1122304   t=4050.362662091218   Elapsed: 4050.31s (1h 07m)  64% completed  (64% total)
     Speed:     ev/sec=376.279   simsec/sec=1   ev/simsec=376.279
     Messages:  created: 140992   present: 812   in FES: 8
** Event #1123328   t=4052.859036603776   Elapsed: 4052.8s (1h 07m)  64% completed  (64% total)
     Speed:     ev/sec=410.195   simsec/sec=0.999999   ev/simsec=410.195
     Messages:  created: 141102   present: 777   in FES: 9
** Event #1124352   t=4055.070778175549   Elapsed: 4055.02s (1h 07m)  64% completed  (64% total)
     Speed:     ev/sec=460.999   simsec/sec=0.995713   ev/simsec=462.984
     Messages:  created: 141236   present: 787   in FES: 7
** Event #1125632   t=4057.523311466871   Elapsed: 4057.47s (1h 07m)  64% completed  (64% total)
     Speed:     ev/sec=523.944   simsec/sec=1.0039   ev/simsec=521.909
     Messages:  created: 141376   present: 730   in FES: 9
** Event #1126656   t=4059.999707654285   Elapsed: 4059.96s (1h 07m)  64% completed  (64% total)
     Speed:     ev/sec=411.499   simsec/sec=0.99515   ev/simsec=413.504
     Messages:  created: 141498   present: 713   in FES: 7
** Event #1127936   t=4062.243259792768   Elapsed: 4062.19s (1h 07m)  64% completed  (64% total)
     Speed:     ev/sec=572.599   simsec/sec=1.00364   ev/simsec=570.524
     Messages:  created: 141693   present: 783   in FES: 7
** Event #1129216   t=4064.796705456929   Elapsed: 4064.74s (1h 07m)  64% completed  (64% total)
     Speed:     ev/sec=501.47   simsec/sec=1.00037   ev/simsec=501.283
     Messages:  created: 141876   present: 829   in FES: 7
** Event #1130240   t=4067.009444477585   Elapsed: 4066.96s (1h 07m)  64% completed  (64% total)
     Speed:     ev/sec=462.684   simsec/sec=0.999804   ev/simsec=462.775
     Messages:  created: 142014   present: 849   in FES: 7
** Event #1131264   t=4069.038663214449   Elapsed: 4068.99s (1h 07m)  64% completed  (64% total)
     Speed:     ev/sec=504.376   simsec/sec=0.9995   ev/simsec=504.628
     Messages:  created: 142160   present: 885   in FES: 7
** Event #1132544   t=4071.448982225011   Elapsed: 4071.39s (1h 07m)  64% completed  (64% total)
     Speed:     ev/sec=532.029   simsec/sec=1.00184   ev/simsec=531.05
     Messages:  created: 142332   present: 900   in FES: 9
** Event #1133568   t=4073.706803344685   Elapsed: 4073.65s (1h 07m)  64% completed  (64% total)
     Speed:     ev/sec=453.532   simsec/sec=0.999995   ev/simsec=453.535
     Messages:  created: 142435   present: 838   in FES: 10
** Event #1134592   t=4076.156948417674   Elapsed: 4076.1s (1h 07m)  64% completed  (64% total)
     Speed:     ev/sec=417.936   simsec/sec=1   ev/simsec=417.934
     Messages:  created: 142541   present: 784   in FES: 8
** Event #1135616   t=4078.200955749977   Elapsed: 4078.15s (1h 07m)  64% completed  (64% total)
     Speed:     ev/sec=499.344   simsec/sec=0.996742   ev/simsec=500.977
     Messages:  created: 142674   present: 788   in FES: 7
** Event #1136640   t=4080.231120120017   Elapsed: 4080.17s (1h 08m)  64% completed  (64% total)
     Speed:     ev/sec=506.053   simsec/sec=1.00329   ev/simsec=504.393
     Messages:  created: 142776   present: 726   in FES: 9
t=4080.834991 executing setDimmer(0.75)
t=4080.835006 addServer() complete
** Event #1137664   t=4082.301773902462   Elapsed: 4082.25s (1h 08m)  64% completed  (64% total)
     Speed:     ev/sec=494.535   simsec/sec=1.00001   ev/simsec=494.53
     Messages:  created: 142873   present: 659   in FES: 7
** Event #1138944   t=4084.608894321201   Elapsed: 4084.55s (1h 08m)  64% completed  (64% total)
     Speed:     ev/sec=554.802   simsec/sec=0.999995   ev/simsec=554.804
     Messages:  created: 142994   present: 580   in FES: 7
** Event #1140224   t=4086.674475620297   Elapsed: 4086.62s (1h 08m)  64% completed  (64% total)
     Speed:     ev/sec=619.683   simsec/sec=1   ev/simsec=619.68
     Messages:  created: 143127   present: 527   in FES: 8
** Event #1141760   t=4088.701387025969   Elapsed: 4088.64s (1h 08m)  64% completed  (64% total)
     Speed:     ev/sec=757.804   simsec/sec=1   ev/simsec=757.803
     Messages:  created: 143320   present: 530   in FES: 8
** Event #1143296   t=4090.864067068189   Elapsed: 4090.81s (1h 08m)  64% completed  (64% total)
     Speed:     ev/sec=710.23   simsec/sec=1   ev/simsec=710.23
     Messages:  created: 143489   present: 483   in FES: 8
** Event #1144576   t=4093.034810645185   Elapsed: 4092.98s (1h 08m)  64% completed  (64% total)
     Speed:     ev/sec=589.658   simsec/sec=0.999998   ev/simsec=589.66
     Messages:  created: 143626   present: 437   in FES: 7
** Event #1145856   t=4095.102248003138   Elapsed: 4095.05s (1h 08m)  65% completed  (65% total)
     Speed:     ev/sec=619.125   simsec/sec=1   ev/simsec=619.124
     Messages:  created: 143748   present: 361   in FES: 8
** Event #1147136   t=4097.291474990234   Elapsed: 4097.23s (1h 08m)  65% completed  (65% total)
     Speed:     ev/sec=584.68   simsec/sec=0.999999   ev/simsec=584.681
     Messages:  created: 143879   present: 303   in FES: 7
** Event #1148416   t=4099.49108689359   Elapsed: 4099.43s (1h 08m)  65% completed  (65% total)
     Speed:     ev/sec=581.922   simsec/sec=1   ev/simsec=581.921
     Messages:  created: 144008   present: 241   in FES: 7
** Event #1149696   t=4101.694512141983   Elapsed: 4101.64s (1h 08m)  65% completed  (65% total)
     Speed:     ev/sec=580.914   simsec/sec=1   ev/simsec=580.914
     Messages:  created: 144151   present: 205   in FES: 8
** Event #1151744   t=4103.771685069791   Elapsed: 4103.72s (1h 08m)  65% completed  (65% total)
     Speed:     ev/sec=985.954   simsec/sec=0.999999   ev/simsec=985.955
     Messages:  created: 144421   present: 238   in FES: 9
** Event #1153280   t=4106.129681734471   Elapsed: 4106.07s (1h 08m)  65% completed  (65% total)
     Speed:     ev/sec=651.401   simsec/sec=1   ev/simsec=651.4
     Messages:  created: 144593   present: 189   in FES: 7
** Event #1154816   t=4108.311296765601   Elapsed: 4108.25s (1h 08m)  65% completed  (65% total)
     Speed:     ev/sec=704.066   simsec/sec=1   ev/simsec=704.066
     Messages:  created: 144781   present: 178   in FES: 8
** Event #1156352   t=4110.369639729018   Elapsed: 4110.32s (1h 08m)  65% completed  (65% total)
     Speed:     ev/sec=742.958   simsec/sec=0.995613   ev/simsec=746.231
     Messages:  created: 144964   present: 155   in FES: 7
** Event #1157888   t=4112.636186400822   Elapsed: 4112.58s (1h 08m)  65% completed  (65% total)
     Speed:     ev/sec=680.405   simsec/sec=1.00402   ev/simsec=677.683
     Messages:  created: 145137   present: 103   in FES: 8
** Event #1159424   t=4114.94445482595   Elapsed: 4114.89s (1h 08m)  65% completed  (65% total)
     Speed:     ev/sec=663.762   simsec/sec=0.997487   ev/simsec=665.434
     Messages:  created: 145306   present: 43   in FES: 6
** Event #1160704   t=4117.363592504326   Elapsed: 4117.31s (1h 08m)  65% completed  (65% total)
     Speed:     ev/sec=530.389   simsec/sec=1.00241   ev/simsec=529.114
     Messages:  created: 145453   present: 9   in FES: 5
** Event #1161728   t=4120.003674322854   Elapsed: 4119.97s (1h 08m)  65% completed  (65% total)
     Speed:     ev/sec=384.948   simsec/sec=0.992475   ev/simsec=387.867
     Messages:  created: 145582   present: 11   in FES: 7
** Event #1162752   t=4122.348449844054   Elapsed: 4122.29s (1h 08m)  65% completed  (65% total)
     Speed:     ev/sec=440.476   simsec/sec=1.00861   ev/simsec=436.716
     Messages:  created: 145712   present: 15   in FES: 8
** Event #1163776   t=4124.748689126583   Elapsed: 4124.69s (1h 08m)  65% completed  (65% total)
     Speed:     ev/sec=426.439   simsec/sec=0.999566   ev/simsec=426.624
     Messages:  created: 145838   present: 11   in FES: 7
** Event #1164800   t=4126.840893704479   Elapsed: 4126.8s (1h 08m)  65% completed  (65% total)
     Speed:     ev/sec=487.052   simsec/sec=0.995129   ev/simsec=489.436
     Messages:  created: 145966   present: 11   in FES: 7
** Event #1165824   t=4129.110781893564   Elapsed: 4129.05s (1h 08m)  65% completed  (65% total)
     Speed:     ev/sec=453.377   simsec/sec=1.005   ev/simsec=451.124
     Messages:  created: 146096   present: 17   in FES: 7
** Event #1167104   t=4131.219711844191   Elapsed: 4131.16s (1h 08m)  65% completed  (65% total)
     Speed:     ev/sec=606.943   simsec/sec=1   ev/simsec=606.943
     Messages:  created: 146253   present: 9   in FES: 5
** Event #1168128   t=4133.383918577894   Elapsed: 4133.34s (1h 08m)  65% completed  (65% total)
     Speed:     ev/sec=471.112   simsec/sec=0.995687   ev/simsec=473.153
     Messages:  created: 146382   present: 11   in FES: 7
** Event #1169408   t=4135.648168599637   Elapsed: 4135.59s (1h 08m)  65% completed  (65% total)
     Speed:     ev/sec=567.659   simsec/sec=1.00416   ev/simsec=565.309
     Messages:  created: 146543   present: 13   in FES: 8
** Event #1170688   t=4137.914535639066   Elapsed: 4137.87s (1h 08m)  65% completed  (65% total)
     Speed:     ev/sec=562.827   simsec/sec=0.99654   ev/simsec=564.781
     Messages:  created: 146702   present: 11   in FES: 7
** Event #1171968   t=4139.9870906721   Elapsed: 4139.93s (1h 08m)  65% completed  (65% total)
     Speed:     ev/sec=619.949   simsec/sec=1.00381   ev/simsec=617.595
     Messages:  created: 146863   present: 14   in FES: 8
t=4140.835003 executing setDimmer(0.5)
** Event #1172992   t=4142.452295606072   Elapsed: 4142.4s (1h 09m)  65% completed  (65% total)
     Speed:     ev/sec=415.381   simsec/sec=1   ev/simsec=415.381
     Messages:  created: 146989   present: 11   in FES: 6
** Event #1174272   t=4144.626458069626   Elapsed: 4144.57s (1h 09m)  65% completed  (65% total)
     Speed:     ev/sec=588.732   simsec/sec=1   ev/simsec=588.732
     Messages:  created: 147149   present: 11   in FES: 6
** Event #1175296   t=4147.050868748159   Elapsed: 4146.99s (1h 09m)  65% completed  (65% total)
     Speed:     ev/sec=422.373   simsec/sec=1.00001   ev/simsec=422.371
     Messages:  created: 147279   present: 15   in FES: 8
** Event #1176832   t=4149.171798060056   Elapsed: 4149.12s (1h 09m)  65% completed  (65% total)
     Speed:     ev/sec=724.205   simsec/sec=0.999993   ev/simsec=724.211
     Messages:  created: 147469   present: 10   in FES: 6
** Event #1177856   t=4151.459914298709   Elapsed: 4151.4s (1h 09m)  65% completed  (65% total)
     Speed:     ev/sec=447.391   simsec/sec=0.99969   ev/simsec=447.53
     Messages:  created: 147598   present: 13   in FES: 7
** Event #1179136   t=4153.907447071413   Elapsed: 4153.85s (1h 09m)  65% completed  (65% total)
     Speed:     ev/sec=523.126   simsec/sec=1.00029   ev/simsec=522.976
     Messages:  created: 147757   present: 9   in FES: 5
** Event #1180672   t=4156.510830773668   Elapsed: 4156.45s (1h 09m)  65% completed  (65% total)
     Speed:     ev/sec=590.002   simsec/sec=1   ev/simsec=590.001
     Messages:  created: 147950   present: 12   in FES: 7
** Event #1181952   t=4158.982517057256   Elapsed: 4158.93s (1h 09m)  66% completed  (66% total)
     Speed:     ev/sec=517.865   simsec/sec=1   ev/simsec=517.865
     Messages:  created: 148109   present: 9   in FES: 5
** Event #1182976   t=4161.040862673937   Elapsed: 4160.99s (1h 09m)  66% completed  (66% total)
     Speed:     ev/sec=496.106   simsec/sec=0.997224   ev/simsec=497.487
     Messages:  created: 148238   present: 13   in FES: 6
** Event #1184256   t=4163.116085212863   Elapsed: 4163.06s (1h 09m)  66% completed  (66% total)
     Speed:     ev/sec=618.509   simsec/sec=1.00277   ev/simsec=616.801
     Messages:  created: 148397   present: 9   in FES: 5
** Event #1185792   t=4165.436253872845   Elapsed: 4165.38s (1h 09m)  66% completed  (66% total)
     Speed:     ev/sec=662.021   simsec/sec=1   ev/simsec=662.021
     Messages:  created: 148589   present: 11   in FES: 7
** Event #1186816   t=4167.642939179022   Elapsed: 4167.59s (1h 09m)  66% completed  (66% total)
     Speed:     ev/sec=464.044   simsec/sec=0.999999   ev/simsec=464.044
     Messages:  created: 148717   present: 9   in FES: 5
** Event #1187840   t=4169.729122639976   Elapsed: 4169.67s (1h 09m)  66% completed  (66% total)
     Speed:     ev/sec=490.848   simsec/sec=1   ev/simsec=490.848
     Messages:  created: 148845   present: 10   in FES: 6
** Event #1188864   t=4171.809888972431   Elapsed: 4171.75s (1h 09m)  66% completed  (66% total)
     Speed:     ev/sec=492.127   simsec/sec=1   ev/simsec=492.126
     Messages:  created: 148973   present: 9   in FES: 5
** Event #1189888   t=4174.069943008401   Elapsed: 4174.01s (1h 09m)  66% completed  (66% total)
     Speed:     ev/sec=453.086   simsec/sec=1   ev/simsec=453.087
     Messages:  created: 149101   present: 10   in FES: 6
** Event #1190656   t=4176.116675341725   Elapsed: 4176.06s (1h 09m)  66% completed  (66% total)
     Speed:     ev/sec=375.232   simsec/sec=1   ev/simsec=375.232
     Messages:  created: 149197   present: 9   in FES: 5
** Event #1191680   t=4178.637059012093   Elapsed: 4178.58s (1h 09m)  66% completed  (66% total)
     Speed:     ev/sec=406.287   simsec/sec=0.999999   ev/simsec=406.287
     Messages:  created: 149325   present: 9   in FES: 5
** Event #1192960   t=4180.877046656966   Elapsed: 4180.82s (1h 09m)  66% completed  (66% total)
     Speed:     ev/sec=571.432   simsec/sec=1   ev/simsec=571.432
     Messages:  created: 149486   present: 12   in FES: 7
** Event #1193984   t=4182.966235604371   Elapsed: 4182.91s (1h 09m)  66% completed  (66% total)
     Speed:     ev/sec=490.142   simsec/sec=0.999999   ev/simsec=490.142
     Messages:  created: 149617   present: 20   in FES: 8
** Event #1195008   t=4185.395600214012   Elapsed: 4185.34s (1h 09m)  66% completed  (66% total)
     Speed:     ev/sec=421.51   simsec/sec=1   ev/simsec=421.509
     Messages:  created: 149741   present: 10   in FES: 6
** Event #1196288   t=4187.471550737045   Elapsed: 4187.41s (1h 09m)  66% completed  (66% total)
     Speed:     ev/sec=616.585   simsec/sec=0.999999   ev/simsec=616.585
     Messages:  created: 149901   present: 11   in FES: 6
** Event #1197312   t=4189.677848671034   Elapsed: 4189.62s (1h 09m)  66% completed  (66% total)
     Speed:     ev/sec=464.125   simsec/sec=0.999999   ev/simsec=464.126
     Messages:  created: 150029   present: 11   in FES: 7
** Event #1198336   t=4191.679908847048   Elapsed: 4191.62s (1h 09m)  66% completed  (66% total)
     Speed:     ev/sec=511.474   simsec/sec=1   ev/simsec=511.473
     Messages:  created: 150157   present: 11   in FES: 7
** Event #1199104   t=4193.696504651248   Elapsed: 4193.64s (1h 09m)  66% completed  (66% total)
     Speed:     ev/sec=380.84   simsec/sec=0.999999   ev/simsec=380.84
     Messages:  created: 150254   present: 12   in FES: 6
** Event #1200384   t=4195.773829862429   Elapsed: 4195.72s (1h 09m)  66% completed  (66% total)
     Speed:     ev/sec=616.177   simsec/sec=1   ev/simsec=616.177
     Messages:  created: 150414   present: 12   in FES: 7
** Event #1201664   t=4197.99086708239   Elapsed: 4197.93s (1h 09m)  66% completed  (66% total)
     Speed:     ev/sec=577.351   simsec/sec=1.00001   ev/simsec=577.347
     Messages:  created: 150575   present: 16   in FES: 8
** Event #1202944   t=4200.056855458323   Elapsed: 4200s (1h 10m)  66% completed  (66% total)
     Speed:     ev/sec=619.553   simsec/sec=0.999992   ev/simsec=619.558
     Messages:  created: 150733   present: 12   in FES: 7
t=4200.83499 executing setDimmer(0.75)
** Event #1203968   t=4202.218309389732   Elapsed: 4202.16s (1h 10m)  66% completed  (66% total)
     Speed:     ev/sec=473.755   simsec/sec=1   ev/simsec=473.755
     Messages:  created: 150860   present: 10   in FES: 6
** Event #1204736   t=4204.256465893893   Elapsed: 4204.2s (1h 10m)  66% completed  (66% total)
     Speed:     ev/sec=376.812   simsec/sec=1   ev/simsec=376.811
     Messages:  created: 150957   present: 12   in FES: 7
** Event #1205504   t=4206.750030724915   Elapsed: 4206.69s (1h 10m)  66% completed  (66% total)
     Speed:     ev/sec=307.993   simsec/sec=1   ev/simsec=307.993
     Messages:  created: 151053   present: 11   in FES: 7
** Event #1206272   t=4209.031757934019   Elapsed: 4208.98s (1h 10m)  66% completed  (66% total)
     Speed:     ev/sec=336.587   simsec/sec=1   ev/simsec=336.587
     Messages:  created: 151148   present: 9   in FES: 5
** Event #1207296   t=4211.251951675771   Elapsed: 4211.2s (1h 10m)  66% completed  (66% total)
     Speed:     ev/sec=461.221   simsec/sec=1   ev/simsec=461.221
     Messages:  created: 151277   present: 11   in FES: 6
** Event #1208064   t=4213.444325566431   Elapsed: 4213.39s (1h 10m)  66% completed  (66% total)
     Speed:     ev/sec=350.305   simsec/sec=1   ev/simsec=350.305
     Messages:  created: 151373   present: 12   in FES: 8
** Event #1208832   t=4215.537897139137   Elapsed: 4215.48s (1h 10m)  66% completed  (66% total)
     Speed:     ev/sec=366.836   simsec/sec=0.999998   ev/simsec=366.837
     Messages:  created: 151469   present: 13   in FES: 8
** Event #1209856   t=4217.621611909923   Elapsed: 4217.56s (1h 10m)  66% completed  (66% total)
     Speed:     ev/sec=491.431   simsec/sec=1   ev/simsec=491.43
     Messages:  created: 151597   present: 12   in FES: 6
** Event #1210624   t=4220.053556984568   Elapsed: 4220s (1h 10m)  66% completed  (66% total)
     Speed:     ev/sec=315.797   simsec/sec=1   ev/simsec=315.797
     Messages:  created: 151692   present: 9   in FES: 5
** Event #1211392   t=4222.176287168127   Elapsed: 4222.12s (1h 10m)  67% completed  (67% total)
     Speed:     ev/sec=361.798   simsec/sec=1   ev/simsec=361.798
     Messages:  created: 151788   present: 10   in FES: 6
** Event #1212416   t=4224.292445540685   Elapsed: 4224.24s (1h 10m)  67% completed  (67% total)
     Speed:     ev/sec=483.895   simsec/sec=0.999998   ev/simsec=483.896
     Messages:  created: 151916   present: 10   in FES: 6
** Event #1213440   t=4227.101280513274   Elapsed: 4227.04s (1h 10m)  67% completed  (67% total)
     Speed:     ev/sec=364.562   simsec/sec=0.999996   ev/simsec=364.564
     Messages:  created: 152044   present: 10   in FES: 6
** Event #1213952   t=4229.209319514854   Elapsed: 4229.15s (1h 10m)  67% completed  (67% total)
     Speed:     ev/sec=242.882   simsec/sec=1.00001   ev/simsec=242.88
     Messages:  created: 152109   present: 12   in FES: 7
** Event #1215232   t=4231.975820994464   Elapsed: 4231.92s (1h 10m)  67% completed  (67% total)
     Speed:     ev/sec=462.678   simsec/sec=1   ev/simsec=462.678
     Messages:  created: 152268   present: 10   in FES: 6
** Event #1216000   t=4234.560762275829   Elapsed: 4234.5s (1h 10m)  67% completed  (67% total)
     Speed:     ev/sec=297.105   simsec/sec=0.999999   ev/simsec=297.105
     Messages:  created: 152364   present: 10   in FES: 6
** Event #1216768   t=4237.080300626902   Elapsed: 4237.02s (1h 10m)  67% completed  (67% total)
     Speed:     ev/sec=304.818   simsec/sec=1   ev/simsec=304.818
     Messages:  created: 152460   present: 10   in FES: 6
** Event #1217792   t=4239.432332768797   Elapsed: 4239.38s (1h 10m)  67% completed  (67% total)
     Speed:     ev/sec=435.368   simsec/sec=1   ev/simsec=435.368
     Messages:  created: 152591   present: 18   in FES: 8
** Event #1219328   t=4241.45202861673   Elapsed: 4241.4s (1h 10m)  67% completed  (67% total)
     Speed:     ev/sec=760.511   simsec/sec=1   ev/simsec=760.511
     Messages:  created: 152783   present: 18   in FES: 7
** Event #1220352   t=4243.660244957363   Elapsed: 4243.6s (1h 10m)  67% completed  (67% total)
     Speed:     ev/sec=463.723   simsec/sec=1   ev/simsec=463.723
     Messages:  created: 152912   present: 20   in FES: 8
** Event #1221376   t=4245.840485163871   Elapsed: 4245.78s (1h 10m)  67% completed  (67% total)
     Speed:     ev/sec=469.673   simsec/sec=1   ev/simsec=469.673
     Messages:  created: 153036   present: 10   in FES: 6
** Event #1222144   t=4247.898110321416   Elapsed: 4247.84s (1h 10m)  67% completed  (67% total)
     Speed:     ev/sec=373.246   simsec/sec=1   ev/simsec=373.246
     Messages:  created: 153133   present: 11   in FES: 7
** Event #1223936   t=4250.051849270609   Elapsed: 4250s (1h 10m)  67% completed  (67% total)
     Speed:     ev/sec=832.041   simsec/sec=1   ev/simsec=832.041
     Messages:  created: 153372   present: 51   in FES: 8
** Event #1225728   t=4252.140000880921   Elapsed: 4252.08s (1h 10m)  67% completed  (67% total)
     Speed:     ev/sec=857.964   simsec/sec=0.999754   ev/simsec=858.175
     Messages:  created: 153615   present: 103   in FES: 7
** Event #1227520   t=4254.37808131902   Elapsed: 4254.32s (1h 10m)  67% completed  (67% total)
     Speed:     ev/sec=800.871   simsec/sec=1.00023   ev/simsec=800.686
     Messages:  created: 153831   present: 82   in FES: 8
** Event #1229312   t=4256.600421637652   Elapsed: 4256.54s (1h 10m)  67% completed  (67% total)
     Speed:     ev/sec=806.357   simsec/sec=1   ev/simsec=806.357
     Messages:  created: 154041   present: 44   in FES: 8
** Event #1231104   t=4258.885092321932   Elapsed: 4258.83s (1h 10m)  67% completed  (67% total)
     Speed:     ev/sec=784.358   simsec/sec=0.999999   ev/simsec=784.358
     Messages:  created: 154277   present: 75   in FES: 8
t=4260.834994 executing setDimmer(1)
** Event #1232640   t=4260.999240415844   Elapsed: 4260.94s (1h 11m)  67% completed  (67% total)
     Speed:     ev/sec=726.534   simsec/sec=1   ev/simsec=726.534
     Messages:  created: 154460   present: 55   in FES: 8
** Event #1234176   t=4263.238665750224   Elapsed: 4263.18s (1h 11m)  67% completed  (67% total)
     Speed:     ev/sec=685.89   simsec/sec=0.999999   ev/simsec=685.89
     Messages:  created: 154676   present: 118   in FES: 8
** Event #1235456   t=4265.578074261289   Elapsed: 4265.52s (1h 11m)  67% completed  (67% total)
     Speed:     ev/sec=547.147   simsec/sec=1   ev/simsec=547.147
     Messages:  created: 154805   present: 35   in FES: 8
** Event #1236480   t=4268.027899921074   Elapsed: 4267.97s (1h 11m)  67% completed  (67% total)
     Speed:     ev/sec=417.989   simsec/sec=1   ev/simsec=417.989
     Messages:  created: 154929   present: 24   in FES: 8
** Event #1238016   t=4270.066119734409   Elapsed: 4270.01s (1h 11m)  67% completed  (67% total)
     Speed:     ev/sec=752.641   simsec/sec=0.998729   ev/simsec=753.599
     Messages:  created: 155157   present: 121   in FES: 7
** Event #1239552   t=4272.441642299351   Elapsed: 4272.39s (1h 11m)  67% completed  (67% total)
     Speed:     ev/sec=647.258   simsec/sec=1.00103   ev/simsec=646.595
     Messages:  created: 155358   present: 145   in FES: 7
** Event #1240832   t=4274.482864855776   Elapsed: 4274.43s (1h 11m)  67% completed  (67% total)
     Speed:     ev/sec=627.131   simsec/sec=1.00009   ev/simsec=627.075
     Messages:  created: 155522   present: 156   in FES: 8
** Event #1242112   t=4276.878956217863   Elapsed: 4276.82s (1h 11m)  67% completed  (67% total)
     Speed:     ev/sec=533.652   simsec/sec=0.998969   ev/simsec=534.203
     Messages:  created: 155669   present: 121   in FES: 7
** Event #1243392   t=4279.383154629704   Elapsed: 4279.33s (1h 11m)  67% completed  (67% total)
     Speed:     ev/sec=511.642   simsec/sec=1.00098   ev/simsec=511.142
     Messages:  created: 155788   present: 12   in FES: 7
** Event #1244160   t=4281.783424363139   Elapsed: 4281.75s (1h 11m)  67% completed  (67% total)
     Speed:     ev/sec=316.494   simsec/sec=0.989155   ev/simsec=319.964
     Messages:  created: 155886   present: 17   in FES: 7
** Event #1245952   t=4284.267721951646   Elapsed: 4284.23s (1h 11m)  68% completed  (68% total)
     Speed:     ev/sec=724.833   simsec/sec=1.00486   ev/simsec=721.331
     Messages:  created: 156146   present: 113   in FES: 7
** Event #1247232   t=4286.407749673856   Elapsed: 4286.35s (1h 11m)  68% completed  (68% total)
     Speed:     ev/sec=602.15   simsec/sec=1.00673   ev/simsec=598.123
     Messages:  created: 156298   present: 91   in FES: 8
** Event #1248768   t=4288.687290694543   Elapsed: 4288.63s (1h 11m)  68% completed  (68% total)
     Speed:     ev/sec=673.82   simsec/sec=1   ev/simsec=673.82
     Messages:  created: 156503   present: 126   in FES: 8
** Event #1250560   t=4290.971617864577   Elapsed: 4290.92s (1h 11m)  68% completed  (68% total)
     Speed:     ev/sec=781.569   simsec/sec=0.996295   ev/simsec=784.476
     Messages:  created: 156776   present: 257   in FES: 7
** Event #1251584   t=4293.112727282005   Elapsed: 4293.06s (1h 11m)  68% completed  (68% total)
     Speed:     ev/sec=478.486   simsec/sec=1.00048   ev/simsec=478.257
     Messages:  created: 156889   present: 217   in FES: 7
** Event #1252864   t=4295.313940620857   Elapsed: 4295.26s (1h 11m)  68% completed  (68% total)
     Speed:     ev/sec=583.338   simsec/sec=1.00316   ev/simsec=581.497
     Messages:  created: 157028   present: 161   in FES: 7
** Event #1253888   t=4297.34687203688   Elapsed: 4297.29s (1h 11m)  68% completed  (68% total)
     Speed:     ev/sec=503.837   simsec/sec=1.00026   ev/simsec=503.706
     Messages:  created: 157131   present: 95   in FES: 8
** Event #1255168   t=4299.393943357298   Elapsed: 4299.34s (1h 11m)  68% completed  (68% total)
     Speed:     ev/sec=625.284   simsec/sec=1   ev/simsec=625.284
     Messages:  created: 157287   present: 83   in FES: 8
** Event #1256448   t=4301.666008409011   Elapsed: 4301.61s (1h 11m)  68% completed  (68% total)
     Speed:     ev/sec=563.178   simsec/sec=0.99967   ev/simsec=563.364
     Messages:  created: 157437   present: 57   in FES: 6
** Event #1257984   t=4303.927459119148   Elapsed: 4303.88s (1h 11m)  68% completed  (68% total)
     Speed:     ev/sec=676.696   simsec/sec=0.996298   ev/simsec=679.21
     Messages:  created: 157644   present: 97   in FES: 7
** Event #1259520   t=4306.30278669645   Elapsed: 4306.25s (1h 11m)  68% completed  (68% total)
     Speed:     ev/sec=649.145   simsec/sec=1.00386   ev/simsec=646.648
     Messages:  created: 157849   present: 132   in FES: 8
** Event #1260544   t=4308.327771966787   Elapsed: 4308.27s (1h 11m)  68% completed  (68% total)
     Speed:     ev/sec=505.687   simsec/sec=1.00001   ev/simsec=505.683
     Messages:  created: 157963   present: 95   in FES: 8
** Event #1261824   t=4310.579157417041   Elapsed: 4310.52s (1h 11m)  68% completed  (68% total)
     Speed:     ev/sec=568.538   simsec/sec=0.999999   ev/simsec=568.539
     Messages:  created: 158116   present: 75   in FES: 8
** Event #1262848   t=4312.931436995398   Elapsed: 4312.87s (1h 11m)  68% completed  (68% total)
     Speed:     ev/sec=435.323   simsec/sec=1   ev/simsec=435.322
     Messages:  created: 158223   present: 19   in FES: 8
** Event #1264128   t=4315.224291411306   Elapsed: 4315.17s (1h 11m)  68% completed  (68% total)
     Speed:     ev/sec=558.256   simsec/sec=1   ev/simsec=558.256
     Messages:  created: 158383   present: 19   in FES: 8
** Event #1265408   t=4317.558045883696   Elapsed: 4317.5s (1h 11m)  68% completed  (68% total)
     Speed:     ev/sec=548.472   simsec/sec=1   ev/simsec=548.472
     Messages:  created: 158544   present: 22   in FES: 8
** Event #1266432   t=4320.677533675463   Elapsed: 4320.62s (1h 12m)  68% completed  (68% total)
     Speed:     ev/sec=328.259   simsec/sec=1   ev/simsec=328.259
     Messages:  created: 158668   present: 13   in FES: 8
t=4320.834994 executing setDimmer(0.75)
** Event #1267200   t=4323.098065445312   Elapsed: 4323.04s (1h 12m)  68% completed  (68% total)
     Speed:     ev/sec=317.261   simsec/sec=0.999923   ev/simsec=317.286
     Messages:  created: 158763   present: 11   in FES: 6
** Event #1268480   t=4325.201137770894   Elapsed: 4325.15s (1h 12m)  68% completed  (68% total)
     Speed:     ev/sec=606.849   simsec/sec=0.997068   ev/simsec=608.633
     Messages:  created: 158923   present: 11   in FES: 6
** Event #1269760   t=4327.477829046995   Elapsed: 4327.42s (1h 12m)  68% completed  (68% total)
     Speed:     ev/sec=562.976   simsec/sec=1.00135   ev/simsec=562.219
     Messages:  created: 159089   present: 27   in FES: 7
** Event #1271040   t=4329.918335214517   Elapsed: 4329.86s (1h 12m)  68% completed  (68% total)
     Speed:     ev/sec=525.194   simsec/sec=1.00136   ev/simsec=524.481
     Messages:  created: 159243   present: 10   in FES: 6
** Event #1271808   t=4331.919783026946   Elapsed: 4331.87s (1h 12m)  68% completed  (68% total)
     Speed:     ev/sec=383.095   simsec/sec=0.998365   ev/simsec=383.722
     Messages:  created: 159339   present: 11   in FES: 6
** Event #1272832   t=4334.236667032023   Elapsed: 4334.18s (1h 12m)  68% completed  (68% total)
     Speed:     ev/sec=441.665   simsec/sec=0.999303   ev/simsec=441.973
     Messages:  created: 159467   present: 11   in FES: 7
** Event #1273856   t=4336.532708430773   Elapsed: 4336.48s (1h 12m)  68% completed  (68% total)
     Speed:     ev/sec=445.589   simsec/sec=0.999113   ev/simsec=445.985
     Messages:  created: 159595   present: 11   in FES: 6
** Event #1274624   t=4338.980249226512   Elapsed: 4338.92s (1h 12m)  68% completed  (68% total)
     Speed:     ev/sec=314.675   simsec/sec=1.00284   ev/simsec=313.784
     Messages:  created: 159691   present: 10   in FES: 6
** Event #1275648   t=4341.242527133063   Elapsed: 4341.19s (1h 12m)  68% completed  (68% total)
     Speed:     ev/sec=452.639   simsec/sec=0.999996   ev/simsec=452.641
     Messages:  created: 159820   present: 14   in FES: 8
** Event #1276928   t=4343.886186408516   Elapsed: 4343.83s (1h 12m)  68% completed  (68% total)
     Speed:     ev/sec=484.179   simsec/sec=1   ev/simsec=484.177
     Messages:  created: 159978   present: 9   in FES: 5
** Event #1277696   t=4346.17139255686   Elapsed: 4346.11s (1h 12m)  68% completed  (68% total)
     Speed:     ev/sec=336.075   simsec/sec=1   ev/simsec=336.075
     Messages:  created: 160075   present: 10   in FES: 6
** Event #1278464   t=4348.36249901507   Elapsed: 4348.31s (1h 12m)  69% completed  (69% total)
     Speed:     ev/sec=349.667   simsec/sec=0.997602   ev/simsec=350.508
     Messages:  created: 160171   present: 11   in FES: 5
** Event #1279488   t=4350.537199850584   Elapsed: 4350.48s (1h 12m)  69% completed  (69% total)
     Speed:     ev/sec=472.013   simsec/sec=1.00243   ev/simsec=470.869
     Messages:  created: 160302   present: 18   in FES: 7
** Event #1280768   t=4352.844531342204   Elapsed: 4352.79s (1h 12m)  69% completed  (69% total)
     Speed:     ev/sec=554.753   simsec/sec=0.999999   ev/simsec=554.753
     Messages:  created: 160460   present: 13   in FES: 8
** Event #1281536   t=4354.890595233336   Elapsed: 4354.86s (1h 12m)  69% completed  (69% total)
     Speed:     ev/sec=371.209   simsec/sec=0.988956   ev/simsec=375.355
     Messages:  created: 160555   present: 11   in FES: 7
** Event #1282048   t=4357.235530721232   Elapsed: 4357.18s (1h 12m)  69% completed  (69% total)
     Speed:     ev/sec=220.491   simsec/sec=1.00984   ev/simsec=218.343
     Messages:  created: 160618   present: 9   in FES: 5
** Event #1282816   t=4359.364869181601   Elapsed: 4359.31s (1h 12m)  69% completed  (69% total)
     Speed:     ev/sec=360.405   simsec/sec=0.99925   ev/simsec=360.675
     Messages:  created: 160715   present: 11   in FES: 6
** Event #1284352   t=4361.908472368191   Elapsed: 4361.85s (1h 12m)  69% completed  (69% total)
     Speed:     ev/sec=604.247   simsec/sec=1.00063   ev/simsec=603.868
     Messages:  created: 160907   present: 10   in FES: 6
** Event #1285632   t=4364.174467759979   Elapsed: 4364.12s (1h 12m)  69% completed  (69% total)
     Speed:     ev/sec=564.873   simsec/sec=1   ev/simsec=564.873
     Messages:  created: 161069   present: 16   in FES: 7
** Event #1286912   t=4366.45885095328   Elapsed: 4366.4s (1h 12m)  69% completed  (69% total)
     Speed:     ev/sec=560.325   simsec/sec=0.999998   ev/simsec=560.326
     Messages:  created: 161229   present: 16   in FES: 8
** Event #1287680   t=4368.516931392258   Elapsed: 4368.46s (1h 12m)  69% completed  (69% total)
     Speed:     ev/sec=373.164   simsec/sec=1   ev/simsec=373.163
     Messages:  created: 161323   present: 10   in FES: 6
** Event #1288704   t=4370.699287665278   Elapsed: 4370.64s (1h 12m)  69% completed  (69% total)
     Speed:     ev/sec=469.097   simsec/sec=0.999742   ev/simsec=469.218
     Messages:  created: 161451   present: 11   in FES: 6
** Event #1289728   t=4373.004189659523   Elapsed: 4372.95s (1h 12m)  69% completed  (69% total)
     Speed:     ev/sec=444.379   simsec/sec=1.00024   ev/simsec=444.271
     Messages:  created: 161580   present: 13   in FES: 8
** Event #1291008   t=4375.448679452996   Elapsed: 4375.39s (1h 12m)  69% completed  (69% total)
     Speed:     ev/sec=523.627   simsec/sec=1   ev/simsec=523.627
     Messages:  created: 161738   present: 9   in FES: 5
** Event #1292032   t=4377.903009146696   Elapsed: 4377.85s (1h 12m)  69% completed  (69% total)
     Speed:     ev/sec=417.18   simsec/sec=0.9999   ev/simsec=417.222
     Messages:  created: 161867   present: 11   in FES: 5
** Event #1293568   t=4380.070154195083   Elapsed: 4380.01s (1h 13m)  69% completed  (69% total)
     Speed:     ev/sec=708.847   simsec/sec=1.00011   ev/simsec=708.767
     Messages:  created: 162061   present: 17   in FES: 7
t=4380.834997 executing setDimmer(1)
** Event #1294592   t=4382.551842338867   Elapsed: 4382.5s (1h 13m)  69% completed  (69% total)
     Speed:     ev/sec=412.622   simsec/sec=1   ev/simsec=412.622
     Messages:  created: 162189   present: 19   in FES: 8
** Event #1295616   t=4384.749771113898   Elapsed: 4384.69s (1h 13m)  69% completed  (69% total)
     Speed:     ev/sec=465.893   simsec/sec=0.999999   ev/simsec=465.893
     Messages:  created: 162314   present: 10   in FES: 6
** Event #1296384   t=4386.8295710851   Elapsed: 4386.77s (1h 13m)  69% completed  (69% total)
     Speed:     ev/sec=369.267   simsec/sec=1   ev/simsec=369.266
     Messages:  created: 162410   present: 11   in FES: 7
** Event #1297152   t=4388.957237022495   Elapsed: 4388.9s (1h 13m)  69% completed  (69% total)
     Speed:     ev/sec=360.959   simsec/sec=1   ev/simsec=360.959
     Messages:  created: 162506   present: 11   in FES: 7
** Event #1298176   t=4391.224534937685   Elapsed: 4391.17s (1h 13m)  69% completed  (69% total)
     Speed:     ev/sec=451.639   simsec/sec=1   ev/simsec=451.639
     Messages:  created: 162634   present: 9   in FES: 5
** Event #1298944   t=4393.474500538182   Elapsed: 4393.42s (1h 13m)  69% completed  (69% total)
     Speed:     ev/sec=341.338   simsec/sec=0.999999   ev/simsec=341.339
     Messages:  created: 162730   present: 10   in FES: 6
** Event #1299712   t=4395.748485752515   Elapsed: 4395.69s (1h 13m)  69% completed  (69% total)
     Speed:     ev/sec=337.733   simsec/sec=1   ev/simsec=337.733
     Messages:  created: 162826   present: 10   in FES: 6
** Event #1300480   t=4398.080201721574   Elapsed: 4398.02s (1h 13m)  69% completed  (69% total)
     Speed:     ev/sec=329.371   simsec/sec=1   ev/simsec=329.371
     Messages:  created: 162922   present: 11   in FES: 7
** Event #1301760   t=4400.317969501877   Elapsed: 4400.26s (1h 13m)  69% completed  (69% total)
     Speed:     ev/sec=571.999   simsec/sec=1   ev/simsec=571.999
     Messages:  created: 163088   present: 26   in FES: 7
** Event #1302784   t=4402.436954855232   Elapsed: 4402.38s (1h 13m)  69% completed  (69% total)
     Speed:     ev/sec=483.016   simsec/sec=0.999516   ev/simsec=483.25
     Messages:  created: 163211   present: 13   in FES: 6
** Event #1304064   t=4404.949287647961   Elapsed: 4404.89s (1h 13m)  69% completed  (69% total)
     Speed:     ev/sec=509.703   simsec/sec=1.00042   ev/simsec=509.487
     Messages:  created: 163370   present: 10   in FES: 6
** Event #1305344   t=4407.402360519933   Elapsed: 4407.35s (1h 13m)  69% completed  (69% total)
     Speed:     ev/sec=521.786   simsec/sec=0.999984   ev/simsec=521.795
     Messages:  created: 163531   present: 12   in FES: 8
** Event #1306368   t=4409.573943607223   Elapsed: 4409.52s (1h 13m)  69% completed  (69% total)
     Speed:     ev/sec=471.545   simsec/sec=1   ev/simsec=471.545
     Messages:  created: 163665   present: 28   in FES: 8
** Event #1307904   t=4411.971812218743   Elapsed: 4411.92s (1h 13m)  70% completed  (70% total)
     Speed:     ev/sec=640.569   simsec/sec=1   ev/simsec=640.569
     Messages:  created: 163876   present: 80   in FES: 8
** Event #1308928   t=4414.00192587989   Elapsed: 4413.95s (1h 13m)  70% completed  (70% total)
     Speed:     ev/sec=504.405   simsec/sec=0.999999   ev/simsec=504.405
     Messages:  created: 163981   present: 19   in FES: 8
** Event #1310208   t=4416.052444648698   Elapsed: 4416s (1h 13m)  70% completed  (70% total)
     Speed:     ev/sec=624.233   simsec/sec=1   ev/simsec=624.232
     Messages:  created: 164161   present: 71   in FES: 8
** Event #1310976   t=4418.085342062815   Elapsed: 4418.03s (1h 13m)  70% completed  (70% total)
     Speed:     ev/sec=377.785   simsec/sec=0.999998   ev/simsec=377.786
     Messages:  created: 164236   present: 15   in FES: 7
** Event #1312256   t=4420.669104490955   Elapsed: 4420.61s (1h 13m)  70% completed  (70% total)
     Speed:     ev/sec=495.402   simsec/sec=1   ev/simsec=495.402
     Messages:  created: 164394   present: 11   in FES: 7
** Event #1313280   t=4423.081730318463   Elapsed: 4423.03s (1h 13m)  70% completed  (70% total)
     Speed:     ev/sec=424.433   simsec/sec=0.999999   ev/simsec=424.434
     Messages:  created: 164522   present: 9   in FES: 5
** Event #1314304   t=4426.103171029683   Elapsed: 4426.05s (1h 13m)  70% completed  (70% total)
     Speed:     ev/sec=338.911   simsec/sec=1   ev/simsec=338.911
     Messages:  created: 164650   present: 9   in FES: 5
** Event #1314816   t=4432.439953991306   Elapsed: 4432.38s (1h 13m)  70% completed  (70% total)
     Speed:     ev/sec=80.7979   simsec/sec=0.999998   ev/simsec=80.7981
     Messages:  created: 164714   present: 10   in FES: 6
** Event #1315072   t=4435.045864231183   Elapsed: 4434.99s (1h 13m)  70% completed  (70% total)
     Speed:     ev/sec=98.2391   simsec/sec=1.00001   ev/simsec=98.2382
     Messages:  created: 164748   present: 15   in FES: 7
** Event #1316352   t=4437.330961721992   Elapsed: 4437.27s (1h 13m)  70% completed  (70% total)
     Speed:     ev/sec=560.149   simsec/sec=0.999996   ev/simsec=560.151
     Messages:  created: 164909   present: 19   in FES: 8
** Event #1317632   t=4439.617679765934   Elapsed: 4439.56s (1h 13m)  70% completed  (70% total)
     Speed:     ev/sec=559.754   simsec/sec=1   ev/simsec=559.754
     Messages:  created: 165082   present: 52   in FES: 8
t=4440.83498 executing removeServer()
scheduled complete remove at 4440.83498
** Event #1318656   t=4441.750925304721   Elapsed: 4441.69s (1h 14m)  70% completed  (70% total)
     Speed:     ev/sec=480.02   simsec/sec=1   ev/simsec=480.02
     Messages:  created: 165202   present: 28   in FES: 7
** Event #1319424   t=4443.795727667606   Elapsed: 4443.74s (1h 14m)  70% completed  (70% total)
     Speed:     ev/sec=375.221   simsec/sec=0.999026   ev/simsec=375.586
     Messages:  created: 165300   present: 33   in FES: 6
** Event #1320448   t=4445.99590966065   Elapsed: 4445.94s (1h 14m)  70% completed  (70% total)
     Speed:     ev/sec=465.838   simsec/sec=1.00091   ev/simsec=465.416
     Messages:  created: 165439   present: 63   in FES: 7
** Event #1321728   t=4448.563473113642   Elapsed: 4448.51s (1h 14m)  70% completed  (70% total)
     Speed:     ev/sec=498.528   simsec/sec=1   ev/simsec=498.527
     Messages:  created: 165635   present: 158   in FES: 7
** Event #1323008   t=4450.657055986228   Elapsed: 4450.6s (1h 14m)  70% completed  (70% total)
     Speed:     ev/sec=611.391   simsec/sec=0.999999   ev/simsec=611.392
     Messages:  created: 165854   present: 288   in FES: 7
** Event #1324288   t=4453.082523569224   Elapsed: 4453.03s (1h 14m)  70% completed  (70% total)
     Speed:     ev/sec=527.734   simsec/sec=1   ev/simsec=527.733
     Messages:  created: 166047   present: 354   in FES: 7
** Event #1325312   t=4455.31669473001   Elapsed: 4455.26s (1h 14m)  70% completed  (70% total)
     Speed:     ev/sec=458.335   simsec/sec=0.999999   ev/simsec=458.336
     Messages:  created: 166176   present: 357   in FES: 8
** Event #1326592   t=4457.561361082374   Elapsed: 4457.5s (1h 14m)  70% completed  (70% total)
     Speed:     ev/sec=570.241   simsec/sec=1   ev/simsec=570.241
     Messages:  created: 166391   present: 467   in FES: 8
** Event #1327616   t=4459.708141715632   Elapsed: 4459.65s (1h 14m)  70% completed  (70% total)
     Speed:     ev/sec=476.993   simsec/sec=1   ev/simsec=476.993
     Messages:  created: 166533   present: 495   in FES: 8
** Event #1328640   t=4461.819596021754   Elapsed: 4461.76s (1h 14m)  70% completed  (70% total)
     Speed:     ev/sec=484.974   simsec/sec=1   ev/simsec=484.974
     Messages:  created: 166687   present: 547   in FES: 8
** Event #1329664   t=4463.955820738212   Elapsed: 4463.9s (1h 14m)  70% completed  (70% total)
     Speed:     ev/sec=479.35   simsec/sec=1   ev/simsec=479.35
     Messages:  created: 166830   present: 577   in FES: 8
** Event #1330432   t=4466.342842402261   Elapsed: 4466.29s (1h 14m)  70% completed  (70% total)
     Speed:     ev/sec=321.74   simsec/sec=0.999999   ev/simsec=321.74
     Messages:  created: 166918   present: 561   in FES: 8
** Event #1331456   t=4468.50551352259   Elapsed: 4468.45s (1h 14m)  70% completed  (70% total)
     Speed:     ev/sec=473.489   simsec/sec=1   ev/simsec=473.489
     Messages:  created: 167072   present: 612   in FES: 7
** Event #1332224   t=4470.61744855896   Elapsed: 4470.56s (1h 14m)  70% completed  (70% total)
     Speed:     ev/sec=363.648   simsec/sec=1   ev/simsec=363.648
     Messages:  created: 167154   present: 585   in FES: 8
** Event #1333248   t=4472.882911160546   Elapsed: 4472.83s (1h 14m)  70% completed  (70% total)
     Speed:     ev/sec=452.005   simsec/sec=1   ev/simsec=452.005
     Messages:  created: 167298   present: 616   in FES: 7
** Event #1334272   t=4475.354477253184   Elapsed: 4475.3s (1h 14m)  71% completed  (71% total)
     Speed:     ev/sec=414.312   simsec/sec=0.999999   ev/simsec=414.312
     Messages:  created: 167422   present: 609   in FES: 8
** Event #1335296   t=4477.505110575336   Elapsed: 4477.45s (1h 14m)  71% completed  (71% total)
     Speed:     ev/sec=476.139   simsec/sec=1   ev/simsec=476.139
     Messages:  created: 167568   present: 645   in FES: 8
** Event #1336576   t=4480.037779284155   Elapsed: 4479.98s (1h 14m)  71% completed  (71% total)
     Speed:     ev/sec=505.395   simsec/sec=0.999999   ev/simsec=505.396
     Messages:  created: 167755   present: 699   in FES: 8
** Event #1337856   t=4482.47763075738   Elapsed: 4482.42s (1h 14m)  71% completed  (71% total)
     Speed:     ev/sec=524.623   simsec/sec=1   ev/simsec=524.622
     Messages:  created: 167965   present: 798   in FES: 7
** Event #1338880   t=4484.730301794056   Elapsed: 4484.67s (1h 14m)  71% completed  (71% total)
     Speed:     ev/sec=454.571   simsec/sec=1   ev/simsec=454.571
     Messages:  created: 168099   present: 811   in FES: 8
** Event #1339904   t=4486.951711760421   Elapsed: 4486.9s (1h 14m)  71% completed  (71% total)
     Speed:     ev/sec=460.969   simsec/sec=1   ev/simsec=460.968
     Messages:  created: 168244   present: 844   in FES: 7
** Event #1340928   t=4489.133487773996   Elapsed: 4489.08s (1h 14m)  71% completed  (71% total)
     Speed:     ev/sec=469.343   simsec/sec=1   ev/simsec=469.342
     Messages:  created: 168389   present: 878   in FES: 7
** Event #1341952   t=4491.446515557842   Elapsed: 4491.39s (1h 14m)  71% completed  (71% total)
     Speed:     ev/sec=442.71   simsec/sec=0.999999   ev/simsec=442.71
     Messages:  created: 168494   present: 823   in FES: 7
** Event #1342976   t=4493.514573873704   Elapsed: 4493.46s (1h 14m)  71% completed  (71% total)
     Speed:     ev/sec=495.035   simsec/sec=0.999768   ev/simsec=495.15
     Messages:  created: 168606   present: 781   in FES: 6
** Event #1344000   t=4495.825713833885   Elapsed: 4495.77s (1h 14m)  71% completed  (71% total)
     Speed:     ev/sec=443.163   simsec/sec=1.00021   ev/simsec=443.071
     Messages:  created: 168733   present: 775   in FES: 7
** Event #1345280   t=4498.079524020162   Elapsed: 4498.02s (1h 14m)  71% completed  (71% total)
     Speed:     ev/sec=567.927   simsec/sec=1   ev/simsec=567.927
     Messages:  created: 168874   present: 721   in FES: 8
** Event #1346304   t=4500.365771782866   Elapsed: 4500.31s (1h 15m)  71% completed  (71% total)
     Speed:     ev/sec=447.896   simsec/sec=1   ev/simsec=447.895
     Messages:  created: 169011   present: 740   in FES: 8
t=4500.834989 executing addServer()
adding server with latency=60
** Event #1347072   t=4502.631607622907   Elapsed: 4502.57s (1h 15m)  71% completed  (71% total)
     Speed:     ev/sec=338.947   simsec/sec=0.999998   ev/simsec=338.948
     Messages:  created: 169096   present: 717   in FES: 8
** Event #1348096   t=4504.992704418592   Elapsed: 4504.94s (1h 15m)  71% completed  (71% total)
     Speed:     ev/sec=433.692   simsec/sec=0.99999   ev/simsec=433.697
     Messages:  created: 169237   present: 743   in FES: 10
** Event #1349120   t=4507.391697859553   Elapsed: 4507.34s (1h 15m)  71% completed  (71% total)
     Speed:     ev/sec=426.72   simsec/sec=0.999705   ev/simsec=426.846
     Messages:  created: 169359   present: 730   in FES: 7
** Event #1350400   t=4509.437165063904   Elapsed: 4509.38s (1h 15m)  71% completed  (71% total)
     Speed:     ev/sec=626   simsec/sec=1.00036   ev/simsec=625.774
     Messages:  created: 169545   present: 774   in FES: 8
** Event #1351424   t=4512.060947240032   Elapsed: 4512s (1h 15m)  71% completed  (71% total)
     Speed:     ev/sec=390.276   simsec/sec=1   ev/simsec=390.276
     Messages:  created: 169662   present: 752   in FES: 8
** Event #1352448   t=4514.458025074982   Elapsed: 4514.4s (1h 15m)  71% completed  (71% total)
     Speed:     ev/sec=427.187   simsec/sec=1   ev/simsec=427.187
     Messages:  created: 169789   present: 750   in FES: 8
** Event #1353472   t=4516.828788766155   Elapsed: 4516.77s (1h 15m)  71% completed  (71% total)
     Speed:     ev/sec=431.929   simsec/sec=1   ev/simsec=431.928
     Messages:  created: 169918   present: 752   in FES: 8
** Event #1354496   t=4519.245635331166   Elapsed: 4519.2s (1h 15m)  71% completed  (71% total)
     Speed:     ev/sec=422.353   simsec/sec=0.996838   ev/simsec=423.693
     Messages:  created: 170030   present: 712   in FES: 7
** Event #1355264   t=4521.288075239946   Elapsed: 4521.23s (1h 15m)  71% completed  (71% total)
     Speed:     ev/sec=377.437   simsec/sec=1.00377   ev/simsec=376.021
     Messages:  created: 170116   present: 683   in FES: 8
** Event #1356288   t=4523.633547121421   Elapsed: 4523.58s (1h 15m)  71% completed  (71% total)
     Speed:     ev/sec=436.595   simsec/sec=1.00002   ev/simsec=436.586
     Messages:  created: 170243   present: 681   in FES: 8
** Event #1357312   t=4526.099141669615   Elapsed: 4526.04s (1h 15m)  71% completed  (71% total)
     Speed:     ev/sec=415.307   simsec/sec=0.99998   ev/simsec=415.316
     Messages:  created: 170368   present: 676   in FES: 9
** Event #1358592   t=4528.337276471039   Elapsed: 4528.28s (1h 15m)  71% completed  (71% total)
     Speed:     ev/sec=571.904   simsec/sec=0.999999   ev/simsec=571.905
     Messages:  created: 170561   present: 740   in FES: 8
** Event #1359360   t=4530.35627070488   Elapsed: 4530.3s (1h 15m)  71% completed  (71% total)
     Speed:     ev/sec=380.388   simsec/sec=1   ev/simsec=380.387
     Messages:  created: 170664   present: 754   in FES: 8
** Event #1360640   t=4532.773673033054   Elapsed: 4532.72s (1h 15m)  71% completed  (71% total)
     Speed:     ev/sec=529.494   simsec/sec=1   ev/simsec=529.494
     Messages:  created: 170859   present: 824   in FES: 8
** Event #1361664   t=4535.098382198708   Elapsed: 4535.04s (1h 15m)  71% completed  (71% total)
     Speed:     ev/sec=440.486   simsec/sec=1   ev/simsec=440.485
     Messages:  created: 170991   present: 833   in FES: 8
** Event #1362688   t=4537.613656021526   Elapsed: 4537.56s (1h 15m)  72% completed  (72% total)
     Speed:     ev/sec=407.112   simsec/sec=0.999999   ev/simsec=407.113
     Messages:  created: 171113   present: 820   in FES: 8
** Event #1363968   t=4539.929658981558   Elapsed: 4539.89s (1h 15m)  72% completed  (72% total)
     Speed:     ev/sec=548.662   simsec/sec=0.992737   ev/simsec=552.676
     Messages:  created: 171288   present: 844   in FES: 7
** Event #1364992   t=4542.320909652177   Elapsed: 4542.26s (1h 15m)  72% completed  (72% total)
     Speed:     ev/sec=431.284   simsec/sec=1.00714   ev/simsec=428.228
     Messages:  created: 171378   present: 752   in FES: 8
** Event #1365760   t=4544.411044764306   Elapsed: 4544.35s (1h 15m)  72% completed  (72% total)
     Speed:     ev/sec=367.44   simsec/sec=0.999999   ev/simsec=367.44
     Messages:  created: 171437   present: 670   in FES: 9
** Event #1366528   t=4546.446902271625   Elapsed: 4546.39s (1h 15m)  72% completed  (72% total)
     Speed:     ev/sec=377.237   simsec/sec=1   ev/simsec=377.237
     Messages:  created: 171526   present: 655   in FES: 8
** Event #1367552   t=4548.459206212797   Elapsed: 4548.4s (1h 15m)  72% completed  (72% total)
     Speed:     ev/sec=508.869   simsec/sec=0.999999   ev/simsec=508.869
     Messages:  created: 171657   present: 662   in FES: 8
** Event #1368576   t=4550.84878059671   Elapsed: 4550.79s (1h 15m)  72% completed  (72% total)
     Speed:     ev/sec=428.529   simsec/sec=1   ev/simsec=428.528
     Messages:  created: 171773   present: 637   in FES: 9
** Event #1369344   t=4553.01121566659   Elapsed: 4552.95s (1h 15m)  72% completed  (72% total)
     Speed:     ev/sec=355.155   simsec/sec=1   ev/simsec=355.155
     Messages:  created: 171863   present: 625   in FES: 9
** Event #1370112   t=4555.031726179416   Elapsed: 4554.98s (1h 15m)  72% completed  (72% total)
     Speed:     ev/sec=380.102   simsec/sec=1   ev/simsec=380.102
     Messages:  created: 171960   present: 627   in FES: 9
** Event #1371392   t=4557.629877945321   Elapsed: 4557.57s (1h 15m)  72% completed  (72% total)
     Speed:     ev/sec=492.663   simsec/sec=1.00001   ev/simsec=492.658
     Messages:  created: 172139   present: 664   in FES: 8
** Event #1372416   t=4559.965154258038   Elapsed: 4559.91s (1h 15m)  72% completed  (72% total)
     Speed:     ev/sec=438.487   simsec/sec=0.999989   ev/simsec=438.492
     Messages:  created: 172273   present: 676   in FES: 8
t=4560.834989 addServer() complete
t=4560.834994 executing setDimmer(0.75)
** Event #1373440   t=4561.991194993856   Elapsed: 4561.93s (1h 16m)  72% completed  (72% total)
     Speed:     ev/sec=505.42   simsec/sec=1   ev/simsec=505.419
     Messages:  created: 172400   present: 675   in FES: 8
** Event #1374976   t=4564.43818217343   Elapsed: 4564.38s (1h 16m)  72% completed  (72% total)
     Speed:     ev/sec=627.71   simsec/sec=0.999999   ev/simsec=627.711
     Messages:  created: 172567   present: 625   in FES: 7
** Event #1376256   t=4566.800230821641   Elapsed: 4566.74s (1h 16m)  72% completed  (72% total)
     Speed:     ev/sec=541.902   simsec/sec=0.999999   ev/simsec=541.902
     Messages:  created: 172696   present: 565   in FES: 8
** Event #1377280   t=4568.817109230135   Elapsed: 4568.76s (1h 16m)  72% completed  (72% total)
     Speed:     ev/sec=507.716   simsec/sec=1   ev/simsec=507.715
     Messages:  created: 172776   present: 468   in FES: 7
** Event #1378816   t=4571.070444838564   Elapsed: 4571.01s (1h 16m)  72% completed  (72% total)
     Speed:     ev/sec=681.657   simsec/sec=1   ev/simsec=681.656
     Messages:  created: 172942   present: 417   in FES: 9
** Event #1379840   t=4573.074267445137   Elapsed: 4573.02s (1h 16m)  72% completed  (72% total)
     Speed:     ev/sec=511.023   simsec/sec=1   ev/simsec=511.023
     Messages:  created: 173037   present: 349   in FES: 7
** Event #1381120   t=4575.379497688254   Elapsed: 4575.32s (1h 16m)  72% completed  (72% total)
     Speed:     ev/sec=555.256   simsec/sec=0.999994   ev/simsec=555.259
     Messages:  created: 173164   present: 284   in FES: 9
** Event #1382400   t=4577.931185250693   Elapsed: 4577.88s (1h 16m)  72% completed  (72% total)
     Speed:     ev/sec=501.192   simsec/sec=0.999129   ev/simsec=501.629
     Messages:  created: 173284   present: 198   in FES: 6
** Event #1383680   t=4580.000986015624   Elapsed: 4579.94s (1h 16m)  72% completed  (72% total)
     Speed:     ev/sec=618.961   simsec/sec=1.00088   ev/simsec=618.417
     Messages:  created: 173416   present: 127   in FES: 7
** Event #1384960   t=4582.521824758468   Elapsed: 4582.49s (1h 16m)  72% completed  (72% total)
     Speed:     ev/sec=502.294   simsec/sec=0.989221   ev/simsec=507.768
     Messages:  created: 173540   present: 31   in FES: 6
** Event #1386240   t=4584.751145246222   Elapsed: 4584.69s (1h 16m)  72% completed  (72% total)
     Speed:     ev/sec=581.441   simsec/sec=1.01267   ev/simsec=574.166
     Messages:  created: 173692   present: 10   in FES: 6
** Event #1387008   t=4586.854963747201   Elapsed: 4586.8s (1h 16m)  72% completed  (72% total)
     Speed:     ev/sec=365.051   simsec/sec=1   ev/simsec=365.051
     Messages:  created: 173789   present: 13   in FES: 6
** Event #1387776   t=4589.540913312653   Elapsed: 4589.48s (1h 16m)  72% completed  (72% total)
     Speed:     ev/sec=285.932   simsec/sec=1   ev/simsec=285.932
     Messages:  created: 173884   present: 10   in FES: 6
** Event #1388288   t=4591.801702041759   Elapsed: 4591.75s (1h 16m)  72% completed  (72% total)
     Speed:     ev/sec=226.469   simsec/sec=0.999999   ev/simsec=226.47
     Messages:  created: 173948   present: 10   in FES: 6
** Event #1388800   t=4593.974617789158   Elapsed: 4593.92s (1h 16m)  72% completed  (72% total)
     Speed:     ev/sec=235.628   simsec/sec=1   ev/simsec=235.628
     Messages:  created: 174013   present: 12   in FES: 8
** Event #1390080   t=4596.328949571952   Elapsed: 4596.27s (1h 16m)  72% completed  (72% total)
     Speed:     ev/sec=543.678   simsec/sec=0.999999   ev/simsec=543.679
     Messages:  created: 174173   present: 12   in FES: 7
** Event #1391360   t=4598.804153843301   Elapsed: 4598.75s (1h 16m)  72% completed  (72% total)
     Speed:     ev/sec=517.129   simsec/sec=1   ev/simsec=517.129
     Messages:  created: 174332   present: 9   in FES: 5
** Event #1392384   t=4601.170160938109   Elapsed: 4601.11s (1h 16m)  73% completed  (73% total)
     Speed:     ev/sec=432.797   simsec/sec=1   ev/simsec=432.797
     Messages:  created: 174462   present: 14   in FES: 8
** Event #1393664   t=4603.439369681949   Elapsed: 4603.39s (1h 16m)  73% completed  (73% total)
     Speed:     ev/sec=562.742   simsec/sec=0.99764   ev/simsec=564.073
     Messages:  created: 174622   present: 15   in FES: 7
** Event #1394944   t=4605.605607808065   Elapsed: 4605.55s (1h 16m)  73% completed  (73% total)
     Speed:     ev/sec=590.743   simsec/sec=0.999758   ev/simsec=590.886
     Messages:  created: 174782   present: 15   in FES: 6
** Event #1396224   t=4607.875967892653   Elapsed: 4607.82s (1h 16m)  73% completed  (73% total)
     Speed:     ev/sec=565.254   simsec/sec=1.0026   ev/simsec=563.787
     Messages:  created: 174941   present: 12   in FES: 6
** Event #1397248   t=4610.031906738111   Elapsed: 4609.98s (1h 16m)  73% completed  (73% total)
     Speed:     ev/sec=474.979   simsec/sec=1.00003   ev/simsec=474.967
     Messages:  created: 175069   present: 12   in FES: 6
** Event #1398784   t=4612.295863946236   Elapsed: 4612.24s (1h 16m)  73% completed  (73% total)
     Speed:     ev/sec=678.113   simsec/sec=0.999492   ev/simsec=678.458
     Messages:  created: 175265   present: 23   in FES: 7
** Event #1400320   t=4614.545325355305   Elapsed: 4614.49s (1h 16m)  73% completed  (73% total)
     Speed:     ev/sec=683.163   simsec/sec=1.00049   ev/simsec=682.83
     Messages:  created: 175456   present: 19   in FES: 8
** Event #1401344   t=4616.817253254082   Elapsed: 4616.76s (1h 16m)  73% completed  (73% total)
     Speed:     ev/sec=450.719   simsec/sec=1   ev/simsec=450.719
     Messages:  created: 175580   present: 9   in FES: 5
** Event #1402368   t=4619.026646064813   Elapsed: 4618.97s (1h 16m)  73% completed  (73% total)
     Speed:     ev/sec=463.476   simsec/sec=1   ev/simsec=463.476
     Messages:  created: 175708   present: 10   in FES: 6
t=4620.834997 executing setDimmer(0.5)
** Event #1403392   t=4621.649801402829   Elapsed: 4621.6s (1h 17m)  73% completed  (73% total)
     Speed:     ev/sec=389.153   simsec/sec=0.996884   ev/simsec=390.37
     Messages:  created: 175835   present: 9   in FES: 5
** Event #1404416   t=4623.83938027182   Elapsed: 4623.8s (1h 17m)  73% completed  (73% total)
     Speed:     ev/sec=465.473   simsec/sec=0.995303   ev/simsec=467.67
     Messages:  created: 175963   present: 9   in FES: 5
** Event #1405696   t=4626.105282873995   Elapsed: 4626.05s (1h 17m)  73% completed  (73% total)
     Speed:     ev/sec=569.554   simsec/sec=1.00825   ev/simsec=564.896
     Messages:  created: 176127   present: 19   in FES: 7
** Event #1406720   t=4628.215688019987   Elapsed: 4628.16s (1h 17m)  73% completed  (73% total)
     Speed:     ev/sec=484.458   simsec/sec=0.998441   ev/simsec=485.215
     Messages:  created: 176251   present: 9   in FES: 5
** Event #1408000   t=4630.443117505007   Elapsed: 4630.4s (1h 17m)  73% completed  (73% total)
     Speed:     ev/sec=571.298   simsec/sec=0.994162   ev/simsec=574.653
     Messages:  created: 176411   present: 9   in FES: 5
** Event #1409024   t=4632.501261815415   Elapsed: 4632.44s (1h 17m)  73% completed  (73% total)
     Speed:     ev/sec=501.526   simsec/sec=1.00802   ev/simsec=497.536
     Messages:  created: 176540   present: 11   in FES: 6
** Event #1409792   t=4634.559457334857   Elapsed: 4634.51s (1h 17m)  73% completed  (73% total)
     Speed:     ev/sec=372.411   simsec/sec=0.998041   ev/simsec=373.142
     Messages:  created: 176635   present: 9   in FES: 5
** Event #1410816   t=4637.136249700425   Elapsed: 4637.08s (1h 17m)  73% completed  (73% total)
     Speed:     ev/sec=398.017   simsec/sec=1.00157   ev/simsec=397.393
     Messages:  created: 176764   present: 11   in FES: 7
** Event #1412096   t=4639.49288730453   Elapsed: 4639.44s (1h 17m)  73% completed  (73% total)
     Speed:     ev/sec=543.154   simsec/sec=1.00001   ev/simsec=543.147
     Messages:  created: 176925   present: 14   in FES: 8
** Event #1413376   t=4641.494222431291   Elapsed: 4641.44s (1h 17m)  73% completed  (73% total)
     Speed:     ev/sec=639.458   simsec/sec=0.99982   ev/simsec=639.573
     Messages:  created: 177086   present: 17   in FES: 7
** Event #1414400   t=4643.93676274482   Elapsed: 4643.88s (1h 17m)  73% completed  (73% total)
     Speed:     ev/sec=418.542   simsec/sec=0.998345   ev/simsec=419.236
     Messages:  created: 177211   present: 9   in FES: 5
** Event #1415168   t=4646.053440391963   Elapsed: 4646.02s (1h 17m)  73% completed  (73% total)
     Speed:     ev/sec=360.441   simsec/sec=0.993409   ev/simsec=362.833
     Messages:  created: 177307   present: 9   in FES: 5
** Event #1416192   t=4648.383638223551   Elapsed: 4648.33s (1h 17m)  73% completed  (73% total)
     Speed:     ev/sec=442.881   simsec/sec=1.00781   ev/simsec=439.448
     Messages:  created: 177435   present: 9   in FES: 5
** Event #1417216   t=4650.600558220617   Elapsed: 4650.58s (1h 17m)  73% completed  (73% total)
     Speed:     ev/sec=455.487   simsec/sec=0.986111   ev/simsec=461.902
     Messages:  created: 177563   present: 9   in FES: 5
** Event #1417984   t=4653.033716446506   Elapsed: 4652.98s (1h 17m)  73% completed  (73% total)
     Speed:     ev/sec=318.879   simsec/sec=1.01026   ev/simsec=315.639
     Messages:  created: 177659   present: 9   in FES: 5
** Event #1418752   t=4655.162295993218   Elapsed: 4655.11s (1h 17m)  73% completed  (73% total)
     Speed:     ev/sec=361.817   simsec/sec=1.00281   ev/simsec=360.804
     Messages:  created: 177755   present: 9   in FES: 5
** Event #1419776   t=4657.841972205384   Elapsed: 4657.8s (1h 17m)  73% completed  (73% total)
     Speed:     ev/sec=379.638   simsec/sec=0.993464   ev/simsec=382.136
     Messages:  created: 177883   present: 9   in FES: 5
** Event #1420544   t=4660.146185944585   Elapsed: 4660.09s (1h 17m)  73% completed  (73% total)
     Speed:     ev/sec=336.004   simsec/sec=1.00811   ev/simsec=333.302
     Messages:  created: 177980   present: 11   in FES: 7
** Event #1421824   t=4662.638139550103   Elapsed: 4662.61s (1h 17m)  74% completed  (74% total)
     Speed:     ev/sec=508.56   simsec/sec=0.990085   ev/simsec=513.653
     Messages:  created: 178139   present: 9   in FES: 5
** Event #1422592   t=4664.884611206736   Elapsed: 4664.83s (1h 17m)  74% completed  (74% total)
     Speed:     ev/sec=345.051   simsec/sec=1.0093   ev/simsec=341.869
     Messages:  created: 178235   present: 9   in FES: 5
** Event #1423872   t=4667.31855399427   Elapsed: 4667.26s (1h 17m)  74% completed  (74% total)
     Speed:     ev/sec=526.569   simsec/sec=1.00128   ev/simsec=525.896
     Messages:  created: 178395   present: 9   in FES: 5
** Event #1424896   t=4669.642488777187   Elapsed: 4669.59s (1h 17m)  74% completed  (74% total)
     Speed:     ev/sec=440.791   simsec/sec=1.00036   ev/simsec=440.632
     Messages:  created: 178523   present: 9   in FES: 5
** Event #1425920   t=4672.613657404618   Elapsed: 4672.56s (1h 17m)  74% completed  (74% total)
     Speed:     ev/sec=344.679   simsec/sec=1.0001   ev/simsec=344.646
     Messages:  created: 178652   present: 12   in FES: 7
** Event #1426688   t=4675.023665035133   Elapsed: 4674.97s (1h 17m)  74% completed  (74% total)
     Speed:     ev/sec=318.492   simsec/sec=0.999436   ev/simsec=318.671
     Messages:  created: 178747   present: 9   in FES: 5
** Event #1427456   t=4677.301824023352   Elapsed: 4677.25s (1h 17m)  74% completed  (74% total)
     Speed:     ev/sec=337.315   simsec/sec=1.0006   ev/simsec=337.114
     Messages:  created: 178844   present: 11   in FES: 7
** Event #1428736   t=4679.574089713267   Elapsed: 4679.52s (1h 17m)  74% completed  (74% total)
     Speed:     ev/sec=563.315   simsec/sec=1   ev/simsec=563.314
     Messages:  created: 179004   present: 12   in FES: 7
t=4680.834997 executing setDimmer(0.75)
** Event #1430016   t=4682.003069262741   Elapsed: 4681.95s (1h 18m)  74% completed  (74% total)
     Speed:     ev/sec=526.97   simsec/sec=0.999999   ev/simsec=526.97
     Messages:  created: 179163   present: 10   in FES: 6
** Event #1431296   t=4684.42925470659   Elapsed: 4684.37s (1h 18m)  74% completed  (74% total)
     Speed:     ev/sec=527.577   simsec/sec=1   ev/simsec=527.577
     Messages:  created: 179322   present: 9   in FES: 5
** Event #1432576   t=4686.892053109913   Elapsed: 4686.84s (1h 18m)  74% completed  (74% total)
     Speed:     ev/sec=519.734   simsec/sec=1   ev/simsec=519.734
     Messages:  created: 179482   present: 9   in FES: 5
** Event #1433600   t=4689.545166012029   Elapsed: 4689.49s (1h 18m)  74% completed  (74% total)
     Speed:     ev/sec=385.961   simsec/sec=0.999999   ev/simsec=385.962
     Messages:  created: 179612   present: 13   in FES: 7
** Event #1434624   t=4692.216561582048   Elapsed: 4692.16s (1h 18m)  74% completed  (74% total)
     Speed:     ev/sec=382.73   simsec/sec=0.998461   ev/simsec=383.32
     Messages:  created: 179739   present: 11   in FES: 6
** Event #1435904   t=4694.674696990489   Elapsed: 4694.62s (1h 18m)  74% completed  (74% total)
     Speed:     ev/sec=521.593   simsec/sec=1.00168   ev/simsec=520.72
     Messages:  created: 179899   present: 10   in FES: 6
** Event #1436928   t=4697.69835991125   Elapsed: 4697.64s (1h 18m)  74% completed  (74% total)
     Speed:     ev/sec=338.662   simsec/sec=1   ev/simsec=338.662
     Messages:  created: 180027   present: 10   in FES: 6
** Event #1437696   t=4699.723171139368   Elapsed: 4699.67s (1h 18m)  74% completed  (74% total)
     Speed:     ev/sec=379.295   simsec/sec=1   ev/simsec=379.295
     Messages:  created: 180128   present: 23   in FES: 8
** Event #1438464   t=4702.048743088369   Elapsed: 4702s (1h 18m)  74% completed  (74% total)
     Speed:     ev/sec=329.609   simsec/sec=0.998084   ev/simsec=330.241
     Messages:  created: 180219   present: 11   in FES: 7
** Event #1439488   t=4705.314851181602   Elapsed: 4705.26s (1h 18m)  74% completed  (74% total)
     Speed:     ev/sec=313.952   simsec/sec=1.00137   ev/simsec=313.523
     Messages:  created: 180347   present: 10   in FES: 6
** Event #1440256   t=4707.682274695847   Elapsed: 4707.63s (1h 18m)  74% completed  (74% total)
     Speed:     ev/sec=324.403   simsec/sec=0.999999   ev/simsec=324.403
     Messages:  created: 180443   present: 10   in FES: 6
** Event #1441024   t=4710.009749436266   Elapsed: 4709.95s (1h 18m)  74% completed  (74% total)
     Speed:     ev/sec=329.972   simsec/sec=1   ev/simsec=329.971
     Messages:  created: 180538   present: 9   in FES: 5
** Event #1441792   t=4712.588942527522   Elapsed: 4712.53s (1h 18m)  74% completed  (74% total)
     Speed:     ev/sec=297.767   simsec/sec=0.999999   ev/simsec=297.768
     Messages:  created: 180634   present: 9   in FES: 5
** Event #1442560   t=4714.642148022105   Elapsed: 4714.59s (1h 18m)  74% completed  (74% total)
     Speed:     ev/sec=373.161   simsec/sec=0.997626   ev/simsec=374.049
     Messages:  created: 180731   present: 11   in FES: 6
** Event #1443328   t=4716.821684270424   Elapsed: 4716.77s (1h 18m)  74% completed  (74% total)
     Speed:     ev/sec=353.083   simsec/sec=1.00203   ev/simsec=352.369
     Messages:  created: 180827   present: 11   in FES: 7
** Event #1444096   t=4719.477551245657   Elapsed: 4719.42s (1h 18m)  74% completed  (74% total)
     Speed:     ev/sec=289.222   simsec/sec=1.00018   ev/simsec=289.171
     Messages:  created: 180923   present: 10   in FES: 6
** Event #1445120   t=4721.947335554791   Elapsed: 4721.89s (1h 18m)  74% completed  (74% total)
     Speed:     ev/sec=414.612   simsec/sec=1   ev/simsec=414.611
     Messages:  created: 181051   present: 10   in FES: 6
** Event #1446144   t=4724.268137269108   Elapsed: 4724.21s (1h 18m)  74% completed  (74% total)
     Speed:     ev/sec=441.227   simsec/sec=0.999999   ev/simsec=441.227
     Messages:  created: 181181   present: 17   in FES: 7
** Event #1447168   t=4726.761560050273   Elapsed: 4726.7s (1h 18m)  75% completed  (75% total)
     Speed:     ev/sec=410.681   simsec/sec=1   ev/simsec=410.68
     Messages:  created: 181306   present: 9   in FES: 5
** Event #1447424   t=4728.814787337573   Elapsed: 4728.76s (1h 18m)  75% completed  (75% total)
     Speed:     ev/sec=124.682   simsec/sec=1   ev/simsec=124.682
     Messages:  created: 181341   present: 15   in FES: 8
** Event #1449216   t=4730.813803573316   Elapsed: 4730.76s (1h 18m)  75% completed  (75% total)
     Speed:     ev/sec=893.493   simsec/sec=0.996712   ev/simsec=896.441
     Messages:  created: 181602   present: 115   in FES: 7
** Event #1450496   t=4732.849887856433   Elapsed: 4732.79s (1h 18m)  75% completed  (75% total)
     Speed:     ev/sec=630.711   simsec/sec=1.00327   ev/simsec=628.658
     Messages:  created: 181742   present: 62   in FES: 8
** Event #1451520   t=4735.787755257911   Elapsed: 4735.77s (1h 18m)  75% completed  (75% total)
     Speed:     ev/sec=344.323   simsec/sec=0.987866   ev/simsec=348.552
     Messages:  created: 181851   present: 11   in FES: 7
** Event #1452544   t=4738.778276165317   Elapsed: 4738.72s (1h 18m)  75% completed  (75% total)
     Speed:     ev/sec=346.594   simsec/sec=1.0122   ev/simsec=342.415
     Messages:  created: 181978   present: 9   in FES: 5
t=4740.834995 executing setDimmer(1)
** Event #1453312   t=4741.146884115146   Elapsed: 4741.09s (1h 19m)  75% completed  (75% total)
     Speed:     ev/sec=324.241   simsec/sec=1   ev/simsec=324.241
     Messages:  created: 182074   present: 9   in FES: 5
** Event #1453824   t=4743.262411579692   Elapsed: 4743.21s (1h 19m)  75% completed  (75% total)
     Speed:     ev/sec=242.02   simsec/sec=0.999999   ev/simsec=242.02
     Messages:  created: 182138   present: 10   in FES: 6
** Event #1454592   t=4745.853520346394   Elapsed: 4745.8s (1h 19m)  75% completed  (75% total)
     Speed:     ev/sec=296.399   simsec/sec=1   ev/simsec=296.398
     Messages:  created: 182234   present: 11   in FES: 7
** Event #1455616   t=4748.067900778161   Elapsed: 4748.01s (1h 19m)  75% completed  (75% total)
     Speed:     ev/sec=462.188   simsec/sec=0.999472   ev/simsec=462.432
     Messages:  created: 182369   present: 29   in FES: 7
** Event #1457152   t=4750.528957641911   Elapsed: 4750.47s (1h 19m)  75% completed  (75% total)
     Speed:     ev/sec=624.419   simsec/sec=1.00048   ev/simsec=624.122
     Messages:  created: 182569   present: 51   in FES: 8
** Event #1458176   t=4752.563154834636   Elapsed: 4752.51s (1h 19m)  75% completed  (75% total)
     Speed:     ev/sec=502.834   simsec/sec=0.99889   ev/simsec=503.393
     Messages:  created: 182689   present: 29   in FES: 7
** Event #1459456   t=4754.602262801876   Elapsed: 4754.55s (1h 19m)  75% completed  (75% total)
     Speed:     ev/sec=628.422   simsec/sec=1.00111   ev/simsec=627.725
     Messages:  created: 182866   present: 75   in FES: 8
** Event #1460736   t=4757.05594525266   Elapsed: 4757s (1h 19m)  75% completed  (75% total)
     Speed:     ev/sec=521.665   simsec/sec=0.999999   ev/simsec=521.665
     Messages:  created: 183008   present: 26   in FES: 6
** Event #1461504   t=4759.634150815168   Elapsed: 4759.58s (1h 19m)  75% completed  (75% total)
     Speed:     ev/sec=297.881   simsec/sec=0.999999   ev/simsec=297.882
     Messages:  created: 183098   present: 10   in FES: 6
** Event #1462272   t=4762.159729924203   Elapsed: 4762.1s (1h 19m)  75% completed  (75% total)
     Speed:     ev/sec=304.089   simsec/sec=1   ev/simsec=304.089
     Messages:  created: 183196   present: 15   in FES: 8
** Event #1463552   t=4764.394093771104   Elapsed: 4764.34s (1h 19m)  75% completed  (75% total)
     Speed:     ev/sec=572.87   simsec/sec=1   ev/simsec=572.87
     Messages:  created: 183357   present: 18   in FES: 7
** Event #1464320   t=4766.676274955889   Elapsed: 4766.62s (1h 19m)  75% completed  (75% total)
     Speed:     ev/sec=336.52   simsec/sec=1   ev/simsec=336.52
     Messages:  created: 183450   present: 9   in FES: 5
** Event #1465600   t=4769.242713154325   Elapsed: 4769.19s (1h 19m)  75% completed  (75% total)
     Speed:     ev/sec=498.745   simsec/sec=0.999999   ev/simsec=498.746
     Messages:  created: 183611   present: 12   in FES: 7
** Event #1466624   t=4771.40362429696   Elapsed: 4771.35s (1h 19m)  75% completed  (75% total)
     Speed:     ev/sec=473.875   simsec/sec=1   ev/simsec=473.874
     Messages:  created: 183738   present: 9   in FES: 5
** Event #1467392   t=4773.961416690143   Elapsed: 4773.9s (1h 19m)  75% completed  (75% total)
     Speed:     ev/sec=300.259   simsec/sec=1   ev/simsec=300.259
     Messages:  created: 183834   present: 11   in FES: 6
** Event #1468160   t=4776.523550300104   Elapsed: 4776.47s (1h 19m)  75% completed  (75% total)
     Speed:     ev/sec=299.749   simsec/sec=0.999997   ev/simsec=299.75
     Messages:  created: 183930   present: 9   in FES: 5
** Event #1468928   t=4779.15919541275   Elapsed: 4779.1s (1h 19m)  75% completed  (75% total)
     Speed:     ev/sec=291.39   simsec/sec=1   ev/simsec=291.39
     Messages:  created: 184026   present: 10   in FES: 6
** Event #1469440   t=4781.161550251666   Elapsed: 4781.1s (1h 19m)  75% completed  (75% total)
     Speed:     ev/sec=255.699   simsec/sec=1   ev/simsec=255.699
     Messages:  created: 184090   present: 10   in FES: 6
** Event #1469952   t=4783.304585500993   Elapsed: 4783.25s (1h 19m)  75% completed  (75% total)
     Speed:     ev/sec=238.914   simsec/sec=1   ev/simsec=238.913
     Messages:  created: 184154   present: 11   in FES: 7
** Event #1470464   t=4785.743105354173   Elapsed: 4785.69s (1h 19m)  75% completed  (75% total)
     Speed:     ev/sec=209.963   simsec/sec=0.999999   ev/simsec=209.963
     Messages:  created: 184218   present: 9   in FES: 5
** Event #1471232   t=4788.023529014091   Elapsed: 4787.97s (1h 19m)  76% completed  (76% total)
     Speed:     ev/sec=336.78   simsec/sec=1   ev/simsec=336.78
     Messages:  created: 184317   present: 18   in FES: 8
** Event #1472512   t=4790.198833038279   Elapsed: 4790.14s (1h 19m)  76% completed  (76% total)
     Speed:     ev/sec=588.423   simsec/sec=0.999999   ev/simsec=588.423
     Messages:  created: 184478   present: 20   in FES: 8
** Event #1473792   t=4792.672508332872   Elapsed: 4792.62s (1h 19m)  76% completed  (76% total)
     Speed:     ev/sec=517.449   simsec/sec=1   ev/simsec=517.449
     Messages:  created: 184635   present: 12   in FES: 7
** Event #1474816   t=4795.211522218041   Elapsed: 4795.15s (1h 19m)  76% completed  (76% total)
     Speed:     ev/sec=403.306   simsec/sec=1   ev/simsec=403.306
     Messages:  created: 184762   present: 11   in FES: 7
** Event #1475584   t=4797.570108282468   Elapsed: 4797.51s (1h 19m)  76% completed  (76% total)
     Speed:     ev/sec=325.619   simsec/sec=1   ev/simsec=325.619
     Messages:  created: 184858   present: 9   in FES: 5
** Event #1476608   t=4799.788591539804   Elapsed: 4799.74s (1h 19m)  76% completed  (76% total)
     Speed:     ev/sec=460.359   simsec/sec=0.997362   ev/simsec=461.577
     Messages:  created: 184987   present: 13   in FES: 6
t=4800.834981 executing removeServer()
scheduled complete remove at 4800.844993644233
** Event #1477632   t=4802.069855892207   Elapsed: 4802.01s (1h 20m)  76% completed  (76% total)
     Speed:     ev/sec=450.03   simsec/sec=1.00258   ev/simsec=448.874
     Messages:  created: 185138   present: 69   in FES: 7
** Event #1478912   t=4804.594148531493   Elapsed: 4804.56s (1h 20m)  76% completed  (76% total)
     Speed:     ev/sec=502.674   simsec/sec=0.991325   ev/simsec=507.073
     Messages:  created: 185341   present: 185   in FES: 6
** Event #1479936   t=4807.015498320413   Elapsed: 4806.97s (1h 20m)  76% completed  (76% total)
     Speed:     ev/sec=425.133   simsec/sec=1.00527   ev/simsec=422.905
     Messages:  created: 185477   present: 205   in FES: 6
** Event #1480960   t=4809.203269070655   Elapsed: 4809.15s (1h 20m)  76% completed  (76% total)
     Speed:     ev/sec=470.076   simsec/sec=1.00432   ev/simsec=468.056
     Messages:  created: 185622   present: 241   in FES: 8
** Event #1481984   t=4811.886132856177   Elapsed: 4811.83s (1h 20m)  76% completed  (76% total)
     Speed:     ev/sec=381.682   simsec/sec=1   ev/simsec=381.682
     Messages:  created: 185736   present: 213   in FES: 7
** Event #1483008   t=4814.107032097754   Elapsed: 4814.05s (1h 20m)  76% completed  (76% total)
     Speed:     ev/sec=461.075   simsec/sec=1   ev/simsec=461.074
     Messages:  created: 185877   present: 239   in FES: 8
** Event #1484032   t=4816.320544235801   Elapsed: 4816.26s (1h 20m)  76% completed  (76% total)
     Speed:     ev/sec=462.613   simsec/sec=1   ev/simsec=462.613
     Messages:  created: 186027   present: 282   in FES: 7
** Event #1485056   t=4818.602802043715   Elapsed: 4818.55s (1h 20m)  76% completed  (76% total)
     Speed:     ev/sec=448.679   simsec/sec=1   ev/simsec=448.678
     Messages:  created: 186157   present: 286   in FES: 7
** Event #1486336   t=4821.125507433726   Elapsed: 4821.07s (1h 20m)  76% completed  (76% total)
     Speed:     ev/sec=507.392   simsec/sec=1   ev/simsec=507.392
     Messages:  created: 186347   present: 346   in FES: 7
** Event #1487360   t=4823.214720102571   Elapsed: 4823.16s (1h 20m)  76% completed  (76% total)
     Speed:     ev/sec=490.136   simsec/sec=0.999998   ev/simsec=490.137
     Messages:  created: 186488   present: 372   in FES: 7
** Event #1488640   t=4825.45183065789   Elapsed: 4825.4s (1h 20m)  76% completed  (76% total)
     Speed:     ev/sec=572.168   simsec/sec=1   ev/simsec=572.167
     Messages:  created: 186692   present: 461   in FES: 8
** Event #1489664   t=4827.753447759223   Elapsed: 4827.7s (1h 20m)  76% completed  (76% total)
     Speed:     ev/sec=444.904   simsec/sec=0.999999   ev/simsec=444.905
     Messages:  created: 186817   present: 455   in FES: 8
** Event #1490688   t=4829.936643409425   Elapsed: 4829.88s (1h 20m)  76% completed  (76% total)
     Speed:     ev/sec=469.039   simsec/sec=1   ev/simsec=469.037
     Messages:  created: 186962   present: 489   in FES: 8
** Event #1491712   t=4831.954061334092   Elapsed: 4831.9s (1h 20m)  76% completed  (76% total)
     Speed:     ev/sec=507.577   simsec/sec=0.999996   ev/simsec=507.58
     Messages:  created: 187114   present: 536   in FES: 7
** Event #1492736   t=4834.007052254695   Elapsed: 4833.95s (1h 20m)  76% completed  (76% total)
     Speed:     ev/sec=498.784   simsec/sec=0.999999   ev/simsec=498.784
     Messages:  created: 187255   present: 563   in FES: 8
** Event #1493504   t=4836.259424453626   Elapsed: 4836.2s (1h 20m)  76% completed  (76% total)
     Speed:     ev/sec=340.974   simsec/sec=1   ev/simsec=340.974
     Messages:  created: 187329   present: 519   in FES: 8
** Event #1494272   t=4838.713785261445   Elapsed: 4838.66s (1h 20m)  76% completed  (76% total)
     Speed:     ev/sec=312.913   simsec/sec=1   ev/simsec=312.912
     Messages:  created: 187402   present: 472   in FES: 7
** Event #1495296   t=4841.112951825973   Elapsed: 4841.06s (1h 20m)  76% completed  (76% total)
     Speed:     ev/sec=426.815   simsec/sec=0.999999   ev/simsec=426.815
     Messages:  created: 187529   present: 471   in FES: 8
** Event #1496320   t=4843.703619358867   Elapsed: 4843.65s (1h 20m)  76% completed  (76% total)
     Speed:     ev/sec=395.265   simsec/sec=1   ev/simsec=395.265
     Messages:  created: 187648   present: 452   in FES: 7
** Event #1497344   t=4846.186430919548   Elapsed: 4846.13s (1h 20m)  76% completed  (76% total)
     Speed:     ev/sec=412.436   simsec/sec=1   ev/simsec=412.436
     Messages:  created: 187779   present: 458   in FES: 7
** Event #1498368   t=4848.54218973515   Elapsed: 4848.49s (1h 20m)  76% completed  (76% total)
     Speed:     ev/sec=434.68   simsec/sec=1   ev/simsec=434.679
     Messages:  created: 187925   present: 494   in FES: 7
** Event #1499392   t=4850.570983140234   Elapsed: 4850.51s (1h 20m)  76% completed  (76% total)
     Speed:     ev/sec=504.733   simsec/sec=1   ev/simsec=504.734
     Messages:  created: 188070   present: 528   in FES: 7
** Event #1500416   t=4852.711318676159   Elapsed: 4852.65s (1h 20m)  77% completed  (77% total)
     Speed:     ev/sec=478.43   simsec/sec=1   ev/simsec=478.43
     Messages:  created: 188220   present: 572   in FES: 7
** Event #1501696   t=4854.801299288295   Elapsed: 4854.74s (1h 20m)  77% completed  (77% total)
     Speed:     ev/sec=612.445   simsec/sec=0.999999   ev/simsec=612.446
     Messages:  created: 188428   present: 669   in FES: 8
** Event #1502720   t=4857.262910462084   Elapsed: 4857.21s (1h 20m)  77% completed  (77% total)
     Speed:     ev/sec=415.988   simsec/sec=1   ev/simsec=415.988
     Messages:  created: 188548   present: 652   in FES: 7
** Event #1503488   t=4859.387003765537   Elapsed: 4859.33s (1h 20m)  77% completed  (77% total)
     Speed:     ev/sec=361.566   simsec/sec=1   ev/simsec=361.566
     Messages:  created: 188633   present: 630   in FES: 7
t=4860.834997 executing addServer()
adding server with latency=60
** Event #1504256   t=4861.492383651823   Elapsed: 4861.47s (1h 21m)  77% completed  (77% total)
     Speed:     ev/sec=358.832   simsec/sec=0.983695   ev/simsec=364.78
     Messages:  created: 188716   present: 604   in FES: 7
** Event #1505024   t=4863.706723083016   Elapsed: 4863.68s (1h 21m)  77% completed  (77% total)
     Speed:     ev/sec=347.646   simsec/sec=1.00235   ev/simsec=346.83
     Messages:  created: 188794   present: 568   in FES: 7
** Event #1506048   t=4865.941341917898   Elapsed: 4865.89s (1h 21m)  77% completed  (77% total)
     Speed:     ev/sec=463.809   simsec/sec=1.01214   ev/simsec=458.244
     Messages:  created: 188931   present: 586   in FES: 7
** Event #1507072   t=4868.431825679261   Elapsed: 4868.38s (1h 21m)  77% completed  (77% total)
     Speed:     ev/sec=410.79   simsec/sec=0.999088   ev/simsec=411.165
     Messages:  created: 189046   present: 560   in FES: 7
** Event #1507840   t=4870.408344261798   Elapsed: 4870.38s (1h 21m)  77% completed  (77% total)
     Speed:     ev/sec=383.927   simsec/sec=0.988071   ev/simsec=388.562
     Messages:  created: 189142   present: 560   in FES: 7
** Event #1508608   t=4872.640886908726   Elapsed: 4872.58s (1h 21m)  77% completed  (77% total)
     Speed:     ev/sec=348.436   simsec/sec=1.01289   ev/simsec=344.002
     Messages:  created: 189225   present: 534   in FES: 7
** Event #1509632   t=4875.270619742817   Elapsed: 4875.24s (1h 21m)  77% completed  (77% total)
     Speed:     ev/sec=384.992   simsec/sec=0.988697   ev/simsec=389.393
     Messages:  created: 189330   present: 488   in FES: 7
** Event #1510912   t=4877.67724214121   Elapsed: 4877.62s (1h 21m)  77% completed  (77% total)
     Speed:     ev/sec=537.977   simsec/sec=1.01149   ev/simsec=531.866
     Messages:  created: 189537   present: 582   in FES: 7
** Event #1512192   t=4880.069229349936   Elapsed: 4880.02s (1h 21m)  77% completed  (77% total)
     Speed:     ev/sec=533.913   simsec/sec=0.997744   ev/simsec=535.12
     Messages:  created: 189724   present: 636   in FES: 7
** Event #1513216   t=4882.347727331345   Elapsed: 4882.29s (1h 21m)  77% completed  (77% total)
     Speed:     ev/sec=450.845   simsec/sec=1.00317   ev/simsec=449.419
     Messages:  created: 189865   present: 662   in FES: 7
** Event #1513984   t=4884.387174713978   Elapsed: 4884.34s (1h 21m)  77% completed  (77% total)
     Speed:     ev/sec=374.643   simsec/sec=0.994877   ev/simsec=376.573
     Messages:  created: 189953   present: 646   in FES: 7
** Event #1515008   t=4886.435890630637   Elapsed: 4886.39s (1h 21m)  77% completed  (77% total)
     Speed:     ev/sec=499.603   simsec/sec=0.999555   ev/simsec=499.825
     Messages:  created: 190110   present: 704   in FES: 7
** Event #1515776   t=4888.514427814785   Elapsed: 4888.49s (1h 21m)  77% completed  (77% total)
     Speed:     ev/sec=365.913   simsec/sec=0.990317   ev/simsec=369.491
     Messages:  created: 190187   present: 666   in FES: 7
** Event #1516544   t=4890.704780733581   Elapsed: 4890.65s (1h 21m)  77% completed  (77% total)
     Speed:     ev/sec=355.74   simsec/sec=1.01458   ev/simsec=350.628
     Messages:  created: 190260   present: 620   in FES: 7
** Event #1517568   t=4893.419215914808   Elapsed: 4893.37s (1h 21m)  77% completed  (77% total)
     Speed:     ev/sec=377.128   simsec/sec=0.999696   ev/simsec=377.242
     Messages:  created: 190366   present: 576   in FES: 7
** Event #1518336   t=4895.69280590448   Elapsed: 4895.64s (1h 21m)  77% completed  (77% total)
     Speed:     ev/sec=337.885   simsec/sec=1.00028   ev/simsec=337.792
     Messages:  created: 190426   present: 504   in FES: 7
** Event #1519360   t=4897.923966406414   Elapsed: 4897.87s (1h 21m)  77% completed  (77% total)
     Speed:     ev/sec=458.599   simsec/sec=0.999226   ev/simsec=458.954
     Messages:  created: 190566   present: 528   in FES: 7
** Event #1520128   t=4900.076639770282   Elapsed: 4900.03s (1h 21m)  77% completed  (77% total)
     Speed:     ev/sec=356.492   simsec/sec=0.999233   ev/simsec=356.766
     Messages:  created: 190653   present: 510   in FES: 7
** Event #1520896   t=4902.309406197997   Elapsed: 4902.26s (1h 21m)  77% completed  (77% total)
     Speed:     ev/sec=343.608   simsec/sec=0.998955   ev/simsec=343.968
     Messages:  created: 190723   present: 458   in FES: 7
** Event #1521920   t=4904.772721073299   Elapsed: 4904.72s (1h 21m)  77% completed  (77% total)
     Speed:     ev/sec=415.797   simsec/sec=1.00023   ev/simsec=415.7
     Messages:  created: 190858   present: 472   in FES: 7
** Event #1522944   t=4907.206503395601   Elapsed: 4907.17s (1h 21m)  77% completed  (77% total)
     Speed:     ev/sec=419.107   simsec/sec=0.996107   ev/simsec=420.744
     Messages:  created: 190989   present: 478   in FES: 7
** Event #1523968   t=4909.725827497352   Elapsed: 4909.69s (1h 21m)  77% completed  (77% total)
     Speed:     ev/sec=406.057   simsec/sec=0.999012   ev/simsec=406.458
     Messages:  created: 191112   present: 468   in FES: 7
** Event #1524992   t=4911.947899591724   Elapsed: 4911.91s (1h 21m)  77% completed  (77% total)
     Speed:     ev/sec=461.045   simsec/sec=1.00046   ev/simsec=460.831
     Messages:  created: 191237   present: 462   in FES: 7
** Event #1526016   t=4914.51398824045   Elapsed: 4914.46s (1h 21m)  78% completed  (78% total)
     Speed:     ev/sec=401.501   simsec/sec=1.00614   ev/simsec=399.051
     Messages:  created: 191365   present: 462   in FES: 7
** Event #1527040   t=4916.593579728561   Elapsed: 4916.54s (1h 21m)  78% completed  (78% total)
     Speed:     ev/sec=492.252   simsec/sec=0.99969   ev/simsec=492.404
     Messages:  created: 191513   present: 502   in FES: 7
** Event #1527808   t=4918.714676155609   Elapsed: 4918.66s (1h 21m)  78% completed  (78% total)
     Speed:     ev/sec=361.894   simsec/sec=0.999496   ev/simsec=362.077
     Messages:  created: 191573   present: 430   in FES: 7
t=4920.834992 executing setDimmer(0.75)
t=4920.834997 addServer() complete
** Event #1528832   t=4920.991688048471   Elapsed: 4920.94s (1h 22m)  78% completed  (78% total)
     Speed:     ev/sec=450.363   simsec/sec=1.00145   ev/simsec=449.712
     Messages:  created: 191725   present: 479   in FES: 7
** Event #1530112   t=4923.219372333902   Elapsed: 4923.16s (1h 22m)  78% completed  (78% total)
     Speed:     ev/sec=574.504   simsec/sec=0.999855   ev/simsec=574.588
     Messages:  created: 191846   present: 401   in FES: 7
** Event #1531392   t=4925.615985717721   Elapsed: 4925.57s (1h 22m)  78% completed  (78% total)
     Speed:     ev/sec=531.953   simsec/sec=0.996005   ev/simsec=534.087
     Messages:  created: 191962   present: 313   in FES: 7
** Event #1532672   t=4927.859859961498   Elapsed: 4927.8s (1h 22m)  78% completed  (78% total)
     Speed:     ev/sec=573.208   simsec/sec=1.00485   ev/simsec=570.442
     Messages:  created: 192084   present: 237   in FES: 8
** Event #1533952   t=4929.981479774916   Elapsed: 4929.93s (1h 22m)  78% completed  (78% total)
     Speed:     ev/sec=603.01   simsec/sec=0.999498   ev/simsec=603.313
     Messages:  created: 192215   present: 169   in FES: 7
** Event #1535232   t=4932.49661369155   Elapsed: 4932.44s (1h 22m)  78% completed  (78% total)
     Speed:     ev/sec=509.134   simsec/sec=1.00042   ev/simsec=508.919
     Messages:  created: 192331   present: 52   in FES: 7
** Event #1536256   t=4934.706857493542   Elapsed: 4934.65s (1h 22m)  78% completed  (78% total)
     Speed:     ev/sec=463.298   simsec/sec=1   ev/simsec=463.297
     Messages:  created: 192444   present: 12   in FES: 6
** Event #1537280   t=4937.452938827474   Elapsed: 4937.4s (1h 22m)  78% completed  (78% total)
     Speed:     ev/sec=372.895   simsec/sec=0.999999   ev/simsec=372.895
     Messages:  created: 192572   present: 11   in FES: 7
** Event #1538304   t=4939.893417631467   Elapsed: 4939.84s (1h 22m)  78% completed  (78% total)
     Speed:     ev/sec=419.59   simsec/sec=1   ev/simsec=419.59
     Messages:  created: 192700   present: 11   in FES: 7
** Event #1539328   t=4942.513706480046   Elapsed: 4942.46s (1h 22m)  78% completed  (78% total)
     Speed:     ev/sec=390.797   simsec/sec=1   ev/simsec=390.797
     Messages:  created: 192829   present: 13   in FES: 8
** Event #1540096   t=4944.693341079528   Elapsed: 4944.64s (1h 22m)  78% completed  (78% total)
     Speed:     ev/sec=352.352   simsec/sec=0.999999   ev/simsec=352.353
     Messages:  created: 192924   present: 11   in FES: 7
** Event #1540608   t=4946.678418130241   Elapsed: 4946.66s (1h 22m)  78% completed  (78% total)
     Speed:     ev/sec=253.305   simsec/sec=0.982092   ev/simsec=257.924
     Messages:  created: 192987   present: 9   in FES: 5
** Event #1541376   t=4949.234359579044   Elapsed: 4949.18s (1h 22m)  78% completed  (78% total)
     Speed:     ev/sec=304.793   simsec/sec=1.01437   ev/simsec=300.476
     Messages:  created: 193085   present: 14   in FES: 7
** Event #1542400   t=4952.113098550204   Elapsed: 4952.06s (1h 22m)  78% completed  (78% total)
     Speed:     ev/sec=355.711   simsec/sec=1   ev/simsec=355.711
     Messages:  created: 193212   present: 12   in FES: 7
** Event #1543168   t=4954.427397041934   Elapsed: 4954.39s (1h 22m)  78% completed  (78% total)
     Speed:     ev/sec=328.518   simsec/sec=0.989958   ev/simsec=331.85
     Messages:  created: 193307   present: 9   in FES: 5
** Event #1543936   t=4956.789008701802   Elapsed: 4956.73s (1h 22m)  78% completed  (78% total)
     Speed:     ev/sec=328.284   simsec/sec=1.00948   ev/simsec=325.202
     Messages:  created: 193403   present: 9   in FES: 5
** Event #1544704   t=4958.924052461648   Elapsed: 4958.87s (1h 22m)  78% completed  (78% total)
     Speed:     ev/sec=359.931   simsec/sec=1.00061   ev/simsec=359.712
     Messages:  created: 193500   present: 12   in FES: 7
** Event #1545728   t=4961.567903486137   Elapsed: 4961.51s (1h 22m)  78% completed  (78% total)
     Speed:     ev/sec=387.069   simsec/sec=0.999368   ev/simsec=387.314
     Messages:  created: 193627   present: 9   in FES: 5
** Event #1546496   t=4963.758186369673   Elapsed: 4963.74s (1h 22m)  78% completed  (78% total)
     Speed:     ev/sec=345.608   simsec/sec=0.98565   ev/simsec=350.64
     Messages:  created: 193723   present: 9   in FES: 5
** Event #1547264   t=4966.195503894112   Elapsed: 4966.14s (1h 22m)  78% completed  (78% total)
     Speed:     ev/sec=319.5   simsec/sec=1.01396   ev/simsec=315.101
     Messages:  created: 193821   present: 13   in FES: 7
** Event #1548288   t=4968.47904397916   Elapsed: 4968.43s (1h 22m)  78% completed  (78% total)
     Speed:     ev/sec=447.54   simsec/sec=0.998024   ev/simsec=448.427
     Messages:  created: 193947   present: 9   in FES: 5
** Event #1549056   t=4971.461184975747   Elapsed: 4971.4s (1h 22m)  78% completed  (78% total)
     Speed:     ev/sec=257.924   simsec/sec=1.00152   ev/simsec=257.533
     Messages:  created: 194044   present: 12   in FES: 8
** Event #1549824   t=4973.99397230905   Elapsed: 4973.94s (1h 22m)  78% completed  (78% total)
     Speed:     ev/sec=303.223   simsec/sec=1   ev/simsec=303.223
     Messages:  created: 194140   present: 11   in FES: 7
** Event #1550336   t=4976.652653160679   Elapsed: 4976.63s (1h 22m)  78% completed  (78% total)
     Speed:     ev/sec=190.269   simsec/sec=0.988019   ev/simsec=192.577
     Messages:  created: 194203   present: 9   in FES: 5
** Event #1550848   t=4978.771633068377   Elapsed: 4978.73s (1h 22m)  79% completed  (79% total)
     Speed:     ev/sec=243.824   simsec/sec=1.0091   ev/simsec=241.626
     Messages:  created: 194267   present: 9   in FES: 5
t=4980.834999 executing setDimmer(0.5)
** Event #1551616   t=4980.837422671097   Elapsed: 4980.78s (1h 23m)  79% completed  (79% total)
     Speed:     ev/sec=374.149   simsec/sec=1.0064   ev/simsec=371.771
     Messages:  created: 194363   present: 10   in FES: 6
** Event #1552384   t=4983.127267037066   Elapsed: 4983.09s (1h 23m)  79% completed  (79% total)
     Speed:     ev/sec=332.382   simsec/sec=0.99102   ev/simsec=335.394
     Messages:  created: 194459   present: 11   in FES: 6
** Event #1553152   t=4985.379702579257   Elapsed: 4985.32s (1h 23m)  79% completed  (79% total)
     Speed:     ev/sec=343.949   simsec/sec=1.00875   ev/simsec=340.964
     Messages:  created: 194555   present: 11   in FES: 7
** Event #1553920   t=4987.996855486508   Elapsed: 4987.94s (1h 23m)  79% completed  (79% total)
     Speed:     ev/sec=293.583   simsec/sec=1.00046   ev/simsec=293.449
     Messages:  created: 194651   present: 10   in FES: 6
** Event #1554688   t=4990.029394549548   Elapsed: 4989.97s (1h 23m)  79% completed  (79% total)
     Speed:     ev/sec=377.853   simsec/sec=1   ev/simsec=377.853
     Messages:  created: 194747   present: 10   in FES: 6
** Event #1555712   t=4992.20693224849   Elapsed: 4992.15s (1h 23m)  79% completed  (79% total)
     Speed:     ev/sec=470.256   simsec/sec=1   ev/simsec=470.256
     Messages:  created: 194875   present: 10   in FES: 6
** Event #1556480   t=4994.464985996886   Elapsed: 4994.41s (1h 23m)  79% completed  (79% total)
     Speed:     ev/sec=340.116   simsec/sec=1   ev/simsec=340.116
     Messages:  created: 194970   present: 9   in FES: 5
** Event #1557248   t=4996.741054797637   Elapsed: 4996.68s (1h 23m)  79% completed  (79% total)
     Speed:     ev/sec=337.424   simsec/sec=1   ev/simsec=337.424
     Messages:  created: 195067   present: 10   in FES: 6
** Event #1558272   t=4999.377954182506   Elapsed: 4999.32s (1h 23m)  79% completed  (79% total)
     Speed:     ev/sec=388.309   simsec/sec=0.999934   ev/simsec=388.335
     Messages:  created: 195195   present: 11   in FES: 7
** Event #1559040   t=5001.827969908332   Elapsed: 5001.77s (1h 23m)  79% completed  (79% total)
     Speed:     ev/sec=313.489   simsec/sec=1.00007   ev/simsec=313.467
     Messages:  created: 195290   present: 9   in FES: 5
** Event #1560064   t=5003.864635364239   Elapsed: 5003.81s (1h 23m)  79% completed  (79% total)
     Speed:     ev/sec=502.785   simsec/sec=1   ev/simsec=502.783
     Messages:  created: 195419   present: 10   in FES: 6
** Event #1561088   t=5006.071186409546   Elapsed: 5006.01s (1h 23m)  79% completed  (79% total)
     Speed:     ev/sec=464.072   simsec/sec=0.999999   ev/simsec=464.073
     Messages:  created: 195548   present: 13   in FES: 8
** Event #1562112   t=5008.089757136182   Elapsed: 5008.03s (1h 23m)  79% completed  (79% total)
     Speed:     ev/sec=507.29   simsec/sec=1   ev/simsec=507.29
     Messages:  created: 195674   present: 9   in FES: 5
** Event #1563136   t=5010.210578782772   Elapsed: 5010.15s (1h 23m)  79% completed  (79% total)
     Speed:     ev/sec=482.682   simsec/sec=0.999691   ev/simsec=482.832
     Messages:  created: 195803   present: 11   in FES: 6
** Event #1563904   t=5012.878444043204   Elapsed: 5012.82s (1h 23m)  79% completed  (79% total)
     Speed:     ev/sec=287.927   simsec/sec=1.0002   ev/simsec=287.871
     Messages:  created: 195899   present: 11   in FES: 7
** Event #1564928   t=5015.260894268225   Elapsed: 5015.2s (1h 23m)  79% completed  (79% total)
     Speed:     ev/sec=429.841   simsec/sec=1.00007   ev/simsec=429.81
     Messages:  created: 196027   present: 10   in FES: 6
** Event #1566464   t=5017.73151848715   Elapsed: 5017.67s (1h 23m)  79% completed  (79% total)
     Speed:     ev/sec=621.692   simsec/sec=0.999979   ev/simsec=621.705
     Messages:  created: 196218   present: 9   in FES: 5
** Event #1567232   t=5020.485345888862   Elapsed: 5020.43s (1h 23m)  79% completed  (79% total)
     Speed:     ev/sec=278.87   simsec/sec=0.999947   ev/simsec=278.885
     Messages:  created: 196315   present: 11   in FES: 5
** Event #1568000   t=5022.490796220186   Elapsed: 5022.43s (1h 23m)  79% completed  (79% total)
     Speed:     ev/sec=382.986   simsec/sec=1.00008   ev/simsec=382.956
     Messages:  created: 196410   present: 9   in FES: 5
** Event #1568512   t=5025.452015788332   Elapsed: 5025.4s (1h 23m)  79% completed  (79% total)
     Speed:     ev/sec=172.902   simsec/sec=1   ev/simsec=172.902
     Messages:  created: 196474   present: 9   in FES: 5
** Event #1569024   t=5027.487770996197   Elapsed: 5027.43s (1h 23m)  79% completed  (79% total)
     Speed:     ev/sec=251.504   simsec/sec=1   ev/simsec=251.504
     Messages:  created: 196538   present: 9   in FES: 5
** Event #1569792   t=5029.794488372624   Elapsed: 5029.74s (1h 23m)  79% completed  (79% total)
     Speed:     ev/sec=332.786   simsec/sec=0.999536   ev/simsec=332.941
     Messages:  created: 196635   present: 11   in FES: 7
** Event #1570304   t=5032.102544319974   Elapsed: 5032.05s (1h 23m)  79% completed  (79% total)
     Speed:     ev/sec=221.934   simsec/sec=1.00046   ev/simsec=221.832
     Messages:  created: 196699   present: 10   in FES: 6
** Event #1571072   t=5035.211568063521   Elapsed: 5035.15s (1h 23m)  79% completed  (79% total)
     Speed:     ev/sec=247.023   simsec/sec=1   ev/simsec=247.023
     Messages:  created: 196794   present: 9   in FES: 5
** Event #1572096   t=5037.465891477837   Elapsed: 5037.41s (1h 23m)  79% completed  (79% total)
     Speed:     ev/sec=454.246   simsec/sec=1.00002   ev/simsec=454.238
     Messages:  created: 196922   present: 9   in FES: 5
** Event #1572608   t=5039.74664338865   Elapsed: 5039.69s (1h 23m)  79% completed  (79% total)
     Speed:     ev/sec=224.484   simsec/sec=0.999984   ev/simsec=224.487
     Messages:  created: 196986   present: 9   in FES: 5
t=5040.834992 executing setDimmer(0.75)
** Event #1573376   t=5042.078547412242   Elapsed: 5042.02s (1h 24m)  80% completed  (80% total)
     Speed:     ev/sec=329.345   simsec/sec=1   ev/simsec=329.345
     Messages:  created: 197082   present: 11   in FES: 6
** Event #1573888   t=5044.1161295597   Elapsed: 5044.06s (1h 24m)  80% completed  (80% total)
     Speed:     ev/sec=251.278   simsec/sec=1   ev/simsec=251.278
     Messages:  created: 197146   present: 9   in FES: 5
** Event #1575424   t=5046.286575755211   Elapsed: 5046.23s (1h 24m)  80% completed  (80% total)
     Speed:     ev/sec=707.689   simsec/sec=1   ev/simsec=707.689
     Messages:  created: 197343   present: 24   in FES: 7
** Event #1576448   t=5048.945326881424   Elapsed: 5048.89s (1h 24m)  80% completed  (80% total)
     Speed:     ev/sec=385.143   simsec/sec=1   ev/simsec=385.143
     Messages:  created: 197466   present: 10   in FES: 6
** Event #1576960   t=5051.274308268046   Elapsed: 5051.22s (1h 24m)  80% completed  (80% total)
     Speed:     ev/sec=219.839   simsec/sec=1   ev/simsec=219.839
     Messages:  created: 197530   present: 9   in FES: 5
** Event #1577728   t=5053.651784405258   Elapsed: 5053.6s (1h 24m)  80% completed  (80% total)
     Speed:     ev/sec=323.032   simsec/sec=1   ev/simsec=323.032
     Messages:  created: 197627   present: 12   in FES: 8
** Event #1578752   t=5055.89752149711   Elapsed: 5055.84s (1h 24m)  80% completed  (80% total)
     Speed:     ev/sec=455.206   simsec/sec=0.998314   ev/simsec=455.975
     Messages:  created: 197761   present: 29   in FES: 7
** Event #1580288   t=5058.356027160216   Elapsed: 5058.3s (1h 24m)  80% completed  (80% total)
     Speed:     ev/sec=625.735   simsec/sec=1.00155   ev/simsec=624.77
     Messages:  created: 197949   present: 17   in FES: 7
** Event #1581312   t=5060.893602955055   Elapsed: 5060.84s (1h 24m)  80% completed  (80% total)
     Speed:     ev/sec=403.535   simsec/sec=1   ev/simsec=403.535
     Messages:  created: 198074   present: 10   in FES: 6
** Event #1582336   t=5063.135140125402   Elapsed: 5063.08s (1h 24m)  80% completed  (80% total)
     Speed:     ev/sec=456.024   simsec/sec=0.998238   ev/simsec=456.829
     Messages:  created: 198203   present: 13   in FES: 7
** Event #1583360   t=5065.748629118108   Elapsed: 5065.69s (1h 24m)  80% completed  (80% total)
     Speed:     ev/sec=392.181   simsec/sec=1.00094   ev/simsec=391.813
     Messages:  created: 198331   present: 13   in FES: 7
** Event #1584384   t=5067.887911131279   Elapsed: 5067.83s (1h 24m)  80% completed  (80% total)
     Speed:     ev/sec=479.003   simsec/sec=1.00071   ev/simsec=478.665
     Messages:  created: 198459   present: 12   in FES: 8
** Event #1585664   t=5069.991033373168   Elapsed: 5069.93s (1h 24m)  80% completed  (80% total)
     Speed:     ev/sec=608.619   simsec/sec=1   ev/simsec=608.619
     Messages:  created: 198619   present: 13   in FES: 7
** Event #1586944   t=5072.224183502492   Elapsed: 5072.17s (1h 24m)  80% completed  (80% total)
     Speed:     ev/sec=573.181   simsec/sec=0.999999   ev/simsec=573.181
     Messages:  created: 198778   present: 10   in FES: 6
** Event #1587712   t=5074.249841768521   Elapsed: 5074.19s (1h 24m)  80% completed  (80% total)
     Speed:     ev/sec=379.137   simsec/sec=1   ev/simsec=379.136
     Messages:  created: 198874   present: 11   in FES: 6
** Event #1588224   t=5077.258924154572   Elapsed: 5077.2s (1h 24m)  80% completed  (80% total)
     Speed:     ev/sec=170.151   simsec/sec=0.999999   ev/simsec=170.152
     Messages:  created: 198945   present: 28   in FES: 8
** Event #1589760   t=5079.405610452694   Elapsed: 5079.35s (1h 24m)  80% completed  (80% total)
     Speed:     ev/sec=715.522   simsec/sec=1   ev/simsec=715.521
     Messages:  created: 199133   present: 19   in FES: 8
** Event #1591040   t=5081.673025813984   Elapsed: 5081.62s (1h 24m)  80% completed  (80% total)
     Speed:     ev/sec=564.451   simsec/sec=0.999879   ev/simsec=564.519
     Messages:  created: 199291   present: 13   in FES: 7
** Event #1592064   t=5084.01700968951   Elapsed: 5083.96s (1h 24m)  80% completed  (80% total)
     Speed:     ev/sec=436.914   simsec/sec=1.00012   ev/simsec=436.863
     Messages:  created: 199418   present: 11   in FES: 7
** Event #1592832   t=5086.118338725481   Elapsed: 5086.06s (1h 24m)  80% completed  (80% total)
     Speed:     ev/sec=365.482   simsec/sec=0.999999   ev/simsec=365.483
     Messages:  created: 199514   present: 9   in FES: 5
** Event #1593600   t=5088.260108717482   Elapsed: 5088.2s (1h 24m)  80% completed  (80% total)
     Speed:     ev/sec=358.582   simsec/sec=1   ev/simsec=358.582
     Messages:  created: 199610   present: 9   in FES: 5
** Event #1594368   t=5090.688678576307   Elapsed: 5090.63s (1h 24m)  80% completed  (80% total)
     Speed:     ev/sec=316.235   simsec/sec=1   ev/simsec=316.235
     Messages:  created: 199707   present: 12   in FES: 6
** Event #1595904   t=5092.945676510238   Elapsed: 5092.89s (1h 24m)  80% completed  (80% total)
     Speed:     ev/sec=680.55   simsec/sec=1   ev/simsec=680.55
     Messages:  created: 199899   present: 12   in FES: 6
** Event #1597184   t=5094.984121429523   Elapsed: 5094.93s (1h 24m)  80% completed  (80% total)
     Speed:     ev/sec=627.928   simsec/sec=0.999998   ev/simsec=627.93
     Messages:  created: 200059   present: 12   in FES: 6
** Event #1598464   t=5097.214075035693   Elapsed: 5097.16s (1h 24m)  80% completed  (80% total)
     Speed:     ev/sec=574.004   simsec/sec=1   ev/simsec=574.003
     Messages:  created: 200218   present: 10   in FES: 6
** Event #1598976   t=5099.317499958923   Elapsed: 5099.26s (1h 24m)  80% completed  (80% total)
     Speed:     ev/sec=243.413   simsec/sec=1   ev/simsec=243.413
     Messages:  created: 200283   present: 12   in FES: 7
t=5100.834992 executing setDimmer(1)
** Event #1600256   t=5101.434000376275   Elapsed: 5101.38s (1h 25m)  80% completed  (80% total)
     Speed:     ev/sec=604.771   simsec/sec=0.999999   ev/simsec=604.772
     Messages:  created: 200443   present: 14   in FES: 7
** Event #1601280   t=5103.580245601765   Elapsed: 5103.52s (1h 25m)  81% completed  (81% total)
     Speed:     ev/sec=477.113   simsec/sec=1   ev/simsec=477.112
     Messages:  created: 200570   present: 11   in FES: 7
** Event #1602304   t=5106.15174261133   Elapsed: 5106.1s (1h 25m)  81% completed  (81% total)
     Speed:     ev/sec=398.211   simsec/sec=1   ev/simsec=398.212
     Messages:  created: 200697   present: 10   in FES: 6
** Event #1603328   t=5108.533914647249   Elapsed: 5108.49s (1h 25m)  81% completed  (81% total)
     Speed:     ev/sec=428.206   simsec/sec=0.996153   ev/simsec=429.86
     Messages:  created: 200827   present: 15   in FES: 7
** Event #1604608   t=5110.849361985774   Elapsed: 5110.79s (1h 25m)  81% completed  (81% total)
     Speed:     ev/sec=555.014   simsec/sec=1.00399   ev/simsec=552.809
     Messages:  created: 200986   present: 13   in FES: 8
** Event #1605632   t=5112.898686686495   Elapsed: 5112.84s (1h 25m)  81% completed  (81% total)
     Speed:     ev/sec=499.175   simsec/sec=0.998997   ev/simsec=499.677
     Messages:  created: 201118   present: 23   in FES: 7
** Event #1606656   t=5115.284205464557   Elapsed: 5115.23s (1h 25m)  81% completed  (81% total)
     Speed:     ev/sec=429.627   simsec/sec=1.00086   ev/simsec=429.257
     Messages:  created: 201242   present: 11   in FES: 7
** Event #1607424   t=5117.661266712129   Elapsed: 5117.6s (1h 25m)  81% completed  (81% total)
     Speed:     ev/sec=323.088   simsec/sec=1   ev/simsec=323.088
     Messages:  created: 201337   present: 10   in FES: 6
** Event #1608192   t=5120.041194931712   Elapsed: 5119.98s (1h 25m)  81% completed  (81% total)
     Speed:     ev/sec=322.699   simsec/sec=0.999999   ev/simsec=322.699
     Messages:  created: 201435   present: 14   in FES: 8
** Event #1609216   t=5122.35764494832   Elapsed: 5122.31s (1h 25m)  81% completed  (81% total)
     Speed:     ev/sec=440.989   simsec/sec=0.997587   ev/simsec=442.056
     Messages:  created: 201566   present: 23   in FES: 7
** Event #1610240   t=5124.380180839212   Elapsed: 5124.32s (1h 25m)  81% completed  (81% total)
     Speed:     ev/sec=507.702   simsec/sec=1.00278   ev/simsec=506.295
     Messages:  created: 201690   present: 11   in FES: 7
** Event #1611008   t=5126.669333371867   Elapsed: 5126.61s (1h 25m)  81% completed  (81% total)
     Speed:     ev/sec=335.495   simsec/sec=1   ev/simsec=335.495
     Messages:  created: 201786   present: 11   in FES: 7
** Event #1611776   t=5128.700608140403   Elapsed: 5128.64s (1h 25m)  81% completed  (81% total)
     Speed:     ev/sec=378.088   simsec/sec=1   ev/simsec=378.088
     Messages:  created: 201883   present: 14   in FES: 8
** Event #1612544   t=5131.113638030903   Elapsed: 5131.06s (1h 25m)  81% completed  (81% total)
     Speed:     ev/sec=318.087   simsec/sec=0.999418   ev/simsec=318.272
     Messages:  created: 201979   present: 15   in FES: 7
** Event #1613568   t=5133.49046614349   Elapsed: 5133.43s (1h 25m)  81% completed  (81% total)
     Speed:     ev/sec=431.081   simsec/sec=1.00059   ev/simsec=430.826
     Messages:  created: 202105   present: 10   in FES: 6
** Event #1614592   t=5135.81546529308   Elapsed: 5135.79s (1h 25m)  81% completed  (81% total)
     Speed:     ev/sec=435.357   simsec/sec=0.988482   ev/simsec=440.43
     Messages:  created: 202235   present: 15   in FES: 7
** Event #1615360   t=5138.374235912003   Elapsed: 5138.32s (1h 25m)  81% completed  (81% total)
     Speed:     ev/sec=303.356   simsec/sec=1.0107   ev/simsec=300.144
     Messages:  created: 202331   present: 14   in FES: 8
** Event #1616384   t=5141.264551213745   Elapsed: 5141.21s (1h 25m)  81% completed  (81% total)
     Speed:     ev/sec=354.287   simsec/sec=1   ev/simsec=354.287
     Messages:  created: 202458   present: 11   in FES: 6
** Event #1617408   t=5143.362570708379   Elapsed: 5143.31s (1h 25m)  81% completed  (81% total)
     Speed:     ev/sec=488.09   simsec/sec=1.00002   ev/simsec=488.079
     Messages:  created: 202592   present: 28   in FES: 8
** Event #1618432   t=5145.381785927986   Elapsed: 5145.33s (1h 25m)  81% completed  (81% total)
     Speed:     ev/sec=507.116   simsec/sec=0.999977   ev/simsec=507.128
     Messages:  created: 202714   present: 11   in FES: 7
** Event #1619456   t=5147.620263410433   Elapsed: 5147.56s (1h 25m)  81% completed  (81% total)
     Speed:     ev/sec=457.454   simsec/sec=1   ev/simsec=457.454
     Messages:  created: 202850   present: 34   in FES: 8
** Event #1620736   t=5149.782783825734   Elapsed: 5149.73s (1h 25m)  81% completed  (81% total)
     Speed:     ev/sec=591.902   simsec/sec=1   ev/simsec=591.902
     Messages:  created: 203020   present: 60   in FES: 8
** Event #1621760   t=5152.598036861891   Elapsed: 5152.54s (1h 25m)  81% completed  (81% total)
     Speed:     ev/sec=363.733   simsec/sec=1   ev/simsec=363.733
     Messages:  created: 203129   present: 10   in FES: 6
** Event #1622528   t=5155.028206047727   Elapsed: 5154.97s (1h 25m)  81% completed  (81% total)
     Speed:     ev/sec=316.027   simsec/sec=1   ev/simsec=316.027
     Messages:  created: 203225   present: 10   in FES: 6
** Event #1623296   t=5157.218255779597   Elapsed: 5157.17s (1h 25m)  81% completed  (81% total)
     Speed:     ev/sec=348.807   simsec/sec=0.994668   ev/simsec=350.677
     Messages:  created: 203323   present: 15   in FES: 7
** Event #1624064   t=5159.675306854373   Elapsed: 5159.62s (1h 25m)  81% completed  (81% total)
     Speed:     ev/sec=314.07   simsec/sec=1.0048   ev/simsec=312.57
     Messages:  created: 203418   present: 13   in FES: 7
t=5160.834981 executing removeServer()
scheduled complete remove at 5160.847350448417
** Event #1624832   t=5163.434840431807   Elapsed: 5163.39s (1h 26m)  81% completed  (81% total)
     Speed:     ev/sec=203.783   simsec/sec=0.997561   ev/simsec=204.281
     Messages:  created: 203515   present: 11   in FES: 6
** Event #1625088   t=5165.617776757677   Elapsed: 5165.57s (1h 26m)  81% completed  (81% total)
     Speed:     ev/sec=117.509   simsec/sec=1.00201   ev/simsec=117.273
     Messages:  created: 203547   present: 11   in FES: 6
** Event #1625856   t=5167.806775514996   Elapsed: 5167.75s (1h 26m)  82% completed  (82% total)
     Speed:     ev/sec=351.616   simsec/sec=1.0022   ev/simsec=350.845
     Messages:  created: 203655   present: 42   in FES: 7
** Event #1626880   t=5170.288137313158   Elapsed: 5170.25s (1h 26m)  82% completed  (82% total)
     Speed:     ev/sec=409.43   simsec/sec=0.992133   ev/simsec=412.677
     Messages:  created: 203801   present: 91   in FES: 6
** Event #1627904   t=5172.456742720057   Elapsed: 5172.4s (1h 26m)  82% completed  (82% total)
     Speed:     ev/sec=476.518   simsec/sec=1.00916   ev/simsec=472.193
     Messages:  created: 203931   present: 95   in FES: 7
** Event #1628928   t=5175.083068122481   Elapsed: 5175.03s (1h 26m)  82% completed  (82% total)
     Speed:     ev/sec=389.006   simsec/sec=0.997712   ev/simsec=389.898
     Messages:  created: 204048   present: 67   in FES: 6
** Event #1629696   t=5180.95470141094   Elapsed: 5180.9s (1h 26m)  82% completed  (82% total)
     Speed:     ev/sec=130.879   simsec/sec=1.00061   ev/simsec=130.798
     Messages:  created: 204126   present: 19   in FES: 6
** Event #1630976   t=5183.431521233533   Elapsed: 5183.37s (1h 26m)  82% completed  (82% total)
     Speed:     ev/sec=517.297   simsec/sec=1.00098   ev/simsec=516.792
     Messages:  created: 204315   present: 97   in FES: 7
** Event #1632000   t=5185.948991879432   Elapsed: 5185.89s (1h 26m)  82% completed  (82% total)
     Speed:     ev/sec=406.758   simsec/sec=1   ev/simsec=406.757
     Messages:  created: 204447   present: 106   in FES: 7
** Event #1633024   t=5188.060586860808   Elapsed: 5188s (1h 26m)  82% completed  (82% total)
     Speed:     ev/sec=484.941   simsec/sec=1   ev/simsec=484.941
     Messages:  created: 204592   present: 153   in FES: 7
** Event #1634048   t=5190.455295601594   Elapsed: 5190.41s (1h 26m)  82% completed  (82% total)
     Speed:     ev/sec=424.721   simsec/sec=0.993246   ev/simsec=427.609
     Messages:  created: 204724   present: 163   in FES: 6
** Event #1635072   t=5192.862406164296   Elapsed: 5192.81s (1h 26m)  82% completed  (82% total)
     Speed:     ev/sec=428.303   simsec/sec=1.00681   ev/simsec=425.406
     Messages:  created: 204854   present: 167   in FES: 7
** Event #1636096   t=5195.35034378125   Elapsed: 5195.29s (1h 26m)  82% completed  (82% total)
     Speed:     ev/sec=411.529   simsec/sec=0.999861   ev/simsec=411.586
     Messages:  created: 204968   present: 131   in FES: 6
** Event #1637120   t=5198.004594186854   Elapsed: 5197.95s (1h 26m)  82% completed  (82% total)
     Speed:     ev/sec=385.847   simsec/sec=1.00013   ev/simsec=385.796
     Messages:  created: 205095   present: 127   in FES: 7
** Event #1637888   t=5200.19097883392   Elapsed: 5200.13s (1h 26m)  82% completed  (82% total)
     Speed:     ev/sec=351.265   simsec/sec=1   ev/simsec=351.265
     Messages:  created: 205157   present: 38   in FES: 7
** Event #1638656   t=5202.645394163655   Elapsed: 5202.59s (1h 26m)  82% completed  (82% total)
     Speed:     ev/sec=312.906   simsec/sec=1   ev/simsec=312.905
     Messages:  created: 205245   present: 15   in FES: 7
** Event #1639424   t=5204.649022293677   Elapsed: 5204.59s (1h 26m)  82% completed  (82% total)
     Speed:     ev/sec=383.304   simsec/sec=1   ev/simsec=383.305
     Messages:  created: 205342   present: 18   in FES: 7
** Event #1640192   t=5206.863152384509   Elapsed: 5206.81s (1h 26m)  82% completed  (82% total)
     Speed:     ev/sec=346.801   simsec/sec=0.999822   ev/simsec=346.863
     Messages:  created: 205435   present: 11   in FES: 5
** Event #1640960   t=5209.95484899713   Elapsed: 5209.9s (1h 26m)  82% completed  (82% total)
     Speed:     ev/sec=248.439   simsec/sec=1.00013   ev/simsec=248.407
     Messages:  created: 205530   present: 8   in FES: 5
** Event #1641728   t=5212.949640396009   Elapsed: 5212.89s (1h 26m)  82% completed  (82% total)
     Speed:     ev/sec=256.445   simsec/sec=1   ev/simsec=256.445
     Messages:  created: 205626   present: 8   in FES: 5
** Event #1642496   t=5214.982879185031   Elapsed: 5214.93s (1h 26m)  82% completed  (82% total)
     Speed:     ev/sec=377.722   simsec/sec=0.999999   ev/simsec=377.722
     Messages:  created: 205732   present: 34   in FES: 7
** Event #1643264   t=5217.051814168577   Elapsed: 5217s (1h 26m)  82% completed  (82% total)
     Speed:     ev/sec=371.206   simsec/sec=1   ev/simsec=371.205
     Messages:  created: 205818   present: 9   in FES: 6
** Event #1644032   t=5219.404512658054   Elapsed: 5219.35s (1h 26m)  82% completed  (82% total)
     Speed:     ev/sec=326.434   simsec/sec=1   ev/simsec=326.434
     Messages:  created: 205915   present: 10   in FES: 7
t=5220.83499 executing addServer()
adding server with latency=60
** Event #1644800   t=5222.04150291282   Elapsed: 5221.98s (1h 27m)  82% completed  (82% total)
     Speed:     ev/sec=291.241   simsec/sec=1   ev/simsec=291.241
     Messages:  created: 206012   present: 12   in FES: 7
** Event #1645312   t=5224.158710375117   Elapsed: 5224.1s (1h 27m)  82% completed  (82% total)
     Speed:     ev/sec=241.828   simsec/sec=1   ev/simsec=241.828
     Messages:  created: 206079   present: 20   in FES: 8
** Event #1646080   t=5226.169557619921   Elapsed: 5226.11s (1h 27m)  82% completed  (82% total)
     Speed:     ev/sec=381.928   simsec/sec=1   ev/simsec=381.929
     Messages:  created: 206179   present: 30   in FES: 8
** Event #1647104   t=5228.345995162118   Elapsed: 5228.29s (1h 27m)  82% completed  (82% total)
     Speed:     ev/sec=470.494   simsec/sec=1   ev/simsec=470.494
     Messages:  created: 206316   present: 54   in FES: 8
** Event #1648128   t=5230.916829277919   Elapsed: 5230.87s (1h 27m)  83% completed  (83% total)
     Speed:     ev/sec=397.47   simsec/sec=0.997881   ev/simsec=398.314
     Messages:  created: 206447   present: 63   in FES: 7
** Event #1649152   t=5233.544238607493   Elapsed: 5233.49s (1h 27m)  83% completed  (83% total)
     Speed:     ev/sec=390.549   simsec/sec=1.00208   ev/simsec=389.738
     Messages:  created: 206574   present: 60   in FES: 8
** Event #1650176   t=5235.679054827569   Elapsed: 5235.63s (1h 27m)  83% completed  (83% total)
     Speed:     ev/sec=477.84   simsec/sec=0.996191   ev/simsec=479.667
     Messages:  created: 206712   present: 87   in FES: 7
** Event #1651200   t=5238.269688196852   Elapsed: 5238.21s (1h 27m)  83% completed  (83% total)
     Speed:     ev/sec=396.519   simsec/sec=1.00316   ev/simsec=395.27
     Messages:  created: 206839   present: 85   in FES: 8
** Event #1651968   t=5240.476170296896   Elapsed: 5240.42s (1h 27m)  83% completed  (83% total)
     Speed:     ev/sec=348.065   simsec/sec=1   ev/simsec=348.065
     Messages:  created: 206915   present: 30   in FES: 8
** Event #1652736   t=5242.963721104002   Elapsed: 5242.91s (1h 27m)  83% completed  (83% total)
     Speed:     ev/sec=308.738   simsec/sec=1   ev/simsec=308.737
     Messages:  created: 207004   present: 11   in FES: 7
** Event #1653504   t=5245.315776474108   Elapsed: 5245.26s (1h 27m)  83% completed  (83% total)
     Speed:     ev/sec=326.523   simsec/sec=0.999999   ev/simsec=326.523
     Messages:  created: 207099   present: 10   in FES: 6
** Event #1654272   t=5247.335263457846   Elapsed: 5247.28s (1h 27m)  83% completed  (83% total)
     Speed:     ev/sec=380.295   simsec/sec=1   ev/simsec=380.295
     Messages:  created: 207213   present: 57   in FES: 8
** Event #1655040   t=5249.348616490075   Elapsed: 5249.29s (1h 27m)  83% completed  (83% total)
     Speed:     ev/sec=381.245   simsec/sec=0.999454   ev/simsec=381.453
     Messages:  created: 207302   present: 39   in FES: 7
** Event #1655552   t=5251.868259877481   Elapsed: 5251.81s (1h 27m)  83% completed  (83% total)
     Speed:     ev/sec=203.292   simsec/sec=1.00044   ev/simsec=203.203
     Messages:  created: 207357   present: 14   in FES: 8
** Event #1656064   t=5253.91133166083   Elapsed: 5253.85s (1h 27m)  83% completed  (83% total)
     Speed:     ev/sec=250.603   simsec/sec=0.999999   ev/simsec=250.603
     Messages:  created: 207420   present: 13   in FES: 7
** Event #1656832   t=5256.71453244624   Elapsed: 5256.66s (1h 27m)  83% completed  (83% total)
     Speed:     ev/sec=273.643   simsec/sec=0.998796   ev/simsec=273.973
     Messages:  created: 207517   present: 15   in FES: 7
** Event #1657600   t=5259.085411936982   Elapsed: 5259.04s (1h 27m)  83% completed  (83% total)
     Speed:     ev/sec=323.464   simsec/sec=0.99856   ev/simsec=323.93
     Messages:  created: 207613   present: 15   in FES: 7
** Event #1658368   t=5261.239019475136   Elapsed: 5261.18s (1h 27m)  83% completed  (83% total)
     Speed:     ev/sec=357.74   simsec/sec=1.00317   ev/simsec=356.611
     Messages:  created: 207711   present: 20   in FES: 8
** Event #1659136   t=5263.472057303619   Elapsed: 5263.43s (1h 27m)  83% completed  (83% total)
     Speed:     ev/sec=341.262   simsec/sec=0.992253   ev/simsec=343.926
     Messages:  created: 207811   present: 31   in FES: 7
** Event #1659904   t=5265.501745344806   Elapsed: 5265.45s (1h 27m)  83% completed  (83% total)
     Speed:     ev/sec=381.662   simsec/sec=1.00866   ev/simsec=378.383
     Messages:  created: 207909   present: 37   in FES: 8
** Event #1660672   t=5267.568908563863   Elapsed: 5267.51s (1h 27m)  83% completed  (83% total)
     Speed:     ev/sec=371.524   simsec/sec=1   ev/simsec=371.524
     Messages:  created: 208000   present: 22   in FES: 8
** Event #1661184   t=5269.581585749561   Elapsed: 5269.52s (1h 27m)  83% completed  (83% total)
     Speed:     ev/sec=254.388   simsec/sec=1   ev/simsec=254.388
     Messages:  created: 208063   present: 20   in FES: 8
** Event #1662208   t=5272.450162763717   Elapsed: 5272.4s (1h 27m)  83% completed  (83% total)
     Speed:     ev/sec=356.736   simsec/sec=0.999339   ev/simsec=356.971
     Messages:  created: 208189   present: 15   in FES: 7
** Event #1662976   t=5275.353902018757   Elapsed: 5275.3s (1h 27m)  83% completed  (83% total)
     Speed:     ev/sec=264.659   simsec/sec=1.00065   ev/simsec=264.487
     Messages:  created: 208284   present: 11   in FES: 7
** Event #1663488   t=5277.741423685973   Elapsed: 5277.68s (1h 27m)  83% completed  (83% total)
     Speed:     ev/sec=214.448   simsec/sec=1   ev/simsec=214.448
     Messages:  created: 208351   present: 19   in FES: 8
** Event #1664256   t=5279.935384829649   Elapsed: 5279.88s (1h 27m)  83% completed  (83% total)
     Speed:     ev/sec=350.051   simsec/sec=0.999999   ev/simsec=350.052
     Messages:  created: 208447   present: 21   in FES: 8
t=5280.83499 addServer() complete
** Event #1664768   t=5282.300710945185   Elapsed: 5282.24s (1h 28m)  83% completed  (83% total)
     Speed:     ev/sec=216.461   simsec/sec=1   ev/simsec=216.461
     Messages:  created: 208508   present: 13   in FES: 7
** Event #1665280   t=5284.766684907847   Elapsed: 5284.71s (1h 28m)  83% completed  (83% total)
     Speed:     ev/sec=207.626   simsec/sec=1   ev/simsec=207.626
     Messages:  created: 208572   present: 13   in FES: 8
** Event #1665792   t=5286.898389201432   Elapsed: 5286.88s (1h 28m)  83% completed  (83% total)
     Speed:     ev/sec=236.461   simsec/sec=0.984504   ev/simsec=240.183
     Messages:  created: 208634   present: 8   in FES: 4
** Event #1666816   t=5289.228840511093   Elapsed: 5289.17s (1h 28m)  83% completed  (83% total)
     Speed:     ev/sec=445.818   simsec/sec=1.01461   ev/simsec=439.4
     Messages:  created: 208764   present: 12   in FES: 7
** Event #1667584   t=5291.6513932014   Elapsed: 5291.59s (1h 28m)  83% completed  (83% total)
     Speed:     ev/sec=317.021   simsec/sec=1   ev/simsec=317.021
     Messages:  created: 208860   present: 14   in FES: 8
** Event #1668608   t=5294.069759379468   Elapsed: 5294.01s (1h 28m)  84% completed  (84% total)
     Speed:     ev/sec=423.427   simsec/sec=1   ev/simsec=423.426
     Messages:  created: 208990   present: 18   in FES: 8
** Event #1669632   t=5296.275934548423   Elapsed: 5296.22s (1h 28m)  84% completed  (84% total)
     Speed:     ev/sec=464.152   simsec/sec=1   ev/simsec=464.152
     Messages:  created: 209118   present: 19   in FES: 8
** Event #1670656   t=5298.637830438422   Elapsed: 5298.58s (1h 28m)  84% completed  (84% total)
     Speed:     ev/sec=433.549   simsec/sec=0.999999   ev/simsec=433.55
     Messages:  created: 209244   present: 12   in FES: 7
** Event #1671424   t=5300.722872520281   Elapsed: 5300.73s (1h 28m)  84% completed  (84% total)
     Speed:     ev/sec=357.543   simsec/sec=0.970692   ev/simsec=368.338
     Messages:  created: 209338   present: 8   in FES: 4
** Event #1672192   t=5303.140229347174   Elapsed: 5303.08s (1h 28m)  84% completed  (84% total)
     Speed:     ev/sec=326.198   simsec/sec=1.02674   ev/simsec=317.702
     Messages:  created: 209435   present: 10   in FES: 6
** Event #1673216   t=5305.371158566004   Elapsed: 5305.31s (1h 28m)  84% completed  (84% total)
     Speed:     ev/sec=459.001   simsec/sec=0.999999   ev/simsec=459.002
     Messages:  created: 209567   present: 21   in FES: 8
** Event #1673984   t=5308.066798407738   Elapsed: 5308.01s (1h 28m)  84% completed  (84% total)
     Speed:     ev/sec=284.905   simsec/sec=1   ev/simsec=284.905
     Messages:  created: 209659   present: 10   in FES: 6
** Event #1675008   t=5310.267155966747   Elapsed: 5310.22s (1h 28m)  84% completed  (84% total)
     Speed:     ev/sec=462.885   simsec/sec=0.994641   ev/simsec=465.379
     Messages:  created: 209792   present: 24   in FES: 7
** Event #1676288   t=5312.694671995509   Elapsed: 5312.64s (1h 28m)  84% completed  (84% total)
     Speed:     ev/sec=528.395   simsec/sec=1.0021   ev/simsec=527.288
     Messages:  created: 209946   present: 8   in FES: 4
** Event #1677056   t=5315.339113610072   Elapsed: 5315.31s (1h 28m)  84% completed  (84% total)
     Speed:     ev/sec=288.569   simsec/sec=0.993624   ev/simsec=290.42
     Messages:  created: 210042   present: 8   in FES: 4
** Event #1677824   t=5317.875537912039   Elapsed: 5317.82s (1h 28m)  84% completed  (84% total)
     Speed:     ev/sec=305.649   simsec/sec=1.00945   ev/simsec=302.788
     Messages:  created: 210139   present: 10   in FES: 6
** Event #1678592   t=5319.906173368841   Elapsed: 5319.85s (1h 28m)  84% completed  (84% total)
     Speed:     ev/sec=378.207   simsec/sec=1   ev/simsec=378.207
     Messages:  created: 210236   present: 14   in FES: 8
** Event #1679360   t=5322.356643903515   Elapsed: 5322.3s (1h 28m)  84% completed  (84% total)
     Speed:     ev/sec=313.409   simsec/sec=1   ev/simsec=313.409
     Messages:  created: 210332   present: 14   in FES: 8
** Event #1680128   t=5324.993426296152   Elapsed: 5324.94s (1h 28m)  84% completed  (84% total)
     Speed:     ev/sec=291.264   simsec/sec=0.999999   ev/simsec=291.264
     Messages:  created: 210427   present: 11   in FES: 7
** Event #1680640   t=5327.3063215581   Elapsed: 5327.25s (1h 28m)  84% completed  (84% total)
     Speed:     ev/sec=221.368   simsec/sec=1   ev/simsec=221.368
     Messages:  created: 210492   present: 13   in FES: 8
** Event #1681152   t=5329.967968976249   Elapsed: 5329.91s (1h 28m)  84% completed  (84% total)
     Speed:     ev/sec=192.362   simsec/sec=1   ev/simsec=192.362
     Messages:  created: 210556   present: 12   in FES: 6
** Event #1681664   t=5332.184082200818   Elapsed: 5332.13s (1h 28m)  84% completed  (84% total)
     Speed:     ev/sec=231.035   simsec/sec=1   ev/simsec=231.035
     Messages:  created: 210619   present: 11   in FES: 6
** Event #1682176   t=5334.386851422861   Elapsed: 5334.33s (1h 28m)  84% completed  (84% total)
     Speed:     ev/sec=232.435   simsec/sec=1   ev/simsec=232.435
     Messages:  created: 210684   present: 12   in FES: 6
** Event #1683200   t=5337.085639722805   Elapsed: 5337.06s (1h 28m)  84% completed  (84% total)
     Speed:     ev/sec=375.78   simsec/sec=0.990381   ev/simsec=379.43
     Messages:  created: 210810   present: 8   in FES: 4
** Event #1683712   t=5339.498232813825   Elapsed: 5339.44s (1h 28m)  84% completed  (84% total)
     Speed:     ev/sec=214.551   simsec/sec=1.01098   ev/simsec=212.22
     Messages:  created: 210876   present: 12   in FES: 8
t=5340.834983 executing removeServer()
scheduled complete remove at 5340.834983
** Event #1684480   t=5342.159651858011   Elapsed: 5342.1s (1h 29m)  84% completed  (84% total)
     Speed:     ev/sec=288.568   simsec/sec=1   ev/simsec=288.568
     Messages:  created: 210974   present: 15   in FES: 7
** Event #1685504   t=5344.648150009966   Elapsed: 5344.59s (1h 29m)  84% completed  (84% total)
     Speed:     ev/sec=411.493   simsec/sec=0.999999   ev/simsec=411.493
     Messages:  created: 211105   present: 23   in FES: 6
** Event #1686272   t=5346.749437463541   Elapsed: 5346.69s (1h 29m)  84% completed  (84% total)
     Speed:     ev/sec=365.491   simsec/sec=1   ev/simsec=365.49
     Messages:  created: 211198   present: 15   in FES: 7
** Event #1687296   t=5348.970951251533   Elapsed: 5348.91s (1h 29m)  84% completed  (84% total)
     Speed:     ev/sec=460.946   simsec/sec=0.999999   ev/simsec=460.947
     Messages:  created: 211333   present: 34   in FES: 7
** Event #1688064   t=5351.691517374898   Elapsed: 5351.63s (1h 29m)  84% completed  (84% total)
     Speed:     ev/sec=282.294   simsec/sec=1   ev/simsec=282.294
     Messages:  created: 211422   present: 14   in FES: 7
** Event #1689088   t=5354.204012506066   Elapsed: 5354.15s (1h 29m)  84% completed  (84% total)
     Speed:     ev/sec=407.563   simsec/sec=1   ev/simsec=407.563
     Messages:  created: 211559   present: 38   in FES: 7
** Event #1690112   t=5356.577625673279   Elapsed: 5356.52s (1h 29m)  85% completed  (85% total)
     Speed:     ev/sec=431.41   simsec/sec=1   ev/simsec=431.41
     Messages:  created: 211694   present: 56   in FES: 7
** Event #1691136   t=5359.342039800751   Elapsed: 5359.29s (1h 29m)  85% completed  (85% total)
     Speed:     ev/sec=369.672   simsec/sec=0.997975   ev/simsec=370.422
     Messages:  created: 211811   present: 28   in FES: 5
** Event #1691904   t=5361.606287143544   Elapsed: 5361.55s (1h 29m)  85% completed  (85% total)
     Speed:     ev/sec=340.027   simsec/sec=1.00248   ev/simsec=339.186
     Messages:  created: 211910   present: 35   in FES: 7
** Event #1692672   t=5364.001576934756   Elapsed: 5363.94s (1h 29m)  85% completed  (85% total)
     Speed:     ev/sec=320.63   simsec/sec=1   ev/simsec=320.629
     Messages:  created: 211999   present: 16   in FES: 6
** Event #1693184   t=5366.204772556744   Elapsed: 5366.16s (1h 29m)  85% completed  (85% total)
     Speed:     ev/sec=230.884   simsec/sec=0.993519   ev/simsec=232.39
     Messages:  created: 212061   present: 12   in FES: 6
** Event #1694208   t=5368.73035017939   Elapsed: 5368.68s (1h 29m)  85% completed  (85% total)
     Speed:     ev/sec=407.477   simsec/sec=1.00499   ev/simsec=405.452
     Messages:  created: 212207   present: 60   in FES: 6
** Event #1695232   t=5371.215522601388   Elapsed: 5371.16s (1h 29m)  85% completed  (85% total)
     Speed:     ev/sec=411.558   simsec/sec=0.99882   ev/simsec=412.044
     Messages:  created: 212332   present: 52   in FES: 6
** Event #1696256   t=5373.753974472733   Elapsed: 5373.7s (1h 29m)  85% completed  (85% total)
     Speed:     ev/sec=404.153   simsec/sec=1.00188   ev/simsec=403.395
     Messages:  created: 212448   present: 19   in FES: 6
** Event #1696768   t=5375.891760045141   Elapsed: 5375.84s (1h 29m)  85% completed  (85% total)
     Speed:     ev/sec=239.5   simsec/sec=1   ev/simsec=239.5
     Messages:  created: 212512   present: 19   in FES: 7
** Event #1697536   t=5378.096396581626   Elapsed: 5378.04s (1h 29m)  85% completed  (85% total)
     Speed:     ev/sec=348.357   simsec/sec=1   ev/simsec=348.357
     Messages:  created: 212604   present: 9   in FES: 6
** Event #1698048   t=5380.400961453143   Elapsed: 5380.34s (1h 29m)  85% completed  (85% total)
     Speed:     ev/sec=222.168   simsec/sec=1   ev/simsec=222.168
     Messages:  created: 212668   present: 10   in FES: 7
** Event #1699072   t=5382.912435466759   Elapsed: 5382.86s (1h 29m)  85% completed  (85% total)
     Speed:     ev/sec=407.729   simsec/sec=1   ev/simsec=407.729
     Messages:  created: 212822   present: 78   in FES: 7
** Event #1699840   t=5385.095324480825   Elapsed: 5385.04s (1h 29m)  85% completed  (85% total)
     Speed:     ev/sec=351.827   simsec/sec=1   ev/simsec=351.827
     Messages:  created: 212913   present: 66   in FES: 7
** Event #1700864   t=5387.378730535155   Elapsed: 5387.32s (1h 29m)  85% completed  (85% total)
     Speed:     ev/sec=448.452   simsec/sec=0.999999   ev/simsec=448.453
     Messages:  created: 213049   present: 86   in FES: 7
** Event #1701888   t=5389.654360943039   Elapsed: 5389.6s (1h 29m)  85% completed  (85% total)
     Speed:     ev/sec=449.986   simsec/sec=1   ev/simsec=449.985
     Messages:  created: 213185   present: 107   in FES: 7
** Event #1702656   t=5391.775326297375   Elapsed: 5391.72s (1h 29m)  85% completed  (85% total)
     Speed:     ev/sec=362.099   simsec/sec=0.999999   ev/simsec=362.099
     Messages:  created: 213274   present: 90   in FES: 7
** Event #1703680   t=5393.865989368823   Elapsed: 5393.81s (1h 29m)  85% completed  (85% total)
     Speed:     ev/sec=489.797   simsec/sec=1   ev/simsec=489.797
     Messages:  created: 213402   present: 88   in FES: 7
** Event #1704960   t=5396.280341271081   Elapsed: 5396.22s (1h 29m)  85% completed  (85% total)
     Speed:     ev/sec=530.163   simsec/sec=1   ev/simsec=530.163
     Messages:  created: 213598   present: 185   in FES: 7
** Event #1705984   t=5398.430962671864   Elapsed: 5398.37s (1h 29m)  85% completed  (85% total)
     Speed:     ev/sec=476.142   simsec/sec=1   ev/simsec=476.141
     Messages:  created: 213733   present: 201   in FES: 8
** Event #1706752   t=5400.626887303188   Elapsed: 5400.57s (1h 30m)  85% completed  (85% total)
     Speed:     ev/sec=349.744   simsec/sec=1.00002   ev/simsec=349.739
     Messages:  created: 213810   present: 154   in FES: 7
t=5400.834979 executing addServer()
adding server with latency=60
** Event #1707776   t=5403.162130686786   Elapsed: 5403.11s (1h 30m)  85% completed  (85% total)
     Speed:     ev/sec=403.9   simsec/sec=0.999986   ev/simsec=403.906
     Messages:  created: 213928   present: 124   in FES: 8
** Event #1708800   t=5405.665201461104   Elapsed: 5405.61s (1h 30m)  85% completed  (85% total)
     Speed:     ev/sec=409.098   simsec/sec=1   ev/simsec=409.098
     Messages:  created: 214054   present: 119   in FES: 8
** Event #1709824   t=5408.348119219482   Elapsed: 5408.3s (1h 30m)  85% completed  (85% total)
     Speed:     ev/sec=380.813   simsec/sec=0.997743   ev/simsec=381.674
     Messages:  created: 214182   present: 120   in FES: 7
** Event #1710848   t=5411.001295878752   Elapsed: 5410.94s (1h 30m)  85% completed  (85% total)
     Speed:     ev/sec=386.837   simsec/sec=1.00229   ev/simsec=385.952
     Messages:  created: 214300   present: 92   in FES: 8
** Event #1711616   t=5413.653874170574   Elapsed: 5413.6s (1h 30m)  85% completed  (85% total)
     Speed:     ev/sec=289.532   simsec/sec=1.00001   ev/simsec=289.53
     Messages:  created: 214366   present: 13   in FES: 7
** Event #1712128   t=5415.968248495993   Elapsed: 5415.91s (1h 30m)  85% completed  (85% total)
     Speed:     ev/sec=221.224   simsec/sec=0.99999   ev/simsec=221.226
     Messages:  created: 214430   present: 12   in FES: 8
** Event #1712640   t=5418.001463753915   Elapsed: 5417.94s (1h 30m)  86% completed  (86% total)
     Speed:     ev/sec=251.818   simsec/sec=1   ev/simsec=251.818
     Messages:  created: 214494   present: 14   in FES: 8
** Event #1713408   t=5420.796442502503   Elapsed: 5420.74s (1h 30m)  86% completed  (86% total)
     Speed:     ev/sec=274.778   simsec/sec=0.999999   ev/simsec=274.778
     Messages:  created: 214592   present: 18   in FES: 8
** Event #1714176   t=5423.90133508123   Elapsed: 5423.84s (1h 30m)  86% completed  (86% total)
     Speed:     ev/sec=247.352   simsec/sec=1   ev/simsec=247.352
     Messages:  created: 214685   present: 11   in FES: 7
** Event #1714688   t=5426.345962922394   Elapsed: 5426.29s (1h 30m)  86% completed  (86% total)
     Speed:     ev/sec=209.437   simsec/sec=0.999989   ev/simsec=209.439
     Messages:  created: 214749   present: 10   in FES: 6
** Event #1715456   t=5428.435325177995   Elapsed: 5428.38s (1h 30m)  86% completed  (86% total)
     Speed:     ev/sec=367.581   simsec/sec=1.00001   ev/simsec=367.576
     Messages:  created: 214855   present: 36   in FES: 8
** Event #1716480   t=5431.356821499795   Elapsed: 5431.3s (1h 30m)  86% completed  (86% total)
     Speed:     ev/sec=350.505   simsec/sec=1   ev/simsec=350.505
     Messages:  created: 214974   present: 12   in FES: 7
** Event #1716992   t=5433.357012089106   Elapsed: 5433.3s (1h 30m)  86% completed  (86% total)
     Speed:     ev/sec=255.982   simsec/sec=1.00002   ev/simsec=255.976
     Messages:  created: 215037   present: 11   in FES: 7
** Event #1717504   t=5435.72406148504   Elapsed: 5435.67s (1h 30m)  86% completed  (86% total)
     Speed:     ev/sec=216.293   simsec/sec=0.999952   ev/simsec=216.303
     Messages:  created: 215101   present: 10   in FES: 6
** Event #1718016   t=5438.080388207037   Elapsed: 5438.02s (1h 30m)  86% completed  (86% total)
     Speed:     ev/sec=217.293   simsec/sec=1.00003   ev/simsec=217.287
     Messages:  created: 215165   present: 10   in FES: 6
** Event #1718528   t=5440.596894990959   Elapsed: 5440.54s (1h 30m)  86% completed  (86% total)
     Speed:     ev/sec=203.46   simsec/sec=1.00002   ev/simsec=203.457
     Messages:  created: 215229   present: 10   in FES: 6
** Event #1719040   t=5443.280799586885   Elapsed: 5443.22s (1h 30m)  86% completed  (86% total)
     Speed:     ev/sec=190.763   simsec/sec=0.999978   ev/simsec=190.767
     Messages:  created: 215293   present: 10   in FES: 6
** Event #1719808   t=5445.825244464018   Elapsed: 5445.77s (1h 30m)  86% completed  (86% total)
     Speed:     ev/sec=301.836   simsec/sec=1.00001   ev/simsec=301.834
     Messages:  created: 215390   present: 12   in FES: 7
** Event #1720832   t=5448.405198963345   Elapsed: 5448.35s (1h 30m)  86% completed  (86% total)
     Speed:     ev/sec=396.907   simsec/sec=1   ev/simsec=396.906
     Messages:  created: 215524   present: 28   in FES: 8
** Event #1721856   t=5450.754663704705   Elapsed: 5450.7s (1h 30m)  86% completed  (86% total)
     Speed:     ev/sec=435.844   simsec/sec=1   ev/simsec=435.844
     Messages:  created: 215670   present: 77   in FES: 8
** Event #1722624   t=5453.747565341896   Elapsed: 5453.69s (1h 30m)  86% completed  (86% total)
     Speed:     ev/sec=256.607   simsec/sec=0.999999   ev/simsec=256.607
     Messages:  created: 215741   present: 10   in FES: 6
** Event #1723392   t=5455.853342225465   Elapsed: 5455.8s (1h 30m)  86% completed  (86% total)
     Speed:     ev/sec=364.711   simsec/sec=1   ev/simsec=364.711
     Messages:  created: 215841   present: 20   in FES: 8
** Event #1724160   t=5458.139484230104   Elapsed: 5458.08s (1h 30m)  86% completed  (86% total)
     Speed:     ev/sec=335.937   simsec/sec=0.999998   ev/simsec=335.937
     Messages:  created: 215937   present: 20   in FES: 8
** Event #1724928   t=5460.630826512583   Elapsed: 5460.57s (1h 31m)  86% completed  (86% total)
     Speed:     ev/sec=308.268   simsec/sec=1   ev/simsec=308.268
     Messages:  created: 216030   present: 13   in FES: 8
t=5460.834979 addServer() complete
t=5460.834993 executing setDimmer(0.75)
** Event #1725696   t=5462.918463263475   Elapsed: 5462.86s (1h 31m)  86% completed  (86% total)
     Speed:     ev/sec=335.691   simsec/sec=0.999922   ev/simsec=335.718
     Messages:  created: 216125   present: 12   in FES: 7
** Event #1726464   t=5465.670999681066   Elapsed: 5465.61s (1h 31m)  86% completed  (86% total)
     Speed:     ev/sec=279.034   simsec/sec=1.00007   ev/simsec=279.015
     Messages:  created: 216220   present: 10   in FES: 6
** Event #1727232   t=5467.927275364695   Elapsed: 5467.87s (1h 31m)  86% completed  (86% total)
     Speed:     ev/sec=340.384   simsec/sec=0.999999   ev/simsec=340.384
     Messages:  created: 216319   present: 17   in FES: 7
** Event #1728256   t=5470.149269578447   Elapsed: 5470.09s (1h 31m)  86% completed  (86% total)
     Speed:     ev/sec=460.848   simsec/sec=1   ev/simsec=460.847
     Messages:  created: 216444   present: 10   in FES: 6
** Event #1729024   t=5472.26600940673   Elapsed: 5472.21s (1h 31m)  86% completed  (86% total)
     Speed:     ev/sec=362.822   simsec/sec=0.999999   ev/simsec=362.822
     Messages:  created: 216540   present: 10   in FES: 6
** Event #1729792   t=5474.330577059854   Elapsed: 5474.27s (1h 31m)  86% completed  (86% total)
     Speed:     ev/sec=371.99   simsec/sec=0.999999   ev/simsec=371.991
     Messages:  created: 216638   present: 14   in FES: 8
** Event #1730560   t=5476.566962227255   Elapsed: 5476.51s (1h 31m)  86% completed  (86% total)
     Speed:     ev/sec=343.095   simsec/sec=0.999078   ev/simsec=343.411
     Messages:  created: 216733   present: 12   in FES: 6
** Event #1731328   t=5478.963248449334   Elapsed: 5478.91s (1h 31m)  86% completed  (86% total)
     Speed:     ev/sec=320.773   simsec/sec=1.00086   ev/simsec=320.496
     Messages:  created: 216830   present: 14   in FES: 8
** Event #1732096   t=5481.243650899898   Elapsed: 5481.19s (1h 31m)  87% completed  (87% total)
     Speed:     ev/sec=336.772   simsec/sec=0.999969   ev/simsec=336.783
     Messages:  created: 216924   present: 9   in FES: 5
** Event #1732608   t=5483.479368224886   Elapsed: 5483.42s (1h 31m)  87% completed  (87% total)
     Speed:     ev/sec=229.017   simsec/sec=1.00003   ev/simsec=229.009
     Messages:  created: 216989   present: 11   in FES: 7
** Event #1733376   t=5485.726475761298   Elapsed: 5485.67s (1h 31m)  87% completed  (87% total)
     Speed:     ev/sec=341.772   simsec/sec=0.999999   ev/simsec=341.773
     Messages:  created: 217084   present: 9   in FES: 5
** Event #1734400   t=5488.238310699326   Elapsed: 5488.18s (1h 31m)  87% completed  (87% total)
     Speed:     ev/sec=407.67   simsec/sec=1   ev/simsec=407.67
     Messages:  created: 217212   present: 9   in FES: 5
** Event #1735168   t=5490.403188959034   Elapsed: 5490.35s (1h 31m)  87% completed  (87% total)
     Speed:     ev/sec=354.754   simsec/sec=1   ev/simsec=354.754
     Messages:  created: 217308   present: 10   in FES: 6
** Event #1736192   t=5492.784111933121   Elapsed: 5492.73s (1h 31m)  87% completed  (87% total)
     Speed:     ev/sec=430.085   simsec/sec=1   ev/simsec=430.085
     Messages:  created: 217437   present: 11   in FES: 7
** Event #1736960   t=5494.910736714965   Elapsed: 5494.86s (1h 31m)  87% completed  (87% total)
     Speed:     ev/sec=360.238   simsec/sec=0.997514   ev/simsec=361.136
     Messages:  created: 217533   present: 12   in FES: 7
** Event #1737728   t=5497.240422100699   Elapsed: 5497.18s (1h 31m)  87% completed  (87% total)
     Speed:     ev/sec=330.41   simsec/sec=1.00228   ev/simsec=329.658
     Messages:  created: 217629   present: 11   in FES: 7
** Event #1738496   t=5499.394505633811   Elapsed: 5499.34s (1h 31m)  87% completed  (87% total)
     Speed:     ev/sec=356.533   simsec/sec=1   ev/simsec=356.532
     Messages:  created: 217727   present: 18   in FES: 8
** Event #1739264   t=5501.422849207925   Elapsed: 5501.37s (1h 31m)  87% completed  (87% total)
     Speed:     ev/sec=377.126   simsec/sec=0.996016   ev/simsec=378.634
     Messages:  created: 217821   present: 12   in FES: 7
** Event #1739776   t=5503.46599611818   Elapsed: 5503.41s (1h 31m)  87% completed  (87% total)
     Speed:     ev/sec=251.376   simsec/sec=1.00312   ev/simsec=250.594
     Messages:  created: 217885   present: 12   in FES: 7
** Event #1740288   t=5505.918723538532   Elapsed: 5505.86s (1h 31m)  87% completed  (87% total)
     Speed:     ev/sec=208.896   simsec/sec=1.00071   ev/simsec=208.747
     Messages:  created: 217948   present: 9   in FES: 5
** Event #1740800   t=5508.055348255464   Elapsed: 5508s (1h 31m)  87% completed  (87% total)
     Speed:     ev/sec=239.63   simsec/sec=1   ev/simsec=239.63
     Messages:  created: 218013   present: 11   in FES: 7
** Event #1741824   t=5510.949525865498   Elapsed: 5510.89s (1h 31m)  87% completed  (87% total)
     Speed:     ev/sec=353.814   simsec/sec=1   ev/simsec=353.814
     Messages:  created: 218140   present: 10   in FES: 6
** Event #1742592   t=5513.690788856056   Elapsed: 5513.63s (1h 31m)  87% completed  (87% total)
     Speed:     ev/sec=280.163   simsec/sec=1   ev/simsec=280.163
     Messages:  created: 218236   present: 10   in FES: 6
** Event #1743104   t=5516.377204438792   Elapsed: 5516.32s (1h 31m)  87% completed  (87% total)
     Speed:     ev/sec=190.428   simsec/sec=0.999159   ev/simsec=190.589
     Messages:  created: 218301   present: 12   in FES: 7
** Event #1743872   t=5518.517272689729   Elapsed: 5518.46s (1h 31m)  87% completed  (87% total)
     Speed:     ev/sec=359.246   simsec/sec=1.00106   ev/simsec=358.867
     Messages:  created: 218398   present: 14   in FES: 8
** Event #1745152   t=5520.66064014592   Elapsed: 5520.6s (1h 32m)  87% completed  (87% total)
     Speed:     ev/sec=597.191   simsec/sec=1   ev/simsec=597.191
     Messages:  created: 218556   present: 11   in FES: 7
t=5520.835009 executing setDimmer(1)
** Event #1745664   t=5523.031045876812   Elapsed: 5522.98s (1h 32m)  87% completed  (87% total)
     Speed:     ev/sec=215.32   simsec/sec=0.996865   ev/simsec=215.997
     Messages:  created: 218621   present: 14   in FES: 7
** Event #1746688   t=5525.224536778695   Elapsed: 5525.17s (1h 32m)  87% completed  (87% total)
     Speed:     ev/sec=468.342   simsec/sec=1.00323   ev/simsec=466.836
     Messages:  created: 218749   present: 14   in FES: 6
** Event #1747968   t=5528.017353056227   Elapsed: 5527.96s (1h 32m)  87% completed  (87% total)
     Speed:     ev/sec=458.384   simsec/sec=1.00014   ev/simsec=458.319
     Messages:  created: 218907   present: 9   in FES: 5
** Event #1748480   t=5530.479219640411   Elapsed: 5530.42s (1h 32m)  87% completed  (87% total)
     Speed:     ev/sec=207.973   simsec/sec=1   ev/simsec=207.972
     Messages:  created: 218972   present: 10   in FES: 6
** Event #1749248   t=5533.461874462163   Elapsed: 5533.41s (1h 32m)  87% completed  (87% total)
     Speed:     ev/sec=257.488   simsec/sec=0.999999   ev/simsec=257.489
     Messages:  created: 219067   present: 9   in FES: 5
** Event #1749760   t=5535.693275150937   Elapsed: 5535.64s (1h 32m)  87% completed  (87% total)
     Speed:     ev/sec=229.452   simsec/sec=1   ev/simsec=229.452
     Messages:  created: 219132   present: 10   in FES: 6
** Event #1750272   t=5537.904581458255   Elapsed: 5537.85s (1h 32m)  87% completed  (87% total)
     Speed:     ev/sec=231.537   simsec/sec=0.999999   ev/simsec=231.537
     Messages:  created: 219196   present: 12   in FES: 8
** Event #1750784   t=5540.128690041716   Elapsed: 5540.07s (1h 32m)  87% completed  (87% total)
     Speed:     ev/sec=230.205   simsec/sec=1   ev/simsec=230.205
     Messages:  created: 219260   present: 10   in FES: 6
** Event #1751296   t=5542.540714403295   Elapsed: 5542.48s (1h 32m)  87% completed  (87% total)
     Speed:     ev/sec=212.27   simsec/sec=1   ev/simsec=212.27
     Messages:  created: 219323   present: 9   in FES: 5
** Event #1751808   t=5544.726444697229   Elapsed: 5544.67s (1h 32m)  88% completed  (88% total)
     Speed:     ev/sec=234.247   simsec/sec=1   ev/simsec=234.247
     Messages:  created: 219388   present: 11   in FES: 7
** Event #1752320   t=5546.822041588742   Elapsed: 5546.77s (1h 32m)  88% completed  (88% total)
     Speed:     ev/sec=244.322   simsec/sec=0.999999   ev/simsec=244.322
     Messages:  created: 219452   present: 11   in FES: 7
** Event #1753088   t=5549.204862899135   Elapsed: 5549.15s (1h 32m)  88% completed  (88% total)
     Speed:     ev/sec=322.309   simsec/sec=1   ev/simsec=322.307
     Messages:  created: 219548   present: 10   in FES: 6
** Event #1753856   t=5551.289932755101   Elapsed: 5551.23s (1h 32m)  88% completed  (88% total)
     Speed:     ev/sec=368.331   simsec/sec=0.999995   ev/simsec=368.333
     Messages:  created: 219647   present: 20   in FES: 8
** Event #1754880   t=5553.298750257671   Elapsed: 5553.24s (1h 32m)  88% completed  (88% total)
     Speed:     ev/sec=509.753   simsec/sec=1   ev/simsec=509.753
     Messages:  created: 219775   present: 18   in FES: 8
** Event #1755648   t=5555.652430331066   Elapsed: 5555.6s (1h 32m)  88% completed  (88% total)
     Speed:     ev/sec=326.297   simsec/sec=1   ev/simsec=326.298
     Messages:  created: 219869   present: 13   in FES: 8
** Event #1756416   t=5557.680533980303   Elapsed: 5557.63s (1h 32m)  88% completed  (88% total)
     Speed:     ev/sec=377.106   simsec/sec=0.995847   ev/simsec=378.679
     Messages:  created: 219968   present: 22   in FES: 7
** Event #1757696   t=5560.100596951784   Elapsed: 5560.04s (1h 32m)  88% completed  (88% total)
     Speed:     ev/sec=530.767   simsec/sec=1.00351   ev/simsec=528.912
     Messages:  created: 220124   present: 11   in FES: 7
** Event #1758720   t=5562.145000747883   Elapsed: 5562.09s (1h 32m)  88% completed  (88% total)
     Speed:     ev/sec=500.187   simsec/sec=0.998617   ev/simsec=500.88
     Messages:  created: 220259   present: 30   in FES: 7
** Event #1759744   t=5564.549364170844   Elapsed: 5564.49s (1h 32m)  88% completed  (88% total)
     Speed:     ev/sec=426.394   simsec/sec=1.00118   ev/simsec=425.892
     Messages:  created: 220383   present: 18   in FES: 8
** Event #1760512   t=5566.935041380916   Elapsed: 5566.88s (1h 32m)  88% completed  (88% total)
     Speed:     ev/sec=321.922   simsec/sec=1   ev/simsec=321.921
     Messages:  created: 220475   present: 9   in FES: 5
** Event #1761536   t=5569.650705873071   Elapsed: 5569.59s (1h 32m)  88% completed  (88% total)
     Speed:     ev/sec=377.071   simsec/sec=0.999999   ev/simsec=377.072
     Messages:  created: 220604   present: 11   in FES: 7
** Event #1762048   t=5571.699798294094   Elapsed: 5571.64s (1h 32m)  88% completed  (88% total)
     Speed:     ev/sec=249.867   simsec/sec=1   ev/simsec=249.867
     Messages:  created: 220668   present: 10   in FES: 6
** Event #1762816   t=5574.630779808321   Elapsed: 5574.57s (1h 32m)  88% completed  (88% total)
     Speed:     ev/sec=262.028   simsec/sec=0.999999   ev/simsec=262.028
     Messages:  created: 220763   present: 9   in FES: 5
** Event #1763584   t=5576.933670998984   Elapsed: 5576.88s (1h 32m)  88% completed  (88% total)
     Speed:     ev/sec=333.494   simsec/sec=1   ev/simsec=333.494
     Messages:  created: 220860   present: 12   in FES: 7
** Event #1764608   t=5579.443891866354   Elapsed: 5579.39s (1h 32m)  88% completed  (88% total)
     Speed:     ev/sec=407.932   simsec/sec=1   ev/simsec=407.932
     Messages:  created: 220988   present: 11   in FES: 6
t=5580.834992 executing removeServer()
scheduled complete remove at 5580.901407488938
** Event #1765888   t=5581.859812300205   Elapsed: 5581.8s (1h 33m)  88% completed  (88% total)
     Speed:     ev/sec=529.819   simsec/sec=1   ev/simsec=529.819
     Messages:  created: 221166   present: 56   in FES: 7
** Event #1766912   t=5584.028057648489   Elapsed: 5583.97s (1h 33m)  88% completed  (88% total)
     Speed:     ev/sec=472.271   simsec/sec=1   ev/simsec=472.271
     Messages:  created: 221309   present: 94   in FES: 7
** Event #1767936   t=5586.430835635057   Elapsed: 5586.37s (1h 33m)  88% completed  (88% total)
     Speed:     ev/sec=426.174   simsec/sec=1   ev/simsec=426.173
     Messages:  created: 221437   present: 94   in FES: 7
** Event #1768704   t=5588.5857781105   Elapsed: 5588.53s (1h 33m)  88% completed  (88% total)
     Speed:     ev/sec=356.39   simsec/sec=1   ev/simsec=356.39
     Messages:  created: 221530   present: 86   in FES: 7
** Event #1769472   t=5590.868727299425   Elapsed: 5590.81s (1h 33m)  88% completed  (88% total)
     Speed:     ev/sec=336.407   simsec/sec=0.999999   ev/simsec=336.407
     Messages:  created: 221610   present: 45   in FES: 6
** Event #1770240   t=5593.06364514748   Elapsed: 5593.01s (1h 33m)  88% completed  (88% total)
     Speed:     ev/sec=349.899   simsec/sec=1   ev/simsec=349.899
     Messages:  created: 221699   present: 25   in FES: 6
** Event #1771008   t=5595.755895669053   Elapsed: 5595.7s (1h 33m)  88% completed  (88% total)
     Speed:     ev/sec=285.263   simsec/sec=1   ev/simsec=285.263
     Messages:  created: 221791   present: 16   in FES: 7
** Event #1771776   t=5598.153601019229   Elapsed: 5598.1s (1h 33m)  88% completed  (88% total)
     Speed:     ev/sec=320.306   simsec/sec=0.999999   ev/simsec=320.306
     Messages:  created: 221887   present: 14   in FES: 7
** Event #1772544   t=5600.389216568032   Elapsed: 5600.33s (1h 33m)  88% completed  (88% total)
     Speed:     ev/sec=343.529   simsec/sec=1   ev/simsec=343.53
     Messages:  created: 221988   present: 29   in FES: 7
** Event #1773312   t=5602.389273154065   Elapsed: 5602.33s (1h 33m)  88% completed  (88% total)
     Speed:     ev/sec=383.989   simsec/sec=1   ev/simsec=383.989
     Messages:  created: 222079   present: 15   in FES: 7
** Event #1774080   t=5604.651706909933   Elapsed: 5604.6s (1h 33m)  88% completed  (88% total)
     Speed:     ev/sec=339.458   simsec/sec=1   ev/simsec=339.457
     Messages:  created: 222174   present: 13   in FES: 7
** Event #1775104   t=5607.472944695701   Elapsed: 5607.42s (1h 33m)  89% completed  (89% total)
     Speed:     ev/sec=362.961   simsec/sec=1   ev/simsec=362.961
     Messages:  created: 222303   present: 14   in FES: 7
** Event #1775872   t=5609.675553044726   Elapsed: 5609.64s (1h 33m)  89% completed  (89% total)
     Speed:     ev/sec=345.851   simsec/sec=0.991892   ev/simsec=348.678
     Messages:  created: 222406   present: 34   in FES: 6
** Event #1776896   t=5612.188629191419   Elapsed: 5612.14s (1h 33m)  89% completed  (89% total)
     Speed:     ev/sec=408.314   simsec/sec=1.00208   ev/simsec=407.469
     Messages:  created: 222534   present: 34   in FES: 6
** Event #1777920   t=5614.538473859998   Elapsed: 5614.49s (1h 33m)  89% completed  (89% total)
     Speed:     ev/sec=436.65   simsec/sec=1.00201   ev/simsec=435.773
     Messages:  created: 222668   present: 50   in FES: 6
** Event #1779200   t=5616.844063682351   Elapsed: 5616.79s (1h 33m)  89% completed  (89% total)
     Speed:     ev/sec=557.126   simsec/sec=1.00352   ev/simsec=555.172
     Messages:  created: 222865   present: 149   in FES: 7
** Event #1780224   t=5619.09208971911   Elapsed: 5619.04s (1h 33m)  89% completed  (89% total)
     Speed:     ev/sec=455.511   simsec/sec=1   ev/simsec=455.511
     Messages:  created: 223016   present: 205   in FES: 7
** Event #1781248   t=5621.400337654525   Elapsed: 5621.35s (1h 33m)  89% completed  (89% total)
     Speed:     ev/sec=443.321   simsec/sec=0.99931   ev/simsec=443.627
     Messages:  created: 223154   present: 227   in FES: 6
** Event #1782272   t=5623.850608163027   Elapsed: 5623.79s (1h 33m)  89% completed  (89% total)
     Speed:     ev/sec=418.184   simsec/sec=1.00065   ev/simsec=417.913
     Messages:  created: 223283   present: 230   in FES: 7
** Event #1783296   t=5626.158782778417   Elapsed: 5626.1s (1h 33m)  89% completed  (89% total)
     Speed:     ev/sec=443.641   simsec/sec=1   ev/simsec=443.641
     Messages:  created: 223417   present: 243   in FES: 7
** Event #1784320   t=5628.292729502107   Elapsed: 5628.24s (1h 33m)  89% completed  (89% total)
     Speed:     ev/sec=479.862   simsec/sec=0.999999   ev/simsec=479.862
     Messages:  created: 223553   present: 259   in FES: 7
** Event #1785344   t=5630.80848857353   Elapsed: 5630.75s (1h 33m)  89% completed  (89% total)
     Speed:     ev/sec=407.034   simsec/sec=0.999999   ev/simsec=407.034
     Messages:  created: 223676   present: 250   in FES: 7
** Event #1786368   t=5633.438882288573   Elapsed: 5633.38s (1h 33m)  89% completed  (89% total)
     Speed:     ev/sec=389.296   simsec/sec=1   ev/simsec=389.295
     Messages:  created: 223793   present: 227   in FES: 8
** Event #1787392   t=5635.631696999428   Elapsed: 5635.58s (1h 33m)  89% completed  (89% total)
     Speed:     ev/sec=466.024   simsec/sec=0.997953   ev/simsec=466.98
     Messages:  created: 223924   present: 233   in FES: 6
** Event #1788416   t=5637.689131801177   Elapsed: 5637.63s (1h 33m)  89% completed  (89% total)
     Speed:     ev/sec=498.797   simsec/sec=1.00219   ev/simsec=497.707
     Messages:  created: 224072   present: 274   in FES: 7
** Event #1789440   t=5640.121113167716   Elapsed: 5640.07s (1h 34m)  89% completed  (89% total)
     Speed:     ev/sec=420.271   simsec/sec=0.998136   ev/simsec=421.056
     Messages:  created: 224195   present: 264   in FES: 6
t=5640.834983 executing addServer()
adding server with latency=60
** Event #1790208   t=5642.730145744137   Elapsed: 5642.67s (1h 34m)  89% completed  (89% total)
     Speed:     ev/sec=294.875   simsec/sec=1.00174   ev/simsec=294.362
     Messages:  created: 224255   present: 184   in FES: 8
** Event #1790976   t=5644.761567930794   Elapsed: 5644.7s (1h 34m)  89% completed  (89% total)
     Speed:     ev/sec=378.061   simsec/sec=1   ev/simsec=378.06
     Messages:  created: 224340   present: 156   in FES: 8
** Event #1791744   t=5647.323709572614   Elapsed: 5647.27s (1h 34m)  89% completed  (89% total)
     Speed:     ev/sec=299.749   simsec/sec=1   ev/simsec=299.749
     Messages:  created: 224404   present: 69   in FES: 8
** Event #1792512   t=5649.451372894771   Elapsed: 5649.39s (1h 34m)  89% completed  (89% total)
     Speed:     ev/sec=360.959   simsec/sec=1   ev/simsec=360.959
     Messages:  created: 224483   present: 25   in FES: 7
** Event #1793280   t=5651.7361666172   Elapsed: 5651.68s (1h 34m)  89% completed  (89% total)
     Speed:     ev/sec=335.457   simsec/sec=0.997982   ev/simsec=336.135
     Messages:  created: 224575   present: 14   in FES: 7
** Event #1793792   t=5654.093016092467   Elapsed: 5654.04s (1h 34m)  89% completed  (89% total)
     Speed:     ev/sec=217.665   simsec/sec=1.00196   ev/simsec=217.239
     Messages:  created: 224638   present: 11   in FES: 7
** Event #1794304   t=5656.484159160408   Elapsed: 5656.43s (1h 34m)  89% completed  (89% total)
     Speed:     ev/sec=214.124   simsec/sec=1   ev/simsec=214.124
     Messages:  created: 224702   present: 10   in FES: 6
** Event #1794816   t=5658.741532547045   Elapsed: 5658.68s (1h 34m)  89% completed  (89% total)
     Speed:     ev/sec=226.813   simsec/sec=1   ev/simsec=226.812
     Messages:  created: 224766   present: 12   in FES: 8
** Event #1795584   t=5660.871121901834   Elapsed: 5660.81s (1h 34m)  89% completed  (89% total)
     Speed:     ev/sec=360.633   simsec/sec=1   ev/simsec=360.633
     Messages:  created: 224869   present: 29   in FES: 8
** Event #1796608   t=5663.141164916598   Elapsed: 5663.08s (1h 34m)  89% completed  (89% total)
     Speed:     ev/sec=451.093   simsec/sec=1   ev/simsec=451.093
     Messages:  created: 225011   present: 68   in FES: 8
** Event #1797376   t=5665.373994474457   Elapsed: 5665.32s (1h 34m)  89% completed  (89% total)
     Speed:     ev/sec=343.958   simsec/sec=0.999999   ev/simsec=343.958
     Messages:  created: 225097   present: 40   in FES: 8
** Event #1798400   t=5667.876033222712   Elapsed: 5667.82s (1h 34m)  89% completed  (89% total)
     Speed:     ev/sec=409.266   simsec/sec=1   ev/simsec=409.266
     Messages:  created: 225234   present: 64   in FES: 8
** Event #1799168   t=5669.997408504631   Elapsed: 5669.94s (1h 34m)  89% completed  (89% total)
     Speed:     ev/sec=362.029   simsec/sec=1   ev/simsec=362.029
     Messages:  created: 225317   present: 29   in FES: 8
** Event #1799680   t=5672.028641888859   Elapsed: 5671.97s (1h 34m)  90% completed  (90% total)
     Speed:     ev/sec=252.064   simsec/sec=1   ev/simsec=252.064
     Messages:  created: 225374   present: 10   in FES: 6
** Event #1800448   t=5674.584909195283   Elapsed: 5674.54s (1h 34m)  90% completed  (90% total)
     Speed:     ev/sec=299.35   simsec/sec=0.996377   ev/simsec=300.438
     Messages:  created: 225471   present: 14   in FES: 7
** Event #1801216   t=5676.727737772541   Elapsed: 5676.67s (1h 34m)  90% completed  (90% total)
     Speed:     ev/sec=359.966   simsec/sec=1.00436   ev/simsec=358.405
     Messages:  created: 225568   present: 17   in FES: 8
** Event #1801984   t=5679.01564937254   Elapsed: 5678.96s (1h 34m)  90% completed  (90% total)
     Speed:     ev/sec=335.677   simsec/sec=0.999999   ev/simsec=335.677
     Messages:  created: 225662   present: 10   in FES: 6
** Event #1802752   t=5681.080224531419   Elapsed: 5681.02s (1h 34m)  90% completed  (90% total)
     Speed:     ev/sec=371.989   simsec/sec=1   ev/simsec=371.989
     Messages:  created: 225763   present: 24   in FES: 8
** Event #1803520   t=5684.010957968024   Elapsed: 5683.95s (1h 34m)  90% completed  (90% total)
     Speed:     ev/sec=262.051   simsec/sec=1   ev/simsec=262.05
     Messages:  created: 225856   present: 16   in FES: 8
** Event #1804032   t=5686.061774220277   Elapsed: 5686.02s (1h 34m)  90% completed  (90% total)
     Speed:     ev/sec=247.288   simsec/sec=0.990513   ev/simsec=249.657
     Messages:  created: 225919   present: 14   in FES: 7
** Event #1804800   t=5688.638586913008   Elapsed: 5688.58s (1h 34m)  90% completed  (90% total)
     Speed:     ev/sec=300.332   simsec/sec=1.00768   ev/simsec=298.043
     Messages:  created: 226017   present: 18   in FES: 8
** Event #1805824   t=5691.008369280639   Elapsed: 5690.96s (1h 34m)  90% completed  (90% total)
     Speed:     ev/sec=430.453   simsec/sec=0.996171   ev/simsec=432.107
     Messages:  created: 226146   present: 22   in FES: 7
** Event #1806592   t=5693.028161125654   Elapsed: 5692.97s (1h 34m)  90% completed  (90% total)
     Speed:     ev/sec=381.96   simsec/sec=1.00453   ev/simsec=380.237
     Messages:  created: 226240   present: 17   in FES: 8
** Event #1807360   t=5695.397536525282   Elapsed: 5695.36s (1h 34m)  90% completed  (90% total)
     Speed:     ev/sec=321.478   simsec/sec=0.9918   ev/simsec=324.136
     Messages:  created: 226338   present: 22   in FES: 7
** Event #1808384   t=5698.158507148388   Elapsed: 5698.13s (1h 34m)  90% completed  (90% total)
     Speed:     ev/sec=369.683   simsec/sec=0.996762   ev/simsec=370.884
     Messages:  created: 226463   present: 14   in FES: 7
t=5700.834983 addServer() complete
t=5700.834997 executing setDimmer(0.75)
** Event #1809152   t=5701.001498997146   Elapsed: 5700.97s (1h 35m)  90% completed  (90% total)
     Speed:     ev/sec=270.308   simsec/sec=1.00063   ev/simsec=270.138
     Messages:  created: 226557   present: 10   in FES: 6
** Event #1809920   t=5703.665020478596   Elapsed: 5703.61s (1h 35m)  90% completed  (90% total)
     Speed:     ev/sec=291.265   simsec/sec=1.01014   ev/simsec=288.34
     Messages:  created: 226653   present: 9   in FES: 5
** Event #1810688   t=5706.281084659544   Elapsed: 5706.22s (1h 35m)  90% completed  (90% total)
     Speed:     ev/sec=293.573   simsec/sec=1.00001   ev/simsec=293.571
     Messages:  created: 226749   present: 9   in FES: 5
** Event #1811200   t=5708.707546743697   Elapsed: 5708.65s (1h 35m)  90% completed  (90% total)
     Speed:     ev/sec=211.007   simsec/sec=1   ev/simsec=211.007
     Messages:  created: 226814   present: 12   in FES: 8
** Event #1812224   t=5711.037209231937   Elapsed: 5710.98s (1h 35m)  90% completed  (90% total)
     Speed:     ev/sec=439.548   simsec/sec=0.999999   ev/simsec=439.549
     Messages:  created: 226943   present: 16   in FES: 8
** Event #1813760   t=5713.178275672545   Elapsed: 5713.13s (1h 35m)  90% completed  (90% total)
     Speed:     ev/sec=715.571   simsec/sec=0.997451   ev/simsec=717.4
     Messages:  created: 227136   present: 18   in FES: 7
** Event #1814528   t=5715.76668548491   Elapsed: 5715.71s (1h 35m)  90% completed  (90% total)
     Speed:     ev/sec=297.336   simsec/sec=1.00212   ev/simsec=296.707
     Messages:  created: 227230   present: 12   in FES: 6
** Event #1815296   t=5718.384004694311   Elapsed: 5718.33s (1h 35m)  90% completed  (90% total)
     Speed:     ev/sec=293.43   simsec/sec=1   ev/simsec=293.43
     Messages:  created: 227325   present: 9   in FES: 5
** Event #1816064   t=5720.871842759859   Elapsed: 5720.83s (1h 35m)  90% completed  (90% total)
     Speed:     ev/sec=306.292   simsec/sec=0.992194   ev/simsec=308.702
     Messages:  created: 227421   present: 10   in FES: 6
** Event #1816832   t=5723.106815747541   Elapsed: 5723.05s (1h 35m)  90% completed  (90% total)
     Speed:     ev/sec=346.526   simsec/sec=1.00843   ev/simsec=343.628
     Messages:  created: 227517   present: 10   in FES: 6
** Event #1818112   t=5725.183229069714   Elapsed: 5725.15s (1h 35m)  90% completed  (90% total)
     Speed:     ev/sec=610.762   simsec/sec=0.990776   ev/simsec=616.448
     Messages:  created: 227680   present: 18   in FES: 7
** Event #1819136   t=5727.42559544738   Elapsed: 5727.37s (1h 35m)  90% completed  (90% total)
     Speed:     ev/sec=460.815   simsec/sec=1.0091   ev/simsec=456.66
     Messages:  created: 227805   present: 9   in FES: 5
** Event #1819904   t=5730.029706682459   Elapsed: 5729.97s (1h 35m)  90% completed  (90% total)
     Speed:     ev/sec=294.911   simsec/sec=0.999974   ev/simsec=294.918
     Messages:  created: 227901   present: 9   in FES: 5
** Event #1820416   t=5732.157148733505   Elapsed: 5732.12s (1h 35m)  90% completed  (90% total)
     Speed:     ev/sec=238.889   simsec/sec=0.99262   ev/simsec=240.665
     Messages:  created: 227965   present: 10   in FES: 6
** Event #1821440   t=5734.59337809665   Elapsed: 5734.54s (1h 35m)  91% completed  (91% total)
     Speed:     ev/sec=423.079   simsec/sec=1.00656   ev/simsec=420.322
     Messages:  created: 228094   present: 12   in FES: 7
** Event #1822464   t=5737.432310160463   Elapsed: 5737.38s (1h 35m)  91% completed  (91% total)
     Speed:     ev/sec=360.7   simsec/sec=1   ev/simsec=360.699
     Messages:  created: 228223   present: 15   in FES: 8
** Event #1823232   t=5739.993255084436   Elapsed: 5739.95s (1h 35m)  91% completed  (91% total)
     Speed:     ev/sec=298.391   simsec/sec=0.995003   ev/simsec=299.889
     Messages:  created: 228317   present: 10   in FES: 6
** Event #1824256   t=5742.700922714143   Elapsed: 5742.64s (1h 35m)  91% completed  (91% total)
     Speed:     ev/sec=379.99   simsec/sec=1.00477   ev/simsec=378.185
     Messages:  created: 228445   present: 9   in FES: 5
** Event #1824768   t=5744.940402108258   Elapsed: 5744.88s (1h 35m)  91% completed  (91% total)
     Speed:     ev/sec=228.625   simsec/sec=1   ev/simsec=228.625
     Messages:  created: 228509   present: 9   in FES: 5
** Event #1825792   t=5747.096103852317   Elapsed: 5747.04s (1h 35m)  91% completed  (91% total)
     Speed:     ev/sec=475.019   simsec/sec=1   ev/simsec=475.019
     Messages:  created: 228639   present: 14   in FES: 8
** Event #1826560   t=5749.151213774189   Elapsed: 5749.09s (1h 35m)  91% completed  (91% total)
     Speed:     ev/sec=373.702   simsec/sec=0.999999   ev/simsec=373.703
     Messages:  created: 228733   present: 9   in FES: 5
** Event #1827072   t=5751.539013059297   Elapsed: 5751.49s (1h 35m)  91% completed  (91% total)
     Speed:     ev/sec=213.832   simsec/sec=0.997244   ev/simsec=214.423
     Messages:  created: 228797   present: 10   in FES: 6
** Event #1827840   t=5753.914348441611   Elapsed: 5753.86s (1h 35m)  91% completed  (91% total)
     Speed:     ev/sec=324.223   simsec/sec=1.00279   ev/simsec=323.323
     Messages:  created: 228894   present: 12   in FES: 6
** Event #1828608   t=5757.339479409464   Elapsed: 5757.28s (1h 35m)  91% completed  (91% total)
     Speed:     ev/sec=224.189   simsec/sec=0.999839   ev/simsec=224.225
     Messages:  created: 228989   present: 10   in FES: 6
** Event #1829376   t=5760.409032685758   Elapsed: 5760.35s (1h 36m)  91% completed  (91% total)
     Speed:     ev/sec=250.244   simsec/sec=1.00018   ev/simsec=250.199
     Messages:  created: 229085   present: 10   in FES: 6
t=5760.834996 executing setDimmer(1)
** Event #1830144   t=5763.091716900963   Elapsed: 5763.04s (1h 36m)  91% completed  (91% total)
     Speed:     ev/sec=286.28   simsec/sec=0.999997   ev/simsec=286.28
     Messages:  created: 229181   present: 11   in FES: 7
** Event #1830912   t=5765.144943536952   Elapsed: 5765.09s (1h 36m)  91% completed  (91% total)
     Speed:     ev/sec=374.047   simsec/sec=1   ev/simsec=374.045
     Messages:  created: 229277   present: 11   in FES: 7
** Event #1831680   t=5767.272952370772   Elapsed: 5767.22s (1h 36m)  91% completed  (91% total)
     Speed:     ev/sec=360.901   simsec/sec=1   ev/simsec=360.901
     Messages:  created: 229372   present: 10   in FES: 6
** Event #1832448   t=5769.867473811363   Elapsed: 5769.81s (1h 36m)  91% completed  (91% total)
     Speed:     ev/sec=296.008   simsec/sec=1   ev/simsec=296.008
     Messages:  created: 229468   present: 10   in FES: 6
** Event #1833216   t=5772.058479271424   Elapsed: 5772s (1h 36m)  91% completed  (91% total)
     Speed:     ev/sec=350.524   simsec/sec=1   ev/simsec=350.524
     Messages:  created: 229565   present: 11   in FES: 7
** Event #1834240   t=5774.97036109297   Elapsed: 5774.91s (1h 36m)  91% completed  (91% total)
     Speed:     ev/sec=351.662   simsec/sec=1   ev/simsec=351.663
     Messages:  created: 229692   present: 10   in FES: 6
** Event #1834752   t=5777.012625588112   Elapsed: 5776.96s (1h 36m)  91% completed  (91% total)
     Speed:     ev/sec=250.59   simsec/sec=0.999552   ev/simsec=250.702
     Messages:  created: 229757   present: 12   in FES: 7
** Event #1836032   t=5779.408469856038   Elapsed: 5779.35s (1h 36m)  91% completed  (91% total)
     Speed:     ev/sec=534.463   simsec/sec=1.00038   ev/simsec=534.258
     Messages:  created: 229916   present: 9   in FES: 5
** Event #1837312   t=5782.010124942047   Elapsed: 5781.97s (1h 36m)  91% completed  (91% total)
     Speed:     ev/sec=489.266   simsec/sec=0.994453   ev/simsec=491.995
     Messages:  created: 230077   present: 12   in FES: 7
** Event #1838080   t=5784.211175362218   Elapsed: 5784.15s (1h 36m)  91% completed  (91% total)
     Speed:     ev/sec=351.24   simsec/sec=1.00664   ev/simsec=348.924
     Messages:  created: 230172   present: 9   in FES: 5
** Event #1839104   t=5786.346962353329   Elapsed: 5786.29s (1h 36m)  91% completed  (91% total)
     Speed:     ev/sec=479.449   simsec/sec=1   ev/simsec=479.449
     Messages:  created: 230302   present: 15   in FES: 8
** Event #1840384   t=5788.689566091147   Elapsed: 5788.63s (1h 36m)  91% completed  (91% total)
     Speed:     ev/sec=546.4   simsec/sec=0.999999   ev/simsec=546.401
     Messages:  created: 230462   present: 15   in FES: 7
** Event #1841408   t=5791.914712278491   Elapsed: 5791.86s (1h 36m)  91% completed  (91% total)
     Speed:     ev/sec=317.505   simsec/sec=1   ev/simsec=317.505
     Messages:  created: 230588   present: 10   in FES: 6
** Event #1841920   t=5794.646211765949   Elapsed: 5794.6s (1h 36m)  91% completed  (91% total)
     Speed:     ev/sec=186.867   simsec/sec=0.996929   ev/simsec=187.443
     Messages:  created: 230653   present: 12   in FES: 7
** Event #1842432   t=5796.969479553874   Elapsed: 5796.91s (1h 36m)  92% completed  (92% total)
     Speed:     ev/sec=221.18   simsec/sec=1.00363   ev/simsec=220.379
     Messages:  created: 230717   present: 11   in FES: 7
** Event #1842944   t=5799.171066415339   Elapsed: 5799.11s (1h 36m)  92% completed  (92% total)
     Speed:     ev/sec=232.56   simsec/sec=1   ev/simsec=232.56
     Messages:  created: 230780   present: 10   in FES: 6
** Event #1843968   t=5801.734986302027   Elapsed: 5801.69s (1h 36m)  92% completed  (92% total)
     Speed:     ev/sec=397.677   simsec/sec=0.995714   ev/simsec=399.388
     Messages:  created: 230909   present: 12   in FES: 7
** Event #1844736   t=5804.700934883604   Elapsed: 5804.64s (1h 36m)  92% completed  (92% total)
     Speed:     ev/sec=259.906   simsec/sec=1.00373   ev/simsec=258.939
     Messages:  created: 231004   present: 9   in FES: 5
** Event #1845248   t=5806.764266661777   Elapsed: 5806.71s (1h 36m)  92% completed  (92% total)
     Speed:     ev/sec=248.143   simsec/sec=1   ev/simsec=248.142
     Messages:  created: 231069   present: 11   in FES: 7
** Event #1846016   t=5809.209326096057   Elapsed: 5809.15s (1h 36m)  92% completed  (92% total)
     Speed:     ev/sec=314.103   simsec/sec=1   ev/simsec=314.103
     Messages:  created: 231164   present: 10   in FES: 6
** Event #1846528   t=5811.840759718948   Elapsed: 5811.78s (1h 36m)  92% completed  (92% total)
     Speed:     ev/sec=194.571   simsec/sec=0.999999   ev/simsec=194.571
     Messages:  created: 231228   present: 10   in FES: 6
** Event #1847296   t=5814.277085547614   Elapsed: 5814.22s (1h 36m)  92% completed  (92% total)
     Speed:     ev/sec=315.234   simsec/sec=1.00002   ev/simsec=315.229
     Messages:  created: 231324   present: 9   in FES: 5
** Event #1847808   t=5816.641204497513   Elapsed: 5816.58s (1h 36m)  92% completed  (92% total)
     Speed:     ev/sec=216.568   simsec/sec=0.999984   ev/simsec=216.571
     Messages:  created: 231389   present: 11   in FES: 6
** Event #1848576   t=5818.874698934956   Elapsed: 5818.83s (1h 36m)  92% completed  (92% total)
     Speed:     ev/sec=342.605   simsec/sec=0.996363   ev/simsec=343.856
     Messages:  created: 231485   present: 12   in FES: 6
t=5820.834979 executing removeServer()
scheduled complete remove at 5820.853645426649
** Event #1849600   t=5821.409305638244   Elapsed: 5821.35s (1h 37m)  92% completed  (92% total)
     Speed:     ev/sec=405.311   simsec/sec=1.00323   ev/simsec=404.007
     Messages:  created: 231615   present: 13   in FES: 7
** Event #1850368   t=5823.579738169962   Elapsed: 5823.52s (1h 37m)  92% completed  (92% total)
     Speed:     ev/sec=353.847   simsec/sec=1   ev/simsec=353.847
     Messages:  created: 231710   present: 11   in FES: 6
** Event #1851136   t=5825.666362538813   Elapsed: 5825.61s (1h 37m)  92% completed  (92% total)
     Speed:     ev/sec=367.982   simsec/sec=0.999793   ev/simsec=368.059
     Messages:  created: 231811   present: 24   in FES: 6
** Event #1852160   t=5828.194794882706   Elapsed: 5828.14s (1h 37m)  92% completed  (92% total)
     Speed:     ev/sec=405.063   simsec/sec=1.00017   ev/simsec=404.994
     Messages:  created: 231938   present: 21   in FES: 6
** Event #1852928   t=5830.662304077919   Elapsed: 5830.61s (1h 37m)  92% completed  (92% total)
     Speed:     ev/sec=310.461   simsec/sec=0.997482   ev/simsec=311.245
     Messages:  created: 232029   present: 8   in FES: 5
** Event #1853952   t=5832.738736004434   Elapsed: 5832.69s (1h 37m)  92% completed  (92% total)
     Speed:     ev/sec=493.9   simsec/sec=1.00151   ev/simsec=493.154
     Messages:  created: 232178   present: 64   in FES: 6
** Event #1854976   t=5835.373775368284   Elapsed: 5835.32s (1h 37m)  92% completed  (92% total)
     Speed:     ev/sec=389.027   simsec/sec=1.00108   ev/simsec=388.609
     Messages:  created: 232288   present: 16   in FES: 5
** Event #1856000   t=5837.657105374215   Elapsed: 5837.6s (1h 37m)  92% completed  (92% total)
     Speed:     ev/sec=448.507   simsec/sec=1.00009   ev/simsec=448.468
     Messages:  created: 232431   present: 55   in FES: 7
** Event #1857024   t=5839.849231541411   Elapsed: 5839.79s (1h 37m)  92% completed  (92% total)
     Speed:     ev/sec=467.14   simsec/sec=1.00003   ev/simsec=467.126
     Messages:  created: 232577   present: 103   in FES: 7
** Event #1858048   t=5842.508106124585   Elapsed: 5842.45s (1h 37m)  92% completed  (92% total)
     Speed:     ev/sec=385.125   simsec/sec=1   ev/simsec=385.125
     Messages:  created: 232692   present: 70   in FES: 7
** Event #1858816   t=5844.674801351683   Elapsed: 5844.63s (1h 37m)  92% completed  (92% total)
     Speed:     ev/sec=352.612   simsec/sec=0.994795   ev/simsec=354.457
     Messages:  created: 232768   present: 16   in FES: 6
** Event #1859584   t=5846.796420855223   Elapsed: 5846.74s (1h 37m)  92% completed  (92% total)
     Speed:     ev/sec=363.499   simsec/sec=1.00418   ev/simsec=361.988
     Messages:  created: 232864   present: 16   in FES: 6
** Event #1860352   t=5849.165890608218   Elapsed: 5849.11s (1h 37m)  92% completed  (92% total)
     Speed:     ev/sec=324.467   simsec/sec=1.00106   ev/simsec=324.123
     Messages:  created: 232958   present: 11   in FES: 6
** Event #1861376   t=5851.694198657933   Elapsed: 5851.64s (1h 37m)  92% completed  (92% total)
     Speed:     ev/sec=405.014   simsec/sec=1   ev/simsec=405.014
     Messages:  created: 233088   present: 15   in FES: 6
** Event #1862144   t=5854.871696559628   Elapsed: 5854.83s (1h 37m)  92% completed  (92% total)
     Speed:     ev/sec=240.215   simsec/sec=0.993859   ev/simsec=241.7
     Messages:  created: 233181   present: 8   in FES: 5
** Event #1863168   t=5857.331492560535   Elapsed: 5857.27s (1h 37m)  92% completed  (92% total)
     Speed:     ev/sec=419.644   simsec/sec=1.00805   ev/simsec=416.295
     Messages:  created: 233333   present: 71   in FES: 7
** Event #1863936   t=5859.414054020992   Elapsed: 5859.36s (1h 37m)  93% completed  (93% total)
     Speed:     ev/sec=368.777   simsec/sec=1   ev/simsec=368.777
     Messages:  created: 233431   present: 76   in FES: 7
** Event #1864960   t=5861.482601811004   Elapsed: 5861.43s (1h 37m)  93% completed  (93% total)
     Speed:     ev/sec=495.033   simsec/sec=1   ev/simsec=495.033
     Messages:  created: 233568   present: 102   in FES: 7
** Event #1865984   t=5863.530479505061   Elapsed: 5863.47s (1h 37m)  93% completed  (93% total)
     Speed:     ev/sec=500.029   simsec/sec=0.999998   ev/simsec=500.03
     Messages:  created: 233705   present: 126   in FES: 7
** Event #1866752   t=5865.659098038323   Elapsed: 5865.6s (1h 37m)  93% completed  (93% total)
     Speed:     ev/sec=360.798   simsec/sec=1   ev/simsec=360.797
     Messages:  created: 233790   present: 95   in FES: 7
** Event #1867776   t=5868.159445254076   Elapsed: 5868.1s (1h 37m)  93% completed  (93% total)
     Speed:     ev/sec=409.543   simsec/sec=1   ev/simsec=409.543
     Messages:  created: 233893   present: 29   in FES: 7
** Event #1868800   t=5870.388658909222   Elapsed: 5870.33s (1h 37m)  93% completed  (93% total)
     Speed:     ev/sec=459.355   simsec/sec=1   ev/simsec=459.355
     Messages:  created: 234032   present: 59   in FES: 7
** Event #1869824   t=5872.565454366965   Elapsed: 5872.51s (1h 37m)  93% completed  (93% total)
     Speed:     ev/sec=469.453   simsec/sec=0.997953   ev/simsec=470.416
     Messages:  created: 234159   present: 56   in FES: 6
** Event #1870848   t=5875.070107938835   Elapsed: 5875.01s (1h 37m)  93% completed  (93% total)
     Speed:     ev/sec=409.569   simsec/sec=1.00179   ev/simsec=408.839
     Messages:  created: 234290   present: 63   in FES: 7
** Event #1871616   t=5877.949983494585   Elapsed: 5877.9s (1h 37m)  93% completed  (93% total)
     Speed:     ev/sec=265.892   simsec/sec=0.997053   ev/simsec=266.678
     Messages:  created: 234365   present: 8   in FES: 5
** Event #1872128   t=5880.044474996795   Elapsed: 5879.99s (1h 37m)  93% completed  (93% total)
     Speed:     ev/sec=245.449   simsec/sec=1.00408   ev/simsec=244.451
     Messages:  created: 234431   present: 13   in FES: 7
t=5880.834978 executing addServer()
adding server with latency=60
** Event #1872640   t=5882.516210475698   Elapsed: 5882.46s (1h 38m)  93% completed  (93% total)
     Speed:     ev/sec=207.142   simsec/sec=0.999999   ev/simsec=207.142
     Messages:  created: 234494   present: 10   in FES: 6
** Event #1873664   t=5884.925397678883   Elapsed: 5884.9s (1h 38m)  93% completed  (93% total)
     Speed:     ev/sec=419.604   simsec/sec=0.987212   ev/simsec=425.04
     Messages:  created: 234635   present: 44   in FES: 7
** Event #1874688   t=5887.451660814616   Elapsed: 5887.39s (1h 38m)  93% completed  (93% total)
     Speed:     ev/sec=410.412   simsec/sec=1.01251   ev/simsec=405.342
     Messages:  created: 234761   present: 39   in FES: 8
** Event #1875456   t=5889.879378493116   Elapsed: 5889.82s (1h 38m)  93% completed  (93% total)
     Speed:     ev/sec=316.346   simsec/sec=1   ev/simsec=316.347
     Messages:  created: 234849   present: 17   in FES: 8
** Event #1876224   t=5892.149687379723   Elapsed: 5892.09s (1h 38m)  93% completed  (93% total)
     Speed:     ev/sec=338.28   simsec/sec=1   ev/simsec=338.28
     Messages:  created: 234944   present: 14   in FES: 8
** Event #1876992   t=5894.354302567776   Elapsed: 5894.31s (1h 38m)  93% completed  (93% total)
     Speed:     ev/sec=346.338   simsec/sec=0.994195   ev/simsec=348.36
     Messages:  created: 235042   present: 20   in FES: 7
** Event #1877760   t=5896.97051226746   Elapsed: 5896.92s (1h 38m)  93% completed  (93% total)
     Speed:     ev/sec=294.822   simsec/sec=1.00432   ev/simsec=293.554
     Messages:  created: 235135   present: 12   in FES: 7
** Event #1878528   t=5899.299702785803   Elapsed: 5899.24s (1h 38m)  93% completed  (93% total)
     Speed:     ev/sec=329.866   simsec/sec=1.00042   ev/simsec=329.728
     Messages:  created: 235231   present: 12   in FES: 7
** Event #1879296   t=5901.961946288644   Elapsed: 5901.91s (1h 38m)  93% completed  (93% total)
     Speed:     ev/sec=288.549   simsec/sec=1.00024   ev/simsec=288.478
     Messages:  created: 235330   present: 19   in FES: 7
** Event #1879808   t=5904.778610083887   Elapsed: 5904.72s (1h 38m)  93% completed  (93% total)
     Speed:     ev/sec=181.775   simsec/sec=1   ev/simsec=181.775
     Messages:  created: 235390   present: 10   in FES: 6
** Event #1880320   t=5907.271760432431   Elapsed: 5907.22s (1h 38m)  93% completed  (93% total)
     Speed:     ev/sec=205.363   simsec/sec=1   ev/simsec=205.363
     Messages:  created: 235457   present: 18   in FES: 8
** Event #1880832   t=5910.139001244429   Elapsed: 5910.08s (1h 38m)  93% completed  (93% total)
     Speed:     ev/sec=178.492   simsec/sec=0.99957   ev/simsec=178.569
     Messages:  created: 235519   present: 12   in FES: 7
** Event #1881344   t=5912.753593418323   Elapsed: 5912.7s (1h 38m)  93% completed  (93% total)
     Speed:     ev/sec=195.917   simsec/sec=1.00047   ev/simsec=195.824
     Messages:  created: 235583   present: 11   in FES: 7
** Event #1882112   t=5915.300452536534   Elapsed: 5915.24s (1h 38m)  93% completed  (93% total)
     Speed:     ev/sec=301.548   simsec/sec=1   ev/simsec=301.548
     Messages:  created: 235684   present: 24   in FES: 8
** Event #1882880   t=5917.704961749856   Elapsed: 5917.65s (1h 38m)  93% completed  (93% total)
     Speed:     ev/sec=318.702   simsec/sec=0.997815   ev/simsec=319.4
     Messages:  created: 235775   present: 12   in FES: 6
** Event #1883392   t=5919.959054258807   Elapsed: 5919.9s (1h 38m)  93% completed  (93% total)
     Speed:     ev/sec=227.674   simsec/sec=1.00234   ev/simsec=227.142
     Messages:  created: 235839   present: 11   in FES: 7
** Event #1884160   t=5921.984006581248   Elapsed: 5921.93s (1h 38m)  93% completed  (93% total)
     Speed:     ev/sec=379.268   simsec/sec=1   ev/simsec=379.268
     Messages:  created: 235952   present: 56   in FES: 8
** Event #1884928   t=5924.165042432005   Elapsed: 5924.11s (1h 38m)  94% completed  (94% total)
     Speed:     ev/sec=352.126   simsec/sec=1   ev/simsec=352.126
     Messages:  created: 236032   present: 14   in FES: 8
** Event #1885440   t=5926.404201547568   Elapsed: 5926.35s (1h 38m)  94% completed  (94% total)
     Speed:     ev/sec=228.657   simsec/sec=1   ev/simsec=228.657
     Messages:  created: 236095   present: 11   in FES: 7
** Event #1886208   t=5928.722388731019   Elapsed: 5928.69s (1h 38m)  94% completed  (94% total)
     Speed:     ev/sec=327.195   simsec/sec=0.987629   ev/simsec=331.293
     Messages:  created: 236194   present: 20   in FES: 7
** Event #1886720   t=5931.109352201728   Elapsed: 5931.05s (1h 38m)  94% completed  (94% total)
     Speed:     ev/sec=217.14   simsec/sec=1.01231   ev/simsec=214.498
     Messages:  created: 236256   present: 14   in FES: 8
** Event #1887488   t=5933.326302712399   Elapsed: 5933.27s (1h 38m)  94% completed  (94% total)
     Speed:     ev/sec=346.422   simsec/sec=1   ev/simsec=346.422
     Messages:  created: 236359   present: 32   in FES: 8
** Event #1888512   t=5936.09295104608   Elapsed: 5936.04s (1h 38m)  94% completed  (94% total)
     Speed:     ev/sec=370.123   simsec/sec=0.999999   ev/simsec=370.123
     Messages:  created: 236482   present: 19   in FES: 8
** Event #1889024   t=5938.128699788801   Elapsed: 5938.07s (1h 38m)  94% completed  (94% total)
     Speed:     ev/sec=251.505   simsec/sec=1   ev/simsec=251.505
     Messages:  created: 236542   present: 10   in FES: 6
** Event #1889536   t=5940.389699864955   Elapsed: 5940.33s (1h 39m)  94% completed  (94% total)
     Speed:     ev/sec=226.447   simsec/sec=0.999992   ev/simsec=226.448
     Messages:  created: 236606   present: 10   in FES: 6
t=5940.834978 addServer() complete
** Event #1890304   t=5942.745159254957   Elapsed: 5942.69s (1h 39m)  94% completed  (94% total)
     Speed:     ev/sec=326.053   simsec/sec=1.00001   ev/simsec=326.051
     Messages:  created: 236702   present: 9   in FES: 5
** Event #1890816   t=5944.76929276614   Elapsed: 5944.71s (1h 39m)  94% completed  (94% total)
     Speed:     ev/sec=252.943   simsec/sec=0.99998   ev/simsec=252.948
     Messages:  created: 236766   present: 9   in FES: 5
** Event #1891584   t=5947.182241838671   Elapsed: 5947.14s (1h 39m)  94% completed  (94% total)
     Speed:     ev/sec=315.768   simsec/sec=0.992098   ev/simsec=318.283
     Messages:  created: 236863   present: 13   in FES: 7
** Event #1892608   t=5949.869146890487   Elapsed: 5949.81s (1h 39m)  94% completed  (94% total)
     Speed:     ev/sec=383.86   simsec/sec=1.00722   ev/simsec=381.108
     Messages:  created: 236990   present: 11   in FES: 7
** Event #1893376   t=5952.254516081053   Elapsed: 5952.2s (1h 39m)  94% completed  (94% total)
     Speed:     ev/sec=321.963   simsec/sec=1   ev/simsec=321.963
     Messages:  created: 237086   present: 9   in FES: 5
** Event #1894144   t=5955.090067591946   Elapsed: 5955.03s (1h 39m)  94% completed  (94% total)
     Speed:     ev/sec=270.847   simsec/sec=1   ev/simsec=270.847
     Messages:  created: 237182   present: 9   in FES: 5
** Event #1895168   t=5958.038079987457   Elapsed: 5957.98s (1h 39m)  94% completed  (94% total)
     Speed:     ev/sec=347.353   simsec/sec=1   ev/simsec=347.353
     Messages:  created: 237310   present: 11   in FES: 7
** Event #1895936   t=5960.050896887584   Elapsed: 5959.99s (1h 39m)  94% completed  (94% total)
     Speed:     ev/sec=381.554   simsec/sec=0.999999   ev/simsec=381.555
     Messages:  created: 237407   present: 12   in FES: 8
** Event #1897216   t=5962.25315178802   Elapsed: 5962.2s (1h 39m)  94% completed  (94% total)
     Speed:     ev/sec=581.223   simsec/sec=1   ev/simsec=581.222
     Messages:  created: 237588   present: 68   in FES: 8
** Event #1898496   t=5965.023617056518   Elapsed: 5964.97s (1h 39m)  94% completed  (94% total)
     Speed:     ev/sec=462.016   simsec/sec=1   ev/simsec=462.016
     Messages:  created: 237726   present: 11   in FES: 7
** Event #1899264   t=5967.600469028398   Elapsed: 5967.54s (1h 39m)  94% completed  (94% total)
     Speed:     ev/sec=298.038   simsec/sec=1   ev/simsec=298.038
     Messages:  created: 237823   present: 12   in FES: 8
** Event #1900288   t=5970.089195155056   Elapsed: 5970.03s (1h 39m)  94% completed  (94% total)
     Speed:     ev/sec=411.455   simsec/sec=1   ev/simsec=411.455
     Messages:  created: 237952   present: 15   in FES: 7
** Event #1901312   t=5972.339346798051   Elapsed: 5972.28s (1h 39m)  94% completed  (94% total)
     Speed:     ev/sec=455.081   simsec/sec=1   ev/simsec=455.08
     Messages:  created: 238080   present: 15   in FES: 8
** Event #1902080   t=5974.751296576372   Elapsed: 5974.7s (1h 39m)  94% completed  (94% total)
     Speed:     ev/sec=317.661   simsec/sec=0.997634   ev/simsec=318.415
     Messages:  created: 238175   present: 13   in FES: 6
** Event #1902848   t=5977.018865519322   Elapsed: 5976.96s (1h 39m)  94% completed  (94% total)
     Speed:     ev/sec=339.545   simsec/sec=1.00253   ev/simsec=338.689
     Messages:  created: 238273   present: 18   in FES: 8
** Event #1903360   t=5979.0416306798   Elapsed: 5978.98s (1h 39m)  94% completed  (94% total)
     Speed:     ev/sec=253.119   simsec/sec=1   ev/simsec=253.119
     Messages:  created: 238334   present: 9   in FES: 5
** Event #1903872   t=5981.330160770216   Elapsed: 5981.27s (1h 39m)  94% completed  (94% total)
     Speed:     ev/sec=223.724   simsec/sec=1   ev/simsec=223.724
     Messages:  created: 238398   present: 10   in FES: 6
** Event #1904640   t=5984.273832222647   Elapsed: 5984.22s (1h 39m)  94% completed  (94% total)
     Speed:     ev/sec=260.899   simsec/sec=1   ev/simsec=260.899
     Messages:  created: 238494   present: 10   in FES: 6
** Event #1905408   t=5987.258455068608   Elapsed: 5987.2s (1h 39m)  95% completed  (95% total)
     Speed:     ev/sec=257.319   simsec/sec=1   ev/simsec=257.319
     Messages:  created: 238590   present: 10   in FES: 6
** Event #1905920   t=5989.263177296805   Elapsed: 5989.21s (1h 39m)  95% completed  (95% total)
     Speed:     ev/sec=255.397   simsec/sec=1   ev/simsec=255.397
     Messages:  created: 238654   present: 9   in FES: 5
** Event #1906432   t=5991.287746625337   Elapsed: 5991.23s (1h 39m)  95% completed  (95% total)
     Speed:     ev/sec=252.893   simsec/sec=0.999999   ev/simsec=252.893
     Messages:  created: 238718   present: 10   in FES: 6
** Event #1907200   t=5993.919124608202   Elapsed: 5993.86s (1h 39m)  95% completed  (95% total)
     Speed:     ev/sec=291.862   simsec/sec=1   ev/simsec=291.862
     Messages:  created: 238814   present: 10   in FES: 6
** Event #1907968   t=5996.117936900658   Elapsed: 5996.06s (1h 39m)  95% completed  (95% total)
     Speed:     ev/sec=349.28   simsec/sec=1   ev/simsec=349.279
     Messages:  created: 238910   present: 11   in FES: 6
** Event #1908736   t=5998.358357042727   Elapsed: 5998.3s (1h 39m)  95% completed  (95% total)
     Speed:     ev/sec=342.793   simsec/sec=1   ev/simsec=342.793
     Messages:  created: 239007   present: 12   in FES: 8
** Event #1909760   t=6000.729035566196   Elapsed: 6000.67s (1h 40m)  95% completed  (95% total)
     Speed:     ev/sec=431.944   simsec/sec=1   ev/simsec=431.944
     Messages:  created: 239136   present: 16   in FES: 7
t=6000.834981 executing removeServer()
scheduled complete remove at 6000.834981
** Event #1910272   t=6002.766806965561   Elapsed: 6002.71s (1h 40m)  95% completed  (95% total)
     Speed:     ev/sec=251.255   simsec/sec=1   ev/simsec=251.255
     Messages:  created: 239200   present: 12   in FES: 7
** Event #1911040   t=6005.081980650127   Elapsed: 6005.03s (1h 40m)  95% completed  (95% total)
     Speed:     ev/sec=331.724   simsec/sec=0.999999   ev/simsec=331.725
     Messages:  created: 239297   present: 14   in FES: 7
** Event #1911808   t=6007.146056102832   Elapsed: 6007.09s (1h 40m)  95% completed  (95% total)
     Speed:     ev/sec=372.08   simsec/sec=1   ev/simsec=372.079
     Messages:  created: 239391   present: 8   in FES: 5
** Event #1912576   t=6009.724960548149   Elapsed: 6009.68s (1h 40m)  95% completed  (95% total)
     Speed:     ev/sec=296.881   simsec/sec=0.996912   ev/simsec=297.801
     Messages:  created: 239487   present: 9   in FES: 6
** Event #1913344   t=6012.398498022972   Elapsed: 6012.34s (1h 40m)  95% completed  (95% total)
     Speed:     ev/sec=288.121   simsec/sec=1.003   ev/simsec=287.26
     Messages:  created: 239583   present: 8   in FES: 5
** Event #1914112   t=6014.938791656807   Elapsed: 6014.88s (1h 40m)  95% completed  (95% total)
     Speed:     ev/sec=302.133   simsec/sec=0.999359   ev/simsec=302.327
     Messages:  created: 239679   present: 9   in FES: 6
** Event #1914624   t=6017.05471277766   Elapsed: 6017s (1h 40m)  95% completed  (95% total)
     Speed:     ev/sec=241.546   simsec/sec=0.998228   ev/simsec=241.975
     Messages:  created: 239743   present: 9   in FES: 5
** Event #1915136   t=6019.48625128785   Elapsed: 6019.43s (1h 40m)  95% completed  (95% total)
     Speed:     ev/sec=211.029   simsec/sec=1.0022   ev/simsec=210.566
     Messages:  created: 239807   present: 8   in FES: 5
** Event #1915648   t=6021.479103955952   Elapsed: 6021.44s (1h 40m)  95% completed  (95% total)
     Speed:     ev/sec=254.593   simsec/sec=0.990949   ev/simsec=256.918
     Messages:  created: 239874   present: 17   in FES: 6
** Event #1916416   t=6023.935670947102   Elapsed: 6023.88s (1h 40m)  95% completed  (95% total)
     Speed:     ev/sec=314.875   simsec/sec=1.00718   ev/simsec=312.631
     Messages:  created: 239967   present: 9   in FES: 6
** Event #1917440   t=6026.331484904156   Elapsed: 6026.27s (1h 40m)  95% completed  (95% total)
     Speed:     ev/sec=427.545   simsec/sec=1.00031   ev/simsec=427.412
     Messages:  created: 240100   present: 21   in FES: 7
** Event #1918208   t=6028.359740224303   Elapsed: 6028.31s (1h 40m)  95% completed  (95% total)
     Speed:     ev/sec=377.923   simsec/sec=0.998078   ev/simsec=378.651
     Messages:  created: 240191   present: 9   in FES: 5
** Event #1918976   t=6030.443829994209   Elapsed: 6030.39s (1h 40m)  95% completed  (95% total)
     Speed:     ev/sec=369.198   simsec/sec=1.00188   ev/simsec=368.506
     Messages:  created: 240295   present: 29   in FES: 7
** Event #1920000   t=6033.27782548643   Elapsed: 6033.24s (1h 40m)  95% completed  (95% total)
     Speed:     ev/sec=358.851   simsec/sec=0.993146   ev/simsec=361.327
     Messages:  created: 240415   present: 9   in FES: 5
** Event #1920768   t=6035.80162102829   Elapsed: 6035.74s (1h 40m)  95% completed  (95% total)
     Speed:     ev/sec=306.68   simsec/sec=1.00781   ev/simsec=304.304
     Messages:  created: 240512   present: 11   in FES: 7
** Event #1921536   t=6038.469369315683   Elapsed: 6038.41s (1h 40m)  95% completed  (95% total)
     Speed:     ev/sec=287.883   simsec/sec=1   ev/simsec=287.883
     Messages:  created: 240607   present: 8   in FES: 5
** Event #1922304   t=6041.144803306159   Elapsed: 6041.09s (1h 40m)  95% completed  (95% total)
     Speed:     ev/sec=287.056   simsec/sec=1   ev/simsec=287.056
     Messages:  created: 240706   present: 16   in FES: 7
** Event #1923328   t=6043.759035859895   Elapsed: 6043.7s (1h 40m)  95% completed  (95% total)
     Speed:     ev/sec=391.702   simsec/sec=1   ev/simsec=391.702
     Messages:  created: 240833   present: 14   in FES: 7
** Event #1924096   t=6045.852256930544   Elapsed: 6045.8s (1h 40m)  95% completed  (95% total)
     Speed:     ev/sec=366.899   simsec/sec=1   ev/simsec=366.899
     Messages:  created: 240932   present: 21   in FES: 7
** Event #1925120   t=6048.45568586782   Elapsed: 6048.4s (1h 40m)  96% completed  (96% total)
     Speed:     ev/sec=393.328   simsec/sec=1   ev/simsec=393.327
     Messages:  created: 241057   present: 13   in FES: 7
** Event #1925888   t=6050.754400140011   Elapsed: 6050.7s (1h 40m)  96% completed  (96% total)
     Speed:     ev/sec=334.1   simsec/sec=1   ev/simsec=334.1
     Messages:  created: 241153   present: 14   in FES: 7
** Event #1926656   t=6052.928628415585   Elapsed: 6052.87s (1h 40m)  96% completed  (96% total)
     Speed:     ev/sec=353.229   simsec/sec=1   ev/simsec=353.229
     Messages:  created: 241255   present: 30   in FES: 7
** Event #1927424   t=6055.076586791473   Elapsed: 6055.02s (1h 40m)  96% completed  (96% total)
     Speed:     ev/sec=357.549   simsec/sec=1   ev/simsec=357.549
     Messages:  created: 241345   present: 13   in FES: 7
** Event #1928192   t=6057.993197339802   Elapsed: 6057.94s (1h 40m)  96% completed  (96% total)
     Speed:     ev/sec=263.319   simsec/sec=1   ev/simsec=263.319
     Messages:  created: 241439   present: 8   in FES: 5
** Event #1928704   t=6060.549161705065   Elapsed: 6060.52s (1h 41m)  96% completed  (96% total)
     Speed:     ev/sec=198.365   simsec/sec=0.99026   ev/simsec=200.316
     Messages:  created: 241503   present: 10   in FES: 6
** Event #1929472   t=6062.963516471721   Elapsed: 6062.91s (1h 41m)  96% completed  (96% total)
     Speed:     ev/sec=321.236   simsec/sec=1.00987   ev/simsec=318.097
     Messages:  created: 241598   present: 8   in FES: 5
** Event #1929984   t=6065.522539551525   Elapsed: 6065.47s (1h 41m)  96% completed  (96% total)
     Speed:     ev/sec=200.198   simsec/sec=1.00061   ev/simsec=200.076
     Messages:  created: 241663   present: 10   in FES: 6
** Event #1930496   t=6067.656423223417   Elapsed: 6067.6s (1h 41m)  96% completed  (96% total)
     Speed:     ev/sec=239.938   simsec/sec=1   ev/simsec=239.938
     Messages:  created: 241730   present: 19   in FES: 7
** Event #1931264   t=6069.986854214346   Elapsed: 6069.93s (1h 41m)  96% completed  (96% total)
     Speed:     ev/sec=329.552   simsec/sec=0.999999   ev/simsec=329.553
     Messages:  created: 241823   present: 10   in FES: 6
** Event #1932032   t=6072.988973173847   Elapsed: 6072.93s (1h 41m)  96% completed  (96% total)
     Speed:     ev/sec=255.819   simsec/sec=1   ev/simsec=255.819
     Messages:  created: 241921   present: 15   in FES: 7
** Event #1932800   t=6075.450917873044   Elapsed: 6075.39s (1h 41m)  96% completed  (96% total)
     Speed:     ev/sec=311.949   simsec/sec=1   ev/simsec=311.949
     Messages:  created: 242015   present: 10   in FES: 6
** Event #1933312   t=6077.641024974116   Elapsed: 6077.59s (1h 41m)  96% completed  (96% total)
     Speed:     ev/sec=233.642   simsec/sec=0.999415   ev/simsec=233.779
     Messages:  created: 242078   present: 8   in FES: 5
** Event #1934080   t=6081.111042669131   Elapsed: 6081.05s (1h 41m)  96% completed  (96% total)
     Speed:     ev/sec=221.371   simsec/sec=1.00021   ev/simsec=221.325
     Messages:  created: 242174   present: 8   in FES: 5
** Event #1934592   t=6083.157824524103   Elapsed: 6083.1s (1h 41m)  96% completed  (96% total)
     Speed:     ev/sec=249.801   simsec/sec=0.998611   ev/simsec=250.149
     Messages:  created: 242238   present: 8   in FES: 5
** Event #1935104   t=6085.185304657832   Elapsed: 6085.15s (1h 41m)  96% completed  (96% total)
     Speed:     ev/sec=250.839   simsec/sec=0.993304   ev/simsec=252.53
     Messages:  created: 242302   present: 8   in FES: 5
** Event #1935616   t=6087.323725194732   Elapsed: 6087.29s (1h 41m)  96% completed  (96% total)
     Speed:     ev/sec=238.383   simsec/sec=0.995633   ev/simsec=239.429
     Messages:  created: 242366   present: 8   in FES: 5
** Event #1936128   t=6089.39651596632   Elapsed: 6089.36s (1h 41m)  96% completed  (96% total)
     Speed:     ev/sec=247.208   simsec/sec=1.0008   ev/simsec=247.01
     Messages:  created: 242430   present: 8   in FES: 5
** Event #1937152   t=6091.628474470323   Elapsed: 6091.57s (1h 41m)  96% completed  (96% total)
     Speed:     ev/sec=463.943   simsec/sec=1.01123   ev/simsec=458.79
     Messages:  created: 242596   present: 108   in FES: 7
** Event #1938176   t=6094.142109604001   Elapsed: 6094.09s (1h 41m)  96% completed  (96% total)
     Speed:     ev/sec=406.95   simsec/sec=0.99895   ev/simsec=407.378
     Messages:  created: 242737   present: 144   in FES: 6
** Event #1939200   t=6096.505369531805   Elapsed: 6096.45s (1h 41m)  96% completed  (96% total)
     Speed:     ev/sec=433.785   simsec/sec=1.00112   ev/simsec=433.3
     Messages:  created: 242870   present: 156   in FES: 7
** Event #1940224   t=6098.935899382152   Elapsed: 6098.88s (1h 41m)  96% completed  (96% total)
     Speed:     ev/sec=421.307   simsec/sec=1   ev/simsec=421.307
     Messages:  created: 242995   present: 150   in FES: 7
** Event #1940992   t=6101.075891026804   Elapsed: 6101.02s (1h 41m)  96% completed  (96% total)
     Speed:     ev/sec=358.88   simsec/sec=1   ev/simsec=358.88
     Messages:  created: 243091   present: 149   in FES: 7
** Event #1942016   t=6103.981134027126   Elapsed: 6103.93s (1h 41m)  96% completed  (96% total)
     Speed:     ev/sec=352.138   simsec/sec=0.999069   ev/simsec=352.466
     Messages:  created: 243199   present: 96   in FES: 6
** Event #1943040   t=6106.685808361815   Elapsed: 6106.63s (1h 41m)  96% completed  (96% total)
     Speed:     ev/sec=378.983   simsec/sec=1.001   ev/simsec=378.604
     Messages:  created: 243307   present: 43   in FES: 7
** Event #1943808   t=6109.579621797514   Elapsed: 6109.52s (1h 41m)  96% completed  (96% total)
     Speed:     ev/sec=265.394   simsec/sec=1   ev/simsec=265.394
     Messages:  created: 243394   present: 19   in FES: 7
** Event #1944320   t=6111.861098321875   Elapsed: 6111.84s (1h 41m)  97% completed  (97% total)
     Speed:     ev/sec=220.563   simsec/sec=0.982829   ev/simsec=224.416
     Messages:  created: 243454   present: 8   in FES: 5
** Event #1944832   t=6114.667587190296   Elapsed: 6114.61s (1h 41m)  97% completed  (97% total)
     Speed:     ev/sec=185.063   simsec/sec=1.01441   ev/simsec=182.434
     Messages:  created: 243519   present: 10   in FES: 7
** Event #1945600   t=6117.95611978916   Elapsed: 6117.9s (1h 41m)  97% completed  (97% total)
     Speed:     ev/sec=233.539   simsec/sec=1   ev/simsec=233.539
     Messages:  created: 243615   present: 10   in FES: 6
** Event #1946368   t=6120.645844786765   Elapsed: 6120.59s (1h 42m)  97% completed  (97% total)
     Speed:     ev/sec=285.531   simsec/sec=0.999998   ev/simsec=285.531
     Messages:  created: 243710   present: 8   in FES: 5
t=6120.834981 executing addServer()
adding server with latency=60
** Event #1946880   t=6122.631475444988   Elapsed: 6122.61s (1h 42m)  97% completed  (97% total)
     Speed:     ev/sec=253.83   simsec/sec=0.984401   ev/simsec=257.853
     Messages:  created: 243776   present: 12   in FES: 6
** Event #1947648   t=6125.395244601384   Elapsed: 6125.34s (1h 42m)  97% completed  (97% total)
     Speed:     ev/sec=281.082   simsec/sec=1.01152   ev/simsec=277.881
     Messages:  created: 243873   present: 14   in FES: 8
** Event #1948416   t=6127.885183080291   Elapsed: 6127.83s (1h 42m)  97% completed  (97% total)
     Speed:     ev/sec=308.364   simsec/sec=0.999748   ev/simsec=308.441
     Messages:  created: 243968   present: 12   in FES: 7
** Event #1949440   t=6129.89929228561   Elapsed: 6129.85s (1h 42m)  97% completed  (97% total)
     Speed:     ev/sec=506.939   simsec/sec=0.9971   ev/simsec=508.413
     Messages:  created: 244126   present: 92   in FES: 7
** Event #1950208   t=6131.917953271235   Elapsed: 6131.86s (1h 42m)  97% completed  (97% total)
     Speed:     ev/sec=381.677   simsec/sec=1.00322   ev/simsec=380.45
     Messages:  created: 244225   present: 99   in FES: 8
** Event #1951232   t=6134.515569832757   Elapsed: 6134.47s (1h 42m)  97% completed  (97% total)
     Speed:     ev/sec=392.75   simsec/sec=0.996302   ev/simsec=394.208
     Messages:  created: 244353   present: 100   in FES: 7
** Event #1952256   t=6136.609863334704   Elapsed: 6136.55s (1h 42m)  97% completed  (97% total)
     Speed:     ev/sec=491.21   simsec/sec=1.00463   ev/simsec=488.948
     Messages:  created: 244482   present: 103   in FES: 8
** Event #1953280   t=6139.15700263628   Elapsed: 6139.1s (1h 42m)  97% completed  (97% total)
     Speed:     ev/sec=401.905   simsec/sec=0.999716   ev/simsec=402.02
     Messages:  created: 244615   present: 116   in FES: 7
** Event #1954304   t=6141.497488138961   Elapsed: 6141.44s (1h 42m)  97% completed  (97% total)
     Speed:     ev/sec=437.651   simsec/sec=1.00031   ev/simsec=437.516
     Messages:  created: 244756   present: 150   in FES: 8
** Event #1955328   t=6143.881219712892   Elapsed: 6143.82s (1h 42m)  97% completed  (97% total)
     Speed:     ev/sec=429.578   simsec/sec=0.999998   ev/simsec=429.579
     Messages:  created: 244881   present: 142   in FES: 8
** Event #1956352   t=6146.209726473712   Elapsed: 6146.15s (1h 42m)  97% completed  (97% total)
     Speed:     ev/sec=439.768   simsec/sec=1   ev/simsec=439.767
     Messages:  created: 245006   present: 135   in FES: 8
** Event #1957376   t=6148.852484355942   Elapsed: 6148.8s (1h 42m)  97% completed  (97% total)
     Speed:     ev/sec=387.256   simsec/sec=0.999438   ev/simsec=387.474
     Messages:  created: 245130   present: 124   in FES: 7
** Event #1958400   t=6151.401502611954   Elapsed: 6151.34s (1h 42m)  97% completed  (97% total)
     Speed:     ev/sec=401.958   simsec/sec=1.00058   ev/simsec=401.723
     Messages:  created: 245254   present: 112   in FES: 8
** Event #1959424   t=6153.959831824338   Elapsed: 6153.9s (1h 42m)  97% completed  (97% total)
     Speed:     ev/sec=400.261   simsec/sec=1   ev/simsec=400.261
     Messages:  created: 245364   present: 64   in FES: 8
** Event #1960192   t=6156.209934381592   Elapsed: 6156.15s (1h 42m)  97% completed  (97% total)
     Speed:     ev/sec=341.216   simsec/sec=0.9997   ev/simsec=341.318
     Messages:  created: 245446   present: 28   in FES: 7
** Event #1960960   t=6158.236416574506   Elapsed: 6158.18s (1h 42m)  97% completed  (97% total)
     Speed:     ev/sec=379.108   simsec/sec=1.00033   ev/simsec=378.982
     Messages:  created: 245540   present: 23   in FES: 8
** Event #1961984   t=6160.752814922877   Elapsed: 6160.7s (1h 42m)  97% completed  (97% total)
     Speed:     ev/sec=406.931   simsec/sec=1   ev/simsec=406.931
     Messages:  created: 245670   present: 27   in FES: 8
** Event #1963008   t=6163.1256700384   Elapsed: 6163.07s (1h 42m)  97% completed  (97% total)
     Speed:     ev/sec=431.547   simsec/sec=0.999999   ev/simsec=431.548
     Messages:  created: 245805   present: 46   in FES: 8
** Event #1963776   t=6165.788337704468   Elapsed: 6165.73s (1h 42m)  97% completed  (97% total)
     Speed:     ev/sec=288.125   simsec/sec=0.998934   ev/simsec=288.433
     Messages:  created: 245888   present: 12   in FES: 7
** Event #1964288   t=6168.23889601134   Elapsed: 6168.18s (1h 42m)  97% completed  (97% total)
     Speed:     ev/sec=209.175   simsec/sec=1.00116   ev/simsec=208.932
     Messages:  created: 245951   present: 10   in FES: 6
** Event #1964800   t=6170.344869460701   Elapsed: 6170.29s (1h 42m)  97% completed  (97% total)
     Speed:     ev/sec=243.118   simsec/sec=1   ev/simsec=243.118
     Messages:  created: 246019   present: 19   in FES: 8
** Event #1965568   t=6172.778996959965   Elapsed: 6172.72s (1h 42m)  97% completed  (97% total)
     Speed:     ev/sec=315.514   simsec/sec=1   ev/simsec=315.513
     Messages:  created: 246114   present: 16   in FES: 8
** Event #1966336   t=6175.088627049555   Elapsed: 6175.04s (1h 42m)  98% completed  (98% total)
     Speed:     ev/sec=330.829   simsec/sec=0.994911   ev/simsec=332.521
     Messages:  created: 246208   present: 12   in FES: 7
** Event #1967104   t=6177.454679622773   Elapsed: 6177.42s (1h 42m)  98% completed  (98% total)
     Speed:     ev/sec=322.62   simsec/sec=0.993927   ev/simsec=324.591
     Messages:  created: 246304   present: 12   in FES: 7
** Event #1968128   t=6179.87370287546   Elapsed: 6179.82s (1h 42m)  98% completed  (98% total)
     Speed:     ev/sec=427.959   simsec/sec=1.01098   ev/simsec=423.311
     Messages:  created: 246447   present: 51   in FES: 8
t=6180.834981 addServer() complete
t=6180.83499 executing setDimmer(0.75)
** Event #1969408   t=6182.25530926582   Elapsed: 6182.2s (1h 43m)  98% completed  (98% total)
     Speed:     ev/sec=536.479   simsec/sec=0.998189   ev/simsec=537.452
     Messages:  created: 246608   present: 56   in FES: 7
** Event #1970432   t=6185.011318094297   Elapsed: 6184.96s (1h 43m)  98% completed  (98% total)
     Speed:     ev/sec=372.063   simsec/sec=1.00138   ev/simsec=371.552
     Messages:  created: 246718   present: 8   in FES: 4
** Event #1971456   t=6187.068094591465   Elapsed: 6187.01s (1h 43m)  98% completed  (98% total)
     Speed:     ev/sec=497.46   simsec/sec=0.999185   ev/simsec=497.866
     Messages:  created: 246849   present: 16   in FES: 6
** Event #1972480   t=6189.626682751441   Elapsed: 6189.58s (1h 43m)  98% completed  (98% total)
     Speed:     ev/sec=399.66   simsec/sec=0.998599   ev/simsec=400.221
     Messages:  created: 246974   present: 8   in FES: 4
** Event #1973504   t=6191.672530548304   Elapsed: 6191.62s (1h 43m)  98% completed  (98% total)
     Speed:     ev/sec=501.949   simsec/sec=1.00284   ev/simsec=500.526
     Messages:  created: 247104   present: 13   in FES: 7
** Event #1974784   t=6194.4269448163   Elapsed: 6194.37s (1h 43m)  98% completed  (98% total)
     Speed:     ev/sec=464.709   simsec/sec=1   ev/simsec=464.709
     Messages:  created: 247263   present: 11   in FES: 6
** Event #1975552   t=6196.579828785665   Elapsed: 6196.52s (1h 43m)  98% completed  (98% total)
     Speed:     ev/sec=356.731   simsec/sec=1   ev/simsec=356.731
     Messages:  created: 247359   present: 10   in FES: 6
** Event #1976576   t=6198.678943856166   Elapsed: 6198.62s (1h 43m)  98% completed  (98% total)
     Speed:     ev/sec=487.823   simsec/sec=0.999996   ev/simsec=487.825
     Messages:  created: 247487   present: 10   in FES: 6
** Event #1977344   t=6200.873788635986   Elapsed: 6200.82s (1h 43m)  98% completed  (98% total)
     Speed:     ev/sec=349.912   simsec/sec=1   ev/simsec=349.911
     Messages:  created: 247583   present: 10   in FES: 6
** Event #1978112   t=6203.233094002436   Elapsed: 6203.18s (1h 43m)  98% completed  (98% total)
     Speed:     ev/sec=325.52   simsec/sec=1   ev/simsec=325.52
     Messages:  created: 247680   present: 12   in FES: 7
** Event #1979136   t=6205.816888169321   Elapsed: 6205.76s (1h 43m)  98% completed  (98% total)
     Speed:     ev/sec=396.316   simsec/sec=1   ev/simsec=396.316
     Messages:  created: 247807   present: 11   in FES: 6
** Event #1980160   t=6207.946002532306   Elapsed: 6207.89s (1h 43m)  98% completed  (98% total)
     Speed:     ev/sec=480.95   simsec/sec=0.999998   ev/simsec=480.951
     Messages:  created: 247935   present: 10   in FES: 6
** Event #1980928   t=6209.990363481616   Elapsed: 6209.93s (1h 43m)  98% completed  (98% total)
     Speed:     ev/sec=375.628   simsec/sec=0.999896   ev/simsec=375.668
     Messages:  created: 248030   present: 8   in FES: 4
** Event #1981440   t=6212.113948704417   Elapsed: 6212.06s (1h 43m)  98% completed  (98% total)
     Speed:     ev/sec=241.126   simsec/sec=1.0001   ev/simsec=241.102
     Messages:  created: 248096   present: 13   in FES: 7
** Event #1981952   t=6214.326582617468   Elapsed: 6214.28s (1h 43m)  98% completed  (98% total)
     Speed:     ev/sec=230.188   simsec/sec=0.99477   ev/simsec=231.398
     Messages:  created: 248158   present: 8   in FES: 4
** Event #1982464   t=6216.561219444417   Elapsed: 6216.5s (1h 43m)  98% completed  (98% total)
     Speed:     ev/sec=230.319   simsec/sec=1.00523   ev/simsec=229.12
     Messages:  created: 248223   present: 11   in FES: 7
** Event #1983232   t=6219.233261575505   Elapsed: 6219.2s (1h 43m)  98% completed  (98% total)
     Speed:     ev/sec=284.816   simsec/sec=0.990936   ev/simsec=287.421
     Messages:  created: 248318   present: 8   in FES: 4
** Event #1984256   t=6221.911620309874   Elapsed: 6221.85s (1h 43m)  98% completed  (98% total)
     Speed:     ev/sec=385.844   simsec/sec=1.00921   ev/simsec=382.324
     Messages:  created: 248447   present: 10   in FES: 6
** Event #1985280   t=6224.261647533596   Elapsed: 6224.2s (1h 43m)  98% completed  (98% total)
     Speed:     ev/sec=435.74   simsec/sec=1   ev/simsec=435.74
     Messages:  created: 248575   present: 10   in FES: 6
** Event #1986048   t=6226.602378238951   Elapsed: 6226.55s (1h 43m)  98% completed  (98% total)
     Speed:     ev/sec=328.102   simsec/sec=0.999999   ev/simsec=328.103
     Messages:  created: 248671   present: 10   in FES: 6
** Event #1986560   t=6228.605724555837   Elapsed: 6228.56s (1h 43m)  98% completed  (98% total)
     Speed:     ev/sec=254.04   simsec/sec=0.994005   ev/simsec=255.572
     Messages:  created: 248734   present: 8   in FES: 4
** Event #1987328   t=6231.105288507156   Elapsed: 6231.05s (1h 43m)  98% completed  (98% total)
     Speed:     ev/sec=308.746   simsec/sec=1.00486   ev/simsec=307.254
     Messages:  created: 248831   present: 11   in FES: 7
** Event #1988096   t=6233.542470764319   Elapsed: 6233.49s (1h 43m)  98% completed  (98% total)
     Speed:     ev/sec=315.118   simsec/sec=1   ev/simsec=315.118
     Messages:  created: 248927   present: 10   in FES: 6
** Event #1988864   t=6235.726857267411   Elapsed: 6235.67s (1h 43m)  98% completed  (98% total)
     Speed:     ev/sec=351.586   simsec/sec=0.999998   ev/simsec=351.586
     Messages:  created: 249023   present: 11   in FES: 7
** Event #1989376   t=6238.056308552985   Elapsed: 6238s (1h 43m)  99% completed  (99% total)
     Speed:     ev/sec=219.794   simsec/sec=0.999998   ev/simsec=219.794
     Messages:  created: 249090   present: 18   in FES: 8
** Event #1990656   t=6240.396150721156   Elapsed: 6240.35s (1h 44m)  99% completed  (99% total)
     Speed:     ev/sec=544.95   simsec/sec=0.996169   ev/simsec=547.045
     Messages:  created: 249246   present: 9   in FES: 5
t=6240.835006 executing setDimmer(1)
** Event #1991424   t=6242.635700527889   Elapsed: 6242.58s (1h 44m)  99% completed  (99% total)
     Speed:     ev/sec=343.824   simsec/sec=1.00262   ev/simsec=342.926
     Messages:  created: 249342   present: 10   in FES: 6
** Event #1992448   t=6245.216253252551   Elapsed: 6245.16s (1h 44m)  99% completed  (99% total)
     Speed:     ev/sec=397.301   simsec/sec=1.00123   ev/simsec=396.814
     Messages:  created: 249474   present: 20   in FES: 8
** Event #1993472   t=6247.359694793335   Elapsed: 6247.32s (1h 44m)  99% completed  (99% total)
     Speed:     ev/sec=474.237   simsec/sec=0.992676   ev/simsec=477.736
     Messages:  created: 249598   present: 10   in FES: 6
** Event #1994240   t=6250.095957579232   Elapsed: 6250.04s (1h 44m)  99% completed  (99% total)
     Speed:     ev/sec=282.307   simsec/sec=1.00581   ev/simsec=280.675
     Messages:  created: 249694   present: 9   in FES: 5
** Event #1995008   t=6252.482852075565   Elapsed: 6252.43s (1h 44m)  99% completed  (99% total)
     Speed:     ev/sec=320.867   simsec/sec=0.997234   ev/simsec=321.757
     Messages:  created: 249790   present: 10   in FES: 6
** Event #1995776   t=6254.605378999055   Elapsed: 6254.56s (1h 44m)  99% completed  (99% total)
     Speed:     ev/sec=361.841   simsec/sec=1.00002   ev/simsec=361.833
     Messages:  created: 249886   present: 10   in FES: 6
** Event #1996544   t=6257.046631318429   Elapsed: 6256.99s (1h 44m)  99% completed  (99% total)
     Speed:     ev/sec=315.442   simsec/sec=1.0027   ev/simsec=314.593
     Messages:  created: 249982   present: 9   in FES: 5
** Event #1997056   t=6259.48826142499   Elapsed: 6259.43s (1h 44m)  99% completed  (99% total)
     Speed:     ev/sec=209.696   simsec/sec=1   ev/simsec=209.696
     Messages:  created: 250046   present: 9   in FES: 5
** Event #1997824   t=6262.415041789895   Elapsed: 6262.36s (1h 44m)  99% completed  (99% total)
     Speed:     ev/sec=262.405   simsec/sec=1   ev/simsec=262.404
     Messages:  created: 250143   present: 13   in FES: 7
** Event #1998592   t=6265.339358204305   Elapsed: 6265.29s (1h 44m)  99% completed  (99% total)
     Speed:     ev/sec=262.061   simsec/sec=0.99785   ev/simsec=262.625
     Messages:  created: 250238   present: 10   in FES: 6
** Event #1999360   t=6267.834406298977   Elapsed: 6267.78s (1h 44m)  99% completed  (99% total)
     Speed:     ev/sec=308.589   simsec/sec=1.00253   ev/simsec=307.81
     Messages:  created: 250336   present: 14   in FES: 8
** Event #2000128   t=6270.201134175992   Elapsed: 6270.17s (1h 44m)  99% completed  (99% total)
     Speed:     ev/sec=321.389   simsec/sec=0.990416   ev/simsec=324.499
     Messages:  created: 250433   present: 18   in FES: 6
** Event #2000640   t=6272.68532644457   Elapsed: 6272.66s (1h 44m)  99% completed  (99% total)
     Speed:     ev/sec=205.766   simsec/sec=0.998363   ev/simsec=206.103
     Messages:  created: 250494   present: 10   in FES: 6
** Event #2001408   t=6274.909668187365   Elapsed: 6274.86s (1h 44m)  99% completed  (99% total)
     Speed:     ev/sec=348.565   simsec/sec=1.00954   ev/simsec=345.271
     Messages:  created: 250590   present: 10   in FES: 6
** Event #2002176   t=6277.761564291918   Elapsed: 6277.71s (1h 44m)  99% completed  (99% total)
     Speed:     ev/sec=269.297   simsec/sec=1.00001   ev/simsec=269.295
     Messages:  created: 250686   present: 10   in FES: 6
** Event #2002944   t=6279.80045411206   Elapsed: 6279.74s (1h 44m)  99% completed  (99% total)
     Speed:     ev/sec=377.774   simsec/sec=1.00291   ev/simsec=376.676
     Messages:  created: 250782   present: 9   in FES: 5
** Event #2003968   t=6282.29239056054   Elapsed: 6282.24s (1h 44m)  99% completed  (99% total)
     Speed:     ev/sec=410.787   simsec/sec=0.999663   ev/simsec=410.925
     Messages:  created: 250910   present: 10   in FES: 6
** Event #2004480   t=6284.760504215949   Elapsed: 6284.71s (1h 44m)  99% completed  (99% total)
     Speed:     ev/sec=207.365   simsec/sec=0.999611   ev/simsec=207.446
     Messages:  created: 250974   present: 10   in FES: 6
** Event #2005248   t=6287.288384617839   Elapsed: 6287.23s (1h 44m)  99% completed  (99% total)
     Speed:     ev/sec=304.029   simsec/sec=1.00071   ev/simsec=303.812
     Messages:  created: 251070   present: 9   in FES: 5
** Event #2006016   t=6289.658106495356   Elapsed: 6289.6s (1h 44m)  99% completed  (99% total)
     Speed:     ev/sec=324.089   simsec/sec=1   ev/simsec=324.089
     Messages:  created: 251168   present: 14   in FES: 8
** Event #2006528   t=6292.279703734766   Elapsed: 6292.22s (1h 44m)  99% completed  (99% total)
     Speed:     ev/sec=195.213   simsec/sec=0.999551   ev/simsec=195.301
     Messages:  created: 251230   present: 10   in FES: 6
** Event #2007040   t=6294.419328627114   Elapsed: 6294.36s (1h 44m)  99% completed  (99% total)
     Speed:     ev/sec=239.425   simsec/sec=1.00055   ev/simsec=239.294
     Messages:  created: 251294   present: 9   in FES: 5
** Event #2007552   t=6296.528107857048   Elapsed: 6296.47s (1h 44m)  99% completed  (99% total)
     Speed:     ev/sec=242.796   simsec/sec=1   ev/simsec=242.795
     Messages:  created: 251359   present: 13   in FES: 7
** Event #2008320   t=6298.732881762696   Elapsed: 6298.68s (1h 44m)  99% completed  (99% total)
     Speed:     ev/sec=348.013   simsec/sec=0.999075   ev/simsec=348.335
     Messages:  created: 251454   present: 10   in FES: 6
** Event #2008670   t=6300   Elapsed: 6299.94s (1h 44m)  100% completed  (100% total)
     Speed:     ev/sec=275.689   simsec/sec=1.00095   ev/simsec=275.428
     Messages:  created: 251498   present: 12   in FES: 7

<!> Simulation time limit reached -- at t=6300s, event #2008670

Calling finish() at end of Run #6...

End.
