WARNING: Error changing the container working directory. Using '/mnt/iusers01/sk01/t95317ha' instead: chdir /mnt/iusers01/sk01/t95317ha/h200-scratch/SELAS/CONTROLLER: no such file or directory
OMNeT++ Discrete Event Simulation  (C) 1992-2018 Andras Varga, OpenSim Ltd.
Version: 5.4.1, build: 180629-5e28390, edition: Academic Public License -- NOT FOR COMMERCIAL USE
See the license for distribution terms and warranty disclaimer

Setting up Cmdenv...

Loading NED files from ..:  3
Loading NED files from ../../src:  21
Loading NED files from ../../../queueinglib:  20

Preparing for running configuration sim, run #6...
Scenario: $trace="traces/clarknet-http-105m-l70.delta", $latency=60, $repetition=0
Assigned runID=sim-6-20260918-16:20:26-3609131
Setting up network "SWIM"...
Initializing...
t=0 addServer() complete
t=0 addServer() complete
t=0 addServer() complete

Running simulation...
** Event #0   t=0   Elapsed: 1.3e-05s (0m 00s)  0% completed  (0% total)
     Speed:     ev/sec=0   simsec/sec=0   ev/simsec=0
     Messages:  created: 11   present: 8   in FES: 5
t=0.666657 executing setDimmer(1)
** Event #512   t=2.616922290349   Elapsed: 2.56073s (0m 02s)  0% completed  (0% total)
     Speed:     ev/sec=200.334   simsec/sec=1.02195   ev/simsec=196.032
     Messages:  created: 79   present: 19   in FES: 8
** Event #1024   t=4.981811283766   Elapsed: 4.92562s (0m 04s)  0% completed  (0% total)
     Speed:     ev/sec=216.501   simsec/sec=1   ev/simsec=216.501
     Messages:  created: 139   present: 10   in FES: 6
** Event #1536   t=7.084653144757   Elapsed: 7.0287s (0m 07s)  0% completed  (0% total)
     Speed:     ev/sec=243.452   simsec/sec=0.999886   ev/simsec=243.48
     Messages:  created: 204   present: 12   in FES: 7
** Event #2304   t=9.74628742332   Elapsed: 9.69009s (0m 09s)  0% completed  (0% total)
     Speed:     ev/sec=288.571   simsec/sec=1.00009   ev/simsec=288.545
     Messages:  created: 304   present: 23   in FES: 8
** Event #2816   t=11.883167987799   Elapsed: 11.827s (0m 11s)  0% completed  (0% total)
     Speed:     ev/sec=239.602   simsec/sec=1   ev/simsec=239.602
     Messages:  created: 367   present: 19   in FES: 7
** Event #3328   t=14.060004048446   Elapsed: 14.0038s (0m 14s)  0% completed  (0% total)
     Speed:     ev/sec=235.203   simsec/sec=0.999999   ev/simsec=235.204
     Messages:  created: 430   present: 17   in FES: 8
** Event #3840   t=16.109311744359   Elapsed: 16.0531s (0m 16s)  0% completed  (0% total)
     Speed:     ev/sec=249.841   simsec/sec=1   ev/simsec=249.84
     Messages:  created: 494   present: 16   in FES: 7
** Event #4608   t=18.636104132466   Elapsed: 18.598s (0m 18s)  0% completed  (0% total)
     Speed:     ev/sec=301.781   simsec/sec=0.992887   ev/simsec=303.943
     Messages:  created: 606   present: 60   in FES: 7
** Event #5376   t=20.80995634194   Elapsed: 20.7538s (0m 20s)  0% completed  (0% total)
     Speed:     ev/sec=356.256   simsec/sec=1.0084   ev/simsec=353.29
     Messages:  created: 722   present: 113   in FES: 8
** Event #6144   t=23.321684555223   Elapsed: 23.2655s (0m 23s)  0% completed  (0% total)
     Speed:     ev/sec=305.764   simsec/sec=0.999994   ev/simsec=305.766
     Messages:  created: 837   present: 163   in FES: 8
** Event #6912   t=26.06430395687   Elapsed: 26.0081s (0m 26s)  0% completed  (0% total)
     Speed:     ev/sec=280.026   simsec/sec=1.00001   ev/simsec=280.024
     Messages:  created: 937   present: 174   in FES: 8
** Event #7680   t=28.627334082386   Elapsed: 28.5783s (0m 28s)  0% completed  (0% total)
     Speed:     ev/sec=298.816   simsec/sec=0.997233   ev/simsec=299.645
     Messages:  created: 1035   present: 180   in FES: 7
** Event #8448   t=31.293645036539   Elapsed: 31.2375s (0m 31s)  0% completed  (0% total)
     Speed:     ev/sec=288.809   simsec/sec=1.00267   ev/simsec=288.038
     Messages:  created: 1133   present: 184   in FES: 8
** Event #9216   t=33.804113379719   Elapsed: 33.7479s (0m 33s)  0% completed  (0% total)
     Speed:     ev/sec=305.919   simsec/sec=1   ev/simsec=305.919
     Messages:  created: 1238   present: 209   in FES: 8
** Event #9728   t=35.836755620247   Elapsed: 35.7945s (0m 35s)  0% completed  (0% total)
     Speed:     ev/sec=250.178   simsec/sec=0.99321   ev/simsec=251.889
     Messages:  created: 1294   present: 188   in FES: 7
** Event #10496   t=38.378760849325   Elapsed: 38.3226s (0m 38s)  0% completed  (0% total)
     Speed:     ev/sec=303.784   simsec/sec=1.0055   ev/simsec=302.124
     Messages:  created: 1376   present: 150   in FES: 8
** Event #11264   t=40.66315536007   Elapsed: 40.607s (0m 40s)  0% completed  (0% total)
     Speed:     ev/sec=336.194   simsec/sec=0.999999   ev/simsec=336.194
     Messages:  created: 1474   present: 155   in FES: 8
** Event #12032   t=43.141404753748   Elapsed: 43.0852s (0m 43s)  0% completed  (0% total)
     Speed:     ev/sec=309.896   simsec/sec=1   ev/simsec=309.896
     Messages:  created: 1583   present: 191   in FES: 8
** Event #12800   t=45.555134358092   Elapsed: 45.4989s (0m 45s)  0% completed  (0% total)
     Speed:     ev/sec=318.18   simsec/sec=1   ev/simsec=318.18
     Messages:  created: 1683   present: 202   in FES: 8
** Event #13312   t=47.673137157399   Elapsed: 47.6169s (0m 47s)  0% completed  (0% total)
     Speed:     ev/sec=241.737   simsec/sec=0.999999   ev/simsec=241.737
     Messages:  created: 1743   present: 191   in FES: 8
** Event #14080   t=49.879724902738   Elapsed: 49.8235s (0m 49s)  0% completed  (0% total)
     Speed:     ev/sec=348.049   simsec/sec=1   ev/simsec=348.049
     Messages:  created: 1837   present: 185   in FES: 8
** Event #14848   t=52.322945730752   Elapsed: 52.2919s (0m 52s)  0% completed  (0% total)
     Speed:     ev/sec=311.132   simsec/sec=0.989797   ev/simsec=314.339
     Messages:  created: 1931   present: 180   in FES: 7
** Event #15616   t=54.818402022063   Elapsed: 54.7622s (0m 54s)  0% completed  (0% total)
     Speed:     ev/sec=310.897   simsec/sec=1.0102   ev/simsec=307.759
     Messages:  created: 2025   present: 175   in FES: 8
** Event #16384   t=57.364802446838   Elapsed: 57.3086s (0m 57s)  0% completed  (0% total)
     Speed:     ev/sec=301.602   simsec/sec=1   ev/simsec=301.602
     Messages:  created: 2104   present: 128   in FES: 8
** Event #17152   t=59.705281395484   Elapsed: 59.6559s (0m 59s)  0% completed  (0% total)
     Speed:     ev/sec=327.189   simsec/sec=0.997108   ev/simsec=328.138
     Messages:  created: 2192   present: 108   in FES: 7
t=60.666569 executing setDimmer(0.75)
** Event #17920   t=62.561029100432   Elapsed: 62.5048s (1m 02s)  0% completed  (0% total)
     Speed:     ev/sec=269.572   simsec/sec=1.00238   ev/simsec=268.931
     Messages:  created: 2263   present: 42   in FES: 7
** Event #18432   t=64.961912869945   Elapsed: 64.9057s (1m 04s)  1% completed  (1% total)
     Speed:     ev/sec=213.255   simsec/sec=1   ev/simsec=213.255
     Messages:  created: 2314   present: 9   in FES: 5
** Event #18944   t=67.507447590889   Elapsed: 67.4513s (1m 07s)  1% completed  (1% total)
     Speed:     ev/sec=201.136   simsec/sec=0.999999   ev/simsec=201.137
     Messages:  created: 2379   present: 10   in FES: 6
** Event #19712   t=70.263313265381   Elapsed: 70.2071s (1m 10s)  1% completed  (1% total)
     Speed:     ev/sec=278.678   simsec/sec=1   ev/simsec=278.678
     Messages:  created: 2478   present: 18   in FES: 8
** Event #20480   t=72.899461946817   Elapsed: 72.8433s (1m 12s)  1% completed  (1% total)
     Speed:     ev/sec=291.334   simsec/sec=0.999999   ev/simsec=291.334
     Messages:  created: 2570   present: 9   in FES: 5
** Event #21248   t=75.474656256627   Elapsed: 75.4185s (1m 15s)  1% completed  (1% total)
     Speed:     ev/sec=298.23   simsec/sec=0.999999   ev/simsec=298.23
     Messages:  created: 2667   present: 11   in FES: 7
** Event #21760   t=77.530813216263   Elapsed: 77.4792s (1m 17s)  1% completed  (1% total)
     Speed:     ev/sec=248.452   simsec/sec=0.997767   ev/simsec=249.008
     Messages:  created: 2735   present: 22   in FES: 7
** Event #22784   t=80.134782001365   Elapsed: 80.0876s (1m 20s)  1% completed  (1% total)
     Speed:     ev/sec=392.586   simsec/sec=0.998321   ev/simsec=393.246
     Messages:  created: 2866   present: 30   in FES: 7
** Event #23552   t=82.451916366821   Elapsed: 82.3987s (1m 22s)  1% completed  (1% total)
     Speed:     ev/sec=332.304   simsec/sec=1.00259   ev/simsec=331.444
     Messages:  created: 2956   present: 14   in FES: 6
** Event #24320   t=85.130069065524   Elapsed: 85.0739s (1m 25s)  1% completed  (1% total)
     Speed:     ev/sec=287.085   simsec/sec=1.00112   ev/simsec=286.765
     Messages:  created: 3051   present: 10   in FES: 6
** Event #24832   t=87.478301587166   Elapsed: 87.4221s (1m 27s)  1% completed  (1% total)
     Speed:     ev/sec=218.036   simsec/sec=1   ev/simsec=218.036
     Messages:  created: 3116   present: 13   in FES: 7
** Event #25856   t=89.966046911971   Elapsed: 89.9099s (1m 29s)  1% completed  (1% total)
     Speed:     ev/sec=411.618   simsec/sec=1   ev/simsec=411.618
     Messages:  created: 3248   present: 25   in FES: 8
** Event #26624   t=92.503132431693   Elapsed: 92.4469s (1m 32s)  1% completed  (1% total)
     Speed:     ev/sec=302.71   simsec/sec=1   ev/simsec=302.71
     Messages:  created: 3340   present: 13   in FES: 7
** Event #27136   t=95.204719174967   Elapsed: 95.1485s (1m 35s)  1% completed  (1% total)
     Speed:     ev/sec=189.518   simsec/sec=1   ev/simsec=189.518
     Messages:  created: 3403   present: 10   in FES: 6
** Event #27648   t=97.617477532806   Elapsed: 97.5612s (1m 37s)  1% completed  (1% total)
     Speed:     ev/sec=212.209   simsec/sec=1.00002   ev/simsec=212.205
     Messages:  created: 3466   present: 9   in FES: 5
** Event #28160   t=100.119378264672   Elapsed: 100.063s (1m 40s)  1% completed  (1% total)
     Speed:     ev/sec=204.641   simsec/sec=0.999983   ev/simsec=204.644
     Messages:  created: 3531   present: 11   in FES: 7
** Event #28672   t=102.735502249034   Elapsed: 102.69s (1m 42s)  1% completed  (1% total)
     Speed:     ev/sec=194.936   simsec/sec=0.996049   ev/simsec=195.709
     Messages:  created: 3596   present: 14   in FES: 7
** Event #29184   t=105.047349802137   Elapsed: 104.991s (1m 44s)  1% completed  (1% total)
     Speed:     ev/sec=222.466   simsec/sec=1.00451   ev/simsec=221.468
     Messages:  created: 3659   present: 10   in FES: 6
** Event #29696   t=107.232339579704   Elapsed: 107.176s (1m 47s)  1% completed  (1% total)
     Speed:     ev/sec=234.326   simsec/sec=1   ev/simsec=234.326
     Messages:  created: 3723   present: 10   in FES: 6
** Event #30208   t=109.53761291262   Elapsed: 109.481s (1m 49s)  1% completed  (1% total)
     Speed:     ev/sec=222.099   simsec/sec=0.999999   ev/simsec=222.099
     Messages:  created: 3787   present: 10   in FES: 6
** Event #30720   t=111.731750517105   Elapsed: 111.676s (1m 51s)  1% completed  (1% total)
     Speed:     ev/sec=233.344   simsec/sec=0.999977   ev/simsec=233.349
     Messages:  created: 3853   present: 16   in FES: 8
** Event #31488   t=113.759213596932   Elapsed: 113.703s (1m 53s)  1% completed  (1% total)
     Speed:     ev/sec=378.808   simsec/sec=1.00003   ev/simsec=378.799
     Messages:  created: 3947   present: 12   in FES: 7
** Event #32000   t=116.568038697893   Elapsed: 116.512s (1m 56s)  1% completed  (1% total)
     Speed:     ev/sec=182.283   simsec/sec=1   ev/simsec=182.283
     Messages:  created: 4011   present: 11   in FES: 7
** Event #32512   t=118.995949363203   Elapsed: 118.94s (1m 58s)  1% completed  (1% total)
     Speed:     ev/sec=210.881   simsec/sec=1   ev/simsec=210.881
     Messages:  created: 4075   present: 10   in FES: 6
t=120.666627 executing setDimmer(1)
** Event #33024   t=121.889334222744   Elapsed: 121.833s (2m 01s)  1% completed  (1% total)
     Speed:     ev/sec=176.955   simsec/sec=1   ev/simsec=176.955
     Messages:  created: 4138   present: 10   in FES: 6
** Event #33536   t=124.740071854865   Elapsed: 124.796s (2m 04s)  1% completed  (1% total)
     Speed:     ev/sec=172.815   simsec/sec=0.962206   ev/simsec=179.603
     Messages:  created: 4201   present: 8   in FES: 4
** Event #34048   t=127.791018411324   Elapsed: 127.735s (2m 07s)  2% completed  (2% total)
     Speed:     ev/sec=174.21   simsec/sec=1.0381   ev/simsec=167.817
     Messages:  created: 4266   present: 10   in FES: 6
** Event #34816   t=130.348321861773   Elapsed: 130.293s (2m 10s)  2% completed  (2% total)
     Speed:     ev/sec=300.166   simsec/sec=0.9995   ev/simsec=300.316
     Messages:  created: 4364   present: 16   in FES: 7
** Event #35328   t=132.888090514916   Elapsed: 132.832s (2m 12s)  2% completed  (2% total)
     Speed:     ev/sec=201.695   simsec/sec=1.0005   ev/simsec=201.593
     Messages:  created: 4426   present: 11   in FES: 7
** Event #35840   t=135.703391913289   Elapsed: 135.647s (2m 15s)  2% completed  (2% total)
     Speed:     ev/sec=181.863   simsec/sec=1   ev/simsec=181.863
     Messages:  created: 4490   present: 10   in FES: 6
** Event #36352   t=137.996224407077   Elapsed: 137.94s (2m 17s)  2% completed  (2% total)
     Speed:     ev/sec=223.305   simsec/sec=1   ev/simsec=223.305
     Messages:  created: 4555   present: 12   in FES: 7
** Event #36864   t=141.452640729348   Elapsed: 141.396s (2m 21s)  2% completed  (2% total)
     Speed:     ev/sec=148.13   simsec/sec=1   ev/simsec=148.13
     Messages:  created: 4619   present: 13   in FES: 8
** Event #37120   t=144.100896164686   Elapsed: 144.045s (2m 24s)  2% completed  (2% total)
     Speed:     ev/sec=96.6674   simsec/sec=1   ev/simsec=96.6674
     Messages:  created: 4650   present: 10   in FES: 6
** Event #37376   t=146.785739039614   Elapsed: 146.73s (2m 26s)  2% completed  (2% total)
     Speed:     ev/sec=95.3501   simsec/sec=1   ev/simsec=95.3501
     Messages:  created: 4682   present: 10   in FES: 6
** Event #37888   t=149.522995020209   Elapsed: 149.467s (2m 29s)  2% completed  (2% total)
     Speed:     ev/sec=187.049   simsec/sec=1   ev/simsec=187.049
     Messages:  created: 4746   present: 11   in FES: 6
** Event #38400   t=152.456512965177   Elapsed: 152.4s (2m 32s)  2% completed  (2% total)
     Speed:     ev/sec=174.535   simsec/sec=1   ev/simsec=174.534
     Messages:  created: 4810   present: 11   in FES: 7
** Event #38656   t=154.605031078484   Elapsed: 154.549s (2m 34s)  2% completed  (2% total)
     Speed:     ev/sec=119.152   simsec/sec=0.999999   ev/simsec=119.152
     Messages:  created: 4842   present: 11   in FES: 7
** Event #39424   t=157.023495440517   Elapsed: 156.967s (2m 36s)  2% completed  (2% total)
     Speed:     ev/sec=317.557   simsec/sec=1   ev/simsec=317.557
     Messages:  created: 4960   present: 69   in FES: 8
** Event #40192   t=160.114993456534   Elapsed: 160.059s (2m 40s)  2% completed  (2% total)
     Speed:     ev/sec=248.423   simsec/sec=1   ev/simsec=248.423
     Messages:  created: 5034   present: 10   in FES: 6
** Event #40960   t=162.300907204261   Elapsed: 162.245s (2m 42s)  2% completed  (2% total)
     Speed:     ev/sec=351.34   simsec/sec=0.999998   ev/simsec=351.34
     Messages:  created: 5134   present: 22   in FES: 8
** Event #41472   t=164.719981728653   Elapsed: 164.692s (2m 44s)  2% completed  (2% total)
     Speed:     ev/sec=209.193   simsec/sec=0.988388   ev/simsec=211.651
     Messages:  created: 5193   present: 8   in FES: 4
** Event #41984   t=166.836203370477   Elapsed: 166.78s (2m 46s)  2% completed  (2% total)
     Speed:     ev/sec=245.234   simsec/sec=1.01361   ev/simsec=241.941
     Messages:  created: 5259   present: 12   in FES: 8
** Event #42496   t=168.919873653959   Elapsed: 168.864s (2m 48s)  2% completed  (2% total)
     Speed:     ev/sec=245.721   simsec/sec=1   ev/simsec=245.72
     Messages:  created: 5322   present: 10   in FES: 6
** Event #43264   t=172.039847220268   Elapsed: 171.984s (2m 51s)  2% completed  (2% total)
     Speed:     ev/sec=246.156   simsec/sec=1   ev/simsec=246.156
     Messages:  created: 5419   present: 12   in FES: 8
** Event #44032   t=174.549158295021   Elapsed: 174.493s (2m 54s)  2% completed  (2% total)
     Speed:     ev/sec=306.06   simsec/sec=1   ev/simsec=306.06
     Messages:  created: 5517   present: 19   in FES: 8
** Event #44544   t=176.916265732013   Elapsed: 176.86s (2m 56s)  2% completed  (2% total)
     Speed:     ev/sec=216.298   simsec/sec=1   ev/simsec=216.298
     Messages:  created: 5579   present: 13   in FES: 8
** Event #45312   t=179.656438393888   Elapsed: 179.6s (2m 59s)  2% completed  (2% total)
     Speed:     ev/sec=280.274   simsec/sec=0.999998   ev/simsec=280.274
     Messages:  created: 5674   present: 11   in FES: 7
t=180.66655 executing removeServer()
scheduled complete remove at 180.702968118627
** Event #46080   t=182.229362026766   Elapsed: 182.173s (3m 02s)  2% completed  (2% total)
     Speed:     ev/sec=298.494   simsec/sec=1   ev/simsec=298.493
     Messages:  created: 5784   present: 43   in FES: 7
** Event #46848   t=184.798650535708   Elapsed: 184.742s (3m 04s)  2% completed  (2% total)
     Speed:     ev/sec=298.915   simsec/sec=1   ev/simsec=298.915
     Messages:  created: 5894   present: 81   in FES: 7
** Event #47616   t=186.991215091023   Elapsed: 186.935s (3m 06s)  2% completed  (2% total)
     Speed:     ev/sec=350.275   simsec/sec=1   ev/simsec=350.275
     Messages:  created: 6013   present: 143   in FES: 7
** Event #48384   t=189.549269574968   Elapsed: 189.493s (3m 09s)  3% completed  (3% total)
     Speed:     ev/sec=300.228   simsec/sec=0.999999   ev/simsec=300.228
     Messages:  created: 6127   present: 190   in FES: 7
** Event #48896   t=191.891584470924   Elapsed: 191.835s (3m 11s)  3% completed  (3% total)
     Speed:     ev/sec=218.588   simsec/sec=1   ev/simsec=218.587
     Messages:  created: 6186   present: 177   in FES: 7
** Event #49408   t=193.906446566163   Elapsed: 193.856s (3m 13s)  3% completed  (3% total)
     Speed:     ev/sec=253.38   simsec/sec=0.997121   ev/simsec=254.112
     Messages:  created: 6239   present: 148   in FES: 6
** Event #50176   t=196.602539776219   Elapsed: 196.546s (3m 16s)  3% completed  (3% total)
     Speed:     ev/sec=285.472   simsec/sec=1.00216   ev/simsec=284.857
     Messages:  created: 6323   present: 115   in FES: 7
** Event #50944   t=198.771968689038   Elapsed: 198.716s (3m 18s)  3% completed  (3% total)
     Speed:     ev/sec=353.948   simsec/sec=0.999824   ev/simsec=354.01
     Messages:  created: 6434   present: 156   in FES: 6
** Event #51712   t=201.578452874037   Elapsed: 201.537s (3m 21s)  3% completed  (3% total)
     Speed:     ev/sec=272.281   simsec/sec=0.994988   ev/simsec=273.652
     Messages:  created: 6533   present: 164   in FES: 6
** Event #52224   t=203.902623276228   Elapsed: 203.846s (3m 23s)  3% completed  (3% total)
     Speed:     ev/sec=221.679   simsec/sec=1.00629   ev/simsec=220.294
     Messages:  created: 6586   present: 134   in FES: 7
** Event #52992   t=206.694657827283   Elapsed: 206.638s (3m 26s)  3% completed  (3% total)
     Speed:     ev/sec=275.068   simsec/sec=1   ev/simsec=275.068
     Messages:  created: 6656   present: 65   in FES: 7
** Event #53760   t=209.707717759856   Elapsed: 209.672s (3m 29s)  3% completed  (3% total)
     Speed:     ev/sec=253.199   simsec/sec=0.993366   ev/simsec=254.89
     Messages:  created: 6741   present: 36   in FES: 6
** Event #54528   t=212.246681984742   Elapsed: 212.19s (3m 32s)  3% completed  (3% total)
     Speed:     ev/sec=304.902   simsec/sec=1.00799   ev/simsec=302.486
     Messages:  created: 6855   present: 83   in FES: 7
** Event #55296   t=214.949983981962   Elapsed: 214.894s (3m 34s)  3% completed  (3% total)
     Speed:     ev/sec=284.097   simsec/sec=1   ev/simsec=284.097
     Messages:  created: 6959   present: 105   in FES: 7
** Event #55808   t=216.984976010525   Elapsed: 216.947s (3m 36s)  3% completed  (3% total)
     Speed:     ev/sec=249.401   simsec/sec=0.991267   ev/simsec=251.598
     Messages:  created: 7018   present: 92   in FES: 6
** Event #56576   t=219.280431979096   Elapsed: 219.224s (3m 39s)  3% completed  (3% total)
     Speed:     ev/sec=337.21   simsec/sec=1.00788   ev/simsec=334.574
     Messages:  created: 7122   present: 112   in FES: 7
** Event #57088   t=221.34774609939   Elapsed: 221.292s (3m 41s)  3% completed  (3% total)
     Speed:     ev/sec=247.662   simsec/sec=0.999992   ev/simsec=247.664
     Messages:  created: 7170   present: 70   in FES: 7
** Event #57856   t=223.91646272953   Elapsed: 223.86s (3m 43s)  3% completed  (3% total)
     Speed:     ev/sec=298.987   simsec/sec=1.00002   ev/simsec=298.982
     Messages:  created: 7260   present: 54   in FES: 7
** Event #58624   t=226.550567669669   Elapsed: 226.494s (3m 46s)  3% completed  (3% total)
     Speed:     ev/sec=291.555   simsec/sec=0.999984   ev/simsec=291.56
     Messages:  created: 7356   present: 54   in FES: 7
** Event #59392   t=228.971541643535   Elapsed: 228.915s (3m 48s)  3% completed  (3% total)
     Speed:     ev/sec=317.228   simsec/sec=1   ev/simsec=317.228
     Messages:  created: 7448   present: 43   in FES: 7
** Event #60160   t=231.466259463447   Elapsed: 231.416s (3m 51s)  3% completed  (3% total)
     Speed:     ev/sec=307.112   simsec/sec=0.997601   ev/simsec=307.85
     Messages:  created: 7547   present: 52   in FES: 6
** Event #60672   t=233.466339625761   Elapsed: 233.419s (3m 53s)  3% completed  (3% total)
     Speed:     ev/sec=255.642   simsec/sec=0.998641   ev/simsec=255.99
     Messages:  created: 7605   present: 36   in FES: 6
** Event #61440   t=236.566360653449   Elapsed: 236.51s (3m 56s)  3% completed  (3% total)
     Speed:     ev/sec=248.439   simsec/sec=1.00282   ev/simsec=247.74
     Messages:  created: 7691   present: 9   in FES: 6
** Event #61952   t=238.639167603985   Elapsed: 238.586s (3m 58s)  3% completed  (3% total)
     Speed:     ev/sec=246.628   simsec/sec=0.99846   ev/simsec=247.008
     Messages:  created: 7756   present: 12   in FES: 6
t=240.666548 executing addServer()
adding server with latency=60
** Event #62464   t=241.760897017544   Elapsed: 241.705s (4m 01s)  3% completed  (3% total)
     Speed:     ev/sec=164.18   simsec/sec=1.00103   ev/simsec=164.012
     Messages:  created: 7821   present: 12   in FES: 8
** Event #63232   t=244.013590088167   Elapsed: 243.957s (4m 03s)  3% completed  (3% total)
     Speed:     ev/sec=340.925   simsec/sec=0.999999   ev/simsec=340.925
     Messages:  created: 7941   present: 77   in FES: 8
** Event #64000   t=246.443054894598   Elapsed: 246.387s (4m 06s)  3% completed  (3% total)
     Speed:     ev/sec=316.119   simsec/sec=1   ev/simsec=316.119
     Messages:  created: 8034   present: 69   in FES: 8
** Event #64512   t=248.543510508967   Elapsed: 248.506s (4m 08s)  3% completed  (3% total)
     Speed:     ev/sec=241.652   simsec/sec=0.991365   ev/simsec=243.757
     Messages:  created: 8087   present: 40   in FES: 7
** Event #65280   t=251.369658359512   Elapsed: 251.313s (4m 11s)  3% completed  (3% total)
     Speed:     ev/sec=273.519   simsec/sec=1.00652   ev/simsec=271.748
     Messages:  created: 8172   present: 10   in FES: 6
** Event #66048   t=254.04346717587   Elapsed: 253.987s (4m 13s)  4% completed  (4% total)
     Speed:     ev/sec=287.231   simsec/sec=1   ev/simsec=287.231
     Messages:  created: 8271   present: 19   in FES: 8
** Event #66816   t=256.355427832967   Elapsed: 256.299s (4m 16s)  4% completed  (4% total)
     Speed:     ev/sec=332.185   simsec/sec=0.999999   ev/simsec=332.186
     Messages:  created: 8377   present: 45   in FES: 8
** Event #67584   t=259.050896183204   Elapsed: 258.995s (4m 18s)  4% completed  (4% total)
     Speed:     ev/sec=284.923   simsec/sec=1   ev/simsec=284.923
     Messages:  created: 8462   present: 15   in FES: 8
** Event #68096   t=261.459850636447   Elapsed: 261.404s (4m 21s)  4% completed  (4% total)
     Speed:     ev/sec=212.54   simsec/sec=1   ev/simsec=212.54
     Messages:  created: 8525   present: 13   in FES: 8
** Event #68864   t=264.404109120742   Elapsed: 264.387s (4m 24s)  4% completed  (4% total)
     Speed:     ev/sec=257.455   simsec/sec=0.986998   ev/simsec=260.847
     Messages:  created: 8622   present: 16   in FES: 7
** Event #69376   t=267.410825169583   Elapsed: 267.355s (4m 27s)  4% completed  (4% total)
     Speed:     ev/sec=172.506   simsec/sec=1.01304   ev/simsec=170.285
     Messages:  created: 8684   present: 10   in FES: 6
** Event #69888   t=270.987763530685   Elapsed: 270.932s (4m 30s)  4% completed  (4% total)
     Speed:     ev/sec=143.142   simsec/sec=1.00002   ev/simsec=143.139
     Messages:  created: 8749   present: 12   in FES: 7
** Event #70400   t=274.872034207767   Elapsed: 274.816s (4m 34s)  4% completed  (4% total)
     Speed:     ev/sec=131.814   simsec/sec=0.999999   ev/simsec=131.814
     Messages:  created: 8813   present: 13   in FES: 8
** Event #70912   t=277.184192551273   Elapsed: 277.128s (4m 37s)  4% completed  (4% total)
     Speed:     ev/sec=221.438   simsec/sec=1   ev/simsec=221.438
     Messages:  created: 8877   present: 14   in FES: 8
** Event #71424   t=279.850436768779   Elapsed: 279.794s (4m 39s)  4% completed  (4% total)
     Speed:     ev/sec=192.032   simsec/sec=1.00001   ev/simsec=192.03
     Messages:  created: 8940   present: 11   in FES: 7
** Event #71936   t=282.428872538858   Elapsed: 282.373s (4m 42s)  4% completed  (4% total)
     Speed:     ev/sec=198.569   simsec/sec=0.999993   ev/simsec=198.57
     Messages:  created: 9005   present: 14   in FES: 8
** Event #72448   t=285.472108921734   Elapsed: 285.416s (4m 45s)  4% completed  (4% total)
     Speed:     ev/sec=168.242   simsec/sec=1   ev/simsec=168.242
     Messages:  created: 9069   present: 14   in FES: 7
** Event #72960   t=288.766632871321   Elapsed: 288.71s (4m 48s)  4% completed  (4% total)
     Speed:     ev/sec=155.409   simsec/sec=1   ev/simsec=155.409
     Messages:  created: 9132   present: 10   in FES: 6
** Event #73728   t=291.866100169143   Elapsed: 291.81s (4m 51s)  4% completed  (4% total)
     Speed:     ev/sec=247.784   simsec/sec=0.999999   ev/simsec=247.785
     Messages:  created: 9228   present: 11   in FES: 7
** Event #74240   t=294.028540019769   Elapsed: 293.978s (4m 53s)  4% completed  (4% total)
     Speed:     ev/sec=236.196   simsec/sec=0.997578   ev/simsec=236.77
     Messages:  created: 9297   present: 24   in FES: 7
** Event #75008   t=296.839845848755   Elapsed: 296.784s (4m 56s)  4% completed  (4% total)
     Speed:     ev/sec=273.694   simsec/sec=1.00187   ev/simsec=273.183
     Messages:  created: 9388   present: 11   in FES: 7
** Event #75520   t=299.997772986082   Elapsed: 299.942s (4m 59s)  4% completed  (4% total)
     Speed:     ev/sec=162.132   simsec/sec=1   ev/simsec=162.132
     Messages:  created: 9452   present: 10   in FES: 6
t=300.666548 addServer() complete
** Event #75776   t=302.248383524636   Elapsed: 302.232s (5m 02s)  4% completed  (4% total)
     Speed:     ev/sec=111.746   simsec/sec=0.98241   ev/simsec=113.747
     Messages:  created: 9483   present: 9   in FES: 5
** Event #76032   t=304.720620377922   Elapsed: 304.688s (5m 04s)  4% completed  (4% total)
     Speed:     ev/sec=104.27   simsec/sec=1.00695   ev/simsec=103.55
     Messages:  created: 9515   present: 9   in FES: 5
** Event #76544   t=307.893929854558   Elapsed: 307.838s (5m 07s)  4% completed  (4% total)
     Speed:     ev/sec=162.528   simsec/sec=1.00733   ev/simsec=161.346
     Messages:  created: 9579   present: 9   in FES: 5
** Event #77056   t=310.656213478062   Elapsed: 310.609s (5m 10s)  4% completed  (4% total)
     Speed:     ev/sec=184.786   simsec/sec=0.996936   ev/simsec=185.354
     Messages:  created: 9643   present: 9   in FES: 5
** Event #77568   t=313.500359643021   Elapsed: 313.465s (5m 13s)  4% completed  (4% total)
     Speed:     ev/sec=179.257   simsec/sec=0.995769   ev/simsec=180.019
     Messages:  created: 9707   present: 9   in FES: 5
** Event #78080   t=316.638367248023   Elapsed: 316.623s (5m 16s)  5% completed  (5% total)
     Speed:     ev/sec=162.114   simsec/sec=0.993583   ev/simsec=163.161
     Messages:  created: 9771   present: 9   in FES: 5
** Event #78592   t=319.080637252381   Elapsed: 319.049s (5m 19s)  5% completed  (5% total)
     Speed:     ev/sec=211.057   simsec/sec=1.00675   ev/simsec=209.641
     Messages:  created: 9835   present: 9   in FES: 5
** Event #78848   t=321.392487813039   Elapsed: 321.367s (5m 21s)  5% completed  (5% total)
     Speed:     ev/sec=110.422   simsec/sec=0.99718   ev/simsec=110.734
     Messages:  created: 9867   present: 9   in FES: 5
** Event #79616   t=324.623543145621   Elapsed: 324.567s (5m 24s)  5% completed  (5% total)
     Speed:     ev/sec=240.005   simsec/sec=1.00972   ev/simsec=237.693
     Messages:  created: 9964   present: 11   in FES: 6
** Event #80128   t=327.328648554664   Elapsed: 327.274s (5m 27s)  5% completed  (5% total)
     Speed:     ev/sec=189.133   simsec/sec=0.999268   ev/simsec=189.272
     Messages:  created: 10030   present: 17   in FES: 7
** Event #80640   t=330.114672141519   Elapsed: 330.059s (5m 30s)  5% completed  (5% total)
     Speed:     ev/sec=183.871   simsec/sec=1.00053   ev/simsec=183.774
     Messages:  created: 10091   present: 9   in FES: 5
** Event #81408   t=332.303704449848   Elapsed: 332.248s (5m 32s)  5% completed  (5% total)
     Speed:     ev/sec=350.926   simsec/sec=1.00025   ev/simsec=350.84
     Messages:  created: 10188   present: 12   in FES: 7
** Event #81920   t=334.387229123315   Elapsed: 334.331s (5m 34s)  5% completed  (5% total)
     Speed:     ev/sec=245.737   simsec/sec=0.999999   ev/simsec=245.737
     Messages:  created: 10252   present: 12   in FES: 8
** Event #82432   t=337.164145694139   Elapsed: 337.112s (5m 37s)  5% completed  (5% total)
     Speed:     ev/sec=184.126   simsec/sec=0.998637   ev/simsec=184.377
     Messages:  created: 10315   present: 9   in FES: 5
** Event #82944   t=339.657208847938   Elapsed: 339.634s (5m 39s)  5% completed  (5% total)
     Speed:     ev/sec=202.978   simsec/sec=0.988356   ev/simsec=205.37
     Messages:  created: 10379   present: 9   in FES: 5
** Event #83456   t=342.816966640845   Elapsed: 342.761s (5m 42s)  5% completed  (5% total)
     Speed:     ev/sec=163.756   simsec/sec=1.01061   ev/simsec=162.038
     Messages:  created: 10444   present: 11   in FES: 6
** Event #83968   t=345.944188383579   Elapsed: 345.888s (5m 45s)  5% completed  (5% total)
     Speed:     ev/sec=163.724   simsec/sec=1   ev/simsec=163.724
     Messages:  created: 10508   present: 12   in FES: 7
** Event #84224   t=348.095667021529   Elapsed: 348.079s (5m 48s)  5% completed  (5% total)
     Speed:     ev/sec=116.82   simsec/sec=0.98178   ev/simsec=118.988
     Messages:  created: 10539   present: 9   in FES: 5
** Event #84736   t=350.508517406187   Elapsed: 350.452s (5m 50s)  5% completed  (5% total)
     Speed:     ev/sec=215.768   simsec/sec=1.01683   ev/simsec=212.197
     Messages:  created: 10604   present: 11   in FES: 7
** Event #84992   t=352.64909948129   Elapsed: 352.61s (5m 52s)  5% completed  (5% total)
     Speed:     ev/sec=118.661   simsec/sec=0.992198   ev/simsec=119.594
     Messages:  created: 10635   present: 9   in FES: 5
** Event #85504   t=356.462417785173   Elapsed: 356.408s (5m 56s)  5% completed  (5% total)
     Speed:     ev/sec=134.794   simsec/sec=1.00393   ev/simsec=134.266
     Messages:  created: 10699   present: 9   in FES: 5
** Event #86016   t=359.016788308565   Elapsed: 358.961s (5m 58s)  5% completed  (5% total)
     Speed:     ev/sec=200.589   simsec/sec=1.00074   ev/simsec=200.441
     Messages:  created: 10765   present: 13   in FES: 8
t=360.666549 executing removeServer()
scheduled complete remove at 360.706421861508
** Event #86784   t=361.528413647806   Elapsed: 361.472s (6m 01s)  5% completed  (5% total)
     Speed:     ev/sec=305.778   simsec/sec=0.999999   ev/simsec=305.778
     Messages:  created: 10861   present: 9   in FES: 6
** Event #87296   t=363.866507729831   Elapsed: 363.81s (6m 03s)  5% completed  (5% total)
     Speed:     ev/sec=218.982   simsec/sec=1   ev/simsec=218.982
     Messages:  created: 10927   present: 16   in FES: 7
** Event #88064   t=366.629960659692   Elapsed: 366.574s (6m 06s)  5% completed  (5% total)
     Speed:     ev/sec=277.913   simsec/sec=1   ev/simsec=277.913
     Messages:  created: 11021   present: 11   in FES: 6
** Event #88576   t=368.708377728596   Elapsed: 368.652s (6m 08s)  5% completed  (5% total)
     Speed:     ev/sec=246.341   simsec/sec=1   ev/simsec=246.341
     Messages:  created: 11084   present: 8   in FES: 5
** Event #89088   t=371.185375582339   Elapsed: 371.129s (6m 11s)  5% completed  (5% total)
     Speed:     ev/sec=206.702   simsec/sec=1   ev/simsec=206.702
     Messages:  created: 11149   present: 9   in FES: 6
** Event #89600   t=373.473164661797   Elapsed: 373.417s (6m 13s)  5% completed  (5% total)
     Speed:     ev/sec=223.797   simsec/sec=1   ev/simsec=223.797
     Messages:  created: 11212   present: 8   in FES: 5
** Event #89856   t=375.790560546022   Elapsed: 375.734s (6m 15s)  5% completed  (5% total)
     Speed:     ev/sec=110.469   simsec/sec=1   ev/simsec=110.469
     Messages:  created: 11244   present: 8   in FES: 5
** Event #90112   t=378.056452138416   Elapsed: 378s (6m 18s)  6% completed  (6% total)
     Speed:     ev/sec=112.981   simsec/sec=1.00001   ev/simsec=112.98
     Messages:  created: 11276   present: 8   in FES: 5
** Event #90368   t=380.194572285372   Elapsed: 380.138s (6m 20s)  6% completed  (6% total)
     Speed:     ev/sec=119.73   simsec/sec=0.999985   ev/simsec=119.731
     Messages:  created: 11308   present: 8   in FES: 5
** Event #90880   t=382.8186835302   Elapsed: 382.762s (6m 22s)  6% completed  (6% total)
     Speed:     ev/sec=195.114   simsec/sec=1   ev/simsec=195.114
     Messages:  created: 11372   present: 8   in FES: 5
** Event #91648   t=385.535163079335   Elapsed: 385.479s (6m 25s)  6% completed  (6% total)
     Speed:     ev/sec=282.719   simsec/sec=0.999999   ev/simsec=282.719
     Messages:  created: 11471   present: 15   in FES: 7
** Event #92160   t=388.754320984963   Elapsed: 388.698s (6m 28s)  6% completed  (6% total)
     Speed:     ev/sec=159.048   simsec/sec=1   ev/simsec=159.048
     Messages:  created: 11532   present: 8   in FES: 5
** Event #92672   t=391.929050894555   Elapsed: 391.873s (6m 31s)  6% completed  (6% total)
     Speed:     ev/sec=161.274   simsec/sec=1   ev/simsec=161.274
     Messages:  created: 11596   present: 8   in FES: 5
** Event #93184   t=395.405759962961   Elapsed: 395.35s (6m 35s)  6% completed  (6% total)
     Speed:     ev/sec=147.266   simsec/sec=1   ev/simsec=147.266
     Messages:  created: 11661   present: 9   in FES: 6
** Event #93696   t=398.647259422233   Elapsed: 398.591s (6m 38s)  6% completed  (6% total)
     Speed:     ev/sec=157.952   simsec/sec=1   ev/simsec=157.952
     Messages:  created: 11725   present: 9   in FES: 6
** Event #94208   t=401.478529411951   Elapsed: 401.422s (6m 41s)  6% completed  (6% total)
     Speed:     ev/sec=180.838   simsec/sec=1   ev/simsec=180.838
     Messages:  created: 11789   present: 11   in FES: 7
** Event #94720   t=403.688288568066   Elapsed: 403.632s (6m 43s)  6% completed  (6% total)
     Speed:     ev/sec=231.7   simsec/sec=1   ev/simsec=231.699
     Messages:  created: 11853   present: 9   in FES: 6
** Event #95232   t=406.785641030778   Elapsed: 406.729s (6m 46s)  6% completed  (6% total)
     Speed:     ev/sec=165.302   simsec/sec=1   ev/simsec=165.302
     Messages:  created: 11916   present: 8   in FES: 5
** Event #95744   t=409.462127068752   Elapsed: 409.406s (6m 49s)  6% completed  (6% total)
     Speed:     ev/sec=191.295   simsec/sec=0.999999   ev/simsec=191.296
     Messages:  created: 11981   present: 10   in FES: 7
** Event #96512   t=411.864005457313   Elapsed: 411.808s (6m 51s)  6% completed  (6% total)
     Speed:     ev/sec=319.747   simsec/sec=0.999992   ev/simsec=319.75
     Messages:  created: 12077   present: 10   in FES: 6
** Event #97024   t=414.063089055915   Elapsed: 414.007s (6m 54s)  6% completed  (6% total)
     Speed:     ev/sec=232.826   simsec/sec=1.00001   ev/simsec=232.824
     Messages:  created: 12142   present: 12   in FES: 7
** Event #97792   t=416.149772744584   Elapsed: 416.095s (6m 56s)  6% completed  (6% total)
     Speed:     ev/sec=367.841   simsec/sec=0.999437   ev/simsec=368.048
     Messages:  created: 12241   present: 21   in FES: 6
** Event #98560   t=419.161531283671   Elapsed: 419.105s (6m 59s)  6% completed  (6% total)
     Speed:     ev/sec=255.1   simsec/sec=1.00039   ev/simsec=255.001
     Messages:  created: 12336   present: 17   in FES: 7
** Event #99328   t=421.17686495347   Elapsed: 421.121s (7m 01s)  6% completed  (6% total)
     Speed:     ev/sec=381.079   simsec/sec=1   ev/simsec=381.078
     Messages:  created: 12439   present: 39   in FES: 7
** Event #100096   t=424.641273953625   Elapsed: 424.585s (7m 04s)  6% completed  (6% total)
     Speed:     ev/sec=221.683   simsec/sec=0.999999   ev/simsec=221.683
     Messages:  created: 12524   present: 9   in FES: 6
** Event #100608   t=427.319337920757   Elapsed: 427.263s (7m 07s)  6% completed  (6% total)
     Speed:     ev/sec=191.183   simsec/sec=1   ev/simsec=191.183
     Messages:  created: 12589   present: 11   in FES: 7
** Event #101120   t=430.834853954972   Elapsed: 430.779s (7m 10s)  6% completed  (6% total)
     Speed:     ev/sec=145.64   simsec/sec=1   ev/simsec=145.64
     Messages:  created: 12653   present: 11   in FES: 7
** Event #101632   t=432.906780490531   Elapsed: 432.851s (7m 12s)  6% completed  (6% total)
     Speed:     ev/sec=247.113   simsec/sec=1   ev/simsec=247.113
     Messages:  created: 12716   present: 10   in FES: 7
** Event #102400   t=435.7780519014   Elapsed: 435.78s (7m 15s)  6% completed  (6% total)
     Speed:     ev/sec=262.156   simsec/sec=0.980106   ev/simsec=267.477
     Messages:  created: 12813   present: 12   in FES: 6
** Event #102912   t=438.45108949301   Elapsed: 438.395s (7m 18s)  6% completed  (6% total)
     Speed:     ev/sec=195.812   simsec/sec=1.02229   ev/simsec=191.542
     Messages:  created: 12876   present: 10   in FES: 6
** Event #103424   t=441.226483461488   Elapsed: 441.17s (7m 21s)  7% completed  (7% total)
     Speed:     ev/sec=184.478   simsec/sec=1   ev/simsec=184.478
     Messages:  created: 12940   present: 9   in FES: 6
** Event #103936   t=443.788515322051   Elapsed: 443.732s (7m 23s)  7% completed  (7% total)
     Speed:     ev/sec=199.842   simsec/sec=1   ev/simsec=199.841
     Messages:  created: 13004   present: 8   in FES: 5
** Event #104448   t=446.613354633991   Elapsed: 446.557s (7m 26s)  7% completed  (7% total)
     Speed:     ev/sec=181.249   simsec/sec=0.999999   ev/simsec=181.249
     Messages:  created: 13068   present: 9   in FES: 6
** Event #105216   t=448.959025500891   Elapsed: 448.903s (7m 28s)  7% completed  (7% total)
     Speed:     ev/sec=327.412   simsec/sec=1   ev/simsec=327.412
     Messages:  created: 13168   present: 19   in FES: 7
** Event #105728   t=451.001879360082   Elapsed: 450.946s (7m 30s)  7% completed  (7% total)
     Speed:     ev/sec=250.63   simsec/sec=1   ev/simsec=250.63
     Messages:  created: 13228   present: 10   in FES: 7
** Event #106240   t=453.326276073429   Elapsed: 453.27s (7m 33s)  7% completed  (7% total)
     Speed:     ev/sec=220.272   simsec/sec=1   ev/simsec=220.272
     Messages:  created: 13292   present: 8   in FES: 5
** Event #106752   t=456.477623230259   Elapsed: 456.421s (7m 36s)  7% completed  (7% total)
     Speed:     ev/sec=162.47   simsec/sec=1   ev/simsec=162.47
     Messages:  created: 13357   present: 11   in FES: 7
** Event #107264   t=459.557311654744   Elapsed: 459.501s (7m 39s)  7% completed  (7% total)
     Speed:     ev/sec=166.251   simsec/sec=1   ev/simsec=166.251
     Messages:  created: 13420   present: 8   in FES: 5
** Event #107776   t=464.162833121711   Elapsed: 464.107s (7m 44s)  7% completed  (7% total)
     Speed:     ev/sec=111.171   simsec/sec=1   ev/simsec=111.171
     Messages:  created: 13484   present: 8   in FES: 5
** Event #108288   t=467.871242482992   Elapsed: 467.815s (7m 47s)  7% completed  (7% total)
     Speed:     ev/sec=138.065   simsec/sec=1   ev/simsec=138.065
     Messages:  created: 13548   present: 8   in FES: 5
** Event #108544   t=470.091287202992   Elapsed: 470.035s (7m 50s)  7% completed  (7% total)
     Speed:     ev/sec=115.313   simsec/sec=1   ev/simsec=115.313
     Messages:  created: 13580   present: 8   in FES: 5
** Event #109056   t=472.977383791365   Elapsed: 472.921s (7m 52s)  7% completed  (7% total)
     Speed:     ev/sec=177.402   simsec/sec=1   ev/simsec=177.402
     Messages:  created: 13644   present: 9   in FES: 6
** Event #109568   t=475.968158042426   Elapsed: 475.912s (7m 55s)  7% completed  (7% total)
     Speed:     ev/sec=171.193   simsec/sec=1   ev/simsec=171.193
     Messages:  created: 13708   present: 10   in FES: 7
** Event #110080   t=479.362786603965   Elapsed: 479.307s (7m 59s)  7% completed  (7% total)
     Speed:     ev/sec=150.827   simsec/sec=1   ev/simsec=150.827
     Messages:  created: 13773   present: 11   in FES: 7
** Event #110848   t=483.041913066056   Elapsed: 482.986s (8m 02s)  7% completed  (7% total)
     Speed:     ev/sec=208.745   simsec/sec=0.999999   ev/simsec=208.745
     Messages:  created: 13867   present: 9   in FES: 6
** Event #111104   t=485.176064106449   Elapsed: 485.12s (8m 05s)  7% completed  (7% total)
     Speed:     ev/sec=119.954   simsec/sec=0.999999   ev/simsec=119.954
     Messages:  created: 13899   present: 8   in FES: 5
** Event #111360   t=487.339675329598   Elapsed: 487.284s (8m 07s)  7% completed  (7% total)
     Speed:     ev/sec=118.316   simsec/sec=0.999958   ev/simsec=118.321
     Messages:  created: 13931   present: 8   in FES: 5
** Event #111872   t=490.500674221507   Elapsed: 490.444s (8m 10s)  7% completed  (7% total)
     Speed:     ev/sec=161.979   simsec/sec=1.00003   ev/simsec=161.974
     Messages:  created: 13995   present: 9   in FES: 6
** Event #112640   t=493.505825844875   Elapsed: 493.453s (8m 13s)  7% completed  (7% total)
     Speed:     ev/sec=255.263   simsec/sec=0.998832   ev/simsec=255.561
     Messages:  created: 14092   present: 11   in FES: 6
** Event #113408   t=496.636683875246   Elapsed: 496.58s (8m 16s)  7% completed  (7% total)
     Speed:     ev/sec=245.576   simsec/sec=1.00112   ev/simsec=245.3
     Messages:  created: 14190   present: 16   in FES: 7
** Event #113920   t=499.667129371975   Elapsed: 499.611s (8m 19s)  7% completed  (7% total)
     Speed:     ev/sec=168.952   simsec/sec=0.999999   ev/simsec=168.952
     Messages:  created: 14251   present: 8   in FES: 5
** Event #114432   t=502.623722275069   Elapsed: 502.568s (8m 22s)  7% completed  (7% total)
     Speed:     ev/sec=173.173   simsec/sec=1   ev/simsec=173.172
     Messages:  created: 14315   present: 9   in FES: 6
** Event #114944   t=506.02168130889   Elapsed: 505.968s (8m 25s)  8% completed  (8% total)
     Speed:     ev/sec=150.556   simsec/sec=0.999183   ev/simsec=150.679
     Messages:  created: 14380   present: 11   in FES: 6
** Event #115200   t=508.543064663693   Elapsed: 508.487s (8m 28s)  8% completed  (8% total)
     Speed:     ev/sec=101.643   simsec/sec=1.0011   ev/simsec=101.532
     Messages:  created: 14411   present: 9   in FES: 6
** Event #115712   t=511.202589414543   Elapsed: 511.146s (8m 31s)  8% completed  (8% total)
     Speed:     ev/sec=192.516   simsec/sec=1   ev/simsec=192.516
     Messages:  created: 14476   present: 10   in FES: 7
** Event #116480   t=513.633089607816   Elapsed: 513.577s (8m 33s)  8% completed  (8% total)
     Speed:     ev/sec=315.985   simsec/sec=1   ev/simsec=315.984
     Messages:  created: 14574   present: 17   in FES: 7
** Event #116992   t=515.971227247417   Elapsed: 515.915s (8m 35s)  8% completed  (8% total)
     Speed:     ev/sec=218.968   simsec/sec=0.999958   ev/simsec=218.978
     Messages:  created: 14635   present: 8   in FES: 5
** Event #117504   t=518.54387806403   Elapsed: 518.488s (8m 38s)  8% completed  (8% total)
     Speed:     ev/sec=199.024   simsec/sec=1.00004   ev/simsec=199.017
     Messages:  created: 14701   present: 13   in FES: 7
** Event #118016   t=520.979625099884   Elapsed: 520.923s (8m 40s)  8% completed  (8% total)
     Speed:     ev/sec=210.203   simsec/sec=1   ev/simsec=210.202
     Messages:  created: 14763   present: 9   in FES: 6
** Event #118528   t=523.2576946818   Elapsed: 523.251s (8m 43s)  8% completed  (8% total)
     Speed:     ev/sec=219.969   simsec/sec=0.978722   ev/simsec=224.752
     Messages:  created: 14828   present: 11   in FES: 5
** Event #119040   t=525.621737593525   Elapsed: 525.567s (8m 45s)  8% completed  (8% total)
     Speed:     ev/sec=221.085   simsec/sec=1.02081   ev/simsec=216.578
     Messages:  created: 14892   present: 11   in FES: 6
** Event #119552   t=528.278700735716   Elapsed: 528.223s (8m 48s)  8% completed  (8% total)
     Speed:     ev/sec=192.798   simsec/sec=1.0005   ev/simsec=192.701
     Messages:  created: 14956   present: 10   in FES: 6
** Event #120064   t=530.680183474304   Elapsed: 530.624s (8m 50s)  8% completed  (8% total)
     Speed:     ev/sec=213.202   simsec/sec=0.999999   ev/simsec=213.202
     Messages:  created: 15019   present: 8   in FES: 5
** Event #120576   t=533.760875865926   Elapsed: 533.708s (8m 53s)  8% completed  (8% total)
     Speed:     ev/sec=165.998   simsec/sec=0.998805   ev/simsec=166.196
     Messages:  created: 15084   present: 11   in FES: 6
** Event #121344   t=536.178346872414   Elapsed: 536.122s (8m 56s)  8% completed  (8% total)
     Speed:     ev/sec=318.173   simsec/sec=1.00153   ev/simsec=317.687
     Messages:  created: 15181   present: 13   in FES: 7
** Event #121856   t=538.690862676028   Elapsed: 538.635s (8m 58s)  8% completed  (8% total)
     Speed:     ev/sec=203.78   simsec/sec=1   ev/simsec=203.78
     Messages:  created: 15243   present: 9   in FES: 6
** Event #122368   t=541.06206328646   Elapsed: 541.006s (9m 01s)  8% completed  (8% total)
     Speed:     ev/sec=215.924   simsec/sec=0.999999   ev/simsec=215.924
     Messages:  created: 15309   present: 15   in FES: 7
** Event #122880   t=543.236266826984   Elapsed: 543.18s (9m 03s)  8% completed  (8% total)
     Speed:     ev/sec=235.488   simsec/sec=1   ev/simsec=235.489
     Messages:  created: 15370   present: 8   in FES: 5
** Event #123392   t=545.840838336486   Elapsed: 545.785s (9m 05s)  8% completed  (8% total)
     Speed:     ev/sec=196.577   simsec/sec=1   ev/simsec=196.577
     Messages:  created: 15434   present: 8   in FES: 5
** Event #123904   t=547.924265781436   Elapsed: 547.869s (9m 07s)  8% completed  (8% total)
     Speed:     ev/sec=245.684   simsec/sec=0.999737   ev/simsec=245.749
     Messages:  created: 15499   present: 10   in FES: 6
** Event #124416   t=550.191823380855   Elapsed: 550.146s (9m 10s)  8% completed  (8% total)
     Speed:     ev/sec=224.859   simsec/sec=0.995862   ev/simsec=225.794
     Messages:  created: 15563   present: 10   in FES: 6
** Event #125184   t=552.807738287972   Elapsed: 552.764s (9m 12s)  8% completed  (8% total)
     Speed:     ev/sec=293.307   simsec/sec=0.999044   ev/simsec=293.588
     Messages:  created: 15659   present: 10   in FES: 6
** Event #125696   t=554.975298476082   Elapsed: 554.932s (9m 14s)  8% completed  (8% total)
     Speed:     ev/sec=236.215   simsec/sec=1.00002   ev/simsec=236.21
     Messages:  created: 15723   present: 10   in FES: 6
** Event #126208   t=557.818332261368   Elapsed: 557.762s (9m 17s)  8% completed  (8% total)
     Speed:     ev/sec=180.88   simsec/sec=1.00439   ev/simsec=180.089
     Messages:  created: 15787   present: 9   in FES: 6
** Event #126720   t=560.669673923984   Elapsed: 560.613s (9m 20s)  8% completed  (8% total)
     Speed:     ev/sec=179.565   simsec/sec=1   ev/simsec=179.565
     Messages:  created: 15851   present: 9   in FES: 6
** Event #127232   t=563.268305402129   Elapsed: 563.234s (9m 23s)  8% completed  (8% total)
     Speed:     ev/sec=195.374   simsec/sec=0.991609   ev/simsec=197.027
     Messages:  created: 15915   present: 10   in FES: 6
** Event #128000   t=565.836772309572   Elapsed: 565.781s (9m 25s)  8% completed  (8% total)
     Speed:     ev/sec=301.593   simsec/sec=1.00863   ev/simsec=299.011
     Messages:  created: 16016   present: 23   in FES: 7
** Event #128512   t=567.884255662466   Elapsed: 567.828s (9m 27s)  9% completed  (9% total)
     Speed:     ev/sec=250.063   simsec/sec=0.999998   ev/simsec=250.063
     Messages:  created: 16075   present: 9   in FES: 6
** Event #129024   t=570.609908310705   Elapsed: 570.554s (9m 30s)  9% completed  (9% total)
     Speed:     ev/sec=187.845   simsec/sec=1   ev/simsec=187.845
     Messages:  created: 16140   present: 13   in FES: 7
** Event #129792   t=572.858310586607   Elapsed: 572.802s (9m 32s)  9% completed  (9% total)
     Speed:     ev/sec=341.576   simsec/sec=1   ev/simsec=341.576
     Messages:  created: 16246   present: 38   in FES: 7
** Event #130304   t=575.5328860508   Elapsed: 575.484s (9m 35s)  9% completed  (9% total)
     Speed:     ev/sec=190.883   simsec/sec=0.99713   ev/simsec=191.432
     Messages:  created: 16299   present: 10   in FES: 5
** Event #130816   t=577.701687618529   Elapsed: 577.653s (9m 37s)  9% completed  (9% total)
     Speed:     ev/sec=236.147   simsec/sec=1.00031   ev/simsec=236.075
     Messages:  created: 16363   present: 10   in FES: 6
** Event #131584   t=581.869990568011   Elapsed: 581.814s (9m 41s)  9% completed  (9% total)
     Speed:     ev/sec=184.559   simsec/sec=1.00169   ev/simsec=184.248
     Messages:  created: 16458   present: 8   in FES: 5
** Event #131840   t=583.938510596646   Elapsed: 583.882s (9m 43s)  9% completed  (9% total)
     Speed:     ev/sec=123.76   simsec/sec=1   ev/simsec=123.76
     Messages:  created: 16492   present: 12   in FES: 7
** Event #132096   t=586.208364082016   Elapsed: 586.152s (9m 46s)  9% completed  (9% total)
     Speed:     ev/sec=112.782   simsec/sec=0.999999   ev/simsec=112.783
     Messages:  created: 16523   present: 9   in FES: 6
** Event #132352   t=588.99721040722   Elapsed: 588.941s (9m 48s)  9% completed  (9% total)
     Speed:     ev/sec=91.7942   simsec/sec=1   ev/simsec=91.7942
     Messages:  created: 16555   present: 9   in FES: 6
** Event #132864   t=591.188021464394   Elapsed: 591.139s (9m 51s)  9% completed  (9% total)
     Speed:     ev/sec=232.89   simsec/sec=0.996519   ev/simsec=233.703
     Messages:  created: 16619   present: 10   in FES: 6
** Event #133376   t=593.475569561059   Elapsed: 593.426s (9m 53s)  9% completed  (9% total)
     Speed:     ev/sec=223.951   simsec/sec=1.00058   ev/simsec=223.82
     Messages:  created: 16683   present: 10   in FES: 6
** Event #133888   t=596.310957978161   Elapsed: 596.255s (9m 56s)  9% completed  (9% total)
     Speed:     ev/sec=180.978   simsec/sec=1.00223   ev/simsec=180.575
     Messages:  created: 16747   present: 9   in FES: 6
** Event #134656   t=599.771653965032   Elapsed: 599.715s (9m 59s)  9% completed  (9% total)
     Speed:     ev/sec=221.921   simsec/sec=1   ev/simsec=221.921
     Messages:  created: 16842   present: 8   in FES: 5
** Event #134912   t=601.966501334739   Elapsed: 601.91s (10m 01s)  9% completed  (9% total)
     Speed:     ev/sec=116.63   simsec/sec=0.999939   ev/simsec=116.637
     Messages:  created: 16874   present: 8   in FES: 5
** Event #135168   t=604.416100386548   Elapsed: 604.384s (10m 04s)  9% completed  (9% total)
     Speed:     ev/sec=103.514   simsec/sec=0.990499   ev/simsec=104.507
     Messages:  created: 16906   present: 9   in FES: 5
** Event #135680   t=606.566903673243   Elapsed: 606.511s (10m 06s)  9% completed  (9% total)
     Speed:     ev/sec=240.695   simsec/sec=1.01111   ev/simsec=238.051
     Messages:  created: 16971   present: 11   in FES: 7
** Event #136192   t=609.170478619627   Elapsed: 609.114s (10m 09s)  9% completed  (9% total)
     Speed:     ev/sec=196.653   simsec/sec=1   ev/simsec=196.653
     Messages:  created: 17035   present: 12   in FES: 7
** Event #136448   t=611.290930126486   Elapsed: 611.252s (10m 11s)  9% completed  (9% total)
     Speed:     ev/sec=119.742   simsec/sec=0.991827   ev/simsec=120.729
     Messages:  created: 17066   present: 9   in FES: 6
** Event #136960   t=614.724259342204   Elapsed: 614.668s (10m 14s)  9% completed  (9% total)
     Speed:     ev/sec=149.887   simsec/sec=1.0051   ev/simsec=149.126
     Messages:  created: 17130   present: 8   in FES: 5
** Event #137472   t=616.990447295752   Elapsed: 616.939s (10m 16s)  9% completed  (9% total)
     Speed:     ev/sec=225.511   simsec/sec=0.998147   ev/simsec=225.93
     Messages:  created: 17194   present: 9   in FES: 6
** Event #138240   t=619.668022630776   Elapsed: 619.612s (10m 19s)  9% completed  (9% total)
     Speed:     ev/sec=287.284   simsec/sec=1.0016   ev/simsec=286.827
     Messages:  created: 17290   present: 8   in FES: 5
** Event #138752   t=621.880911855342   Elapsed: 621.828s (10m 21s)  9% completed  (9% total)
     Speed:     ev/sec=230.977   simsec/sec=0.998294   ev/simsec=231.372
     Messages:  created: 17354   present: 9   in FES: 6
** Event #139520   t=624.532276059696   Elapsed: 624.476s (10m 24s)  9% completed  (9% total)
     Speed:     ev/sec=290.076   simsec/sec=1.00143   ev/simsec=289.662
     Messages:  created: 17450   present: 8   in FES: 5
** Event #140288   t=626.943669735843   Elapsed: 626.888s (10m 26s)  9% completed  (9% total)
     Speed:     ev/sec=318.374   simsec/sec=0.999643   ev/simsec=318.488
     Messages:  created: 17546   present: 9   in FES: 6
** Event #140800   t=629.392939023995   Elapsed: 629.337s (10m 29s)  9% completed  (9% total)
     Speed:     ev/sec=209.104   simsec/sec=1.00029   ev/simsec=209.042
     Messages:  created: 17610   present: 8   in FES: 5
** Event #141312   t=631.940789722733   Elapsed: 631.885s (10m 31s)  10% completed  (10% total)
     Speed:     ev/sec=200.965   simsec/sec=1.00006   ev/simsec=200.954
     Messages:  created: 17674   present: 8   in FES: 5
** Event #141824   t=635.194032720317   Elapsed: 635.138s (10m 35s)  10% completed  (10% total)
     Speed:     ev/sec=157.376   simsec/sec=0.999968   ev/simsec=157.381
     Messages:  created: 17738   present: 8   in FES: 5
** Event #142080   t=637.761192818936   Elapsed: 637.705s (10m 37s)  10% completed  (10% total)
     Speed:     ev/sec=99.7201   simsec/sec=0.99999   ev/simsec=99.7211
     Messages:  created: 17770   present: 8   in FES: 5
** Event #142336   t=640.006318784988   Elapsed: 639.958s (10m 39s)  10% completed  (10% total)
     Speed:     ev/sec=113.615   simsec/sec=0.996408   ev/simsec=114.025
     Messages:  created: 17802   present: 9   in FES: 6
** Event #142848   t=643.297962508506   Elapsed: 643.245s (10m 43s)  10% completed  (10% total)
     Speed:     ev/sec=155.789   simsec/sec=1.00157   ev/simsec=155.545
     Messages:  created: 17866   present: 9   in FES: 6
** Event #143360   t=646.403975177291   Elapsed: 646.376s (10m 46s)  10% completed  (10% total)
     Speed:     ev/sec=163.51   simsec/sec=0.991922   ev/simsec=164.842
     Messages:  created: 17930   present: 9   in FES: 6
** Event #143872   t=649.564533567116   Elapsed: 649.543s (10m 49s)  10% completed  (10% total)
     Speed:     ev/sec=161.656   simsec/sec=0.997897   ev/simsec=161.997
     Messages:  created: 17994   present: 9   in FES: 5
** Event #144384   t=652.093723981023   Elapsed: 652.075s (10m 52s)  10% completed  (10% total)
     Speed:     ev/sec=202.263   simsec/sec=0.999143   ev/simsec=202.436
     Messages:  created: 18058   present: 9   in FES: 6
** Event #144896   t=655.082591991188   Elapsed: 655.026s (10m 55s)  10% completed  (10% total)
     Speed:     ev/sec=173.461   simsec/sec=1.0126   ev/simsec=171.302
     Messages:  created: 18122   present: 8   in FES: 5
** Event #145408   t=658.016938101393   Elapsed: 657.98s (10m 57s)  10% completed  (10% total)
     Speed:     ev/sec=173.375   simsec/sec=0.993636   ev/simsec=174.485
     Messages:  created: 18186   present: 9   in FES: 6
** Event #145920   t=660.090253737302   Elapsed: 660.034s (11m 00s)  10% completed  (10% total)
     Speed:     ev/sec=249.206   simsec/sec=1.00915   ev/simsec=246.947
     Messages:  created: 18256   present: 25   in FES: 7
t=660.66656 executing removeServer()
scheduled complete remove at 661.350548338645
** Event #146688   t=662.879010531086   Elapsed: 662.842s (11m 02s)  10% completed  (10% total)
     Speed:     ev/sec=273.521   simsec/sec=0.993209   ev/simsec=275.392
     Messages:  created: 18349   present: 13   in FES: 5
** Event #147200   t=665.345344442897   Elapsed: 665.289s (11m 05s)  10% completed  (10% total)
     Speed:     ev/sec=209.213   simsec/sec=1.00779   ev/simsec=207.596
     Messages:  created: 18415   present: 19   in FES: 6
** Event #147712   t=668.142891496465   Elapsed: 668.087s (11m 08s)  10% completed  (10% total)
     Speed:     ev/sec=183.018   simsec/sec=1   ev/simsec=183.017
     Messages:  created: 18481   present: 23   in FES: 6
** Event #148224   t=670.931433849972   Elapsed: 670.875s (11m 10s)  10% completed  (10% total)
     Speed:     ev/sec=183.61   simsec/sec=1.00001   ev/simsec=183.608
     Messages:  created: 18541   present: 12   in FES: 6
** Event #148736   t=673.100886353842   Elapsed: 673.045s (11m 13s)  10% completed  (10% total)
     Speed:     ev/sec=236.002   simsec/sec=0.999992   ev/simsec=236.004
     Messages:  created: 18613   present: 33   in FES: 6
** Event #149248   t=675.584278464393   Elapsed: 675.528s (11m 15s)  10% completed  (10% total)
     Speed:     ev/sec=206.169   simsec/sec=0.999999   ev/simsec=206.17
     Messages:  created: 18679   present: 40   in FES: 6
** Event #149760   t=677.990781242492   Elapsed: 677.935s (11m 17s)  10% completed  (10% total)
     Speed:     ev/sec=212.757   simsec/sec=1   ev/simsec=212.757
     Messages:  created: 18747   present: 49   in FES: 6
** Event #150272   t=680.757048312047   Elapsed: 680.701s (11m 20s)  10% completed  (10% total)
     Speed:     ev/sec=185.087   simsec/sec=0.999999   ev/simsec=185.087
     Messages:  created: 18814   present: 58   in FES: 6
** Event #150784   t=683.55462566894   Elapsed: 683.498s (11m 23s)  10% completed  (10% total)
     Speed:     ev/sec=183.016   simsec/sec=1   ev/simsec=183.015
     Messages:  created: 18883   present: 72   in FES: 6
** Event #151296   t=686.545483477887   Elapsed: 686.489s (11m 26s)  10% completed  (10% total)
     Speed:     ev/sec=171.188   simsec/sec=1   ev/simsec=171.188
     Messages:  created: 18942   present: 57   in FES: 6
** Event #151808   t=689.935822933862   Elapsed: 689.88s (11m 29s)  10% completed  (10% total)
     Speed:     ev/sec=151.017   simsec/sec=1   ev/simsec=151.017
     Messages:  created: 18992   present: 20   in FES: 6
** Event #152064   t=692.449306626559   Elapsed: 692.393s (11m 32s)  10% completed  (10% total)
     Speed:     ev/sec=101.851   simsec/sec=1   ev/simsec=101.851
     Messages:  created: 19019   present: 8   in FES: 6
** Event #152576   t=695.110654195949   Elapsed: 695.054s (11m 35s)  11% completed  (11% total)
     Speed:     ev/sec=192.384   simsec/sec=0.999999   ev/simsec=192.384
     Messages:  created: 19085   present: 12   in FES: 6
** Event #153088   t=697.24972847969   Elapsed: 697.194s (11m 37s)  11% completed  (11% total)
     Speed:     ev/sec=239.356   simsec/sec=1   ev/simsec=239.356
     Messages:  created: 19157   present: 33   in FES: 6
** Event #153600   t=699.870142958892   Elapsed: 699.814s (11m 39s)  11% completed  (11% total)
     Speed:     ev/sec=195.389   simsec/sec=1   ev/simsec=195.389
     Messages:  created: 19220   present: 31   in FES: 6
** Event #154112   t=702.147941675016   Elapsed: 702.092s (11m 42s)  11% completed  (11% total)
     Speed:     ev/sec=224.778   simsec/sec=1   ev/simsec=224.778
     Messages:  created: 19300   present: 73   in FES: 6
** Event #154624   t=704.973419657831   Elapsed: 704.942s (11m 44s)  11% completed  (11% total)
     Speed:     ev/sec=179.613   simsec/sec=0.991198   ev/simsec=181.208
     Messages:  created: 19362   present: 69   in FES: 5
** Event #155136   t=708.168902360298   Elapsed: 708.113s (11m 48s)  11% completed  (11% total)
     Speed:     ev/sec=161.494   simsec/sec=1.00791   ev/simsec=160.226
     Messages:  created: 19416   present: 43   in FES: 6
** Event #155648   t=711.570917368701   Elapsed: 711.573s (11m 51s)  11% completed  (11% total)
     Speed:     ev/sec=147.985   simsec/sec=0.983292   ev/simsec=150.499
     Messages:  created: 19469   present: 13   in FES: 5
** Event #156160   t=713.92511053179   Elapsed: 713.869s (11m 53s)  11% completed  (11% total)
     Speed:     ev/sec=222.959   simsec/sec=1.02517   ev/simsec=217.484
     Messages:  created: 19534   present: 16   in FES: 6
** Event #156672   t=717.049379304947   Elapsed: 716.993s (11m 56s)  11% completed  (11% total)
     Speed:     ev/sec=163.878   simsec/sec=0.999997   ev/simsec=163.878
     Messages:  created: 19596   present: 11   in FES: 6
** Event #157184   t=719.833282054463   Elapsed: 719.777s (11m 59s)  11% completed  (11% total)
     Speed:     ev/sec=183.915   simsec/sec=1   ev/simsec=183.914
     Messages:  created: 19660   present: 10   in FES: 6
t=720.666543 executing addServer()
adding server with latency=60
** Event #157696   t=722.777850246253   Elapsed: 722.729s (12m 02s)  11% completed  (11% total)
     Speed:     ev/sec=173.459   simsec/sec=0.997582   ev/simsec=173.879
     Messages:  created: 19724   present: 9   in FES: 6
** Event #158208   t=726.078591049581   Elapsed: 726.022s (12m 06s)  11% completed  (11% total)
     Speed:     ev/sec=155.453   simsec/sec=1.00217   ev/simsec=155.117
     Messages:  created: 19789   present: 11   in FES: 7
** Event #158720   t=729.185117909226   Elapsed: 729.14s (12m 09s)  11% completed  (11% total)
     Speed:     ev/sec=164.246   simsec/sec=0.996554   ev/simsec=164.814
     Messages:  created: 19852   present: 9   in FES: 6
** Event #159232   t=732.072194974756   Elapsed: 732.016s (12m 12s)  11% completed  (11% total)
     Speed:     ev/sec=178.004   simsec/sec=1.00373   ev/simsec=177.342
     Messages:  created: 19918   present: 13   in FES: 7
** Event #159744   t=734.362218863959   Elapsed: 734.306s (12m 14s)  11% completed  (11% total)
     Speed:     ev/sec=223.578   simsec/sec=0.999999   ev/simsec=223.578
     Messages:  created: 19990   present: 35   in FES: 7
** Event #160256   t=736.925271479505   Elapsed: 736.869s (12m 16s)  11% completed  (11% total)
     Speed:     ev/sec=199.762   simsec/sec=1   ev/simsec=199.762
     Messages:  created: 20061   present: 55   in FES: 7
** Event #161024   t=739.714107475291   Elapsed: 739.658s (12m 19s)  11% completed  (11% total)
     Speed:     ev/sec=275.384   simsec/sec=1   ev/simsec=275.384
     Messages:  created: 20177   present: 107   in FES: 7
** Event #161536   t=742.080747625703   Elapsed: 742.025s (12m 22s)  11% completed  (11% total)
     Speed:     ev/sec=216.34   simsec/sec=0.999999   ev/simsec=216.34
     Messages:  created: 20268   present: 161   in FES: 7
** Event #162048   t=744.350000921266   Elapsed: 744.294s (12m 24s)  11% completed  (11% total)
     Speed:     ev/sec=225.625   simsec/sec=1   ev/simsec=225.625
     Messages:  created: 20347   present: 191   in FES: 7
** Event #162560   t=746.43994413918   Elapsed: 746.384s (12m 26s)  11% completed  (11% total)
     Speed:     ev/sec=244.983   simsec/sec=1   ev/simsec=244.983
     Messages:  created: 20423   present: 215   in FES: 7
** Event #163328   t=749.673391782024   Elapsed: 749.617s (12m 29s)  11% completed  (11% total)
     Speed:     ev/sec=237.517   simsec/sec=1   ev/simsec=237.517
     Messages:  created: 20524   present: 225   in FES: 7
** Event #163840   t=752.125091209568   Elapsed: 752.069s (12m 32s)  11% completed  (11% total)
     Speed:     ev/sec=208.835   simsec/sec=1   ev/simsec=208.835
     Messages:  created: 20592   present: 233   in FES: 7
** Event #164352   t=754.338495803933   Elapsed: 754.282s (12m 34s)  11% completed  (11% total)
     Speed:     ev/sec=231.318   simsec/sec=1   ev/simsec=231.318
     Messages:  created: 20650   present: 221   in FES: 7
** Event #164864   t=756.612597821336   Elapsed: 756.556s (12m 36s)  12% completed  (12% total)
     Speed:     ev/sec=225.143   simsec/sec=0.999997   ev/simsec=225.144
     Messages:  created: 20724   present: 242   in FES: 8
** Event #165376   t=758.721331171713   Elapsed: 758.665s (12m 38s)  12% completed  (12% total)
     Speed:     ev/sec=242.8   simsec/sec=1   ev/simsec=242.8
     Messages:  created: 20792   present: 250   in FES: 8
** Event #165888   t=761.451233410986   Elapsed: 761.395s (12m 41s)  12% completed  (12% total)
     Speed:     ev/sec=187.553   simsec/sec=1   ev/simsec=187.553
     Messages:  created: 20857   present: 252   in FES: 8
** Event #166400   t=764.484108813912   Elapsed: 764.428s (12m 44s)  12% completed  (12% total)
     Speed:     ev/sec=168.817   simsec/sec=1   ev/simsec=168.817
     Messages:  created: 20912   present: 233   in FES: 7
** Event #166912   t=767.57083447025   Elapsed: 767.515s (12m 47s)  12% completed  (12% total)
     Speed:     ev/sec=165.871   simsec/sec=0.999994   ev/simsec=165.872
     Messages:  created: 20950   present: 182   in FES: 8
** Event #167424   t=771.086797699075   Elapsed: 771.031s (12m 51s)  12% completed  (12% total)
     Speed:     ev/sec=145.622   simsec/sec=1.00001   ev/simsec=145.622
     Messages:  created: 21001   present: 156   in FES: 8
** Event #167936   t=774.109865758702   Elapsed: 774.054s (12m 54s)  12% completed  (12% total)
     Speed:     ev/sec=169.364   simsec/sec=1   ev/simsec=169.364
     Messages:  created: 21049   present: 124   in FES: 8
** Event #168448   t=776.923846306047   Elapsed: 776.868s (12m 56s)  12% completed  (12% total)
     Speed:     ev/sec=181.949   simsec/sec=1   ev/simsec=181.949
     Messages:  created: 21107   present: 111   in FES: 7
** Event #168960   t=779.212546474335   Elapsed: 779.156s (12m 59s)  12% completed  (12% total)
     Speed:     ev/sec=223.708   simsec/sec=0.999999   ev/simsec=223.708
     Messages:  created: 21182   present: 134   in FES: 8
t=780.666543 addServer() complete
t=780.66656 executing setDimmer(0.75)
** Event #169472   t=782.065959273895   Elapsed: 782.01s (13m 02s)  12% completed  (12% total)
     Speed:     ev/sec=179.434   simsec/sec=1   ev/simsec=179.434
     Messages:  created: 21233   present: 109   in FES: 8
** Event #169984   t=784.373917376886   Elapsed: 784.318s (13m 04s)  12% completed  (12% total)
     Speed:     ev/sec=221.841   simsec/sec=0.999999   ev/simsec=221.841
     Messages:  created: 21274   present: 48   in FES: 6
** Event #170752   t=786.788297176774   Elapsed: 786.732s (13m 06s)  12% completed  (12% total)
     Speed:     ev/sec=318.095   simsec/sec=1   ev/simsec=318.094
     Messages:  created: 21356   present: 11   in FES: 7
** Event #171264   t=789.752827733245   Elapsed: 789.697s (13m 09s)  12% completed  (12% total)
     Speed:     ev/sec=172.708   simsec/sec=0.999999   ev/simsec=172.709
     Messages:  created: 21419   present: 8   in FES: 5
** Event #171776   t=791.826728108731   Elapsed: 791.771s (13m 11s)  12% completed  (12% total)
     Speed:     ev/sec=246.878   simsec/sec=1   ev/simsec=246.878
     Messages:  created: 21483   present: 8   in FES: 5
** Event #172544   t=794.777274889767   Elapsed: 794.721s (13m 14s)  12% completed  (12% total)
     Speed:     ev/sec=260.291   simsec/sec=1   ev/simsec=260.291
     Messages:  created: 21579   present: 8   in FES: 5
** Event #173056   t=798.372971255435   Elapsed: 798.317s (13m 18s)  12% completed  (12% total)
     Speed:     ev/sec=142.392   simsec/sec=0.999999   ev/simsec=142.392
     Messages:  created: 21643   present: 8   in FES: 5
** Event #173568   t=801.962577869188   Elapsed: 801.906s (13m 21s)  12% completed  (12% total)
     Speed:     ev/sec=142.634   simsec/sec=1   ev/simsec=142.634
     Messages:  created: 21707   present: 8   in FES: 5
** Event #174080   t=804.994499345106   Elapsed: 804.938s (13m 24s)  12% completed  (12% total)
     Speed:     ev/sec=168.87   simsec/sec=1   ev/simsec=168.87
     Messages:  created: 21771   present: 8   in FES: 5
** Event #174336   t=807.933346379684   Elapsed: 807.877s (13m 27s)  12% completed  (12% total)
     Speed:     ev/sec=87.109   simsec/sec=1   ev/simsec=87.109
     Messages:  created: 21803   present: 8   in FES: 5
** Event #174592   t=810.453937999698   Elapsed: 810.398s (13m 30s)  12% completed  (12% total)
     Speed:     ev/sec=101.563   simsec/sec=0.999999   ev/simsec=101.563
     Messages:  created: 21836   present: 10   in FES: 7
** Event #175104   t=812.624192703734   Elapsed: 812.568s (13m 32s)  12% completed  (12% total)
     Speed:     ev/sec=235.917   simsec/sec=1   ev/simsec=235.917
     Messages:  created: 21900   present: 10   in FES: 6
** Event #175616   t=814.988956419314   Elapsed: 814.933s (13m 34s)  12% completed  (12% total)
     Speed:     ev/sec=216.512   simsec/sec=1   ev/simsec=216.512
     Messages:  created: 21963   present: 8   in FES: 5
** Event #175872   t=817.587874708973   Elapsed: 817.532s (13m 37s)  12% completed  (12% total)
     Speed:     ev/sec=98.5025   simsec/sec=1   ev/simsec=98.5025
     Messages:  created: 21996   present: 10   in FES: 7
** Event #176128   t=819.927285471357   Elapsed: 819.871s (13m 39s)  13% completed  (13% total)
     Speed:     ev/sec=109.429   simsec/sec=1   ev/simsec=109.429
     Messages:  created: 22028   present: 9   in FES: 6
** Event #176640   t=822.541253968702   Elapsed: 822.49s (13m 42s)  13% completed  (13% total)
     Speed:     ev/sec=195.485   simsec/sec=0.998029   ev/simsec=195.871
     Messages:  created: 22093   present: 13   in FES: 6
** Event #177152   t=825.021287413099   Elapsed: 824.965s (13m 44s)  13% completed  (13% total)
     Speed:     ev/sec=206.879   simsec/sec=1.00209   ev/simsec=206.449
     Messages:  created: 22155   present: 8   in FES: 5
** Event #177664   t=828.391611060806   Elapsed: 828.335s (13m 48s)  13% completed  (13% total)
     Speed:     ev/sec=151.914   simsec/sec=1   ev/simsec=151.914
     Messages:  created: 22219   present: 8   in FES: 5
** Event #178176   t=831.113568786508   Elapsed: 831.057s (13m 51s)  13% completed  (13% total)
     Speed:     ev/sec=188.1   simsec/sec=1   ev/simsec=188.1
     Messages:  created: 22284   present: 10   in FES: 7
** Event #178688   t=833.977732152528   Elapsed: 833.922s (13m 53s)  13% completed  (13% total)
     Speed:     ev/sec=178.761   simsec/sec=1   ev/simsec=178.761
     Messages:  created: 22348   present: 9   in FES: 6
** Event #179456   t=837.229976763468   Elapsed: 837.174s (13m 57s)  13% completed  (13% total)
     Speed:     ev/sec=236.145   simsec/sec=1   ev/simsec=236.145
     Messages:  created: 22444   present: 9   in FES: 6
** Event #179968   t=840.433757890231   Elapsed: 840.378s (14m 00s)  13% completed  (13% total)
     Speed:     ev/sec=159.811   simsec/sec=1   ev/simsec=159.811
     Messages:  created: 22507   present: 8   in FES: 5
t=840.666574 executing setDimmer(1)
** Event #180480   t=843.491390521448   Elapsed: 843.435s (14m 03s)  13% completed  (13% total)
     Speed:     ev/sec=167.45   simsec/sec=0.999999   ev/simsec=167.45
     Messages:  created: 22571   present: 9   in FES: 6
** Event #180992   t=847.971670799887   Elapsed: 847.915s (14m 07s)  13% completed  (13% total)
     Speed:     ev/sec=114.279   simsec/sec=1   ev/simsec=114.279
     Messages:  created: 22636   present: 11   in FES: 7
** Event #181248   t=850.49678922274   Elapsed: 850.441s (14m 10s)  13% completed  (13% total)
     Speed:     ev/sec=101.38   simsec/sec=0.999987   ev/simsec=101.381
     Messages:  created: 22667   present: 9   in FES: 6
** Event #181504   t=853.25085021426   Elapsed: 853.195s (14m 13s)  13% completed  (13% total)
     Speed:     ev/sec=92.9538   simsec/sec=1   ev/simsec=92.9536
     Messages:  created: 22699   present: 10   in FES: 6
** Event #182016   t=856.693276330449   Elapsed: 856.637s (14m 16s)  13% completed  (13% total)
     Speed:     ev/sec=148.733   simsec/sec=1   ev/simsec=148.732
     Messages:  created: 22763   present: 9   in FES: 6
** Event #182528   t=859.584600162262   Elapsed: 859.567s (14m 19s)  13% completed  (13% total)
     Speed:     ev/sec=174.744   simsec/sec=0.986798   ev/simsec=177.082
     Messages:  created: 22826   present: 7   in FES: 4
** Event #183296   t=862.064882357974   Elapsed: 862.05s (14m 22s)  13% completed  (13% total)
     Speed:     ev/sec=309.293   simsec/sec=0.998872   ev/simsec=309.642
     Messages:  created: 22922   present: 7   in FES: 4
** Event #184064   t=864.657939057233   Elapsed: 864.602s (14m 24s)  13% completed  (13% total)
     Speed:     ev/sec=300.992   simsec/sec=1.01626   ev/simsec=296.176
     Messages:  created: 23019   present: 9   in FES: 6
** Event #184832   t=867.091054101152   Elapsed: 867.035s (14m 27s)  13% completed  (13% total)
     Speed:     ev/sec=315.645   simsec/sec=1   ev/simsec=315.645
     Messages:  created: 23115   present: 10   in FES: 7
** Event #185344   t=869.562901736728   Elapsed: 869.507s (14m 29s)  13% completed  (13% total)
     Speed:     ev/sec=207.133   simsec/sec=1   ev/simsec=207.133
     Messages:  created: 23181   present: 14   in FES: 7
** Event #185856   t=872.598221428122   Elapsed: 872.645s (14m 32s)  13% completed  (13% total)
     Speed:     ev/sec=163.143   simsec/sec=0.96717   ev/simsec=168.681
     Messages:  created: 23242   present: 7   in FES: 4
** Event #186368   t=875.779804737789   Elapsed: 875.724s (14m 35s)  13% completed  (13% total)
     Speed:     ev/sec=166.312   simsec/sec=1.03347   ev/simsec=160.926
     Messages:  created: 23308   present: 12   in FES: 7
** Event #186880   t=877.814026893062   Elapsed: 877.758s (14m 37s)  13% completed  (13% total)
     Speed:     ev/sec=251.693   simsec/sec=1   ev/simsec=251.693
     Messages:  created: 23371   present: 9   in FES: 6
** Event #187392   t=880.07398951152   Elapsed: 880.018s (14m 40s)  13% completed  (13% total)
     Speed:     ev/sec=226.552   simsec/sec=1   ev/simsec=226.552
     Messages:  created: 23436   present: 11   in FES: 7
** Event #188160   t=882.981785523939   Elapsed: 882.926s (14m 42s)  14% completed  (14% total)
     Speed:     ev/sec=264.117   simsec/sec=0.999999   ev/simsec=264.118
     Messages:  created: 23531   present: 9   in FES: 6
** Event #188672   t=887.300365351753   Elapsed: 887.244s (14m 47s)  14% completed  (14% total)
     Speed:     ev/sec=118.558   simsec/sec=1   ev/simsec=118.557
     Messages:  created: 23595   present: 9   in FES: 6
** Event #189184   t=891.398982609449   Elapsed: 891.503s (14m 51s)  14% completed  (14% total)
     Speed:     ev/sec=120.225   simsec/sec=0.962414   ev/simsec=124.92
     Messages:  created: 23658   present: 7   in FES: 4
** Event #189440   t=895.115475178241   Elapsed: 895.059s (14m 55s)  14% completed  (14% total)
     Speed:     ev/sec=71.9824   simsec/sec=1.04501   ev/simsec=68.8822
     Messages:  created: 23691   present: 9   in FES: 6
** Event #189952   t=899.441512899865   Elapsed: 899.385s (14m 59s)  14% completed  (14% total)
     Speed:     ev/sec=118.353   simsec/sec=1   ev/simsec=118.353
     Messages:  created: 23756   present: 11   in FES: 7
t=901.060563 executing removeServer()
scheduled complete remove at 901.060563
** Event #190464   t=903.097934278623   Elapsed: 903.042s (15m 03s)  14% completed  (14% total)
     Speed:     ev/sec=140.028   simsec/sec=1   ev/simsec=140.028
     Messages:  created: 23820   present: 8   in FES: 6
** Event #190720   t=905.328402785197   Elapsed: 905.272s (15m 05s)  14% completed  (14% total)
     Speed:     ev/sec=114.774   simsec/sec=1   ev/simsec=114.774
     Messages:  created: 23854   present: 13   in FES: 6
** Event #191232   t=908.546388569226   Elapsed: 908.519s (15m 08s)  14% completed  (14% total)
     Speed:     ev/sec=157.706   simsec/sec=0.9912   ev/simsec=159.106
     Messages:  created: 23917   present: 11   in FES: 5
** Event #191744   t=911.628249952367   Elapsed: 911.572s (15m 11s)  14% completed  (14% total)
     Speed:     ev/sec=167.688   simsec/sec=1.00936   ev/simsec=166.133
     Messages:  created: 23981   present: 10   in FES: 6
** Event #192256   t=914.600317837256   Elapsed: 914.544s (15m 14s)  14% completed  (14% total)
     Speed:     ev/sec=172.271   simsec/sec=1   ev/simsec=172.271
     Messages:  created: 24050   present: 24   in FES: 6
** Event #192768   t=917.342513408307   Elapsed: 917.286s (15m 17s)  14% completed  (14% total)
     Speed:     ev/sec=186.712   simsec/sec=1   ev/simsec=186.712
     Messages:  created: 24108   present: 8   in FES: 6
** Event #193024   t=919.61743828372   Elapsed: 919.561s (15m 19s)  14% completed  (14% total)
     Speed:     ev/sec=112.532   simsec/sec=1.00001   ev/simsec=112.531
     Messages:  created: 24141   present: 10   in FES: 6
** Event #193280   t=921.948135645754   Elapsed: 921.892s (15m 21s)  14% completed  (14% total)
     Speed:     ev/sec=109.838   simsec/sec=0.999993   ev/simsec=109.838
     Messages:  created: 24173   present: 10   in FES: 6
** Event #193792   t=925.252463659595   Elapsed: 925.212s (15m 25s)  14% completed  (14% total)
     Speed:     ev/sec=154.229   simsec/sec=0.99536   ev/simsec=154.948
     Messages:  created: 24237   present: 11   in FES: 5
** Event #194304   t=927.364155287304   Elapsed: 927.308s (15m 27s)  14% completed  (14% total)
     Speed:     ev/sec=244.241   simsec/sec=1.00735   ev/simsec=242.46
     Messages:  created: 24311   present: 37   in FES: 6
** Event #194816   t=930.270638936488   Elapsed: 930.214s (15m 30s)  14% completed  (14% total)
     Speed:     ev/sec=176.158   simsec/sec=1   ev/simsec=176.158
     Messages:  created: 24364   present: 8   in FES: 6
** Event #195328   t=933.006230037951   Elapsed: 933.004s (15m 33s)  14% completed  (14% total)
     Speed:     ev/sec=183.568   simsec/sec=0.980794   ev/simsec=187.162
     Messages:  created: 24432   present: 19   in FES: 5
** Event #195840   t=935.38905991901   Elapsed: 935.333s (15m 35s)  14% completed  (14% total)
     Speed:     ev/sec=219.812   simsec/sec=1.023   ev/simsec=214.871
     Messages:  created: 24508   present: 50   in FES: 6
** Event #196352   t=938.279982700042   Elapsed: 938.251s (15m 38s)  14% completed  (14% total)
     Speed:     ev/sec=175.449   simsec/sec=0.990646   ev/simsec=177.106
     Messages:  created: 24575   present: 59   in FES: 5
** Event #196864   t=940.800330465693   Elapsed: 940.744s (15m 40s)  14% completed  (14% total)
     Speed:     ev/sec=205.371   simsec/sec=1.01095   ev/simsec=203.147
     Messages:  created: 24625   present: 21   in FES: 6
** Event #197376   t=943.613764910899   Elapsed: 943.558s (15m 43s)  14% completed  (14% total)
     Speed:     ev/sec=181.984   simsec/sec=1   ev/simsec=181.984
     Messages:  created: 24684   present: 8   in FES: 6
** Event #197888   t=946.979052153283   Elapsed: 946.923s (15m 46s)  15% completed  (15% total)
     Speed:     ev/sec=152.137   simsec/sec=0.999972   ev/simsec=152.142
     Messages:  created: 24748   present: 7   in FES: 5
** Event #198400   t=948.994898189567   Elapsed: 948.939s (15m 48s)  15% completed  (15% total)
     Speed:     ev/sec=253.999   simsec/sec=1.00004   ev/simsec=253.988
     Messages:  created: 24821   present: 32   in FES: 6
** Event #198912   t=951.450074980533   Elapsed: 951.394s (15m 51s)  15% completed  (15% total)
     Speed:     ev/sec=208.538   simsec/sec=0.999995   ev/simsec=208.539
     Messages:  created: 24884   present: 30   in FES: 6
** Event #199424   t=954.356156534974   Elapsed: 954.3s (15m 54s)  15% completed  (15% total)
     Speed:     ev/sec=176.183   simsec/sec=1.00001   ev/simsec=176.182
     Messages:  created: 24940   present: 7   in FES: 5
** Event #199936   t=956.594594871667   Elapsed: 956.538s (15m 56s)  15% completed  (15% total)
     Speed:     ev/sec=228.731   simsec/sec=1   ev/simsec=228.731
     Messages:  created: 25012   present: 29   in FES: 6
** Event #200448   t=959.20409006068   Elapsed: 959.148s (15m 59s)  15% completed  (15% total)
     Speed:     ev/sec=196.207   simsec/sec=1   ev/simsec=196.207
     Messages:  created: 25070   present: 14   in FES: 6
** Event #200960   t=961.706599416743   Elapsed: 961.651s (16m 01s)  15% completed  (15% total)
     Speed:     ev/sec=204.535   simsec/sec=0.999708   ev/simsec=204.595
     Messages:  created: 25138   present: 26   in FES: 5
** Event #201472   t=964.175620016439   Elapsed: 964.137s (16m 04s)  15% completed  (15% total)
     Speed:     ev/sec=205.957   simsec/sec=0.993186   ev/simsec=207.37
     Messages:  created: 25202   present: 26   in FES: 5
** Event #201984   t=967.453708489178   Elapsed: 967.398s (16m 07s)  15% completed  (15% total)
     Speed:     ev/sec=157.033   simsec/sec=1.00541   ev/simsec=156.189
     Messages:  created: 25261   present: 13   in FES: 6
** Event #202240   t=969.521429993509   Elapsed: 969.466s (16m 09s)  15% completed  (15% total)
     Speed:     ev/sec=123.757   simsec/sec=0.99959   ev/simsec=123.808
     Messages:  created: 25292   present: 10   in FES: 5
** Event #202752   t=973.45071021805   Elapsed: 973.395s (16m 13s)  15% completed  (15% total)
     Speed:     ev/sec=130.333   simsec/sec=1.00023   ev/simsec=130.304
     Messages:  created: 25355   present: 8   in FES: 6
** Event #203008   t=975.868278390632   Elapsed: 975.812s (16m 15s)  15% completed  (15% total)
     Speed:     ev/sec=105.891   simsec/sec=1   ev/simsec=105.892
     Messages:  created: 25388   present: 9   in FES: 6
** Event #203520   t=979.620935982288   Elapsed: 979.565s (16m 19s)  15% completed  (15% total)
     Speed:     ev/sec=136.436   simsec/sec=0.999997   ev/simsec=136.437
     Messages:  created: 25455   present: 17   in FES: 6
** Event #204032   t=983.040406229966   Elapsed: 982.984s (16m 22s)  15% completed  (15% total)
     Speed:     ev/sec=149.731   simsec/sec=1   ev/simsec=149.731
     Messages:  created: 25515   present: 8   in FES: 6
** Event #204288   t=985.139111904969   Elapsed: 985.083s (16m 25s)  15% completed  (15% total)
     Speed:     ev/sec=121.98   simsec/sec=1   ev/simsec=121.98
     Messages:  created: 25550   present: 15   in FES: 6
** Event #204544   t=987.597552306861   Elapsed: 987.541s (16m 27s)  15% completed  (15% total)
     Speed:     ev/sec=104.131   simsec/sec=1   ev/simsec=104.131
     Messages:  created: 25579   present: 7   in FES: 5
** Event #205056   t=990.404886178361   Elapsed: 990.349s (16m 30s)  15% completed  (15% total)
     Speed:     ev/sec=182.379   simsec/sec=1   ev/simsec=182.379
     Messages:  created: 25654   present: 36   in FES: 6
** Event #205568   t=992.560334937496   Elapsed: 992.504s (16m 32s)  15% completed  (15% total)
     Speed:     ev/sec=237.538   simsec/sec=1   ev/simsec=237.538
     Messages:  created: 25724   present: 53   in FES: 6
** Event #206080   t=994.88616176636   Elapsed: 994.857s (16m 34s)  15% completed  (15% total)
     Speed:     ev/sec=217.626   simsec/sec=0.988595   ev/simsec=220.137
     Messages:  created: 25790   present: 58   in FES: 5
** Event #206592   t=997.10459975648   Elapsed: 997.057s (16m 37s)  15% completed  (15% total)
     Speed:     ev/sec=232.692   simsec/sec=1.00823   ev/simsec=230.793
     Messages:  created: 25857   present: 66   in FES: 5
** Event #207104   t=999.472801097527   Elapsed: 999.417s (16m 39s)  15% completed  (15% total)
     Speed:     ev/sec=216.995   simsec/sec=1.00369   ev/simsec=216.198
     Messages:  created: 25932   present: 95   in FES: 6
** Event #207616   t=1002.025729062339   Elapsed: 1001.97s (16m 41s)  15% completed  (15% total)
     Speed:     ev/sec=200.556   simsec/sec=1.00001   ev/simsec=200.554
     Messages:  created: 25999   present: 103   in FES: 6
** Event #208128   t=1004.208884024648   Elapsed: 1004.19s (16m 44s)  15% completed  (15% total)
     Speed:     ev/sec=231.098   simsec/sec=0.985395   ev/simsec=234.523
     Messages:  created: 26070   present: 118   in FES: 5
** Event #208640   t=1006.545072372092   Elapsed: 1006.49s (16m 46s)  15% completed  (15% total)
     Speed:     ev/sec=221.852   simsec/sec=1.01228   ev/simsec=219.16
     Messages:  created: 26140   present: 130   in FES: 5
** Event #209152   t=1009.182525407899   Elapsed: 1009.14s (16m 49s)  16% completed  (16% total)
     Speed:     ev/sec=193.741   simsec/sec=0.998013   ev/simsec=194.127
     Messages:  created: 26195   present: 112   in FES: 5
** Event #209920   t=1012.317006959937   Elapsed: 1012.28s (16m 52s)  16% completed  (16% total)
     Speed:     ev/sec=244.623   simsec/sec=0.998393   ev/simsec=245.017
     Messages:  created: 26305   present: 140   in FES: 5
** Event #210432   t=1015.065178360683   Elapsed: 1015.05s (16m 55s)  16% completed  (16% total)
     Speed:     ev/sec=184.842   simsec/sec=0.992141   ev/simsec=186.306
     Messages:  created: 26366   present: 134   in FES: 5
** Event #211200   t=1017.763123337042   Elapsed: 1017.71s (16m 57s)  16% completed  (16% total)
     Speed:     ev/sec=288.178   simsec/sec=1.01236   ev/simsec=284.661
     Messages:  created: 26487   present: 184   in FES: 5
t=1020.66656 executing addServer()
adding server with latency=60
** Event #211968   t=1020.710866857554   Elapsed: 1020.67s (17m 00s)  16% completed  (16% total)
     Speed:     ev/sec=259.387   simsec/sec=0.995581   ev/simsec=260.538
     Messages:  created: 26601   present: 220   in FES: 8
** Event #212480   t=1023.611686077238   Elapsed: 1023.56s (17m 03s)  16% completed  (16% total)
     Speed:     ev/sec=177.495   simsec/sec=1.00563   ev/simsec=176.502
     Messages:  created: 26669   present: 227   in FES: 7
** Event #212992   t=1026.517943972322   Elapsed: 1026.46s (17m 06s)  16% completed  (16% total)
     Speed:     ev/sec=176.171   simsec/sec=0.999999   ev/simsec=176.172
     Messages:  created: 26712   present: 186   in FES: 8
** Event #213504   t=1029.910661579195   Elapsed: 1029.85s (17m 09s)  16% completed  (16% total)
     Speed:     ev/sec=150.912   simsec/sec=1   ev/simsec=150.911
     Messages:  created: 26765   present: 164   in FES: 8
** Event #214016   t=1032.131737616907   Elapsed: 1032.08s (17m 12s)  16% completed  (16% total)
     Speed:     ev/sec=230.519   simsec/sec=1   ev/simsec=230.519
     Messages:  created: 26831   present: 167   in FES: 7
** Event #214528   t=1035.517816237746   Elapsed: 1035.46s (17m 15s)  16% completed  (16% total)
     Speed:     ev/sec=151.207   simsec/sec=1   ev/simsec=151.207
     Messages:  created: 26874   present: 126   in FES: 8
** Event #215040   t=1038.635902936742   Elapsed: 1038.58s (17m 18s)  16% completed  (16% total)
     Speed:     ev/sec=164.202   simsec/sec=0.999993   ev/simsec=164.203
     Messages:  created: 26926   present: 100   in FES: 7
** Event #215552   t=1041.428937498699   Elapsed: 1041.37s (17m 21s)  16% completed  (16% total)
     Speed:     ev/sec=183.315   simsec/sec=1.00001   ev/simsec=183.313
     Messages:  created: 26983   present: 80   in FES: 7
** Event #216064   t=1044.009097907843   Elapsed: 1043.95s (17m 23s)  16% completed  (16% total)
     Speed:     ev/sec=198.437   simsec/sec=1   ev/simsec=198.437
     Messages:  created: 27044   present: 73   in FES: 7
** Event #216576   t=1047.355075422888   Elapsed: 1047.3s (17m 27s)  16% completed  (16% total)
     Speed:     ev/sec=153.019   simsec/sec=0.999999   ev/simsec=153.02
     Messages:  created: 27084   present: 9   in FES: 6
** Event #217088   t=1050.894793828283   Elapsed: 1050.84s (17m 30s)  16% completed  (16% total)
     Speed:     ev/sec=144.644   simsec/sec=1   ev/simsec=144.644
     Messages:  created: 27149   present: 11   in FES: 7
** Event #217600   t=1054.589315074917   Elapsed: 1054.67s (17m 34s)  16% completed  (16% total)
     Speed:     ev/sec=133.695   simsec/sec=0.964722   ev/simsec=138.584
     Messages:  created: 27214   present: 14   in FES: 6
** Event #218112   t=1057.966357188583   Elapsed: 1057.93s (17m 37s)  16% completed  (16% total)
     Speed:     ev/sec=157.142   simsec/sec=1.03648   ev/simsec=151.612
     Messages:  created: 27278   present: 14   in FES: 6
** Event #218368   t=1060.233814956384   Elapsed: 1060.19s (17m 40s)  16% completed  (16% total)
     Speed:     ev/sec=113.162   simsec/sec=1.0023   ev/simsec=112.902
     Messages:  created: 27310   present: 14   in FES: 6
** Event #218624   t=1062.79845770057   Elapsed: 1062.74s (17m 42s)  16% completed  (16% total)
     Speed:     ev/sec=100.251   simsec/sec=1.00433   ev/simsec=99.819
     Messages:  created: 27341   present: 12   in FES: 7
** Event #219136   t=1066.60089409968   Elapsed: 1066.56s (17m 46s)  16% completed  (16% total)
     Speed:     ev/sec=134.105   simsec/sec=0.995949   ev/simsec=134.651
     Messages:  created: 27406   present: 14   in FES: 6
** Event #219648   t=1069.088685989283   Elapsed: 1069.03s (17m 49s)  16% completed  (16% total)
     Speed:     ev/sec=207.092   simsec/sec=1.00625   ev/simsec=205.805
     Messages:  created: 27472   present: 19   in FES: 7
** Event #220160   t=1071.569838561641   Elapsed: 1071.51s (17m 51s)  17% completed  (17% total)
     Speed:     ev/sec=206.278   simsec/sec=0.999624   ev/simsec=206.356
     Messages:  created: 27540   present: 30   in FES: 6
** Event #220672   t=1074.4094957505   Elapsed: 1074.35s (17m 54s)  17% completed  (17% total)
     Speed:     ev/sec=180.363   simsec/sec=1.00033   ev/simsec=180.303
     Messages:  created: 27597   present: 10   in FES: 7
** Event #221184   t=1077.429389796019   Elapsed: 1077.37s (17m 57s)  17% completed  (17% total)
     Speed:     ev/sec=169.542   simsec/sec=1   ev/simsec=169.542
     Messages:  created: 27662   present: 13   in FES: 7
** Event #221696   t=1079.920404408633   Elapsed: 1079.86s (17m 59s)  17% completed  (17% total)
     Speed:     ev/sec=205.53   simsec/sec=0.999956   ev/simsec=205.539
     Messages:  created: 27735   present: 38   in FES: 6
t=1080.666557 executing setDimmer(0.75)
t=1080.66656 addServer() complete
** Event #222208   t=1082.790027464965   Elapsed: 1082.73s (18m 02s)  17% completed  (17% total)
     Speed:     ev/sec=178.427   simsec/sec=1.00004   ev/simsec=178.421
     Messages:  created: 27787   present: 8   in FES: 5
** Event #222720   t=1085.128703869792   Elapsed: 1085.07s (18m 05s)  17% completed  (17% total)
     Speed:     ev/sec=218.847   simsec/sec=0.999633   ev/simsec=218.927
     Messages:  created: 27852   present: 10   in FES: 6
** Event #223232   t=1087.800263268584   Elapsed: 1087.74s (18m 07s)  17% completed  (17% total)
     Speed:     ev/sec=191.71   simsec/sec=1.00032   ev/simsec=191.648
     Messages:  created: 27917   present: 12   in FES: 6
** Event #223744   t=1091.115058882791   Elapsed: 1091.06s (18m 11s)  17% completed  (17% total)
     Speed:     ev/sec=154.459   simsec/sec=1   ev/simsec=154.459
     Messages:  created: 27980   present: 9   in FES: 6
** Event #224000   t=1093.399554902871   Elapsed: 1093.34s (18m 13s)  17% completed  (17% total)
     Speed:     ev/sec=112.06   simsec/sec=1   ev/simsec=112.06
     Messages:  created: 28012   present: 9   in FES: 6
** Event #224512   t=1096.436341625362   Elapsed: 1096.38s (18m 16s)  17% completed  (17% total)
     Speed:     ev/sec=168.599   simsec/sec=1   ev/simsec=168.599
     Messages:  created: 28075   present: 8   in FES: 5
** Event #224768   t=1098.534337235813   Elapsed: 1098.48s (18m 18s)  17% completed  (17% total)
     Speed:     ev/sec=122.021   simsec/sec=0.999999   ev/simsec=122.021
     Messages:  created: 28107   present: 8   in FES: 5
** Event #225024   t=1101.477086528903   Elapsed: 1101.42s (18m 21s)  17% completed  (17% total)
     Speed:     ev/sec=86.9935   simsec/sec=1   ev/simsec=86.9935
     Messages:  created: 28139   present: 8   in FES: 5
** Event #225280   t=1104.623040893886   Elapsed: 1104.57s (18m 24s)  17% completed  (17% total)
     Speed:     ev/sec=81.3744   simsec/sec=1   ev/simsec=81.3744
     Messages:  created: 28172   present: 9   in FES: 6
** Event #225536   t=1107.651310982926   Elapsed: 1107.6s (18m 27s)  17% completed  (17% total)
     Speed:     ev/sec=84.5365   simsec/sec=0.999998   ev/simsec=84.5367
     Messages:  created: 28203   present: 8   in FES: 5
** Event #225792   t=1109.68051536227   Elapsed: 1109.62s (18m 29s)  17% completed  (17% total)
     Speed:     ev/sec=126.158   simsec/sec=1   ev/simsec=126.158
     Messages:  created: 28235   present: 8   in FES: 5
** Event #226048   t=1113.738543174953   Elapsed: 1113.68s (18m 33s)  17% completed  (17% total)
     Speed:     ev/sec=63.0848   simsec/sec=1   ev/simsec=63.0848
     Messages:  created: 28267   present: 8   in FES: 5
** Event #226304   t=1116.260970437951   Elapsed: 1116.2s (18m 36s)  17% completed  (17% total)
     Speed:     ev/sec=101.49   simsec/sec=1   ev/simsec=101.49
     Messages:  created: 28300   present: 9   in FES: 6
** Event #226816   t=1120.913989288944   Elapsed: 1120.86s (18m 40s)  17% completed  (17% total)
     Speed:     ev/sec=110.036   simsec/sec=1   ev/simsec=110.036
     Messages:  created: 28363   present: 8   in FES: 5
** Event #227072   t=1124.272509057621   Elapsed: 1124.22s (18m 44s)  17% completed  (17% total)
     Speed:     ev/sec=76.2241   simsec/sec=1   ev/simsec=76.2241
     Messages:  created: 28395   present: 8   in FES: 5
** Event #227584   t=1127.537725568701   Elapsed: 1127.48s (18m 47s)  17% completed  (17% total)
     Speed:     ev/sec=156.804   simsec/sec=1   ev/simsec=156.804
     Messages:  created: 28459   present: 8   in FES: 5
** Event #228096   t=1130.821582923444   Elapsed: 1130.77s (18m 50s)  17% completed  (17% total)
     Speed:     ev/sec=155.914   simsec/sec=1   ev/simsec=155.914
     Messages:  created: 28524   present: 9   in FES: 6
** Event #228608   t=1134.789154921106   Elapsed: 1134.73s (18m 54s)  18% completed  (18% total)
     Speed:     ev/sec=129.046   simsec/sec=0.999999   ev/simsec=129.046
     Messages:  created: 28587   present: 8   in FES: 5
** Event #228864   t=1137.373018869743   Elapsed: 1137.32s (18m 57s)  18% completed  (18% total)
     Speed:     ev/sec=99.0764   simsec/sec=1   ev/simsec=99.0764
     Messages:  created: 28619   present: 8   in FES: 5
t=1140.666557 executing setDimmer(1)
** Event #229120   t=1140.857198173498   Elapsed: 1140.8s (19m 00s)  18% completed  (18% total)
     Speed:     ev/sec=73.475   simsec/sec=1   ev/simsec=73.475
     Messages:  created: 28651   present: 9   in FES: 6
** Event #229376   t=1143.793873478765   Elapsed: 1143.74s (19m 03s)  18% completed  (18% total)
     Speed:     ev/sec=87.1694   simsec/sec=0.999953   ev/simsec=87.1734
     Messages:  created: 28683   present: 8   in FES: 5
** Event #229632   t=1146.383010400595   Elapsed: 1146.33s (19m 06s)  18% completed  (18% total)
     Speed:     ev/sec=98.8797   simsec/sec=1.00005   ev/simsec=98.8746
     Messages:  created: 28715   present: 9   in FES: 6
** Event #230144   t=1149.052933558959   Elapsed: 1149s (19m 08s)  18% completed  (18% total)
     Speed:     ev/sec=191.766   simsec/sec=1   ev/simsec=191.766
     Messages:  created: 28779   present: 9   in FES: 6
** Event #230656   t=1153.497789869684   Elapsed: 1153.44s (19m 13s)  18% completed  (18% total)
     Speed:     ev/sec=115.188   simsec/sec=0.999987   ev/simsec=115.189
     Messages:  created: 28843   present: 8   in FES: 5
** Event #231424   t=1156.357716902932   Elapsed: 1156.3s (19m 16s)  18% completed  (18% total)
     Speed:     ev/sec=268.544   simsec/sec=1.00002   ev/simsec=268.538
     Messages:  created: 28940   present: 11   in FES: 7
** Event #232448   t=1159.936296024491   Elapsed: 1159.88s (19m 19s)  18% completed  (18% total)
     Speed:     ev/sec=286.147   simsec/sec=1   ev/simsec=286.147
     Messages:  created: 29067   present: 8   in FES: 5
** Event #232960   t=1162.854963087123   Elapsed: 1162.8s (19m 22s)  18% completed  (18% total)
     Speed:     ev/sec=175.423   simsec/sec=1   ev/simsec=175.423
     Messages:  created: 29133   present: 15   in FES: 7
** Event #233472   t=1165.098309533691   Elapsed: 1165.04s (19m 25s)  18% completed  (18% total)
     Speed:     ev/sec=228.231   simsec/sec=1   ev/simsec=228.23
     Messages:  created: 29195   present: 10   in FES: 7
** Event #233984   t=1168.321307169629   Elapsed: 1168.27s (19m 28s)  18% completed  (18% total)
     Speed:     ev/sec=158.858   simsec/sec=1   ev/simsec=158.858
     Messages:  created: 29259   present: 9   in FES: 6
** Event #234496   t=1170.881730753071   Elapsed: 1170.83s (19m 30s)  18% completed  (18% total)
     Speed:     ev/sec=199.967   simsec/sec=0.999999   ev/simsec=199.967
     Messages:  created: 29323   present: 9   in FES: 6
** Event #235008   t=1173.393170371433   Elapsed: 1173.34s (19m 33s)  18% completed  (18% total)
     Speed:     ev/sec=203.867   simsec/sec=1   ev/simsec=203.867
     Messages:  created: 29387   present: 8   in FES: 5
** Event #235520   t=1176.675701871915   Elapsed: 1176.62s (19m 36s)  18% completed  (18% total)
     Speed:     ev/sec=155.977   simsec/sec=1   ev/simsec=155.977
     Messages:  created: 29452   present: 11   in FES: 7
** Event #236032   t=1179.354334814609   Elapsed: 1179.3s (19m 39s)  18% completed  (18% total)
     Speed:     ev/sec=191.142   simsec/sec=0.999999   ev/simsec=191.142
     Messages:  created: 29515   present: 9   in FES: 6
** Event #236544   t=1181.418321892125   Elapsed: 1181.36s (19m 41s)  18% completed  (18% total)
     Speed:     ev/sec=248.064   simsec/sec=1   ev/simsec=248.064
     Messages:  created: 29579   present: 8   in FES: 5
** Event #237056   t=1183.565216427925   Elapsed: 1183.51s (19m 43s)  18% completed  (18% total)
     Speed:     ev/sec=238.484   simsec/sec=1   ev/simsec=238.484
     Messages:  created: 29643   present: 9   in FES: 6
** Event #237568   t=1187.175470820418   Elapsed: 1187.12s (19m 47s)  18% completed  (18% total)
     Speed:     ev/sec=141.818   simsec/sec=1   ev/simsec=141.818
     Messages:  created: 29707   present: 10   in FES: 7
** Event #238080   t=1189.817037531316   Elapsed: 1189.77s (19m 49s)  18% completed  (18% total)
     Speed:     ev/sec=192.946   simsec/sec=0.995469   ev/simsec=193.824
     Messages:  created: 29772   present: 12   in FES: 6
** Event #238592   t=1194.270885159428   Elapsed: 1194.21s (19m 54s)  18% completed  (18% total)
     Speed:     ev/sec=115.265   simsec/sec=1.00268   ev/simsec=114.957
     Messages:  created: 29835   present: 8   in FES: 5
** Event #238848   t=1196.968574710897   Elapsed: 1196.91s (19m 56s)  18% completed  (18% total)
     Speed:     ev/sec=94.9005   simsec/sec=1.00005   ev/simsec=94.896
     Messages:  created: 29867   present: 9   in FES: 6
** Event #239104   t=1199.025797735856   Elapsed: 1198.97s (19m 58s)  19% completed  (19% total)
     Speed:     ev/sec=124.438   simsec/sec=0.999987   ev/simsec=124.44
     Messages:  created: 29899   present: 8   in FES: 5
t=1200.666554 executing removeServer()
scheduled complete remove at 1200.666554
** Event #239360   t=1202.498855521829   Elapsed: 1202.44s (20m 02s)  19% completed  (19% total)
     Speed:     ev/sec=73.7096   simsec/sec=0.99999   ev/simsec=73.7103
     Messages:  created: 29932   present: 7   in FES: 5
** Event #239616   t=1205.679067437887   Elapsed: 1205.62s (20m 05s)  19% completed  (19% total)
     Speed:     ev/sec=80.4991   simsec/sec=1.00002   ev/simsec=80.4978
     Messages:  created: 29966   present: 13   in FES: 6
** Event #239872   t=1208.89361481267   Elapsed: 1208.84s (20m 08s)  19% completed  (19% total)
     Speed:     ev/sec=79.6378   simsec/sec=0.999999   ev/simsec=79.638
     Messages:  created: 29997   present: 10   in FES: 6
** Event #240128   t=1210.896405816636   Elapsed: 1210.84s (20m 10s)  19% completed  (19% total)
     Speed:     ev/sec=127.822   simsec/sec=1   ev/simsec=127.822
     Messages:  created: 30033   present: 20   in FES: 6
** Event #240640   t=1216.07181297339   Elapsed: 1216.02s (20m 16s)  19% completed  (19% total)
     Speed:     ev/sec=98.9284   simsec/sec=0.99999   ev/simsec=98.9294
     Messages:  created: 30092   present: 7   in FES: 5
** Event #241152   t=1218.9221599318   Elapsed: 1218.88s (20m 18s)  19% completed  (19% total)
     Speed:     ev/sec=178.862   simsec/sec=0.99574   ev/simsec=179.627
     Messages:  created: 30156   present: 8   in FES: 5
** Event #241408   t=1221.382374898703   Elapsed: 1221.33s (20m 21s)  19% completed  (19% total)
     Speed:     ev/sec=104.575   simsec/sec=1.00499   ev/simsec=104.056
     Messages:  created: 30188   present: 7   in FES: 5
** Event #241920   t=1224.204121053095   Elapsed: 1224.15s (20m 24s)  19% completed  (19% total)
     Speed:     ev/sec=181.45   simsec/sec=1.00001   ev/simsec=181.448
     Messages:  created: 30257   present: 21   in FES: 6
** Event #242432   t=1229.709715624711   Elapsed: 1229.65s (20m 29s)  19% completed  (19% total)
     Speed:     ev/sec=92.9962   simsec/sec=0.999998   ev/simsec=92.9963
     Messages:  created: 30317   present: 10   in FES: 6
** Event #242688   t=1232.762618884027   Elapsed: 1232.71s (20m 32s)  19% completed  (19% total)
     Speed:     ev/sec=83.8549   simsec/sec=1   ev/simsec=83.8546
     Messages:  created: 30348   present: 7   in FES: 5
** Event #243200   t=1237.599645115397   Elapsed: 1237.56s (20m 37s)  19% completed  (19% total)
     Speed:     ev/sec=105.576   simsec/sec=0.99741   ev/simsec=105.85
     Messages:  created: 30412   present: 8   in FES: 5
** Event #243456   t=1239.598737487054   Elapsed: 1239.58s (20m 39s)  19% completed  (19% total)
     Speed:     ev/sec=126.772   simsec/sec=0.98996   ev/simsec=128.058
     Messages:  created: 30444   present: 8   in FES: 5
** Event #243712   t=1241.657035052391   Elapsed: 1241.6s (20m 41s)  19% completed  (19% total)
     Speed:     ev/sec=126.391   simsec/sec=1.01621   ev/simsec=124.375
     Messages:  created: 30477   present: 10   in FES: 6
** Event #244224   t=1245.225636584993   Elapsed: 1245.17s (20m 45s)  19% completed  (19% total)
     Speed:     ev/sec=143.474   simsec/sec=1   ev/simsec=143.474
     Messages:  created: 30542   present: 14   in FES: 6
** Event #244480   t=1247.75436370745   Elapsed: 1247.78s (20m 47s)  19% completed  (19% total)
     Speed:     ev/sec=98.1155   simsec/sec=0.96917   ev/simsec=101.237
     Messages:  created: 30572   present: 8   in FES: 5
** Event #244736   t=1250.488900164536   Elapsed: 1250.44s (20m 50s)  19% completed  (19% total)
     Speed:     ev/sec=96.2342   simsec/sec=1.02795   ev/simsec=93.6173
     Messages:  created: 30604   present: 8   in FES: 5
** Event #245248   t=1252.812405214466   Elapsed: 1252.77s (20m 52s)  19% completed  (19% total)
     Speed:     ev/sec=219.38   simsec/sec=0.995566   ev/simsec=220.357
     Messages:  created: 30680   present: 40   in FES: 5
** Event #245760   t=1254.95263234468   Elapsed: 1254.9s (20m 54s)  19% completed  (19% total)
     Speed:     ev/sec=241.078   simsec/sec=1.00774   ev/simsec=239.227
     Messages:  created: 30752   present: 61   in FES: 6
** Event #246272   t=1257.444734912776   Elapsed: 1257.39s (20m 57s)  19% completed  (19% total)
     Speed:     ev/sec=205.449   simsec/sec=1   ev/simsec=205.449
     Messages:  created: 30832   present: 103   in FES: 6
** Event #246784   t=1260.932541834975   Elapsed: 1260.88s (21m 00s)  20% completed  (20% total)
     Speed:     ev/sec=146.797   simsec/sec=1   ev/simsec=146.797
     Messages:  created: 30876   present: 53   in FES: 6
** Event #247296   t=1263.582563486678   Elapsed: 1263.53s (21m 03s)  20% completed  (20% total)
     Speed:     ev/sec=192.69   simsec/sec=0.997327   ev/simsec=193.206
     Messages:  created: 30926   present: 15   in FES: 5
** Event #247552   t=1267.010659819473   Elapsed: 1266.95s (21m 06s)  20% completed  (20% total)
     Speed:     ev/sec=74.8321   simsec/sec=1.00208   ev/simsec=74.677
     Messages:  created: 30956   present: 9   in FES: 6
** Event #248064   t=1271.079825308735   Elapsed: 1271.03s (21m 11s)  20% completed  (20% total)
     Speed:     ev/sec=125.556   simsec/sec=0.997868   ev/simsec=125.824
     Messages:  created: 31019   present: 7   in FES: 5
** Event #248320   t=1273.35968700781   Elapsed: 1273.3s (21m 13s)  20% completed  (20% total)
     Speed:     ev/sec=112.717   simsec/sec=1.00383   ev/simsec=112.288
     Messages:  created: 31052   present: 10   in FES: 6
** Event #248832   t=1276.873595660227   Elapsed: 1276.82s (21m 16s)  20% completed  (20% total)
     Speed:     ev/sec=145.707   simsec/sec=1   ev/simsec=145.707
     Messages:  created: 31117   present: 11   in FES: 6
** Event #249344   t=1280.279215808928   Elapsed: 1280.22s (21m 20s)  20% completed  (20% total)
     Speed:     ev/sec=150.339   simsec/sec=0.999998   ev/simsec=150.34
     Messages:  created: 31183   present: 17   in FES: 6
** Event #249856   t=1283.537438327042   Elapsed: 1283.48s (21m 23s)  20% completed  (20% total)
     Speed:     ev/sec=157.142   simsec/sec=1.00001   ev/simsec=157.141
     Messages:  created: 31244   present: 9   in FES: 6
** Event #250112   t=1285.782987382663   Elapsed: 1285.73s (21m 25s)  20% completed  (20% total)
     Speed:     ev/sec=113.95   simsec/sec=0.999533   ev/simsec=114.003
     Messages:  created: 31275   present: 7   in FES: 5
** Event #250368   t=1287.952374000652   Elapsed: 1287.91s (21m 27s)  20% completed  (20% total)
     Speed:     ev/sec=117.488   simsec/sec=0.99561   ev/simsec=118.006
     Messages:  created: 31307   present: 7   in FES: 5
** Event #250624   t=1290.049371929574   Elapsed: 1289.99s (21m 29s)  20% completed  (20% total)
     Speed:     ev/sec=122.699   simsec/sec=1.00508   ev/simsec=122.079
     Messages:  created: 31340   present: 10   in FES: 6
** Event #251136   t=1293.263273424086   Elapsed: 1293.26s (21m 33s)  20% completed  (20% total)
     Speed:     ev/sec=156.799   simsec/sec=0.984249   ev/simsec=159.308
     Messages:  created: 31403   present: 7   in FES: 5
** Event #251648   t=1297.212466135805   Elapsed: 1297.16s (21m 37s)  20% completed  (20% total)
     Speed:     ev/sec=131.359   simsec/sec=1.01321   ev/simsec=129.647
     Messages:  created: 31468   present: 9   in FES: 6
** Event #252160   t=1299.566197102947   Elapsed: 1299.51s (21m 39s)  20% completed  (20% total)
     Speed:     ev/sec=217.522   simsec/sec=0.999979   ev/simsec=217.527
     Messages:  created: 31535   present: 17   in FES: 6
** Event #252672   t=1302.965602686386   Elapsed: 1302.94s (21m 42s)  20% completed  (20% total)
     Speed:     ev/sec=149.298   simsec/sec=0.991257   ev/simsec=150.615
     Messages:  created: 31595   present: 7   in FES: 5
** Event #252928   t=1305.158827862942   Elapsed: 1305.14s (21m 45s)  20% completed  (20% total)
     Speed:     ev/sec=116.251   simsec/sec=0.995956   ev/simsec=116.723
     Messages:  created: 31627   present: 7   in FES: 5
** Event #253440   t=1308.189872600079   Elapsed: 1308.13s (21m 48s)  20% completed  (20% total)
     Speed:     ev/sec=171.114   simsec/sec=1.013   ev/simsec=168.919
     Messages:  created: 31692   present: 10   in FES: 6
** Event #253952   t=1312.171406137487   Elapsed: 1312.14s (21m 52s)  20% completed  (20% total)
     Speed:     ev/sec=127.724   simsec/sec=0.993238   ev/simsec=128.594
     Messages:  created: 31755   present: 7   in FES: 5
** Event #254464   t=1316.399507366849   Elapsed: 1316.36s (21m 56s)  20% completed  (20% total)
     Speed:     ev/sec=121.254   simsec/sec=1.00132   ev/simsec=121.095
     Messages:  created: 31819   present: 7   in FES: 5
** Event #254720   t=1319.473562564504   Elapsed: 1319.44s (21m 59s)  20% completed  (20% total)
     Speed:     ev/sec=83.1341   simsec/sec=0.998277   ev/simsec=83.2776
     Messages:  created: 31851   present: 7   in FES: 5
** Event #254976   t=1322.480813247692   Elapsed: 1322.42s (22m 02s)  20% completed  (20% total)
     Speed:     ev/sec=85.8945   simsec/sec=1.00901   ev/simsec=85.1276
     Messages:  created: 31885   present: 13   in FES: 6
** Event #255488   t=1325.068622260733   Elapsed: 1325.02s (22m 05s)  21% completed  (21% total)
     Speed:     ev/sec=197.547   simsec/sec=0.998464   ev/simsec=197.851
     Messages:  created: 31949   present: 14   in FES: 5
** Event #256000   t=1327.451988854941   Elapsed: 1327.4s (22m 07s)  21% completed  (21% total)
     Speed:     ev/sec=215.182   simsec/sec=1.00167   ev/simsec=214.822
     Messages:  created: 32015   present: 19   in FES: 6
** Event #256256   t=1331.017004260954   Elapsed: 1330.96s (22m 10s)  21% completed  (21% total)
     Speed:     ev/sec=71.809   simsec/sec=1   ev/simsec=71.8089
     Messages:  created: 32043   present: 9   in FES: 6
** Event #256512   t=1333.745026450387   Elapsed: 1333.69s (22m 13s)  21% completed  (21% total)
     Speed:     ev/sec=93.6905   simsec/sec=0.998398   ev/simsec=93.8409
     Messages:  created: 32074   present: 6   in FES: 4
** Event #257024   t=1337.700663420179   Elapsed: 1337.64s (22m 17s)  21% completed  (21% total)
     Speed:     ev/sec=129.579   simsec/sec=1.00111   ev/simsec=129.436
     Messages:  created: 32140   present: 11   in FES: 6
** Event #257536   t=1340.599267239893   Elapsed: 1340.54s (22m 20s)  21% completed  (21% total)
     Speed:     ev/sec=176.637   simsec/sec=1   ev/simsec=176.637
     Messages:  created: 32208   present: 21   in FES: 6
** Event #258048   t=1344.041327736135   Elapsed: 1343.99s (22m 23s)  21% completed  (21% total)
     Speed:     ev/sec=148.748   simsec/sec=1   ev/simsec=148.748
     Messages:  created: 32267   present: 8   in FES: 6
** Event #258304   t=1346.584992795923   Elapsed: 1346.53s (22m 26s)  21% completed  (21% total)
     Speed:     ev/sec=100.642   simsec/sec=0.999999   ev/simsec=100.642
     Messages:  created: 32303   present: 18   in FES: 6
** Event #258816   t=1349.072951045154   Elapsed: 1349.02s (22m 29s)  21% completed  (21% total)
     Speed:     ev/sec=205.791   simsec/sec=1   ev/simsec=205.791
     Messages:  created: 32363   present: 9   in FES: 6
** Event #259072   t=1351.555934006042   Elapsed: 1351.68s (22m 31s)  21% completed  (21% total)
     Speed:     ev/sec=96.2137   simsec/sec=0.933192   ev/simsec=103.102
     Messages:  created: 32394   present: 6   in FES: 4
** Event #259328   t=1354.764664316417   Elapsed: 1354.71s (22m 34s)  21% completed  (21% total)
     Speed:     ev/sec=84.4316   simsec/sec=1.05827   ev/simsec=79.7823
     Messages:  created: 32426   present: 6   in FES: 4
** Event #259584   t=1357.677453354858   Elapsed: 1357.63s (22m 37s)  21% completed  (21% total)
     Speed:     ev/sec=87.6522   simsec/sec=0.997314   ev/simsec=87.8883
     Messages:  created: 32458   present: 6   in FES: 4
** Event #259840   t=1361.512332789085   Elapsed: 1361.48s (22m 41s)  21% completed  (21% total)
     Speed:     ev/sec=66.5696   simsec/sec=0.997212   ev/simsec=66.7557
     Messages:  created: 32490   present: 6   in FES: 4
** Event #260096   t=1365.593665519592   Elapsed: 1365.54s (22m 45s)  21% completed  (21% total)
     Speed:     ev/sec=63.0075   simsec/sec=1.00451   ev/simsec=62.7246
     Messages:  created: 32522   present: 6   in FES: 4
** Event #260352   t=1369.855226819238   Elapsed: 1369.9s (22m 49s)  21% completed  (21% total)
     Speed:     ev/sec=58.6891   simsec/sec=0.976981   ev/simsec=60.0719
     Messages:  created: 32554   present: 6   in FES: 4
** Event #260608   t=1372.697755117173   Elapsed: 1372.64s (22m 52s)  21% completed  (21% total)
     Speed:     ev/sec=93.4031   simsec/sec=1.03711   ev/simsec=90.0607
     Messages:  created: 32591   present: 18   in FES: 6
** Event #261120   t=1374.818279382653   Elapsed: 1374.76s (22m 54s)  21% completed  (21% total)
     Speed:     ev/sec=241.45   simsec/sec=1   ev/simsec=241.45
     Messages:  created: 32661   present: 34   in FES: 6
** Event #261888   t=1378.075643626216   Elapsed: 1378.02s (22m 58s)  21% completed  (21% total)
     Speed:     ev/sec=235.773   simsec/sec=0.999999   ev/simsec=235.773
     Messages:  created: 32771   present: 72   in FES: 6
** Event #262400   t=1380.976938295161   Elapsed: 1380.92s (23m 00s)  21% completed  (21% total)
     Speed:     ev/sec=176.473   simsec/sec=1   ev/simsec=176.473
     Messages:  created: 32828   present: 55   in FES: 6
** Event #262912   t=1385.459849489038   Elapsed: 1385.4s (23m 05s)  21% completed  (21% total)
     Speed:     ev/sec=114.212   simsec/sec=1   ev/simsec=114.211
     Messages:  created: 32875   present: 10   in FES: 6
** Event #263168   t=1387.907299536584   Elapsed: 1387.85s (23m 07s)  22% completed  (22% total)
     Speed:     ev/sec=104.598   simsec/sec=0.999993   ev/simsec=104.599
     Messages:  created: 32906   present: 7   in FES: 5
** Event #263680   t=1391.994780759032   Elapsed: 1391.94s (23m 11s)  22% completed  (22% total)
     Speed:     ev/sec=125.261   simsec/sec=1   ev/simsec=125.261
     Messages:  created: 32971   present: 10   in FES: 6
** Event #263936   t=1394.821476262781   Elapsed: 1394.79s (23m 14s)  22% completed  (22% total)
     Speed:     ev/sec=89.9282   simsec/sec=0.992968   ev/simsec=90.5651
     Messages:  created: 33004   present: 13   in FES: 5
** Event #264448   t=1397.590093945364   Elapsed: 1397.53s (23m 17s)  22% completed  (22% total)
     Speed:     ev/sec=186.276   simsec/sec=1.00728   ev/simsec=184.93
     Messages:  created: 33068   present: 12   in FES: 6
** Event #264960   t=1400.513826002011   Elapsed: 1400.46s (23m 20s)  22% completed  (22% total)
     Speed:     ev/sec=175.12   simsec/sec=1.00001   ev/simsec=175.119
     Messages:  created: 33134   present: 17   in FES: 6
** Event #265216   t=1402.69106215443   Elapsed: 1402.63s (23m 22s)  22% completed  (22% total)
     Speed:     ev/sec=117.58   simsec/sec=1   ev/simsec=117.58
     Messages:  created: 33163   present: 9   in FES: 6
** Event #265472   t=1405.639996866687   Elapsed: 1405.58s (23m 25s)  22% completed  (22% total)
     Speed:     ev/sec=86.811   simsec/sec=1   ev/simsec=86.811
     Messages:  created: 33194   present: 8   in FES: 6
** Event #265728   t=1408.020493400405   Elapsed: 1407.96s (23m 27s)  22% completed  (22% total)
     Speed:     ev/sec=107.541   simsec/sec=0.999999   ev/simsec=107.541
     Messages:  created: 33227   present: 11   in FES: 6
** Event #266240   t=1412.153948165003   Elapsed: 1412.1s (23m 32s)  22% completed  (22% total)
     Speed:     ev/sec=123.867   simsec/sec=1   ev/simsec=123.867
     Messages:  created: 33290   present: 8   in FES: 6
** Event #266496   t=1414.178493142071   Elapsed: 1414.12s (23m 34s)  22% completed  (22% total)
     Speed:     ev/sec=126.448   simsec/sec=0.999999   ev/simsec=126.448
     Messages:  created: 33322   present: 8   in FES: 6
** Event #267008   t=1419.411705798466   Elapsed: 1419.36s (23m 39s)  22% completed  (22% total)
     Speed:     ev/sec=97.8367   simsec/sec=1   ev/simsec=97.8367
     Messages:  created: 33386   present: 8   in FES: 6
** Event #267264   t=1422.319224355592   Elapsed: 1422.26s (23m 42s)  22% completed  (22% total)
     Speed:     ev/sec=88.0475   simsec/sec=0.999999   ev/simsec=88.0476
     Messages:  created: 33419   present: 9   in FES: 6
** Event #267520   t=1425.105025331205   Elapsed: 1425.05s (23m 45s)  22% completed  (22% total)
     Speed:     ev/sec=91.8936   simsec/sec=0.99999   ev/simsec=91.8946
     Messages:  created: 33450   present: 7   in FES: 5
** Event #268032   t=1428.147518737797   Elapsed: 1428.12s (23m 48s)  22% completed  (22% total)
     Speed:     ev/sec=166.785   simsec/sec=0.9911   ev/simsec=168.283
     Messages:  created: 33516   present: 13   in FES: 5
** Event #268544   t=1434.032583685737   Elapsed: 1433.98s (23m 53s)  22% completed  (22% total)
     Speed:     ev/sec=87.4061   simsec/sec=1.00467   ev/simsec=86.9999
     Messages:  created: 33578   present: 8   in FES: 6
** Event #269056   t=1436.491628444366   Elapsed: 1436.44s (23m 56s)  22% completed  (22% total)
     Speed:     ev/sec=208.211   simsec/sec=1   ev/simsec=208.211
     Messages:  created: 33650   present: 28   in FES: 6
** Event #269568   t=1439.19405984127   Elapsed: 1439.17s (23m 59s)  22% completed  (22% total)
     Speed:     ev/sec=186.968   simsec/sec=0.986851   ev/simsec=189.459
     Messages:  created: 33711   present: 21   in FES: 5
** Event #270080   t=1442.308554354726   Elapsed: 1442.27s (24m 02s)  22% completed  (22% total)
     Speed:     ev/sec=165.202   simsec/sec=1.00492   ev/simsec=164.393
     Messages:  created: 33774   present: 20   in FES: 5
** Event #270592   t=1445.354877656896   Elapsed: 1445.3s (24m 05s)  22% completed  (22% total)
     Speed:     ev/sec=169.224   simsec/sec=1.00686   ev/simsec=168.071
     Messages:  created: 33840   present: 24   in FES: 6
** Event #271104   t=1448.095919957763   Elapsed: 1448.04s (24m 08s)  22% completed  (22% total)
     Speed:     ev/sec=186.79   simsec/sec=1   ev/simsec=186.79
     Messages:  created: 33904   present: 26   in FES: 6
** Event #271360   t=1450.159826016968   Elapsed: 1450.1s (24m 10s)  23% completed  (23% total)
     Speed:     ev/sec=124.037   simsec/sec=1   ev/simsec=124.037
     Messages:  created: 33930   present: 8   in FES: 6
** Event #271616   t=1452.786665824207   Elapsed: 1452.73s (24m 12s)  23% completed  (23% total)
     Speed:     ev/sec=97.4553   simsec/sec=0.999998   ev/simsec=97.4555
     Messages:  created: 33961   present: 7   in FES: 5
** Event #271872   t=1455.910142645519   Elapsed: 1455.85s (24m 15s)  23% completed  (23% total)
     Speed:     ev/sec=81.96   simsec/sec=1   ev/simsec=81.9599
     Messages:  created: 33994   present: 8   in FES: 6
** Event #272128   t=1460.414668797564   Elapsed: 1460.36s (24m 20s)  23% completed  (23% total)
     Speed:     ev/sec=56.8317   simsec/sec=1   ev/simsec=56.8317
     Messages:  created: 34025   present: 7   in FES: 5
** Event #272384   t=1463.589153817873   Elapsed: 1463.53s (24m 23s)  23% completed  (23% total)
     Speed:     ev/sec=80.643   simsec/sec=1   ev/simsec=80.643
     Messages:  created: 34059   present: 11   in FES: 6
** Event #272896   t=1466.278967760468   Elapsed: 1466.22s (24m 26s)  23% completed  (23% total)
     Speed:     ev/sec=190.348   simsec/sec=1   ev/simsec=190.348
     Messages:  created: 34131   present: 34   in FES: 6
** Event #273408   t=1470.811639402805   Elapsed: 1470.76s (24m 30s)  23% completed  (23% total)
     Speed:     ev/sec=112.958   simsec/sec=1   ev/simsec=112.958
     Messages:  created: 34186   present: 8   in FES: 6
** Event #273664   t=1473.209857003007   Elapsed: 1473.15s (24m 33s)  23% completed  (23% total)
     Speed:     ev/sec=106.746   simsec/sec=1   ev/simsec=106.746
     Messages:  created: 34218   present: 10   in FES: 6
** Event #273920   t=1476.070585942036   Elapsed: 1476.01s (24m 36s)  23% completed  (23% total)
     Speed:     ev/sec=89.4876   simsec/sec=0.999999   ev/simsec=89.4877
     Messages:  created: 34249   present: 7   in FES: 5
** Event #274432   t=1480.289196601354   Elapsed: 1480.23s (24m 40s)  23% completed  (23% total)
     Speed:     ev/sec=121.367   simsec/sec=1   ev/simsec=121.367
     Messages:  created: 34313   present: 7   in FES: 5
** Event #274944   t=1483.348115447779   Elapsed: 1483.29s (24m 43s)  23% completed  (23% total)
     Speed:     ev/sec=167.379   simsec/sec=1   ev/simsec=167.379
     Messages:  created: 34379   present: 11   in FES: 6
** Event #275456   t=1485.94068806363   Elapsed: 1485.88s (24m 45s)  23% completed  (23% total)
     Speed:     ev/sec=197.487   simsec/sec=0.999999   ev/simsec=197.487
     Messages:  created: 34447   present: 23   in FES: 6
** Event #275968   t=1488.479879336072   Elapsed: 1488.42s (24m 48s)  23% completed  (23% total)
     Speed:     ev/sec=201.639   simsec/sec=1   ev/simsec=201.639
     Messages:  created: 34506   present: 9   in FES: 6
** Event #276480   t=1491.951264617358   Elapsed: 1491.9s (24m 51s)  23% completed  (23% total)
     Speed:     ev/sec=147.49   simsec/sec=0.999991   ev/simsec=147.492
     Messages:  created: 34570   present: 10   in FES: 6
** Event #276992   t=1494.218151305708   Elapsed: 1494.16s (24m 54s)  23% completed  (23% total)
     Speed:     ev/sec=225.863   simsec/sec=1.00001   ev/simsec=225.86
     Messages:  created: 34637   present: 17   in FES: 6
** Event #277504   t=1497.301022884398   Elapsed: 1497.24s (24m 57s)  23% completed  (23% total)
     Speed:     ev/sec=166.079   simsec/sec=1   ev/simsec=166.079
     Messages:  created: 34697   present: 7   in FES: 5
** Event #278016   t=1500.242301039642   Elapsed: 1500.19s (25m 00s)  23% completed  (23% total)
     Speed:     ev/sec=174.074   simsec/sec=0.999999   ev/simsec=174.074
     Messages:  created: 34765   present: 18   in FES: 6
** Event #278528   t=1503.143345028121   Elapsed: 1503.09s (25m 03s)  23% completed  (23% total)
     Speed:     ev/sec=176.488   simsec/sec=1   ev/simsec=176.488
     Messages:  created: 34825   present: 9   in FES: 6
** Event #279040   t=1505.208255157243   Elapsed: 1505.15s (25m 05s)  23% completed  (23% total)
     Speed:     ev/sec=247.953   simsec/sec=1   ev/simsec=247.953
     Messages:  created: 34903   present: 45   in FES: 6
** Event #279808   t=1508.640042198763   Elapsed: 1508.58s (25m 08s)  23% completed  (23% total)
     Speed:     ev/sec=223.79   simsec/sec=0.999999   ev/simsec=223.79
     Messages:  created: 34999   present: 46   in FES: 6
** Event #280320   t=1510.695275382145   Elapsed: 1510.64s (25m 10s)  23% completed  (23% total)
     Speed:     ev/sec=249.12   simsec/sec=1   ev/simsec=249.12
     Messages:  created: 35073   present: 73   in FES: 6
** Event #280832   t=1513.080208794554   Elapsed: 1513.02s (25m 13s)  24% completed  (24% total)
     Speed:     ev/sec=214.681   simsec/sec=1   ev/simsec=214.681
     Messages:  created: 35146   present: 95   in FES: 6
** Event #281344   t=1515.506765256787   Elapsed: 1515.45s (25m 15s)  24% completed  (24% total)
     Speed:     ev/sec=210.998   simsec/sec=0.999999   ev/simsec=210.999
     Messages:  created: 35212   present: 102   in FES: 6
** Event #281856   t=1517.880748983985   Elapsed: 1517.82s (25m 17s)  24% completed  (24% total)
     Speed:     ev/sec=215.671   simsec/sec=1   ev/simsec=215.671
     Messages:  created: 35273   present: 94   in FES: 6
** Event #282368   t=1521.17740887369   Elapsed: 1521.12s (25m 21s)  24% completed  (24% total)
     Speed:     ev/sec=155.308   simsec/sec=0.999998   ev/simsec=155.309
     Messages:  created: 35306   present: 10   in FES: 6
** Event #282880   t=1524.848580163833   Elapsed: 1524.79s (25m 24s)  24% completed  (24% total)
     Speed:     ev/sec=139.465   simsec/sec=1   ev/simsec=139.465
     Messages:  created: 35370   present: 10   in FES: 6
** Event #283392   t=1527.357523493971   Elapsed: 1527.3s (25m 27s)  24% completed  (24% total)
     Speed:     ev/sec=204.069   simsec/sec=0.999996   ev/simsec=204.07
     Messages:  created: 35435   present: 13   in FES: 6
** Event #284160   t=1530.385663908235   Elapsed: 1530.33s (25m 30s)  24% completed  (24% total)
     Speed:     ev/sec=253.622   simsec/sec=1   ev/simsec=253.621
     Messages:  created: 35549   present: 61   in FES: 6
** Event #284928   t=1533.25834506155   Elapsed: 1533.2s (25m 33s)  24% completed  (24% total)
     Speed:     ev/sec=267.346   simsec/sec=0.999998   ev/simsec=267.346
     Messages:  created: 35666   present: 115   in FES: 7
** Event #285440   t=1536.473460407241   Elapsed: 1536.42s (25m 36s)  24% completed  (24% total)
     Speed:     ev/sec=159.25   simsec/sec=1.00001   ev/simsec=159.248
     Messages:  created: 35719   present: 89   in FES: 6
** Event #285952   t=1538.627226699193   Elapsed: 1538.57s (25m 38s)  24% completed  (24% total)
     Speed:     ev/sec=237.426   simsec/sec=0.998751   ev/simsec=237.723
     Messages:  created: 35781   present: 83   in FES: 5
** Event #286464   t=1540.973890050621   Elapsed: 1540.93s (25m 40s)  24% completed  (24% total)
     Speed:     ev/sec=217.056   simsec/sec=0.994839   ev/simsec=218.182
     Messages:  created: 35851   present: 99   in FES: 5
** Event #286976   t=1543.348921010658   Elapsed: 1543.29s (25m 43s)  24% completed  (24% total)
     Speed:     ev/sec=216.93   simsec/sec=1.00628   ev/simsec=215.576
     Messages:  created: 35926   present: 122   in FES: 6
** Event #287488   t=1545.78329851948   Elapsed: 1545.73s (25m 45s)  24% completed  (24% total)
     Speed:     ev/sec=210.321   simsec/sec=1   ev/simsec=210.321
     Messages:  created: 35991   present: 124   in FES: 6
** Event #288000   t=1549.167579968287   Elapsed: 1549.11s (25m 49s)  24% completed  (24% total)
     Speed:     ev/sec=151.287   simsec/sec=0.999999   ev/simsec=151.288
     Messages:  created: 36041   present: 94   in FES: 6
** Event #288512   t=1551.697209069294   Elapsed: 1551.64s (25m 51s)  24% completed  (24% total)
     Speed:     ev/sec=202.401   simsec/sec=1   ev/simsec=202.401
     Messages:  created: 36090   present: 54   in FES: 6
** Event #289024   t=1554.190936715697   Elapsed: 1554.22s (25m 54s)  24% completed  (24% total)
     Speed:     ev/sec=198.458   simsec/sec=0.9666   ev/simsec=205.315
     Messages:  created: 36141   present: 19   in FES: 5
** Event #289536   t=1557.030241650655   Elapsed: 1556.97s (25m 56s)  24% completed  (24% total)
     Speed:     ev/sec=185.97   simsec/sec=1.0313   ev/simsec=180.326
     Messages:  created: 36208   present: 26   in FES: 6
** Event #290048   t=1559.468333498875   Elapsed: 1559.41s (25m 59s)  24% completed  (24% total)
     Speed:     ev/sec=210   simsec/sec=1   ev/simsec=210
     Messages:  created: 36282   present: 53   in FES: 6
t=1560.666548 executing addServer()
adding server with latency=60
** Event #290560   t=1562.365113133661   Elapsed: 1562.31s (26m 02s)  24% completed  (24% total)
     Speed:     ev/sec=176.748   simsec/sec=1   ev/simsec=176.748
     Messages:  created: 36333   present: 18   in FES: 7
** Event #291072   t=1565.618703884715   Elapsed: 1565.56s (26m 05s)  24% completed  (24% total)
     Speed:     ev/sec=157.364   simsec/sec=0.999998   ev/simsec=157.365
     Messages:  created: 36394   present: 9   in FES: 6
** Event #291584   t=1568.958463432937   Elapsed: 1568.9s (26m 08s)  24% completed  (24% total)
     Speed:     ev/sec=153.305   simsec/sec=1   ev/simsec=153.304
     Messages:  created: 36458   present: 10   in FES: 7
** Event #292096   t=1574.101743606588   Elapsed: 1574.05s (26m 14s)  24% completed  (24% total)
     Speed:     ev/sec=99.5474   simsec/sec=1   ev/simsec=99.5474
     Messages:  created: 36523   present: 11   in FES: 7
** Event #292608   t=1576.709047770083   Elapsed: 1576.65s (26m 16s)  25% completed  (25% total)
     Speed:     ev/sec=196.371   simsec/sec=1   ev/simsec=196.371
     Messages:  created: 36591   present: 22   in FES: 7
** Event #293376   t=1579.668123216312   Elapsed: 1579.61s (26m 19s)  25% completed  (25% total)
     Speed:     ev/sec=259.54   simsec/sec=0.999999   ev/simsec=259.541
     Messages:  created: 36697   present: 49   in FES: 7
** Event #293888   t=1581.848468424599   Elapsed: 1581.84s (26m 21s)  25% completed  (25% total)
     Speed:     ev/sec=229.512   simsec/sec=0.977374   ev/simsec=234.825
     Messages:  created: 36766   present: 63   in FES: 6
** Event #294400   t=1584.659041285313   Elapsed: 1584.61s (26m 24s)  25% completed  (25% total)
     Speed:     ev/sec=185.14   simsec/sec=1.01631   ev/simsec=182.169
     Messages:  created: 36821   present: 39   in FES: 6
** Event #294912   t=1587.313610714701   Elapsed: 1587.26s (26m 27s)  25% completed  (25% total)
     Speed:     ev/sec=193.267   simsec/sec=1.00203   ev/simsec=192.875
     Messages:  created: 36874   present: 10   in FES: 7
** Event #295424   t=1591.290595256433   Elapsed: 1591.23s (26m 31s)  25% completed  (25% total)
     Speed:     ev/sec=128.741   simsec/sec=0.999999   ev/simsec=128.741
     Messages:  created: 36938   present: 9   in FES: 6
** Event #295936   t=1594.912084793036   Elapsed: 1594.86s (26m 34s)  25% completed  (25% total)
     Speed:     ev/sec=141.378   simsec/sec=1   ev/simsec=141.378
     Messages:  created: 37002   present: 10   in FES: 7
** Event #296448   t=1598.35363507574   Elapsed: 1598.3s (26m 38s)  25% completed  (25% total)
     Speed:     ev/sec=148.77   simsec/sec=1   ev/simsec=148.77
     Messages:  created: 37067   present: 13   in FES: 7
** Event #296704   t=1600.65283093841   Elapsed: 1600.6s (26m 40s)  25% completed  (25% total)
     Speed:     ev/sec=111.343   simsec/sec=1   ev/simsec=111.343
     Messages:  created: 37099   present: 11   in FES: 7
** Event #297216   t=1603.873391954   Elapsed: 1603.82s (26m 43s)  25% completed  (25% total)
     Speed:     ev/sec=158.978   simsec/sec=0.999998   ev/simsec=158.979
     Messages:  created: 37163   present: 13   in FES: 7
** Event #297728   t=1608.057293476708   Elapsed: 1608s (26m 48s)  25% completed  (25% total)
     Speed:     ev/sec=122.374   simsec/sec=1   ev/simsec=122.374
     Messages:  created: 37226   present: 9   in FES: 6
** Event #297984   t=1611.236553666691   Elapsed: 1611.18s (26m 51s)  25% completed  (25% total)
     Speed:     ev/sec=80.5219   simsec/sec=1   ev/simsec=80.5219
     Messages:  created: 37259   present: 11   in FES: 7
** Event #298496   t=1614.466521611599   Elapsed: 1614.41s (26m 54s)  25% completed  (25% total)
     Speed:     ev/sec=158.516   simsec/sec=1   ev/simsec=158.516
     Messages:  created: 37324   present: 14   in FES: 7
** Event #299008   t=1617.135765401482   Elapsed: 1617.08s (26m 57s)  25% completed  (25% total)
     Speed:     ev/sec=191.815   simsec/sec=1   ev/simsec=191.815
     Messages:  created: 37391   present: 22   in FES: 7
** Event #299520   t=1619.821587748604   Elapsed: 1619.82s (26m 59s)  25% completed  (25% total)
     Speed:     ev/sec=186.933   simsec/sec=0.980604   ev/simsec=190.631
     Messages:  created: 37455   present: 23   in FES: 6
t=1620.666548 addServer() complete
** Event #300032   t=1623.933345582963   Elapsed: 1623.88s (27m 03s)  25% completed  (25% total)
     Speed:     ev/sec=126.151   simsec/sec=1.01309   ev/simsec=124.521
     Messages:  created: 37515   present: 12   in FES: 7
** Event #300288   t=1626.416601270892   Elapsed: 1626.37s (27m 06s)  25% completed  (25% total)
     Speed:     ev/sec=102.756   simsec/sec=0.996757   ev/simsec=103.09
     Messages:  created: 37545   present: 8   in FES: 5
** Event #300544   t=1629.185377397913   Elapsed: 1629.14s (27m 09s)  25% completed  (25% total)
     Speed:     ev/sec=92.2162   simsec/sec=0.997367   ev/simsec=92.4596
     Messages:  created: 37577   present: 8   in FES: 5
** Event #301056   t=1632.243637290132   Elapsed: 1632.22s (27m 12s)  25% completed  (25% total)
     Speed:     ev/sec=166.442   simsec/sec=0.994187   ev/simsec=167.415
     Messages:  created: 37641   present: 8   in FES: 5
** Event #301312   t=1634.795849199847   Elapsed: 1634.74s (27m 14s)  25% completed  (25% total)
     Speed:     ev/sec=101.51   simsec/sec=1.01201   ev/simsec=100.305
     Messages:  created: 37673   present: 8   in FES: 5
** Event #301824   t=1637.189763185183   Elapsed: 1637.13s (27m 17s)  25% completed  (25% total)
     Speed:     ev/sec=214.141   simsec/sec=1.00124   ev/simsec=213.876
     Messages:  created: 37738   present: 11   in FES: 7
** Event #302336   t=1640.223709031527   Elapsed: 1640.17s (27m 20s)  26% completed  (26% total)
     Speed:     ev/sec=168.757   simsec/sec=1   ev/simsec=168.757
     Messages:  created: 37802   present: 10   in FES: 7
** Event #302848   t=1642.958572834853   Elapsed: 1642.96s (27m 22s)  26% completed  (26% total)
     Speed:     ev/sec=183.163   simsec/sec=0.978369   ev/simsec=187.212
     Messages:  created: 37865   present: 8   in FES: 5
** Event #303104   t=1645.479798690233   Elapsed: 1645.42s (27m 25s)  26% completed  (26% total)
     Speed:     ev/sec=104.015   simsec/sec=1.0244   ev/simsec=101.538
     Messages:  created: 37897   present: 8   in FES: 5
** Event #303360   t=1648.211511836075   Elapsed: 1648.18s (27m 28s)  26% completed  (26% total)
     Speed:     ev/sec=92.8084   simsec/sec=0.990335   ev/simsec=93.7141
     Messages:  created: 37929   present: 8   in FES: 5
** Event #303872   t=1651.763710811776   Elapsed: 1651.74s (27m 31s)  26% completed  (26% total)
     Speed:     ev/sec=143.849   simsec/sec=0.998006   ev/simsec=144.136
     Messages:  created: 37993   present: 8   in FES: 5
** Event #304128   t=1653.896301641932   Elapsed: 1653.84s (27m 33s)  26% completed  (26% total)
     Speed:     ev/sec=121.997   simsec/sec=1.01628   ev/simsec=120.042
     Messages:  created: 38029   present: 18   in FES: 7
** Event #304384   t=1656.141290772917   Elapsed: 1656.09s (27m 36s)  26% completed  (26% total)
     Speed:     ev/sec=114.032   simsec/sec=1   ev/simsec=114.032
     Messages:  created: 38058   present: 10   in FES: 6
** Event #304896   t=1659.491465876055   Elapsed: 1659.46s (27m 39s)  26% completed  (26% total)
     Speed:     ev/sec=151.523   simsec/sec=0.991459   ev/simsec=152.828
     Messages:  created: 38121   present: 8   in FES: 5
** Event #305408   t=1661.735584484952   Elapsed: 1661.68s (27m 41s)  26% completed  (26% total)
     Speed:     ev/sec=231.124   simsec/sec=1.01303   ev/simsec=228.152
     Messages:  created: 38187   present: 12   in FES: 7
** Event #305920   t=1664.852040944914   Elapsed: 1664.8s (27m 44s)  26% completed  (26% total)
     Speed:     ev/sec=164.289   simsec/sec=1   ev/simsec=164.289
     Messages:  created: 38250   present: 11   in FES: 7
** Event #306688   t=1666.919520062587   Elapsed: 1666.87s (27m 46s)  26% completed  (26% total)
     Speed:     ev/sec=370.032   simsec/sec=0.996136   ev/simsec=371.467
     Messages:  created: 38354   present: 32   in FES: 6
** Event #307200   t=1669.399050134565   Elapsed: 1669.34s (27m 49s)  26% completed  (26% total)
     Speed:     ev/sec=207.161   simsec/sec=1.00324   ev/simsec=206.491
     Messages:  created: 38410   present: 10   in FES: 7
** Event #307712   t=1674.118539013182   Elapsed: 1674.11s (27m 54s)  26% completed  (26% total)
     Speed:     ev/sec=107.298   simsec/sec=0.989049   ev/simsec=108.486
     Messages:  created: 38473   present: 8   in FES: 5
** Event #308224   t=1677.283819773098   Elapsed: 1677.25s (27m 57s)  26% completed  (26% total)
     Speed:     ev/sec=163.258   simsec/sec=1.00929   ev/simsec=161.755
     Messages:  created: 38537   present: 8   in FES: 5
** Event #308736   t=1679.669689511832   Elapsed: 1679.63s (27m 59s)  26% completed  (26% total)
     Speed:     ev/sec=215.428   simsec/sec=1.00387   ev/simsec=214.597
     Messages:  created: 38601   present: 8   in FES: 5
t=1680.666572 executing removeServer()
scheduled complete remove at 1680.666572
** Event #309248   t=1682.441729721082   Elapsed: 1682.39s (28m 02s)  26% completed  (26% total)
     Speed:     ev/sec=185.633   simsec/sec=1.00505   ev/simsec=184.702
     Messages:  created: 38669   present: 14   in FES: 6
** Event #309760   t=1685.083552056634   Elapsed: 1685.03s (28m 05s)  26% completed  (26% total)
     Speed:     ev/sec=193.252   simsec/sec=0.997142   ev/simsec=193.806
     Messages:  created: 38738   present: 28   in FES: 5
** Event #310272   t=1688.046236977677   Elapsed: 1687.99s (28m 07s)  26% completed  (26% total)
     Speed:     ev/sec=173.259   simsec/sec=1.00256   ev/simsec=172.816
     Messages:  created: 38796   present: 11   in FES: 6
** Event #310784   t=1691.267088292528   Elapsed: 1691.21s (28m 11s)  26% completed  (26% total)
     Speed:     ev/sec=158.963   simsec/sec=0.999992   ev/simsec=158.964
     Messages:  created: 38860   present: 11   in FES: 6
** Event #311040   t=1693.748690396677   Elapsed: 1693.69s (28m 13s)  26% completed  (26% total)
     Speed:     ev/sec=103.16   simsec/sec=1.00001   ev/simsec=103.159
     Messages:  created: 38890   present: 7   in FES: 5
** Event #311296   t=1695.84203378267   Elapsed: 1695.79s (28m 15s)  26% completed  (26% total)
     Speed:     ev/sec=122.292   simsec/sec=1   ev/simsec=122.292
     Messages:  created: 38923   present: 10   in FES: 6
** Event #311552   t=1698.386352452389   Elapsed: 1698.33s (28m 18s)  26% completed  (26% total)
     Speed:     ev/sec=100.616   simsec/sec=1   ev/simsec=100.616
     Messages:  created: 38955   present: 8   in FES: 6
** Event #312064   t=1701.487027336493   Elapsed: 1701.43s (28m 21s)  27% completed  (27% total)
     Speed:     ev/sec=165.125   simsec/sec=1   ev/simsec=165.125
     Messages:  created: 39020   present: 11   in FES: 6
** Event #312576   t=1706.620300261273   Elapsed: 1706.56s (28m 26s)  27% completed  (27% total)
     Speed:     ev/sec=99.7415   simsec/sec=1   ev/simsec=99.7414
     Messages:  created: 39086   present: 16   in FES: 6
** Event #313344   t=1709.744564035576   Elapsed: 1709.71s (28m 29s)  27% completed  (27% total)
     Speed:     ev/sec=244.066   simsec/sec=0.992874   ev/simsec=245.818
     Messages:  created: 39198   present: 60   in FES: 5
** Event #313856   t=1713.450610989911   Elapsed: 1713.39s (28m 33s)  27% completed  (27% total)
     Speed:     ev/sec=138.994   simsec/sec=1.00609   ev/simsec=138.153
     Messages:  created: 39242   present: 7   in FES: 5
** Event #314368   t=1717.691595282753   Elapsed: 1717.64s (28m 37s)  27% completed  (27% total)
     Speed:     ev/sec=120.727   simsec/sec=1   ev/simsec=120.727
     Messages:  created: 39307   present: 8   in FES: 6
** Event #314624   t=1720.198273748384   Elapsed: 1720.14s (28m 40s)  27% completed  (27% total)
     Speed:     ev/sec=102.126   simsec/sec=0.999988   ev/simsec=102.127
     Messages:  created: 39338   present: 7   in FES: 5
** Event #315136   t=1723.321770645389   Elapsed: 1723.27s (28m 43s)  27% completed  (27% total)
     Speed:     ev/sec=163.92   simsec/sec=1.00001   ev/simsec=163.919
     Messages:  created: 39402   present: 7   in FES: 5
** Event #315648   t=1726.167745460522   Elapsed: 1726.11s (28m 46s)  27% completed  (27% total)
     Speed:     ev/sec=179.903   simsec/sec=0.999999   ev/simsec=179.903
     Messages:  created: 39467   present: 9   in FES: 6
** Event #315904   t=1731.110712850891   Elapsed: 1731.05s (28m 51s)  27% completed  (27% total)
     Speed:     ev/sec=51.7908   simsec/sec=1   ev/simsec=51.7908
     Messages:  created: 39499   present: 8   in FES: 6
** Event #316160   t=1733.185186030483   Elapsed: 1733.13s (28m 53s)  27% completed  (27% total)
     Speed:     ev/sec=123.405   simsec/sec=1   ev/simsec=123.405
     Messages:  created: 39533   present: 14   in FES: 6
** Event #316672   t=1736.393218458255   Elapsed: 1736.34s (28m 56s)  27% completed  (27% total)
     Speed:     ev/sec=159.599   simsec/sec=1   ev/simsec=159.599
     Messages:  created: 39597   present: 14   in FES: 6
** Event #317184   t=1739.130618270525   Elapsed: 1739.07s (28m 59s)  27% completed  (27% total)
     Speed:     ev/sec=187.039   simsec/sec=1   ev/simsec=187.039
     Messages:  created: 39658   present: 7   in FES: 5
** Event #317696   t=1742.140664207206   Elapsed: 1742.09s (29m 02s)  27% completed  (27% total)
     Speed:     ev/sec=169.592   simsec/sec=0.997032   ev/simsec=170.097
     Messages:  created: 39723   present: 11   in FES: 5
** Event #318208   t=1745.488484844936   Elapsed: 1745.45s (29m 05s)  27% completed  (27% total)
     Speed:     ev/sec=152.462   simsec/sec=0.996908   ev/simsec=152.935
     Messages:  created: 39787   present: 11   in FES: 5
** Event #318720   t=1747.905835475628   Elapsed: 1747.85s (29m 07s)  27% completed  (27% total)
     Speed:     ev/sec=213.51   simsec/sec=1.00807   ev/simsec=211.802
     Messages:  created: 39856   present: 23   in FES: 6
** Event #319232   t=1750.278134138373   Elapsed: 1750.23s (29m 10s)  27% completed  (27% total)
     Speed:     ev/sec=214.941   simsec/sec=0.995908   ev/simsec=215.824
     Messages:  created: 39930   present: 51   in FES: 5
** Event #319744   t=1754.519943479412   Elapsed: 1754.46s (29m 14s)  27% completed  (27% total)
     Speed:     ev/sec=120.981   simsec/sec=1.0023   ev/simsec=120.703
     Messages:  created: 39979   present: 10   in FES: 6
** Event #320000   t=1757.178752286969   Elapsed: 1757.14s (29m 17s)  27% completed  (27% total)
     Speed:     ev/sec=95.7948   simsec/sec=0.994922   ev/simsec=96.2837
     Messages:  created: 40011   present: 11   in FES: 5
** Event #320512   t=1761.058822243869   Elapsed: 1761s (29m 21s)  27% completed  (27% total)
     Speed:     ev/sec=132.42   simsec/sec=1.00351   ev/simsec=131.956
     Messages:  created: 40075   present: 10   in FES: 6
** Event #321024   t=1763.752188930161   Elapsed: 1763.7s (29m 23s)  27% completed  (27% total)
     Speed:     ev/sec=190.097   simsec/sec=1   ev/simsec=190.097
     Messages:  created: 40138   present: 8   in FES: 6
** Event #321536   t=1767.42713173802   Elapsed: 1767.37s (29m 27s)  28% completed  (28% total)
     Speed:     ev/sec=139.278   simsec/sec=0.999681   ev/simsec=139.322
     Messages:  created: 40203   present: 11   in FES: 5
** Event #322048   t=1770.914058517235   Elapsed: 1770.86s (29m 30s)  28% completed  (28% total)
     Speed:     ev/sec=146.883   simsec/sec=1.00034   ev/simsec=146.834
     Messages:  created: 40267   present: 10   in FES: 6
** Event #322304   t=1773.625562734721   Elapsed: 1773.57s (29m 33s)  28% completed  (28% total)
     Speed:     ev/sec=94.4125   simsec/sec=0.999999   ev/simsec=94.4125
     Messages:  created: 40298   present: 7   in FES: 5
** Event #322816   t=1777.772504367115   Elapsed: 1777.72s (29m 37s)  28% completed  (28% total)
     Speed:     ev/sec=123.462   simsec/sec=0.999976   ev/simsec=123.464
     Messages:  created: 40362   present: 7   in FES: 5
** Event #323072   t=1779.900378350034   Elapsed: 1779.84s (29m 39s)  28% completed  (28% total)
     Speed:     ev/sec=120.306   simsec/sec=0.999988   ev/simsec=120.308
     Messages:  created: 40394   present: 7   in FES: 5
** Event #323584   t=1782.373971023786   Elapsed: 1782.32s (29m 42s)  28% completed  (28% total)
     Speed:     ev/sec=206.724   simsec/sec=0.998732   ev/simsec=206.986
     Messages:  created: 40471   present: 43   in FES: 5
** Event #324096   t=1784.9936321788   Elapsed: 1784.94s (29m 44s)  28% completed  (28% total)
     Speed:     ev/sec=195.689   simsec/sec=1.00125   ev/simsec=195.445
     Messages:  created: 40536   present: 46   in FES: 6
** Event #324608   t=1787.717306921666   Elapsed: 1787.66s (29m 47s)  28% completed  (28% total)
     Speed:     ev/sec=187.981   simsec/sec=1   ev/simsec=187.981
     Messages:  created: 40588   present: 13   in FES: 6
** Event #324864   t=1790.052381171872   Elapsed: 1790s (29m 49s)  28% completed  (28% total)
     Speed:     ev/sec=109.632   simsec/sec=0.999999   ev/simsec=109.632
     Messages:  created: 40618   present: 7   in FES: 5
** Event #325376   t=1793.465614083991   Elapsed: 1793.54s (29m 53s)  28% completed  (28% total)
     Speed:     ev/sec=144.613   simsec/sec=0.96406   ev/simsec=150.004
     Messages:  created: 40686   present: 19   in FES: 5
** Event #325888   t=1796.653687909504   Elapsed: 1796.6s (29m 56s)  28% completed  (28% total)
     Speed:     ev/sec=167.275   simsec/sec=1.04157   ev/simsec=160.599
     Messages:  created: 40746   present: 9   in FES: 6
** Event #326144   t=1800.402171638832   Elapsed: 1800.35s (30m 00s)  28% completed  (28% total)
     Speed:     ev/sec=68.2943   simsec/sec=1   ev/simsec=68.2943
     Messages:  created: 40778   present: 8   in FES: 6
** Event #326400   t=1803.433138384144   Elapsed: 1803.38s (30m 03s)  28% completed  (28% total)
     Speed:     ev/sec=84.4615   simsec/sec=1   ev/simsec=84.4615
     Messages:  created: 40809   present: 8   in FES: 6
** Event #326912   t=1808.284804626684   Elapsed: 1808.23s (30m 08s)  28% completed  (28% total)
     Speed:     ev/sec=105.484   simsec/sec=0.999561   ev/simsec=105.531
     Messages:  created: 40874   present: 10   in FES: 5
** Event #327424   t=1811.221215658254   Elapsed: 1811.17s (30m 11s)  28% completed  (28% total)
     Speed:     ev/sec=174.489   simsec/sec=1.00073   ev/simsec=174.363
     Messages:  created: 40945   present: 28   in FES: 6
** Event #327936   t=1814.057356589126   Elapsed: 1814s (30m 14s)  28% completed  (28% total)
     Speed:     ev/sec=180.523   simsec/sec=0.999979   ev/simsec=180.527
     Messages:  created: 41001   present: 7   in FES: 5
** Event #328448   t=1816.973390564779   Elapsed: 1816.92s (30m 16s)  28% completed  (28% total)
     Speed:     ev/sec=175.585   simsec/sec=1.00002   ev/simsec=175.581
     Messages:  created: 41068   present: 15   in FES: 6
** Event #328960   t=1819.149928034745   Elapsed: 1819.09s (30m 19s)  28% completed  (28% total)
     Speed:     ev/sec=235.236   simsec/sec=1   ev/simsec=235.236
     Messages:  created: 41143   present: 45   in FES: 6
** Event #329472   t=1821.131065909715   Elapsed: 1821.1s (30m 21s)  28% completed  (28% total)
     Speed:     ev/sec=255.123   simsec/sec=0.987175   ev/simsec=258.437
     Messages:  created: 41221   present: 82   in FES: 5
** Event #329984   t=1824.106569065631   Elapsed: 1824.05s (30m 24s)  28% completed  (28% total)
     Speed:     ev/sec=173.573   simsec/sec=1.00873   ev/simsec=172.072
     Messages:  created: 41271   present: 45   in FES: 6
** Event #330496   t=1826.873702067988   Elapsed: 1826.82s (30m 26s)  28% completed  (28% total)
     Speed:     ev/sec=185.024   simsec/sec=0.999972   ev/simsec=185.029
     Messages:  created: 41321   present: 7   in FES: 5
** Event #330752   t=1831.166158723086   Elapsed: 1831.11s (30m 31s)  29% completed  (29% total)
     Speed:     ev/sec=59.6402   simsec/sec=1.00001   ev/simsec=59.6395
     Messages:  created: 41353   present: 7   in FES: 5
** Event #331008   t=1834.266444806788   Elapsed: 1834.21s (30m 34s)  29% completed  (29% total)
     Speed:     ev/sec=82.5738   simsec/sec=1.00001   ev/simsec=82.573
     Messages:  created: 41388   present: 14   in FES: 6
** Event #331264   t=1836.690458767063   Elapsed: 1836.63s (30m 36s)  29% completed  (29% total)
     Speed:     ev/sec=105.612   simsec/sec=1.00002   ev/simsec=105.61
     Messages:  created: 41417   present: 7   in FES: 5
** Event #331776   t=1840.750646043338   Elapsed: 1840.69s (30m 40s)  29% completed  (29% total)
     Speed:     ev/sec=126.101   simsec/sec=0.999988   ev/simsec=126.103
     Messages:  created: 41481   present: 7   in FES: 5
** Event #332288   t=1843.499184861294   Elapsed: 1843.45s (30m 43s)  29% completed  (29% total)
     Speed:     ev/sec=186.063   simsec/sec=0.998829   ev/simsec=186.281
     Messages:  created: 41546   present: 10   in FES: 5
** Event #332800   t=1846.685814717669   Elapsed: 1846.63s (30m 46s)  29% completed  (29% total)
     Speed:     ev/sec=160.835   simsec/sec=1.00102   ev/simsec=160.671
     Messages:  created: 41612   present: 14   in FES: 6
** Event #333312   t=1849.692393003649   Elapsed: 1849.64s (30m 49s)  29% completed  (29% total)
     Speed:     ev/sec=170.293   simsec/sec=0.999999   ev/simsec=170.293
     Messages:  created: 41678   present: 20   in FES: 6
** Event #333824   t=1852.699278877341   Elapsed: 1852.64s (30m 52s)  29% completed  (29% total)
     Speed:     ev/sec=170.273   simsec/sec=0.999984   ev/simsec=170.276
     Messages:  created: 41737   present: 7   in FES: 5
** Event #334336   t=1855.424911150882   Elapsed: 1855.37s (30m 55s)  29% completed  (29% total)
     Speed:     ev/sec=187.85   simsec/sec=1.00002   ev/simsec=187.846
     Messages:  created: 41806   present: 21   in FES: 6
** Event #335104   t=1858.003449932164   Elapsed: 1857.95s (30m 57s)  29% completed  (29% total)
     Speed:     ev/sec=297.843   simsec/sec=1   ev/simsec=297.843
     Messages:  created: 41926   present: 85   in FES: 6
** Event #335616   t=1860.11939995951   Elapsed: 1860.06s (31m 00s)  29% completed  (29% total)
     Speed:     ev/sec=241.972   simsec/sec=1   ev/simsec=241.972
     Messages:  created: 42008   present: 127   in FES: 7
** Event #336128   t=1862.781388769725   Elapsed: 1862.73s (31m 02s)  29% completed  (29% total)
     Speed:     ev/sec=192.337   simsec/sec=0.999999   ev/simsec=192.337
     Messages:  created: 42063   present: 110   in FES: 6
** Event #336640   t=1865.496988648692   Elapsed: 1865.44s (31m 05s)  29% completed  (29% total)
     Speed:     ev/sec=188.54   simsec/sec=1   ev/simsec=188.54
     Messages:  created: 42124   present: 101   in FES: 6
** Event #337152   t=1868.094582572437   Elapsed: 1868.04s (31m 08s)  29% completed  (29% total)
     Speed:     ev/sec=197.106   simsec/sec=1   ev/simsec=197.105
     Messages:  created: 42186   present: 96   in FES: 6
** Event #337664   t=1871.131309025729   Elapsed: 1871.08s (31m 11s)  29% completed  (29% total)
     Speed:     ev/sec=168.603   simsec/sec=1   ev/simsec=168.603
     Messages:  created: 42237   present: 63   in FES: 6
** Event #338176   t=1874.003875432428   Elapsed: 1873.95s (31m 13s)  29% completed  (29% total)
     Speed:     ev/sec=178.238   simsec/sec=0.999999   ev/simsec=178.238
     Messages:  created: 42282   present: 11   in FES: 6
** Event #338688   t=1877.016343641546   Elapsed: 1876.96s (31m 16s)  29% completed  (29% total)
     Speed:     ev/sec=169.96   simsec/sec=1   ev/simsec=169.96
     Messages:  created: 42345   present: 8   in FES: 6
** Event #338944   t=1879.094637928751   Elapsed: 1879.04s (31m 19s)  29% completed  (29% total)
     Speed:     ev/sec=123.178   simsec/sec=0.999998   ev/simsec=123.178
     Messages:  created: 42378   present: 11   in FES: 6
** Event #339456   t=1881.87355986932   Elapsed: 1881.82s (31m 21s)  29% completed  (29% total)
     Speed:     ev/sec=184.028   simsec/sec=0.998828   ev/simsec=184.244
     Messages:  created: 42441   present: 9   in FES: 5
** Event #339968   t=1883.923330524579   Elapsed: 1883.87s (31m 23s)  29% completed  (29% total)
     Speed:     ev/sec=250.183   simsec/sec=1.0016   ev/simsec=249.784
     Messages:  created: 42516   present: 39   in FES: 6
** Event #340480   t=1886.900344222196   Elapsed: 1886.84s (31m 26s)  29% completed  (29% total)
     Speed:     ev/sec=171.961   simsec/sec=0.999863   ev/simsec=171.984
     Messages:  created: 42569   present: 9   in FES: 5
** Event #340992   t=1889.84569740074   Elapsed: 1889.79s (31m 29s)  29% completed  (29% total)
     Speed:     ev/sec=173.857   simsec/sec=1.00014   ev/simsec=173.833
     Messages:  created: 42637   present: 20   in FES: 6
** Event #341504   t=1893.265445605462   Elapsed: 1893.24s (31m 33s)  30% completed  (30% total)
     Speed:     ev/sec=148.403   simsec/sec=0.991215   ev/simsec=149.719
     Messages:  created: 42697   present: 9   in FES: 5
** Event #342016   t=1896.266405030731   Elapsed: 1896.29s (31m 36s)  30% completed  (30% total)
     Speed:     ev/sec=167.755   simsec/sec=0.983255   ev/simsec=170.612
     Messages:  created: 42770   present: 33   in FES: 5
** Event #342528   t=1899.059913268593   Elapsed: 1899.01s (31m 39s)  30% completed  (30% total)
     Speed:     ev/sec=188.397   simsec/sec=1.02791   ev/simsec=183.282
     Messages:  created: 42831   present: 25   in FES: 5
** Event #343040   t=1901.841502651045   Elapsed: 1901.82s (31m 41s)  30% completed  (30% total)
     Speed:     ev/sec=182.201   simsec/sec=0.989862   ev/simsec=184.067
     Messages:  created: 42901   present: 41   in FES: 5
** Event #343552   t=1906.273514808989   Elapsed: 1906.22s (31m 46s)  30% completed  (30% total)
     Speed:     ev/sec=116.418   simsec/sec=1.00774   ev/simsec=115.523
     Messages:  created: 42954   present: 12   in FES: 6
** Event #344064   t=1908.691849173374   Elapsed: 1908.64s (31m 48s)  30% completed  (30% total)
     Speed:     ev/sec=211.716   simsec/sec=1   ev/simsec=211.716
     Messages:  created: 43030   present: 44   in FES: 6
** Event #344576   t=1910.932595408159   Elapsed: 1910.88s (31m 50s)  30% completed  (30% total)
     Speed:     ev/sec=228.495   simsec/sec=1   ev/simsec=228.495
     Messages:  created: 43091   present: 36   in FES: 6
** Event #345088   t=1913.913845955038   Elapsed: 1913.86s (31m 53s)  30% completed  (30% total)
     Speed:     ev/sec=171.74   simsec/sec=1   ev/simsec=171.74
     Messages:  created: 43145   present: 8   in FES: 6
** Event #345600   t=1917.514983366286   Elapsed: 1917.46s (31m 57s)  30% completed  (30% total)
     Speed:     ev/sec=142.177   simsec/sec=1   ev/simsec=142.177
     Messages:  created: 43211   present: 13   in FES: 6
t=1920.666544 executing addServer()
adding server with latency=60
** Event #346112   t=1920.725853048717   Elapsed: 1920.81s (32m 00s)  30% completed  (30% total)
     Speed:     ev/sec=152.785   simsec/sec=0.958147   ev/simsec=159.458
     Messages:  created: 43276   present: 16   in FES: 7
** Event #346624   t=1924.872251095857   Elapsed: 1924.82s (32m 04s)  30% completed  (30% total)
     Speed:     ev/sec=127.804   simsec/sec=1.03501   ev/simsec=123.481
     Messages:  created: 43339   present: 12   in FES: 7
** Event #346880   t=1926.997124147549   Elapsed: 1926.94s (32m 06s)  30% completed  (30% total)
     Speed:     ev/sec=120.478   simsec/sec=1   ev/simsec=120.478
     Messages:  created: 43370   present: 11   in FES: 7
** Event #347392   t=1929.039078718189   Elapsed: 1928.98s (32m 08s)  30% completed  (30% total)
     Speed:     ev/sec=250.74   simsec/sec=0.999999   ev/simsec=250.74
     Messages:  created: 43446   present: 41   in FES: 7
** Event #347904   t=1931.852963525499   Elapsed: 1931.8s (32m 11s)  30% completed  (30% total)
     Speed:     ev/sec=181.428   simsec/sec=0.997102   ev/simsec=181.955
     Messages:  created: 43505   present: 29   in FES: 6
** Event #348416   t=1934.427910611497   Elapsed: 1934.42s (32m 14s)  30% completed  (30% total)
     Speed:     ev/sec=196.154   simsec/sec=0.986497   ev/simsec=198.839
     Messages:  created: 43563   present: 13   in FES: 6
** Event #348928   t=1938.20303485461   Elapsed: 1938.15s (32m 18s)  30% completed  (30% total)
     Speed:     ev/sec=137.203   simsec/sec=1.01164   ev/simsec=135.625
     Messages:  created: 43626   present: 10   in FES: 7
** Event #349184   t=1940.561960147786   Elapsed: 1940.51s (32m 20s)  30% completed  (30% total)
     Speed:     ev/sec=108.524   simsec/sec=0.999999   ev/simsec=108.524
     Messages:  created: 43658   present: 10   in FES: 7
** Event #349696   t=1943.325214803086   Elapsed: 1943.27s (32m 23s)  30% completed  (30% total)
     Speed:     ev/sec=185.289   simsec/sec=1   ev/simsec=185.289
     Messages:  created: 43728   present: 25   in FES: 7
** Event #350208   t=1946.645106936933   Elapsed: 1946.59s (32m 26s)  30% completed  (30% total)
     Speed:     ev/sec=154.222   simsec/sec=1   ev/simsec=154.222
     Messages:  created: 43789   present: 17   in FES: 7
** Event #350720   t=1949.079008743787   Elapsed: 1949.04s (32m 29s)  30% completed  (30% total)
     Speed:     ev/sec=208.754   simsec/sec=0.992359   ev/simsec=210.362
     Messages:  created: 43854   present: 21   in FES: 6
** Event #350976   t=1951.666395194324   Elapsed: 1951.67s (32m 31s)  30% completed  (30% total)
     Speed:     ev/sec=97.4164   simsec/sec=0.984586   ev/simsec=98.9415
     Messages:  created: 43883   present: 13   in FES: 6
** Event #351488   t=1954.371167398043   Elapsed: 1954.31s (32m 34s)  31% completed  (31% total)
     Speed:     ev/sec=193.534   simsec/sec=1.02239   ev/simsec=189.295
     Messages:  created: 43946   present: 11   in FES: 7
** Event #352000   t=1958.753744916572   Elapsed: 1958.7s (32m 38s)  31% completed  (31% total)
     Speed:     ev/sec=116.826   simsec/sec=1   ev/simsec=116.826
     Messages:  created: 44010   present: 9   in FES: 6
** Event #352256   t=1961.178015505691   Elapsed: 1961.12s (32m 41s)  31% completed  (31% total)
     Speed:     ev/sec=105.599   simsec/sec=0.999998   ev/simsec=105.599
     Messages:  created: 44042   present: 11   in FES: 7
** Event #352768   t=1963.929658498687   Elapsed: 1963.87s (32m 43s)  31% completed  (31% total)
     Speed:     ev/sec=186.074   simsec/sec=1.00002   ev/simsec=186.071
     Messages:  created: 44106   present: 10   in FES: 7
** Event #353024   t=1966.046603417059   Elapsed: 1965.99s (32m 45s)  31% completed  (31% total)
     Speed:     ev/sec=120.927   simsec/sec=0.999982   ev/simsec=120.929
     Messages:  created: 44141   present: 18   in FES: 7
** Event #353536   t=1968.705050274905   Elapsed: 1968.67s (32m 48s)  31% completed  (31% total)
     Speed:     ev/sec=191.354   simsec/sec=0.993562   ev/simsec=192.594
     Messages:  created: 44212   present: 37   in FES: 6
** Event #354048   t=1971.013277470235   Elapsed: 1970.96s (32m 50s)  31% completed  (31% total)
     Speed:     ev/sec=223.483   simsec/sec=1.00752   ev/simsec=221.815
     Messages:  created: 44278   present: 43   in FES: 7
** Event #354560   t=1973.123587026516   Elapsed: 1973.07s (32m 53s)  31% completed  (31% total)
     Speed:     ev/sec=242.099   simsec/sec=0.997861   ev/simsec=242.618
     Messages:  created: 44355   present: 77   in FES: 6
** Event #355328   t=1975.714673365677   Elapsed: 1975.66s (32m 55s)  31% completed  (31% total)
     Speed:     ev/sec=296.919   simsec/sec=1.00175   ev/simsec=296.401
     Messages:  created: 44487   present: 156   in FES: 7
** Event #355840   t=1978.113416585943   Elapsed: 1978.06s (32m 58s)  31% completed  (31% total)
     Speed:     ev/sec=213.445   simsec/sec=0.999998   ev/simsec=213.445
     Messages:  created: 44556   present: 167   in FES: 8
** Event #356352   t=1980.312177229329   Elapsed: 1980.26s (33m 00s)  31% completed  (31% total)
     Speed:     ev/sec=232.859   simsec/sec=1   ev/simsec=232.858
     Messages:  created: 44613   present: 153   in FES: 7
t=1980.666544 addServer() complete
t=1980.666602 executing setDimmer(0.75)
** Event #357120   t=1983.177347335345   Elapsed: 1983.12s (33m 03s)  31% completed  (31% total)
     Speed:     ev/sec=268.021   simsec/sec=0.999902   ev/simsec=268.047
     Messages:  created: 44689   present: 114   in FES: 6
** Event #357632   t=1985.297623762007   Elapsed: 1985.33s (33m 05s)  31% completed  (31% total)
     Speed:     ev/sec=231.87   simsec/sec=0.960211   ev/simsec=241.478
     Messages:  created: 44734   present: 65   in FES: 5
** Event #358144   t=1988.553323873728   Elapsed: 1988.5s (33m 08s)  31% completed  (31% total)
     Speed:     ev/sec=161.53   simsec/sec=1.02714   ev/simsec=157.263
     Messages:  created: 44777   present: 9   in FES: 6
** Event #358656   t=1991.439011799667   Elapsed: 1991.38s (33m 11s)  31% completed  (31% total)
     Speed:     ev/sec=177.554   simsec/sec=1.00072   ev/simsec=177.427
     Messages:  created: 44841   present: 8   in FES: 5
** Event #359168   t=1994.247613373085   Elapsed: 1994.23s (33m 14s)  31% completed  (31% total)
     Speed:     ev/sec=180.083   simsec/sec=0.987852   ev/simsec=182.297
     Messages:  created: 44905   present: 9   in FES: 6
** Event #359680   t=1997.668932003921   Elapsed: 1997.61s (33m 17s)  31% completed  (31% total)
     Speed:     ev/sec=151.179   simsec/sec=1.01022   ev/simsec=149.65
     Messages:  created: 44971   present: 13   in FES: 7
** Event #360192   t=2000.053051309086   Elapsed: 2000s (33m 19s)  31% completed  (31% total)
     Speed:     ev/sec=214.754   simsec/sec=0.999999   ev/simsec=214.754
     Messages:  created: 45033   present: 8   in FES: 5
** Event #360960   t=2002.692249922382   Elapsed: 2002.64s (33m 22s)  31% completed  (31% total)
     Speed:     ev/sec=290.998   simsec/sec=1   ev/simsec=290.997
     Messages:  created: 45130   present: 12   in FES: 6
** Event #361472   t=2004.878369953717   Elapsed: 2004.82s (33m 24s)  31% completed  (31% total)
     Speed:     ev/sec=234.148   simsec/sec=0.999755   ev/simsec=234.205
     Messages:  created: 45193   present: 9   in FES: 6
** Event #361984   t=2007.554530164466   Elapsed: 2007.51s (33m 27s)  31% completed  (31% total)
     Speed:     ev/sec=190.702   simsec/sec=0.996778   ev/simsec=191.319
     Messages:  created: 45257   present: 9   in FES: 6
** Event #362752   t=2009.621576595852   Elapsed: 2009.57s (33m 29s)  31% completed  (31% total)
     Speed:     ev/sec=373.203   simsec/sec=1.00446   ev/simsec=371.545
     Messages:  created: 45358   present: 23   in FES: 7
** Event #364032   t=2012.642428190436   Elapsed: 2012.59s (33m 32s)  31% completed  (31% total)
     Speed:     ev/sec=423.715   simsec/sec=0.999983   ev/simsec=423.722
     Messages:  created: 45513   present: 8   in FES: 5
** Event #364544   t=2015.34766612314   Elapsed: 2015.29s (33m 35s)  31% completed  (31% total)
     Speed:     ev/sec=189.266   simsec/sec=1.00002   ev/simsec=189.262
     Messages:  created: 45577   present: 8   in FES: 5
** Event #365056   t=2018.194882323984   Elapsed: 2018.14s (33m 38s)  32% completed  (32% total)
     Speed:     ev/sec=179.815   simsec/sec=0.999948   ev/simsec=179.825
     Messages:  created: 45641   present: 8   in FES: 5
** Event #365568   t=2022.127857263517   Elapsed: 2022.07s (33m 42s)  32% completed  (32% total)
     Speed:     ev/sec=130.186   simsec/sec=1.00004   ev/simsec=130.181
     Messages:  created: 45705   present: 8   in FES: 5
** Event #365824   t=2024.194201586332   Elapsed: 2024.14s (33m 44s)  32% completed  (32% total)
     Speed:     ev/sec=123.888   simsec/sec=0.999985   ev/simsec=123.89
     Messages:  created: 45737   present: 8   in FES: 5
** Event #366336   t=2027.838332825341   Elapsed: 2027.78s (33m 47s)  32% completed  (32% total)
     Speed:     ev/sec=140.501   simsec/sec=1.00001   ev/simsec=140.5
     Messages:  created: 45801   present: 8   in FES: 5
** Event #366848   t=2030.572771452417   Elapsed: 2030.52s (33m 50s)  32% completed  (32% total)
     Speed:     ev/sec=187.241   simsec/sec=0.999999   ev/simsec=187.241
     Messages:  created: 45866   present: 12   in FES: 7
** Event #367360   t=2033.64367168587   Elapsed: 2033.63s (33m 53s)  32% completed  (32% total)
     Speed:     ev/sec=164.656   simsec/sec=0.987584   ev/simsec=166.726
     Messages:  created: 45929   present: 9   in FES: 6
** Event #367872   t=2036.627191352631   Elapsed: 2036.57s (33m 56s)  32% completed  (32% total)
     Speed:     ev/sec=173.859   simsec/sec=1.01311   ev/simsec=171.609
     Messages:  created: 45995   present: 15   in FES: 7
** Event #368128   t=2038.631483863018   Elapsed: 2038.58s (33m 58s)  32% completed  (32% total)
     Speed:     ev/sec=127.726   simsec/sec=0.999999   ev/simsec=127.726
     Messages:  created: 46025   present: 8   in FES: 5
t=2040.666626 executing setDimmer(1)
** Event #368640   t=2041.511652899035   Elapsed: 2041.46s (34m 01s)  32% completed  (32% total)
     Speed:     ev/sec=177.619   simsec/sec=0.999166   ev/simsec=177.767
     Messages:  created: 46089   present: 11   in FES: 6
** Event #369152   t=2043.664048218579   Elapsed: 2043.61s (34m 03s)  32% completed  (32% total)
     Speed:     ev/sec=238.141   simsec/sec=1.00112   ev/simsec=237.875
     Messages:  created: 46153   present: 10   in FES: 6
** Event #369664   t=2046.713696998904   Elapsed: 2046.66s (34m 06s)  32% completed  (32% total)
     Speed:     ev/sec=167.888   simsec/sec=1   ev/simsec=167.888
     Messages:  created: 46216   present: 8   in FES: 5
** Event #370176   t=2049.273892776237   Elapsed: 2049.22s (34m 09s)  32% completed  (32% total)
     Speed:     ev/sec=199.985   simsec/sec=1   ev/simsec=199.985
     Messages:  created: 46282   present: 14   in FES: 7
** Event #370944   t=2052.497488030071   Elapsed: 2052.44s (34m 12s)  32% completed  (32% total)
     Speed:     ev/sec=238.243   simsec/sec=0.999999   ev/simsec=238.243
     Messages:  created: 46377   present: 10   in FES: 7
** Event #371456   t=2056.812108489659   Elapsed: 2056.76s (34m 16s)  32% completed  (32% total)
     Speed:     ev/sec=118.666   simsec/sec=1   ev/simsec=118.666
     Messages:  created: 46440   present: 8   in FES: 5
** Event #371712   t=2059.030182574283   Elapsed: 2058.97s (34m 18s)  32% completed  (32% total)
     Speed:     ev/sec=115.415   simsec/sec=1   ev/simsec=115.415
     Messages:  created: 46473   present: 10   in FES: 7
** Event #372224   t=2062.579409165046   Elapsed: 2062.52s (34m 22s)  32% completed  (32% total)
     Speed:     ev/sec=144.257   simsec/sec=1   ev/simsec=144.257
     Messages:  created: 46537   present: 10   in FES: 7
** Event #372736   t=2065.634792344877   Elapsed: 2065.58s (34m 25s)  32% completed  (32% total)
     Speed:     ev/sec=167.573   simsec/sec=0.999999   ev/simsec=167.573
     Messages:  created: 46600   present: 8   in FES: 5
** Event #373248   t=2069.202175572635   Elapsed: 2069.15s (34m 29s)  32% completed  (32% total)
     Speed:     ev/sec=143.523   simsec/sec=1   ev/simsec=143.523
     Messages:  created: 46664   present: 8   in FES: 5
** Event #373760   t=2071.724275018502   Elapsed: 2071.67s (34m 31s)  32% completed  (32% total)
     Speed:     ev/sec=203.006   simsec/sec=1   ev/simsec=203.005
     Messages:  created: 46729   present: 10   in FES: 7
** Event #374528   t=2075.07445364204   Elapsed: 2075.02s (34m 35s)  32% completed  (32% total)
     Speed:     ev/sec=229.244   simsec/sec=1.00001   ev/simsec=229.242
     Messages:  created: 46824   present: 8   in FES: 5
** Event #375040   t=2078.357106218353   Elapsed: 2078.32s (34m 38s)  32% completed  (32% total)
     Speed:     ev/sec=154.935   simsec/sec=0.993353   ev/simsec=155.971
     Messages:  created: 46889   present: 11   in FES: 6
** Event #375552   t=2081.279188143024   Elapsed: 2081.22s (34m 41s)  33% completed  (33% total)
     Speed:     ev/sec=176.543   simsec/sec=1.00756   ev/simsec=175.218
     Messages:  created: 46952   present: 9   in FES: 6
** Event #376320   t=2083.785069122485   Elapsed: 2083.73s (34m 43s)  33% completed  (33% total)
     Speed:     ev/sec=306.479   simsec/sec=1   ev/simsec=306.479
     Messages:  created: 47048   present: 8   in FES: 5
** Event #376832   t=2086.196921971232   Elapsed: 2086.17s (34m 46s)  33% completed  (33% total)
     Speed:     ev/sec=209.912   simsec/sec=0.988822   ev/simsec=212.285
     Messages:  created: 47113   present: 11   in FES: 5
** Event #377344   t=2088.63386840272   Elapsed: 2088.58s (34m 48s)  33% completed  (33% total)
     Speed:     ev/sec=212.476   simsec/sec=1.01131   ev/simsec=210.099
     Messages:  created: 47176   present: 8   in FES: 5
** Event #377856   t=2090.910863145027   Elapsed: 2090.85s (34m 50s)  33% completed  (33% total)
     Speed:     ev/sec=224.858   simsec/sec=1   ev/simsec=224.858
     Messages:  created: 47240   present: 9   in FES: 6
** Event #378112   t=2093.589471462691   Elapsed: 2093.53s (34m 53s)  33% completed  (33% total)
     Speed:     ev/sec=95.572   simsec/sec=1   ev/simsec=95.572
     Messages:  created: 47272   present: 8   in FES: 5
** Event #378624   t=2096.623366703502   Elapsed: 2096.57s (34m 56s)  33% completed  (33% total)
     Speed:     ev/sec=168.76   simsec/sec=0.999999   ev/simsec=168.76
     Messages:  created: 47337   present: 10   in FES: 7
** Event #379136   t=2099.020718955198   Elapsed: 2098.97s (34m 58s)  33% completed  (33% total)
     Speed:     ev/sec=213.327   simsec/sec=0.998868   ev/simsec=213.569
     Messages:  created: 47401   present: 11   in FES: 6
t=2100.666571 executing removeServer()
scheduled complete remove at 2100.666571
** Event #379648   t=2101.205958143475   Elapsed: 2101.15s (35m 01s)  33% completed  (33% total)
     Speed:     ev/sec=234.591   simsec/sec=1.00125   ev/simsec=234.299
     Messages:  created: 47466   present: 9   in FES: 6
** Event #380160   t=2104.26170675327   Elapsed: 2104.26s (35m 04s)  33% completed  (33% total)
     Speed:     ev/sec=164.633   simsec/sec=0.982572   ev/simsec=167.553
     Messages:  created: 47532   present: 15   in FES: 5
** Event #380672   t=2106.513528352915   Elapsed: 2106.46s (35m 06s)  33% completed  (33% total)
     Speed:     ev/sec=232.287   simsec/sec=1.02162   ev/simsec=227.371
     Messages:  created: 47596   present: 15   in FES: 5
** Event #381440   t=2109.166713308466   Elapsed: 2109.11s (35m 09s)  33% completed  (33% total)
     Speed:     ev/sec=290.179   simsec/sec=1.00247   ev/simsec=289.463
     Messages:  created: 47729   present: 111   in FES: 6
** Event #381952   t=2111.48584654242   Elapsed: 2111.43s (35m 11s)  33% completed  (33% total)
     Speed:     ev/sec=220.772   simsec/sec=1   ev/simsec=220.772
     Messages:  created: 47805   present: 135   in FES: 6
** Event #382720   t=2114.736349877787   Elapsed: 2114.68s (35m 14s)  33% completed  (33% total)
     Speed:     ev/sec=236.271   simsec/sec=0.999999   ev/simsec=236.271
     Messages:  created: 47911   present: 156   in FES: 7
** Event #383232   t=2117.534967930105   Elapsed: 2117.48s (35m 17s)  33% completed  (33% total)
     Speed:     ev/sec=182.946   simsec/sec=0.999994   ev/simsec=182.947
     Messages:  created: 47959   present: 124   in FES: 7
** Event #383744   t=2120.602751076686   Elapsed: 2120.55s (35m 20s)  33% completed  (33% total)
     Speed:     ev/sec=166.897   simsec/sec=1.00001   ev/simsec=166.896
     Messages:  created: 48009   present: 91   in FES: 6
** Event #384256   t=2124.017416516857   Elapsed: 2123.96s (35m 23s)  33% completed  (33% total)
     Speed:     ev/sec=149.941   simsec/sec=0.999999   ev/simsec=149.941
     Messages:  created: 48057   present: 50   in FES: 6
** Event #384768   t=2126.948913586064   Elapsed: 2126.91s (35m 26s)  33% completed  (33% total)
     Speed:     ev/sec=173.378   simsec/sec=0.992692   ev/simsec=174.655
     Messages:  created: 48105   present: 7   in FES: 5
** Event #385024   t=2129.123617768139   Elapsed: 2129.07s (35m 29s)  33% completed  (33% total)
     Speed:     ev/sec=118.897   simsec/sec=1.01002   ev/simsec=117.717
     Messages:  created: 48138   present: 9   in FES: 6
** Event #385536   t=2131.980084026707   Elapsed: 2131.92s (35m 31s)  33% completed  (33% total)
     Speed:     ev/sec=179.243   simsec/sec=1   ev/simsec=179.242
     Messages:  created: 48204   present: 14   in FES: 6
** Event #386048   t=2134.389607751044   Elapsed: 2134.33s (35m 34s)  33% completed  (33% total)
     Speed:     ev/sec=212.49   simsec/sec=1   ev/simsec=212.49
     Messages:  created: 48279   present: 44   in FES: 6
** Event #386816   t=2136.862788763504   Elapsed: 2136.81s (35m 36s)  33% completed  (33% total)
     Speed:     ev/sec=310.531   simsec/sec=1   ev/simsec=310.531
     Messages:  created: 48393   present: 92   in FES: 6
** Event #387584   t=2139.430971545806   Elapsed: 2139.37s (35m 39s)  33% completed  (33% total)
     Speed:     ev/sec=299.044   simsec/sec=1   ev/simsec=299.044
     Messages:  created: 48529   present: 176   in FES: 7
** Event #388352   t=2142.587522820863   Elapsed: 2142.53s (35m 42s)  34% completed  (34% total)
     Speed:     ev/sec=243.303   simsec/sec=0.999999   ev/simsec=243.304
     Messages:  created: 48647   present: 220   in FES: 7
** Event #389120   t=2145.611766708549   Elapsed: 2145.56s (35m 45s)  34% completed  (34% total)
     Speed:     ev/sec=253.948   simsec/sec=1   ev/simsec=253.948
     Messages:  created: 48743   present: 220   in FES: 7
** Event #389632   t=2148.703978581893   Elapsed: 2148.65s (35m 48s)  34% completed  (34% total)
     Speed:     ev/sec=165.577   simsec/sec=1   ev/simsec=165.577
     Messages:  created: 48806   present: 217   in FES: 6
** Event #390144   t=2151.013323384783   Elapsed: 2150.96s (35m 50s)  34% completed  (34% total)
     Speed:     ev/sec=221.708   simsec/sec=0.999999   ev/simsec=221.708
     Messages:  created: 48878   present: 234   in FES: 7
** Event #390656   t=2153.73175270945   Elapsed: 2153.68s (35m 53s)  34% completed  (34% total)
     Speed:     ev/sec=188.344   simsec/sec=0.999999   ev/simsec=188.344
     Messages:  created: 48935   present: 220   in FES: 7
** Event #391168   t=2156.581049328646   Elapsed: 2156.52s (35m 56s)  34% completed  (34% total)
     Speed:     ev/sec=179.693   simsec/sec=0.999999   ev/simsec=179.693
     Messages:  created: 48989   present: 200   in FES: 7
** Event #391680   t=2159.410389692765   Elapsed: 2159.35s (35m 59s)  34% completed  (34% total)
     Speed:     ev/sec=180.961   simsec/sec=1   ev/simsec=180.961
     Messages:  created: 49046   present: 185   in FES: 6
t=2160.666565 executing addServer()
adding server with latency=60
** Event #392192   t=2161.478406997247   Elapsed: 2161.42s (36m 01s)  34% completed  (34% total)
     Speed:     ev/sec=247.579   simsec/sec=0.999997   ev/simsec=247.58
     Messages:  created: 49124   present: 214   in FES: 7
** Event #392704   t=2163.834905439081   Elapsed: 2163.78s (36m 03s)  34% completed  (34% total)
     Speed:     ev/sec=217.272   simsec/sec=1   ev/simsec=217.272
     Messages:  created: 49192   present: 222   in FES: 7
** Event #393216   t=2165.896785453709   Elapsed: 2165.84s (36m 05s)  34% completed  (34% total)
     Speed:     ev/sec=248.317   simsec/sec=1   ev/simsec=248.317
     Messages:  created: 49267   present: 243   in FES: 7
** Event #393728   t=2168.505669409472   Elapsed: 2168.45s (36m 08s)  34% completed  (34% total)
     Speed:     ev/sec=196.253   simsec/sec=1   ev/simsec=196.253
     Messages:  created: 49340   present: 261   in FES: 7
** Event #394240   t=2171.158033782409   Elapsed: 2171.1s (36m 11s)  34% completed  (34% total)
     Speed:     ev/sec=193.035   simsec/sec=0.999999   ev/simsec=193.035
     Messages:  created: 49390   present: 233   in FES: 7
** Event #394752   t=2173.510932717215   Elapsed: 2173.45s (36m 13s)  34% completed  (34% total)
     Speed:     ev/sec=217.604   simsec/sec=1   ev/simsec=217.604
     Messages:  created: 49467   present: 259   in FES: 7
** Event #395264   t=2176.325386953454   Elapsed: 2176.27s (36m 16s)  34% completed  (34% total)
     Speed:     ev/sec=181.917   simsec/sec=0.999992   ev/simsec=181.918
     Messages:  created: 49523   present: 244   in FES: 7
** Event #395776   t=2178.781571756082   Elapsed: 2178.73s (36m 18s)  34% completed  (34% total)
     Speed:     ev/sec=208.455   simsec/sec=1.00001   ev/simsec=208.453
     Messages:  created: 49574   present: 218   in FES: 7
** Event #396288   t=2181.201976752961   Elapsed: 2181.15s (36m 21s)  34% completed  (34% total)
     Speed:     ev/sec=211.535   simsec/sec=1   ev/simsec=211.535
     Messages:  created: 49645   present: 231   in FES: 7
** Event #396800   t=2183.295518354245   Elapsed: 2183.24s (36m 23s)  34% completed  (34% total)
     Speed:     ev/sec=244.562   simsec/sec=1   ev/simsec=244.562
     Messages:  created: 49718   present: 249   in FES: 7
** Event #397312   t=2185.778422175594   Elapsed: 2185.72s (36m 25s)  34% completed  (34% total)
     Speed:     ev/sec=206.21   simsec/sec=1   ev/simsec=206.21
     Messages:  created: 49785   present: 255   in FES: 7
** Event #397824   t=2188.850490007608   Elapsed: 2188.79s (36m 28s)  34% completed  (34% total)
     Speed:     ev/sec=166.657   simsec/sec=0.999964   ev/simsec=166.663
     Messages:  created: 49843   present: 244   in FES: 7
** Event #398336   t=2191.466920299061   Elapsed: 2191.41s (36m 31s)  34% completed  (34% total)
     Speed:     ev/sec=195.694   simsec/sec=1.00004   ev/simsec=195.686
     Messages:  created: 49892   present: 214   in FES: 7
** Event #398848   t=2195.09022650806   Elapsed: 2195.03s (36m 35s)  34% completed  (34% total)
     Speed:     ev/sec=141.307   simsec/sec=1   ev/simsec=141.307
     Messages:  created: 49945   present: 192   in FES: 7
** Event #399616   t=2197.718899562897   Elapsed: 2197.66s (36m 37s)  34% completed  (34% total)
     Speed:     ev/sec=292.163   simsec/sec=1   ev/simsec=292.163
     Messages:  created: 50054   present: 217   in FES: 7
** Event #400128   t=2200.815638862775   Elapsed: 2200.76s (36m 40s)  34% completed  (34% total)
     Speed:     ev/sec=165.335   simsec/sec=0.999999   ev/simsec=165.335
     Messages:  created: 50102   present: 186   in FES: 7
** Event #400640   t=2203.749328610708   Elapsed: 2203.69s (36m 43s)  34% completed  (34% total)
     Speed:     ev/sec=174.524   simsec/sec=0.999998   ev/simsec=174.524
     Messages:  created: 50167   present: 188   in FES: 7
** Event #401152   t=2206.778288767054   Elapsed: 2206.72s (36m 46s)  35% completed  (35% total)
     Speed:     ev/sec=169.035   simsec/sec=1   ev/simsec=169.035
     Messages:  created: 50214   present: 153   in FES: 7
** Event #401664   t=2209.692653358327   Elapsed: 2209.64s (36m 49s)  35% completed  (35% total)
     Speed:     ev/sec=175.681   simsec/sec=1   ev/simsec=175.682
     Messages:  created: 50272   present: 141   in FES: 7
** Event #402176   t=2211.697958452467   Elapsed: 2211.64s (36m 51s)  35% completed  (35% total)
     Speed:     ev/sec=255.323   simsec/sec=1   ev/simsec=255.323
     Messages:  created: 50339   present: 147   in FES: 7
** Event #402688   t=2214.026622724554   Elapsed: 2213.97s (36m 53s)  35% completed  (35% total)
     Speed:     ev/sec=219.868   simsec/sec=1   ev/simsec=219.869
     Messages:  created: 50400   present: 141   in FES: 7
** Event #403200   t=2216.780121833347   Elapsed: 2216.72s (36m 56s)  35% completed  (35% total)
     Speed:     ev/sec=185.945   simsec/sec=1   ev/simsec=185.945
     Messages:  created: 50456   present: 126   in FES: 7
** Event #403712   t=2218.951170777545   Elapsed: 2218.89s (36m 58s)  35% completed  (35% total)
     Speed:     ev/sec=235.831   simsec/sec=1   ev/simsec=235.831
     Messages:  created: 50516   present: 117   in FES: 7
t=2220.666565 addServer() complete
t=2220.666573 executing setDimmer(0.75)
** Event #404224   t=2221.353114819473   Elapsed: 2221.3s (37m 01s)  35% completed  (35% total)
     Speed:     ev/sec=213.161   simsec/sec=1   ev/simsec=213.161
     Messages:  created: 50576   present: 110   in FES: 6
** Event #404736   t=2223.514942971259   Elapsed: 2223.48s (37m 03s)  35% completed  (35% total)
     Speed:     ev/sec=234.568   simsec/sec=0.990423   ev/simsec=236.837
     Messages:  created: 50619   present: 55   in FES: 5
** Event #405248   t=2225.538842211631   Elapsed: 2225.49s (37m 05s)  35% completed  (35% total)
     Speed:     ev/sec=254.246   simsec/sec=1.00502   ev/simsec=252.977
     Messages:  created: 50665   present: 7   in FES: 4
** Event #405760   t=2228.340133499533   Elapsed: 2228.31s (37m 08s)  35% completed  (35% total)
     Speed:     ev/sec=181.63   simsec/sec=0.993748   ev/simsec=182.773
     Messages:  created: 50729   present: 7   in FES: 4
** Event #406272   t=2231.01361968335   Elapsed: 2230.96s (37m 10s)  35% completed  (35% total)
     Speed:     ev/sec=193.568   simsec/sec=1.01074   ev/simsec=191.51
     Messages:  created: 50794   present: 10   in FES: 6
** Event #406784   t=2233.314207476705   Elapsed: 2233.26s (37m 13s)  35% completed  (35% total)
     Speed:     ev/sec=222.552   simsec/sec=0.999999   ev/simsec=222.552
     Messages:  created: 50858   present: 9   in FES: 6
** Event #407296   t=2236.141482208938   Elapsed: 2236.09s (37m 16s)  35% completed  (35% total)
     Speed:     ev/sec=181.093   simsec/sec=1   ev/simsec=181.093
     Messages:  created: 50922   present: 10   in FES: 7
** Event #407808   t=2239.176198153791   Elapsed: 2239.23s (37m 19s)  35% completed  (35% total)
     Speed:     ev/sec=162.984   simsec/sec=0.966038   ev/simsec=168.714
     Messages:  created: 50985   present: 7   in FES: 4
** Event #408320   t=2241.294853205386   Elapsed: 2241.34s (37m 21s)  35% completed  (35% total)
     Speed:     ev/sec=242.235   simsec/sec=1.00237   ev/simsec=241.663
     Messages:  created: 51049   present: 7   in FES: 4
** Event #409088   t=2243.43282633119   Elapsed: 2243.38s (37m 23s)  35% completed  (35% total)
     Speed:     ev/sec=376.426   simsec/sec=1.0479   ev/simsec=359.219
     Messages:  created: 51148   present: 15   in FES: 6
** Event #410112   t=2246.304694558238   Elapsed: 2246.25s (37m 26s)  35% completed  (35% total)
     Speed:     ev/sec=357.053   simsec/sec=1.00138   ev/simsec=356.562
     Messages:  created: 51275   present: 12   in FES: 7
** Event #410880   t=2248.559389122096   Elapsed: 2248.5s (37m 28s)  35% completed  (35% total)
     Speed:     ev/sec=340.622   simsec/sec=0.999999   ev/simsec=340.623
     Messages:  created: 51370   present: 9   in FES: 6
** Event #411648   t=2251.620813167837   Elapsed: 2251.56s (37m 31s)  35% completed  (35% total)
     Speed:     ev/sec=250.864   simsec/sec=1   ev/simsec=250.864
     Messages:  created: 51467   present: 11   in FES: 7
** Event #412160   t=2253.741692889838   Elapsed: 2253.69s (37m 33s)  35% completed  (35% total)
     Speed:     ev/sec=241.409   simsec/sec=1   ev/simsec=241.409
     Messages:  created: 51532   present: 14   in FES: 7
** Event #412928   t=2255.917381261694   Elapsed: 2255.89s (37m 35s)  35% completed  (35% total)
     Speed:     ev/sec=348.166   simsec/sec=0.986329   ev/simsec=352.992
     Messages:  created: 51625   present: 7   in FES: 4
** Event #413696   t=2258.805636803737   Elapsed: 2258.81s (37m 38s)  35% completed  (35% total)
     Speed:     ev/sec=263.244   simsec/sec=0.989995   ev/simsec=265.904
     Messages:  created: 51721   present: 7   in FES: 4
** Event #414720   t=2261.519664610232   Elapsed: 2261.47s (37m 41s)  35% completed  (35% total)
     Speed:     ev/sec=384.177   simsec/sec=1.01823   ev/simsec=377.299
     Messages:  created: 51849   present: 7   in FES: 4
** Event #415744   t=2264.347219324359   Elapsed: 2264.29s (37m 44s)  35% completed  (35% total)
     Speed:     ev/sec=363.533   simsec/sec=1.00382   ev/simsec=362.15
     Messages:  created: 51978   present: 9   in FES: 6
** Event #416512   t=2266.464281954957   Elapsed: 2266.42s (37m 46s)  35% completed  (35% total)
     Speed:     ev/sec=360.649   simsec/sec=0.994161   ev/simsec=362.767
     Messages:  created: 52073   present: 7   in FES: 4
** Event #417280   t=2269.587466590287   Elapsed: 2269.53s (37m 49s)  36% completed  (36% total)
     Speed:     ev/sec=246.889   simsec/sec=1.00401   ev/simsec=245.903
     Messages:  created: 52170   present: 9   in FES: 6
** Event #417792   t=2271.771255938832   Elapsed: 2271.73s (37m 51s)  36% completed  (36% total)
     Speed:     ev/sec=232.833   simsec/sec=0.993082   ev/simsec=234.455
     Messages:  created: 52233   present: 7   in FES: 4
** Event #418304   t=2273.836724408398   Elapsed: 2273.78s (37m 53s)  36% completed  (36% total)
     Speed:     ev/sec=249.719   simsec/sec=1.0074   ev/simsec=247.886
     Messages:  created: 52302   present: 19   in FES: 7
** Event #419328   t=2277.372857981248   Elapsed: 2277.32s (37m 57s)  36% completed  (36% total)
     Speed:     ev/sec=289.582   simsec/sec=1   ev/simsec=289.582
     Messages:  created: 52426   present: 9   in FES: 6
** Event #419840   t=2280.821370135458   Elapsed: 2280.77s (38m 00s)  36% completed  (36% total)
     Speed:     ev/sec=148.466   simsec/sec=0.999977   ev/simsec=148.47
     Messages:  created: 52489   present: 8   in FES: 5
** Event #420352   t=2283.52064638093   Elapsed: 2283.46s (38m 03s)  36% completed  (36% total)
     Speed:     ev/sec=189.686   simsec/sec=1.00003   ev/simsec=189.68
     Messages:  created: 52553   present: 8   in FES: 5
** Event #420864   t=2285.906656925489   Elapsed: 2285.85s (38m 05s)  36% completed  (36% total)
     Speed:     ev/sec=214.585   simsec/sec=1   ev/simsec=214.584
     Messages:  created: 52617   present: 8   in FES: 5
** Event #421376   t=2288.944565046284   Elapsed: 2288.89s (38m 08s)  36% completed  (36% total)
     Speed:     ev/sec=168.537   simsec/sec=1   ev/simsec=168.537
     Messages:  created: 52681   present: 9   in FES: 6
** Event #421888   t=2291.431976350154   Elapsed: 2291.38s (38m 11s)  36% completed  (36% total)
     Speed:     ev/sec=205.837   simsec/sec=1   ev/simsec=205.836
     Messages:  created: 52746   present: 12   in FES: 7
** Event #422656   t=2294.088476604987   Elapsed: 2294.03s (38m 14s)  36% completed  (36% total)
     Speed:     ev/sec=289.102   simsec/sec=1   ev/simsec=289.102
     Messages:  created: 52842   present: 10   in FES: 6
** Event #423168   t=2296.183191848201   Elapsed: 2296.14s (38m 16s)  36% completed  (36% total)
     Speed:     ev/sec=243.239   simsec/sec=0.99515   ev/simsec=244.425
     Messages:  created: 52907   present: 14   in FES: 6
** Event #423680   t=2298.701982870315   Elapsed: 2298.65s (38m 18s)  36% completed  (36% total)
     Speed:     ev/sec=204.099   simsec/sec=1.00407   ev/simsec=203.272
     Messages:  created: 52969   present: 8   in FES: 5
** Event #424448   t=2301.527141304731   Elapsed: 2301.47s (38m 21s)  36% completed  (36% total)
     Speed:     ev/sec=271.843   simsec/sec=1   ev/simsec=271.843
     Messages:  created: 53066   present: 10   in FES: 7
** Event #424960   t=2304.226728893016   Elapsed: 2304.17s (38m 24s)  36% completed  (36% total)
     Speed:     ev/sec=189.659   simsec/sec=1   ev/simsec=189.659
     Messages:  created: 53130   present: 10   in FES: 7
** Event #425472   t=2307.67863921086   Elapsed: 2307.62s (38m 27s)  36% completed  (36% total)
     Speed:     ev/sec=148.324   simsec/sec=1   ev/simsec=148.324
     Messages:  created: 53193   present: 8   in FES: 5
** Event #426240   t=2310.7973940875   Elapsed: 2310.74s (38m 30s)  36% completed  (36% total)
     Speed:     ev/sec=246.252   simsec/sec=1   ev/simsec=246.252
     Messages:  created: 53289   present: 9   in FES: 6
** Event #426752   t=2313.193410807017   Elapsed: 2313.14s (38m 33s)  36% completed  (36% total)
     Speed:     ev/sec=213.688   simsec/sec=1   ev/simsec=213.688
     Messages:  created: 53353   present: 8   in FES: 5
** Event #427264   t=2315.337027233498   Elapsed: 2315.28s (38m 35s)  36% completed  (36% total)
     Speed:     ev/sec=238.849   simsec/sec=1   ev/simsec=238.849
     Messages:  created: 53418   present: 12   in FES: 7
** Event #427776   t=2317.561096623208   Elapsed: 2317.5s (38m 37s)  36% completed  (36% total)
     Speed:     ev/sec=230.208   simsec/sec=0.999999   ev/simsec=230.209
     Messages:  created: 53483   present: 13   in FES: 6
** Event #428288   t=2319.765874193167   Elapsed: 2319.71s (38m 39s)  36% completed  (36% total)
     Speed:     ev/sec=232.223   simsec/sec=1   ev/simsec=232.223
     Messages:  created: 53546   present: 10   in FES: 6
** Event #428800   t=2322.351351841673   Elapsed: 2322.3s (38m 42s)  36% completed  (36% total)
     Speed:     ev/sec=198.029   simsec/sec=0.999999   ev/simsec=198.029
     Messages:  created: 53609   present: 8   in FES: 5
** Event #429312   t=2324.531488392134   Elapsed: 2324.48s (38m 44s)  36% completed  (36% total)
     Speed:     ev/sec=234.848   simsec/sec=1   ev/simsec=234.848
     Messages:  created: 53673   present: 9   in FES: 6
** Event #429824   t=2326.76820652675   Elapsed: 2326.71s (38m 46s)  36% completed  (36% total)
     Speed:     ev/sec=228.907   simsec/sec=1   ev/simsec=228.907
     Messages:  created: 53738   present: 11   in FES: 7
** Event #430848   t=2328.962949736387   Elapsed: 2328.91s (38m 48s)  36% completed  (36% total)
     Speed:     ev/sec=466.569   simsec/sec=1   ev/simsec=466.569
     Messages:  created: 53869   present: 19   in FES: 7
** Event #431616   t=2331.505784498875   Elapsed: 2331.45s (38m 51s)  37% completed  (37% total)
     Speed:     ev/sec=302.025   simsec/sec=1   ev/simsec=302.025
     Messages:  created: 53961   present: 9   in FES: 6
** Event #432128   t=2333.901990910555   Elapsed: 2333.85s (38m 53s)  37% completed  (37% total)
     Speed:     ev/sec=213.671   simsec/sec=1   ev/simsec=213.671
     Messages:  created: 54025   present: 9   in FES: 6
** Event #432640   t=2336.713096587241   Elapsed: 2336.66s (38m 56s)  37% completed  (37% total)
     Speed:     ev/sec=182.134   simsec/sec=0.999998   ev/simsec=182.135
     Messages:  created: 54089   present: 8   in FES: 5
** Event #433152   t=2339.224053780947   Elapsed: 2339.17s (38m 59s)  37% completed  (37% total)
     Speed:     ev/sec=203.907   simsec/sec=1   ev/simsec=203.906
     Messages:  created: 54153   present: 9   in FES: 6
t=2340.666569 executing setDimmer(1)
** Event #433664   t=2341.324990785583   Elapsed: 2341.27s (39m 01s)  37% completed  (37% total)
     Speed:     ev/sec=243.292   simsec/sec=0.998322   ev/simsec=243.701
     Messages:  created: 54216   present: 8   in FES: 5
** Event #434432   t=2343.736830440443   Elapsed: 2343.68s (39m 03s)  37% completed  (37% total)
     Speed:     ev/sec=318.896   simsec/sec=1.00147   ev/simsec=318.429
     Messages:  created: 54319   present: 26   in FES: 7
** Event #435200   t=2346.082458697664   Elapsed: 2346.04s (39m 06s)  37% completed  (37% total)
     Speed:     ev/sec=325.89   simsec/sec=0.995335   ev/simsec=327.418
     Messages:  created: 54408   present: 8   in FES: 5
** Event #435968   t=2348.929698028616   Elapsed: 2348.87s (39m 08s)  37% completed  (37% total)
     Speed:     ev/sec=270.78   simsec/sec=1.00388   ev/simsec=269.735
     Messages:  created: 54505   present: 10   in FES: 6
** Event #436736   t=2351.328033204191   Elapsed: 2351.28s (39m 11s)  37% completed  (37% total)
     Speed:     ev/sec=319.332   simsec/sec=0.997219   ev/simsec=320.222
     Messages:  created: 54606   present: 24   in FES: 6
** Event #437760   t=2353.844492293154   Elapsed: 2353.79s (39m 13s)  37% completed  (37% total)
     Speed:     ev/sec=408.005   simsec/sec=1.00266   ev/simsec=406.921
     Messages:  created: 54739   present: 36   in FES: 7
** Event #438528   t=2356.550159717793   Elapsed: 2356.52s (39m 16s)  37% completed  (37% total)
     Speed:     ev/sec=280.711   simsec/sec=0.988946   ev/simsec=283.849
     Messages:  created: 54824   present: 8   in FES: 5
** Event #439040   t=2359.751254816968   Elapsed: 2359.7s (39m 19s)  37% completed  (37% total)
     Speed:     ev/sec=161.471   simsec/sec=1.00954   ev/simsec=159.945
     Messages:  created: 54889   present: 10   in FES: 7
** Event #439552   t=2363.247340697092   Elapsed: 2363.19s (39m 23s)  37% completed  (37% total)
     Speed:     ev/sec=146.45   simsec/sec=1   ev/simsec=146.449
     Messages:  created: 54954   present: 13   in FES: 7
** Event #440064   t=2366.022882328124   Elapsed: 2365.98s (39m 25s)  37% completed  (37% total)
     Speed:     ev/sec=183.482   simsec/sec=0.994654   ev/simsec=184.468
     Messages:  created: 55019   present: 16   in FES: 6
** Event #440832   t=2368.502838823586   Elapsed: 2368.45s (39m 28s)  37% completed  (37% total)
     Speed:     ev/sec=311.557   simsec/sec=1.00605   ev/simsec=309.683
     Messages:  created: 55114   present: 12   in FES: 7
** Event #441600   t=2371.279106135973   Elapsed: 2371.29s (39m 31s)  37% completed  (37% total)
     Speed:     ev/sec=270.417   simsec/sec=0.977538   ev/simsec=276.63
     Messages:  created: 55208   present: 8   in FES: 5
** Event #442368   t=2374.346387208059   Elapsed: 2374.3s (39m 34s)  37% completed  (37% total)
     Speed:     ev/sec=254.545   simsec/sec=1.01662   ev/simsec=250.385
     Messages:  created: 55304   present: 8   in FES: 5
** Event #443136   t=2377.026472490577   Elapsed: 2376.97s (39m 36s)  37% completed  (37% total)
     Speed:     ev/sec=288.025   simsec/sec=1.00512   ev/simsec=286.558
     Messages:  created: 55401   present: 11   in FES: 7
** Event #443904   t=2380.110978637422   Elapsed: 2380.05s (39m 40s)  37% completed  (37% total)
     Speed:     ev/sec=248.986   simsec/sec=1   ev/simsec=248.986
     Messages:  created: 55499   present: 15   in FES: 6
** Event #444416   t=2382.399976005236   Elapsed: 2382.37s (39m 42s)  37% completed  (37% total)
     Speed:     ev/sec=221.349   simsec/sec=0.989584   ev/simsec=223.679
     Messages:  created: 55560   present: 8   in FES: 5
** Event #445440   t=2385.166553415579   Elapsed: 2385.11s (39m 45s)  37% completed  (37% total)
     Speed:     ev/sec=373.383   simsec/sec=1.00878   ev/simsec=370.132
     Messages:  created: 55689   present: 10   in FES: 6
** Event #446208   t=2387.598455428291   Elapsed: 2387.54s (39m 47s)  37% completed  (37% total)
     Speed:     ev/sec=315.803   simsec/sec=1   ev/simsec=315.802
     Messages:  created: 55787   present: 15   in FES: 7
** Event #446976   t=2390.077011570252   Elapsed: 2390.02s (39m 50s)  37% completed  (37% total)
     Speed:     ev/sec=309.858   simsec/sec=1   ev/simsec=309.858
     Messages:  created: 55887   present: 27   in FES: 7
** Event #447744   t=2392.448964450536   Elapsed: 2392.39s (39m 52s)  37% completed  (37% total)
     Speed:     ev/sec=323.674   simsec/sec=0.999659   ev/simsec=323.784
     Messages:  created: 55976   present: 8   in FES: 5
** Event #448256   t=2394.475297034559   Elapsed: 2394.42s (39m 54s)  38% completed  (38% total)
     Speed:     ev/sec=252.328   simsec/sec=0.998636   ev/simsec=252.673
     Messages:  created: 56040   present: 8   in FES: 5
** Event #449024   t=2396.480906203324   Elapsed: 2396.42s (39m 56s)  38% completed  (38% total)
     Speed:     ev/sec=383.609   simsec/sec=1.00178   ev/simsec=382.926
     Messages:  created: 56148   present: 39   in FES: 7
** Event #450048   t=2399.055525272571   Elapsed: 2399s (39m 58s)  38% completed  (38% total)
     Speed:     ev/sec=397.729   simsec/sec=1   ev/simsec=397.729
     Messages:  created: 56271   present: 27   in FES: 7
** Event #450816   t=2401.623022943947   Elapsed: 2401.61s (40m 01s)  38% completed  (38% total)
     Speed:     ev/sec=294.44   simsec/sec=0.98434   ev/simsec=299.124
     Messages:  created: 56359   present: 7   in FES: 4
** Event #451584   t=2404.403529243381   Elapsed: 2404.35s (40m 04s)  38% completed  (38% total)
     Speed:     ev/sec=280.327   simsec/sec=1.01491   ev/simsec=276.209
     Messages:  created: 56456   present: 10   in FES: 7
** Event #452352   t=2407.519776571958   Elapsed: 2407.46s (40m 07s)  38% completed  (38% total)
     Speed:     ev/sec=246.45   simsec/sec=1   ev/simsec=246.45
     Messages:  created: 56552   present: 9   in FES: 6
** Event #452864   t=2410.155875343854   Elapsed: 2410.11s (40m 10s)  38% completed  (38% total)
     Speed:     ev/sec=193.126   simsec/sec=0.994336   ev/simsec=194.226
     Messages:  created: 56615   present: 7   in FES: 4
** Event #453120   t=2412.142101240279   Elapsed: 2412.12s (40m 12s)  38% completed  (38% total)
     Speed:     ev/sec=127.446   simsec/sec=0.988817   ev/simsec=128.888
     Messages:  created: 56647   present: 7   in FES: 4
** Event #453632   t=2414.728004850016   Elapsed: 2414.67s (40m 14s)  38% completed  (38% total)
     Speed:     ev/sec=200.777   simsec/sec=1.01404   ev/simsec=197.997
     Messages:  created: 56714   present: 15   in FES: 6
** Event #454144   t=2416.958304179496   Elapsed: 2416.9s (40m 16s)  38% completed  (38% total)
     Speed:     ev/sec=229.738   simsec/sec=1.00075   ev/simsec=229.566
     Messages:  created: 56776   present: 10   in FES: 7
** Event #454656   t=2419.793372610453   Elapsed: 2419.74s (40m 19s)  38% completed  (38% total)
     Speed:     ev/sec=180.595   simsec/sec=1   ev/simsec=180.595
     Messages:  created: 56840   present: 9   in FES: 6
** Event #455424   t=2421.996384083372   Elapsed: 2421.95s (40m 21s)  38% completed  (38% total)
     Speed:     ev/sec=346.863   simsec/sec=0.994979   ev/simsec=348.614
     Messages:  created: 56941   present: 23   in FES: 6
** Event #456192   t=2424.683699752579   Elapsed: 2424.63s (40m 24s)  38% completed  (38% total)
     Speed:     ev/sec=286.974   simsec/sec=1.00415   ev/simsec=285.787
     Messages:  created: 57032   present: 9   in FES: 6
** Event #456704   t=2426.90178504165   Elapsed: 2426.85s (40m 26s)  38% completed  (38% total)
     Speed:     ev/sec=230.83   simsec/sec=1   ev/simsec=230.83
     Messages:  created: 57097   present: 12   in FES: 7
** Event #457472   t=2429.111952394407   Elapsed: 2429.06s (40m 29s)  38% completed  (38% total)
     Speed:     ev/sec=347.485   simsec/sec=1   ev/simsec=347.485
     Messages:  created: 57192   present: 10   in FES: 6
** Event #458240   t=2431.66844119986   Elapsed: 2431.61s (40m 31s)  38% completed  (38% total)
     Speed:     ev/sec=300.415   simsec/sec=1.00001   ev/simsec=300.412
     Messages:  created: 57289   present: 11   in FES: 7
** Event #459008   t=2434.165709635215   Elapsed: 2434.11s (40m 34s)  38% completed  (38% total)
     Speed:     ev/sec=307.533   simsec/sec=0.999991   ev/simsec=307.536
     Messages:  created: 57386   present: 14   in FES: 7
** Event #459520   t=2436.323328999957   Elapsed: 2436.27s (40m 36s)  38% completed  (38% total)
     Speed:     ev/sec=237.299   simsec/sec=1   ev/simsec=237.299
     Messages:  created: 57450   present: 14   in FES: 6
** Event #460288   t=2439.208575401573   Elapsed: 2439.15s (40m 39s)  38% completed  (38% total)
     Speed:     ev/sec=266.182   simsec/sec=1   ev/simsec=266.182
     Messages:  created: 57545   present: 13   in FES: 7
** Event #461056   t=2441.981471744791   Elapsed: 2441.93s (40m 41s)  38% completed  (38% total)
     Speed:     ev/sec=276.967   simsec/sec=0.999999   ev/simsec=276.967
     Messages:  created: 57641   present: 12   in FES: 7
** Event #461568   t=2445.696976580785   Elapsed: 2445.64s (40m 45s)  38% completed  (38% total)
     Speed:     ev/sec=137.801   simsec/sec=0.999999   ev/simsec=137.801
     Messages:  created: 57704   present: 9   in FES: 6
** Event #462080   t=2447.887344814568   Elapsed: 2447.83s (40m 47s)  38% completed  (38% total)
     Speed:     ev/sec=233.751   simsec/sec=1   ev/simsec=233.751
     Messages:  created: 57768   present: 9   in FES: 6
** Event #462592   t=2450.578515490079   Elapsed: 2450.52s (40m 50s)  38% completed  (38% total)
     Speed:     ev/sec=190.252   simsec/sec=1   ev/simsec=190.252
     Messages:  created: 57832   present: 9   in FES: 6
** Event #463360   t=2453.203456300728   Elapsed: 2453.16s (40m 53s)  38% completed  (38% total)
     Speed:     ev/sec=291.001   simsec/sec=0.994608   ev/simsec=292.578
     Messages:  created: 57927   present: 7   in FES: 4
** Event #463872   t=2455.586663851686   Elapsed: 2455.53s (40m 55s)  38% completed  (38% total)
     Speed:     ev/sec=216.127   simsec/sec=1.00601   ev/simsec=214.837
     Messages:  created: 57993   present: 12   in FES: 6
** Event #464640   t=2457.64863080365   Elapsed: 2457.6s (40m 57s)  39% completed  (39% total)
     Speed:     ev/sec=370.314   simsec/sec=0.99424   ev/simsec=372.46
     Messages:  created: 58090   present: 15   in FES: 6
** Event #465152   t=2459.668893212512   Elapsed: 2459.65s (40m 59s)  39% completed  (39% total)
     Speed:     ev/sec=250.632   simsec/sec=0.988948   ev/simsec=253.432
     Messages:  created: 58151   present: 7   in FES: 4
** Event #465920   t=2462.085985606919   Elapsed: 2462.03s (41m 02s)  39% completed  (39% total)
     Speed:     ev/sec=322.341   simsec/sec=1.01449   ev/simsec=317.737
     Messages:  created: 58251   present: 18   in FES: 7
** Event #466688   t=2464.106259765427   Elapsed: 2464.05s (41m 04s)  39% completed  (39% total)
     Speed:     ev/sec=380.147   simsec/sec=1   ev/simsec=380.146
     Messages:  created: 58346   present: 17   in FES: 7
** Event #467456   t=2466.470150967196   Elapsed: 2466.43s (41m 06s)  39% completed  (39% total)
     Speed:     ev/sec=323.297   simsec/sec=0.995103   ev/simsec=324.888
     Messages:  created: 58441   present: 14   in FES: 6
** Event #467968   t=2468.516744594989   Elapsed: 2468.46s (41m 08s)  39% completed  (39% total)
     Speed:     ev/sec=251.602   simsec/sec=1.00571   ev/simsec=250.172
     Messages:  created: 58503   present: 8   in FES: 5
** Event #468736   t=2471.062864959182   Elapsed: 2471.02s (41m 11s)  39% completed  (39% total)
     Speed:     ev/sec=300.282   simsec/sec=0.995512   ev/simsec=301.635
     Messages:  created: 58601   present: 14   in FES: 6
** Event #469504   t=2473.218234906666   Elapsed: 2473.16s (41m 13s)  39% completed  (39% total)
     Speed:     ev/sec=358.228   simsec/sec=1.00536   ev/simsec=356.319
     Messages:  created: 58696   present: 11   in FES: 7
** Event #470016   t=2475.573214782847   Elapsed: 2475.52s (41m 15s)  39% completed  (39% total)
     Speed:     ev/sec=217.402   simsec/sec=0.999958   ev/simsec=217.412
     Messages:  created: 58759   present: 8   in FES: 5
** Event #470528   t=2478.777828203467   Elapsed: 2478.72s (41m 18s)  39% completed  (39% total)
     Speed:     ev/sec=159.775   simsec/sec=1.00003   ev/simsec=159.77
     Messages:  created: 58823   present: 9   in FES: 6
** Event #471040   t=2481.12336977081   Elapsed: 2481.07s (41m 21s)  39% completed  (39% total)
     Speed:     ev/sec=218.287   simsec/sec=1   ev/simsec=218.286
     Messages:  created: 58888   present: 10   in FES: 6
** Event #471552   t=2483.280768506172   Elapsed: 2483.22s (41m 23s)  39% completed  (39% total)
     Speed:     ev/sec=237.323   simsec/sec=1   ev/simsec=237.323
     Messages:  created: 58952   present: 10   in FES: 7
** Event #472064   t=2485.624458402489   Elapsed: 2485.57s (41m 25s)  39% completed  (39% total)
     Speed:     ev/sec=218.459   simsec/sec=1   ev/simsec=218.459
     Messages:  created: 59016   present: 11   in FES: 7
** Event #472832   t=2487.922111981231   Elapsed: 2487.87s (41m 27s)  39% completed  (39% total)
     Speed:     ev/sec=334.254   simsec/sec=1   ev/simsec=334.254
     Messages:  created: 59115   present: 19   in FES: 7
** Event #473344   t=2489.936440227826   Elapsed: 2489.88s (41m 29s)  39% completed  (39% total)
     Speed:     ev/sec=254.179   simsec/sec=1   ev/simsec=254.179
     Messages:  created: 59176   present: 10   in FES: 7
** Event #473856   t=2491.938302898763   Elapsed: 2491.88s (41m 31s)  39% completed  (39% total)
     Speed:     ev/sec=255.762   simsec/sec=1   ev/simsec=255.762
     Messages:  created: 59239   present: 9   in FES: 6
** Event #474624   t=2494.98083189864   Elapsed: 2494.92s (41m 34s)  39% completed  (39% total)
     Speed:     ev/sec=252.422   simsec/sec=1   ev/simsec=252.422
     Messages:  created: 59337   present: 13   in FES: 7
** Event #475392   t=2497.859236976886   Elapsed: 2497.8s (41m 37s)  39% completed  (39% total)
     Speed:     ev/sec=266.814   simsec/sec=1   ev/simsec=266.814
     Messages:  created: 59432   present: 12   in FES: 7
** Event #476160   t=2501.078238341596   Elapsed: 2501.02s (41m 41s)  39% completed  (39% total)
     Speed:     ev/sec=238.579   simsec/sec=0.999984   ev/simsec=238.583
     Messages:  created: 59527   present: 8   in FES: 5
** Event #476672   t=2503.36405263572   Elapsed: 2503.31s (41m 43s)  39% completed  (39% total)
     Speed:     ev/sec=223.995   simsec/sec=1.00002   ev/simsec=223.99
     Messages:  created: 59592   present: 10   in FES: 6
** Event #477440   t=2505.622256390683   Elapsed: 2505.57s (41m 45s)  39% completed  (39% total)
     Speed:     ev/sec=340.094   simsec/sec=1   ev/simsec=340.093
     Messages:  created: 59691   present: 19   in FES: 7
** Event #478208   t=2508.342774456197   Elapsed: 2508.29s (41m 48s)  39% completed  (39% total)
     Speed:     ev/sec=282.299   simsec/sec=1   ev/simsec=282.299
     Messages:  created: 59783   present: 9   in FES: 6
** Event #478720   t=2511.656503626217   Elapsed: 2511.61s (41m 51s)  39% completed  (39% total)
     Speed:     ev/sec=154.074   simsec/sec=0.997184   ev/simsec=154.509
     Messages:  created: 59849   present: 14   in FES: 6
** Event #479488   t=2513.784669576684   Elapsed: 2513.73s (41m 53s)  39% completed  (39% total)
     Speed:     ev/sec=362.468   simsec/sec=1.00442   ev/simsec=360.874
     Messages:  created: 59948   present: 21   in FES: 7
** Event #480512   t=2516.104194001434   Elapsed: 2516.05s (41m 56s)  39% completed  (39% total)
     Speed:     ev/sec=441.47   simsec/sec=0.999999   ev/simsec=441.47
     Messages:  created: 60088   present: 53   in FES: 7
** Event #481280   t=2518.209607231591   Elapsed: 2518.15s (41m 58s)  39% completed  (39% total)
     Speed:     ev/sec=364.774   simsec/sec=1   ev/simsec=364.774
     Messages:  created: 60168   present: 11   in FES: 7
** Event #482048   t=2520.722532843009   Elapsed: 2520.67s (42m 00s)  40% completed  (40% total)
     Speed:     ev/sec=305.62   simsec/sec=1   ev/simsec=305.62
     Messages:  created: 60263   present: 10   in FES: 7
** Event #482560   t=2522.931479254382   Elapsed: 2522.88s (42m 02s)  40% completed  (40% total)
     Speed:     ev/sec=231.785   simsec/sec=1   ev/simsec=231.785
     Messages:  created: 60326   present: 8   in FES: 5
** Event #483328   t=2525.205186795297   Elapsed: 2525.15s (42m 05s)  40% completed  (40% total)
     Speed:     ev/sec=337.775   simsec/sec=1   ev/simsec=337.774
     Messages:  created: 60424   present: 12   in FES: 6
** Event #484096   t=2527.753688449438   Elapsed: 2527.7s (42m 07s)  40% completed  (40% total)
     Speed:     ev/sec=301.354   simsec/sec=1   ev/simsec=301.354
     Messages:  created: 60525   present: 27   in FES: 7
** Event #484864   t=2530.374848226415   Elapsed: 2530.32s (42m 10s)  40% completed  (40% total)
     Speed:     ev/sec=293   simsec/sec=0.999999   ev/simsec=293
     Messages:  created: 60615   present: 10   in FES: 6
** Event #485632   t=2533.551884929232   Elapsed: 2533.5s (42m 13s)  40% completed  (40% total)
     Speed:     ev/sec=241.734   simsec/sec=0.999998   ev/simsec=241.735
     Messages:  created: 60710   present: 8   in FES: 5
** Event #486144   t=2535.863084892955   Elapsed: 2535.81s (42m 15s)  40% completed  (40% total)
     Speed:     ev/sec=221.531   simsec/sec=1   ev/simsec=221.53
     Messages:  created: 60775   present: 9   in FES: 6
** Event #486656   t=2537.918560198022   Elapsed: 2537.86s (42m 17s)  40% completed  (40% total)
     Speed:     ev/sec=249.091   simsec/sec=0.999999   ev/simsec=249.091
     Messages:  created: 60840   present: 12   in FES: 7
** Event #487168   t=2540.432426744792   Elapsed: 2540.38s (42m 20s)  40% completed  (40% total)
     Speed:     ev/sec=203.671   simsec/sec=1   ev/simsec=203.67
     Messages:  created: 60905   present: 16   in FES: 7
** Event #487936   t=2542.858830007555   Elapsed: 2542.8s (42m 22s)  40% completed  (40% total)
     Speed:     ev/sec=316.517   simsec/sec=0.999996   ev/simsec=316.518
     Messages:  created: 61002   present: 19   in FES: 7
** Event #488704   t=2545.41677614046   Elapsed: 2545.36s (42m 25s)  40% completed  (40% total)
     Speed:     ev/sec=300.241   simsec/sec=1   ev/simsec=300.241
     Messages:  created: 61097   present: 16   in FES: 7
** Event #489472   t=2547.764655885206   Elapsed: 2547.71s (42m 27s)  40% completed  (40% total)
     Speed:     ev/sec=326.656   simsec/sec=0.998633   ev/simsec=327.104
     Messages:  created: 61192   present: 13   in FES: 6
** Event #490496   t=2550.202414068641   Elapsed: 2550.15s (42m 30s)  40% completed  (40% total)
     Speed:     ev/sec=420.612   simsec/sec=1.00132   ev/simsec=420.058
     Messages:  created: 61323   present: 20   in FES: 7
** Event #491520   t=2552.553599517039   Elapsed: 2552.5s (42m 32s)  40% completed  (40% total)
     Speed:     ev/sec=435.526   simsec/sec=1   ev/simsec=435.525
     Messages:  created: 61456   present: 35   in FES: 7
** Event #492544   t=2555.577965734551   Elapsed: 2555.52s (42m 35s)  40% completed  (40% total)
     Speed:     ev/sec=338.583   simsec/sec=1   ev/simsec=338.583
     Messages:  created: 61581   present: 27   in FES: 7
** Event #493056   t=2558.171404789087   Elapsed: 2558.12s (42m 38s)  40% completed  (40% total)
     Speed:     ev/sec=197.421   simsec/sec=1   ev/simsec=197.421
     Messages:  created: 61639   present: 9   in FES: 6
** Event #493824   t=2560.185061832198   Elapsed: 2560.13s (42m 40s)  40% completed  (40% total)
     Speed:     ev/sec=381.395   simsec/sec=0.999999   ev/simsec=381.396
     Messages:  created: 61746   present: 40   in FES: 7
** Event #495104   t=2562.302400685277   Elapsed: 2562.25s (42m 42s)  40% completed  (40% total)
     Speed:     ev/sec=603.104   simsec/sec=0.997637   ev/simsec=604.532
     Messages:  created: 61953   present: 165   in FES: 6
** Event #495872   t=2564.514172168456   Elapsed: 2564.46s (42m 44s)  40% completed  (40% total)
     Speed:     ev/sec=348.022   simsec/sec=1.00227   ev/simsec=347.233
     Messages:  created: 62041   present: 143   in FES: 7
** Event #496640   t=2567.166887217115   Elapsed: 2567.13s (42m 47s)  40% completed  (40% total)
     Speed:     ev/sec=287.219   simsec/sec=0.992069   ev/simsec=289.515
     Messages:  created: 62091   present: 21   in FES: 6
** Event #497408   t=2570.363696231079   Elapsed: 2570.31s (42m 50s)  40% completed  (40% total)
     Speed:     ev/sec=241.844   simsec/sec=1.00668   ev/simsec=240.24
     Messages:  created: 62183   present: 9   in FES: 6
** Event #497920   t=2573.111985613491   Elapsed: 2573.06s (42m 53s)  40% completed  (40% total)
     Speed:     ev/sec=186.298   simsec/sec=1   ev/simsec=186.298
     Messages:  created: 62246   present: 8   in FES: 5
** Event #498432   t=2575.755342731973   Elapsed: 2575.7s (42m 55s)  40% completed  (40% total)
     Speed:     ev/sec=193.693   simsec/sec=0.999999   ev/simsec=193.693
     Messages:  created: 62311   present: 10   in FES: 7
** Event #498944   t=2578.524475314966   Elapsed: 2578.47s (42m 58s)  40% completed  (40% total)
     Speed:     ev/sec=184.895   simsec/sec=1   ev/simsec=184.895
     Messages:  created: 62375   present: 10   in FES: 7
** Event #499712   t=2580.543999478296   Elapsed: 2580.49s (43m 00s)  40% completed  (40% total)
     Speed:     ev/sec=380.288   simsec/sec=1   ev/simsec=380.288
     Messages:  created: 62472   present: 13   in FES: 7
** Event #500224   t=2582.867030251744   Elapsed: 2582.81s (43m 02s)  40% completed  (40% total)
     Speed:     ev/sec=220.402   simsec/sec=0.999999   ev/simsec=220.402
     Messages:  created: 62537   present: 16   in FES: 7
** Event #500736   t=2585.123167225184   Elapsed: 2585.07s (43m 05s)  41% completed  (41% total)
     Speed:     ev/sec=226.936   simsec/sec=1   ev/simsec=226.937
     Messages:  created: 62598   present: 9   in FES: 6
** Event #501504   t=2587.907615480835   Elapsed: 2587.85s (43m 07s)  41% completed  (41% total)
     Speed:     ev/sec=275.818   simsec/sec=1   ev/simsec=275.818
     Messages:  created: 62694   present: 10   in FES: 6
** Event #502272   t=2590.672258034065   Elapsed: 2590.62s (43m 10s)  41% completed  (41% total)
     Speed:     ev/sec=277.793   simsec/sec=0.999999   ev/simsec=277.794
     Messages:  created: 62794   present: 19   in FES: 7
** Event #503040   t=2592.674665870278   Elapsed: 2592.62s (43m 12s)  41% completed  (41% total)
     Speed:     ev/sec=383.168   simsec/sec=0.999034   ev/simsec=383.538
     Messages:  created: 62893   present: 28   in FES: 6
** Event #503808   t=2595.885621902504   Elapsed: 2595.83s (43m 15s)  41% completed  (41% total)
     Speed:     ev/sec=239.325   simsec/sec=1.0006   ev/simsec=239.181
     Messages:  created: 62982   present: 9   in FES: 6
** Event #504576   t=2598.502764622309   Elapsed: 2598.45s (43m 18s)  41% completed  (41% total)
     Speed:     ev/sec=293.45   simsec/sec=1   ev/simsec=293.45
     Messages:  created: 63078   present: 8   in FES: 5
** Event #505344   t=2600.72366432245   Elapsed: 2600.67s (43m 20s)  41% completed  (41% total)
     Speed:     ev/sec=345.806   simsec/sec=1   ev/simsec=345.806
     Messages:  created: 63176   present: 14   in FES: 7
** Event #506112   t=2603.206835251213   Elapsed: 2603.15s (43m 23s)  41% completed  (41% total)
     Speed:     ev/sec=309.282   simsec/sec=1   ev/simsec=309.282
     Messages:  created: 63270   present: 8   in FES: 5
** Event #506880   t=2605.274742094588   Elapsed: 2605.24s (43m 25s)  41% completed  (41% total)
     Speed:     ev/sec=367.595   simsec/sec=0.989781   ev/simsec=371.39
     Messages:  created: 63370   present: 20   in FES: 5
** Event #507392   t=2608.032896266527   Elapsed: 2607.98s (43m 27s)  41% completed  (41% total)
     Speed:     ev/sec=187.079   simsec/sec=1.0078   ev/simsec=185.631
     Messages:  created: 63430   present: 8   in FES: 5
** Event #508160   t=2610.246918817869   Elapsed: 2610.19s (43m 30s)  41% completed  (41% total)
     Speed:     ev/sec=346.88   simsec/sec=1   ev/simsec=346.88
     Messages:  created: 63528   present: 14   in FES: 6
** Event #509184   t=2612.623211146432   Elapsed: 2612.57s (43m 32s)  41% completed  (41% total)
     Speed:     ev/sec=429.496   simsec/sec=0.996688   ev/simsec=430.923
     Messages:  created: 63673   present: 60   in FES: 6
** Event #509952   t=2614.956517380257   Elapsed: 2614.9s (43m 34s)  41% completed  (41% total)
     Speed:     ev/sec=330.264   simsec/sec=1.00339   ev/simsec=329.147
     Messages:  created: 63753   present: 18   in FES: 6
** Event #510720   t=2617.108588126512   Elapsed: 2617.05s (43m 37s)  41% completed  (41% total)
     Speed:     ev/sec=356.866   simsec/sec=1   ev/simsec=356.866
     Messages:  created: 63851   present: 23   in FES: 7
** Event #511744   t=2619.750936320743   Elapsed: 2619.69s (43m 39s)  41% completed  (41% total)
     Speed:     ev/sec=387.534   simsec/sec=1   ev/simsec=387.534
     Messages:  created: 63980   present: 25   in FES: 7
** Event #512512   t=2621.803164883012   Elapsed: 2621.75s (43m 41s)  41% completed  (41% total)
     Speed:     ev/sec=374.227   simsec/sec=1   ev/simsec=374.227
     Messages:  created: 64076   present: 25   in FES: 7
** Event #513280   t=2624.003865831313   Elapsed: 2623.97s (43m 43s)  41% completed  (41% total)
     Speed:     ev/sec=345.286   simsec/sec=0.989414   ev/simsec=348.98
     Messages:  created: 64167   present: 12   in FES: 5
** Event #514048   t=2626.862923787647   Elapsed: 2626.81s (43m 46s)  41% completed  (41% total)
     Speed:     ev/sec=270.851   simsec/sec=1.0083   ev/simsec=268.62
     Messages:  created: 64263   present: 11   in FES: 7
** Event #515072   t=2629.130312953209   Elapsed: 2629.07s (43m 49s)  41% completed  (41% total)
     Speed:     ev/sec=451.621   simsec/sec=1   ev/simsec=451.621
     Messages:  created: 64402   present: 42   in FES: 7
** Event #515840   t=2631.598491160373   Elapsed: 2631.54s (43m 51s)  41% completed  (41% total)
     Speed:     ev/sec=311.161   simsec/sec=1   ev/simsec=311.161
     Messages:  created: 64486   present: 8   in FES: 5
** Event #516352   t=2633.759008106831   Elapsed: 2633.7s (43m 53s)  41% completed  (41% total)
     Speed:     ev/sec=236.98   simsec/sec=1   ev/simsec=236.98
     Messages:  created: 64550   present: 10   in FES: 6
** Event #517120   t=2636.665394825382   Elapsed: 2636.61s (43m 56s)  41% completed  (41% total)
     Speed:     ev/sec=264.243   simsec/sec=0.999989   ev/simsec=264.246
     Messages:  created: 64646   present: 8   in FES: 5
** Event #517632   t=2638.946158151517   Elapsed: 2638.89s (43m 58s)  41% completed  (41% total)
     Speed:     ev/sec=224.489   simsec/sec=1.00001   ev/simsec=224.486
     Messages:  created: 64710   present: 10   in FES: 6
** Event #518400   t=2641.18739165939   Elapsed: 2641.13s (44m 01s)  41% completed  (41% total)
     Speed:     ev/sec=342.669   simsec/sec=1   ev/simsec=342.668
     Messages:  created: 64808   present: 15   in FES: 7
** Event #519424   t=2643.746263545858   Elapsed: 2643.69s (44m 03s)  41% completed  (41% total)
     Speed:     ev/sec=400.176   simsec/sec=1   ev/simsec=400.176
     Messages:  created: 64939   present: 25   in FES: 7
** Event #520192   t=2646.349372886868   Elapsed: 2646.29s (44m 06s)  42% completed  (42% total)
     Speed:     ev/sec=294.894   simsec/sec=0.999534   ev/simsec=295.032
     Messages:  created: 65030   present: 11   in FES: 5
** Event #520960   t=2648.560969387411   Elapsed: 2648.5s (44m 08s)  42% completed  (42% total)
     Speed:     ev/sec=347.451   simsec/sec=1.00055   ev/simsec=347.26
     Messages:  created: 65131   present: 25   in FES: 7
** Event #521728   t=2651.2809749172   Elapsed: 2651.22s (44m 11s)  42% completed  (42% total)
     Speed:     ev/sec=282.353   simsec/sec=1   ev/simsec=282.352
     Messages:  created: 65221   present: 9   in FES: 6
** Event #522240   t=2653.43738177938   Elapsed: 2653.38s (44m 13s)  42% completed  (42% total)
     Speed:     ev/sec=237.432   simsec/sec=1   ev/simsec=237.432
     Messages:  created: 65285   present: 8   in FES: 5
** Event #523008   t=2656.077923235405   Elapsed: 2656.02s (44m 16s)  42% completed  (42% total)
     Speed:     ev/sec=290.849   simsec/sec=1   ev/simsec=290.849
     Messages:  created: 65382   present: 10   in FES: 7
** Event #523264   t=2658.220747601516   Elapsed: 2658.16s (44m 18s)  42% completed  (42% total)
     Speed:     ev/sec=119.469   simsec/sec=1   ev/simsec=119.468
     Messages:  created: 65414   present: 10   in FES: 7
** Event #524032   t=2660.780338705982   Elapsed: 2660.73s (44m 20s)  42% completed  (42% total)
     Speed:     ev/sec=299.172   simsec/sec=0.99708   ev/simsec=300.048
     Messages:  created: 65510   present: 11   in FES: 6
** Event #524800   t=2663.715602906192   Elapsed: 2663.66s (44m 23s)  42% completed  (42% total)
     Speed:     ev/sec=262.314   simsec/sec=1.00255   ev/simsec=261.646
     Messages:  created: 65605   present: 8   in FES: 5
** Event #525824   t=2666.308584436556   Elapsed: 2666.25s (44m 26s)  42% completed  (42% total)
     Speed:     ev/sec=394.607   simsec/sec=0.999227   ev/simsec=394.912
     Messages:  created: 65737   present: 19   in FES: 6
** Event #526592   t=2668.463570429145   Elapsed: 2668.41s (44m 28s)  42% completed  (42% total)
     Speed:     ev/sec=356.718   simsec/sec=1.00094   ev/simsec=356.383
     Messages:  created: 65832   present: 16   in FES: 7
** Event #527360   t=2670.495133932735   Elapsed: 2670.44s (44m 30s)  42% completed  (42% total)
     Speed:     ev/sec=378.034   simsec/sec=1   ev/simsec=378.034
     Messages:  created: 65930   present: 22   in FES: 7
** Event #528128   t=2672.792698439848   Elapsed: 2672.74s (44m 32s)  42% completed  (42% total)
     Speed:     ev/sec=334.266   simsec/sec=0.999998   ev/simsec=334.267
     Messages:  created: 66024   present: 16   in FES: 7
** Event #528896   t=2674.805737714332   Elapsed: 2674.75s (44m 34s)  42% completed  (42% total)
     Speed:     ev/sec=381.513   simsec/sec=1   ev/simsec=381.513
     Messages:  created: 66128   present: 37   in FES: 7
** Event #529664   t=2676.948646135527   Elapsed: 2676.89s (44m 36s)  42% completed  (42% total)
     Speed:     ev/sec=358.392   simsec/sec=1   ev/simsec=358.391
     Messages:  created: 66216   present: 16   in FES: 7
** Event #530432   t=2679.908954601163   Elapsed: 2679.85s (44m 39s)  42% completed  (42% total)
     Speed:     ev/sec=259.432   simsec/sec=1   ev/simsec=259.432
     Messages:  created: 66309   present: 8   in FES: 5
** Event #531200   t=2682.496982847075   Elapsed: 2682.44s (44m 42s)  42% completed  (42% total)
     Speed:     ev/sec=296.751   simsec/sec=1   ev/simsec=296.751
     Messages:  created: 66405   present: 9   in FES: 6
** Event #531712   t=2685.083534054381   Elapsed: 2685.03s (44m 45s)  42% completed  (42% total)
     Speed:     ev/sec=197.94   simsec/sec=0.999965   ev/simsec=197.947
     Messages:  created: 66469   present: 8   in FES: 5
** Event #532224   t=2687.217099235795   Elapsed: 2687.16s (44m 47s)  42% completed  (42% total)
     Speed:     ev/sec=239.984   simsec/sec=1.00004   ev/simsec=239.974
     Messages:  created: 66534   present: 10   in FES: 7
** Event #532992   t=2689.675099578462   Elapsed: 2689.63s (44m 49s)  42% completed  (42% total)
     Speed:     ev/sec=311.363   simsec/sec=0.996523   ev/simsec=312.449
     Messages:  created: 66630   present: 11   in FES: 6
** Event #533760   t=2692.146803469219   Elapsed: 2692.09s (44m 52s)  42% completed  (42% total)
     Speed:     ev/sec=311.787   simsec/sec=1.00344   ev/simsec=310.717
     Messages:  created: 66732   present: 27   in FES: 6
** Event #534784   t=2694.868132034554   Elapsed: 2694.81s (44m 54s)  42% completed  (42% total)
     Speed:     ev/sec=376.3   simsec/sec=1.00004   ev/simsec=376.287
     Messages:  created: 66858   present: 21   in FES: 7
** Event #535808   t=2696.969333540005   Elapsed: 2696.91s (44m 56s)  42% completed  (42% total)
     Speed:     ev/sec=487.34   simsec/sec=0.999999   ev/simsec=487.34
     Messages:  created: 67001   present: 61   in FES: 7
** Event #536832   t=2699.445556407726   Elapsed: 2699.41s (44m 59s)  42% completed  (42% total)
     Speed:     ev/sec=410.444   simsec/sec=0.992529   ev/simsec=413.533
     Messages:  created: 67143   present: 99   in FES: 6
** Event #537856   t=2701.756926133317   Elapsed: 2701.7s (45m 01s)  42% completed  (42% total)
     Speed:     ev/sec=446.629   simsec/sec=1.00813   ev/simsec=443.027
     Messages:  created: 67282   present: 129   in FES: 7
** Event #538880   t=2704.174300324343   Elapsed: 2704.12s (45m 04s)  42% completed  (42% total)
     Speed:     ev/sec=422.963   simsec/sec=0.998496   ev/simsec=423.6
     Messages:  created: 67410   present: 130   in FES: 6
** Event #540160   t=2706.849871619277   Elapsed: 2706.79s (45m 06s)  42% completed  (42% total)
     Speed:     ev/sec=479.055   simsec/sec=1.00136   ev/simsec=478.403
     Messages:  created: 67604   present: 215   in FES: 7
** Event #541184   t=2709.358746714422   Elapsed: 2709.3s (45m 09s)  43% completed  (43% total)
     Speed:     ev/sec=408.151   simsec/sec=1   ev/simsec=408.151
     Messages:  created: 67736   present: 224   in FES: 7
** Event #542464   t=2712.21103862541   Elapsed: 2712.15s (45m 12s)  43% completed  (43% total)
     Speed:     ev/sec=448.762   simsec/sec=1   ev/simsec=448.762
     Messages:  created: 67916   present: 265   in FES: 7
** Event #543232   t=2714.537787863972   Elapsed: 2714.48s (45m 14s)  43% completed  (43% total)
     Speed:     ev/sec=330.073   simsec/sec=0.999996   ev/simsec=330.074
     Messages:  created: 67999   present: 240   in FES: 7
** Event #544256   t=2717.09666537596   Elapsed: 2717.05s (45m 17s)  43% completed  (43% total)
     Speed:     ev/sec=399.288   simsec/sec=0.997781   ev/simsec=400.175
     Messages:  created: 68119   present: 223   in FES: 6
** Event #545280   t=2719.571416958102   Elapsed: 2719.52s (45m 19s)  43% completed  (43% total)
     Speed:     ev/sec=414.734   simsec/sec=1.00231   ev/simsec=413.779
     Messages:  created: 68248   present: 225   in FES: 7
** Event #546304   t=2721.728791363562   Elapsed: 2721.67s (45m 21s)  43% completed  (43% total)
     Speed:     ev/sec=474.651   simsec/sec=0.999999   ev/simsec=474.651
     Messages:  created: 68369   present: 207   in FES: 7
** Event #547328   t=2723.782708129169   Elapsed: 2723.73s (45m 23s)  43% completed  (43% total)
     Speed:     ev/sec=498.56   simsec/sec=1   ev/simsec=498.56
     Messages:  created: 68518   present: 253   in FES: 7
** Event #548352   t=2726.236229624613   Elapsed: 2726.18s (45m 26s)  43% completed  (43% total)
     Speed:     ev/sec=417.358   simsec/sec=0.999998   ev/simsec=417.359
     Messages:  created: 68652   present: 266   in FES: 7
** Event #549376   t=2728.362381884191   Elapsed: 2728.31s (45m 28s)  43% completed  (43% total)
     Speed:     ev/sec=481.62   simsec/sec=0.999997   ev/simsec=481.621
     Messages:  created: 68806   present: 317   in FES: 7
** Event #550400   t=2731.037828850747   Elapsed: 2730.98s (45m 30s)  43% completed  (43% total)
     Speed:     ev/sec=382.741   simsec/sec=1   ev/simsec=382.74
     Messages:  created: 68941   present: 332   in FES: 7
** Event #551168   t=2733.109674749922   Elapsed: 2733.05s (45m 33s)  43% completed  (43% total)
     Speed:     ev/sec=370.685   simsec/sec=1   ev/simsec=370.684
     Messages:  created: 69021   present: 299   in FES: 7
** Event #552192   t=2735.299538305758   Elapsed: 2735.24s (45m 35s)  43% completed  (43% total)
     Speed:     ev/sec=467.608   simsec/sec=0.999997   ev/simsec=467.609
     Messages:  created: 69168   present: 338   in FES: 7
** Event #552960   t=2737.390926132174   Elapsed: 2737.33s (45m 37s)  43% completed  (43% total)
     Speed:     ev/sec=367.221   simsec/sec=1   ev/simsec=367.22
     Messages:  created: 69261   present: 331   in FES: 7
** Event #553984   t=2739.939251129324   Elapsed: 2739.88s (45m 39s)  43% completed  (43% total)
     Speed:     ev/sec=401.832   simsec/sec=1   ev/simsec=401.833
     Messages:  created: 69381   present: 315   in FES: 7
** Event #554752   t=2742.432215371977   Elapsed: 2742.38s (45m 42s)  43% completed  (43% total)
     Speed:     ev/sec=308.067   simsec/sec=0.999998   ev/simsec=308.067
     Messages:  created: 69463   present: 288   in FES: 7
** Event #555520   t=2744.653729336014   Elapsed: 2744.6s (45m 44s)  43% completed  (43% total)
     Speed:     ev/sec=345.711   simsec/sec=1   ev/simsec=345.71
     Messages:  created: 69527   present: 218   in FES: 8
** Event #556288   t=2746.918970658916   Elapsed: 2746.86s (45m 46s)  43% completed  (43% total)
     Speed:     ev/sec=339.037   simsec/sec=1   ev/simsec=339.037
     Messages:  created: 69599   present: 159   in FES: 8
** Event #557056   t=2748.962275035734   Elapsed: 2748.92s (45m 48s)  43% completed  (43% total)
     Speed:     ev/sec=373.781   simsec/sec=0.994464   ev/simsec=375.862
     Messages:  created: 69683   present: 131   in FES: 6
** Event #557824   t=2751.070109872617   Elapsed: 2751.01s (45m 51s)  43% completed  (43% total)
     Speed:     ev/sec=366.332   simsec/sec=1.00543   ev/simsec=364.355
     Messages:  created: 69765   present: 96   in FES: 7
** Event #558592   t=2753.100881257796   Elapsed: 2753.04s (45m 53s)  43% completed  (43% total)
     Speed:     ev/sec=378.181   simsec/sec=1   ev/simsec=378.181
     Messages:  created: 69861   present: 96   in FES: 7
** Event #559616   t=2755.247723680041   Elapsed: 2755.19s (45m 55s)  43% completed  (43% total)
     Speed:     ev/sec=476.98   simsec/sec=1   ev/simsec=476.98
     Messages:  created: 69992   present: 103   in FES: 7
** Event #560384   t=2757.521721654749   Elapsed: 2757.48s (45m 57s)  43% completed  (43% total)
     Speed:     ev/sec=335.676   simsec/sec=0.993916   ev/simsec=337.731
     Messages:  created: 70080   present: 82   in FES: 6
** Event #561152   t=2759.778516863841   Elapsed: 2759.72s (45m 59s)  43% completed  (43% total)
     Speed:     ev/sec=342.417   simsec/sec=1.00621   ev/simsec=340.306
     Messages:  created: 70163   present: 48   in FES: 7
t=2760.666595 executing addServer()
adding server with latency=60
** Event #561920   t=2762.039348651731   Elapsed: 2762.04s (46m 02s)  43% completed  (43% total)
     Speed:     ev/sec=332.022   simsec/sec=0.977402   ev/simsec=339.698
     Messages:  created: 70253   present: 30   in FES: 7
** Event #562944   t=2764.235247682322   Elapsed: 2764.18s (46m 04s)  43% completed  (43% total)
     Speed:     ev/sec=477.695   simsec/sec=1.02439   ev/simsec=466.324
     Messages:  created: 70404   present: 91   in FES: 8
** Event #563968   t=2766.611008478155   Elapsed: 2766.6s (46m 06s)  43% completed  (43% total)
     Speed:     ev/sec=423.11   simsec/sec=0.981649   ev/simsec=431.02
     Messages:  created: 70521   present: 62   in FES: 7
** Event #564992   t=2768.836942622332   Elapsed: 2768.78s (46m 08s)  43% completed  (43% total)
     Speed:     ev/sec=469.115   simsec/sec=1.01975   ev/simsec=460.032
     Messages:  created: 70655   present: 78   in FES: 7
** Event #565760   t=2771.072631466475   Elapsed: 2771.02s (46m 11s)  43% completed  (43% total)
     Speed:     ev/sec=343.72   simsec/sec=1.00059   ev/simsec=343.518
     Messages:  created: 70729   present: 19   in FES: 8
** Event #566784   t=2773.221448966654   Elapsed: 2773.17s (46m 13s)  44% completed  (44% total)
     Speed:     ev/sec=476.541   simsec/sec=0.999999   ev/simsec=476.541
     Messages:  created: 70881   present: 84   in FES: 8
** Event #567808   t=2775.851997770387   Elapsed: 2775.8s (46m 15s)  44% completed  (44% total)
     Speed:     ev/sec=389.273   simsec/sec=1   ev/simsec=389.272
     Messages:  created: 71008   present: 80   in FES: 8
** Event #568576   t=2778.613243604795   Elapsed: 2778.56s (46m 18s)  44% completed  (44% total)
     Speed:     ev/sec=278.135   simsec/sec=1   ev/simsec=278.135
     Messages:  created: 71078   present: 11   in FES: 7
** Event #569856   t=2781.021246566647   Elapsed: 2780.97s (46m 20s)  44% completed  (44% total)
     Speed:     ev/sec=531.561   simsec/sec=1   ev/simsec=531.561
     Messages:  created: 71262   present: 75   in FES: 8
** Event #570880   t=2783.420523228703   Elapsed: 2783.36s (46m 23s)  44% completed  (44% total)
     Speed:     ev/sec=426.795   simsec/sec=1   ev/simsec=426.795
     Messages:  created: 71394   present: 85   in FES: 8
** Event #571648   t=2785.495663642245   Elapsed: 2785.44s (46m 25s)  44% completed  (44% total)
     Speed:     ev/sec=370.095   simsec/sec=0.999999   ev/simsec=370.095
     Messages:  created: 71487   present: 77   in FES: 8
** Event #572416   t=2787.507182554095   Elapsed: 2787.45s (46m 27s)  44% completed  (44% total)
     Speed:     ev/sec=381.801   simsec/sec=0.999999   ev/simsec=381.801
     Messages:  created: 71572   present: 48   in FES: 8
** Event #573184   t=2789.628164082086   Elapsed: 2789.6s (46m 29s)  44% completed  (44% total)
     Speed:     ev/sec=357.887   simsec/sec=0.988374   ev/simsec=362.097
     Messages:  created: 71655   present: 14   in FES: 7
** Event #573696   t=2791.696127294269   Elapsed: 2791.64s (46m 31s)  44% completed  (44% total)
     Speed:     ev/sec=250.61   simsec/sec=1.01221   ev/simsec=247.587
     Messages:  created: 71719   present: 13   in FES: 8
** Event #574464   t=2794.184989726198   Elapsed: 2794.13s (46m 34s)  44% completed  (44% total)
     Speed:     ev/sec=308.575   simsec/sec=1   ev/simsec=308.575
     Messages:  created: 71817   present: 20   in FES: 8
** Event #575488   t=2796.813086804874   Elapsed: 2796.76s (46m 36s)  44% completed  (44% total)
     Speed:     ev/sec=389.636   simsec/sec=1   ev/simsec=389.636
     Messages:  created: 71944   present: 16   in FES: 8
** Event #576512   t=2798.905516723343   Elapsed: 2798.85s (46m 38s)  44% completed  (44% total)
     Speed:     ev/sec=489.383   simsec/sec=0.999999   ev/simsec=489.383
     Messages:  created: 72100   present: 91   in FES: 8
** Event #577536   t=2800.926019559055   Elapsed: 2800.87s (46m 40s)  44% completed  (44% total)
     Speed:     ev/sec=506.805   simsec/sec=1   ev/simsec=506.805
     Messages:  created: 72246   present: 139   in FES: 8
** Event #578304   t=2803.248118716252   Elapsed: 2803.19s (46m 43s)  44% completed  (44% total)
     Speed:     ev/sec=330.736   simsec/sec=1   ev/simsec=330.735
     Messages:  created: 72317   present: 73   in FES: 8
** Event #579328   t=2805.408437931108   Elapsed: 2805.35s (46m 45s)  44% completed  (44% total)
     Speed:     ev/sec=474.003   simsec/sec=0.999999   ev/simsec=474.004
     Messages:  created: 72459   present: 109   in FES: 8
** Event #580352   t=2807.874597624352   Elapsed: 2807.82s (46m 47s)  44% completed  (44% total)
     Speed:     ev/sec=415.221   simsec/sec=1   ev/simsec=415.22
     Messages:  created: 72591   present: 121   in FES: 8
** Event #581376   t=2810.155833601848   Elapsed: 2810.1s (46m 50s)  44% completed  (44% total)
     Speed:     ev/sec=447.865   simsec/sec=0.997741   ev/simsec=448.879
     Messages:  created: 72724   present: 134   in FES: 7
** Event #582400   t=2812.615108959829   Elapsed: 2812.57s (46m 52s)  44% completed  (44% total)
     Speed:     ev/sec=415.471   simsec/sec=0.99781   ev/simsec=416.383
     Messages:  created: 72858   present: 150   in FES: 7
** Event #583168   t=2814.766171389833   Elapsed: 2814.71s (46m 54s)  44% completed  (44% total)
     Speed:     ev/sec=358.794   simsec/sec=1.00493   ev/simsec=357.033
     Messages:  created: 72953   present: 147   in FES: 8
** Event #584192   t=2817.204026745117   Elapsed: 2817.15s (46m 57s)  44% completed  (44% total)
     Speed:     ev/sec=420.042   simsec/sec=1   ev/simsec=420.041
     Messages:  created: 73076   present: 133   in FES: 8
** Event #585216   t=2819.456273802259   Elapsed: 2819.42s (46m 59s)  44% completed  (44% total)
     Speed:     ev/sec=450.799   simsec/sec=0.991514   ev/simsec=454.657
     Messages:  created: 73221   present: 174   in FES: 7
t=2820.666585 executing setDimmer(0.75)
t=2820.666595 addServer() complete
** Event #586240   t=2821.48577691215   Elapsed: 2821.43s (47m 01s)  44% completed  (44% total)
     Speed:     ev/sec=509.395   simsec/sec=1.00959   ev/simsec=504.557
     Messages:  created: 73345   present: 168   in FES: 8
** Event #587520   t=2823.65358274783   Elapsed: 2823.6s (47m 03s)  44% completed  (44% total)
     Speed:     ev/sec=590.457   simsec/sec=0.999997   ev/simsec=590.459
     Messages:  created: 73476   present: 93   in FES: 7
** Event #588288   t=2825.914499753058   Elapsed: 2825.86s (47m 05s)  44% completed  (44% total)
     Speed:     ev/sec=339.686   simsec/sec=1   ev/simsec=339.685
     Messages:  created: 73549   present: 32   in FES: 7
** Event #589056   t=2828.270691974325   Elapsed: 2828.22s (47m 08s)  44% completed  (44% total)
     Speed:     ev/sec=325.115   simsec/sec=0.997439   ev/simsec=325.95
     Messages:  created: 73637   present: 10   in FES: 6
** Event #589568   t=2831.170395264094   Elapsed: 2831.11s (47m 11s)  44% completed  (44% total)
     Speed:     ev/sec=176.932   simsec/sec=1.00205   ev/simsec=176.57
     Messages:  created: 73701   present: 9   in FES: 5
** Event #590336   t=2833.788217534922   Elapsed: 2833.73s (47m 13s)  44% completed  (44% total)
     Speed:     ev/sec=293.388   simsec/sec=1.00005   ev/simsec=293.374
     Messages:  created: 73799   present: 14   in FES: 7
** Event #591104   t=2836.310440438322   Elapsed: 2836.27s (47m 16s)  45% completed  (45% total)
     Speed:     ev/sec=302.063   simsec/sec=0.992017   ev/simsec=304.493
     Messages:  created: 73893   present: 10   in FES: 6
** Event #592128   t=2838.954682338887   Elapsed: 2838.92s (47m 18s)  45% completed  (45% total)
     Speed:     ev/sec=387.46   simsec/sec=1.00053   ev/simsec=387.257
     Messages:  created: 74021   present: 10   in FES: 6
** Event #593152   t=2841.527100795295   Elapsed: 2841.49s (47m 21s)  45% completed  (45% total)
     Speed:     ev/sec=398.672   simsec/sec=1.00151   ev/simsec=398.069
     Messages:  created: 74149   present: 10   in FES: 5
** Event #593920   t=2844.111947666213   Elapsed: 2844.07s (47m 24s)  45% completed  (45% total)
     Speed:     ev/sec=297.477   simsec/sec=1.00122   ev/simsec=297.116
     Messages:  created: 74245   present: 10   in FES: 5
** Event #594944   t=2846.230104753468   Elapsed: 2846.17s (47m 26s)  45% completed  (45% total)
     Speed:     ev/sec=486.162   simsec/sec=1.00563   ev/simsec=483.439
     Messages:  created: 74374   present: 13   in FES: 8
** Event #595968   t=2848.669056099427   Elapsed: 2848.62s (47m 28s)  45% completed  (45% total)
     Speed:     ev/sec=419.001   simsec/sec=0.997973   ev/simsec=419.853
     Messages:  created: 74501   present: 10   in FES: 6
** Event #596736   t=2850.837899373436   Elapsed: 2850.78s (47m 30s)  45% completed  (45% total)
     Speed:     ev/sec=354.769   simsec/sec=1.00187   ev/simsec=354.106
     Messages:  created: 74597   present: 10   in FES: 6
** Event #597760   t=2852.905558684581   Elapsed: 2852.85s (47m 32s)  45% completed  (45% total)
     Speed:     ev/sec=495.462   simsec/sec=1.00044   ev/simsec=495.246
     Messages:  created: 74734   present: 33   in FES: 8
** Event #599040   t=2855.235885873936   Elapsed: 2855.18s (47m 35s)  45% completed  (45% total)
     Speed:     ev/sec=549.279   simsec/sec=1   ev/simsec=549.279
     Messages:  created: 74893   present: 30   in FES: 8
** Event #600064   t=2857.404871433126   Elapsed: 2857.35s (47m 37s)  45% completed  (45% total)
     Speed:     ev/sec=472.11   simsec/sec=1   ev/simsec=472.11
     Messages:  created: 75017   present: 20   in FES: 8
** Event #601600   t=2859.659633935387   Elapsed: 2859.64s (47m 39s)  45% completed  (45% total)
     Speed:     ev/sec=670.109   simsec/sec=0.983682   ev/simsec=681.225
     Messages:  created: 75214   present: 34   in FES: 6
** Event #602368   t=2862.1409859723   Elapsed: 2862.08s (47m 42s)  45% completed  (45% total)
     Speed:     ev/sec=314.246   simsec/sec=1.0153   ev/simsec=309.509
     Messages:  created: 75302   present: 12   in FES: 7
** Event #602880   t=2864.159248187302   Elapsed: 2864.11s (47m 44s)  45% completed  (45% total)
     Speed:     ev/sec=252.836   simsec/sec=0.996659   ev/simsec=253.684
     Messages:  created: 75365   present: 10   in FES: 6
** Event #603648   t=2866.405400473471   Elapsed: 2866.36s (47m 46s)  45% completed  (45% total)
     Speed:     ev/sec=341.744   simsec/sec=0.999492   ev/simsec=341.918
     Messages:  created: 75461   present: 10   in FES: 6
** Event #604160   t=2868.710865477358   Elapsed: 2868.66s (47m 48s)  45% completed  (45% total)
     Speed:     ev/sec=221.856   simsec/sec=0.998987   ev/simsec=222.081
     Messages:  created: 75525   present: 10   in FES: 6
** Event #605184   t=2870.94712969286   Elapsed: 2870.89s (47m 50s)  45% completed  (45% total)
     Speed:     ev/sec=460.013   simsec/sec=1.0046   ev/simsec=457.907
     Messages:  created: 75654   present: 13   in FES: 8
** Event #605696   t=2872.990270114384   Elapsed: 2872.93s (47m 52s)  45% completed  (45% total)
     Speed:     ev/sec=250.595   simsec/sec=1   ev/simsec=250.595
     Messages:  created: 75718   present: 13   in FES: 8
** Event #606464   t=2875.203985220934   Elapsed: 2875.15s (47m 55s)  45% completed  (45% total)
     Speed:     ev/sec=346.707   simsec/sec=0.999363   ev/simsec=346.928
     Messages:  created: 75813   present: 10   in FES: 5
** Event #607232   t=2877.740679452883   Elapsed: 2877.69s (47m 57s)  45% completed  (45% total)
     Speed:     ev/sec=302.444   simsec/sec=0.998968   ev/simsec=302.756
     Messages:  created: 75909   present: 10   in FES: 6
t=2880.666588 executing setDimmer(1)
** Event #608000   t=2880.838242516609   Elapsed: 2880.78s (48m 00s)  45% completed  (45% total)
     Speed:     ev/sec=248.26   simsec/sec=1.0013   ev/simsec=247.937
     Messages:  created: 76004   present: 9   in FES: 5
** Event #608768   t=2883.160521175252   Elapsed: 2883.1s (48m 03s)  45% completed  (45% total)
     Speed:     ev/sec=330.709   simsec/sec=0.999999   ev/simsec=330.71
     Messages:  created: 76100   present: 9   in FES: 5
** Event #609536   t=2886.076498644833   Elapsed: 2886.02s (48m 06s)  45% completed  (45% total)
     Speed:     ev/sec=263.374   simsec/sec=0.999992   ev/simsec=263.377
     Messages:  created: 76196   present: 10   in FES: 6
** Event #610304   t=2888.511454617867   Elapsed: 2888.46s (48m 08s)  45% completed  (45% total)
     Speed:     ev/sec=315.409   simsec/sec=1.00001   ev/simsec=315.406
     Messages:  created: 76292   present: 10   in FES: 6
** Event #610816   t=2890.646129587625   Elapsed: 2890.59s (48m 10s)  45% completed  (45% total)
     Speed:     ev/sec=239.849   simsec/sec=1   ev/simsec=239.849
     Messages:  created: 76357   present: 11   in FES: 7
** Event #611584   t=2893.069282857043   Elapsed: 2893.01s (48m 13s)  45% completed  (45% total)
     Speed:     ev/sec=316.942   simsec/sec=1   ev/simsec=316.942
     Messages:  created: 76452   present: 10   in FES: 6
** Event #612608   t=2895.591177788979   Elapsed: 2895.53s (48m 15s)  45% completed  (45% total)
     Speed:     ev/sec=406.044   simsec/sec=1   ev/simsec=406.044
     Messages:  created: 76583   present: 16   in FES: 7
** Event #613632   t=2897.764281699593   Elapsed: 2897.71s (48m 17s)  45% completed  (45% total)
     Speed:     ev/sec=471.215   simsec/sec=1   ev/simsec=471.215
     Messages:  created: 76714   present: 25   in FES: 7
** Event #614656   t=2900.393162418775   Elapsed: 2900.35s (48m 20s)  46% completed  (46% total)
     Speed:     ev/sec=387.907   simsec/sec=0.995862   ev/simsec=389.519
     Messages:  created: 76837   present: 12   in FES: 6
** Event #615424   t=2902.75221773412   Elapsed: 2902.7s (48m 22s)  46% completed  (46% total)
     Speed:     ev/sec=327.068   simsec/sec=1.00465   ev/simsec=325.554
     Messages:  created: 76935   present: 17   in FES: 8
** Event #616192   t=2905.218794572524   Elapsed: 2905.16s (48m 25s)  46% completed  (46% total)
     Speed:     ev/sec=311.093   simsec/sec=0.999135   ev/simsec=311.363
     Messages:  created: 77029   present: 12   in FES: 7
** Event #617472   t=2907.424838688319   Elapsed: 2907.37s (48m 27s)  46% completed  (46% total)
     Speed:     ev/sec=580.787   simsec/sec=1.00097   ev/simsec=580.224
     Messages:  created: 77211   present: 70   in FES: 8
** Event #618752   t=2909.491749683214   Elapsed: 2909.44s (48m 29s)  46% completed  (46% total)
     Speed:     ev/sec=619.28   simsec/sec=0.999997   ev/simsec=619.282
     Messages:  created: 77381   present: 97   in FES: 8
** Event #620032   t=2912.157137057141   Elapsed: 2912.1s (48m 32s)  46% completed  (46% total)
     Speed:     ev/sec=480.231   simsec/sec=1   ev/simsec=480.23
     Messages:  created: 77526   present: 56   in FES: 8
** Event #621056   t=2914.638329412512   Elapsed: 2914.59s (48m 34s)  46% completed  (46% total)
     Speed:     ev/sec=412.143   simsec/sec=0.998639   ev/simsec=412.705
     Messages:  created: 77646   present: 36   in FES: 7
** Event #622080   t=2916.782206294466   Elapsed: 2916.74s (48m 36s)  46% completed  (46% total)
     Speed:     ev/sec=475.772   simsec/sec=0.996091   ev/simsec=477.639
     Messages:  created: 77780   present: 52   in FES: 7
** Event #623360   t=2919.414662877032   Elapsed: 2919.36s (48m 39s)  46% completed  (46% total)
     Speed:     ev/sec=487.592   simsec/sec=1.00279   ev/simsec=486.238
     Messages:  created: 77943   present: 60   in FES: 7
** Event #624384   t=2921.83622257643   Elapsed: 2921.78s (48m 41s)  46% completed  (46% total)
     Speed:     ev/sec=423.652   simsec/sec=1.00185   ev/simsec=422.868
     Messages:  created: 78060   present: 31   in FES: 8
** Event #625664   t=2923.917828651515   Elapsed: 2923.86s (48m 43s)  46% completed  (46% total)
     Speed:     ev/sec=614.91   simsec/sec=1   ev/simsec=614.91
     Messages:  created: 78228   present: 51   in FES: 8
** Event #626944   t=2926.116696671003   Elapsed: 2926.06s (48m 46s)  46% completed  (46% total)
     Speed:     ev/sec=582.118   simsec/sec=1   ev/simsec=582.118
     Messages:  created: 78396   present: 72   in FES: 8
** Event #627968   t=2928.193298591235   Elapsed: 2928.14s (48m 48s)  46% completed  (46% total)
     Speed:     ev/sec=492.98   simsec/sec=0.999729   ev/simsec=493.113
     Messages:  created: 78525   present: 76   in FES: 7
** Event #629248   t=2930.425852437509   Elapsed: 2930.37s (48m 50s)  46% completed  (46% total)
     Speed:     ev/sec=573.394   simsec/sec=1.0001   ev/simsec=573.334
     Messages:  created: 78691   present: 92   in FES: 7
** Event #630528   t=2932.929116677601   Elapsed: 2932.87s (48m 52s)  46% completed  (46% total)
     Speed:     ev/sec=511.4   simsec/sec=1.00013   ev/simsec=511.332
     Messages:  created: 78840   present: 62   in FES: 7
** Event #631808   t=2935.608922360371   Elapsed: 2935.55s (48m 55s)  46% completed  (46% total)
     Speed:     ev/sec=477.647   simsec/sec=1   ev/simsec=477.647
     Messages:  created: 79000   present: 63   in FES: 7
** Event #632832   t=2938.038437671452   Elapsed: 2937.98s (48m 57s)  46% completed  (46% total)
     Speed:     ev/sec=421.444   simsec/sec=0.999907   ev/simsec=421.483
     Messages:  created: 79118   present: 36   in FES: 6
** Event #634112   t=2940.492441186892   Elapsed: 2940.44s (49m 00s)  46% completed  (46% total)
     Speed:     ev/sec=521.236   simsec/sec=0.999308   ev/simsec=521.597
     Messages:  created: 79275   present: 29   in FES: 5
** Event #634880   t=2942.574053147025   Elapsed: 2942.52s (49m 02s)  46% completed  (46% total)
     Speed:     ev/sec=369.286   simsec/sec=1.00093   ev/simsec=368.945
     Messages:  created: 79363   present: 9   in FES: 5
** Event #635648   t=2944.950834007655   Elapsed: 2944.89s (49m 04s)  46% completed  (46% total)
     Speed:     ev/sec=323.126   simsec/sec=1   ev/simsec=323.126
     Messages:  created: 79461   present: 13   in FES: 7
** Event #636416   t=2947.21057587504   Elapsed: 2947.15s (49m 07s)  46% completed  (46% total)
     Speed:     ev/sec=339.862   simsec/sec=1   ev/simsec=339.862
     Messages:  created: 79557   present: 13   in FES: 8
** Event #637184   t=2949.268023696175   Elapsed: 2949.21s (49m 09s)  46% completed  (46% total)
     Speed:     ev/sec=373.278   simsec/sec=1   ev/simsec=373.278
     Messages:  created: 79654   present: 17   in FES: 8
** Event #638464   t=2951.50923709919   Elapsed: 2951.45s (49m 11s)  46% completed  (46% total)
     Speed:     ev/sec=571.119   simsec/sec=1   ev/simsec=571.119
     Messages:  created: 79820   present: 32   in FES: 8
** Event #639744   t=2954.135856695068   Elapsed: 2954.08s (49m 14s)  46% completed  (46% total)
     Speed:     ev/sec=487.318   simsec/sec=0.999999   ev/simsec=487.318
     Messages:  created: 79975   present: 18   in FES: 8
** Event #640768   t=2956.702268998972   Elapsed: 2956.65s (49m 16s)  46% completed  (46% total)
     Speed:     ev/sec=399.001   simsec/sec=1   ev/simsec=399.001
     Messages:  created: 80100   present: 10   in FES: 6
** Event #641792   t=2959.391775572682   Elapsed: 2959.34s (49m 19s)  46% completed  (46% total)
     Speed:     ev/sec=380.335   simsec/sec=0.998938   ev/simsec=380.739
     Messages:  created: 80228   present: 11   in FES: 6
** Event #642816   t=2962.251933859735   Elapsed: 2962.2s (49m 22s)  47% completed  (47% total)
     Speed:     ev/sec=358.38   simsec/sec=1.001   ev/simsec=358.022
     Messages:  created: 80356   present: 10   in FES: 6
** Event #644096   t=2964.497047560587   Elapsed: 2964.44s (49m 24s)  47% completed  (47% total)
     Speed:     ev/sec=570.127   simsec/sec=1   ev/simsec=570.127
     Messages:  created: 80535   present: 62   in FES: 8
** Event #645120   t=2966.738423314182   Elapsed: 2966.68s (49m 26s)  47% completed  (47% total)
     Speed:     ev/sec=456.863   simsec/sec=1   ev/simsec=456.862
     Messages:  created: 80648   present: 21   in FES: 7
** Event #646144   t=2969.366445943263   Elapsed: 2969.31s (49m 29s)  47% completed  (47% total)
     Speed:     ev/sec=389.312   simsec/sec=0.999142   ev/simsec=389.647
     Messages:  created: 80775   present: 19   in FES: 7
** Event #647168   t=2971.684016960894   Elapsed: 2971.64s (49m 31s)  47% completed  (47% total)
     Speed:     ev/sec=439.995   simsec/sec=0.99582   ev/simsec=441.842
     Messages:  created: 80900   present: 11   in FES: 6
** Event #648448   t=2974.193078350615   Elapsed: 2974.14s (49m 34s)  47% completed  (47% total)
     Speed:     ev/sec=512.599   simsec/sec=1.0048   ev/simsec=510.151
     Messages:  created: 81060   present: 10   in FES: 6
** Event #649472   t=2976.194547077628   Elapsed: 2976.14s (49m 36s)  47% completed  (47% total)
     Speed:     ev/sec=511.624   simsec/sec=1   ev/simsec=511.624
     Messages:  created: 81189   present: 14   in FES: 8
** Event #650240   t=2978.312068790417   Elapsed: 2978.26s (49m 38s)  47% completed  (47% total)
     Speed:     ev/sec=362.537   simsec/sec=0.999584   ev/simsec=362.688
     Messages:  created: 81284   present: 11   in FES: 6
** Event #651264   t=2980.315660612462   Elapsed: 2980.26s (49m 40s)  47% completed  (47% total)
     Speed:     ev/sec=511.307   simsec/sec=1.00044   ev/simsec=511.082
     Messages:  created: 81423   present: 40   in FES: 8
** Event #652288   t=2982.772088286795   Elapsed: 2982.72s (49m 42s)  47% completed  (47% total)
     Speed:     ev/sec=416.866   simsec/sec=1   ev/simsec=416.866
     Messages:  created: 81539   present: 9   in FES: 5
** Event #653568   t=2985.043218083313   Elapsed: 2984.99s (49m 44s)  47% completed  (47% total)
     Speed:     ev/sec=563.597   simsec/sec=1   ev/simsec=563.596
     Messages:  created: 81702   present: 15   in FES: 7
** Event #654592   t=2987.659830415049   Elapsed: 2987.6s (49m 47s)  47% completed  (47% total)
     Speed:     ev/sec=391.345   simsec/sec=0.999999   ev/simsec=391.346
     Messages:  created: 81829   present: 14   in FES: 8
** Event #656128   t=2989.930143063321   Elapsed: 2989.87s (49m 49s)  47% completed  (47% total)
     Speed:     ev/sec=676.558   simsec/sec=0.999999   ev/simsec=676.559
     Messages:  created: 82050   present: 90   in FES: 8
** Event #657152   t=2991.943231606082   Elapsed: 2991.89s (49m 51s)  47% completed  (47% total)
     Speed:     ev/sec=508.671   simsec/sec=1   ev/simsec=508.671
     Messages:  created: 82161   present: 45   in FES: 8
** Event #657920   t=2994.575345483813   Elapsed: 2994.52s (49m 54s)  47% completed  (47% total)
     Speed:     ev/sec=291.781   simsec/sec=1   ev/simsec=291.781
     Messages:  created: 82244   present: 10   in FES: 6
** Event #658688   t=2997.319334548851   Elapsed: 2997.27s (49m 57s)  47% completed  (47% total)
     Speed:     ev/sec=279.442   simsec/sec=0.998419   ev/simsec=279.884
     Messages:  created: 82340   present: 11   in FES: 6
** Event #659712   t=3000.030522077576   Elapsed: 2999.98s (49m 59s)  47% completed  (47% total)
     Speed:     ev/sec=378.073   simsec/sec=1.001   ev/simsec=377.694
     Messages:  created: 82468   present: 12   in FES: 7
** Event #660736   t=3002.566408665105   Elapsed: 3002.52s (50m 02s)  47% completed  (47% total)
     Speed:     ev/sec=403.275   simsec/sec=0.99869   ev/simsec=403.804
     Messages:  created: 82595   present: 10   in FES: 6
** Event #661760   t=3004.748829156831   Elapsed: 3004.69s (50m 04s)  47% completed  (47% total)
     Speed:     ev/sec=470.272   simsec/sec=1.00228   ev/simsec=469.204
     Messages:  created: 82724   present: 13   in FES: 7
** Event #663040   t=3007.212229008347   Elapsed: 3007.16s (50m 07s)  47% completed  (47% total)
     Speed:     ev/sec=519.607   simsec/sec=1   ev/simsec=519.607
     Messages:  created: 82887   present: 21   in FES: 8
** Event #663808   t=3009.478856868473   Elapsed: 3009.42s (50m 09s)  47% completed  (47% total)
     Speed:     ev/sec=338.829   simsec/sec=0.999999   ev/simsec=338.829
     Messages:  created: 82979   present: 9   in FES: 5
** Event #664576   t=3012.01947670905   Elapsed: 3011.96s (50m 11s)  47% completed  (47% total)
     Speed:     ev/sec=302.264   simsec/sec=0.999918   ev/simsec=302.288
     Messages:  created: 83075   present: 10   in FES: 6
** Event #665344   t=3014.405857539295   Elapsed: 3014.36s (50m 14s)  47% completed  (47% total)
     Speed:     ev/sec=319.95   simsec/sec=0.994171   ev/simsec=321.826
     Messages:  created: 83171   present: 10   in FES: 6
** Event #666368   t=3016.935766784995   Elapsed: 3016.88s (50m 16s)  47% completed  (47% total)
     Speed:     ev/sec=407.042   simsec/sec=1.00564   ev/simsec=404.758
     Messages:  created: 83300   present: 13   in FES: 7
** Event #667136   t=3019.175502607625   Elapsed: 3019.12s (50m 19s)  47% completed  (47% total)
     Speed:     ev/sec=342.898   simsec/sec=1   ev/simsec=342.898
     Messages:  created: 83396   present: 12   in FES: 7
** Event #667904   t=3021.716386226447   Elapsed: 3021.66s (50m 21s)  47% completed  (47% total)
     Speed:     ev/sec=302.257   simsec/sec=0.999999   ev/simsec=302.257
     Messages:  created: 83492   present: 12   in FES: 8
** Event #668416   t=3023.718364232784   Elapsed: 3023.68s (50m 23s)  47% completed  (47% total)
     Speed:     ev/sec=253.734   simsec/sec=0.992127   ev/simsec=255.747
     Messages:  created: 83555   present: 10   in FES: 5
** Event #669184   t=3025.849836844011   Elapsed: 3025.79s (50m 25s)  48% completed  (48% total)
     Speed:     ev/sec=363.02   simsec/sec=1.00751   ev/simsec=360.314
     Messages:  created: 83652   present: 12   in FES: 8
** Event #670208   t=3028.20240474782   Elapsed: 3028.15s (50m 28s)  48% completed  (48% total)
     Speed:     ev/sec=434.283   simsec/sec=0.997734   ev/simsec=435.269
     Messages:  created: 83779   present: 10   in FES: 6
** Event #670976   t=3030.540595529322   Elapsed: 3030.48s (50m 30s)  48% completed  (48% total)
     Speed:     ev/sec=329.211   simsec/sec=1.00229   ev/simsec=328.459
     Messages:  created: 83876   present: 12   in FES: 6
** Event #672256   t=3033.210667800913   Elapsed: 3033.16s (50m 33s)  48% completed  (48% total)
     Speed:     ev/sec=478.858   simsec/sec=0.998895   ev/simsec=479.388
     Messages:  created: 84035   present: 10   in FES: 6
** Event #673024   t=3035.728459151079   Elapsed: 3035.67s (50m 35s)  48% completed  (48% total)
     Speed:     ev/sec=305.392   simsec/sec=1.00119   ev/simsec=305.029
     Messages:  created: 84132   present: 13   in FES: 8
** Event #674304   t=3037.801141716963   Elapsed: 3037.74s (50m 37s)  48% completed  (48% total)
     Speed:     ev/sec=617.545   simsec/sec=0.99998   ev/simsec=617.557
     Messages:  created: 84314   present: 71   in FES: 8
** Event #675328   t=3040.004972993565   Elapsed: 3039.95s (50m 39s)  48% completed  (48% total)
     Speed:     ev/sec=463.613   simsec/sec=0.997777   ev/simsec=464.645
     Messages:  created: 84422   present: 18   in FES: 7
** Event #676608   t=3042.208365566956   Elapsed: 3042.15s (50m 42s)  48% completed  (48% total)
     Speed:     ev/sec=582.22   simsec/sec=1.00223   ev/simsec=580.922
     Messages:  created: 84590   present: 38   in FES: 8
** Event #678144   t=3044.376329687377   Elapsed: 3044.32s (50m 44s)  48% completed  (48% total)
     Speed:     ev/sec=708.499   simsec/sec=1   ev/simsec=708.499
     Messages:  created: 84803   present: 94   in FES: 8
** Event #679168   t=3046.867474783544   Elapsed: 3046.81s (50m 46s)  48% completed  (48% total)
     Speed:     ev/sec=411.056   simsec/sec=1   ev/simsec=411.056
     Messages:  created: 84904   present: 24   in FES: 8
** Event #680192   t=3049.155743451562   Elapsed: 3049.13s (50m 49s)  48% completed  (48% total)
     Speed:     ev/sec=442.227   simsec/sec=0.988217   ev/simsec=447.5
     Messages:  created: 85039   present: 42   in FES: 7
** Event #681216   t=3051.503030359019   Elapsed: 3051.47s (50m 51s)  48% completed  (48% total)
     Speed:     ev/sec=437.405   simsec/sec=1.00265   ev/simsec=436.248
     Messages:  created: 85155   present: 10   in FES: 5
** Event #681984   t=3053.672076215921   Elapsed: 3053.62s (50m 53s)  48% completed  (48% total)
     Speed:     ev/sec=357.547   simsec/sec=1.00981   ev/simsec=354.073
     Messages:  created: 85252   present: 12   in FES: 8
** Event #682752   t=3055.876132363781   Elapsed: 3055.82s (50m 55s)  48% completed  (48% total)
     Speed:     ev/sec=348.448   simsec/sec=1   ev/simsec=348.448
     Messages:  created: 85348   present: 12   in FES: 7
** Event #683520   t=3058.263164486192   Elapsed: 3058.21s (50m 58s)  48% completed  (48% total)
     Speed:     ev/sec=321.739   simsec/sec=1   ev/simsec=321.738
     Messages:  created: 85447   present: 20   in FES: 8
** Event #684544   t=3060.612073682323   Elapsed: 3060.56s (51m 00s)  48% completed  (48% total)
     Speed:     ev/sec=435.947   simsec/sec=1   ev/simsec=435.947
     Messages:  created: 85573   present: 17   in FES: 7
** Event #685312   t=3062.664192572502   Elapsed: 3062.61s (51m 02s)  48% completed  (48% total)
     Speed:     ev/sec=374.247   simsec/sec=0.999999   ev/simsec=374.247
     Messages:  created: 85667   present: 11   in FES: 7
** Event #686080   t=3064.71652787691   Elapsed: 3064.68s (51m 04s)  48% completed  (48% total)
     Speed:     ev/sec=370.956   simsec/sec=0.991311   ev/simsec=374.208
     Messages:  created: 85762   present: 9   in FES: 5
** Event #687104   t=3067.127538976388   Elapsed: 3067.07s (51m 07s)  48% completed  (48% total)
     Speed:     ev/sec=427.912   simsec/sec=1.00752   ev/simsec=424.718
     Messages:  created: 85891   present: 11   in FES: 7
** Event #687872   t=3069.176291195971   Elapsed: 3069.12s (51m 09s)  48% completed  (48% total)
     Speed:     ev/sec=374.862   simsec/sec=1   ev/simsec=374.862
     Messages:  created: 85988   present: 14   in FES: 8
** Event #688640   t=3071.383298132744   Elapsed: 3071.34s (51m 11s)  48% completed  (48% total)
     Speed:     ev/sec=345.949   simsec/sec=0.994157   ev/simsec=347.983
     Messages:  created: 86085   present: 17   in FES: 7
** Event #689664   t=3074.348814739306   Elapsed: 3074.31s (51m 14s)  48% completed  (48% total)
     Speed:     ev/sec=344.633   simsec/sec=0.99806   ev/simsec=345.302
     Messages:  created: 86210   present: 9   in FES: 5
** Event #690688   t=3076.857190521938   Elapsed: 3076.87s (51m 16s)  48% completed  (48% total)
     Speed:     ev/sec=400.652   simsec/sec=0.981431   ev/simsec=408.232
     Messages:  created: 86338   present: 9   in FES: 5
** Event #691456   t=3079.651713208406   Elapsed: 3079.6s (51m 19s)  48% completed  (48% total)
     Speed:     ev/sec=281.135   simsec/sec=1.02297   ev/simsec=274.823
     Messages:  created: 86434   present: 9   in FES: 5
** Event #692224   t=3081.706939315088   Elapsed: 3081.65s (51m 21s)  48% completed  (48% total)
     Speed:     ev/sec=374.31   simsec/sec=1.00168   ev/simsec=373.682
     Messages:  created: 86532   present: 15   in FES: 8
** Event #693248   t=3084.046358461218   Elapsed: 3083.99s (51m 23s)  48% completed  (48% total)
     Speed:     ev/sec=437.715   simsec/sec=1   ev/simsec=437.715
     Messages:  created: 86663   present: 23   in FES: 8
** Event #694016   t=3086.074907133994   Elapsed: 3086.02s (51m 26s)  48% completed  (48% total)
     Speed:     ev/sec=378.596   simsec/sec=1   ev/simsec=378.596
     Messages:  created: 86755   present: 11   in FES: 7
** Event #695040   t=3088.336096791528   Elapsed: 3088.28s (51m 28s)  49% completed  (49% total)
     Speed:     ev/sec=452.859   simsec/sec=1   ev/simsec=452.859
     Messages:  created: 86884   present: 14   in FES: 7
** Event #696320   t=3090.552172729478   Elapsed: 3090.5s (51m 30s)  49% completed  (49% total)
     Speed:     ev/sec=577.598   simsec/sec=1   ev/simsec=577.598
     Messages:  created: 87050   present: 30   in FES: 8
** Event #697600   t=3092.852910547416   Elapsed: 3092.8s (51m 32s)  49% completed  (49% total)
     Speed:     ev/sec=556.343   simsec/sec=0.999999   ev/simsec=556.343
     Messages:  created: 87210   present: 30   in FES: 8
** Event #698880   t=3095.247993547481   Elapsed: 3095.2s (51m 35s)  49% completed  (49% total)
     Speed:     ev/sec=532.92   simsec/sec=0.997178   ev/simsec=534.428
     Messages:  created: 87365   present: 17   in FES: 6
** Event #699648   t=3097.797467995732   Elapsed: 3097.74s (51m 37s)  49% completed  (49% total)
     Speed:     ev/sec=302.042   simsec/sec=1.00267   ev/simsec=301.239
     Messages:  created: 87461   present: 16   in FES: 8
** Event #700672   t=3100.423964786366   Elapsed: 3100.4s (51m 40s)  49% completed  (49% total)
     Speed:     ev/sec=384.9   simsec/sec=0.987244   ev/simsec=389.873
     Messages:  created: 87586   present: 9   in FES: 5
** Event #701696   t=3102.75491279212   Elapsed: 3102.72s (51m 42s)  49% completed  (49% total)
     Speed:     ev/sec=440.783   simsec/sec=1.00336   ev/simsec=439.306
     Messages:  created: 87714   present: 9   in FES: 5
** Event #702464   t=3104.899111949977   Elapsed: 3104.85s (51m 44s)  49% completed  (49% total)
     Speed:     ev/sec=361.517   simsec/sec=1.00933   ev/simsec=358.176
     Messages:  created: 87813   present: 17   in FES: 7
** Event #703232   t=3107.347754376188   Elapsed: 3107.3s (51m 47s)  49% completed  (49% total)
     Speed:     ev/sec=312.815   simsec/sec=0.997359   ev/simsec=313.643
     Messages:  created: 87906   present: 9   in FES: 5
** Event #704000   t=3109.803132758384   Elapsed: 3109.75s (51m 49s)  49% completed  (49% total)
     Speed:     ev/sec=314.421   simsec/sec=1.00524   ev/simsec=312.783
     Messages:  created: 88003   present: 12   in FES: 7
** Event #704768   t=3112.177429755407   Elapsed: 3112.12s (51m 52s)  49% completed  (49% total)
     Speed:     ev/sec=323.038   simsec/sec=0.998683   ev/simsec=323.464
     Messages:  created: 88098   present: 9   in FES: 5
** Event #705280   t=3114.193073007717   Elapsed: 3114.14s (51m 54s)  49% completed  (49% total)
     Speed:     ev/sec=254.408   simsec/sec=1.00156   ev/simsec=254.013
     Messages:  created: 88163   present: 11   in FES: 7
** Event #705792   t=3116.814388294167   Elapsed: 3116.77s (51m 56s)  49% completed  (49% total)
     Speed:     ev/sec=194.183   simsec/sec=0.994171   ev/simsec=195.322
     Messages:  created: 88226   present: 9   in FES: 5
** Event #707072   t=3119.428840076822   Elapsed: 3119.37s (51m 59s)  49% completed  (49% total)
     Speed:     ev/sec=492.481   simsec/sec=1.00591   ev/simsec=489.586
     Messages:  created: 88387   present: 11   in FES: 7
t=3120.666555 executing removeServer()
scheduled complete remove at 3120.666555
** Event #707840   t=3121.784367058598   Elapsed: 3121.73s (52m 01s)  49% completed  (49% total)
     Speed:     ev/sec=326.041   simsec/sec=0.999999   ev/simsec=326.042
     Messages:  created: 88484   present: 9   in FES: 6
** Event #708608   t=3123.801851546484   Elapsed: 3123.75s (52m 03s)  49% completed  (49% total)
     Speed:     ev/sec=380.673   simsec/sec=1   ev/simsec=380.672
     Messages:  created: 88583   present: 19   in FES: 7
** Event #709632   t=3126.038271853772   Elapsed: 3125.98s (52m 05s)  49% completed  (49% total)
     Speed:     ev/sec=457.874   simsec/sec=1   ev/simsec=457.875
     Messages:  created: 88732   present: 74   in FES: 7
** Event #710656   t=3128.178614195354   Elapsed: 3128.15s (52m 08s)  49% completed  (49% total)
     Speed:     ev/sec=473.028   simsec/sec=0.988712   ev/simsec=478.428
     Messages:  created: 88879   present: 125   in FES: 6
** Event #711680   t=3130.214126348896   Elapsed: 3130.17s (52m 10s)  49% completed  (49% total)
     Speed:     ev/sec=505.573   simsec/sec=1.00498   ev/simsec=503.067
     Messages:  created: 89036   present: 202   in FES: 6
** Event #712704   t=3132.647856535774   Elapsed: 3132.59s (52m 12s)  49% completed  (49% total)
     Speed:     ev/sec=423.246   simsec/sec=1.00592   ev/simsec=420.753
     Messages:  created: 89170   present: 216   in FES: 8
** Event #713472   t=3134.677169067934   Elapsed: 3134.62s (52m 14s)  49% completed  (49% total)
     Speed:     ev/sec=378.457   simsec/sec=1.00001   ev/simsec=378.453
     Messages:  created: 89264   present: 211   in FES: 7
** Event #714496   t=3137.663121786861   Elapsed: 3137.61s (52m 17s)  49% completed  (49% total)
     Speed:     ev/sec=342.939   simsec/sec=0.999999   ev/simsec=342.939
     Messages:  created: 89367   present: 147   in FES: 7
** Event #715520   t=3140.148539388089   Elapsed: 3140.1s (52m 20s)  49% completed  (49% total)
     Speed:     ev/sec=410.087   simsec/sec=0.99535   ev/simsec=412.003
     Messages:  created: 89481   present: 109   in FES: 6
** Event #716544   t=3142.224440967926   Elapsed: 3142.17s (52m 22s)  49% completed  (49% total)
     Speed:     ev/sec=496.055   simsec/sec=1.00563   ev/simsec=493.28
     Messages:  created: 89626   present: 154   in FES: 7
** Event #717824   t=3144.56215094914   Elapsed: 3144.51s (52m 24s)  49% completed  (49% total)
     Speed:     ev/sec=547.545   simsec/sec=1   ev/simsec=547.544
     Messages:  created: 89818   present: 231   in FES: 7
** Event #719104   t=3147.020070991822   Elapsed: 3146.96s (52m 26s)  49% completed  (49% total)
     Speed:     ev/sec=520.765   simsec/sec=1   ev/simsec=520.766
     Messages:  created: 90016   present: 307   in FES: 7
** Event #720384   t=3149.471426341135   Elapsed: 3149.42s (52m 29s)  49% completed  (49% total)
     Speed:     ev/sec=522.16   simsec/sec=1   ev/simsec=522.16
     Messages:  created: 90217   present: 389   in FES: 7
** Event #721152   t=3152.543118708604   Elapsed: 3152.49s (52m 32s)  50% completed  (50% total)
     Speed:     ev/sec=250.025   simsec/sec=0.999999   ev/simsec=250.025
     Messages:  created: 90247   present: 258   in FES: 8
** Event #722432   t=3155.069503262961   Elapsed: 3155.01s (52m 35s)  50% completed  (50% total)
     Speed:     ev/sec=506.653   simsec/sec=1   ev/simsec=506.653
     Messages:  created: 90442   present: 328   in FES: 8
** Event #723456   t=3157.248514784292   Elapsed: 3157.19s (52m 37s)  50% completed  (50% total)
     Speed:     ev/sec=469.938   simsec/sec=1   ev/simsec=469.938
     Messages:  created: 90583   present: 354   in FES: 8
** Event #724480   t=3159.872703267732   Elapsed: 3159.82s (52m 39s)  50% completed  (50% total)
     Speed:     ev/sec=390.216   simsec/sec=0.999999   ev/simsec=390.216
     Messages:  created: 90705   present: 341   in FES: 7
** Event #725248   t=3161.915411539509   Elapsed: 3161.86s (52m 41s)  50% completed  (50% total)
     Speed:     ev/sec=375.971   simsec/sec=0.999999   ev/simsec=375.971
     Messages:  created: 90773   present: 286   in FES: 8
** Event #726016   t=3164.270757186888   Elapsed: 3164.21s (52m 44s)  50% completed  (50% total)
     Speed:     ev/sec=326.066   simsec/sec=0.999999   ev/simsec=326.067
     Messages:  created: 90842   present: 231   in FES: 7
** Event #726784   t=3166.628634930046   Elapsed: 3166.57s (52m 46s)  50% completed  (50% total)
     Speed:     ev/sec=325.717   simsec/sec=1   ev/simsec=325.717
     Messages:  created: 90903   present: 147   in FES: 7
** Event #727552   t=3168.799402342684   Elapsed: 3168.74s (52m 48s)  50% completed  (50% total)
     Speed:     ev/sec=353.792   simsec/sec=1   ev/simsec=353.792
     Messages:  created: 90975   present: 81   in FES: 7
** Event #728576   t=3171.399131178642   Elapsed: 3171.34s (52m 51s)  50% completed  (50% total)
     Speed:     ev/sec=393.887   simsec/sec=1   ev/simsec=393.887
     Messages:  created: 91096   present: 63   in FES: 7
** Event #729600   t=3173.943740897619   Elapsed: 3173.89s (52m 53s)  50% completed  (50% total)
     Speed:     ev/sec=402.419   simsec/sec=1   ev/simsec=402.419
     Messages:  created: 91234   present: 90   in FES: 7
** Event #730624   t=3176.442812044396   Elapsed: 3176.39s (52m 56s)  50% completed  (50% total)
     Speed:     ev/sec=409.752   simsec/sec=1   ev/simsec=409.752
     Messages:  created: 91353   present: 67   in FES: 7
** Event #731392   t=3179.004854549426   Elapsed: 3178.95s (52m 58s)  50% completed  (50% total)
     Speed:     ev/sec=299.761   simsec/sec=1   ev/simsec=299.761
     Messages:  created: 91438   present: 36   in FES: 7
t=3180.666602 executing addServer()
adding server with latency=60
** Event #732416   t=3181.641002341032   Elapsed: 3181.58s (53m 01s)  50% completed  (50% total)
     Speed:     ev/sec=388.445   simsec/sec=1   ev/simsec=388.446
     Messages:  created: 91574   present: 56   in FES: 8
** Event #733440   t=3183.897797829985   Elapsed: 3183.84s (53m 03s)  50% completed  (50% total)
     Speed:     ev/sec=453.74   simsec/sec=0.999998   ev/simsec=453.741
     Messages:  created: 91707   present: 70   in FES: 8
** Event #734464   t=3186.332220825382   Elapsed: 3186.28s (53m 06s)  50% completed  (50% total)
     Speed:     ev/sec=420.635   simsec/sec=1   ev/simsec=420.634
     Messages:  created: 91849   present: 108   in FES: 8
** Event #735744   t=3188.822903706244   Elapsed: 3188.77s (53m 08s)  50% completed  (50% total)
     Speed:     ev/sec=513.135   simsec/sec=0.998482   ev/simsec=513.915
     Messages:  created: 92038   present: 185   in FES: 7
** Event #737024   t=3191.277275495862   Elapsed: 3191.23s (53m 11s)  50% completed  (50% total)
     Speed:     ev/sec=520.355   simsec/sec=0.99777   ev/simsec=521.518
     Messages:  created: 92233   present: 261   in FES: 7
** Event #737792   t=3193.393672952167   Elapsed: 3193.35s (53m 13s)  50% completed  (50% total)
     Speed:     ev/sec=363.007   simsec/sec=1.00035   ev/simsec=362.881
     Messages:  created: 92338   present: 279   in FES: 7
** Event #738816   t=3195.443877025684   Elapsed: 3195.39s (53m 15s)  50% completed  (50% total)
     Speed:     ev/sec=499.767   simsec/sec=1.00061   ev/simsec=499.462
     Messages:  created: 92479   present: 305   in FES: 7
** Event #739840   t=3197.453274631718   Elapsed: 3197.4s (53m 17s)  50% completed  (50% total)
     Speed:     ev/sec=510.413   simsec/sec=1.00158   ev/simsec=509.605
     Messages:  created: 92641   present: 373   in FES: 7
** Event #740864   t=3199.598314323028   Elapsed: 3199.54s (53m 19s)  50% completed  (50% total)
     Speed:     ev/sec=478.101   simsec/sec=1.00151   ev/simsec=477.38
     Messages:  created: 92803   present: 441   in FES: 7
** Event #741888   t=3201.769161449562   Elapsed: 3201.73s (53m 21s)  50% completed  (50% total)
     Speed:     ev/sec=469.084   simsec/sec=0.994443   ev/simsec=471.705
     Messages:  created: 92944   present: 467   in FES: 7
** Event #742912   t=3204.019490818294   Elapsed: 3203.96s (53m 23s)  50% completed  (50% total)
     Speed:     ev/sec=457.611   simsec/sec=1.00564   ev/simsec=455.044
     Messages:  created: 93081   present: 485   in FES: 7
** Event #743936   t=3206.521118762667   Elapsed: 3206.47s (53m 26s)  50% completed  (50% total)
     Speed:     ev/sec=408.96   simsec/sec=0.999088   ev/simsec=409.333
     Messages:  created: 93211   present: 489   in FES: 7
** Event #744960   t=3208.956840602868   Elapsed: 3208.9s (53m 28s)  50% completed  (50% total)
     Speed:     ev/sec=420.25   simsec/sec=0.999622   ev/simsec=420.409
     Messages:  created: 93359   present: 529   in FES: 7
** Event #745728   t=3210.989761565584   Elapsed: 3210.94s (53m 30s)  50% completed  (50% total)
     Speed:     ev/sec=376.694   simsec/sec=0.997121   ev/simsec=377.782
     Messages:  created: 93443   present: 505   in FES: 7
** Event #746496   t=3213.276567665228   Elapsed: 3213.23s (53m 33s)  51% completed  (51% total)
     Speed:     ev/sec=336.093   simsec/sec=1.00075   ev/simsec=335.84
     Messages:  created: 93532   present: 491   in FES: 7
** Event #747776   t=3215.718661891447   Elapsed: 3215.67s (53m 35s)  51% completed  (51% total)
     Speed:     ev/sec=523.629   simsec/sec=0.999025   ev/simsec=524.14
     Messages:  created: 93711   present: 529   in FES: 7
** Event #748800   t=3217.95479217826   Elapsed: 3217.9s (53m 37s)  51% completed  (51% total)
     Speed:     ev/sec=458.743   simsec/sec=1.00177   ev/simsec=457.934
     Messages:  created: 93839   present: 529   in FES: 7
** Event #750080   t=3219.965821072227   Elapsed: 3219.93s (53m 39s)  51% completed  (51% total)
     Speed:     ev/sec=632.893   simsec/sec=0.994348   ev/simsec=636.49
     Messages:  created: 94055   present: 641   in FES: 7
** Event #751104   t=3222.161701353086   Elapsed: 3222.11s (53m 42s)  51% completed  (51% total)
     Speed:     ev/sec=470.094   simsec/sec=1.00808   ev/simsec=466.328
     Messages:  created: 94196   present: 667   in FES: 7
** Event #752128   t=3224.301490001035   Elapsed: 3224.27s (53m 44s)  51% completed  (51% total)
     Speed:     ev/sec=472.391   simsec/sec=0.987126   ev/simsec=478.552
     Messages:  created: 94330   present: 679   in FES: 7
** Event #753152   t=3226.589521037204   Elapsed: 3226.54s (53m 46s)  51% completed  (51% total)
     Speed:     ev/sec=451.477   simsec/sec=1.00878   ev/simsec=447.546
     Messages:  created: 94475   present: 713   in FES: 7
** Event #753920   t=3228.624202211308   Elapsed: 3228.59s (53m 48s)  51% completed  (51% total)
     Speed:     ev/sec=374.474   simsec/sec=0.992102   ev/simsec=377.455
     Messages:  created: 94553   present: 677   in FES: 7
** Event #754944   t=3231.078433833615   Elapsed: 3231.05s (53m 51s)  51% completed  (51% total)
     Speed:     ev/sec=416.843   simsec/sec=0.999053   ev/simsec=417.239
     Messages:  created: 94693   present: 701   in FES: 7
** Event #755968   t=3233.609101700019   Elapsed: 3233.58s (53m 53s)  51% completed  (51% total)
     Speed:     ev/sec=405.123   simsec/sec=1.0012   ev/simsec=404.636
     Messages:  created: 94804   present: 667   in FES: 7
** Event #756736   t=3235.73088913   Elapsed: 3235.68s (53m 55s)  51% completed  (51% total)
     Speed:     ev/sec=365   simsec/sec=1.0084   ev/simsec=361.959
     Messages:  created: 94887   present: 641   in FES: 7
** Event #757504   t=3237.936293823108   Elapsed: 3237.9s (53m 57s)  51% completed  (51% total)
     Speed:     ev/sec=345.371   simsec/sec=0.991776   ev/simsec=348.235
     Messages:  created: 94964   present: 603   in FES: 7
** Event #758528   t=3240.374644724413   Elapsed: 3240.32s (54m 00s)  51% completed  (51% total)
     Speed:     ev/sec=424.146   simsec/sec=1.00998   ev/simsec=419.956
     Messages:  created: 95075   present: 570   in FES: 9
t=3240.666559 executing setDimmer(0.75)
t=3240.666602 addServer() complete
** Event #759552   t=3242.682314775395   Elapsed: 3242.63s (54m 02s)  51% completed  (51% total)
     Speed:     ev/sec=443.737   simsec/sec=0.999999   ev/simsec=443.738
     Messages:  created: 95158   present: 479   in FES: 7
** Event #760832   t=3244.928569955459   Elapsed: 3244.87s (54m 04s)  51% completed  (51% total)
     Speed:     ev/sec=569.726   simsec/sec=0.999805   ev/simsec=569.837
     Messages:  created: 95297   present: 438   in FES: 7
** Event #761856   t=3247.080059641626   Elapsed: 3247.04s (54m 07s)  51% completed  (51% total)
     Speed:     ev/sec=472.565   simsec/sec=0.99289   ev/simsec=475.949
     Messages:  created: 95370   present: 328   in FES: 7
** Event #762880   t=3249.168389460074   Elapsed: 3249.11s (54m 09s)  51% completed  (51% total)
     Speed:     ev/sec=494.091   simsec/sec=1.00764   ev/simsec=490.344
     Messages:  created: 95458   present: 247   in FES: 7
** Event #763904   t=3251.449284122013   Elapsed: 3251.39s (54m 11s)  51% completed  (51% total)
     Speed:     ev/sec=448.947   simsec/sec=1   ev/simsec=448.947
     Messages:  created: 95545   present: 151   in FES: 7
** Event #765184   t=3253.616439053616   Elapsed: 3253.56s (54m 13s)  51% completed  (51% total)
     Speed:     ev/sec=590.643   simsec/sec=1.00001   ev/simsec=590.636
     Messages:  created: 95681   present: 87   in FES: 8
** Event #766464   t=3256.043686248763   Elapsed: 3255.99s (54m 15s)  51% completed  (51% total)
     Speed:     ev/sec=527.342   simsec/sec=0.999991   ev/simsec=527.346
     Messages:  created: 95824   present: 41   in FES: 8
** Event #767232   t=3258.069851134662   Elapsed: 3258.01s (54m 18s)  51% completed  (51% total)
     Speed:     ev/sec=379.041   simsec/sec=1   ev/simsec=379.041
     Messages:  created: 95908   present: 11   in FES: 7
** Event #768000   t=3260.773582358198   Elapsed: 3260.72s (54m 20s)  51% completed  (51% total)
     Speed:     ev/sec=284.052   simsec/sec=1   ev/simsec=284.052
     Messages:  created: 96004   present: 11   in FES: 6
** Event #769024   t=3263.014877164645   Elapsed: 3262.96s (54m 22s)  51% completed  (51% total)
     Speed:     ev/sec=456.576   simsec/sec=0.999337   ev/simsec=456.879
     Messages:  created: 96133   present: 13   in FES: 7
** Event #770304   t=3265.065555288733   Elapsed: 3265.01s (54m 25s)  51% completed  (51% total)
     Speed:     ev/sec=622.935   simsec/sec=0.997999   ev/simsec=624.184
     Messages:  created: 96293   present: 13   in FES: 6
** Event #771328   t=3267.519198011911   Elapsed: 3267.46s (54m 27s)  51% completed  (51% total)
     Speed:     ev/sec=418.293   simsec/sec=1.00229   ev/simsec=417.339
     Messages:  created: 96420   present: 11   in FES: 7
** Event #772608   t=3269.698096256505   Elapsed: 3269.64s (54m 29s)  51% completed  (51% total)
     Speed:     ev/sec=586.839   simsec/sec=0.998955   ev/simsec=587.453
     Messages:  created: 96584   present: 21   in FES: 7
** Event #774144   t=3271.834373026359   Elapsed: 3271.79s (54m 31s)  51% completed  (51% total)
     Speed:     ev/sec=717.349   simsec/sec=0.997693   ev/simsec=719.008
     Messages:  created: 96773   present: 13   in FES: 6
** Event #775168   t=3274.433732752444   Elapsed: 3274.38s (54m 34s)  51% completed  (51% total)
     Speed:     ev/sec=395.041   simsec/sec=1.00279   ev/simsec=393.943
     Messages:  created: 96903   present: 17   in FES: 8
** Event #776192   t=3277.132140205607   Elapsed: 3277.08s (54m 37s)  52% completed  (52% total)
     Speed:     ev/sec=379.482   simsec/sec=0.999998   ev/simsec=379.483
     Messages:  created: 97028   present: 10   in FES: 6
** Event #777216   t=3279.267403869225   Elapsed: 3279.21s (54m 39s)  52% completed  (52% total)
     Speed:     ev/sec=479.567   simsec/sec=1   ev/simsec=479.566
     Messages:  created: 97156   present: 11   in FES: 6
** Event #778240   t=3281.97249457499   Elapsed: 3281.92s (54m 41s)  52% completed  (52% total)
     Speed:     ev/sec=378.546   simsec/sec=1   ev/simsec=378.546
     Messages:  created: 97284   present: 9   in FES: 5
** Event #779520   t=3284.689674354126   Elapsed: 3284.63s (54m 44s)  52% completed  (52% total)
     Speed:     ev/sec=471.077   simsec/sec=1   ev/simsec=471.077
     Messages:  created: 97444   present: 11   in FES: 7
** Event #780288   t=3287.782182412536   Elapsed: 3287.73s (54m 47s)  52% completed  (52% total)
     Speed:     ev/sec=248.342   simsec/sec=0.999999   ev/simsec=248.342
     Messages:  created: 97540   present: 10   in FES: 6
** Event #781056   t=3289.895844497446   Elapsed: 3289.85s (54m 49s)  52% completed  (52% total)
     Speed:     ev/sec=361.031   simsec/sec=0.993617   ev/simsec=363.35
     Messages:  created: 97637   present: 13   in FES: 7
** Event #782336   t=3292.493893934194   Elapsed: 3292.44s (54m 52s)  52% completed  (52% total)
     Speed:     ev/sec=495.266   simsec/sec=1.00525   ev/simsec=492.677
     Messages:  created: 97796   present: 11   in FES: 7
** Event #783104   t=3294.604329139583   Elapsed: 3294.55s (54m 54s)  52% completed  (52% total)
     Speed:     ev/sec=363.906   simsec/sec=1   ev/simsec=363.906
     Messages:  created: 97892   present: 9   in FES: 5
** Event #784384   t=3296.939599793585   Elapsed: 3296.88s (54m 56s)  52% completed  (52% total)
     Speed:     ev/sec=548.116   simsec/sec=0.999999   ev/simsec=548.116
     Messages:  created: 98053   present: 12   in FES: 7
** Event #785152   t=3299.432099691252   Elapsed: 3299.38s (54m 59s)  52% completed  (52% total)
     Speed:     ev/sec=308.124   simsec/sec=1   ev/simsec=308.124
     Messages:  created: 98148   present: 11   in FES: 7
t=3300.666578 executing setDimmer(0.5)
** Event #786176   t=3301.978399689061   Elapsed: 3301.92s (55m 01s)  52% completed  (52% total)
     Speed:     ev/sec=402.151   simsec/sec=0.999998   ev/simsec=402.152
     Messages:  created: 98275   present: 9   in FES: 5
** Event #786944   t=3304.002064212856   Elapsed: 3303.95s (55m 03s)  52% completed  (52% total)
     Speed:     ev/sec=379.51   simsec/sec=1   ev/simsec=379.51
     Messages:  created: 98372   present: 11   in FES: 7
** Event #787712   t=3306.262719316558   Elapsed: 3306.21s (55m 06s)  52% completed  (52% total)
     Speed:     ev/sec=339.724   simsec/sec=1   ev/simsec=339.725
     Messages:  created: 98467   present: 9   in FES: 5
** Event #788992   t=3308.43323747721   Elapsed: 3308.38s (55m 08s)  52% completed  (52% total)
     Speed:     ev/sec=589.721   simsec/sec=1   ev/simsec=589.721
     Messages:  created: 98628   present: 12   in FES: 7
** Event #790016   t=3310.86309973682   Elapsed: 3310.81s (55m 10s)  52% completed  (52% total)
     Speed:     ev/sec=421.424   simsec/sec=1   ev/simsec=421.423
     Messages:  created: 98755   present: 10   in FES: 6
** Event #791040   t=3312.865383891179   Elapsed: 3312.81s (55m 12s)  52% completed  (52% total)
     Speed:     ev/sec=511.416   simsec/sec=1   ev/simsec=511.416
     Messages:  created: 98883   present: 10   in FES: 6
** Event #792576   t=3314.976424538456   Elapsed: 3314.92s (55m 14s)  52% completed  (52% total)
     Speed:     ev/sec=727.605   simsec/sec=1   ev/simsec=727.603
     Messages:  created: 99077   present: 14   in FES: 8
** Event #793856   t=3317.365338317633   Elapsed: 3317.31s (55m 17s)  52% completed  (52% total)
     Speed:     ev/sec=535.807   simsec/sec=0.999997   ev/simsec=535.808
     Messages:  created: 99235   present: 10   in FES: 6
** Event #794880   t=3319.533729278279   Elapsed: 3319.48s (55m 19s)  52% completed  (52% total)
     Speed:     ev/sec=472.24   simsec/sec=1   ev/simsec=472.24
     Messages:  created: 99363   present: 10   in FES: 6
** Event #795904   t=3321.779027502324   Elapsed: 3321.72s (55m 21s)  52% completed  (52% total)
     Speed:     ev/sec=456.064   simsec/sec=0.999999   ev/simsec=456.064
     Messages:  created: 99492   present: 11   in FES: 7
** Event #797440   t=3324.49679696156   Elapsed: 3324.44s (55m 24s)  52% completed  (52% total)
     Speed:     ev/sec=565.17   simsec/sec=1   ev/simsec=565.169
     Messages:  created: 99683   present: 10   in FES: 6
** Event #798208   t=3327.010924352004   Elapsed: 3326.95s (55m 26s)  52% completed  (52% total)
     Speed:     ev/sec=305.474   simsec/sec=0.999999   ev/simsec=305.474
     Messages:  created: 99780   present: 12   in FES: 7
** Event #799232   t=3329.16782618304   Elapsed: 3329.11s (55m 29s)  52% completed  (52% total)
     Speed:     ev/sec=474.755   simsec/sec=0.999999   ev/simsec=474.755
     Messages:  created: 99907   present: 10   in FES: 6
** Event #800512   t=3331.69307395823   Elapsed: 3331.64s (55m 31s)  52% completed  (52% total)
     Speed:     ev/sec=506.881   simsec/sec=1   ev/simsec=506.881
     Messages:  created: 100067   present: 10   in FES: 6
** Event #801536   t=3333.869440705581   Elapsed: 3333.81s (55m 33s)  52% completed  (52% total)
     Speed:     ev/sec=470.508   simsec/sec=0.999999   ev/simsec=470.509
     Messages:  created: 100196   present: 12   in FES: 7
** Event #802560   t=3336.069896540371   Elapsed: 3336.01s (55m 36s)  52% completed  (52% total)
     Speed:     ev/sec=465.353   simsec/sec=0.999989   ev/simsec=465.358
     Messages:  created: 100323   present: 9   in FES: 5
** Event #803328   t=3338.097890535534   Elapsed: 3338.04s (55m 38s)  52% completed  (52% total)
     Speed:     ev/sec=378.705   simsec/sec=1.00001   ev/simsec=378.699
     Messages:  created: 100420   present: 11   in FES: 7
** Event #804352   t=3340.559701972221   Elapsed: 3340.5s (55m 40s)  53% completed  (53% total)
     Speed:     ev/sec=415.954   simsec/sec=0.999999   ev/simsec=415.954
     Messages:  created: 100548   present: 11   in FES: 7
** Event #805376   t=3342.902901054644   Elapsed: 3342.85s (55m 42s)  53% completed  (53% total)
     Speed:     ev/sec=437.009   simsec/sec=0.999999   ev/simsec=437.009
     Messages:  created: 100676   present: 11   in FES: 7
** Event #806400   t=3345.186764106041   Elapsed: 3345.13s (55m 45s)  53% completed  (53% total)
     Speed:     ev/sec=448.364   simsec/sec=1   ev/simsec=448.363
     Messages:  created: 100804   present: 12   in FES: 7
** Event #807168   t=3347.199465873724   Elapsed: 3347.14s (55m 47s)  53% completed  (53% total)
     Speed:     ev/sec=381.586   simsec/sec=1.00002   ev/simsec=381.577
     Messages:  created: 100899   present: 9   in FES: 5
** Event #808448   t=3349.438308048594   Elapsed: 3349.38s (55m 49s)  53% completed  (53% total)
     Speed:     ev/sec=571.711   simsec/sec=0.999978   ev/simsec=571.724
     Messages:  created: 101060   present: 12   in FES: 7
** Event #809472   t=3351.681020842733   Elapsed: 3351.62s (55m 51s)  53% completed  (53% total)
     Speed:     ev/sec=456.59   simsec/sec=1   ev/simsec=456.59
     Messages:  created: 101191   present: 19   in FES: 8
** Event #810240   t=3353.729994230631   Elapsed: 3353.67s (55m 53s)  53% completed  (53% total)
     Speed:     ev/sec=374.817   simsec/sec=0.999988   ev/simsec=374.822
     Messages:  created: 101283   present: 9   in FES: 5
** Event #811008   t=3356.750924439771   Elapsed: 3356.69s (55m 56s)  53% completed  (53% total)
     Speed:     ev/sec=254.228   simsec/sec=1.00001   ev/simsec=254.226
     Messages:  created: 101379   present: 9   in FES: 5
** Event #811776   t=3359.401916480898   Elapsed: 3359.35s (55m 59s)  53% completed  (53% total)
     Speed:     ev/sec=289.703   simsec/sec=1   ev/simsec=289.703
     Messages:  created: 101476   present: 12   in FES: 8
t=3360.666561 executing setDimmer(0.75)
** Event #812800   t=3361.60556717533   Elapsed: 3361.55s (56m 01s)  53% completed  (53% total)
     Speed:     ev/sec=464.683   simsec/sec=1   ev/simsec=464.683
     Messages:  created: 101603   present: 12   in FES: 7
** Event #813824   t=3363.715425935668   Elapsed: 3363.66s (56m 03s)  53% completed  (53% total)
     Speed:     ev/sec=485.162   simsec/sec=0.999633   ev/simsec=485.341
     Messages:  created: 101730   present: 9   in FES: 5
** Event #814592   t=3365.746748433926   Elapsed: 3365.69s (56m 05s)  53% completed  (53% total)
     Speed:     ev/sec=377.93   simsec/sec=0.999608   ev/simsec=378.079
     Messages:  created: 101826   present: 9   in FES: 5
** Event #815616   t=3367.903227031227   Elapsed: 3367.85s (56m 07s)  53% completed  (53% total)
     Speed:     ev/sec=475.194   simsec/sec=1.00073   ev/simsec=474.848
     Messages:  created: 101955   present: 11   in FES: 6
** Event #816640   t=3370.36705251291   Elapsed: 3370.31s (56m 10s)  53% completed  (53% total)
     Speed:     ev/sec=415.614   simsec/sec=1   ev/simsec=415.614
     Messages:  created: 102084   present: 13   in FES: 7
** Event #818176   t=3372.54439005297   Elapsed: 3372.5s (56m 12s)  53% completed  (53% total)
     Speed:     ev/sec=703.23   simsec/sec=0.996855   ev/simsec=705.449
     Messages:  created: 102277   present: 17   in FES: 7
** Event #819456   t=3374.910299911421   Elapsed: 3374.87s (56m 14s)  53% completed  (53% total)
     Speed:     ev/sec=538.392   simsec/sec=0.995145   ev/simsec=541.018
     Messages:  created: 102434   present: 9   in FES: 5
** Event #820736   t=3377.245195963279   Elapsed: 3377.19s (56m 17s)  53% completed  (53% total)
     Speed:     ev/sec=552.562   simsec/sec=1.00795   ev/simsec=548.204
     Messages:  created: 102595   present: 11   in FES: 7
** Event #821760   t=3379.423611511968   Elapsed: 3379.38s (56m 19s)  53% completed  (53% total)
     Speed:     ev/sec=468.386   simsec/sec=0.996426   ev/simsec=470.066
     Messages:  created: 102722   present: 9   in FES: 5
** Event #823040   t=3381.748468236518   Elapsed: 3381.69s (56m 21s)  53% completed  (53% total)
     Speed:     ev/sec=552.433   simsec/sec=1.00338   ev/simsec=550.572
     Messages:  created: 102887   present: 22   in FES: 7
** Event #824576   t=3384.052869613109   Elapsed: 3384s (56m 23s)  53% completed  (53% total)
     Speed:     ev/sec=666.545   simsec/sec=0.999992   ev/simsec=666.551
     Messages:  created: 103077   present: 16   in FES: 8
** Event #825856   t=3386.243094828864   Elapsed: 3386.19s (56m 26s)  53% completed  (53% total)
     Speed:     ev/sec=584.416   simsec/sec=1   ev/simsec=584.415
     Messages:  created: 103235   present: 12   in FES: 8
** Event #826880   t=3388.37717148859   Elapsed: 3388.32s (56m 28s)  53% completed  (53% total)
     Speed:     ev/sec=479.832   simsec/sec=0.999998   ev/simsec=479.833
     Messages:  created: 103365   present: 16   in FES: 8
** Event #827648   t=3390.549850228078   Elapsed: 3390.49s (56m 30s)  53% completed  (53% total)
     Speed:     ev/sec=353.481   simsec/sec=1   ev/simsec=353.481
     Messages:  created: 103459   present: 12   in FES: 6
** Event #828672   t=3392.777299776957   Elapsed: 3392.72s (56m 32s)  53% completed  (53% total)
     Speed:     ev/sec=459.453   simsec/sec=0.999422   ev/simsec=459.719
     Messages:  created: 103592   present: 25   in FES: 7
** Event #830208   t=3395.203027095278   Elapsed: 3395.15s (56m 35s)  53% completed  (53% total)
     Speed:     ev/sec=633.548   simsec/sec=1.00053   ev/simsec=633.212
     Messages:  created: 103779   present: 12   in FES: 7
** Event #830976   t=3397.258670332921   Elapsed: 3397.21s (56m 37s)  53% completed  (53% total)
     Speed:     ev/sec=372.71   simsec/sec=0.997602   ev/simsec=373.606
     Messages:  created: 103874   present: 9   in FES: 5
** Event #832000   t=3399.791694874762   Elapsed: 3399.74s (56m 39s)  53% completed  (53% total)
     Speed:     ev/sec=405.05   simsec/sec=1.00196   ev/simsec=404.26
     Messages:  created: 104003   present: 12   in FES: 7
** Event #832768   t=3401.92474718196   Elapsed: 3401.87s (56m 41s)  53% completed  (53% total)
     Speed:     ev/sec=360.047   simsec/sec=0.999999   ev/simsec=360.047
     Messages:  created: 104099   present: 11   in FES: 7
** Event #834048   t=3404.258052987132   Elapsed: 3404.2s (56m 44s)  54% completed  (54% total)
     Speed:     ev/sec=548.578   simsec/sec=1   ev/simsec=548.578
     Messages:  created: 104262   present: 20   in FES: 8
** Event #835328   t=3406.394994256164   Elapsed: 3406.34s (56m 46s)  54% completed  (54% total)
     Speed:     ev/sec=598.986   simsec/sec=0.999999   ev/simsec=598.987
     Messages:  created: 104419   present: 11   in FES: 6
** Event #836096   t=3408.606885476555   Elapsed: 3408.55s (56m 48s)  54% completed  (54% total)
     Speed:     ev/sec=347.14   simsec/sec=0.999786   ev/simsec=347.214
     Messages:  created: 104514   present: 9   in FES: 5
** Event #836864   t=3411.09733970446   Elapsed: 3411.04s (56m 51s)  54% completed  (54% total)
     Speed:     ev/sec=308.331   simsec/sec=0.99985   ev/simsec=308.377
     Messages:  created: 104610   present: 9   in FES: 5
** Event #837888   t=3413.816534997582   Elapsed: 3413.76s (56m 53s)  54% completed  (54% total)
     Speed:     ev/sec=376.7   simsec/sec=1.00031   ev/simsec=376.582
     Messages:  created: 104740   present: 15   in FES: 8
** Event #838656   t=3416.272816417454   Elapsed: 3416.22s (56m 56s)  54% completed  (54% total)
     Speed:     ev/sec=312.667   simsec/sec=0.999999   ev/simsec=312.668
     Messages:  created: 104835   present: 11   in FES: 7
** Event #839424   t=3418.362767195068   Elapsed: 3418.31s (56m 58s)  54% completed  (54% total)
     Speed:     ev/sec=367.288   simsec/sec=0.999496   ev/simsec=367.473
     Messages:  created: 104930   present: 9   in FES: 5
t=3420.666563 executing setDimmer(1)
** Event #840448   t=3420.783182778114   Elapsed: 3420.74s (57m 00s)  54% completed  (54% total)
     Speed:     ev/sec=421.62   simsec/sec=0.996577   ev/simsec=423.068
     Messages:  created: 105058   present: 11   in FES: 6
** Event #841472   t=3423.28403455706   Elapsed: 3423.23s (57m 03s)  54% completed  (54% total)
     Speed:     ev/sec=410.904   simsec/sec=1.00353   ev/simsec=409.46
     Messages:  created: 105186   present: 11   in FES: 7
** Event #842496   t=3425.295788534831   Elapsed: 3425.24s (57m 05s)  54% completed  (54% total)
     Speed:     ev/sec=509.155   simsec/sec=1.00029   ev/simsec=509.009
     Messages:  created: 105331   present: 56   in FES: 8
** Event #843776   t=3427.341906332705   Elapsed: 3427.3s (57m 07s)  54% completed  (54% total)
     Speed:     ev/sec=622.65   simsec/sec=0.995325   ev/simsec=625.575
     Messages:  created: 105498   present: 75   in FES: 7
** Event #845056   t=3429.678069512397   Elapsed: 3429.62s (57m 09s)  54% completed  (54% total)
     Speed:     ev/sec=550.171   simsec/sec=1.00413   ev/simsec=547.907
     Messages:  created: 105663   present: 88   in FES: 8
** Event #846336   t=3431.895523996379   Elapsed: 3431.84s (57m 11s)  54% completed  (54% total)
     Speed:     ev/sec=577.239   simsec/sec=1   ev/simsec=577.238
     Messages:  created: 105808   present: 49   in FES: 8
** Event #847616   t=3434.253496416894   Elapsed: 3434.2s (57m 14s)  54% completed  (54% total)
     Speed:     ev/sec=542.839   simsec/sec=1   ev/simsec=542.839
     Messages:  created: 105962   present: 32   in FES: 8
** Event #848384   t=3436.66624902123   Elapsed: 3436.61s (57m 16s)  54% completed  (54% total)
     Speed:     ev/sec=318.309   simsec/sec=1   ev/simsec=318.309
     Messages:  created: 106050   present: 10   in FES: 6
** Event #849152   t=3438.884054668509   Elapsed: 3438.85s (57m 18s)  54% completed  (54% total)
     Speed:     ev/sec=343.202   simsec/sec=0.991087   ev/simsec=346.288
     Messages:  created: 106146   present: 11   in FES: 6
** Event #849920   t=3441.090956059574   Elapsed: 3441.03s (57m 21s)  54% completed  (54% total)
     Speed:     ev/sec=351.146   simsec/sec=1.00904   ev/simsec=347.999
     Messages:  created: 106242   present: 11   in FES: 6
** Event #850944   t=3443.537251188187   Elapsed: 3443.48s (57m 23s)  54% completed  (54% total)
     Speed:     ev/sec=418.621   simsec/sec=1.00007   ev/simsec=418.592
     Messages:  created: 106376   present: 26   in FES: 8
** Event #851968   t=3445.868612889617   Elapsed: 3445.81s (57m 25s)  54% completed  (54% total)
     Speed:     ev/sec=439.228   simsec/sec=0.999999   ev/simsec=439.228
     Messages:  created: 106500   present: 16   in FES: 7
** Event #852992   t=3447.905385697186   Elapsed: 3447.86s (57m 27s)  54% completed  (54% total)
     Speed:     ev/sec=500.18   simsec/sec=0.994875   ev/simsec=502.756
     Messages:  created: 106626   present: 11   in FES: 6
** Event #853760   t=3450.010356727732   Elapsed: 3449.96s (57m 29s)  54% completed  (54% total)
     Speed:     ev/sec=365.188   simsec/sec=1.00092   ev/simsec=364.851
     Messages:  created: 106722   present: 11   in FES: 6
** Event #854784   t=3452.646216611119   Elapsed: 3452.59s (57m 32s)  54% completed  (54% total)
     Speed:     ev/sec=389.494   simsec/sec=1.00259   ev/simsec=388.488
     Messages:  created: 106850   present: 11   in FES: 7
** Event #856064   t=3454.884726850985   Elapsed: 3454.83s (57m 34s)  54% completed  (54% total)
     Speed:     ev/sec=571.07   simsec/sec=0.998708   ev/simsec=571.809
     Messages:  created: 107019   present: 35   in FES: 7
** Event #857344   t=3456.949593899183   Elapsed: 3456.89s (57m 36s)  54% completed  (54% total)
     Speed:     ev/sec=621.289   simsec/sec=1.00225   ev/simsec=619.895
     Messages:  created: 107179   present: 34   in FES: 8
** Event #858880   t=3459.254575334087   Elapsed: 3459.2s (57m 39s)  54% completed  (54% total)
     Speed:     ev/sec=664.667   simsec/sec=0.997426   ev/simsec=666.383
     Messages:  created: 107371   present: 35   in FES: 7
** Event #860416   t=3461.629194293833   Elapsed: 3461.57s (57m 41s)  54% completed  (54% total)
     Speed:     ev/sec=648.465   simsec/sec=1.00251   ev/simsec=646.841
     Messages:  created: 107577   present: 72   in FES: 8
** Event #861696   t=3464.071182577619   Elapsed: 3464.01s (57m 44s)  54% completed  (54% total)
     Speed:     ev/sec=524.163   simsec/sec=1   ev/simsec=524.163
     Messages:  created: 107722   present: 31   in FES: 7
** Event #862976   t=3466.607737214625   Elapsed: 3466.55s (57m 46s)  55% completed  (55% total)
     Speed:     ev/sec=504.621   simsec/sec=1   ev/simsec=504.621
     Messages:  created: 107878   present: 22   in FES: 8
** Event #863744   t=3468.658829789475   Elapsed: 3468.6s (57m 48s)  55% completed  (55% total)
     Speed:     ev/sec=374.435   simsec/sec=1   ev/simsec=374.435
     Messages:  created: 107969   present: 9   in FES: 5
** Event #864512   t=3470.818113251657   Elapsed: 3470.76s (57m 50s)  55% completed  (55% total)
     Speed:     ev/sec=355.673   simsec/sec=0.999999   ev/simsec=355.674
     Messages:  created: 108067   present: 13   in FES: 8
** Event #865792   t=3472.883985974216   Elapsed: 3472.83s (57m 52s)  55% completed  (55% total)
     Speed:     ev/sec=619.593   simsec/sec=1   ev/simsec=619.593
     Messages:  created: 108245   present: 62   in FES: 8
** Event #867072   t=3475.090698093219   Elapsed: 3475.04s (57m 55s)  55% completed  (55% total)
     Speed:     ev/sec=578.676   simsec/sec=0.997634   ev/simsec=580.048
     Messages:  created: 108404   present: 59   in FES: 7
** Event #868352   t=3477.242097286974   Elapsed: 3477.19s (57m 57s)  55% completed  (55% total)
     Speed:     ev/sec=596.412   simsec/sec=1.00244   ev/simsec=594.962
     Messages:  created: 108559   present: 45   in FES: 8
** Event #869376   t=3479.414691712513   Elapsed: 3479.36s (57m 59s)  55% completed  (55% total)
     Speed:     ev/sec=471.326   simsec/sec=1   ev/simsec=471.326
     Messages:  created: 108685   present: 39   in FES: 8
** Event #870912   t=3481.964784043487   Elapsed: 3481.91s (58m 01s)  55% completed  (55% total)
     Speed:     ev/sec=602.331   simsec/sec=0.999999   ev/simsec=602.331
     Messages:  created: 108876   present: 40   in FES: 8
** Event #871680   t=3483.98591551989   Elapsed: 3483.93s (58m 03s)  55% completed  (55% total)
     Speed:     ev/sec=379.985   simsec/sec=1   ev/simsec=379.985
     Messages:  created: 108968   present: 29   in FES: 8
** Event #872960   t=3486.221419804626   Elapsed: 3486.17s (58m 06s)  55% completed  (55% total)
     Speed:     ev/sec=572.578   simsec/sec=1   ev/simsec=572.578
     Messages:  created: 109129   present: 32   in FES: 8
** Event #873984   t=3488.455633311746   Elapsed: 3488.4s (58m 08s)  55% completed  (55% total)
     Speed:     ev/sec=458.327   simsec/sec=1   ev/simsec=458.327
     Messages:  created: 109254   present: 22   in FES: 8
** Event #875008   t=3490.731542266183   Elapsed: 3490.68s (58m 10s)  55% completed  (55% total)
     Speed:     ev/sec=449.93   simsec/sec=1   ev/simsec=449.93
     Messages:  created: 109379   present: 15   in FES: 7
** Event #875776   t=3493.127237277657   Elapsed: 3493.09s (58m 13s)  55% completed  (55% total)
     Speed:     ev/sec=317.802   simsec/sec=0.991351   ev/simsec=320.575
     Messages:  created: 109473   present: 10   in FES: 6
** Event #876800   t=3495.792746509723   Elapsed: 3495.74s (58m 15s)  55% completed  (55% total)
     Speed:     ev/sec=387.203   simsec/sec=1.0079   ev/simsec=384.167
     Messages:  created: 109602   present: 12   in FES: 7
** Event #877568   t=3498.404753142286   Elapsed: 3498.35s (58m 18s)  55% completed  (55% total)
     Speed:     ev/sec=294.026   simsec/sec=0.999999   ev/simsec=294.027
     Messages:  created: 109698   present: 12   in FES: 7
** Event #878336   t=3500.631394406171   Elapsed: 3500.59s (58m 20s)  55% completed  (55% total)
     Speed:     ev/sec=343.34   simsec/sec=0.995437   ev/simsec=344.914
     Messages:  created: 109793   present: 10   in FES: 6
** Event #879360   t=3503.143553916868   Elapsed: 3503.13s (58m 23s)  55% completed  (55% total)
     Speed:     ev/sec=402.476   simsec/sec=0.987387   ev/simsec=407.617
     Messages:  created: 109921   present: 10   in FES: 5
** Event #880640   t=3505.991100475705   Elapsed: 3505.95s (58m 25s)  55% completed  (55% total)
     Speed:     ev/sec=454.455   simsec/sec=1.011   ev/simsec=449.51
     Messages:  created: 110081   present: 10   in FES: 6
** Event #881408   t=3508.021274176671   Elapsed: 3507.97s (58m 27s)  55% completed  (55% total)
     Speed:     ev/sec=380.346   simsec/sec=1.00543   ev/simsec=378.293
     Messages:  created: 110177   present: 10   in FES: 6
** Event #882176   t=3510.111112869002   Elapsed: 3510.05s (58m 30s)  55% completed  (55% total)
     Speed:     ev/sec=367.555   simsec/sec=1.00017   ev/simsec=367.492
     Messages:  created: 110274   present: 12   in FES: 7
** Event #883200   t=3512.281330413215   Elapsed: 3512.23s (58m 32s)  55% completed  (55% total)
     Speed:     ev/sec=471.842   simsec/sec=1   ev/simsec=471.842
     Messages:  created: 110403   present: 14   in FES: 8
** Event #884480   t=3514.323828508622   Elapsed: 3514.27s (58m 34s)  55% completed  (55% total)
     Speed:     ev/sec=626.684   simsec/sec=1   ev/simsec=626.684
     Messages:  created: 110587   present: 78   in FES: 8
** Event #885760   t=3516.369109492654   Elapsed: 3516.31s (58m 36s)  55% completed  (55% total)
     Speed:     ev/sec=625.83   simsec/sec=0.999999   ev/simsec=625.831
     Messages:  created: 110755   present: 101   in FES: 8
** Event #887040   t=3518.594120895887   Elapsed: 3518.54s (58m 38s)  55% completed  (55% total)
     Speed:     ev/sec=574.357   simsec/sec=0.998398   ev/simsec=575.278
     Messages:  created: 110899   present: 58   in FES: 7
** Event #888320   t=3521.234314938474   Elapsed: 3521.2s (58m 41s)  55% completed  (55% total)
     Speed:     ev/sec=481.242   simsec/sec=0.992634   ev/simsec=484.813
     Messages:  created: 111041   present: 10   in FES: 6
** Event #889600   t=3523.439596273931   Elapsed: 3523.38s (58m 43s)  55% completed  (55% total)
     Speed:     ev/sec=586.585   simsec/sec=1.01061   ev/simsec=580.425
     Messages:  created: 111216   present: 49   in FES: 8
** Event #890880   t=3525.787311756842   Elapsed: 3525.73s (58m 45s)  55% completed  (55% total)
     Speed:     ev/sec=544.99   simsec/sec=0.999594   ev/simsec=545.211
     Messages:  created: 111373   present: 42   in FES: 7
** Event #891904   t=3528.3615097551   Elapsed: 3528.31s (58m 48s)  56% completed  (56% total)
     Speed:     ev/sec=397.941   simsec/sec=1.00037   ev/simsec=397.794
     Messages:  created: 111490   present: 13   in FES: 8
** Event #893184   t=3530.596882640556   Elapsed: 3530.54s (58m 50s)  56% completed  (56% total)
     Speed:     ev/sec=572.611   simsec/sec=0.999999   ev/simsec=572.611
     Messages:  created: 111654   present: 24   in FES: 8
** Event #894208   t=3532.668555890865   Elapsed: 3532.61s (58m 52s)  56% completed  (56% total)
     Speed:     ev/sec=494.287   simsec/sec=1   ev/simsec=494.286
     Messages:  created: 111778   present: 13   in FES: 7
** Event #895232   t=3534.884835146008   Elapsed: 3534.83s (58m 54s)  56% completed  (56% total)
     Speed:     ev/sec=462.036   simsec/sec=1   ev/simsec=462.036
     Messages:  created: 111912   present: 29   in FES: 8
** Event #896512   t=3537.595983781436   Elapsed: 3537.54s (58m 57s)  56% completed  (56% total)
     Speed:     ev/sec=472.124   simsec/sec=0.999999   ev/simsec=472.125
     Messages:  created: 112066   present: 13   in FES: 7
** Event #897536   t=3539.70063753711   Elapsed: 3539.65s (58m 59s)  56% completed  (56% total)
     Speed:     ev/sec=485.679   simsec/sec=0.998229   ev/simsec=486.541
     Messages:  created: 112193   present: 10   in FES: 6
** Event #898816   t=3541.963918644268   Elapsed: 3541.91s (59m 01s)  56% completed  (56% total)
     Speed:     ev/sec=566.484   simsec/sec=1.00165   ev/simsec=565.551
     Messages:  created: 112354   present: 15   in FES: 8
** Event #899840   t=3544.06992825526   Elapsed: 3544.01s (59m 04s)  56% completed  (56% total)
     Speed:     ev/sec=486.228   simsec/sec=1   ev/simsec=486.228
     Messages:  created: 112481   present: 12   in FES: 7
** Event #900352   t=3546.095532984668   Elapsed: 3546.07s (59m 06s)  56% completed  (56% total)
     Speed:     ev/sec=249.106   simsec/sec=0.985526   ev/simsec=252.764
     Messages:  created: 112544   present: 9   in FES: 5
** Event #900864   t=3548.775863100367   Elapsed: 3548.73s (59m 08s)  56% completed  (56% total)
     Speed:     ev/sec=192.618   simsec/sec=1.00836   ev/simsec=191.021
     Messages:  created: 112608   present: 9   in FES: 5
** Event #901376   t=3551.836151639332   Elapsed: 3551.78s (59m 11s)  56% completed  (56% total)
     Speed:     ev/sec=167.634   simsec/sec=1.00197   ev/simsec=167.304
     Messages:  created: 112672   present: 9   in FES: 5
** Event #901888   t=3555.337446969218   Elapsed: 3555.28s (59m 15s)  56% completed  (56% total)
     Speed:     ev/sec=146.295   simsec/sec=1.00043   ev/simsec=146.232
     Messages:  created: 112737   present: 11   in FES: 7
** Event #902656   t=3557.882710544271   Elapsed: 3557.83s (59m 17s)  56% completed  (56% total)
     Speed:     ev/sec=301.737   simsec/sec=1   ev/simsec=301.737
     Messages:  created: 112833   present: 12   in FES: 8
** Event #903424   t=3560.386134741436   Elapsed: 3560.33s (59m 20s)  56% completed  (56% total)
     Speed:     ev/sec=306.78   simsec/sec=1   ev/simsec=306.78
     Messages:  created: 112929   present: 11   in FES: 7
** Event #903936   t=3563.051810511121   Elapsed: 3563.01s (59m 23s)  56% completed  (56% total)
     Speed:     ev/sec=191.313   simsec/sec=0.996049   ev/simsec=192.071
     Messages:  created: 112992   present: 9   in FES: 5
** Event #904704   t=3565.345987864116   Elapsed: 3565.31s (59m 25s)  56% completed  (56% total)
     Speed:     ev/sec=334.009   simsec/sec=0.997754   ev/simsec=334.761
     Messages:  created: 113088   present: 9   in FES: 5
** Event #905472   t=3567.687585722899   Elapsed: 3567.63s (59m 27s)  56% completed  (56% total)
     Speed:     ev/sec=330.2   simsec/sec=1.00676   ev/simsec=327.981
     Messages:  created: 113185   present: 11   in FES: 7
** Event #906496   t=3570.008612491022   Elapsed: 3569.96s (59m 29s)  56% completed  (56% total)
     Speed:     ev/sec=439.505   simsec/sec=0.996195   ev/simsec=441.184
     Messages:  created: 113312   present: 9   in FES: 5
** Event #907264   t=3572.347604855533   Elapsed: 3572.29s (59m 32s)  56% completed  (56% total)
     Speed:     ev/sec=329.596   simsec/sec=1.00381   ev/simsec=328.347
     Messages:  created: 113409   present: 11   in FES: 6
** Event #908288   t=3574.603500699056   Elapsed: 3574.56s (59m 34s)  56% completed  (56% total)
     Speed:     ev/sec=452.342   simsec/sec=0.99652   ev/simsec=453.922
     Messages:  created: 113536   present: 9   in FES: 5
** Event #909056   t=3576.902325437671   Elapsed: 3576.85s (59m 36s)  56% completed  (56% total)
     Speed:     ev/sec=335.233   simsec/sec=1.00344   ev/simsec=334.084
     Messages:  created: 113633   present: 11   in FES: 7
** Event #910592   t=3579.365053955199   Elapsed: 3579.31s (59m 39s)  56% completed  (56% total)
     Speed:     ev/sec=623.699   simsec/sec=1   ev/simsec=623.698
     Messages:  created: 113826   present: 15   in FES: 8
** Event #911616   t=3581.872810906609   Elapsed: 3581.82s (59m 41s)  56% completed  (56% total)
     Speed:     ev/sec=408.333   simsec/sec=1   ev/simsec=408.333
     Messages:  created: 113953   present: 11   in FES: 7
** Event #912896   t=3584.527206100788   Elapsed: 3584.47s (59m 44s)  56% completed  (56% total)
     Speed:     ev/sec=482.219   simsec/sec=1   ev/simsec=482.219
     Messages:  created: 114114   present: 13   in FES: 8
** Event #913664   t=3586.593262492564   Elapsed: 3586.54s (59m 46s)  56% completed  (56% total)
     Speed:     ev/sec=370.976   simsec/sec=0.997992   ev/simsec=371.723
     Messages:  created: 114208   present: 9   in FES: 5
** Event #914688   t=3588.967055301444   Elapsed: 3588.91s (59m 48s)  56% completed  (56% total)
     Speed:     ev/sec=432.134   simsec/sec=1.00175   ev/simsec=431.377
     Messages:  created: 114339   present: 16   in FES: 8
** Event #915200   t=3591.344579724692   Elapsed: 3591.29s (59m 51s)  57% completed  (57% total)
     Speed:     ev/sec=215.159   simsec/sec=0.999115   ev/simsec=215.35
     Messages:  created: 114400   present: 9   in FES: 5
** Event #916224   t=3593.560421601037   Elapsed: 3593.51s (59m 53s)  57% completed  (57% total)
     Speed:     ev/sec=462.383   simsec/sec=1.00055   ev/simsec=462.127
     Messages:  created: 114528   present: 9   in FES: 5
** Event #917248   t=3596.310768648908   Elapsed: 3596.28s (59m 56s)  57% completed  (57% total)
     Speed:     ev/sec=369.549   simsec/sec=0.992567   ev/simsec=372.317
     Messages:  created: 114656   present: 9   in FES: 5
** Event #918016   t=3599.088198616081   Elapsed: 3599.03s (59m 59s)  57% completed  (57% total)
     Speed:     ev/sec=278.669   simsec/sec=1.00779   ev/simsec=276.515
     Messages:  created: 114754   present: 13   in FES: 8
t=3600.666583 executing removeServer()
scheduled complete remove at 3600.666583
** Event #919040   t=3601.384077059235   Elapsed: 3601.33s (1h 00m)  57% completed  (57% total)
     Speed:     ev/sec=446.017   simsec/sec=1   ev/simsec=446.017
     Messages:  created: 114887   present: 23   in FES: 7
** Event #919808   t=3603.801745686445   Elapsed: 3603.75s (1h 00m)  57% completed  (57% total)
     Speed:     ev/sec=317.662   simsec/sec=1   ev/simsec=317.661
     Messages:  created: 114984   present: 25   in FES: 7
** Event #920832   t=3606.418724260867   Elapsed: 3606.37s (1h 00m)  57% completed  (57% total)
     Speed:     ev/sec=390.779   simsec/sec=0.998692   ev/simsec=391.291
     Messages:  created: 115107   present: 13   in FES: 6
** Event #921856   t=3608.578373950317   Elapsed: 3608.52s (1h 00m)  57% completed  (57% total)
     Speed:     ev/sec=474.904   simsec/sec=1.00159   ev/simsec=474.151
     Messages:  created: 115246   present: 42   in FES: 7
** Event #922880   t=3611.284504315435   Elapsed: 3611.23s (1h 00m)  57% completed  (57% total)
     Speed:     ev/sec=378.4   simsec/sec=0.999999   ev/simsec=378.4
     Messages:  created: 115365   present: 19   in FES: 7
** Event #923648   t=3613.393959598618   Elapsed: 3613.35s (1h 00m)  57% completed  (57% total)
     Speed:     ev/sec=361.92   simsec/sec=0.994081   ev/simsec=364.075
     Messages:  created: 115468   present: 37   in FES: 6
** Event #924672   t=3616.017971166023   Elapsed: 3615.96s (1h 00m)  57% completed  (57% total)
     Speed:     ev/sec=392.119   simsec/sec=1.00481   ev/simsec=390.242
     Messages:  created: 115592   present: 25   in FES: 7
** Event #925696   t=3618.45283081376   Elapsed: 3618.4s (1h 00m)  57% completed  (57% total)
     Speed:     ev/sec=420.558   simsec/sec=1   ev/simsec=420.558
     Messages:  created: 115727   present: 44   in FES: 7
** Event #926720   t=3620.578316757273   Elapsed: 3620.52s (1h 00m)  57% completed  (57% total)
     Speed:     ev/sec=481.135   simsec/sec=0.998677   ev/simsec=481.772
     Messages:  created: 115873   present: 93   in FES: 6
** Event #927744   t=3622.788211436164   Elapsed: 3622.73s (1h 00m)  57% completed  (57% total)
     Speed:     ev/sec=463.961   simsec/sec=1.00127   ev/simsec=463.37
     Messages:  created: 116015   present: 130   in FES: 7
** Event #929024   t=3625.330514308125   Elapsed: 3625.27s (1h 00m)  57% completed  (57% total)
     Speed:     ev/sec=503.481   simsec/sec=1   ev/simsec=503.481
     Messages:  created: 116188   present: 164   in FES: 7
** Event #930048   t=3627.773087135475   Elapsed: 3627.72s (1h 00m)  57% completed  (57% total)
     Speed:     ev/sec=418.688   simsec/sec=0.998707   ev/simsec=419.23
     Messages:  created: 116330   present: 202   in FES: 6
** Event #930816   t=3629.801858902562   Elapsed: 3629.76s (1h 00m)  57% completed  (57% total)
     Speed:     ev/sec=376.582   simsec/sec=0.994791   ev/simsec=378.554
     Messages:  created: 116427   present: 205   in FES: 6
** Event #931584   t=3631.921175002794   Elapsed: 3631.86s (1h 00m)  57% completed  (57% total)
     Speed:     ev/sec=364.753   simsec/sec=1.00655   ev/simsec=362.381
     Messages:  created: 116506   present: 159   in FES: 7
** Event #932608   t=3634.515355035241   Elapsed: 3634.48s (1h 00m)  57% completed  (57% total)
     Speed:     ev/sec=391.944   simsec/sec=0.992943   ev/simsec=394.73
     Messages:  created: 116618   present: 117   in FES: 6
** Event #933632   t=3636.669492732071   Elapsed: 3636.61s (1h 00m)  57% completed  (57% total)
     Speed:     ev/sec=479.469   simsec/sec=1.00863   ev/simsec=475.364
     Messages:  created: 116760   present: 154   in FES: 7
** Event #934656   t=3639.224481004701   Elapsed: 3639.17s (1h 00m)  57% completed  (57% total)
     Speed:     ev/sec=400.784   simsec/sec=0.999999   ev/simsec=400.785
     Messages:  created: 116881   present: 136   in FES: 7
** Event #935680   t=3641.44604797147   Elapsed: 3641.39s (1h 00m)  57% completed  (57% total)
     Speed:     ev/sec=460.936   simsec/sec=1   ev/simsec=460.936
     Messages:  created: 117019   present: 162   in FES: 7
** Event #936704   t=3643.775311755357   Elapsed: 3643.72s (1h 00m)  57% completed  (57% total)
     Speed:     ev/sec=439.624   simsec/sec=0.999999   ev/simsec=439.624
     Messages:  created: 117155   present: 183   in FES: 7
** Event #937728   t=3646.146164111025   Elapsed: 3646.09s (1h 00m)  57% completed  (57% total)
     Speed:     ev/sec=431.912   simsec/sec=1   ev/simsec=431.912
     Messages:  created: 117284   present: 187   in FES: 7
** Event #938752   t=3648.205688522364   Elapsed: 3648.15s (1h 00m)  57% completed  (57% total)
     Speed:     ev/sec=497.203   simsec/sec=1   ev/simsec=497.202
     Messages:  created: 117436   present: 240   in FES: 8
** Event #939776   t=3650.501647829886   Elapsed: 3650.45s (1h 00m)  57% completed  (57% total)
     Speed:     ev/sec=446   simsec/sec=0.999999   ev/simsec=446.001
     Messages:  created: 117563   present: 237   in FES: 7
** Event #940800   t=3652.799062872992   Elapsed: 3652.74s (1h 00m)  57% completed  (57% total)
     Speed:     ev/sec=445.719   simsec/sec=1   ev/simsec=445.718
     Messages:  created: 117695   present: 245   in FES: 7
** Event #941824   t=3654.912453491584   Elapsed: 3654.86s (1h 00m)  58% completed  (58% total)
     Speed:     ev/sec=484.537   simsec/sec=1.00002   ev/simsec=484.529
     Messages:  created: 117822   present: 244   in FES: 8
** Event #942848   t=3657.42651866209   Elapsed: 3657.37s (1h 00m)  58% completed  (58% total)
     Speed:     ev/sec=407.303   simsec/sec=0.999986   ev/simsec=407.308
     Messages:  created: 117963   present: 270   in FES: 8
** Event #943872   t=3659.791050030281   Elapsed: 3659.73s (1h 00m)  58% completed  (58% total)
     Speed:     ev/sec=433.067   simsec/sec=1   ev/simsec=433.067
     Messages:  created: 118084   present: 256   in FES: 8
t=3660.666546 executing addServer()
adding server with latency=60
** Event #944896   t=3662.510334084161   Elapsed: 3662.47s (1h 01m)  58% completed  (58% total)
     Speed:     ev/sec=374.684   simsec/sec=0.994993   ev/simsec=376.57
     Messages:  created: 118217   present: 265   in FES: 7
** Event #945920   t=3664.954323879136   Elapsed: 3664.92s (1h 01m)  58% completed  (58% total)
     Speed:     ev/sec=418.288   simsec/sec=0.998331   ev/simsec=418.987
     Messages:  created: 118347   present: 269   in FES: 7
** Event #946944   t=3667.042510579046   Elapsed: 3667s (1h 01m)  58% completed  (58% total)
     Speed:     ev/sec=491.555   simsec/sec=1.0024   ev/simsec=490.378
     Messages:  created: 118481   present: 281   in FES: 7
** Event #947968   t=3669.648313946881   Elapsed: 3669.59s (1h 01m)  58% completed  (58% total)
     Speed:     ev/sec=394.832   simsec/sec=1.00474   ev/simsec=392.969
     Messages:  created: 118608   present: 279   in FES: 7
** Event #949248   t=3671.995277506216   Elapsed: 3671.94s (1h 01m)  58% completed  (58% total)
     Speed:     ev/sec=545.462   simsec/sec=1.00014   ev/simsec=545.386
     Messages:  created: 118808   present: 359   in FES: 7
** Event #950272   t=3674.025383392261   Elapsed: 3674s (1h 01m)  58% completed  (58% total)
     Speed:     ev/sec=496.986   simsec/sec=0.985287   ev/simsec=504.407
     Messages:  created: 118961   present: 409   in FES: 7
** Event #951296   t=3676.500873799081   Elapsed: 3676.45s (1h 01m)  58% completed  (58% total)
     Speed:     ev/sec=418.396   simsec/sec=1.01146   ev/simsec=413.655
     Messages:  created: 119079   present: 389   in FES: 7
** Event #952320   t=3678.833630592385   Elapsed: 3678.81s (1h 01m)  58% completed  (58% total)
     Speed:     ev/sec=433.229   simsec/sec=0.986932   ev/simsec=438.966
     Messages:  created: 119225   present: 425   in FES: 7
** Event #953344   t=3681.202205261435   Elapsed: 3681.15s (1h 01m)  58% completed  (58% total)
     Speed:     ev/sec=437.22   simsec/sec=1.01132   ev/simsec=432.328
     Messages:  created: 119360   present: 439   in FES: 7
** Event #954112   t=3683.408230697352   Elapsed: 3683.36s (1h 01m)  58% completed  (58% total)
     Speed:     ev/sec=348.399   simsec/sec=1.00075   ev/simsec=348.137
     Messages:  created: 119448   present: 423   in FES: 7
** Event #955648   t=3685.745938364965   Elapsed: 3685.69s (1h 01m)  58% completed  (58% total)
     Speed:     ev/sec=657.041   simsec/sec=0.999981   ev/simsec=657.054
     Messages:  created: 119689   present: 521   in FES: 7
** Event #956928   t=3688.06220702569   Elapsed: 3688.01s (1h 01m)  58% completed  (58% total)
     Speed:     ev/sec=553.773   simsec/sec=1.0021   ev/simsec=552.613
     Messages:  created: 119895   present: 613   in FES: 7
** Event #957952   t=3690.08435393364   Elapsed: 3690.03s (1h 01m)  58% completed  (58% total)
     Speed:     ev/sec=506.303   simsec/sec=0.999824   ev/simsec=506.392
     Messages:  created: 120051   present: 669   in FES: 7
** Event #958976   t=3692.219208217547   Elapsed: 3692.16s (1h 01m)  58% completed  (58% total)
     Speed:     ev/sec=479.702   simsec/sec=1.00009   ev/simsec=479.658
     Messages:  created: 120204   present: 719   in FES: 7
** Event #960256   t=3694.775492244424   Elapsed: 3694.74s (1h 01m)  58% completed  (58% total)
     Speed:     ev/sec=497.617   simsec/sec=0.99379   ev/simsec=500.727
     Messages:  created: 120376   present: 743   in FES: 7
** Event #961280   t=3697.139970583608   Elapsed: 3697.1s (1h 01m)  58% completed  (58% total)
     Speed:     ev/sec=433.575   simsec/sec=1.00115   ev/simsec=433.076
     Messages:  created: 120515   present: 765   in FES: 7
** Event #962048   t=3699.151905225445   Elapsed: 3699.1s (1h 01m)  58% completed  (58% total)
     Speed:     ev/sec=383.151   simsec/sec=1.00374   ev/simsec=381.722
     Messages:  created: 120597   present: 737   in FES: 7
** Event #962816   t=3701.30385507912   Elapsed: 3701.25s (1h 01m)  58% completed  (58% total)
     Speed:     ev/sec=357.343   simsec/sec=1.00128   ev/simsec=356.886
     Messages:  created: 120684   present: 719   in FES: 7
** Event #963840   t=3703.810672997797   Elapsed: 3703.75s (1h 01m)  58% completed  (58% total)
     Speed:     ev/sec=409.055   simsec/sec=1.00139   ev/simsec=408.486
     Messages:  created: 120789   present: 664   in FES: 8
** Event #964864   t=3705.818600349778   Elapsed: 3705.76s (1h 01m)  58% completed  (58% total)
     Speed:     ev/sec=509.978   simsec/sec=1   ev/simsec=509.979
     Messages:  created: 120928   present: 686   in FES: 8
** Event #966144   t=3708.475225828704   Elapsed: 3708.42s (1h 01m)  58% completed  (58% total)
     Speed:     ev/sec=481.814   simsec/sec=1   ev/simsec=481.814
     Messages:  created: 121113   present: 733   in FES: 8
** Event #967168   t=3710.914299526765   Elapsed: 3710.86s (1h 01m)  58% completed  (58% total)
     Speed:     ev/sec=419.831   simsec/sec=0.999999   ev/simsec=419.832
     Messages:  created: 121240   present: 732   in FES: 9
** Event #968192   t=3713.329913763   Elapsed: 3713.27s (1h 01m)  58% completed  (58% total)
     Speed:     ev/sec=423.909   simsec/sec=1   ev/simsec=423.909
     Messages:  created: 121375   present: 745   in FES: 8
** Event #969472   t=3715.804621333795   Elapsed: 3715.75s (1h 01m)  58% completed  (58% total)
     Speed:     ev/sec=517.232   simsec/sec=0.999998   ev/simsec=517.233
     Messages:  created: 121560   present: 796   in FES: 9
** Event #970496   t=3718.0525042898   Elapsed: 3718.02s (1h 01m)  59% completed  (59% total)
     Speed:     ev/sec=450.48   simsec/sec=0.988893   ev/simsec=455.54
     Messages:  created: 121698   present: 810   in FES: 7
** Event #971520   t=3720.188879285391   Elapsed: 3720.13s (1h 02m)  59% completed  (59% total)
     Speed:     ev/sec=485.05   simsec/sec=1.01196   ev/simsec=479.317
     Messages:  created: 121836   present: 829   in FES: 8
t=3720.666546 addServer() complete
t=3720.666557 executing setDimmer(0.75)
** Event #972800   t=3722.316171541069   Elapsed: 3722.26s (1h 02m)  59% completed  (59% total)
     Speed:     ev/sec=601.703   simsec/sec=0.999999   ev/simsec=601.704
     Messages:  created: 121991   present: 820   in FES: 8
** Event #974080   t=3724.452214031348   Elapsed: 3724.4s (1h 02m)  59% completed  (59% total)
     Speed:     ev/sec=599.239   simsec/sec=0.999999   ev/simsec=599.239
     Messages:  created: 122103   present: 724   in FES: 7
** Event #975104   t=3726.763154028518   Elapsed: 3726.71s (1h 02m)  59% completed  (59% total)
     Speed:     ev/sec=443.11   simsec/sec=1   ev/simsec=443.11
     Messages:  created: 122213   present: 686   in FES: 8
** Event #976384   t=3728.834031297308   Elapsed: 3728.79s (1h 02m)  59% completed  (59% total)
     Speed:     ev/sec=613.191   simsec/sec=0.992066   ev/simsec=618.096
     Messages:  created: 122338   present: 612   in FES: 7
** Event #977664   t=3731.056028267702   Elapsed: 3731s (1h 02m)  59% completed  (59% total)
     Speed:     ev/sec=580.384   simsec/sec=1.00751   ev/simsec=576.058
     Messages:  created: 122460   present: 537   in FES: 9
** Event #978944   t=3733.112447254793   Elapsed: 3733.06s (1h 02m)  59% completed  (59% total)
     Speed:     ev/sec=622.442   simsec/sec=1   ev/simsec=622.441
     Messages:  created: 122596   present: 488   in FES: 8
** Event #979968   t=3735.322266544344   Elapsed: 3735.27s (1h 02m)  59% completed  (59% total)
     Speed:     ev/sec=463.386   simsec/sec=1   ev/simsec=463.386
     Messages:  created: 122678   present: 396   in FES: 8
** Event #981248   t=3737.660284314922   Elapsed: 3737.62s (1h 02m)  59% completed  (59% total)
     Speed:     ev/sec=544.267   simsec/sec=0.994146   ev/simsec=547.472
     Messages:  created: 122806   present: 332   in FES: 7
** Event #982528   t=3740.063194609561   Elapsed: 3740.01s (1h 02m)  59% completed  (59% total)
     Speed:     ev/sec=535.757   simsec/sec=1.00576   ev/simsec=532.687
     Messages:  created: 122923   present: 245   in FES: 7
** Event #983808   t=3742.437337228191   Elapsed: 3742.38s (1h 02m)  59% completed  (59% total)
     Speed:     ev/sec=538.983   simsec/sec=0.999706   ev/simsec=539.142
     Messages:  created: 123042   present: 149   in FES: 6
** Event #985088   t=3744.856208495018   Elapsed: 3744.8s (1h 02m)  59% completed  (59% total)
     Speed:     ev/sec=529.28   simsec/sec=1.0002   ev/simsec=529.172
     Messages:  created: 123160   present: 37   in FES: 7
** Event #985856   t=3747.697227407295   Elapsed: 3747.64s (1h 02m)  59% completed  (59% total)
     Speed:     ev/sec=270.345   simsec/sec=1.00007   ev/simsec=270.326
     Messages:  created: 123246   present: 11   in FES: 7
** Event #986880   t=3750.206133477013   Elapsed: 3750.15s (1h 02m)  59% completed  (59% total)
     Speed:     ev/sec=408.146   simsec/sec=1   ev/simsec=408.146
     Messages:  created: 123378   present: 20   in FES: 8
** Event #988160   t=3752.687323157038   Elapsed: 3752.63s (1h 02m)  59% completed  (59% total)
     Speed:     ev/sec=515.88   simsec/sec=0.999996   ev/simsec=515.882
     Messages:  created: 123535   present: 12   in FES: 8
** Event #989184   t=3755.469857988524   Elapsed: 3755.41s (1h 02m)  59% completed  (59% total)
     Speed:     ev/sec=368.011   simsec/sec=1   ev/simsec=368.01
     Messages:  created: 123662   present: 10   in FES: 6
** Event #990208   t=3758.013408704382   Elapsed: 3757.96s (1h 02m)  59% completed  (59% total)
     Speed:     ev/sec=402.587   simsec/sec=0.999999   ev/simsec=402.587
     Messages:  created: 123790   present: 11   in FES: 7
** Event #991232   t=3760.100186557408   Elapsed: 3760.04s (1h 02m)  59% completed  (59% total)
     Speed:     ev/sec=490.709   simsec/sec=1   ev/simsec=490.709
     Messages:  created: 123918   present: 11   in FES: 7
** Event #992512   t=3762.449540428911   Elapsed: 3762.39s (1h 02m)  59% completed  (59% total)
     Speed:     ev/sec=544.63   simsec/sec=0.999632   ev/simsec=544.831
     Messages:  created: 124079   present: 13   in FES: 7
** Event #993280   t=3764.809920121883   Elapsed: 3764.75s (1h 02m)  59% completed  (59% total)
     Speed:     ev/sec=325.491   simsec/sec=1.00037   ev/simsec=325.371
     Messages:  created: 124174   present: 9   in FES: 5
** Event #993792   t=3767.571792179707   Elapsed: 3767.52s (1h 02m)  59% completed  (59% total)
     Speed:     ev/sec=185.381   simsec/sec=0.999999   ev/simsec=185.382
     Messages:  created: 124238   present: 10   in FES: 6
** Event #994816   t=3770.01648500538   Elapsed: 3769.96s (1h 02m)  59% completed  (59% total)
     Speed:     ev/sec=418.868   simsec/sec=1   ev/simsec=418.867
     Messages:  created: 124366   present: 11   in FES: 7
** Event #995584   t=3772.075518333007   Elapsed: 3772.02s (1h 02m)  59% completed  (59% total)
     Speed:     ev/sec=372.99   simsec/sec=1   ev/simsec=372.991
     Messages:  created: 124463   present: 12   in FES: 6
** Event #996864   t=3774.511674685988   Elapsed: 3774.46s (1h 02m)  59% completed  (59% total)
     Speed:     ev/sec=525.418   simsec/sec=1   ev/simsec=525.418
     Messages:  created: 124622   present: 11   in FES: 7
** Event #997888   t=3776.875428342683   Elapsed: 3776.82s (1h 02m)  59% completed  (59% total)
     Speed:     ev/sec=433.211   simsec/sec=1   ev/simsec=433.209
     Messages:  created: 124751   present: 12   in FES: 7
** Event #999168   t=3779.050041055092   Elapsed: 3778.99s (1h 02m)  59% completed  (59% total)
     Speed:     ev/sec=588.608   simsec/sec=0.999995   ev/simsec=588.611
     Messages:  created: 124910   present: 10   in FES: 6
t=3780.666572 executing setDimmer(0.5)
** Event #1000192   t=3781.740896600318   Elapsed: 3781.68s (1h 03m)  60% completed  (60% total)
     Speed:     ev/sec=380.548   simsec/sec=1   ev/simsec=380.548
     Messages:  created: 125037   present: 10   in FES: 6
** Event #1001216   t=3783.849907037977   Elapsed: 3783.79s (1h 03m)  60% completed  (60% total)
     Speed:     ev/sec=485.536   simsec/sec=1   ev/simsec=485.536
     Messages:  created: 125166   present: 11   in FES: 6
** Event #1002240   t=3785.989620714055   Elapsed: 3785.93s (1h 03m)  60% completed  (60% total)
     Speed:     ev/sec=478.568   simsec/sec=0.999999   ev/simsec=478.569
     Messages:  created: 125293   present: 9   in FES: 5
** Event #1003520   t=3788.339528565901   Elapsed: 3788.28s (1h 03m)  60% completed  (60% total)
     Speed:     ev/sec=544.702   simsec/sec=1   ev/simsec=544.702
     Messages:  created: 125454   present: 13   in FES: 8
** Event #1004800   t=3790.761008704106   Elapsed: 3790.7s (1h 03m)  60% completed  (60% total)
     Speed:     ev/sec=528.602   simsec/sec=1   ev/simsec=528.602
     Messages:  created: 125614   present: 12   in FES: 7
** Event #1005568   t=3792.766851072781   Elapsed: 3792.71s (1h 03m)  60% completed  (60% total)
     Speed:     ev/sec=382.515   simsec/sec=0.999042   ev/simsec=382.882
     Messages:  created: 125711   present: 15   in FES: 7
** Event #1007104   t=3794.769920649379   Elapsed: 3794.71s (1h 03m)  60% completed  (60% total)
     Speed:     ev/sec=767.558   simsec/sec=1.00096   ev/simsec=766.823
     Messages:  created: 125902   present: 12   in FES: 7
** Event #1008896   t=3796.954952463174   Elapsed: 3796.9s (1h 03m)  60% completed  (60% total)
     Speed:     ev/sec=820.127   simsec/sec=1   ev/simsec=820.125
     Messages:  created: 126128   present: 17   in FES: 8
** Event #1010432   t=3799.613657339129   Elapsed: 3799.56s (1h 03m)  60% completed  (60% total)
     Speed:     ev/sec=577.725   simsec/sec=1   ev/simsec=577.725
     Messages:  created: 126317   present: 10   in FES: 6
** Event #1011712   t=3802.019547182049   Elapsed: 3801.96s (1h 03m)  60% completed  (60% total)
     Speed:     ev/sec=532.027   simsec/sec=1   ev/simsec=532.028
     Messages:  created: 126477   present: 10   in FES: 6
** Event #1012736   t=3804.36916666899   Elapsed: 3804.31s (1h 03m)  60% completed  (60% total)
     Speed:     ev/sec=435.815   simsec/sec=1   ev/simsec=435.815
     Messages:  created: 126606   present: 11   in FES: 6
** Event #1014016   t=3806.73448996162   Elapsed: 3806.68s (1h 03m)  60% completed  (60% total)
     Speed:     ev/sec=541.152   simsec/sec=1   ev/simsec=541.152
     Messages:  created: 126765   present: 10   in FES: 6
** Event #1015040   t=3808.833796055942   Elapsed: 3808.78s (1h 03m)  60% completed  (60% total)
     Speed:     ev/sec=487.78   simsec/sec=0.999999   ev/simsec=487.78
     Messages:  created: 126893   present: 9   in FES: 5
** Event #1016064   t=3811.1038006927   Elapsed: 3811.05s (1h 03m)  60% completed  (60% total)
     Speed:     ev/sec=451.101   simsec/sec=1   ev/simsec=451.1
     Messages:  created: 127021   present: 9   in FES: 5
** Event #1017344   t=3813.270551038583   Elapsed: 3813.21s (1h 03m)  60% completed  (60% total)
     Speed:     ev/sec=590.747   simsec/sec=1   ev/simsec=590.746
     Messages:  created: 127182   present: 12   in FES: 8
** Event #1018368   t=3815.461521687417   Elapsed: 3815.41s (1h 03m)  60% completed  (60% total)
     Speed:     ev/sec=467.373   simsec/sec=1   ev/simsec=467.373
     Messages:  created: 127310   present: 11   in FES: 7
** Event #1019392   t=3817.659103403335   Elapsed: 3817.6s (1h 03m)  60% completed  (60% total)
     Speed:     ev/sec=465.966   simsec/sec=0.999999   ev/simsec=465.967
     Messages:  created: 127437   present: 9   in FES: 5
** Event #1020672   t=3820.071389056232   Elapsed: 3820.02s (1h 03m)  60% completed  (60% total)
     Speed:     ev/sec=530.617   simsec/sec=1   ev/simsec=530.617
     Messages:  created: 127597   present: 10   in FES: 6
** Event #1021696   t=3822.198704996637   Elapsed: 3822.14s (1h 03m)  60% completed  (60% total)
     Speed:     ev/sec=481.356   simsec/sec=0.999997   ev/simsec=481.358
     Messages:  created: 127726   present: 11   in FES: 7
** Event #1022720   t=3824.207502204711   Elapsed: 3824.15s (1h 03m)  60% completed  (60% total)
     Speed:     ev/sec=509.759   simsec/sec=1   ev/simsec=509.758
     Messages:  created: 127854   present: 13   in FES: 7
** Event #1023744   t=3826.223474094307   Elapsed: 3826.17s (1h 03m)  60% completed  (60% total)
     Speed:     ev/sec=507.944   simsec/sec=1   ev/simsec=507.944
     Messages:  created: 127983   present: 14   in FES: 8
** Event #1024768   t=3828.383495278754   Elapsed: 3828.33s (1h 03m)  60% completed  (60% total)
     Speed:     ev/sec=474.069   simsec/sec=0.999999   ev/simsec=474.069
     Messages:  created: 128110   present: 12   in FES: 6
** Event #1025792   t=3830.558870366115   Elapsed: 3830.5s (1h 03m)  60% completed  (60% total)
     Speed:     ev/sec=470.724   simsec/sec=1   ev/simsec=470.723
     Messages:  created: 128237   present: 10   in FES: 6
** Event #1027328   t=3833.05227987026   Elapsed: 3833s (1h 03m)  60% completed  (60% total)
     Speed:     ev/sec=616.024   simsec/sec=1   ev/simsec=616.024
     Messages:  created: 128429   present: 9   in FES: 5
** Event #1028352   t=3835.538230916584   Elapsed: 3835.48s (1h 03m)  60% completed  (60% total)
     Speed:     ev/sec=411.915   simsec/sec=1   ev/simsec=411.915
     Messages:  created: 128557   present: 10   in FES: 6
** Event #1029120   t=3837.687260305923   Elapsed: 3837.63s (1h 03m)  60% completed  (60% total)
     Speed:     ev/sec=357.37   simsec/sec=0.999998   ev/simsec=357.371
     Messages:  created: 128653   present: 9   in FES: 5
** Event #1030400   t=3839.763882009747   Elapsed: 3839.71s (1h 03m)  60% completed  (60% total)
     Speed:     ev/sec=616.386   simsec/sec=1   ev/simsec=616.386
     Messages:  created: 128814   present: 13   in FES: 7
t=3840.666578 executing setDimmer(0.75)
** Event #1031424   t=3842.249709748689   Elapsed: 3842.2s (1h 04m)  60% completed  (60% total)
     Speed:     ev/sec=410.724   simsec/sec=0.997059   ev/simsec=411.935
     Messages:  created: 128940   present: 9   in FES: 5
** Event #1032448   t=3844.71241163034   Elapsed: 3844.66s (1h 04m)  61% completed  (61% total)
     Speed:     ev/sec=417.045   simsec/sec=1.00299   ev/simsec=415.803
     Messages:  created: 129070   present: 13   in FES: 7
** Event #1033728   t=3847.362326575541   Elapsed: 3847.32s (1h 04m)  61% completed  (61% total)
     Speed:     ev/sec=480.458   simsec/sec=0.994667   ev/simsec=483.034
     Messages:  created: 129228   present: 9   in FES: 5
** Event #1034752   t=3850.136307494029   Elapsed: 3850.13s (1h 04m)  61% completed  (61% total)
     Speed:     ev/sec=363.917   simsec/sec=0.985838   ev/simsec=369.145
     Messages:  created: 129356   present: 9   in FES: 5
** Event #1035776   t=3852.454059138816   Elapsed: 3852.4s (1h 04m)  61% completed  (61% total)
     Speed:     ev/sec=451.488   simsec/sec=1.02191   ev/simsec=441.807
     Messages:  created: 129484   present: 9   in FES: 5
** Event #1036288   t=3854.610632595807   Elapsed: 3854.6s (1h 04m)  61% completed  (61% total)
     Speed:     ev/sec=232.865   simsec/sec=0.98084   ev/simsec=237.414
     Messages:  created: 129548   present: 9   in FES: 5
** Event #1037312   t=3857.032234401173   Elapsed: 3856.99s (1h 04m)  61% completed  (61% total)
     Speed:     ev/sec=427.761   simsec/sec=1.01159   ev/simsec=422.861
     Messages:  created: 129676   present: 9   in FES: 5
** Event #1038592   t=3859.130660011376   Elapsed: 3859.07s (1h 04m)  61% completed  (61% total)
     Speed:     ev/sec=615.479   simsec/sec=1.00901   ev/simsec=609.981
     Messages:  created: 129839   present: 16   in FES: 7
** Event #1039872   t=3861.272945425327   Elapsed: 3861.22s (1h 04m)  61% completed  (61% total)
     Speed:     ev/sec=595.67   simsec/sec=0.996949   ev/simsec=597.493
     Messages:  created: 129996   present: 9   in FES: 5
** Event #1041408   t=3863.717094776624   Elapsed: 3863.68s (1h 04m)  61% completed  (61% total)
     Speed:     ev/sec=626.433   simsec/sec=0.996808   ev/simsec=628.44
     Messages:  created: 130188   present: 9   in FES: 5
** Event #1042432   t=3866.102288476535   Elapsed: 3866.05s (1h 04m)  61% completed  (61% total)
     Speed:     ev/sec=431.92   simsec/sec=1.00607   ev/simsec=429.315
     Messages:  created: 130317   present: 12   in FES: 8
** Event #1043968   t=3868.364715410603   Elapsed: 3868.31s (1h 04m)  61% completed  (61% total)
     Speed:     ev/sec=677.113   simsec/sec=0.997344   ev/simsec=678.917
     Messages:  created: 130511   present: 17   in FES: 7
** Event #1045248   t=3870.387191324236   Elapsed: 3870.33s (1h 04m)  61% completed  (61% total)
     Speed:     ev/sec=634.779   simsec/sec=1.00299   ev/simsec=632.888
     Messages:  created: 130671   present: 16   in FES: 8
** Event #1046528   t=3872.608477008462   Elapsed: 3872.55s (1h 04m)  61% completed  (61% total)
     Speed:     ev/sec=576.243   simsec/sec=1   ev/simsec=576.243
     Messages:  created: 130831   present: 16   in FES: 7
** Event #1048064   t=3874.689619824229   Elapsed: 3874.63s (1h 04m)  61% completed  (61% total)
     Speed:     ev/sec=738.056   simsec/sec=1   ev/simsec=738.056
     Messages:  created: 131024   present: 19   in FES: 8
** Event #1049088   t=3877.216488609455   Elapsed: 3877.2s (1h 04m)  61% completed  (61% total)
     Speed:     ev/sec=398.384   simsec/sec=0.983071   ev/simsec=405.245
     Messages:  created: 131148   present: 9   in FES: 5
** Event #1050112   t=3879.733115947657   Elapsed: 3879.68s (1h 04m)  61% completed  (61% total)
     Speed:     ev/sec=414.053   simsec/sec=1.01759   ev/simsec=406.894
     Messages:  created: 131277   present: 11   in FES: 7
** Event #1051392   t=3882.108252570328   Elapsed: 3882.1s (1h 04m)  61% completed  (61% total)
     Speed:     ev/sec=527.775   simsec/sec=0.979327   ev/simsec=538.916
     Messages:  created: 131436   present: 9   in FES: 5
** Event #1052160   t=3884.28347536609   Elapsed: 3884.23s (1h 04m)  61% completed  (61% total)
     Speed:     ev/sec=361.133   simsec/sec=1.02285   ev/simsec=353.067
     Messages:  created: 131532   present: 9   in FES: 5
** Event #1053184   t=3887.0550170224   Elapsed: 3887s (1h 04m)  61% completed  (61% total)
     Speed:     ev/sec=369.624   simsec/sec=1.00042   ev/simsec=369.469
     Messages:  created: 131660   present: 9   in FES: 5
** Event #1053952   t=3889.584984750084   Elapsed: 3889.54s (1h 04m)  61% completed  (61% total)
     Speed:     ev/sec=302.509   simsec/sec=0.996534   ev/simsec=303.561
     Messages:  created: 131756   present: 9   in FES: 5
** Event #1054720   t=3891.663842310654   Elapsed: 3891.61s (1h 04m)  61% completed  (61% total)
     Speed:     ev/sec=371.075   simsec/sec=1.00444   ev/simsec=369.434
     Messages:  created: 131853   present: 11   in FES: 7
** Event #1055488   t=3893.665844891842   Elapsed: 3893.61s (1h 04m)  61% completed  (61% total)
     Speed:     ev/sec=383.616   simsec/sec=1   ev/simsec=383.616
     Messages:  created: 131949   present: 11   in FES: 7
** Event #1056512   t=3896.017517144291   Elapsed: 3895.96s (1h 04m)  61% completed  (61% total)
     Speed:     ev/sec=435.435   simsec/sec=1   ev/simsec=435.435
     Messages:  created: 132078   present: 15   in FES: 8
** Event #1057536   t=3898.185313432371   Elapsed: 3898.13s (1h 04m)  61% completed  (61% total)
     Speed:     ev/sec=472.333   simsec/sec=0.999923   ev/simsec=472.369
     Messages:  created: 132204   present: 9   in FES: 5
** Event #1058304   t=3900.497043525665   Elapsed: 3900.44s (1h 05m)  61% completed  (61% total)
     Speed:     ev/sec=332.243   simsec/sec=1.00007   ev/simsec=332.219
     Messages:  created: 132300   present: 9   in FES: 5
t=3900.666561 executing setDimmer(1)
** Event #1059328   t=3902.982958031499   Elapsed: 3902.93s (1h 05m)  61% completed  (61% total)
     Speed:     ev/sec=411.921   simsec/sec=1   ev/simsec=411.921
     Messages:  created: 132428   present: 10   in FES: 6
** Event #1060096   t=3905.783402376283   Elapsed: 3905.73s (1h 05m)  61% completed  (61% total)
     Speed:     ev/sec=274.242   simsec/sec=0.999999   ev/simsec=274.242
     Messages:  created: 132524   present: 10   in FES: 6
** Event #1061120   t=3907.972713028477   Elapsed: 3907.92s (1h 05m)  62% completed  (62% total)
     Speed:     ev/sec=467.727   simsec/sec=0.999999   ev/simsec=467.727
     Messages:  created: 132653   present: 13   in FES: 7
** Event #1062144   t=3919.734986249217   Elapsed: 3919.68s (1h 05m)  62% completed  (62% total)
     Speed:     ev/sec=87.058   simsec/sec=1   ev/simsec=87.058
     Messages:  created: 132788   present: 31   in FES: 8
** Event #1063168   t=3922.452161779915   Elapsed: 3922.4s (1h 05m)  62% completed  (62% total)
     Speed:     ev/sec=376.862   simsec/sec=1   ev/simsec=376.862
     Messages:  created: 132907   present: 9   in FES: 5
** Event #1063936   t=3924.715033301234   Elapsed: 3924.66s (1h 05m)  62% completed  (62% total)
     Speed:     ev/sec=339.392   simsec/sec=1   ev/simsec=339.392
     Messages:  created: 133004   present: 10   in FES: 6
** Event #1064960   t=3926.990282360712   Elapsed: 3926.93s (1h 05m)  62% completed  (62% total)
     Speed:     ev/sec=450.061   simsec/sec=1   ev/simsec=450.061
     Messages:  created: 133134   present: 17   in FES: 8
** Event #1066240   t=3929.255895343421   Elapsed: 3929.21s (1h 05m)  62% completed  (62% total)
     Speed:     ev/sec=562.003   simsec/sec=0.994751   ev/simsec=564.969
     Messages:  created: 133292   present: 11   in FES: 6
** Event #1067264   t=3931.374738365272   Elapsed: 3931.32s (1h 05m)  62% completed  (62% total)
     Speed:     ev/sec=485.074   simsec/sec=1.00371   ev/simsec=483.283
     Messages:  created: 133423   present: 19   in FES: 7
** Event #1068544   t=3933.440051103141   Elapsed: 3933.38s (1h 05m)  62% completed  (62% total)
     Speed:     ev/sec=621.002   simsec/sec=1.002   ev/simsec=619.761
     Messages:  created: 133593   present: 45   in FES: 8
** Event #1069568   t=3935.911402609185   Elapsed: 3935.86s (1h 05m)  62% completed  (62% total)
     Speed:     ev/sec=414.348   simsec/sec=1   ev/simsec=414.348
     Messages:  created: 133707   present: 9   in FES: 5
** Event #1070848   t=3938.068251384891   Elapsed: 3938.01s (1h 05m)  62% completed  (62% total)
     Speed:     ev/sec=593.458   simsec/sec=0.999999   ev/simsec=593.458
     Messages:  created: 133873   present: 25   in FES: 8
** Event #1071872   t=3940.275849418919   Elapsed: 3940.23s (1h 05m)  62% completed  (62% total)
     Speed:     ev/sec=461.301   simsec/sec=0.9945   ev/simsec=463.853
     Messages:  created: 133999   present: 19   in FES: 7
** Event #1073152   t=3942.827263157899   Elapsed: 3942.77s (1h 05m)  62% completed  (62% total)
     Speed:     ev/sec=504.095   simsec/sec=1.00481   ev/simsec=501.683
     Messages:  created: 134157   present: 13   in FES: 8
** Event #1074432   t=3945.099970326409   Elapsed: 3945.04s (1h 05m)  62% completed  (62% total)
     Speed:     ev/sec=563.206   simsec/sec=1   ev/simsec=563.205
     Messages:  created: 134330   present: 47   in FES: 8
** Event #1075712   t=3947.420651773373   Elapsed: 3947.38s (1h 05m)  62% completed  (62% total)
     Speed:     ev/sec=548.952   simsec/sec=0.995268   ev/simsec=551.562
     Messages:  created: 134482   present: 27   in FES: 6
** Event #1076480   t=3949.541520169159   Elapsed: 3949.49s (1h 05m)  62% completed  (62% total)
     Speed:     ev/sec=364.009   simsec/sec=1.00523   ev/simsec=362.116
     Messages:  created: 134574   present: 15   in FES: 7
** Event #1077504   t=3951.982944101719   Elapsed: 3951.93s (1h 05m)  62% completed  (62% total)
     Speed:     ev/sec=419.427   simsec/sec=1   ev/simsec=419.427
     Messages:  created: 134701   present: 13   in FES: 8
** Event #1078528   t=3953.98807757397   Elapsed: 3953.94s (1h 05m)  62% completed  (62% total)
     Speed:     ev/sec=508.772   simsec/sec=0.996246   ev/simsec=510.689
     Messages:  created: 134834   present: 27   in FES: 7
** Event #1080064   t=3956.281180539114   Elapsed: 3956.22s (1h 05m)  62% completed  (62% total)
     Speed:     ev/sec=672.05   simsec/sec=1.00331   ev/simsec=669.835
     Messages:  created: 135034   present: 47   in FES: 8
** Event #1081600   t=3958.618288748512   Elapsed: 3958.56s (1h 05m)  62% completed  (62% total)
     Speed:     ev/sec=657.222   simsec/sec=0.999999   ev/simsec=657.222
     Messages:  created: 135230   present: 58   in FES: 8
t=3960.666547 executing removeServer()
scheduled complete remove at 3960.68258240095
** Event #1082624   t=3960.914947408862   Elapsed: 3960.86s (1h 06m)  62% completed  (62% total)
     Speed:     ev/sec=445.865   simsec/sec=0.999999   ev/simsec=445.865
     Messages:  created: 135345   present: 20   in FES: 7
** Event #1083648   t=3963.017241526095   Elapsed: 3962.96s (1h 06m)  62% completed  (62% total)
     Speed:     ev/sec=487.087   simsec/sec=1   ev/simsec=487.087
     Messages:  created: 135487   present: 57   in FES: 7
** Event #1084672   t=3965.359403766897   Elapsed: 3965.3s (1h 06m)  62% completed  (62% total)
     Speed:     ev/sec=437.203   simsec/sec=1   ev/simsec=437.203
     Messages:  created: 135637   present: 116   in FES: 7
** Event #1085696   t=3967.793385251973   Elapsed: 3967.74s (1h 06m)  62% completed  (62% total)
     Speed:     ev/sec=420.71   simsec/sec=1   ev/simsec=420.71
     Messages:  created: 135772   present: 134   in FES: 7
** Event #1086720   t=3970.073554582238   Elapsed: 3970.02s (1h 06m)  63% completed  (63% total)
     Speed:     ev/sec=449.089   simsec/sec=0.999999   ev/simsec=449.089
     Messages:  created: 135907   present: 153   in FES: 7
** Event #1088000   t=3972.294896332162   Elapsed: 3972.26s (1h 06m)  63% completed  (63% total)
     Speed:     ev/sec=571.411   simsec/sec=0.991639   ev/simsec=576.228
     Messages:  created: 136100   present: 233   in FES: 6
** Event #1089536   t=3974.772756937771   Elapsed: 3974.72s (1h 06m)  63% completed  (63% total)
     Speed:     ev/sec=623.693   simsec/sec=1.00614   ev/simsec=619.89
     Messages:  created: 136371   present: 391   in FES: 6
** Event #1090560   t=3976.976763997528   Elapsed: 3976.92s (1h 06m)  63% completed  (63% total)
     Speed:     ev/sec=465.192   simsec/sec=1.00126   ev/simsec=464.608
     Messages:  created: 136523   present: 439   in FES: 6
** Event #1091840   t=3979.454175788337   Elapsed: 3979.4s (1h 06m)  63% completed  (63% total)
     Speed:     ev/sec=516.157   simsec/sec=0.99901   ev/simsec=516.668
     Messages:  created: 136703   present: 479   in FES: 6
** Event #1092864   t=3981.785169564775   Elapsed: 3981.75s (1h 06m)  63% completed  (63% total)
     Speed:     ev/sec=436.232   simsec/sec=0.993021   ev/simsec=439.298
     Messages:  created: 136854   present: 525   in FES: 6
** Event #1093888   t=3984.154167459582   Elapsed: 3984.1s (1h 06m)  63% completed  (63% total)
     Speed:     ev/sec=434.867   simsec/sec=1.00605   ev/simsec=432.25
     Messages:  created: 136979   present: 519   in FES: 6
** Event #1094912   t=3986.40548918162   Elapsed: 3986.35s (1h 06m)  63% completed  (63% total)
     Speed:     ev/sec=454.849   simsec/sec=1.00001   ev/simsec=454.844
     Messages:  created: 137131   present: 567   in FES: 6
** Event #1096192   t=3988.880322357923   Elapsed: 3988.83s (1h 06m)  63% completed  (63% total)
     Speed:     ev/sec=517.035   simsec/sec=0.999668   ev/simsec=517.207
     Messages:  created: 137331   present: 647   in FES: 6
** Event #1097472   t=3991.149300549111   Elapsed: 3991.1s (1h 06m)  63% completed  (63% total)
     Speed:     ev/sec=565.033   simsec/sec=1.0016   ev/simsec=564.131
     Messages:  created: 137532   present: 729   in FES: 6
** Event #1098752   t=3993.800074551179   Elapsed: 3993.76s (1h 06m)  63% completed  (63% total)
     Speed:     ev/sec=480.308   simsec/sec=0.994679   ev/simsec=482.878
     Messages:  created: 137709   present: 763   in FES: 6
** Event #1099776   t=3995.893603826704   Elapsed: 3995.84s (1h 06m)  63% completed  (63% total)
     Speed:     ev/sec=492.53   simsec/sec=1.00696   ev/simsec=489.126
     Messages:  created: 137855   present: 799   in FES: 6
** Event #1100800   t=3998.062116926005   Elapsed: 3998.01s (1h 06m)  63% completed  (63% total)
     Speed:     ev/sec=471.264   simsec/sec=0.997991   ev/simsec=472.213
     Messages:  created: 137994   present: 821   in FES: 6
** Event #1101824   t=4000.270258036037   Elapsed: 4000.23s (1h 06m)  63% completed  (63% total)
     Speed:     ev/sec=461.611   simsec/sec=0.995413   ev/simsec=463.738
     Messages:  created: 138130   present: 837   in FES: 6
** Event #1103104   t=4002.595199343378   Elapsed: 4002.58s (1h 06m)  63% completed  (63% total)
     Speed:     ev/sec=545.847   simsec/sec=0.991455   ev/simsec=550.552
     Messages:  created: 138309   present: 867   in FES: 6
** Event #1104384   t=4005.160510447456   Elapsed: 4005.1s (1h 06m)  63% completed  (63% total)
     Speed:     ev/sec=506.247   simsec/sec=1.0146   ev/simsec=498.965
     Messages:  created: 138476   present: 878   in FES: 7
** Event #1105408   t=4007.239048387742   Elapsed: 4007.18s (1h 06m)  63% completed  (63% total)
     Speed:     ev/sec=492.653   simsec/sec=0.999997   ev/simsec=492.654
     Messages:  created: 138600   present: 860   in FES: 7
** Event #1106432   t=4009.466216461449   Elapsed: 4009.44s (1h 06m)  63% completed  (63% total)
     Speed:     ev/sec=454.129   simsec/sec=0.987716   ev/simsec=459.777
     Messages:  created: 138717   present: 835   in FES: 6
** Event #1107456   t=4011.511996842436   Elapsed: 4011.46s (1h 06m)  63% completed  (63% total)
     Speed:     ev/sec=507.413   simsec/sec=1.01373   ev/simsec=500.542
     Messages:  created: 138857   present: 856   in FES: 7
** Event #1108480   t=4013.741529714195   Elapsed: 4013.69s (1h 06m)  63% completed  (63% total)
     Speed:     ev/sec=459.288   simsec/sec=0.999999   ev/simsec=459.289
     Messages:  created: 138938   present: 747   in FES: 7
** Event #1109504   t=4016.068148984442   Elapsed: 4016.01s (1h 06m)  63% completed  (63% total)
     Speed:     ev/sec=440.124   simsec/sec=1   ev/simsec=440.124
     Messages:  created: 139057   present: 720   in FES: 7
** Event #1110528   t=4018.574639183091   Elapsed: 4018.52s (1h 06m)  63% completed  (63% total)
     Speed:     ev/sec=408.54   simsec/sec=1   ev/simsec=408.539
     Messages:  created: 139188   present: 722   in FES: 8
t=4020.666553 executing addServer()
adding server with latency=60
** Event #1111552   t=4020.84479901729   Elapsed: 4020.79s (1h 07m)  63% completed  (63% total)
     Speed:     ev/sec=451.069   simsec/sec=0.999999   ev/simsec=451.07
     Messages:  created: 139308   present: 701   in FES: 9
** Event #1112832   t=4023.322900562291   Elapsed: 4023.28s (1h 07m)  63% completed  (63% total)
     Speed:     ev/sec=514.512   simsec/sec=0.996104   ev/simsec=516.524
     Messages:  created: 139473   present: 708   in FES: 7
** Event #1113600   t=4025.324921737953   Elapsed: 4025.28s (1h 07m)  63% completed  (63% total)
     Speed:     ev/sec=383.287   simsec/sec=0.999151   ev/simsec=383.612
     Messages:  created: 139565   present: 700   in FES: 7
** Event #1114368   t=4027.415644205743   Elapsed: 4027.36s (1h 07m)  63% completed  (63% total)
     Speed:     ev/sec=369.349   simsec/sec=1.00548   ev/simsec=367.337
     Messages:  created: 139648   present: 674   in FES: 7
** Event #1115136   t=4029.72323358312   Elapsed: 4029.68s (1h 07m)  63% completed  (63% total)
     Speed:     ev/sec=331.304   simsec/sec=0.995459   ev/simsec=332.815
     Messages:  created: 139720   present: 626   in FES: 7
** Event #1116160   t=4032.248521402607   Elapsed: 4032.19s (1h 07m)  64% completed  (64% total)
     Speed:     ev/sec=406.956   simsec/sec=1.00359   ev/simsec=405.498
     Messages:  created: 139847   present: 624   in FES: 7
** Event #1117184   t=4034.784021454109   Elapsed: 4034.73s (1h 07m)  64% completed  (64% total)
     Speed:     ev/sec=404.102   simsec/sec=1.00059   ev/simsec=403.865
     Messages:  created: 139969   present: 611   in FES: 8
** Event #1118208   t=4037.126170402506   Elapsed: 4037.07s (1h 07m)  64% completed  (64% total)
     Speed:     ev/sec=437.205   simsec/sec=0.999999   ev/simsec=437.205
     Messages:  created: 140088   present: 594   in FES: 9
** Event #1119232   t=4039.742478484294   Elapsed: 4039.69s (1h 07m)  64% completed  (64% total)
     Speed:     ev/sec=391.391   simsec/sec=1   ev/simsec=391.391
     Messages:  created: 140222   present: 606   in FES: 9
** Event #1120256   t=4041.752767716675   Elapsed: 4041.7s (1h 07m)  64% completed  (64% total)
     Speed:     ev/sec=509.379   simsec/sec=1   ev/simsec=509.379
     Messages:  created: 140372   present: 650   in FES: 9
** Event #1121536   t=4044.279709368092   Elapsed: 4044.22s (1h 07m)  64% completed  (64% total)
     Speed:     ev/sec=506.542   simsec/sec=1   ev/simsec=506.541
     Messages:  created: 140559   present: 704   in FES: 9
** Event #1122816   t=4046.435756335141   Elapsed: 4046.38s (1h 07m)  64% completed  (64% total)
     Speed:     ev/sec=593.679   simsec/sec=1   ev/simsec=593.679
     Messages:  created: 140772   present: 810   in FES: 9
** Event #1124096   t=4049.107642090741   Elapsed: 4049.05s (1h 07m)  64% completed  (64% total)
     Speed:     ev/sec=479.062   simsec/sec=1   ev/simsec=479.062
     Messages:  created: 140934   present: 814   in FES: 9
** Event #1124864   t=4051.302348548945   Elapsed: 4051.25s (1h 07m)  64% completed  (64% total)
     Speed:     ev/sec=349.933   simsec/sec=1   ev/simsec=349.933
     Messages:  created: 141024   present: 801   in FES: 8
** Event #1125888   t=4053.8453527086   Elapsed: 4053.79s (1h 07m)  64% completed  (64% total)
     Speed:     ev/sec=402.673   simsec/sec=0.999999   ev/simsec=402.673
     Messages:  created: 141150   present: 798   in FES: 9
** Event #1127168   t=4056.157660187338   Elapsed: 4056.1s (1h 07m)  64% completed  (64% total)
     Speed:     ev/sec=553.555   simsec/sec=0.999992   ev/simsec=553.56
     Messages:  created: 141296   present: 751   in FES: 8
** Event #1128192   t=4058.330177223361   Elapsed: 4058.27s (1h 07m)  64% completed  (64% total)
     Speed:     ev/sec=471.347   simsec/sec=1.00001   ev/simsec=471.343
     Messages:  created: 141416   present: 723   in FES: 8
** Event #1129216   t=4060.640098211338   Elapsed: 4060.58s (1h 07m)  64% completed  (64% total)
     Speed:     ev/sec=443.306   simsec/sec=1   ev/simsec=443.305
     Messages:  created: 141542   present: 717   in FES: 8
** Event #1130496   t=4062.818103560534   Elapsed: 4062.76s (1h 07m)  64% completed  (64% total)
     Speed:     ev/sec=587.694   simsec/sec=1   ev/simsec=587.694
     Messages:  created: 141736   present: 786   in FES: 9
** Event #1131520   t=4065.006136922445   Elapsed: 4064.95s (1h 07m)  64% completed  (64% total)
     Speed:     ev/sec=468   simsec/sec=1   ev/simsec=468
     Messages:  created: 141881   present: 820   in FES: 9
** Event #1132544   t=4067.191273999895   Elapsed: 4067.14s (1h 07m)  64% completed  (64% total)
     Speed:     ev/sec=468.621   simsec/sec=1   ev/simsec=468.62
     Messages:  created: 142021   present: 843   in FES: 8
** Event #1133568   t=4069.267409543013   Elapsed: 4069.21s (1h 07m)  64% completed  (64% total)
     Speed:     ev/sec=493.222   simsec/sec=0.999996   ev/simsec=493.224
     Messages:  created: 142180   present: 906   in FES: 9
** Event #1134848   t=4071.681219248508   Elapsed: 4071.63s (1h 07m)  64% completed  (64% total)
     Speed:     ev/sec=530.283   simsec/sec=1   ev/simsec=530.282
     Messages:  created: 142339   present: 891   in FES: 9
** Event #1135872   t=4073.897667253863   Elapsed: 4073.84s (1h 07m)  64% completed  (64% total)
     Speed:     ev/sec=462.001   simsec/sec=1   ev/simsec=462
     Messages:  created: 142438   present: 818   in FES: 8
** Event #1136896   t=4076.276960345584   Elapsed: 4076.22s (1h 07m)  64% completed  (64% total)
     Speed:     ev/sec=430.034   simsec/sec=0.999197   ev/simsec=430.38
     Messages:  created: 142548   present: 779   in FES: 7
** Event #1137920   t=4078.397792659474   Elapsed: 4078.34s (1h 07m)  64% completed  (64% total)
     Speed:     ev/sec=483.265   simsec/sec=1.0009   ev/simsec=482.829
     Messages:  created: 142686   present: 796   in FES: 8
** Event #1138944   t=4080.483939647306   Elapsed: 4080.44s (1h 08m)  64% completed  (64% total)
     Speed:     ev/sec=488.936   simsec/sec=0.996087   ev/simsec=490.857
     Messages:  created: 142786   present: 729   in FES: 7
t=4080.666553 addServer() complete
t=4080.666576 executing setDimmer(0.75)
** Event #1139968   t=4082.547159877656   Elapsed: 4082.49s (1h 08m)  64% completed  (64% total)
     Speed:     ev/sec=498.29   simsec/sec=1.00399   ev/simsec=496.312
     Messages:  created: 142883   present: 665   in FES: 8
** Event #1141248   t=4084.707192856443   Elapsed: 4084.65s (1h 08m)  64% completed  (64% total)
     Speed:     ev/sec=592.584   simsec/sec=1   ev/simsec=592.584
     Messages:  created: 143000   present: 578   in FES: 7
** Event #1142528   t=4086.727255366404   Elapsed: 4086.67s (1h 08m)  64% completed  (64% total)
     Speed:     ev/sec=633.644   simsec/sec=1   ev/simsec=633.644
     Messages:  created: 143134   present: 528   in FES: 9
** Event #1144064   t=4088.734478180991   Elapsed: 4088.69s (1h 08m)  64% completed  (64% total)
     Speed:     ev/sec=759.461   simsec/sec=0.992452   ev/simsec=765.236
     Messages:  created: 143320   present: 516   in FES: 7
** Event #1145600   t=4091.040320821386   Elapsed: 4090.98s (1h 08m)  64% completed  (64% total)
     Speed:     ev/sec=670.439   simsec/sec=1.00646   ev/simsec=666.134
     Messages:  created: 143497   present: 485   in FES: 7
** Event #1146880   t=4093.053005259088   Elapsed: 4093s (1h 08m)  64% completed  (64% total)
     Speed:     ev/sec=636.111   simsec/sec=1.00023   ev/simsec=635.967
     Messages:  created: 143624   present: 420   in FES: 8
** Event #1148160   t=4095.334897441128   Elapsed: 4095.28s (1h 08m)  65% completed  (65% total)
     Speed:     ev/sec=559.955   simsec/sec=0.998248   ev/simsec=560.938
     Messages:  created: 143756   present: 363   in FES: 7
** Event #1149440   t=4097.399598128861   Elapsed: 4097.34s (1h 08m)  65% completed  (65% total)
     Speed:     ev/sec=621.15   simsec/sec=1.00194   ev/simsec=619.945
     Messages:  created: 143885   present: 302   in FES: 8
** Event #1150720   t=4099.643471190256   Elapsed: 4099.59s (1h 08m)  65% completed  (65% total)
     Speed:     ev/sec=570.184   simsec/sec=0.999547   ev/simsec=570.442
     Messages:  created: 144013   present: 237   in FES: 7
** Event #1152000   t=4101.738469816135   Elapsed: 4101.68s (1h 08m)  65% completed  (65% total)
     Speed:     ev/sec=610.496   simsec/sec=0.99921   ev/simsec=610.979
     Messages:  created: 144153   present: 193   in FES: 7
** Event #1154048   t=4103.799741874286   Elapsed: 4103.75s (1h 08m)  65% completed  (65% total)
     Speed:     ev/sec=991.244   simsec/sec=0.997668   ev/simsec=993.561
     Messages:  created: 144418   present: 217   in FES: 7
** Event #1155584   t=4106.1310542662   Elapsed: 4106.07s (1h 08m)  65% completed  (65% total)
     Speed:     ev/sec=660.981   simsec/sec=1.00323   ev/simsec=658.856
     Messages:  created: 144590   present: 163   in FES: 8
** Event #1157120   t=4108.255031651266   Elapsed: 4108.2s (1h 08m)  65% completed  (65% total)
     Speed:     ev/sec=723.171   simsec/sec=1   ev/simsec=723.172
     Messages:  created: 144770   present: 132   in FES: 8
** Event #1158912   t=4110.71105025268   Elapsed: 4110.66s (1h 08m)  65% completed  (65% total)
     Speed:     ev/sec=728.489   simsec/sec=0.998428   ev/simsec=729.636
     Messages:  created: 144981   present: 97   in FES: 6
** Event #1160448   t=4113.056887152008   Elapsed: 4113s (1h 08m)  65% completed  (65% total)
     Speed:     ev/sec=655.858   simsec/sec=1.00165   ev/simsec=654.777
     Messages:  created: 145165   present: 76   in FES: 8
** Event #1161984   t=4115.486322433642   Elapsed: 4115.43s (1h 08m)  65% completed  (65% total)
     Speed:     ev/sec=632.245   simsec/sec=0.999999   ev/simsec=632.246
     Messages:  created: 145336   present: 19   in FES: 7
** Event #1163008   t=4117.60637910461   Elapsed: 4117.56s (1h 08m)  65% completed  (65% total)
     Speed:     ev/sec=480.373   simsec/sec=0.994549   ev/simsec=483.006
     Messages:  created: 145460   present: 9   in FES: 5
** Event #1164032   t=4120.258072382096   Elapsed: 4120.21s (1h 08m)  65% completed  (65% total)
     Speed:     ev/sec=385.99   simsec/sec=0.999538   ev/simsec=386.168
     Messages:  created: 145588   present: 9   in FES: 5
** Event #1165056   t=4122.513020284682   Elapsed: 4122.46s (1h 08m)  65% completed  (65% total)
     Speed:     ev/sec=456.307   simsec/sec=1.00483   ev/simsec=454.112
     Messages:  created: 145716   present: 9   in FES: 5
** Event #1166080   t=4124.938554417888   Elapsed: 4124.91s (1h 08m)  65% completed  (65% total)
     Speed:     ev/sec=417.56   simsec/sec=0.989068   ev/simsec=422.175
     Messages:  created: 145844   present: 9   in FES: 5
** Event #1167104   t=4127.141094759953   Elapsed: 4127.1s (1h 08m)  65% completed  (65% total)
     Speed:     ev/sec=466.934   simsec/sec=1.00434   ev/simsec=464.918
     Messages:  created: 145972   present: 9   in FES: 5
** Event #1168128   t=4129.356155053365   Elapsed: 4129.33s (1h 08m)  65% completed  (65% total)
     Speed:     ev/sec=460.221   simsec/sec=0.995524   ev/simsec=462.29
     Messages:  created: 146100   present: 9   in FES: 5
** Event #1169664   t=4131.863950475892   Elapsed: 4131.81s (1h 08m)  65% completed  (65% total)
     Speed:     ev/sec=619.721   simsec/sec=1.01181   ev/simsec=612.49
     Messages:  created: 146293   present: 12   in FES: 7
** Event #1170688   t=4134.062390322351   Elapsed: 4134.02s (1h 08m)  65% completed  (65% total)
     Speed:     ev/sec=463.388   simsec/sec=0.994855   ev/simsec=465.785
     Messages:  created: 146423   present: 17   in FES: 7
** Event #1171968   t=4136.128515145789   Elapsed: 4136.07s (1h 08m)  65% completed  (65% total)
     Speed:     ev/sec=622.946   simsec/sec=1.00553   ev/simsec=619.517
     Messages:  created: 146581   present: 11   in FES: 6
** Event #1173248   t=4138.64340314353   Elapsed: 4138.59s (1h 08m)  65% completed  (65% total)
     Speed:     ev/sec=508.968   simsec/sec=0.999998   ev/simsec=508.969
     Messages:  created: 146741   present: 11   in FES: 7
t=4140.666586 executing setDimmer(0.5)
** Event #1174528   t=4141.095448683309   Elapsed: 4141.04s (1h 09m)  65% completed  (65% total)
     Speed:     ev/sec=521.474   simsec/sec=0.998967   ev/simsec=522.013
     Messages:  created: 146900   present: 11   in FES: 7
** Event #1175552   t=4143.138890958348   Elapsed: 4143.08s (1h 09m)  65% completed  (65% total)
     Speed:     ev/sec=501.658   simsec/sec=1.00108   ev/simsec=501.115
     Messages:  created: 147028   present: 11   in FES: 5
** Event #1176832   t=4145.452254422233   Elapsed: 4145.4s (1h 09m)  65% completed  (65% total)
     Speed:     ev/sec=553.383   simsec/sec=1.00014   ev/simsec=553.307
     Messages:  created: 147187   present: 9   in FES: 5
** Event #1177856   t=4147.581058837804   Elapsed: 4147.52s (1h 09m)  65% completed  (65% total)
     Speed:     ev/sec=481.024   simsec/sec=1.00001   ev/simsec=481.021
     Messages:  created: 147318   present: 15   in FES: 6
** Event #1179392   t=4150.051846193912   Elapsed: 4150s (1h 09m)  65% completed  (65% total)
     Speed:     ev/sec=621.664   simsec/sec=0.999999   ev/simsec=621.664
     Messages:  created: 147507   present: 9   in FES: 5
** Event #1180672   t=4152.415494268969   Elapsed: 4152.36s (1h 09m)  65% completed  (65% total)
     Speed:     ev/sec=541.489   simsec/sec=0.999913   ev/simsec=541.536
     Messages:  created: 147668   present: 11   in FES: 6
** Event #1181952   t=4154.660937653797   Elapsed: 4154.6s (1h 09m)  65% completed  (65% total)
     Speed:     ev/sec=570.096   simsec/sec=1.00009   ev/simsec=570.043
     Messages:  created: 147828   present: 10   in FES: 6
** Event #1182976   t=4156.705235751101   Elapsed: 4156.65s (1h 09m)  65% completed  (65% total)
     Speed:     ev/sec=499.703   simsec/sec=0.9976   ev/simsec=500.905
     Messages:  created: 147956   present: 11   in FES: 7
** Event #1184256   t=4159.133699000705   Elapsed: 4159.08s (1h 09m)  66% completed  (66% total)
     Speed:     ev/sec=528.152   simsec/sec=1.00203   ev/simsec=527.082
     Messages:  created: 148116   present: 10   in FES: 6
** Event #1185280   t=4161.181144620081   Elapsed: 4161.12s (1h 09m)  66% completed  (66% total)
     Speed:     ev/sec=500.136   simsec/sec=1   ev/simsec=500.135
     Messages:  created: 148245   present: 13   in FES: 7
** Event #1186560   t=4163.246522935281   Elapsed: 4163.19s (1h 09m)  66% completed  (66% total)
     Speed:     ev/sec=619.407   simsec/sec=0.999461   ev/simsec=619.741
     Messages:  created: 148404   present: 11   in FES: 7
** Event #1188096   t=4165.653642558224   Elapsed: 4165.6s (1h 09m)  66% completed  (66% total)
     Speed:     ev/sec=638.402   simsec/sec=1.00046   ev/simsec=638.107
     Messages:  created: 148595   present: 9   in FES: 5
** Event #1189120   t=4167.838197696199   Elapsed: 4167.78s (1h 09m)  66% completed  (66% total)
     Speed:     ev/sec=468.403   simsec/sec=0.999269   ev/simsec=468.745
     Messages:  created: 148724   present: 11   in FES: 7
** Event #1190144   t=4169.842720462257   Elapsed: 4169.81s (1h 09m)  66% completed  (66% total)
     Speed:     ev/sec=506.189   simsec/sec=0.990887   ev/simsec=510.845
     Messages:  created: 148852   present: 11   in FES: 5
** Event #1191168   t=4172.028824415991   Elapsed: 4171.97s (1h 09m)  66% completed  (66% total)
     Speed:     ev/sec=472.746   simsec/sec=1.00925   ev/simsec=468.413
     Messages:  created: 148980   present: 10   in FES: 6
** Event #1192192   t=4174.489133010851   Elapsed: 4174.43s (1h 09m)  66% completed  (66% total)
     Speed:     ev/sec=416.208   simsec/sec=1   ev/simsec=416.208
     Messages:  created: 149107   present: 9   in FES: 5
** Event #1193216   t=4176.933748769997   Elapsed: 4176.88s (1h 09m)  66% completed  (66% total)
     Speed:     ev/sec=418.88   simsec/sec=1   ev/simsec=418.88
     Messages:  created: 149235   present: 9   in FES: 5
** Event #1194240   t=4179.423667409198   Elapsed: 4179.37s (1h 09m)  66% completed  (66% total)
     Speed:     ev/sec=411.258   simsec/sec=1   ev/simsec=411.258
     Messages:  created: 149363   present: 9   in FES: 5
** Event #1195776   t=4182.044913365793   Elapsed: 4181.99s (1h 09m)  66% completed  (66% total)
     Speed:     ev/sec=585.981   simsec/sec=1   ev/simsec=585.981
     Messages:  created: 149556   present: 10   in FES: 6
** Event #1196800   t=4184.477219280222   Elapsed: 4184.42s (1h 09m)  66% completed  (66% total)
     Speed:     ev/sec=421   simsec/sec=1   ev/simsec=421
     Messages:  created: 149683   present: 9   in FES: 5
** Event #1198080   t=4186.690825015218   Elapsed: 4186.65s (1h 09m)  66% completed  (66% total)
     Speed:     ev/sec=575.382   simsec/sec=0.995054   ev/simsec=578.242
     Messages:  created: 149844   present: 11   in FES: 6
** Event #1199104   t=4188.870599168264   Elapsed: 4188.81s (1h 09m)  66% completed  (66% total)
     Speed:     ev/sec=472.156   simsec/sec=1.00507   ev/simsec=469.773
     Messages:  created: 149972   present: 10   in FES: 6
** Event #1200384   t=4191.230670079212   Elapsed: 4191.19s (1h 09m)  66% completed  (66% total)
     Speed:     ev/sec=538.844   simsec/sec=0.993524   ev/simsec=542.357
     Messages:  created: 150132   present: 11   in FES: 7
** Event #1201152   t=4193.470575902935   Elapsed: 4193.41s (1h 09m)  66% completed  (66% total)
     Speed:     ev/sec=345.243   simsec/sec=1.00692   ev/simsec=342.872
     Messages:  created: 150228   present: 10   in FES: 6
** Event #1202688   t=4195.915011455474   Elapsed: 4195.87s (1h 09m)  66% completed  (66% total)
     Speed:     ev/sec=626.358   simsec/sec=0.996805   ev/simsec=628.366
     Messages:  created: 150420   present: 11   in FES: 6
** Event #1203968   t=4198.121360945699   Elapsed: 4198.07s (1h 09m)  66% completed  (66% total)
     Speed:     ev/sec=581.288   simsec/sec=1.00197   ev/simsec=580.144
     Messages:  created: 150580   present: 11   in FES: 6
** Event #1205248   t=4200.283897248365   Elapsed: 4200.23s (1h 10m)  66% completed  (66% total)
     Speed:     ev/sec=592.844   simsec/sec=1.0016   ev/simsec=591.898
     Messages:  created: 150739   present: 10   in FES: 6
t=4200.666592 executing setDimmer(0.75)
** Event #1206272   t=4202.39852858948   Elapsed: 4202.34s (1h 10m)  66% completed  (66% total)
     Speed:     ev/sec=484.253   simsec/sec=1.00002   ev/simsec=484.245
     Messages:  created: 150867   present: 10   in FES: 6
** Event #1207040   t=4204.590769226318   Elapsed: 4204.53s (1h 10m)  66% completed  (66% total)
     Speed:     ev/sec=350.327   simsec/sec=1   ev/simsec=350.327
     Messages:  created: 150964   present: 12   in FES: 7
** Event #1207808   t=4206.866778793691   Elapsed: 4206.82s (1h 10m)  66% completed  (66% total)
     Speed:     ev/sec=336.486   simsec/sec=0.997194   ev/simsec=337.433
     Messages:  created: 151060   present: 13   in FES: 6
** Event #1208576   t=4209.282334605747   Elapsed: 4209.27s (1h 10m)  66% completed  (66% total)
     Speed:     ev/sec=312.85   simsec/sec=0.983992   ev/simsec=317.939
     Messages:  created: 151156   present: 13   in FES: 7
** Event #1209600   t=4211.439631944775   Elapsed: 4211.38s (1h 10m)  66% completed  (66% total)
     Speed:     ev/sec=484.941   simsec/sec=1.02164   ev/simsec=474.668
     Messages:  created: 151283   present: 9   in FES: 5
** Event #1210368   t=4213.706460698828   Elapsed: 4213.65s (1h 10m)  66% completed  (66% total)
     Speed:     ev/sec=338.799   simsec/sec=1   ev/simsec=338.799
     Messages:  created: 151379   present: 9   in FES: 5
** Event #1211136   t=4215.841766481101   Elapsed: 4215.79s (1h 10m)  66% completed  (66% total)
     Speed:     ev/sec=359.667   simsec/sec=0.999999   ev/simsec=359.667
     Messages:  created: 151475   present: 9   in FES: 5
** Event #1212416   t=4218.666228935942   Elapsed: 4218.61s (1h 10m)  66% completed  (66% total)
     Speed:     ev/sec=453.184   simsec/sec=1   ev/simsec=453.184
     Messages:  created: 151635   present: 9   in FES: 5
** Event #1213184   t=4221.008298072916   Elapsed: 4220.95s (1h 10m)  67% completed  (67% total)
     Speed:     ev/sec=327.915   simsec/sec=1   ev/simsec=327.915
     Messages:  created: 151733   present: 15   in FES: 8
** Event #1214208   t=4223.639640225887   Elapsed: 4223.58s (1h 10m)  67% completed  (67% total)
     Speed:     ev/sec=389.155   simsec/sec=1   ev/simsec=389.155
     Messages:  created: 151860   present: 12   in FES: 7
** Event #1215488   t=4226.293565247538   Elapsed: 4226.24s (1h 10m)  67% completed  (67% total)
     Speed:     ev/sec=482.304   simsec/sec=0.999999   ev/simsec=482.305
     Messages:  created: 152019   present: 11   in FES: 7
** Event #1216000   t=4228.569889829973   Elapsed: 4228.51s (1h 10m)  67% completed  (67% total)
     Speed:     ev/sec=224.924   simsec/sec=0.999999   ev/simsec=224.924
     Messages:  created: 152083   present: 10   in FES: 6
** Event #1217024   t=4230.758175296073   Elapsed: 4230.7s (1h 10m)  67% completed  (67% total)
     Speed:     ev/sec=467.947   simsec/sec=1   ev/simsec=467.946
     Messages:  created: 152211   present: 11   in FES: 7
** Event #1217792   t=4232.916449630774   Elapsed: 4232.86s (1h 10m)  67% completed  (67% total)
     Speed:     ev/sec=355.845   simsec/sec=1.00001   ev/simsec=355.84
     Messages:  created: 152307   present: 10   in FES: 6
** Event #1218560   t=4235.933235359271   Elapsed: 4235.88s (1h 10m)  67% completed  (67% total)
     Speed:     ev/sec=254.573   simsec/sec=0.99999   ev/simsec=254.576
     Messages:  created: 152403   present: 10   in FES: 6
** Event #1219584   t=4238.624658399953   Elapsed: 4238.57s (1h 10m)  67% completed  (67% total)
     Speed:     ev/sec=380.468   simsec/sec=1   ev/simsec=380.468
     Messages:  created: 152533   present: 15   in FES: 8
** Event #1221120   t=4240.858939226156   Elapsed: 4240.81s (1h 10m)  67% completed  (67% total)
     Speed:     ev/sec=686.567   simsec/sec=0.998687   ev/simsec=687.47
     Messages:  created: 152736   present: 45   in FES: 7
** Event #1222144   t=4242.877840060629   Elapsed: 4242.82s (1h 10m)  67% completed  (67% total)
     Speed:     ev/sec=507.945   simsec/sec=1.00146   ev/simsec=507.207
     Messages:  created: 152851   present: 9   in FES: 5
** Event #1223424   t=4245.424390695812   Elapsed: 4245.37s (1h 10m)  67% completed  (67% total)
     Speed:     ev/sec=502.641   simsec/sec=1   ev/simsec=502.641
     Messages:  created: 153012   present: 12   in FES: 7
** Event #1224192   t=4247.446280657711   Elapsed: 4247.39s (1h 10m)  67% completed  (67% total)
     Speed:     ev/sec=379.842   simsec/sec=0.999999   ev/simsec=379.843
     Messages:  created: 153107   present: 10   in FES: 6
** Event #1225472   t=4249.493148205757   Elapsed: 4249.44s (1h 10m)  67% completed  (67% total)
     Speed:     ev/sec=625.347   simsec/sec=1   ev/simsec=625.346
     Messages:  created: 153278   present: 40   in FES: 8
** Event #1227520   t=4251.574044965079   Elapsed: 4251.52s (1h 10m)  67% completed  (67% total)
     Speed:     ev/sec=984.191   simsec/sec=1   ev/simsec=984.191
     Messages:  created: 153562   present: 115   in FES: 8
** Event #1229312   t=4253.787165576977   Elapsed: 4253.73s (1h 10m)  67% completed  (67% total)
     Speed:     ev/sec=809.716   simsec/sec=0.999999   ev/simsec=809.716
     Messages:  created: 153779   present: 95   in FES: 8
** Event #1230848   t=4255.895210131114   Elapsed: 4255.84s (1h 10m)  67% completed  (67% total)
     Speed:     ev/sec=728.638   simsec/sec=1   ev/simsec=728.637
     Messages:  created: 153954   present: 49   in FES: 7
** Event #1232640   t=4258.10967757058   Elapsed: 4258.05s (1h 10m)  67% completed  (67% total)
     Speed:     ev/sec=808.735   simsec/sec=0.999396   ev/simsec=809.224
     Messages:  created: 154179   present: 53   in FES: 7
** Event #1234432   t=4260.242689487577   Elapsed: 4260.19s (1h 11m)  67% completed  (67% total)
     Speed:     ev/sec=839.15   simsec/sec=0.998838   ev/simsec=840.127
     Messages:  created: 154394   present: 30   in FES: 7
t=4260.666583 executing setDimmer(1)
** Event #1235968   t=4262.387131987943   Elapsed: 4262.33s (1h 11m)  67% completed  (67% total)
     Speed:     ev/sec=717.548   simsec/sec=1.00178   ev/simsec=716.27
     Messages:  created: 154598   present: 62   in FES: 8
** Event #1237248   t=4264.532870462092   Elapsed: 4264.48s (1h 11m)  67% completed  (67% total)
     Speed:     ev/sec=596.531   simsec/sec=1   ev/simsec=596.531
     Messages:  created: 154754   present: 53   in FES: 8
** Event #1238272   t=4266.953293527482   Elapsed: 4266.9s (1h 11m)  67% completed  (67% total)
     Speed:     ev/sec=423.06   simsec/sec=0.999985   ev/simsec=423.067
     Messages:  created: 154866   present: 9   in FES: 5
** Event #1239552   t=4269.053227019286   Elapsed: 4269s (1h 11m)  67% completed  (67% total)
     Speed:     ev/sec=608.243   simsec/sec=0.997867   ev/simsec=609.543
     Messages:  created: 155043   present: 55   in FES: 7
** Event #1241088   t=4271.157402258789   Elapsed: 4271.1s (1h 11m)  67% completed  (67% total)
     Speed:     ev/sec=731.551   simsec/sec=1.00216   ev/simsec=729.977
     Messages:  created: 155269   present: 146   in FES: 8
** Event #1242368   t=4273.378582885229   Elapsed: 4273.32s (1h 11m)  67% completed  (67% total)
     Speed:     ev/sec=576.27   simsec/sec=0.999999   ev/simsec=576.27
     Messages:  created: 155426   present: 137   in FES: 8
** Event #1243648   t=4275.402249272226   Elapsed: 4275.35s (1h 11m)  67% completed  (67% total)
     Speed:     ev/sec=632.515   simsec/sec=1   ev/simsec=632.515
     Messages:  created: 155586   present: 138   in FES: 8
** Event #1244672   t=4277.600750106781   Elapsed: 4277.54s (1h 11m)  67% completed  (67% total)
     Speed:     ev/sec=465.772   simsec/sec=0.999999   ev/simsec=465.772
     Messages:  created: 155690   present: 74   in FES: 8
** Event #1245696   t=4279.778049921387   Elapsed: 4279.72s (1h 11m)  67% completed  (67% total)
     Speed:     ev/sec=470.307   simsec/sec=1   ev/simsec=470.307
     Messages:  created: 155796   present: 14   in FES: 8
** Event #1246464   t=4281.968599868873   Elapsed: 4281.91s (1h 11m)  67% completed  (67% total)
     Speed:     ev/sec=350.597   simsec/sec=1   ev/simsec=350.597
     Messages:  created: 155894   present: 19   in FES: 7
** Event #1248000   t=4283.988772960052   Elapsed: 4283.93s (1h 11m)  67% completed  (67% total)
     Speed:     ev/sec=760.331   simsec/sec=1   ev/simsec=760.331
     Messages:  created: 156126   present: 126   in FES: 8
** Event #1249280   t=4286.169994453041   Elapsed: 4286.12s (1h 11m)  68% completed  (68% total)
     Speed:     ev/sec=585.764   simsec/sec=0.998189   ev/simsec=586.827
     Messages:  created: 156280   present: 111   in FES: 7
** Event #1250816   t=4288.580683136054   Elapsed: 4288.52s (1h 11m)  68% completed  (68% total)
     Speed:     ev/sec=638.211   simsec/sec=1.00165   ev/simsec=637.162
     Messages:  created: 156484   present: 142   in FES: 8
** Event #1252608   t=4290.709465070334   Elapsed: 4290.65s (1h 11m)  68% completed  (68% total)
     Speed:     ev/sec=841.795   simsec/sec=0.999999   ev/simsec=841.796
     Messages:  created: 156755   present: 267   in FES: 8
** Event #1253888   t=4293.135862144356   Elapsed: 4293.08s (1h 11m)  68% completed  (68% total)
     Speed:     ev/sec=527.531   simsec/sec=1   ev/simsec=527.531
     Messages:  created: 156887   present: 193   in FES: 8
** Event #1255168   t=4295.313118771857   Elapsed: 4295.26s (1h 11m)  68% completed  (68% total)
     Speed:     ev/sec=587.896   simsec/sec=1   ev/simsec=587.896
     Messages:  created: 157023   present: 130   in FES: 8
** Event #1256448   t=4297.757490903658   Elapsed: 4297.71s (1h 11m)  68% completed  (68% total)
     Speed:     ev/sec=521.608   simsec/sec=0.996097   ev/simsec=523.652
     Messages:  created: 157149   present: 39   in FES: 7
** Event #1257728   t=4299.864953243782   Elapsed: 4299.81s (1h 11m)  68% completed  (68% total)
     Speed:     ev/sec=610.138   simsec/sec=1.00457   ev/simsec=607.366
     Messages:  created: 157311   present: 43   in FES: 8
** Event #1259008   t=4302.167994197097   Elapsed: 4302.11s (1h 11m)  68% completed  (68% total)
     Speed:     ev/sec=555.787   simsec/sec=1   ev/simsec=555.787
     Messages:  created: 157469   present: 38   in FES: 8
** Event #1260544   t=4304.332256043109   Elapsed: 4304.28s (1h 11m)  68% completed  (68% total)
     Speed:     ev/sec=709.71   simsec/sec=0.999999   ev/simsec=709.711
     Messages:  created: 157687   present: 108   in FES: 8
** Event #1261824   t=4306.444181577807   Elapsed: 4306.39s (1h 11m)  68% completed  (68% total)
     Speed:     ev/sec=605.058   simsec/sec=0.998311   ev/simsec=606.082
     Messages:  created: 157851   present: 119   in FES: 7
** Event #1263104   t=4308.636526236074   Elapsed: 4308.58s (1h 11m)  68% completed  (68% total)
     Speed:     ev/sec=584.804   simsec/sec=1.00163   ev/simsec=583.85
     Messages:  created: 157993   present: 70   in FES: 8
** Event #1264384   t=4310.986433093434   Elapsed: 4310.93s (1h 11m)  68% completed  (68% total)
     Speed:     ev/sec=544.706   simsec/sec=1.00001   ev/simsec=544.702
     Messages:  created: 158130   present: 10   in FES: 6
** Event #1265152   t=4313.065672834142   Elapsed: 4313.01s (1h 11m)  68% completed  (68% total)
     Speed:     ev/sec=369.142   simsec/sec=0.999393   ev/simsec=369.366
     Messages:  created: 158228   present: 15   in FES: 6
** Event #1266432   t=4315.442421412453   Elapsed: 4315.39s (1h 11m)  68% completed  (68% total)
     Speed:     ev/sec=538.833   simsec/sec=1.00052   ev/simsec=538.551
     Messages:  created: 158394   present: 30   in FES: 8
** Event #1267712   t=4317.684510130193   Elapsed: 4317.63s (1h 11m)  68% completed  (68% total)
     Speed:     ev/sec=570.284   simsec/sec=0.998928   ev/simsec=570.896
     Messages:  created: 158560   present: 47   in FES: 7
t=4320.666575 executing setDimmer(0.75)
** Event #1268736   t=4320.869637161206   Elapsed: 4320.82s (1h 12m)  68% completed  (68% total)
     Speed:     ev/sec=321.422   simsec/sec=0.999775   ev/simsec=321.494
     Messages:  created: 158673   present: 9   in FES: 5
** Event #1269504   t=4323.19535046369   Elapsed: 4323.17s (1h 12m)  68% completed  (68% total)
     Speed:     ev/sec=327.005   simsec/sec=0.990261   ev/simsec=330.221
     Messages:  created: 158769   present: 9   in FES: 5
** Event #1270784   t=4325.343541243932   Elapsed: 4325.29s (1h 12m)  68% completed  (68% total)
     Speed:     ev/sec=603.149   simsec/sec=1.01225   ev/simsec=595.85
     Messages:  created: 158930   present: 11   in FES: 7
** Event #1271808   t=4327.353630002434   Elapsed: 4327.3s (1h 12m)  68% completed  (68% total)
     Speed:     ev/sec=509.431   simsec/sec=1   ev/simsec=509.43
     Messages:  created: 159059   present: 13   in FES: 8
** Event #1273088   t=4329.356979549278   Elapsed: 4329.32s (1h 12m)  68% completed  (68% total)
     Speed:     ev/sec=633.386   simsec/sec=0.991323   ev/simsec=638.93
     Messages:  created: 159217   present: 9   in FES: 5
** Event #1273856   t=4331.587863297106   Elapsed: 4331.55s (1h 12m)  68% completed  (68% total)
     Speed:     ev/sec=344.101   simsec/sec=0.999544   ev/simsec=344.258
     Messages:  created: 159313   present: 9   in FES: 5
** Event #1274880   t=4333.798375452251   Elapsed: 4333.74s (1h 12m)  68% completed  (68% total)
     Speed:     ev/sec=467.162   simsec/sec=1.00846   ev/simsec=463.241
     Messages:  created: 159442   present: 11   in FES: 6
** Event #1275904   t=4335.896130560178   Elapsed: 4335.88s (1h 12m)  68% completed  (68% total)
     Speed:     ev/sec=479.318   simsec/sec=0.981925   ev/simsec=488.141
     Messages:  created: 159569   present: 9   in FES: 5
** Event #1276672   t=4338.489418151605   Elapsed: 4338.43s (1h 12m)  68% completed  (68% total)
     Speed:     ev/sec=300.626   simsec/sec=1.01512   ev/simsec=296.149
     Messages:  created: 159666   present: 11   in FES: 7
** Event #1277696   t=4340.970027460396   Elapsed: 4340.91s (1h 12m)  68% completed  (68% total)
     Speed:     ev/sec=412.808   simsec/sec=1.00002   ev/simsec=412.802
     Messages:  created: 159794   present: 11   in FES: 7
** Event #1278976   t=4343.14478022404   Elapsed: 4343.09s (1h 12m)  68% completed  (68% total)
     Speed:     ev/sec=588.559   simsec/sec=0.999977   ev/simsec=588.573
     Messages:  created: 159955   present: 14   in FES: 8
** Event #1279744   t=4345.792230269117   Elapsed: 4345.74s (1h 12m)  68% completed  (68% total)
     Speed:     ev/sec=290.091   simsec/sec=1   ev/simsec=290.09
     Messages:  created: 160051   present: 13   in FES: 7
** Event #1280512   t=4347.810677055924   Elapsed: 4347.76s (1h 12m)  69% completed  (69% total)
     Speed:     ev/sec=378.85   simsec/sec=0.995688   ev/simsec=380.491
     Messages:  created: 160145   present: 9   in FES: 5
** Event #1281280   t=4349.932615179039   Elapsed: 4349.88s (1h 12m)  69% completed  (69% total)
     Speed:     ev/sec=363.431   simsec/sec=1.00414   ev/simsec=361.933
     Messages:  created: 160242   present: 11   in FES: 7
** Event #1282560   t=4352.004812708489   Elapsed: 4351.95s (1h 12m)  69% completed  (69% total)
     Speed:     ev/sec=617.701   simsec/sec=0.999999   ev/simsec=617.702
     Messages:  created: 160402   present: 11   in FES: 7
** Event #1283328   t=4354.023601646258   Elapsed: 4353.97s (1h 12m)  69% completed  (69% total)
     Speed:     ev/sec=380.426   simsec/sec=1   ev/simsec=380.426
     Messages:  created: 160499   present: 14   in FES: 8
** Event #1284096   t=4356.664432224967   Elapsed: 4356.61s (1h 12m)  69% completed  (69% total)
     Speed:     ev/sec=290.819   simsec/sec=1.00001   ev/simsec=290.818
     Messages:  created: 160594   present: 12   in FES: 8
** Event #1284864   t=4359.084486437015   Elapsed: 4359.03s (1h 12m)  69% completed  (69% total)
     Speed:     ev/sec=317.346   simsec/sec=0.999994   ev/simsec=317.348
     Messages:  created: 160691   present: 13   in FES: 7
** Event #1286400   t=4361.381205021376   Elapsed: 4361.33s (1h 12m)  69% completed  (69% total)
     Speed:     ev/sec=667.927   simsec/sec=0.998724   ev/simsec=668.78
     Messages:  created: 160887   present: 25   in FES: 7
** Event #1287424   t=4363.473051649066   Elapsed: 4363.42s (1h 12m)  69% completed  (69% total)
     Speed:     ev/sec=490.207   simsec/sec=1.0014   ev/simsec=489.52
     Messages:  created: 161011   present: 14   in FES: 6
** Event #1288704   t=4365.716411405714   Elapsed: 4365.66s (1h 12m)  69% completed  (69% total)
     Speed:     ev/sec=570.569   simsec/sec=0.999994   ev/simsec=570.573
     Messages:  created: 161173   present: 20   in FES: 8
** Event #1289728   t=4368.048017889201   Elapsed: 4368.01s (1h 12m)  69% completed  (69% total)
     Speed:     ev/sec=436.431   simsec/sec=0.993736   ev/simsec=439.182
     Messages:  created: 161297   present: 9   in FES: 5
** Event #1290752   t=4370.40118757778   Elapsed: 4370.34s (1h 12m)  69% completed  (69% total)
     Speed:     ev/sec=437.895   simsec/sec=1.00629   ev/simsec=435.158
     Messages:  created: 161427   present: 13   in FES: 8
** Event #1291776   t=4372.73533060718   Elapsed: 4372.69s (1h 12m)  69% completed  (69% total)
     Speed:     ev/sec=437.32   simsec/sec=0.996843   ev/simsec=438.705
     Messages:  created: 161556   present: 17   in FES: 7
** Event #1293056   t=4375.156532372932   Elapsed: 4375.1s (1h 12m)  69% completed  (69% total)
     Speed:     ev/sec=530.282   simsec/sec=1.00306   ev/simsec=528.663
     Messages:  created: 161716   present: 16   in FES: 8
** Event #1294080   t=4377.591979792064   Elapsed: 4377.54s (1h 12m)  69% completed  (69% total)
     Speed:     ev/sec=420.457   simsec/sec=1   ev/simsec=420.457
     Messages:  created: 161842   present: 12   in FES: 7
** Event #1295616   t=4379.686628396708   Elapsed: 4379.63s (1h 12m)  69% completed  (69% total)
     Speed:     ev/sec=733.297   simsec/sec=0.999999   ev/simsec=733.297
     Messages:  created: 162038   present: 22   in FES: 8
t=4380.666562 executing setDimmer(1)
** Event #1296640   t=4382.281968801043   Elapsed: 4382.23s (1h 13m)  69% completed  (69% total)
     Speed:     ev/sec=393.642   simsec/sec=0.997691   ev/simsec=394.553
     Messages:  created: 162161   present: 11   in FES: 7
** Event #1297920   t=4384.945636374919   Elapsed: 4384.89s (1h 13m)  69% completed  (69% total)
     Speed:     ev/sec=480.963   simsec/sec=1.00088   ev/simsec=480.54
     Messages:  created: 162321   present: 11   in FES: 6
** Event #1298688   t=4387.048244854031   Elapsed: 4386.99s (1h 13m)  69% completed  (69% total)
     Speed:     ev/sec=365.478   simsec/sec=1.0006   ev/simsec=365.261
     Messages:  created: 162417   present: 11   in FES: 7
** Event #1299456   t=4389.251437022335   Elapsed: 4389.2s (1h 13m)  69% completed  (69% total)
     Speed:     ev/sec=348.97   simsec/sec=1.0011   ev/simsec=348.585
     Messages:  created: 162514   present: 13   in FES: 8
** Event #1300480   t=4391.406123281881   Elapsed: 4391.35s (1h 13m)  69% completed  (69% total)
     Speed:     ev/sec=474.484   simsec/sec=0.998403   ev/simsec=475.243
     Messages:  created: 162641   present: 11   in FES: 6
** Event #1301248   t=4393.676576270365   Elapsed: 4393.62s (1h 13m)  69% completed  (69% total)
     Speed:     ev/sec=338.361   simsec/sec=1.0003   ev/simsec=338.258
     Messages:  created: 162737   present: 11   in FES: 7
** Event #1302016   t=4395.951001378764   Elapsed: 4395.89s (1h 13m)  69% completed  (69% total)
     Speed:     ev/sec=338.075   simsec/sec=1.00121   ev/simsec=337.668
     Messages:  created: 162834   present: 13   in FES: 7
** Event #1302784   t=4398.282888250738   Elapsed: 4398.23s (1h 13m)  69% completed  (69% total)
     Speed:     ev/sec=329.347   simsec/sec=1   ev/simsec=329.347
     Messages:  created: 162928   present: 9   in FES: 5
** Event #1304064   t=4400.471145237135   Elapsed: 4400.41s (1h 13m)  69% completed  (69% total)
     Speed:     ev/sec=584.941   simsec/sec=1   ev/simsec=584.94
     Messages:  created: 163093   present: 21   in FES: 8
** Event #1305088   t=4402.569177728101   Elapsed: 4402.51s (1h 13m)  69% completed  (69% total)
     Speed:     ev/sec=488.077   simsec/sec=1   ev/simsec=488.076
     Messages:  created: 163219   present: 17   in FES: 7
** Event #1306368   t=4405.1210453433   Elapsed: 4405.06s (1h 13m)  69% completed  (69% total)
     Speed:     ev/sec=501.593   simsec/sec=1   ev/simsec=501.593
     Messages:  created: 163378   present: 14   in FES: 8
** Event #1307648   t=4407.66054973987   Elapsed: 4407.6s (1h 13m)  69% completed  (69% total)
     Speed:     ev/sec=504.035   simsec/sec=0.999999   ev/simsec=504.035
     Messages:  created: 163538   present: 13   in FES: 8
** Event #1308928   t=4410.012820934842   Elapsed: 4409.97s (1h 13m)  70% completed  (70% total)
     Speed:     ev/sec=541.486   simsec/sec=0.995096   ev/simsec=544.155
     Messages:  created: 163712   present: 51   in FES: 7
** Event #1310208   t=4412.044642995467   Elapsed: 4411.99s (1h 13m)  70% completed  (70% total)
     Speed:     ev/sec=633.592   simsec/sec=1.00574   ev/simsec=629.976
     Messages:  created: 163875   present: 58   in FES: 8
** Event #1311232   t=4414.208975779793   Elapsed: 4414.15s (1h 13m)  70% completed  (70% total)
     Speed:     ev/sec=473.125   simsec/sec=0.999999   ev/simsec=473.125
     Messages:  created: 163985   present: 10   in FES: 6
** Event #1312512   t=4416.213798204779   Elapsed: 4416.17s (1h 13m)  70% completed  (70% total)
     Speed:     ev/sec=634.495   simsec/sec=0.993789   ev/simsec=638.461
     Messages:  created: 164166   present: 67   in FES: 7
** Event #1313536   t=4418.732977418825   Elapsed: 4418.68s (1h 13m)  70% completed  (70% total)
     Speed:     ev/sec=408.514   simsec/sec=1.005   ev/simsec=406.482
     Messages:  created: 164276   present: 18   in FES: 8
** Event #1314560   t=4421.04349267119   Elapsed: 4420.99s (1h 13m)  70% completed  (70% total)
     Speed:     ev/sec=443.191   simsec/sec=1   ev/simsec=443.191
     Messages:  created: 164400   present: 9   in FES: 5
** Event #1315584   t=4423.403046479792   Elapsed: 4423.35s (1h 13m)  70% completed  (70% total)
     Speed:     ev/sec=433.98   simsec/sec=0.999999   ev/simsec=433.98
     Messages:  created: 164529   present: 10   in FES: 6
** Event #1316608   t=4426.373120529413   Elapsed: 4426.32s (1h 13m)  70% completed  (70% total)
     Speed:     ev/sec=344.772   simsec/sec=0.999999   ev/simsec=344.773
     Messages:  created: 164657   present: 10   in FES: 6
** Event #1317120   t=4433.045767645308   Elapsed: 4432.99s (1h 13m)  70% completed  (70% total)
     Speed:     ev/sec=76.7312   simsec/sec=1   ev/simsec=76.7312
     Messages:  created: 164720   present: 9   in FES: 5
** Event #1317376   t=4435.223963959085   Elapsed: 4435.19s (1h 13m)  70% completed  (70% total)
     Speed:     ev/sec=116.555   simsec/sec=0.991717   ev/simsec=117.528
     Messages:  created: 164753   present: 11   in FES: 6
** Event #1318656   t=4437.563263650547   Elapsed: 4437.51s (1h 13m)  70% completed  (70% total)
     Speed:     ev/sec=551.461   simsec/sec=1.00784   ev/simsec=547.172
     Messages:  created: 164916   present: 18   in FES: 8
** Event #1319936   t=4439.708259570591   Elapsed: 4439.65s (1h 13m)  70% completed  (70% total)
     Speed:     ev/sec=596.738   simsec/sec=1   ev/simsec=596.738
     Messages:  created: 165084   present: 41   in FES: 8
t=4440.666542 executing removeServer()
scheduled complete remove at 4440.696534534717
** Event #1320960   t=4441.979701184793   Elapsed: 4441.92s (1h 14m)  70% completed  (70% total)
     Speed:     ev/sec=450.815   simsec/sec=1   ev/simsec=450.815
     Messages:  created: 165208   present: 26   in FES: 7
** Event #1321984   t=4444.51543104297   Elapsed: 4444.47s (1h 14m)  70% completed  (70% total)
     Speed:     ev/sec=402.561   simsec/sec=0.996861   ev/simsec=403.829
     Messages:  created: 165338   present: 31   in FES: 6
** Event #1323008   t=4446.660449183721   Elapsed: 4446.6s (1h 14m)  70% completed  (70% total)
     Speed:     ev/sec=479.169   simsec/sec=1.00374   ev/simsec=477.385
     Messages:  created: 165485   present: 81   in FES: 7
** Event #1324288   t=4449.023086982208   Elapsed: 4448.97s (1h 14m)  70% completed  (70% total)
     Speed:     ev/sec=541.768   simsec/sec=1   ev/simsec=541.767
     Messages:  created: 165673   present: 155   in FES: 7
** Event #1325568   t=4451.129553708546   Elapsed: 4451.08s (1h 14m)  70% completed  (70% total)
     Speed:     ev/sec=604.83   simsec/sec=0.995355   ev/simsec=607.653
     Messages:  created: 165890   present: 283   in FES: 6
** Event #1326848   t=4453.720602415355   Elapsed: 4453.67s (1h 14m)  70% completed  (70% total)
     Speed:     ev/sec=493.934   simsec/sec=0.999849   ev/simsec=494.008
     Messages:  created: 166083   present: 349   in FES: 6
** Event #1327872   t=4455.953265232147   Elapsed: 4455.9s (1h 14m)  70% completed  (70% total)
     Speed:     ev/sec=460.098   simsec/sec=1.00317   ev/simsec=458.645
     Messages:  created: 166208   present: 343   in FES: 6
** Event #1329152   t=4458.125927617384   Elapsed: 4458.07s (1h 14m)  70% completed  (70% total)
     Speed:     ev/sec=589.769   simsec/sec=1.00107   ev/simsec=589.139
     Messages:  created: 166428   present: 463   in FES: 6
** Event #1330176   t=4460.362444305969   Elapsed: 4460.31s (1h 14m)  70% completed  (70% total)
     Speed:     ev/sec=456.804   simsec/sec=0.997706   ev/simsec=457.855
     Messages:  created: 166572   present: 495   in FES: 6
** Event #1331456   t=4462.706428490691   Elapsed: 4462.66s (1h 14m)  70% completed  (70% total)
     Speed:     ev/sec=546.349   simsec/sec=1.00049   ev/simsec=546.079
     Messages:  created: 166768   present: 567   in FES: 6
** Event #1332224   t=4464.801400975163   Elapsed: 4464.77s (1h 14m)  70% completed  (70% total)
     Speed:     ev/sec=363.387   simsec/sec=0.991258   ev/simsec=366.592
     Messages:  created: 166841   present: 521   in FES: 6
** Event #1333248   t=4467.076224854417   Elapsed: 4467.02s (1h 14m)  70% completed  (70% total)
     Speed:     ev/sec=454.667   simsec/sec=1.01005   ev/simsec=450.145
     Messages:  created: 166976   present: 535   in FES: 6
** Event #1334272   t=4469.475500514245   Elapsed: 4469.42s (1h 14m)  70% completed  (70% total)
     Speed:     ev/sec=426.558   simsec/sec=0.999443   ev/simsec=426.795
     Messages:  created: 167104   present: 535   in FES: 6
** Event #1335296   t=4471.946828475448   Elapsed: 4471.89s (1h 14m)  70% completed  (70% total)
     Speed:     ev/sec=414.473   simsec/sec=1.00029   ev/simsec=414.352
     Messages:  created: 167234   present: 539   in FES: 6
** Event #1336320   t=4474.408211407892   Elapsed: 4474.36s (1h 14m)  71% completed  (71% total)
     Speed:     ev/sec=414.248   simsec/sec=0.995726   ev/simsec=416.026
     Messages:  created: 167361   present: 537   in FES: 6
** Event #1337344   t=4476.899811479422   Elapsed: 4476.85s (1h 14m)  71% completed  (71% total)
     Speed:     ev/sec=412.421   simsec/sec=1.0035   ev/simsec=410.981
     Messages:  created: 167508   present: 575   in FES: 6
** Event #1338368   t=4478.920321895658   Elapsed: 4478.87s (1h 14m)  71% completed  (71% total)
     Speed:     ev/sec=507.102   simsec/sec=1.00059   ev/simsec=506.803
     Messages:  created: 167661   present: 625   in FES: 6
** Event #1339648   t=4481.245747369493   Elapsed: 4481.19s (1h 14m)  71% completed  (71% total)
     Speed:     ev/sec=550.571   simsec/sec=1.00024   ev/simsec=550.437
     Messages:  created: 167856   present: 695   in FES: 6
** Event #1340928   t=4483.74322054888   Elapsed: 4483.7s (1h 14m)  71% completed  (71% total)
     Speed:     ev/sec=510.422   simsec/sec=0.995911   ev/simsec=512.518
     Messages:  created: 168040   present: 743   in FES: 6
** Event #1341952   t=4486.286104201828   Elapsed: 4486.23s (1h 14m)  71% completed  (71% total)
     Speed:     ev/sec=404.369   simsec/sec=1.00416   ev/simsec=402.692
     Messages:  created: 168176   present: 759   in FES: 6
** Event #1343232   t=4488.719945662041   Elapsed: 4488.67s (1h 14m)  71% completed  (71% total)
     Speed:     ev/sec=524.925   simsec/sec=0.998113   ev/simsec=525.918
     Messages:  created: 168370   present: 827   in FES: 6
** Event #1344256   t=4491.345927598484   Elapsed: 4491.3s (1h 14m)  71% completed  (71% total)
     Speed:     ev/sec=389.553   simsec/sec=0.998983   ev/simsec=389.949
     Messages:  created: 168486   present: 803   in FES: 6
** Event #1345280   t=4493.554286888481   Elapsed: 4493.5s (1h 14m)  71% completed  (71% total)
     Speed:     ev/sec=465.463   simsec/sec=1.00382   ev/simsec=463.693
     Messages:  created: 168607   present: 783   in FES: 8
** Event #1346304   t=4495.873863690028   Elapsed: 4495.82s (1h 14m)  71% completed  (71% total)
     Speed:     ev/sec=441.46   simsec/sec=1   ev/simsec=441.46
     Messages:  created: 168733   present: 777   in FES: 7
** Event #1347584   t=4498.184347701899   Elapsed: 4498.13s (1h 14m)  71% completed  (71% total)
     Speed:     ev/sec=553.996   simsec/sec=0.999999   ev/simsec=553.996
     Messages:  created: 168880   present: 733   in FES: 8
** Event #1348608   t=4500.506944574665   Elapsed: 4500.45s (1h 15m)  71% completed  (71% total)
     Speed:     ev/sec=440.886   simsec/sec=1   ev/simsec=440.886
     Messages:  created: 169016   present: 750   in FES: 8
t=4500.666542 executing addServer()
adding server with latency=60
** Event #1349376   t=4502.643916766161   Elapsed: 4502.59s (1h 15m)  71% completed  (71% total)
     Speed:     ev/sec=359.387   simsec/sec=1   ev/simsec=359.387
     Messages:  created: 169092   present: 709   in FES: 8
** Event #1350400   t=4504.855073990716   Elapsed: 4504.8s (1h 15m)  71% completed  (71% total)
     Speed:     ev/sec=463.106   simsec/sec=1   ev/simsec=463.106
     Messages:  created: 169219   present: 706   in FES: 8
** Event #1351424   t=4507.283003894059   Elapsed: 4507.23s (1h 15m)  71% completed  (71% total)
     Speed:     ev/sec=421.758   simsec/sec=0.999998   ev/simsec=421.758
     Messages:  created: 169349   present: 711   in FES: 8
** Event #1352704   t=4509.448901126794   Elapsed: 4509.41s (1h 15m)  71% completed  (71% total)
     Speed:     ev/sec=585.776   simsec/sec=0.991196   ev/simsec=590.979
     Messages:  created: 169544   present: 775   in FES: 7
** Event #1353472   t=4511.598973332596   Elapsed: 4511.56s (1h 15m)  71% completed  (71% total)
     Speed:     ev/sec=357.715   simsec/sec=1.00145   ev/simsec=357.197
     Messages:  created: 169629   present: 752   in FES: 7
** Event #1354496   t=4513.85359763891   Elapsed: 4513.8s (1h 15m)  71% completed  (71% total)
     Speed:     ev/sec=456.929   simsec/sec=1.00606   ev/simsec=454.178
     Messages:  created: 169757   present: 752   in FES: 7
** Event #1355520   t=4516.344551808239   Elapsed: 4516.3s (1h 15m)  71% completed  (71% total)
     Speed:     ev/sec=408.972   simsec/sec=0.994854   ev/simsec=411.087
     Messages:  created: 169884   present: 750   in FES: 7
** Event #1356544   t=4518.875514258596   Elapsed: 4518.82s (1h 15m)  71% completed  (71% total)
     Speed:     ev/sec=407.071   simsec/sec=1.00613   ev/simsec=404.589
     Messages:  created: 170005   present: 727   in FES: 8
** Event #1357568   t=4521.178539073242   Elapsed: 4521.12s (1h 15m)  71% completed  (71% total)
     Speed:     ev/sec=444.633   simsec/sec=1   ev/simsec=444.633
     Messages:  created: 170105   present: 663   in FES: 8
** Event #1358592   t=4523.633498852767   Elapsed: 4523.58s (1h 15m)  71% completed  (71% total)
     Speed:     ev/sec=417.116   simsec/sec=1   ev/simsec=417.115
     Messages:  created: 170238   present: 672   in FES: 8
** Event #1359616   t=4526.17425020869   Elapsed: 4526.12s (1h 15m)  71% completed  (71% total)
     Speed:     ev/sec=403.03   simsec/sec=1   ev/simsec=403.03
     Messages:  created: 170372   present: 683   in FES: 8
** Event #1360896   t=4528.41701801993   Elapsed: 4528.36s (1h 15m)  71% completed  (71% total)
     Speed:     ev/sec=570.723   simsec/sec=0.999999   ev/simsec=570.723
     Messages:  created: 170563   present: 745   in FES: 8
** Event #1361920   t=4530.806057140803   Elapsed: 4530.75s (1h 15m)  71% completed  (71% total)
     Speed:     ev/sec=428.624   simsec/sec=0.999999   ev/simsec=428.624
     Messages:  created: 170696   present: 755   in FES: 8
** Event #1363200   t=4533.213532357488   Elapsed: 4533.16s (1h 15m)  71% completed  (71% total)
     Speed:     ev/sec=531.678   simsec/sec=1   ev/simsec=531.677
     Messages:  created: 170891   present: 824   in FES: 8
** Event #1364224   t=4535.758439335155   Elapsed: 4535.7s (1h 15m)  71% completed  (71% total)
     Speed:     ev/sec=402.375   simsec/sec=1.00001   ev/simsec=402.372
     Messages:  created: 171024   present: 835   in FES: 8
** Event #1365248   t=4538.137935054992   Elapsed: 4538.08s (1h 15m)  72% completed  (72% total)
     Speed:     ev/sec=430.033   simsec/sec=0.999279   ev/simsec=430.343
     Messages:  created: 171141   present: 808   in FES: 7
** Event #1366528   t=4540.807182215481   Elapsed: 4540.77s (1h 15m)  72% completed  (72% total)
     Speed:     ev/sec=476.828   simsec/sec=0.994352   ev/simsec=479.536
     Messages:  created: 171309   present: 817   in FES: 7
** Event #1367552   t=4542.968261027084   Elapsed: 4542.91s (1h 15m)  72% completed  (72% total)
     Speed:     ev/sec=477.559   simsec/sec=1.00785   ev/simsec=473.837
     Messages:  created: 171404   present: 736   in FES: 9
** Event #1368320   t=4545.209608167429   Elapsed: 4545.15s (1h 15m)  72% completed  (72% total)
     Speed:     ev/sec=342.653   simsec/sec=1.00001   ev/simsec=342.651
     Messages:  created: 171463   present: 656   in FES: 9
** Event #1369088   t=4547.234677401601   Elapsed: 4547.18s (1h 15m)  72% completed  (72% total)
     Speed:     ev/sec=379.247   simsec/sec=1   ev/simsec=379.246
     Messages:  created: 171561   present: 659   in FES: 8
** Event #1370368   t=4549.86120136364   Elapsed: 4549.83s (1h 15m)  72% completed  (72% total)
     Speed:     ev/sec=483.145   simsec/sec=0.991399   ev/simsec=487.336
     Messages:  created: 171715   present: 637   in FES: 7
** Event #1371136   t=4551.938063038072   Elapsed: 4551.89s (1h 15m)  72% completed  (72% total)
     Speed:     ev/sec=371.589   simsec/sec=1.00487   ev/simsec=369.789
     Messages:  created: 171810   present: 635   in FES: 7
** Event #1372160   t=4554.431058563224   Elapsed: 4554.39s (1h 15m)  72% completed  (72% total)
     Speed:     ev/sec=410.929   simsec/sec=1.00043   ev/simsec=410.751
     Messages:  created: 171927   present: 613   in FES: 7
** Event #1373184   t=4556.779128163664   Elapsed: 4556.73s (1h 15m)  72% completed  (72% total)
     Speed:     ev/sec=437.322   simsec/sec=1.0028   ev/simsec=436.103
     Messages:  created: 172083   present: 669   in FES: 7
** Event #1374208   t=4559.233424689263   Elapsed: 4559.19s (1h 15m)  72% completed  (72% total)
     Speed:     ev/sec=415.211   simsec/sec=0.995166   ev/simsec=417.227
     Messages:  created: 172219   present: 685   in FES: 7
t=4560.666542 addServer() complete
t=4560.666555 executing setDimmer(0.75)
** Event #1375232   t=4561.255735118044   Elapsed: 4561.2s (1h 16m)  72% completed  (72% total)
     Speed:     ev/sec=510.434   simsec/sec=1.00806   ev/simsec=506.352
     Messages:  created: 172356   present: 704   in FES: 7
** Event #1376768   t=4563.696822651987   Elapsed: 4563.64s (1h 16m)  72% completed  (72% total)
     Speed:     ev/sec=628.921   simsec/sec=0.999512   ev/simsec=629.228
     Messages:  created: 172526   present: 660   in FES: 7
** Event #1378048   t=4565.892896343603   Elapsed: 4565.84s (1h 16m)  72% completed  (72% total)
     Speed:     ev/sec=583.398   simsec/sec=1.00093   ev/simsec=582.858
     Messages:  created: 172646   present: 580   in FES: 8
** Event #1379072   t=4567.948802067639   Elapsed: 4567.89s (1h 16m)  72% completed  (72% total)
     Speed:     ev/sec=497.609   simsec/sec=0.999059   ev/simsec=498.077
     Messages:  created: 172738   present: 508   in FES: 7
** Event #1380352   t=4570.222674460432   Elapsed: 4570.17s (1h 16m)  72% completed  (72% total)
     Speed:     ev/sec=563.396   simsec/sec=1.00085   ev/simsec=562.916
     Messages:  created: 172881   present: 475   in FES: 8
** Event #1381632   t=4572.23507274371   Elapsed: 4572.18s (1h 16m)  72% completed  (72% total)
     Speed:     ev/sec=636.057   simsec/sec=1   ev/simsec=636.057
     Messages:  created: 173001   present: 394   in FES: 8
** Event #1382912   t=4574.404315249279   Elapsed: 4574.35s (1h 16m)  72% completed  (72% total)
     Speed:     ev/sec=590.068   simsec/sec=1   ev/simsec=590.068
     Messages:  created: 173108   present: 288   in FES: 8
** Event #1384192   t=4576.691408422392   Elapsed: 4576.64s (1h 16m)  72% completed  (72% total)
     Speed:     ev/sec=559.285   simsec/sec=0.999326   ev/simsec=559.662
     Messages:  created: 173234   present: 213   in FES: 7
** Event #1385472   t=4579.09859836253   Elapsed: 4579.04s (1h 16m)  72% completed  (72% total)
     Speed:     ev/sec=532.081   simsec/sec=1.00064   ev/simsec=531.74
     Messages:  created: 173350   present: 105   in FES: 7
** Event #1386496   t=4581.138012581325   Elapsed: 4581.08s (1h 16m)  72% completed  (72% total)
     Speed:     ev/sec=502.105   simsec/sec=1   ev/simsec=502.105
     Messages:  created: 173466   present: 75   in FES: 6
** Event #1387776   t=4583.442300551243   Elapsed: 4583.39s (1h 16m)  72% completed  (72% total)
     Speed:     ev/sec=555.486   simsec/sec=1   ev/simsec=555.486
     Messages:  created: 173611   present: 34   in FES: 7
** Event #1388800   t=4586.064924779121   Elapsed: 4586.01s (1h 16m)  72% completed  (72% total)
     Speed:     ev/sec=390.449   simsec/sec=1   ev/simsec=390.449
     Messages:  created: 173730   present: 11   in FES: 6
** Event #1389568   t=4588.246479811639   Elapsed: 4588.19s (1h 16m)  72% completed  (72% total)
     Speed:     ev/sec=352.042   simsec/sec=1   ev/simsec=352.042
     Messages:  created: 173826   present: 9   in FES: 5
** Event #1390336   t=4590.803872883341   Elapsed: 4590.75s (1h 16m)  72% completed  (72% total)
     Speed:     ev/sec=299.586   simsec/sec=0.997602   ev/simsec=300.306
     Messages:  created: 173923   present: 13   in FES: 7
** Event #1390848   t=4593.25537580279   Elapsed: 4593.2s (1h 16m)  72% completed  (72% total)
     Speed:     ev/sec=209.377   simsec/sec=1.00251   ev/simsec=208.851
     Messages:  created: 173986   present: 9   in FES: 5
** Event #1391872   t=4595.546969505438   Elapsed: 4595.49s (1h 16m)  72% completed  (72% total)
     Speed:     ev/sec=446.584   simsec/sec=0.999404   ev/simsec=446.851
     Messages:  created: 174115   present: 13   in FES: 6
** Event #1392896   t=4597.553428676106   Elapsed: 4597.51s (1h 16m)  72% completed  (72% total)
     Speed:     ev/sec=508.578   simsec/sec=0.996524   ev/simsec=510.352
     Messages:  created: 174243   present: 13   in FES: 5
** Event #1393920   t=4599.563135317523   Elapsed: 4599.51s (1h 16m)  73% completed  (73% total)
     Speed:     ev/sec=511.655   simsec/sec=1.00418   ev/simsec=509.527
     Messages:  created: 174370   present: 9   in FES: 5
** Event #1394944   t=4601.657352960108   Elapsed: 4601.6s (1h 16m)  73% completed  (73% total)
     Speed:     ev/sec=488.966   simsec/sec=1   ev/simsec=488.965
     Messages:  created: 174501   present: 19   in FES: 8
** Event #1396224   t=4604.208203316403   Elapsed: 4604.15s (1h 16m)  73% completed  (73% total)
     Speed:     ev/sec=501.472   simsec/sec=0.99936   ev/simsec=501.793
     Messages:  created: 174659   present: 13   in FES: 6
** Event #1397504   t=4606.317267976796   Elapsed: 4606.26s (1h 16m)  73% completed  (73% total)
     Speed:     ev/sec=607.375   simsec/sec=1.00078   ev/simsec=606.904
     Messages:  created: 174818   present: 11   in FES: 6
** Event #1398784   t=4608.43337487072   Elapsed: 4608.38s (1h 16m)  73% completed  (73% total)
     Speed:     ev/sec=604.884   simsec/sec=0.999999   ev/simsec=604.884
     Messages:  created: 174980   present: 15   in FES: 8
** Event #1399808   t=4610.44805222842   Elapsed: 4610.39s (1h 16m)  73% completed  (73% total)
     Speed:     ev/sec=508.27   simsec/sec=1   ev/simsec=508.27
     Messages:  created: 175109   present: 17   in FES: 7
** Event #1401344   t=4612.713901797249   Elapsed: 4612.66s (1h 16m)  73% completed  (73% total)
     Speed:     ev/sec=677.891   simsec/sec=1   ev/simsec=677.891
     Messages:  created: 175301   present: 17   in FES: 6
** Event #1402880   t=4615.10325298812   Elapsed: 4615.05s (1h 16m)  73% completed  (73% total)
     Speed:     ev/sec=642.372   simsec/sec=0.999253   ev/simsec=642.852
     Messages:  created: 175491   present: 13   in FES: 6
** Event #1403904   t=4617.450876210359   Elapsed: 4617.39s (1h 16m)  73% completed  (73% total)
     Speed:     ev/sec=436.518   simsec/sec=1.00076   ev/simsec=436.186
     Messages:  created: 175619   present: 12   in FES: 6
** Event #1404928   t=4619.843369731454   Elapsed: 4619.79s (1h 16m)  73% completed  (73% total)
     Speed:     ev/sec=428.005   simsec/sec=1   ev/simsec=428.005
     Messages:  created: 175747   present: 12   in FES: 6
t=4620.666559 executing setDimmer(0.5)
** Event #1405952   t=4622.375992108912   Elapsed: 4622.32s (1h 17m)  73% completed  (73% total)
     Speed:     ev/sec=404.324   simsec/sec=1   ev/simsec=404.324
     Messages:  created: 175875   present: 14   in FES: 7
** Event #1406976   t=4624.58294284614   Elapsed: 4624.53s (1h 17m)  73% completed  (73% total)
     Speed:     ev/sec=463.989   simsec/sec=1   ev/simsec=463.989
     Messages:  created: 176002   present: 11   in FES: 7
** Event #1408256   t=4626.633900330396   Elapsed: 4626.58s (1h 17m)  73% completed  (73% total)
     Speed:     ev/sec=624.099   simsec/sec=1   ev/simsec=624.099
     Messages:  created: 176161   present: 10   in FES: 6
** Event #1409280   t=4628.89339489475   Elapsed: 4628.84s (1h 17m)  73% completed  (73% total)
     Speed:     ev/sec=453.199   simsec/sec=1   ev/simsec=453.199
     Messages:  created: 176290   present: 13   in FES: 7
** Event #1410560   t=4631.163647626483   Elapsed: 4631.11s (1h 17m)  73% completed  (73% total)
     Speed:     ev/sec=563.813   simsec/sec=0.999999   ev/simsec=563.814
     Messages:  created: 176449   present: 10   in FES: 6
** Event #1411584   t=4633.18751498895   Elapsed: 4633.13s (1h 17m)  73% completed  (73% total)
     Speed:     ev/sec=505.963   simsec/sec=1   ev/simsec=505.962
     Messages:  created: 176578   present: 11   in FES: 7
** Event #1412352   t=4635.226058636007   Elapsed: 4635.17s (1h 17m)  73% completed  (73% total)
     Speed:     ev/sec=376.739   simsec/sec=0.999999   ev/simsec=376.74
     Messages:  created: 176673   present: 9   in FES: 5
** Event #1413120   t=4637.291228169503   Elapsed: 4637.24s (1h 17m)  73% completed  (73% total)
     Speed:     ev/sec=371.882   simsec/sec=1   ev/simsec=371.882
     Messages:  created: 176770   present: 11   in FES: 6
** Event #1414400   t=4639.592766649047   Elapsed: 4639.54s (1h 17m)  73% completed  (73% total)
     Speed:     ev/sec=556.149   simsec/sec=0.999999   ev/simsec=556.15
     Messages:  created: 176929   present: 9   in FES: 5
** Event #1415680   t=4641.665459712335   Elapsed: 4641.61s (1h 17m)  73% completed  (73% total)
     Speed:     ev/sec=617.554   simsec/sec=1   ev/simsec=617.554
     Messages:  created: 177089   present: 9   in FES: 5
** Event #1416704   t=4644.249499523445   Elapsed: 4644.19s (1h 17m)  73% completed  (73% total)
     Speed:     ev/sec=396.279   simsec/sec=1   ev/simsec=396.279
     Messages:  created: 177218   present: 11   in FES: 7
** Event #1417472   t=4646.297581318981   Elapsed: 4646.24s (1h 17m)  73% completed  (73% total)
     Speed:     ev/sec=374.985   simsec/sec=0.999999   ev/simsec=374.985
     Messages:  created: 177313   present: 9   in FES: 5
** Event #1418496   t=4648.520129782983   Elapsed: 4648.46s (1h 17m)  73% completed  (73% total)
     Speed:     ev/sec=460.733   simsec/sec=1   ev/simsec=460.732
     Messages:  created: 177441   present: 10   in FES: 6
** Event #1419520   t=4650.911611637769   Elapsed: 4650.86s (1h 17m)  73% completed  (73% total)
     Speed:     ev/sec=428.186   simsec/sec=1   ev/simsec=428.186
     Messages:  created: 177570   present: 12   in FES: 7
** Event #1420288   t=4653.271653985633   Elapsed: 4653.22s (1h 17m)  73% completed  (73% total)
     Speed:     ev/sec=325.418   simsec/sec=0.999999   ev/simsec=325.418
     Messages:  created: 177665   present: 9   in FES: 5
** Event #1421056   t=4655.342473185548   Elapsed: 4655.29s (1h 17m)  73% completed  (73% total)
     Speed:     ev/sec=370.868   simsec/sec=1   ev/simsec=370.868
     Messages:  created: 177761   present: 9   in FES: 5
** Event #1422080   t=4658.203358724856   Elapsed: 4658.15s (1h 17m)  73% completed  (73% total)
     Speed:     ev/sec=357.931   simsec/sec=1   ev/simsec=357.931
     Messages:  created: 177889   present: 10   in FES: 6
** Event #1422848   t=4660.341047829548   Elapsed: 4660.28s (1h 17m)  73% completed  (73% total)
     Speed:     ev/sec=359.266   simsec/sec=1   ev/simsec=359.266
     Messages:  created: 177986   present: 11   in FES: 7
** Event #1424128   t=4662.849420019737   Elapsed: 4662.79s (1h 17m)  74% completed  (74% total)
     Speed:     ev/sec=510.285   simsec/sec=0.999989   ev/simsec=510.291
     Messages:  created: 178146   present: 11   in FES: 7
** Event #1424896   t=4665.021950895461   Elapsed: 4664.97s (1h 17m)  74% completed  (74% total)
     Speed:     ev/sec=353.51   simsec/sec=1.00001   ev/simsec=353.505
     Messages:  created: 178242   present: 11   in FES: 7
** Event #1425920   t=4667.031767241481   Elapsed: 4666.98s (1h 17m)  74% completed  (74% total)
     Speed:     ev/sec=509.499   simsec/sec=0.999999   ev/simsec=509.499
     Messages:  created: 178369   present: 10   in FES: 6
** Event #1426944   t=4669.287968610622   Elapsed: 4669.23s (1h 17m)  74% completed  (74% total)
     Speed:     ev/sec=453.86   simsec/sec=1   ev/simsec=453.86
     Messages:  created: 178497   present: 9   in FES: 5
** Event #1427968   t=4671.912222527897   Elapsed: 4671.86s (1h 17m)  74% completed  (74% total)
     Speed:     ev/sec=390.206   simsec/sec=1   ev/simsec=390.206
     Messages:  created: 178625   present: 10   in FES: 6
** Event #1428736   t=4674.269654189156   Elapsed: 4674.21s (1h 17m)  74% completed  (74% total)
     Speed:     ev/sec=325.778   simsec/sec=0.999999   ev/simsec=325.778
     Messages:  created: 178721   present: 9   in FES: 5
** Event #1429504   t=4676.969253329585   Elapsed: 4676.91s (1h 17m)  74% completed  (74% total)
     Speed:     ev/sec=284.487   simsec/sec=1   ev/simsec=284.487
     Messages:  created: 178818   present: 11   in FES: 6
** Event #1430784   t=4679.292704300226   Elapsed: 4679.24s (1h 17m)  74% completed  (74% total)
     Speed:     ev/sec=550.905   simsec/sec=1   ev/simsec=550.905
     Messages:  created: 178978   present: 11   in FES: 7
t=4680.667603 executing setDimmer(0.75)
** Event #1432064   t=4681.587024950021   Elapsed: 4681.53s (1h 18m)  74% completed  (74% total)
     Speed:     ev/sec=557.899   simsec/sec=0.999999   ev/simsec=557.899
     Messages:  created: 179138   present: 15   in FES: 8
** Event #1433344   t=4683.960322090679   Elapsed: 4683.9s (1h 18m)  74% completed  (74% total)
     Speed:     ev/sec=539.333   simsec/sec=0.999999   ev/simsec=539.334
     Messages:  created: 179298   present: 13   in FES: 8
** Event #1434368   t=4686.081025669064   Elapsed: 4686.02s (1h 18m)  74% completed  (74% total)
     Speed:     ev/sec=482.859   simsec/sec=1   ev/simsec=482.859
     Messages:  created: 179428   present: 20   in FES: 8
** Event #1435392   t=4688.326886340845   Elapsed: 4688.27s (1h 18m)  74% completed  (74% total)
     Speed:     ev/sec=455.95   simsec/sec=1   ev/simsec=455.95
     Messages:  created: 179554   present: 13   in FES: 7
** Event #1436416   t=4691.12743360313   Elapsed: 4691.07s (1h 18m)  74% completed  (74% total)
     Speed:     ev/sec=365.643   simsec/sec=1   ev/simsec=365.643
     Messages:  created: 179681   present: 11   in FES: 7
** Event #1437440   t=4693.421849783778   Elapsed: 4693.38s (1h 18m)  74% completed  (74% total)
     Speed:     ev/sec=443.9   simsec/sec=0.994621   ev/simsec=446.301
     Messages:  created: 179811   present: 17   in FES: 7
** Event #1438720   t=4696.075382695812   Elapsed: 4696.02s (1h 18m)  74% completed  (74% total)
     Speed:     ev/sec=483.865   simsec/sec=1.00309   ev/simsec=482.376
     Messages:  created: 179968   present: 9   in FES: 5
** Event #1439232   t=4698.313582453405   Elapsed: 4698.26s (1h 18m)  74% completed  (74% total)
     Speed:     ev/sec=229.163   simsec/sec=1.00178   ev/simsec=228.755
     Messages:  created: 180032   present: 9   in FES: 5
** Event #1440256   t=4700.332700356216   Elapsed: 4700.28s (1h 18m)  74% completed  (74% total)
     Speed:     ev/sec=507.217   simsec/sec=1.00013   ev/simsec=507.152
     Messages:  created: 180162   present: 15   in FES: 7
** Event #1441024   t=4703.00735221436   Elapsed: 4702.97s (1h 18m)  74% completed  (74% total)
     Speed:     ev/sec=284.999   simsec/sec=0.992542   ev/simsec=287.14
     Messages:  created: 180256   present: 9   in FES: 5
** Event #1441792   t=4705.493964629461   Elapsed: 4705.44s (1h 18m)  74% completed  (74% total)
     Speed:     ev/sec=311.371   simsec/sec=1.00815   ev/simsec=308.854
     Messages:  created: 180353   present: 11   in FES: 7
** Event #1442560   t=4707.880784241148   Elapsed: 4707.82s (1h 18m)  74% completed  (74% total)
     Speed:     ev/sec=321.767   simsec/sec=1   ev/simsec=321.767
     Messages:  created: 180449   present: 11   in FES: 7
** Event #1443328   t=4710.171024891484   Elapsed: 4710.11s (1h 18m)  74% completed  (74% total)
     Speed:     ev/sec=335.336   simsec/sec=0.999999   ev/simsec=335.336
     Messages:  created: 180545   present: 12   in FES: 8
** Event #1444096   t=4712.847660864661   Elapsed: 4712.79s (1h 18m)  74% completed  (74% total)
     Speed:     ev/sec=286.806   simsec/sec=0.999579   ev/simsec=286.927
     Messages:  created: 180640   present: 9   in FES: 5
** Event #1445120   t=4715.230761665537   Elapsed: 4715.18s (1h 18m)  74% completed  (74% total)
     Speed:     ev/sec=428.559   simsec/sec=0.997362   ev/simsec=429.692
     Messages:  created: 180768   present: 9   in FES: 5
** Event #1445632   t=4717.255702192447   Elapsed: 4717.26s (1h 18m)  74% completed  (74% total)
     Speed:     ev/sec=246.332   simsec/sec=0.974235   ev/simsec=252.847
     Messages:  created: 180832   present: 9   in FES: 5
** Event #1446400   t=4719.73599150084   Elapsed: 4719.68s (1h 18m)  74% completed  (74% total)
     Speed:     ev/sec=317.446   simsec/sec=1.02521   ev/simsec=309.641
     Messages:  created: 180930   present: 13   in FES: 8
** Event #1447424   t=4722.068701417171   Elapsed: 4722.01s (1h 18m)  74% completed  (74% total)
     Speed:     ev/sec=438.975   simsec/sec=1   ev/simsec=438.974
     Messages:  created: 181058   present: 15   in FES: 8
** Event #1448448   t=4724.516407710991   Elapsed: 4724.46s (1h 18m)  74% completed  (74% total)
     Speed:     ev/sec=418.351   simsec/sec=1   ev/simsec=418.351
     Messages:  created: 181186   present: 13   in FES: 7
** Event #1449472   t=4727.661478630294   Elapsed: 4727.61s (1h 18m)  75% completed  (75% total)
     Speed:     ev/sec=324.599   simsec/sec=0.996961   ev/simsec=325.589
     Messages:  created: 181312   present: 9   in FES: 5
** Event #1450496   t=4729.80663649418   Elapsed: 4729.75s (1h 18m)  75% completed  (75% total)
     Speed:     ev/sec=479.497   simsec/sec=1.00449   ev/simsec=477.354
     Messages:  created: 181459   present: 59   in FES: 8
** Event #1452288   t=4731.975057539167   Elapsed: 4731.92s (1h 18m)  75% completed  (75% total)
     Speed:     ev/sec=826.407   simsec/sec=1   ev/simsec=826.408
     Messages:  created: 181686   present: 68   in FES: 8
** Event #1453312   t=4734.29355769795   Elapsed: 4734.26s (1h 18m)  75% completed  (75% total)
     Speed:     ev/sec=437.048   simsec/sec=0.989546   ev/simsec=441.665
     Messages:  created: 181792   present: 9   in FES: 5
** Event #1454080   t=4736.975327363599   Elapsed: 4736.92s (1h 18m)  75% completed  (75% total)
     Speed:     ev/sec=289.018   simsec/sec=1.00922   ev/simsec=286.378
     Messages:  created: 181889   present: 12   in FES: 7
** Event #1454848   t=4739.149614061184   Elapsed: 4739.13s (1h 18m)  75% completed  (75% total)
     Speed:     ev/sec=347.321   simsec/sec=0.983302   ev/simsec=353.219
     Messages:  created: 181984   present: 9   in FES: 5
t=4740.666582 executing setDimmer(1)
** Event #1455616   t=4741.54784245117   Elapsed: 4741.49s (1h 19m)  75% completed  (75% total)
     Speed:     ev/sec=325.244   simsec/sec=1.01564   ev/simsec=320.236
     Messages:  created: 182080   present: 10   in FES: 6
** Event #1456384   t=4743.946310993566   Elapsed: 4743.89s (1h 19m)  75% completed  (75% total)
     Speed:     ev/sec=320.202   simsec/sec=0.999994   ev/simsec=320.204
     Messages:  created: 182177   present: 13   in FES: 6
** Event #1456896   t=4746.037690004809   Elapsed: 4745.98s (1h 19m)  75% completed  (75% total)
     Speed:     ev/sec=244.816   simsec/sec=1.00001   ev/simsec=244.815
     Messages:  created: 182239   present: 9   in FES: 5
** Event #1457920   t=4748.194285776447   Elapsed: 4748.14s (1h 19m)  75% completed  (75% total)
     Speed:     ev/sec=474.823   simsec/sec=1   ev/simsec=474.822
     Messages:  created: 182373   present: 23   in FES: 7
** Event #1459456   t=4750.593942413302   Elapsed: 4750.54s (1h 19m)  75% completed  (75% total)
     Speed:     ev/sec=640.091   simsec/sec=1   ev/simsec=640.092
     Messages:  created: 182567   present: 30   in FES: 8
** Event #1460480   t=4752.617122680105   Elapsed: 4752.56s (1h 19m)  75% completed  (75% total)
     Speed:     ev/sec=506.134   simsec/sec=1   ev/simsec=506.134
     Messages:  created: 182690   present: 15   in FES: 8
** Event #1462016   t=4754.914972367099   Elapsed: 4754.86s (1h 19m)  75% completed  (75% total)
     Speed:     ev/sec=668.451   simsec/sec=1   ev/simsec=668.451
     Messages:  created: 182892   present: 42   in FES: 8
** Event #1463040   t=4757.120364834336   Elapsed: 4757.07s (1h 19m)  75% completed  (75% total)
     Speed:     ev/sec=463.742   simsec/sec=0.998764   ev/simsec=464.316
     Messages:  created: 183008   present: 11   in FES: 7
** Event #1463808   t=4759.807441138387   Elapsed: 4759.75s (1h 19m)  75% completed  (75% total)
     Speed:     ev/sec=286.065   simsec/sec=1.00088   ev/simsec=285.813
     Messages:  created: 183104   present: 11   in FES: 6
** Event #1464576   t=4762.29637334568   Elapsed: 4762.24s (1h 19m)  75% completed  (75% total)
     Speed:     ev/sec=308.611   simsec/sec=1.00014   ev/simsec=308.566
     Messages:  created: 183202   present: 16   in FES: 7
** Event #1465856   t=4764.556214438382   Elapsed: 4764.5s (1h 19m)  75% completed  (75% total)
     Speed:     ev/sec=566.411   simsec/sec=1   ev/simsec=566.412
     Messages:  created: 183359   present: 9   in FES: 5
** Event #1466624   t=4766.903021567996   Elapsed: 4766.85s (1h 19m)  75% completed  (75% total)
     Speed:     ev/sec=327.253   simsec/sec=0.999999   ev/simsec=327.253
     Messages:  created: 183457   present: 13   in FES: 8
** Event #1467904   t=4769.464808782176   Elapsed: 4769.41s (1h 19m)  75% completed  (75% total)
     Speed:     ev/sec=499.65   simsec/sec=0.999997   ev/simsec=499.651
     Messages:  created: 183615   present: 9   in FES: 5
** Event #1468928   t=4771.689864593357   Elapsed: 4771.63s (1h 19m)  75% completed  (75% total)
     Speed:     ev/sec=460.215   simsec/sec=1   ev/simsec=460.213
     Messages:  created: 183744   present: 10   in FES: 6
** Event #1469696   t=4774.193196068065   Elapsed: 4774.14s (1h 19m)  75% completed  (75% total)
     Speed:     ev/sec=306.01   simsec/sec=0.997452   ev/simsec=306.791
     Messages:  created: 183840   present: 11   in FES: 6
** Event #1470464   t=4776.736489469542   Elapsed: 4776.68s (1h 19m)  75% completed  (75% total)
     Speed:     ev/sec=302.732   simsec/sec=1.00252   ev/simsec=301.971
     Messages:  created: 183937   present: 13   in FES: 8
** Event #1471232   t=4779.460282183915   Elapsed: 4779.4s (1h 19m)  75% completed  (75% total)
     Speed:     ev/sec=281.96   simsec/sec=1   ev/simsec=281.96
     Messages:  created: 184034   present: 15   in FES: 8
** Event #1472000   t=4782.358117117718   Elapsed: 4782.3s (1h 19m)  75% completed  (75% total)
     Speed:     ev/sec=265.025   simsec/sec=1   ev/simsec=265.025
     Messages:  created: 184127   present: 9   in FES: 5
** Event #1472512   t=4784.857332522706   Elapsed: 4784.8s (1h 19m)  75% completed  (75% total)
     Speed:     ev/sec=204.864   simsec/sec=0.999999   ev/simsec=204.864
     Messages:  created: 184192   present: 10   in FES: 6
** Event #1473280   t=4787.764068085065   Elapsed: 4787.71s (1h 19m)  75% completed  (75% total)
     Speed:     ev/sec=264.214   simsec/sec=1   ev/simsec=264.214
     Messages:  created: 184288   present: 10   in FES: 6
** Event #1474560   t=4789.914181645529   Elapsed: 4789.86s (1h 19m)  76% completed  (76% total)
     Speed:     ev/sec=595.318   simsec/sec=1   ev/simsec=595.317
     Messages:  created: 184452   present: 22   in FES: 7
** Event #1475840   t=4792.200576259616   Elapsed: 4792.14s (1h 19m)  76% completed  (76% total)
     Speed:     ev/sec=559.833   simsec/sec=0.999999   ev/simsec=559.833
     Messages:  created: 184610   present: 17   in FES: 6
** Event #1476864   t=4794.587654031599   Elapsed: 4794.53s (1h 19m)  76% completed  (76% total)
     Speed:     ev/sec=428.977   simsec/sec=1   ev/simsec=428.976
     Messages:  created: 184738   present: 15   in FES: 8
** Event #1477632   t=4797.059061935798   Elapsed: 4797s (1h 19m)  76% completed  (76% total)
     Speed:     ev/sec=310.754   simsec/sec=1   ev/simsec=310.754
     Messages:  created: 184834   present: 17   in FES: 8
** Event #1478656   t=4799.538662129565   Elapsed: 4799.49s (1h 19m)  76% completed  (76% total)
     Speed:     ev/sec=412.183   simsec/sec=0.998094   ev/simsec=412.97
     Messages:  created: 184963   present: 19   in FES: 7
t=4800.666576 executing removeServer()
scheduled complete remove at 4800.716764584114
** Event #1479680   t=4801.721572721617   Elapsed: 4801.67s (1h 20m)  76% completed  (76% total)
     Speed:     ev/sec=470.118   simsec/sec=1.00217   ev/simsec=469.098
     Messages:  created: 185099   present: 36   in FES: 7
** Event #1480960   t=4804.053962685318   Elapsed: 4804s (1h 20m)  76% completed  (76% total)
     Speed:     ev/sec=548.794   simsec/sec=1   ev/simsec=548.793
     Messages:  created: 185298   present: 139   in FES: 7
** Event #1481984   t=4806.506005150078   Elapsed: 4806.46s (1h 20m)  76% completed  (76% total)
     Speed:     ev/sec=415.559   simsec/sec=0.995087   ev/simsec=417.611
     Messages:  created: 185442   present: 183   in FES: 6
** Event #1483008   t=4808.81872740421   Elapsed: 4808.77s (1h 20m)  76% completed  (76% total)
     Speed:     ev/sec=444.146   simsec/sec=1.00311   ev/simsec=442.768
     Messages:  created: 185581   present: 211   in FES: 6
** Event #1484032   t=4811.347162055779   Elapsed: 4811.29s (1h 20m)  76% completed  (76% total)
     Speed:     ev/sec=405.566   simsec/sec=1.00141   ev/simsec=404.994
     Messages:  created: 185707   present: 206   in FES: 6
** Event #1485056   t=4813.590304835476   Elapsed: 4813.53s (1h 20m)  76% completed  (76% total)
     Speed:     ev/sec=456.78   simsec/sec=1.00061   ev/simsec=456.502
     Messages:  created: 185838   present: 210   in FES: 7
** Event #1486080   t=4815.66885206488   Elapsed: 4815.62s (1h 20m)  76% completed  (76% total)
     Speed:     ev/sec=491.815   simsec/sec=0.998301   ev/simsec=492.652
     Messages:  created: 185985   present: 251   in FES: 6
** Event #1487104   t=4818.154218176417   Elapsed: 4818.11s (1h 20m)  76% completed  (76% total)
     Speed:     ev/sec=410.682   simsec/sec=0.996772   ev/simsec=412.012
     Messages:  created: 186122   present: 269   in FES: 6
** Event #1488384   t=4820.564955778513   Elapsed: 4820.51s (1h 20m)  76% completed  (76% total)
     Speed:     ev/sec=532.63   simsec/sec=1.00315   ev/simsec=530.958
     Messages:  created: 186308   present: 321   in FES: 6
** Event #1489408   t=4822.75589961651   Elapsed: 4822.7s (1h 20m)  76% completed  (76% total)
     Speed:     ev/sec=467.397   simsec/sec=1.00004   ev/simsec=467.378
     Messages:  created: 186455   present: 359   in FES: 6
** Event #1490688   t=4824.970895255496   Elapsed: 4824.92s (1h 20m)  76% completed  (76% total)
     Speed:     ev/sec=577.902   simsec/sec=1.00004   ev/simsec=577.879
     Messages:  created: 186648   present: 425   in FES: 6
** Event #1491712   t=4827.31487596245   Elapsed: 4827.28s (1h 20m)  76% completed  (76% total)
     Speed:     ev/sec=433.601   simsec/sec=0.992533   ev/simsec=436.864
     Messages:  created: 186786   present: 445   in FES: 6
** Event #1492736   t=4829.463952813397   Elapsed: 4829.42s (1h 20m)  76% completed  (76% total)
     Speed:     ev/sec=479.15   simsec/sec=1.00559   ev/simsec=476.484
     Messages:  created: 186935   present: 487   in FES: 6
** Event #1493760   t=4831.619164987334   Elapsed: 4831.57s (1h 20m)  76% completed  (76% total)
     Speed:     ev/sec=475.466   simsec/sec=1.00071   ev/simsec=475.127
     Messages:  created: 187068   present: 497   in FES: 6
** Event #1495040   t=4834.262956592083   Elapsed: 4834.21s (1h 20m)  76% completed  (76% total)
     Speed:     ev/sec=485.525   simsec/sec=1.00283   ev/simsec=484.153
     Messages:  created: 187258   present: 557   in FES: 6
** Event #1495808   t=4836.534205830376   Elapsed: 4836.49s (1h 20m)  76% completed  (76% total)
     Speed:     ev/sec=336.493   simsec/sec=0.995129   ev/simsec=338.14
     Messages:  created: 187338   present: 525   in FES: 6
** Event #1496576   t=4838.806424631116   Elapsed: 4838.75s (1h 20m)  76% completed  (76% total)
     Speed:     ev/sec=339.619   simsec/sec=1.0048   ev/simsec=337.996
     Messages:  created: 187405   present: 467   in FES: 6
** Event #1497600   t=4841.271867278399   Elapsed: 4841.22s (1h 20m)  76% completed  (76% total)
     Speed:     ev/sec=415.098   simsec/sec=0.999415   ev/simsec=415.341
     Messages:  created: 187533   present: 467   in FES: 6
** Event #1498624   t=4843.948909800278   Elapsed: 4843.91s (1h 20m)  76% completed  (76% total)
     Speed:     ev/sec=380.394   simsec/sec=0.994463   ev/simsec=382.512
     Messages:  created: 187654   present: 453   in FES: 6
** Event #1499648   t=4846.250109686478   Elapsed: 4846.2s (1h 20m)  76% completed  (76% total)
     Speed:     ev/sec=448.014   simsec/sec=1.00681   ev/simsec=444.985
     Messages:  created: 187784   present: 457   in FES: 6
** Event #1500672   t=4848.509736656709   Elapsed: 4848.46s (1h 20m)  76% completed  (76% total)
     Speed:     ev/sec=453.068   simsec/sec=0.999771   ev/simsec=453.172
     Messages:  created: 187917   present: 467   in FES: 6
** Event #1501952   t=4851.170620922349   Elapsed: 4851.12s (1h 20m)  77% completed  (77% total)
     Speed:     ev/sec=479.566   simsec/sec=0.996929   ev/simsec=481.043
     Messages:  created: 188090   present: 493   in FES: 6
** Event #1503232   t=4853.363508698142   Elapsed: 4853.31s (1h 20m)  77% completed  (77% total)
     Speed:     ev/sec=585.679   simsec/sec=1.00338   ev/simsec=583.705
     Messages:  created: 188295   present: 583   in FES: 6
** Event #1504256   t=4855.372822931203   Elapsed: 4855.32s (1h 20m)  77% completed  (77% total)
     Speed:     ev/sec=508.402   simsec/sec=0.997598   ev/simsec=509.627
     Messages:  created: 188440   present: 617   in FES: 6
** Event #1505280   t=4858.010750311143   Elapsed: 4857.97s (1h 20m)  77% completed  (77% total)
     Speed:     ev/sec=386.464   simsec/sec=0.99557   ev/simsec=388.184
     Messages:  created: 188570   present: 621   in FES: 6
** Event #1506304   t=4860.602013626541   Elapsed: 4860.55s (1h 21m)  77% completed  (77% total)
     Speed:     ev/sec=398.164   simsec/sec=1.00757   ev/simsec=395.174
     Messages:  created: 188686   present: 598   in FES: 8
t=4860.666564 executing addServer()
adding server with latency=60
** Event #1507072   t=4862.961973299288   Elapsed: 4862.91s (1h 21m)  77% completed  (77% total)
     Speed:     ev/sec=325.429   simsec/sec=1   ev/simsec=325.429
     Messages:  created: 188752   present: 536   in FES: 8
** Event #1508096   t=4865.301003809799   Elapsed: 4865.24s (1h 21m)  77% completed  (77% total)
     Speed:     ev/sec=437.789   simsec/sec=1   ev/simsec=437.788
     Messages:  created: 188895   present: 567   in FES: 9
** Event #1509120   t=4867.877719689751   Elapsed: 4867.82s (1h 21m)  77% completed  (77% total)
     Speed:     ev/sec=397.405   simsec/sec=0.999999   ev/simsec=397.405
     Messages:  created: 189015   present: 550   in FES: 8
** Event #1510144   t=4870.217850826481   Elapsed: 4870.16s (1h 21m)  77% completed  (77% total)
     Speed:     ev/sec=437.583   simsec/sec=1   ev/simsec=437.582
     Messages:  created: 189130   present: 525   in FES: 9
** Event #1510912   t=4872.305720212968   Elapsed: 4872.25s (1h 21m)  77% completed  (77% total)
     Speed:     ev/sec=367.839   simsec/sec=1   ev/simsec=367.839
     Messages:  created: 189213   present: 499   in FES: 9
** Event #1511680   t=4874.407822584171   Elapsed: 4874.35s (1h 21m)  77% completed  (77% total)
     Speed:     ev/sec=365.349   simsec/sec=1   ev/simsec=365.349
     Messages:  created: 189285   present: 451   in FES: 9
** Event #1512704   t=4876.48504228527   Elapsed: 4876.43s (1h 21m)  77% completed  (77% total)
     Speed:     ev/sec=492.967   simsec/sec=1   ev/simsec=492.967
     Messages:  created: 189433   present: 490   in FES: 8
** Event #1513728   t=4878.489156916078   Elapsed: 4878.43s (1h 21m)  77% completed  (77% total)
     Speed:     ev/sec=510.949   simsec/sec=1   ev/simsec=510.949
     Messages:  created: 189602   present: 573   in FES: 9
** Event #1514752   t=4880.522996970313   Elapsed: 4880.47s (1h 21m)  77% completed  (77% total)
     Speed:     ev/sec=503.481   simsec/sec=0.999999   ev/simsec=503.481
     Messages:  created: 189747   present: 607   in FES: 9
** Event #1515776   t=4882.91795240549   Elapsed: 4882.86s (1h 21m)  77% completed  (77% total)
     Speed:     ev/sec=427.565   simsec/sec=1   ev/simsec=427.565
     Messages:  created: 189876   present: 608   in FES: 8
** Event #1516800   t=4885.281880897171   Elapsed: 4885.23s (1h 21m)  77% completed  (77% total)
     Speed:     ev/sec=433.177   simsec/sec=0.999999   ev/simsec=433.177
     Messages:  created: 190011   present: 622   in FES: 8
** Event #1517824   t=4887.619293676651   Elapsed: 4887.56s (1h 21m)  77% completed  (77% total)
     Speed:     ev/sec=438.091   simsec/sec=1   ev/simsec=438.091
     Messages:  created: 190149   present: 643   in FES: 9
** Event #1518592   t=4889.652076631197   Elapsed: 4889.6s (1h 21m)  77% completed  (77% total)
     Speed:     ev/sec=377.807   simsec/sec=1   ev/simsec=377.807
     Messages:  created: 190227   present: 606   in FES: 8
** Event #1519360   t=4891.824411438945   Elapsed: 4891.77s (1h 21m)  77% completed  (77% total)
     Speed:     ev/sec=353.536   simsec/sec=0.999999   ev/simsec=353.537
     Messages:  created: 190309   present: 579   in FES: 9
** Event #1520128   t=4893.925528075416   Elapsed: 4893.87s (1h 21m)  77% completed  (77% total)
     Speed:     ev/sec=365.521   simsec/sec=1   ev/simsec=365.52
     Messages:  created: 190377   present: 522   in FES: 8
** Event #1520896   t=4896.203782314466   Elapsed: 4896.15s (1h 21m)  77% completed  (77% total)
     Speed:     ev/sec=337.1   simsec/sec=1   ev/simsec=337.1
     Messages:  created: 190451   present: 478   in FES: 8
** Event #1521920   t=4898.429145857613   Elapsed: 4898.37s (1h 21m)  77% completed  (77% total)
     Speed:     ev/sec=460.149   simsec/sec=1   ev/simsec=460.15
     Messages:  created: 190583   present: 487   in FES: 9
** Event #1522688   t=4900.513198939816   Elapsed: 4900.46s (1h 21m)  77% completed  (77% total)
     Speed:     ev/sec=368.513   simsec/sec=1   ev/simsec=368.513
     Messages:  created: 190655   present: 439   in FES: 9
** Event #1523456   t=4902.643281649191   Elapsed: 4902.59s (1h 21m)  77% completed  (77% total)
     Speed:     ev/sec=360.549   simsec/sec=1   ev/simsec=360.549
     Messages:  created: 190743   present: 422   in FES: 8
** Event #1524480   t=4905.038201193486   Elapsed: 4904.98s (1h 21m)  77% completed  (77% total)
     Speed:     ev/sec=427.572   simsec/sec=1   ev/simsec=427.572
     Messages:  created: 190869   present: 419   in FES: 9
** Event #1525504   t=4907.702500834399   Elapsed: 4907.65s (1h 21m)  77% completed  (77% total)
     Speed:     ev/sec=384.341   simsec/sec=0.999999   ev/simsec=384.341
     Messages:  created: 191001   present: 427   in FES: 9
** Event #1526272   t=4909.746746577647   Elapsed: 4909.69s (1h 21m)  77% completed  (77% total)
     Speed:     ev/sec=375.689   simsec/sec=1   ev/simsec=375.689
     Messages:  created: 191108   present: 449   in FES: 9
** Event #1527296   t=4912.115834000215   Elapsed: 4912.06s (1h 21m)  77% completed  (77% total)
     Speed:     ev/sec=432.233   simsec/sec=0.999999   ev/simsec=432.234
     Messages:  created: 191248   present: 473   in FES: 9
** Event #1528320   t=4914.570180251707   Elapsed: 4914.51s (1h 21m)  78% completed  (78% total)
     Speed:     ev/sec=417.22   simsec/sec=1   ev/simsec=417.219
     Messages:  created: 191366   present: 453   in FES: 9
** Event #1529344   t=4916.679210300086   Elapsed: 4916.62s (1h 21m)  78% completed  (78% total)
     Speed:     ev/sec=485.531   simsec/sec=0.999999   ev/simsec=485.531
     Messages:  created: 191511   present: 487   in FES: 9
** Event #1530112   t=4919.119101175756   Elapsed: 4919.06s (1h 21m)  78% completed  (78% total)
     Speed:     ev/sec=314.768   simsec/sec=1   ev/simsec=314.768
     Messages:  created: 191576   present: 425   in FES: 9
t=4920.666564 addServer() complete
t=4920.666578 executing setDimmer(0.75)
** Event #1531392   t=4921.232237468354   Elapsed: 4921.18s (1h 22m)  78% completed  (78% total)
     Speed:     ev/sec=605.735   simsec/sec=1   ev/simsec=605.735
     Messages:  created: 191743   present: 439   in FES: 7
** Event #1532672   t=4923.722717199631   Elapsed: 4923.67s (1h 22m)  78% completed  (78% total)
     Speed:     ev/sec=513.957   simsec/sec=0.999999   ev/simsec=513.957
     Messages:  created: 191863   present: 359   in FES: 7
** Event #1533696   t=4925.7297530639   Elapsed: 4925.67s (1h 22m)  78% completed  (78% total)
     Speed:     ev/sec=510.204   simsec/sec=0.999998   ev/simsec=510.205
     Messages:  created: 191959   present: 296   in FES: 7
** Event #1534976   t=4927.756352335416   Elapsed: 4927.7s (1h 22m)  78% completed  (78% total)
     Speed:     ev/sec=631.034   simsec/sec=0.999104   ev/simsec=631.6
     Messages:  created: 192079   present: 214   in FES: 7
** Event #1536256   t=4930.090379320279   Elapsed: 4930.03s (1h 22m)  78% completed  (78% total)
     Speed:     ev/sec=548.837   simsec/sec=1.00078   ev/simsec=548.408
     Messages:  created: 192218   present: 162   in FES: 8
** Event #1537536   t=4932.588098162494   Elapsed: 4932.53s (1h 22m)  78% completed  (78% total)
     Speed:     ev/sec=512.468   simsec/sec=1   ev/simsec=512.468
     Messages:  created: 192330   present: 34   in FES: 8
** Event #1538560   t=4934.876442736898   Elapsed: 4934.82s (1h 22m)  78% completed  (78% total)
     Speed:     ev/sec=447.485   simsec/sec=1   ev/simsec=447.485
     Messages:  created: 192449   present: 10   in FES: 6
** Event #1539328   t=4936.909271439543   Elapsed: 4936.85s (1h 22m)  78% completed  (78% total)
     Speed:     ev/sec=377.799   simsec/sec=1   ev/simsec=377.799
     Messages:  created: 192546   present: 11   in FES: 6
** Event #1540352   t=4939.446528876842   Elapsed: 4939.39s (1h 22m)  78% completed  (78% total)
     Speed:     ev/sec=403.585   simsec/sec=1   ev/simsec=403.585
     Messages:  created: 192674   present: 11   in FES: 6
** Event #1541120   t=4941.468337730374   Elapsed: 4941.41s (1h 22m)  78% completed  (78% total)
     Speed:     ev/sec=379.858   simsec/sec=0.999999   ev/simsec=379.858
     Messages:  created: 192770   present: 12   in FES: 7
** Event #1542144   t=4944.264909663176   Elapsed: 4944.21s (1h 22m)  78% completed  (78% total)
     Speed:     ev/sec=366.163   simsec/sec=1   ev/simsec=366.163
     Messages:  created: 192897   present: 10   in FES: 6
** Event #1542912   t=4947.246320633472   Elapsed: 4947.19s (1h 22m)  78% completed  (78% total)
     Speed:     ev/sec=257.596   simsec/sec=0.999999   ev/simsec=257.596
     Messages:  created: 192993   present: 9   in FES: 5
** Event #1543680   t=4949.325021114806   Elapsed: 4949.27s (1h 22m)  78% completed  (78% total)
     Speed:     ev/sec=369.462   simsec/sec=1   ev/simsec=369.462
     Messages:  created: 193092   present: 18   in FES: 8
** Event #1544448   t=4951.516213444469   Elapsed: 4951.46s (1h 22m)  78% completed  (78% total)
     Speed:     ev/sec=350.494   simsec/sec=1   ev/simsec=350.494
     Messages:  created: 193185   present: 9   in FES: 5
** Event #1545216   t=4953.818719131186   Elapsed: 4953.76s (1h 22m)  78% completed  (78% total)
     Speed:     ev/sec=333.549   simsec/sec=0.999998   ev/simsec=333.55
     Messages:  created: 193283   present: 14   in FES: 8
** Event #1545984   t=4956.231760817215   Elapsed: 4956.18s (1h 22m)  78% completed  (78% total)
     Speed:     ev/sec=318.271   simsec/sec=1   ev/simsec=318.271
     Messages:  created: 193377   present: 9   in FES: 5
** Event #1546752   t=4958.500631588485   Elapsed: 4958.44s (1h 22m)  78% completed  (78% total)
     Speed:     ev/sec=338.495   simsec/sec=1   ev/simsec=338.494
     Messages:  created: 193473   present: 10   in FES: 6
** Event #1547776   t=4961.103560271744   Elapsed: 4961.05s (1h 22m)  78% completed  (78% total)
     Speed:     ev/sec=393.403   simsec/sec=0.999999   ev/simsec=393.403
     Messages:  created: 193601   present: 9   in FES: 5
** Event #1548544   t=4963.24795517494   Elapsed: 4963.19s (1h 22m)  78% completed  (78% total)
     Speed:     ev/sec=357.666   simsec/sec=0.998669   ev/simsec=358.143
     Messages:  created: 193699   present: 15   in FES: 7
** Event #1549312   t=4965.732060077812   Elapsed: 4965.68s (1h 22m)  78% completed  (78% total)
     Speed:     ev/sec=309.522   simsec/sec=1.00115   ev/simsec=309.166
     Messages:  created: 193794   present: 11   in FES: 7
** Event #1550336   t=4968.036321337151   Elapsed: 4967.98s (1h 22m)  78% completed  (78% total)
     Speed:     ev/sec=444.394   simsec/sec=1   ev/simsec=444.394
     Messages:  created: 193921   present: 10   in FES: 6
** Event #1551104   t=4970.676334355237   Elapsed: 4970.62s (1h 22m)  78% completed  (78% total)
     Speed:     ev/sec=290.908   simsec/sec=1   ev/simsec=290.908
     Messages:  created: 194018   present: 11   in FES: 7
** Event #1551872   t=4973.579476940867   Elapsed: 4973.52s (1h 22m)  78% completed  (78% total)
     Speed:     ev/sec=264.541   simsec/sec=1   ev/simsec=264.541
     Messages:  created: 194114   present: 11   in FES: 7
** Event #1552384   t=4975.710275927701   Elapsed: 4975.65s (1h 22m)  78% completed  (78% total)
     Speed:     ev/sec=240.284   simsec/sec=0.999996   ev/simsec=240.285
     Messages:  created: 194177   present: 9   in FES: 5
** Event #1552896   t=4977.967905683361   Elapsed: 4977.91s (1h 22m)  79% completed  (79% total)
     Speed:     ev/sec=226.787   simsec/sec=1   ev/simsec=226.787
     Messages:  created: 194241   present: 10   in FES: 6
** Event #1553664   t=4980.368636741321   Elapsed: 4980.31s (1h 23m)  79% completed  (79% total)
     Speed:     ev/sec=319.903   simsec/sec=1   ev/simsec=319.903
     Messages:  created: 194337   present: 10   in FES: 6
t=4980.666591 executing setDimmer(0.5)
** Event #1554432   t=4982.477431802179   Elapsed: 4982.45s (1h 23m)  79% completed  (79% total)
     Speed:     ev/sec=358.45   simsec/sec=0.984242   ev/simsec=364.189
     Messages:  created: 194432   present: 9   in FES: 5
** Event #1555200   t=4984.927978797139   Elapsed: 4984.87s (1h 23m)  79% completed  (79% total)
     Speed:     ev/sec=317.777   simsec/sec=1.01397   ev/simsec=313.399
     Messages:  created: 194529   present: 11   in FES: 7
** Event #1555968   t=4987.361527376801   Elapsed: 4987.32s (1h 23m)  79% completed  (79% total)
     Speed:     ev/sec=313.397   simsec/sec=0.993056   ev/simsec=315.589
     Messages:  created: 194624   present: 9   in FES: 5
** Event #1556736   t=4989.632227576866   Elapsed: 4989.59s (1h 23m)  79% completed  (79% total)
     Speed:     ev/sec=339.049   simsec/sec=1.00245   ev/simsec=338.222
     Messages:  created: 194720   present: 9   in FES: 5
** Event #1558016   t=4992.233325249324   Elapsed: 4992.18s (1h 23m)  79% completed  (79% total)
     Speed:     ev/sec=494.28   simsec/sec=1.00443   ev/simsec=492.1
     Messages:  created: 194882   present: 14   in FES: 8
** Event #1558784   t=4994.644651250902   Elapsed: 4994.59s (1h 23m)  79% completed  (79% total)
     Speed:     ev/sec=318.043   simsec/sec=0.998574   ev/simsec=318.497
     Messages:  created: 194976   present: 9   in FES: 5
** Event #1559552   t=4996.941186914121   Elapsed: 4996.9s (1h 23m)  79% completed  (79% total)
     Speed:     ev/sec=332.894   simsec/sec=0.995445   ev/simsec=334.417
     Messages:  created: 195072   present: 9   in FES: 5
** Event #1560576   t=4999.834267389593   Elapsed: 4999.8s (1h 23m)  79% completed  (79% total)
     Speed:     ev/sec=353.572   simsec/sec=0.998937   ev/simsec=353.948
     Messages:  created: 195200   present: 9   in FES: 5
** Event #1561344   t=5002.170409640595   Elapsed: 5002.13s (1h 23m)  79% completed  (79% total)
     Speed:     ev/sec=329.195   simsec/sec=1.00136   ev/simsec=328.747
     Messages:  created: 195296   present: 9   in FES: 5
** Event #1562624   t=5004.536217789039   Elapsed: 5004.5s (1h 23m)  79% completed  (79% total)
     Speed:     ev/sec=540.07   simsec/sec=0.998204   ev/simsec=541.041
     Messages:  created: 195456   present: 9   in FES: 5
** Event #1563648   t=5006.755721712735   Elapsed: 5006.7s (1h 23m)  79% completed  (79% total)
     Speed:     ev/sec=465.159   simsec/sec=1.00822   ev/simsec=461.364
     Messages:  created: 195585   present: 11   in FES: 6
** Event #1564928   t=5009.300007007461   Elapsed: 5009.24s (1h 23m)  79% completed  (79% total)
     Speed:     ev/sec=503.086   simsec/sec=0.999996   ev/simsec=503.088
     Messages:  created: 195745   present: 12   in FES: 7
** Event #1565952   t=5011.964273481334   Elapsed: 5011.91s (1h 23m)  79% completed  (79% total)
     Speed:     ev/sec=384.066   simsec/sec=0.999272   ev/simsec=384.346
     Messages:  created: 195872   present: 9   in FES: 5
** Event #1566720   t=5014.318706550245   Elapsed: 5014.26s (1h 23m)  79% completed  (79% total)
     Speed:     ev/sec=326.464   simsec/sec=1.00083   ev/simsec=326.193
     Messages:  created: 195969   present: 11   in FES: 6
** Event #1568000   t=5016.426747598839   Elapsed: 5016.37s (1h 23m)  79% completed  (79% total)
     Speed:     ev/sec=607.199   simsec/sec=1   ev/simsec=607.199
     Messages:  created: 196132   present: 20   in FES: 8
** Event #1569024   t=5018.991272742324   Elapsed: 5018.95s (1h 23m)  79% completed  (79% total)
     Speed:     ev/sec=396.604   simsec/sec=0.993262   ev/simsec=399.294
     Messages:  created: 196256   present: 9   in FES: 5
** Event #1569792   t=5021.316635945412   Elapsed: 5021.26s (1h 23m)  79% completed  (79% total)
     Speed:     ev/sec=332.167   simsec/sec=1.00574   ev/simsec=330.271
     Messages:  created: 196352   present: 9   in FES: 5
** Event #1570560   t=5024.091572270044   Elapsed: 5024.07s (1h 23m)  79% completed  (79% total)
     Speed:     ev/sec=274.154   simsec/sec=0.990571   ev/simsec=276.763
     Messages:  created: 196448   present: 9   in FES: 5
** Event #1571072   t=5026.831602519078   Elapsed: 5026.78s (1h 23m)  79% completed  (79% total)
     Speed:     ev/sec=188.965   simsec/sec=1.01127   ev/simsec=186.859
     Messages:  created: 196513   present: 11   in FES: 7
** Event #1571840   t=5029.416685195614   Elapsed: 5029.36s (1h 23m)  79% completed  (79% total)
     Speed:     ev/sec=296.828   simsec/sec=0.99912   ev/simsec=297.089
     Messages:  created: 196608   present: 9   in FES: 5
** Event #1572608   t=5032.407163899374   Elapsed: 5032.35s (1h 23m)  79% completed  (79% total)
     Speed:     ev/sec=256.934   simsec/sec=1.00046   ev/simsec=256.815
     Messages:  created: 196704   present: 9   in FES: 5
** Event #1573376   t=5035.511265075581   Elapsed: 5035.46s (1h 23m)  79% completed  (79% total)
     Speed:     ev/sec=247.476   simsec/sec=1.00025   ev/simsec=247.415
     Messages:  created: 196800   present: 9   in FES: 5
** Event #1574400   t=5037.620001652553   Elapsed: 5037.56s (1h 23m)  79% completed  (79% total)
     Speed:     ev/sec=485.628   simsec/sec=1.00006   ev/simsec=485.599
     Messages:  created: 196929   present: 12   in FES: 7
** Event #1574912   t=5039.849548665266   Elapsed: 5039.79s (1h 23m)  79% completed  (79% total)
     Speed:     ev/sec=229.647   simsec/sec=1.00002   ev/simsec=229.643
     Messages:  created: 196993   present: 12   in FES: 8
t=5040.666564 executing setDimmer(0.75)
** Event #1575680   t=5042.403134164873   Elapsed: 5042.35s (1h 24m)  80% completed  (80% total)
     Speed:     ev/sec=300.749   simsec/sec=0.999984   ev/simsec=300.754
     Messages:  created: 197088   present: 10   in FES: 6
** Event #1576448   t=5044.75907299917   Elapsed: 5044.71s (1h 24m)  80% completed  (80% total)
     Speed:     ev/sec=325.37   simsec/sec=0.998114   ev/simsec=325.985
     Messages:  created: 197184   present: 11   in FES: 7
** Event #1577984   t=5047.20225677747   Elapsed: 5047.15s (1h 24m)  80% completed  (80% total)
     Speed:     ev/sec=629.834   simsec/sec=1.00182   ev/simsec=628.688
     Messages:  created: 197376   present: 10   in FES: 6
** Event #1579008   t=5049.604125086931   Elapsed: 5049.55s (1h 24m)  80% completed  (80% total)
     Speed:     ev/sec=425.799   simsec/sec=0.998744   ev/simsec=426.335
     Messages:  created: 197504   present: 11   in FES: 6
** Event #1579520   t=5052.467245427024   Elapsed: 5052.41s (1h 24m)  80% completed  (80% total)
     Speed:     ev/sec=179.015   simsec/sec=1.00106   ev/simsec=178.826
     Messages:  created: 197568   present: 10   in FES: 6
** Event #1580288   t=5054.55201864587   Elapsed: 5054.52s (1h 24m)  80% completed  (80% total)
     Speed:     ev/sec=364.571   simsec/sec=0.989647   ev/simsec=368.385
     Messages:  created: 197664   present: 11   in FES: 6
** Event #1581568   t=5056.6591846127   Elapsed: 5056.6s (1h 24m)  80% completed  (80% total)
     Speed:     ev/sec=613.337   simsec/sec=1.00969   ev/simsec=607.451
     Messages:  created: 197839   present: 51   in FES: 7
** Event #1582592   t=5058.705870127319   Elapsed: 5058.68s (1h 24m)  80% completed  (80% total)
     Speed:     ev/sec=494.292   simsec/sec=0.98795   ev/simsec=500.321
     Messages:  created: 197952   present: 11   in FES: 6
** Event #1583616   t=5061.065960755867   Elapsed: 5061.02s (1h 24m)  80% completed  (80% total)
     Speed:     ev/sec=436.757   simsec/sec=1.00663   ev/simsec=433.882
     Messages:  created: 198080   present: 11   in FES: 7
** Event #1584640   t=5063.357944562763   Elapsed: 5063.3s (1h 24m)  80% completed  (80% total)
     Speed:     ev/sec=448.931   simsec/sec=1.00483   ev/simsec=446.775
     Messages:  created: 198210   present: 15   in FES: 7
** Event #1585664   t=5065.831904392945   Elapsed: 5065.78s (1h 24m)  80% completed  (80% total)
     Speed:     ev/sec=412.613   simsec/sec=0.996863   ev/simsec=413.911
     Messages:  created: 198336   present: 11   in FES: 6
** Event #1586688   t=5068.056157352016   Elapsed: 5068s (1h 24m)  80% completed  (80% total)
     Speed:     ev/sec=461.996   simsec/sec=1.00351   ev/simsec=460.379
     Messages:  created: 198464   present: 10   in FES: 6
** Event #1587968   t=5070.093724349588   Elapsed: 5070.04s (1h 24m)  80% completed  (80% total)
     Speed:     ev/sec=628.201   simsec/sec=1   ev/simsec=628.2
     Messages:  created: 198626   present: 17   in FES: 8
** Event #1589248   t=5072.388323850094   Elapsed: 5072.33s (1h 24m)  80% completed  (80% total)
     Speed:     ev/sec=557.831   simsec/sec=1   ev/simsec=557.832
     Messages:  created: 198785   present: 14   in FES: 7
** Event #1590272   t=5076.819773410159   Elapsed: 5076.76s (1h 24m)  80% completed  (80% total)
     Speed:     ev/sec=231.072   simsec/sec=0.999986   ev/simsec=231.076
     Messages:  created: 198911   present: 9   in FES: 5
** Event #1591552   t=5078.924160067832   Elapsed: 5078.88s (1h 24m)  80% completed  (80% total)
     Speed:     ev/sec=606.001   simsec/sec=0.996298   ev/simsec=608.253
     Messages:  created: 199072   present: 11   in FES: 7
** Event #1593088   t=5081.33755041295   Elapsed: 5081.28s (1h 24m)  80% completed  (80% total)
     Speed:     ev/sec=637.614   simsec/sec=1.00183   ev/simsec=636.449
     Messages:  created: 199264   present: 11   in FES: 7
** Event #1594112   t=5083.531507642357   Elapsed: 5083.48s (1h 24m)  80% completed  (80% total)
     Speed:     ev/sec=467.318   simsec/sec=1.00125   ev/simsec=466.737
     Messages:  created: 199392   present: 11   in FES: 7
** Event #1595136   t=5086.464264555163   Elapsed: 5086.41s (1h 24m)  80% completed  (80% total)
     Speed:     ev/sec=349.248   simsec/sec=1.00025   ev/simsec=349.16
     Messages:  created: 199520   present: 10   in FES: 6
** Event #1595904   t=5088.494953424119   Elapsed: 5088.45s (1h 24m)  80% completed  (80% total)
     Speed:     ev/sec=375.605   simsec/sec=0.993147   ev/simsec=378.197
     Messages:  created: 199616   present: 11   in FES: 7
** Event #1596672   t=5090.802615529501   Elapsed: 5090.75s (1h 24m)  80% completed  (80% total)
     Speed:     ev/sec=334.837   simsec/sec=1.00611   ev/simsec=332.804
     Messages:  created: 199715   present: 18   in FES: 8
** Event #1598208   t=5093.173528810885   Elapsed: 5093.12s (1h 24m)  80% completed  (80% total)
     Speed:     ev/sec=647.853   simsec/sec=1   ev/simsec=647.852
     Messages:  created: 199908   present: 22   in FES: 8
** Event #1599744   t=5095.4603253844   Elapsed: 5095.41s (1h 24m)  80% completed  (80% total)
     Speed:     ev/sec=670.472   simsec/sec=0.998199   ev/simsec=671.682
     Messages:  created: 200099   present: 19   in FES: 7
** Event #1601024   t=5098.57819651871   Elapsed: 5098.52s (1h 24m)  80% completed  (80% total)
     Speed:     ev/sec=411.08   simsec/sec=1.00132   ev/simsec=410.537
     Messages:  created: 200256   present: 11   in FES: 6
t=5100.666562 executing setDimmer(1)
** Event #1602304   t=5100.998268877932   Elapsed: 5100.94s (1h 25m)  80% completed  (80% total)
     Speed:     ev/sec=528.91   simsec/sec=1   ev/simsec=528.91
     Messages:  created: 200416   present: 12   in FES: 6
** Event #1603328   t=5103.145980521288   Elapsed: 5103.09s (1h 25m)  81% completed  (81% total)
     Speed:     ev/sec=476.786   simsec/sec=1   ev/simsec=476.787
     Messages:  created: 200544   present: 12   in FES: 7
** Event #1604352   t=5105.643044642811   Elapsed: 5105.59s (1h 25m)  81% completed  (81% total)
     Speed:     ev/sec=410.081   simsec/sec=1   ev/simsec=410.082
     Messages:  created: 200673   present: 15   in FES: 8
** Event #1605120   t=5107.79201030773   Elapsed: 5107.75s (1h 25m)  81% completed  (81% total)
     Speed:     ev/sec=355.783   simsec/sec=0.995527   ev/simsec=357.381
     Messages:  created: 200771   present: 21   in FES: 7
** Event #1606400   t=5110.084290705096   Elapsed: 5110.03s (1h 25m)  81% completed  (81% total)
     Speed:     ev/sec=560.759   simsec/sec=1.00423   ev/simsec=558.396
     Messages:  created: 200928   present: 12   in FES: 7
** Event #1607680   t=5112.637661823611   Elapsed: 5112.58s (1h 25m)  81% completed  (81% total)
     Speed:     ev/sec=501.298   simsec/sec=1   ev/simsec=501.298
     Messages:  created: 201090   present: 18   in FES: 8
** Event #1608704   t=5114.711835534987   Elapsed: 5114.66s (1h 25m)  81% completed  (81% total)
     Speed:     ev/sec=493.691   simsec/sec=1   ev/simsec=493.691
     Messages:  created: 201215   present: 11   in FES: 7
** Event #1609472   t=5116.926243012169   Elapsed: 5116.88s (1h 25m)  81% completed  (81% total)
     Speed:     ev/sec=344.616   simsec/sec=0.993645   ev/simsec=346.82
     Messages:  created: 201312   present: 13   in FES: 7
** Event #1610240   t=5119.468598661044   Elapsed: 5119.41s (1h 25m)  81% completed  (81% total)
     Speed:     ev/sec=303.774   simsec/sec=1.0056   ev/simsec=302.082
     Messages:  created: 201407   present: 10   in FES: 6
** Event #1611008   t=5121.586676112543   Elapsed: 5121.53s (1h 25m)  81% completed  (81% total)
     Speed:     ev/sec=362.593   simsec/sec=0.999999   ev/simsec=362.593
     Messages:  created: 201503   present: 11   in FES: 7
** Event #1612288   t=5123.944552414827   Elapsed: 5123.89s (1h 25m)  81% completed  (81% total)
     Speed:     ev/sec=542.859   simsec/sec=0.999996   ev/simsec=542.861
     Messages:  created: 201663   present: 10   in FES: 6
** Event #1613056   t=5126.215376984148   Elapsed: 5126.16s (1h 25m)  81% completed  (81% total)
     Speed:     ev/sec=338.205   simsec/sec=1.00001   ev/simsec=338.203
     Messages:  created: 201759   present: 10   in FES: 6
** Event #1614080   t=5128.839577419076   Elapsed: 5128.78s (1h 25m)  81% completed  (81% total)
     Speed:     ev/sec=390.191   simsec/sec=0.99994   ev/simsec=390.214
     Messages:  created: 201888   present: 13   in FES: 6
** Event #1614848   t=5131.297577231512   Elapsed: 5131.24s (1h 25m)  81% completed  (81% total)
     Speed:     ev/sec=312.469   simsec/sec=1.00006   ev/simsec=312.449
     Messages:  created: 201984   present: 12   in FES: 8
** Event #1615872   t=5133.675804579529   Elapsed: 5133.62s (1h 25m)  81% completed  (81% total)
     Speed:     ev/sec=430.573   simsec/sec=1   ev/simsec=430.573
     Messages:  created: 202111   present: 10   in FES: 6
** Event #1616896   t=5136.015559411445   Elapsed: 5135.97s (1h 25m)  81% completed  (81% total)
     Speed:     ev/sec=436.313   simsec/sec=0.996938   ev/simsec=437.653
     Messages:  created: 202240   present: 13   in FES: 7
** Event #1617664   t=5138.522395907406   Elapsed: 5138.47s (1h 25m)  81% completed  (81% total)
     Speed:     ev/sec=307.243   simsec/sec=1.00288   ev/simsec=306.362
     Messages:  created: 202335   present: 11   in FES: 6
** Event #1618688   t=5141.430234032576   Elapsed: 5141.38s (1h 25m)  81% completed  (81% total)
     Speed:     ev/sec=351.663   simsec/sec=0.998611   ev/simsec=352.152
     Messages:  created: 202464   present: 13   in FES: 7
** Event #1619712   t=5143.498591825779   Elapsed: 5143.44s (1h 25m)  81% completed  (81% total)
     Speed:     ev/sec=496.048   simsec/sec=1.00196   ev/simsec=495.079
     Messages:  created: 202599   present: 32   in FES: 8
** Event #1620736   t=5145.829509444342   Elapsed: 5145.77s (1h 25m)  81% completed  (81% total)
     Speed:     ev/sec=439.311   simsec/sec=0.999999   ev/simsec=439.312
     Messages:  created: 202719   present: 10   in FES: 6
** Event #1622016   t=5148.153607882509   Elapsed: 5148.1s (1h 25m)  81% completed  (81% total)
     Speed:     ev/sec=550.752   simsec/sec=1   ev/simsec=550.751
     Messages:  created: 202886   present: 28   in FES: 8
** Event #1623296   t=5150.256305970747   Elapsed: 5150.2s (1h 25m)  81% completed  (81% total)
     Speed:     ev/sec=607.922   simsec/sec=0.998653   ev/simsec=608.742
     Messages:  created: 203040   present: 13   in FES: 6
** Event #1624064   t=5152.738505908727   Elapsed: 5152.68s (1h 25m)  81% completed  (81% total)
     Speed:     ev/sec=309.757   simsec/sec=1.00114   ev/simsec=309.403
     Messages:  created: 203138   present: 17   in FES: 8
** Event #1624832   t=5155.323685736285   Elapsed: 5155.27s (1h 25m)  81% completed  (81% total)
     Speed:     ev/sec=297.078   simsec/sec=1   ev/simsec=297.078
     Messages:  created: 203231   present: 11   in FES: 6
** Event #1625600   t=5157.50599956676   Elapsed: 5157.45s (1h 25m)  81% completed  (81% total)
     Speed:     ev/sec=351.92   simsec/sec=1   ev/simsec=351.92
     Messages:  created: 203327   present: 9   in FES: 5
** Event #1626368   t=5159.839890235411   Elapsed: 5159.78s (1h 25m)  81% completed  (81% total)
     Speed:     ev/sec=329.064   simsec/sec=1   ev/simsec=329.064
     Messages:  created: 203425   present: 16   in FES: 8
t=5160.666545 executing removeServer()
scheduled complete remove at 5160.720728401483
** Event #1627136   t=5164.277714444554   Elapsed: 5164.22s (1h 26m)  81% completed  (81% total)
     Speed:     ev/sec=173.058   simsec/sec=1   ev/simsec=173.058
     Messages:  created: 203521   present: 12   in FES: 7
** Event #1627648   t=5167.083420783776   Elapsed: 5167.03s (1h 26m)  82% completed  (82% total)
     Speed:     ev/sec=182.485   simsec/sec=0.999999   ev/simsec=182.485
     Messages:  created: 203585   present: 11   in FES: 7
** Event #1628928   t=5169.626297238933   Elapsed: 5169.57s (1h 26m)  82% completed  (82% total)
     Speed:     ev/sec=502.7   simsec/sec=0.998675   ev/simsec=503.367
     Messages:  created: 203774   present: 89   in FES: 6
** Event #1629952   t=5172.10857415818   Elapsed: 5172.05s (1h 26m)  82% completed  (82% total)
     Speed:     ev/sec=413.086   simsec/sec=1.00136   ev/simsec=412.524
     Messages:  created: 203900   present: 83   in FES: 7
** Event #1630976   t=5174.422142902107   Elapsed: 5174.37s (1h 26m)  82% completed  (82% total)
     Speed:     ev/sec=442.607   simsec/sec=1   ev/simsec=442.606
     Messages:  created: 204028   present: 83   in FES: 7
** Event #1631744   t=5177.573757235883   Elapsed: 5177.53s (1h 26m)  82% completed  (82% total)
     Speed:     ev/sec=242.948   simsec/sec=0.996979   ev/simsec=243.685
     Messages:  created: 204096   present: 9   in FES: 5
** Event #1632000   t=5181.095210847663   Elapsed: 5181.04s (1h 26m)  82% completed  (82% total)
     Speed:     ev/sec=72.895   simsec/sec=1.00272   ev/simsec=72.6973
     Messages:  created: 204136   present: 31   in FES: 7
** Event #1633024   t=5183.15010546564   Elapsed: 5183.09s (1h 26m)  82% completed  (82% total)
     Speed:     ev/sec=498.322   simsec/sec=0.999999   ev/simsec=498.322
     Messages:  created: 204297   present: 118   in FES: 7
** Event #1634048   t=5185.716376018703   Elapsed: 5185.66s (1h 26m)  82% completed  (82% total)
     Speed:     ev/sec=399.022   simsec/sec=0.999999   ev/simsec=399.023
     Messages:  created: 204431   present: 135   in FES: 7
** Event #1635072   t=5187.793089584203   Elapsed: 5187.74s (1h 26m)  82% completed  (82% total)
     Speed:     ev/sec=493.087   simsec/sec=1   ev/simsec=493.087
     Messages:  created: 204570   present: 164   in FES: 7
** Event #1636096   t=5190.205154288113   Elapsed: 5190.15s (1h 26m)  82% completed  (82% total)
     Speed:     ev/sec=424.533   simsec/sec=1   ev/simsec=424.533
     Messages:  created: 204702   present: 174   in FES: 7
** Event #1637120   t=5192.614758502517   Elapsed: 5192.56s (1h 26m)  82% completed  (82% total)
     Speed:     ev/sec=424.966   simsec/sec=1   ev/simsec=424.966
     Messages:  created: 204832   present: 180   in FES: 7
** Event #1638144   t=5195.351763138701   Elapsed: 5195.3s (1h 26m)  82% completed  (82% total)
     Speed:     ev/sec=374.133   simsec/sec=1   ev/simsec=374.132
     Messages:  created: 204965   present: 192   in FES: 7
** Event #1639168   t=5197.840510283476   Elapsed: 5197.78s (1h 26m)  82% completed  (82% total)
     Speed:     ev/sec=411.45   simsec/sec=0.999996   ev/simsec=411.452
     Messages:  created: 205084   present: 168   in FES: 7
** Event #1639936   t=5200.301747094575   Elapsed: 5200.25s (1h 26m)  82% completed  (82% total)
     Speed:     ev/sec=312.038   simsec/sec=1   ev/simsec=312.038
     Messages:  created: 205155   present: 101   in FES: 7
** Event #1640704   t=5202.398740491337   Elapsed: 5202.34s (1h 26m)  82% completed  (82% total)
     Speed:     ev/sec=366.239   simsec/sec=1   ev/simsec=366.239
     Messages:  created: 205236   present: 62   in FES: 7
** Event #1641472   t=5204.530059752484   Elapsed: 5204.47s (1h 26m)  82% completed  (82% total)
     Speed:     ev/sec=360.34   simsec/sec=0.999999   ev/simsec=360.34
     Messages:  created: 205328   present: 52   in FES: 7
** Event #1642240   t=5206.57955104632   Elapsed: 5206.52s (1h 26m)  82% completed  (82% total)
     Speed:     ev/sec=374.727   simsec/sec=1   ev/simsec=374.727
     Messages:  created: 205420   present: 40   in FES: 7
** Event #1643008   t=5209.065295642661   Elapsed: 5209.01s (1h 26m)  82% completed  (82% total)
     Speed:     ev/sec=308.544   simsec/sec=0.998649   ev/simsec=308.962
     Messages:  created: 205504   present: 9   in FES: 6
** Event #1643776   t=5212.046167842246   Elapsed: 5212s (1h 26m)  82% completed  (82% total)
     Speed:     ev/sec=256.724   simsec/sec=0.996436   ev/simsec=257.643
     Messages:  created: 205600   present: 9   in FES: 6
** Event #1644544   t=5214.668093816879   Elapsed: 5214.61s (1h 26m)  82% completed  (82% total)
     Speed:     ev/sec=294.49   simsec/sec=1.00538   ev/simsec=292.914
     Messages:  created: 205701   present: 21   in FES: 7
** Event #1645568   t=5217.395257373938   Elapsed: 5217.34s (1h 26m)  82% completed  (82% total)
     Speed:     ev/sec=375.482   simsec/sec=1   ev/simsec=375.482
     Messages:  created: 205829   present: 23   in FES: 7
** Event #1646336   t=5219.778367062821   Elapsed: 5219.72s (1h 26m)  82% completed  (82% total)
     Speed:     ev/sec=322.268   simsec/sec=0.999999   ev/simsec=322.268
     Messages:  created: 205920   present: 8   in FES: 5
t=5220.666547 executing addServer()
adding server with latency=60
** Event #1647104   t=5222.379634220615   Elapsed: 5222.32s (1h 27m)  82% completed  (82% total)
     Speed:     ev/sec=295.241   simsec/sec=0.999999   ev/simsec=295.241
     Messages:  created: 206017   present: 11   in FES: 7
** Event #1647616   t=5224.410067985508   Elapsed: 5224.35s (1h 27m)  82% completed  (82% total)
     Speed:     ev/sec=252.163   simsec/sec=1   ev/simsec=252.163
     Messages:  created: 206087   present: 25   in FES: 8
** Event #1648384   t=5226.493106204311   Elapsed: 5226.45s (1h 27m)  82% completed  (82% total)
     Speed:     ev/sec=366.504   simsec/sec=0.994065   ev/simsec=368.692
     Messages:  created: 206184   present: 29   in FES: 7
** Event #1649408   t=5228.567354655977   Elapsed: 5228.51s (1h 27m)  82% completed  (82% total)
     Speed:     ev/sec=496.65   simsec/sec=1.00603   ev/simsec=493.673
     Messages:  created: 206335   present: 91   in FES: 8
** Event #1650432   t=5231.086326370544   Elapsed: 5231.03s (1h 27m)  83% completed  (83% total)
     Speed:     ev/sec=406.515   simsec/sec=1   ev/simsec=406.515
     Messages:  created: 206458   present: 76   in FES: 8
** Event #1651456   t=5233.682816372464   Elapsed: 5233.63s (1h 27m)  83% completed  (83% total)
     Speed:     ev/sec=394.378   simsec/sec=0.999999   ev/simsec=394.379
     Messages:  created: 206579   present: 59   in FES: 8
** Event #1652480   t=5235.819642518651   Elapsed: 5235.78s (1h 27m)  83% completed  (83% total)
     Speed:     ev/sec=475.973   simsec/sec=0.993233   ev/simsec=479.215
     Messages:  created: 206720   present: 93   in FES: 7
** Event #1653504   t=5238.495569142206   Elapsed: 5238.44s (1h 27m)  83% completed  (83% total)
     Speed:     ev/sec=384.765   simsec/sec=1.00547   ev/simsec=382.671
     Messages:  created: 206844   present: 83   in FES: 8
** Event #1654272   t=5240.828330516675   Elapsed: 5240.77s (1h 27m)  83% completed  (83% total)
     Speed:     ev/sec=329.224   simsec/sec=1   ev/simsec=329.224
     Messages:  created: 206924   present: 40   in FES: 8
** Event #1655040   t=5243.173085412008   Elapsed: 5243.12s (1h 27m)  83% completed  (83% total)
     Speed:     ev/sec=327.008   simsec/sec=0.998379   ev/simsec=327.54
     Messages:  created: 207010   present: 13   in FES: 7
** Event #1655808   t=5245.692363189316   Elapsed: 5245.64s (1h 27m)  83% completed  (83% total)
     Speed:     ev/sec=305.311   simsec/sec=1.00151   ev/simsec=304.849
     Messages:  created: 207105   present: 11   in FES: 7
** Event #1656832   t=5248.104137754759   Elapsed: 5248.05s (1h 27m)  83% completed  (83% total)
     Speed:     ev/sec=424.584   simsec/sec=1   ev/simsec=424.584
     Messages:  created: 207245   present: 41   in FES: 8
** Event #1657600   t=5251.236115485234   Elapsed: 5251.18s (1h 27m)  83% completed  (83% total)
     Speed:     ev/sec=245.212   simsec/sec=1   ev/simsec=245.212
     Messages:  created: 207329   present: 11   in FES: 7
** Event #1658112   t=5253.286789475996   Elapsed: 5253.23s (1h 27m)  83% completed  (83% total)
     Speed:     ev/sec=249.674   simsec/sec=1   ev/simsec=249.674
     Messages:  created: 207393   present: 11   in FES: 7
** Event #1658880   t=5255.886932591164   Elapsed: 5255.83s (1h 27m)  83% completed  (83% total)
     Speed:     ev/sec=295.361   simsec/sec=0.999975   ev/simsec=295.368
     Messages:  created: 207489   present: 10   in FES: 6
** Event #1659392   t=5257.958149379446   Elapsed: 5257.9s (1h 27m)  83% completed  (83% total)
     Speed:     ev/sec=247.206   simsec/sec=1.00003   ev/simsec=247.198
     Messages:  created: 207563   present: 36   in FES: 8
** Event #1660416   t=5260.652466392347   Elapsed: 5260.6s (1h 27m)  83% completed  (83% total)
     Speed:     ev/sec=380.059   simsec/sec=1   ev/simsec=380.059
     Messages:  created: 207683   present: 15   in FES: 8
** Event #1661184   t=5263.104504656625   Elapsed: 5263.05s (1h 27m)  83% completed  (83% total)
     Speed:     ev/sec=312.946   simsec/sec=0.999159   ev/simsec=313.209
     Messages:  created: 207778   present: 13   in FES: 7
** Event #1662208   t=5265.61182013885   Elapsed: 5265.57s (1h 27m)  83% completed  (83% total)
     Speed:     ev/sec=406.073   simsec/sec=0.99429   ev/simsec=408.405
     Messages:  created: 207909   present: 21   in FES: 7
** Event #1662976   t=5267.666754270811   Elapsed: 5267.61s (1h 27m)  83% completed  (83% total)
     Speed:     ev/sec=376.753   simsec/sec=1.00808   ev/simsec=373.735
     Messages:  created: 208003   present: 15   in FES: 8
** Event #1663488   t=5269.689303212671   Elapsed: 5269.65s (1h 27m)  83% completed  (83% total)
     Speed:     ev/sec=251.016   simsec/sec=0.991585   ev/simsec=253.146
     Messages:  created: 208072   present: 29   in FES: 7
** Event #1664256   t=5271.749975454368   Elapsed: 5271.69s (1h 27m)  83% completed  (83% total)
     Speed:     ev/sec=375.824   simsec/sec=1.0084   ev/simsec=372.694
     Messages:  created: 208164   present: 19   in FES: 7
** Event #1665024   t=5274.437866323421   Elapsed: 5274.39s (1h 27m)  83% completed  (83% total)
     Speed:     ev/sec=285.003   simsec/sec=0.997471   ev/simsec=285.726
     Messages:  created: 208258   present: 13   in FES: 7
** Event #1665536   t=5277.009748735751   Elapsed: 5276.96s (1h 27m)  83% completed  (83% total)
     Speed:     ev/sec=198.818   simsec/sec=0.998706   ev/simsec=199.076
     Messages:  created: 208322   present: 13   in FES: 7
** Event #1666304   t=5279.226657366649   Elapsed: 5279.17s (1h 27m)  83% completed  (83% total)
     Speed:     ev/sec=348.022   simsec/sec=1.0046   ev/simsec=346.428
     Messages:  created: 208420   present: 17   in FES: 7
t=5280.666547 addServer() complete
** Event #1666816   t=5281.437447836906   Elapsed: 5281.38s (1h 28m)  83% completed  (83% total)
     Speed:     ev/sec=231.591   simsec/sec=1   ev/simsec=231.591
     Messages:  created: 208480   present: 9   in FES: 5
** Event #1667328   t=5284.366126667159   Elapsed: 5284.31s (1h 28m)  83% completed  (83% total)
     Speed:     ev/sec=174.823   simsec/sec=1   ev/simsec=174.823
     Messages:  created: 208544   present: 9   in FES: 5
** Event #1668096   t=5287.149035631466   Elapsed: 5287.09s (1h 28m)  83% completed  (83% total)
     Speed:     ev/sec=275.882   simsec/sec=0.999681   ev/simsec=275.97
     Messages:  created: 208642   present: 14   in FES: 7
** Event #1669120   t=5289.452872495036   Elapsed: 5289.4s (1h 28m)  83% completed  (83% total)
     Speed:     ev/sec=444.647   simsec/sec=1.00039   ev/simsec=444.476
     Messages:  created: 208768   present: 9   in FES: 5
** Event #1669888   t=5291.82543889929   Elapsed: 5291.77s (1h 28m)  83% completed  (83% total)
     Speed:     ev/sec=323.7   simsec/sec=0.999999   ev/simsec=323.7
     Messages:  created: 208866   present: 13   in FES: 8
** Event #1670912   t=5294.165363910153   Elapsed: 5294.12s (1h 28m)  84% completed  (84% total)
     Speed:     ev/sec=436.502   simsec/sec=0.997442   ev/simsec=437.621
     Messages:  created: 208994   present: 14   in FES: 7
** Event #1671936   t=5296.399381549202   Elapsed: 5296.34s (1h 28m)  84% completed  (84% total)
     Speed:     ev/sec=459.602   simsec/sec=1.00269   ev/simsec=458.367
     Messages:  created: 209124   present: 19   in FES: 7
** Event #1672960   t=5299.050969729507   Elapsed: 5298.99s (1h 28m)  84% completed  (84% total)
     Speed:     ev/sec=386.183   simsec/sec=0.999999   ev/simsec=386.184
     Messages:  created: 209249   present: 10   in FES: 6
** Event #1673984   t=5301.716254255472   Elapsed: 5301.66s (1h 28m)  84% completed  (84% total)
     Speed:     ev/sec=384.199   simsec/sec=1   ev/simsec=384.199
     Messages:  created: 209377   present: 10   in FES: 6
** Event #1674752   t=5303.822286789936   Elapsed: 5303.77s (1h 28m)  84% completed  (84% total)
     Speed:     ev/sec=364.667   simsec/sec=1   ev/simsec=364.667
     Messages:  created: 209476   present: 19   in FES: 7
** Event #1675776   t=5306.317821775379   Elapsed: 5306.26s (1h 28m)  84% completed  (84% total)
     Speed:     ev/sec=410.333   simsec/sec=1   ev/simsec=410.333
     Messages:  created: 209601   present: 12   in FES: 8
** Event #1676544   t=5308.736614161943   Elapsed: 5308.68s (1h 28m)  84% completed  (84% total)
     Speed:     ev/sec=317.514   simsec/sec=1   ev/simsec=317.514
     Messages:  created: 209701   present: 21   in FES: 8
** Event #1677568   t=5310.872738625999   Elapsed: 5310.82s (1h 28m)  84% completed  (84% total)
     Speed:     ev/sec=478.513   simsec/sec=0.998207   ev/simsec=479.373
     Messages:  created: 209829   present: 22   in FES: 7
** Event #1678848   t=5313.845404500615   Elapsed: 5313.79s (1h 28m)  84% completed  (84% total)
     Speed:     ev/sec=431.146   simsec/sec=1.00129   ev/simsec=430.59
     Messages:  created: 209987   present: 16   in FES: 8
** Event #1679616   t=5316.219059225983   Elapsed: 5316.16s (1h 28m)  84% completed  (84% total)
     Speed:     ev/sec=323.552   simsec/sec=1   ev/simsec=323.552
     Messages:  created: 210081   present: 11   in FES: 7
** Event #1680384   t=5318.694941588037   Elapsed: 5318.64s (1h 28m)  84% completed  (84% total)
     Speed:     ev/sec=310.192   simsec/sec=0.999999   ev/simsec=310.192
     Messages:  created: 210178   present: 13   in FES: 7
** Event #1681152   t=5320.97953733037   Elapsed: 5320.92s (1h 28m)  84% completed  (84% total)
     Speed:     ev/sec=336.165   simsec/sec=1   ev/simsec=336.165
     Messages:  created: 210273   present: 12   in FES: 8
** Event #1681920   t=5323.504057880731   Elapsed: 5323.45s (1h 28m)  84% completed  (84% total)
     Speed:     ev/sec=304.216   simsec/sec=1   ev/simsec=304.216
     Messages:  created: 210369   present: 10   in FES: 6
** Event #1682688   t=5326.186278071887   Elapsed: 5326.13s (1h 28m)  84% completed  (84% total)
     Speed:     ev/sec=286.33   simsec/sec=0.999999   ev/simsec=286.33
     Messages:  created: 210465   present: 10   in FES: 6
** Event #1683200   t=5328.564106242617   Elapsed: 5328.51s (1h 28m)  84% completed  (84% total)
     Speed:     ev/sec=215.323   simsec/sec=1   ev/simsec=215.323
     Messages:  created: 210528   present: 9   in FES: 5
** Event #1683712   t=5331.501865390968   Elapsed: 5331.45s (1h 28m)  84% completed  (84% total)
     Speed:     ev/sec=174.283   simsec/sec=1   ev/simsec=174.282
     Messages:  created: 210593   present: 12   in FES: 7
** Event #1684224   t=5333.72065562296   Elapsed: 5333.66s (1h 28m)  84% completed  (84% total)
     Speed:     ev/sec=230.754   simsec/sec=0.999992   ev/simsec=230.756
     Messages:  created: 210656   present: 9   in FES: 5
** Event #1684992   t=5336.002738271947   Elapsed: 5335.96s (1h 28m)  84% completed  (84% total)
     Speed:     ev/sec=335.21   simsec/sec=0.996063   ev/simsec=336.535
     Messages:  created: 210754   present: 14   in FES: 6
** Event #1685760   t=5338.675871641877   Elapsed: 5338.62s (1h 28m)  84% completed  (84% total)
     Speed:     ev/sec=288.278   simsec/sec=1.00339   ev/simsec=287.303
     Messages:  created: 210849   present: 10   in FES: 6
t=5340.66655 executing removeServer()
scheduled complete remove at 5340.711085927595
** Event #1686272   t=5340.712119237825   Elapsed: 5340.74s (1h 29m)  84% completed  (84% total)
     Speed:     ev/sec=241.26   simsec/sec=0.959503   ev/simsec=251.443
     Messages:  created: 210914   present: 9   in FES: 6
** Event #1687040   t=5342.995389557457   Elapsed: 5342.94s (1h 29m)  84% completed  (84% total)
     Speed:     ev/sec=349.515   simsec/sec=1.03911   ev/simsec=336.36
     Messages:  created: 211012   present: 14   in FES: 7
** Event #1688064   t=5345.640551579235   Elapsed: 5345.59s (1h 29m)  84% completed  (84% total)
     Speed:     ev/sec=387.004   simsec/sec=0.999695   ev/simsec=387.122
     Messages:  created: 211138   present: 10   in FES: 6
** Event #1689088   t=5347.939309421443   Elapsed: 5347.9s (1h 29m)  84% completed  (84% total)
     Speed:     ev/sec=442.162   simsec/sec=0.9926   ev/simsec=445.458
     Messages:  created: 211281   present: 50   in FES: 6
** Event #1689856   t=5350.011238722162   Elapsed: 5349.96s (1h 29m)  84% completed  (84% total)
     Speed:     ev/sec=373.907   simsec/sec=1.00874   ev/simsec=370.669
     Messages:  created: 211367   present: 23   in FES: 7
** Event #1690624   t=5352.617647216585   Elapsed: 5352.56s (1h 29m)  84% completed  (84% total)
     Speed:     ev/sec=294.658   simsec/sec=0.999999   ev/simsec=294.658
     Messages:  created: 211459   present: 12   in FES: 7
** Event #1691648   t=5354.801512173783   Elapsed: 5354.75s (1h 29m)  84% completed  (84% total)
     Speed:     ev/sec=468.894   simsec/sec=1   ev/simsec=468.893
     Messages:  created: 211600   present: 48   in FES: 7
** Event #1692672   t=5357.222504454861   Elapsed: 5357.17s (1h 29m)  85% completed  (85% total)
     Speed:     ev/sec=422.794   simsec/sec=0.999592   ev/simsec=422.967
     Messages:  created: 211732   present: 58   in FES: 6
** Event #1693440   t=5359.546517579845   Elapsed: 5359.49s (1h 29m)  85% completed  (85% total)
     Speed:     ev/sec=330.604   simsec/sec=1.00043   ev/simsec=330.463
     Messages:  created: 211812   present: 15   in FES: 6
** Event #1694208   t=5361.770948906068   Elapsed: 5361.71s (1h 29m)  85% completed  (85% total)
     Speed:     ev/sec=345.257   simsec/sec=1   ev/simsec=345.257
     Messages:  created: 211920   present: 46   in FES: 7
** Event #1694976   t=5364.444158035825   Elapsed: 5364.39s (1h 29m)  85% completed  (85% total)
     Speed:     ev/sec=287.295   simsec/sec=0.999998   ev/simsec=287.295
     Messages:  created: 212002   present: 9   in FES: 6
** Event #1695744   t=5367.202411987328   Elapsed: 5367.15s (1h 29m)  85% completed  (85% total)
     Speed:     ev/sec=278.437   simsec/sec=1   ev/simsec=278.437
     Messages:  created: 212098   present: 9   in FES: 6
** Event #1696768   t=5369.383340209329   Elapsed: 5369.33s (1h 29m)  85% completed  (85% total)
     Speed:     ev/sec=469.526   simsec/sec=1   ev/simsec=469.525
     Messages:  created: 212243   present: 54   in FES: 7
** Event #1697792   t=5371.932241008857   Elapsed: 5371.88s (1h 29m)  85% completed  (85% total)
     Speed:     ev/sec=401.609   simsec/sec=0.99967   ev/simsec=401.742
     Messages:  created: 212363   present: 34   in FES: 6
** Event #1698560   t=5374.040058028565   Elapsed: 5373.98s (1h 29m)  85% completed  (85% total)
     Speed:     ev/sec=364.503   simsec/sec=1.0004   ev/simsec=364.358
     Messages:  created: 212454   present: 20   in FES: 6
** Event #1699072   t=5376.095425855806   Elapsed: 5376.04s (1h 29m)  85% completed  (85% total)
     Speed:     ev/sec=249.104   simsec/sec=1   ev/simsec=249.104
     Messages:  created: 212516   present: 16   in FES: 7
** Event #1699840   t=5378.322727386617   Elapsed: 5378.27s (1h 29m)  85% completed  (85% total)
     Speed:     ev/sec=344.812   simsec/sec=1   ev/simsec=344.812
     Messages:  created: 212609   present: 8   in FES: 5
** Event #1700352   t=5380.749196398144   Elapsed: 5380.69s (1h 29m)  85% completed  (85% total)
     Speed:     ev/sec=211.006   simsec/sec=0.999998   ev/simsec=211.006
     Messages:  created: 212674   present: 9   in FES: 6
** Event #1701376   t=5382.915368259032   Elapsed: 5382.86s (1h 29m)  85% completed  (85% total)
     Speed:     ev/sec=472.724   simsec/sec=1   ev/simsec=472.723
     Messages:  created: 212819   present: 54   in FES: 7
** Event #1702144   t=5384.948460095079   Elapsed: 5384.89s (1h 29m)  85% completed  (85% total)
     Speed:     ev/sec=377.758   simsec/sec=1.00002   ev/simsec=377.75
     Messages:  created: 212904   present: 25   in FES: 7
** Event #1703168   t=5387.272204840183   Elapsed: 5387.22s (1h 29m)  85% completed  (85% total)
     Speed:     ev/sec=440.134   simsec/sec=0.998788   ev/simsec=440.668
     Messages:  created: 213041   present: 50   in FES: 6
** Event #1704192   t=5389.696882126201   Elapsed: 5389.64s (1h 29m)  85% completed  (85% total)
     Speed:     ev/sec=422.809   simsec/sec=1.00115   ev/simsec=422.324
     Messages:  created: 213182   present: 85   in FES: 7
** Event #1705216   t=5392.315470956268   Elapsed: 5392.26s (1h 29m)  85% completed  (85% total)
     Speed:     ev/sec=391.05   simsec/sec=1   ev/simsec=391.05
     Messages:  created: 213296   present: 46   in FES: 7
** Event #1706240   t=5394.366440891444   Elapsed: 5394.31s (1h 29m)  85% completed  (85% total)
     Speed:     ev/sec=498.709   simsec/sec=0.998865   ev/simsec=499.276
     Messages:  created: 213452   present: 122   in FES: 6
** Event #1707264   t=5396.461694247636   Elapsed: 5396.41s (1h 29m)  85% completed  (85% total)
     Speed:     ev/sec=489.268   simsec/sec=1.00111   ev/simsec=488.724
     Messages:  created: 213610   present: 200   in FES: 8
** Event #1708288   t=5398.708277683146   Elapsed: 5398.66s (1h 29m)  85% completed  (85% total)
     Speed:     ev/sec=454.038   simsec/sec=0.996126   ev/simsec=455.803
     Messages:  created: 213740   present: 203   in FES: 6
** Event #1709056   t=5400.82945594486   Elapsed: 5400.77s (1h 30m)  85% completed  (85% total)
     Speed:     ev/sec=363.561   simsec/sec=1.00414   ev/simsec=362.063
     Messages:  created: 213814   present: 151   in FES: 7
** Event #1710080   t=5403.39267817939   Elapsed: 5403.34s (1h 30m)  85% completed  (85% total)
     Speed:     ev/sec=399.496   simsec/sec=0.999997   ev/simsec=399.497
     Messages:  created: 213930   present: 118   in FES: 7
** Event #1711104   t=5405.751416213134   Elapsed: 5405.7s (1h 30m)  85% completed  (85% total)
     Speed:     ev/sec=434.132   simsec/sec=1   ev/simsec=434.13
     Messages:  created: 214058   present: 118   in FES: 7
** Event #1712128   t=5408.421137474136   Elapsed: 5408.36s (1h 30m)  85% completed  (85% total)
     Speed:     ev/sec=383.561   simsec/sec=1   ev/simsec=383.561
     Messages:  created: 214181   present: 104   in FES: 7
** Event #1712896   t=5410.433595499475   Elapsed: 5410.38s (1h 30m)  85% completed  (85% total)
     Speed:     ev/sec=381.623   simsec/sec=1   ev/simsec=381.623
     Messages:  created: 214267   present: 79   in FES: 7
** Event #1713664   t=5412.736827669749   Elapsed: 5412.7s (1h 30m)  85% completed  (85% total)
     Speed:     ev/sec=330.008   simsec/sec=0.989695   ev/simsec=333.444
     Messages:  created: 214337   present: 9   in FES: 6
** Event #1714432   t=5416.394223240308   Elapsed: 5416.34s (1h 30m)  85% completed  (85% total)
     Speed:     ev/sec=211.371   simsec/sec=1.0066   ev/simsec=209.985
     Messages:  created: 214434   present: 12   in FES: 7
** Event #1715200   t=5419.134311845843   Elapsed: 5419.08s (1h 30m)  86% completed  (86% total)
     Speed:     ev/sec=280.283   simsec/sec=1   ev/simsec=280.283
     Messages:  created: 214530   present: 12   in FES: 7
** Event #1715968   t=5421.708534736624   Elapsed: 5421.65s (1h 30m)  86% completed  (86% total)
     Speed:     ev/sec=298.265   simsec/sec=0.999739   ev/simsec=298.342
     Messages:  created: 214625   present: 9   in FES: 6
** Event #1716480   t=5424.142138325178   Elapsed: 5424.09s (1h 30m)  86% completed  (86% total)
     Speed:     ev/sec=210.445   simsec/sec=1.00028   ev/simsec=210.388
     Messages:  created: 214690   present: 12   in FES: 7
** Event #1716992   t=5426.597547342431   Elapsed: 5426.54s (1h 30m)  86% completed  (86% total)
     Speed:     ev/sec=208.519   simsec/sec=1   ev/simsec=208.519
     Messages:  created: 214755   present: 13   in FES: 7
** Event #1717760   t=5428.631214644358   Elapsed: 5428.58s (1h 30m)  86% completed  (86% total)
     Speed:     ev/sec=375.93   simsec/sec=0.995465   ev/simsec=377.643
     Messages:  created: 214861   present: 41   in FES: 6
** Event #1718528   t=5430.64243435949   Elapsed: 5430.59s (1h 30m)  86% completed  (86% total)
     Speed:     ev/sec=383.625   simsec/sec=1.00463   ev/simsec=381.858
     Messages:  created: 214950   present: 21   in FES: 7
** Event #1719040   t=5432.693675487492   Elapsed: 5432.64s (1h 30m)  86% completed  (86% total)
     Speed:     ev/sec=249.436   simsec/sec=0.999324   ev/simsec=249.605
     Messages:  created: 215009   present: 9   in FES: 6
** Event #1719808   t=5435.945992731762   Elapsed: 5435.89s (1h 30m)  86% completed  (86% total)
     Speed:     ev/sec=236.215   simsec/sec=1.00032   ev/simsec=236.139
     Messages:  created: 215105   present: 9   in FES: 5
** Event #1720320   t=5438.619018626656   Elapsed: 5438.57s (1h 30m)  86% completed  (86% total)
     Speed:     ev/sec=190.898   simsec/sec=0.996634   ev/simsec=191.543
     Messages:  created: 215169   present: 9   in FES: 6
** Event #1720832   t=5441.205903498088   Elapsed: 5441.15s (1h 30m)  86% completed  (86% total)
     Speed:     ev/sec=198.261   simsec/sec=1.00172   ev/simsec=197.921
     Messages:  created: 215233   present: 9   in FES: 6
** Event #1721344   t=5443.714489276847   Elapsed: 5443.66s (1h 30m)  86% completed  (86% total)
     Speed:     ev/sec=204.502   simsec/sec=1.00197   ev/simsec=204.099
     Messages:  created: 215299   present: 13   in FES: 7
** Event #1722112   t=5446.004856027348   Elapsed: 5445.95s (1h 30m)  86% completed  (86% total)
     Speed:     ev/sec=335.318   simsec/sec=1   ev/simsec=335.317
     Messages:  created: 215396   present: 16   in FES: 7
** Event #1723136   t=5448.617593608824   Elapsed: 5448.56s (1h 30m)  86% completed  (86% total)
     Speed:     ev/sec=391.926   simsec/sec=1   ev/simsec=391.926
     Messages:  created: 215534   present: 43   in FES: 7
** Event #1724160   t=5450.978642653228   Elapsed: 5450.92s (1h 30m)  86% completed  (86% total)
     Speed:     ev/sec=433.706   simsec/sec=1   ev/simsec=433.706
     Messages:  created: 215675   present: 77   in FES: 7
** Event #1724928   t=5453.98681931573   Elapsed: 5453.93s (1h 30m)  86% completed  (86% total)
     Speed:     ev/sec=255.304   simsec/sec=1   ev/simsec=255.304
     Messages:  created: 215746   present: 11   in FES: 7
** Event #1725696   t=5456.170648489901   Elapsed: 5456.12s (1h 30m)  86% completed  (86% total)
     Speed:     ev/sec=350.742   simsec/sec=0.997343   ev/simsec=351.676
     Messages:  created: 215841   present: 9   in FES: 6
** Event #1726464   t=5458.383053546369   Elapsed: 5458.33s (1h 30m)  86% completed  (86% total)
     Speed:     ev/sec=348.049   simsec/sec=1.00264   ev/simsec=347.134
     Messages:  created: 215938   present: 12   in FES: 6
t=5460.666548 executing addServer()
adding server with latency=60
** Event #1727232   t=5461.002387001308   Elapsed: 5460.95s (1h 31m)  86% completed  (86% total)
     Speed:     ev/sec=293.204   simsec/sec=1   ev/simsec=293.204
     Messages:  created: 216034   present: 11   in FES: 7
** Event #1728000   t=5463.244836954324   Elapsed: 5463.19s (1h 31m)  86% completed  (86% total)
     Speed:     ev/sec=342.483   simsec/sec=1   ev/simsec=342.483
     Messages:  created: 216132   present: 16   in FES: 8
** Event #1728768   t=5465.92711601185   Elapsed: 5465.88s (1h 31m)  86% completed  (86% total)
     Speed:     ev/sec=285.622   simsec/sec=0.997549   ev/simsec=286.324
     Messages:  created: 216227   present: 13   in FES: 7
** Event #1729536   t=5468.23202160911   Elapsed: 5468.18s (1h 31m)  86% completed  (86% total)
     Speed:     ev/sec=334.155   simsec/sec=1.00286   ev/simsec=333.202
     Messages:  created: 216331   present: 33   in FES: 8
** Event #1730560   t=5470.655735474477   Elapsed: 5470.6s (1h 31m)  86% completed  (86% total)
     Speed:     ev/sec=422.458   simsec/sec=0.99992   ev/simsec=422.492
     Messages:  created: 216466   present: 53   in FES: 7
** Event #1731328   t=5472.785231138127   Elapsed: 5472.73s (1h 31m)  86% completed  (86% total)
     Speed:     ev/sec=360.684   simsec/sec=1.0001   ev/simsec=360.649
     Messages:  created: 216552   present: 25   in FES: 7
** Event #1732352   t=5475.349736869334   Elapsed: 5475.29s (1h 31m)  86% completed  (86% total)
     Speed:     ev/sec=399.298   simsec/sec=1   ev/simsec=399.297
     Messages:  created: 216686   present: 41   in FES: 8
** Event #1733120   t=5477.840385440939   Elapsed: 5477.78s (1h 31m)  86% completed  (86% total)
     Speed:     ev/sec=308.353   simsec/sec=0.999999   ev/simsec=308.353
     Messages:  created: 216771   present: 12   in FES: 8
** Event #1733888   t=5479.864518256735   Elapsed: 5479.81s (1h 31m)  86% completed  (86% total)
     Speed:     ev/sec=379.422   simsec/sec=1   ev/simsec=379.422
     Messages:  created: 216873   present: 28   in FES: 8
** Event #1734656   t=5482.712848433806   Elapsed: 5482.66s (1h 31m)  87% completed  (87% total)
     Speed:     ev/sec=269.632   simsec/sec=1   ev/simsec=269.632
     Messages:  created: 216962   present: 11   in FES: 7
** Event #1735424   t=5485.167469797029   Elapsed: 5485.11s (1h 31m)  87% completed  (87% total)
     Speed:     ev/sec=312.879   simsec/sec=1   ev/simsec=312.879
     Messages:  created: 217058   present: 11   in FES: 7
** Event #1736192   t=5487.476799975464   Elapsed: 5487.42s (1h 31m)  87% completed  (87% total)
     Speed:     ev/sec=332.564   simsec/sec=1   ev/simsec=332.564
     Messages:  created: 217165   present: 39   in FES: 8
** Event #1736960   t=5489.510992907034   Elapsed: 5489.45s (1h 31m)  87% completed  (87% total)
     Speed:     ev/sec=377.545   simsec/sec=0.999999   ev/simsec=377.545
     Messages:  created: 217267   present: 55   in FES: 8
** Event #1737984   t=5491.940542855093   Elapsed: 5491.88s (1h 31m)  87% completed  (87% total)
     Speed:     ev/sec=421.477   simsec/sec=1   ev/simsec=421.477
     Messages:  created: 217399   present: 65   in FES: 8
** Event #1739008   t=5494.506849577592   Elapsed: 5494.45s (1h 31m)  87% completed  (87% total)
     Speed:     ev/sec=399.016   simsec/sec=0.999999   ev/simsec=399.017
     Messages:  created: 217508   present: 16   in FES: 8
** Event #1739776   t=5496.599395212999   Elapsed: 5496.56s (1h 31m)  87% completed  (87% total)
     Speed:     ev/sec=363.414   simsec/sec=0.990182   ev/simsec=367.017
     Messages:  created: 217603   present: 13   in FES: 7
** Event #1740288   t=5498.686071365151   Elapsed: 5498.64s (1h 31m)  87% completed  (87% total)
     Speed:     ev/sec=246.953   simsec/sec=1.00647   ev/simsec=245.366
     Messages:  created: 217667   present: 13   in FES: 7
** Event #1741312   t=5501.102903801606   Elapsed: 5501.05s (1h 31m)  87% completed  (87% total)
     Speed:     ev/sec=424.985   simsec/sec=1.00304   ev/simsec=423.695
     Messages:  created: 217799   present: 24   in FES: 8
** Event #1742080   t=5503.729358500462   Elapsed: 5503.68s (1h 31m)  87% completed  (87% total)
     Speed:     ev/sec=292.127   simsec/sec=0.999035   ev/simsec=292.409
     Messages:  created: 217891   present: 13   in FES: 6
** Event #1742592   t=5506.272529971447   Elapsed: 5506.22s (1h 31m)  87% completed  (87% total)
     Speed:     ev/sec=201.525   simsec/sec=1.001   ev/simsec=201.323
     Messages:  created: 217954   present: 11   in FES: 7
** Event #1743104   t=5508.362035946318   Elapsed: 5508.32s (1h 31m)  87% completed  (87% total)
     Speed:     ev/sec=243.693   simsec/sec=0.994526   ev/simsec=245.034
     Messages:  created: 218019   present: 13   in FES: 7
** Event #1744128   t=5511.232431452684   Elapsed: 5511.18s (1h 31m)  87% completed  (87% total)
     Speed:     ev/sec=358.18   simsec/sec=1.00402   ev/simsec=356.745
     Messages:  created: 218146   present: 11   in FES: 7
** Event #1744896   t=5513.995733852777   Elapsed: 5513.94s (1h 31m)  87% completed  (87% total)
     Speed:     ev/sec=277.928   simsec/sec=1   ev/simsec=277.928
     Messages:  created: 218242   present: 11   in FES: 7
** Event #1745408   t=5516.634077032497   Elapsed: 5516.61s (1h 31m)  87% completed  (87% total)
     Speed:     ev/sec=191.378   simsec/sec=0.986173   ev/simsec=194.061
     Messages:  created: 218307   present: 13   in FES: 7
** Event #1746176   t=5518.798611462108   Elapsed: 5518.74s (1h 31m)  87% completed  (87% total)
     Speed:     ev/sec=360.98   simsec/sec=1.01739   ev/simsec=354.811
     Messages:  created: 218414   present: 42   in FES: 8
t=5520.666548 addServer() complete
** Event #1747200   t=5520.886527203851   Elapsed: 5520.83s (1h 32m)  87% completed  (87% total)
     Speed:     ev/sec=490.441   simsec/sec=0.999999   ev/simsec=490.441
     Messages:  created: 218560   present: 92   in FES: 7
** Event #1747968   t=5523.165879723584   Elapsed: 5523.11s (1h 32m)  87% completed  (87% total)
     Speed:     ev/sec=336.938   simsec/sec=1   ev/simsec=336.938
     Messages:  created: 218627   present: 13   in FES: 8
** Event #1748992   t=5525.323142188911   Elapsed: 5525.27s (1h 32m)  87% completed  (87% total)
     Speed:     ev/sec=474.675   simsec/sec=0.999999   ev/simsec=474.676
     Messages:  created: 218757   present: 20   in FES: 8
** Event #1750016   t=5527.339353667869   Elapsed: 5527.28s (1h 32m)  87% completed  (87% total)
     Speed:     ev/sec=507.883   simsec/sec=1   ev/simsec=507.883
     Messages:  created: 218882   present: 12   in FES: 7
** Event #1750528   t=5529.507970994226   Elapsed: 5529.45s (1h 32m)  87% completed  (87% total)
     Speed:     ev/sec=236.095   simsec/sec=0.999999   ev/simsec=236.095
     Messages:  created: 218945   present: 9   in FES: 5
** Event #1751296   t=5532.700564224041   Elapsed: 5532.64s (1h 32m)  87% completed  (87% total)
     Speed:     ev/sec=240.557   simsec/sec=1   ev/simsec=240.557
     Messages:  created: 219042   present: 11   in FES: 7
** Event #1751808   t=5535.035368472278   Elapsed: 5534.98s (1h 32m)  87% completed  (87% total)
     Speed:     ev/sec=219.29   simsec/sec=1   ev/simsec=219.29
     Messages:  created: 219106   present: 11   in FES: 7
** Event #1752320   t=5537.154129223851   Elapsed: 5537.1s (1h 32m)  87% completed  (87% total)
     Speed:     ev/sec=241.651   simsec/sec=0.999999   ev/simsec=241.651
     Messages:  created: 219170   present: 11   in FES: 7
** Event #1752832   t=5539.44751967129   Elapsed: 5539.39s (1h 32m)  87% completed  (87% total)
     Speed:     ev/sec=223.25   simsec/sec=1   ev/simsec=223.25
     Messages:  created: 219234   present: 10   in FES: 6
** Event #1753344   t=5541.766706072503   Elapsed: 5541.71s (1h 32m)  87% completed  (87% total)
     Speed:     ev/sec=220.767   simsec/sec=1   ev/simsec=220.767
     Messages:  created: 219297   present: 9   in FES: 5
** Event #1753856   t=5544.100750376616   Elapsed: 5544.04s (1h 32m)  88% completed  (88% total)
     Speed:     ev/sec=219.362   simsec/sec=1   ev/simsec=219.362
     Messages:  created: 219361   present: 9   in FES: 5
** Event #1754368   t=5546.109636236101   Elapsed: 5546.05s (1h 32m)  88% completed  (88% total)
     Speed:     ev/sec=254.868   simsec/sec=1   ev/simsec=254.868
     Messages:  created: 219426   present: 10   in FES: 6
** Event #1755136   t=5548.60641678956   Elapsed: 5548.55s (1h 32m)  88% completed  (88% total)
     Speed:     ev/sec=307.596   simsec/sec=1   ev/simsec=307.596
     Messages:  created: 219521   present: 9   in FES: 5
** Event #1755904   t=5551.050463012075   Elapsed: 5551.01s (1h 32m)  88% completed  (88% total)
     Speed:     ev/sec=311.739   simsec/sec=0.992062   ev/simsec=314.233
     Messages:  created: 219619   present: 14   in FES: 7
** Event #1757184   t=5553.432085611782   Elapsed: 5553.38s (1h 32m)  88% completed  (88% total)
     Speed:     ev/sec=541.898   simsec/sec=1.00828   ev/simsec=537.449
     Messages:  created: 219781   present: 18   in FES: 8
** Event #1757952   t=5555.868670640061   Elapsed: 5555.82s (1h 32m)  88% completed  (88% total)
     Speed:     ev/sec=314.741   simsec/sec=0.998559   ev/simsec=315.195
     Messages:  created: 219875   present: 14   in FES: 7
** Event #1758976   t=5558.284467046754   Elapsed: 5558.23s (1h 32m)  88% completed  (88% total)
     Speed:     ev/sec=424.503   simsec/sec=1.00148   ev/simsec=423.877
     Messages:  created: 220002   present: 11   in FES: 7
** Event #1760000   t=5560.307121863993   Elapsed: 5560.25s (1h 32m)  88% completed  (88% total)
     Speed:     ev/sec=505.619   simsec/sec=0.998723   ev/simsec=506.265
     Messages:  created: 220131   present: 14   in FES: 7
** Event #1761024   t=5562.322756191721   Elapsed: 5562.27s (1h 32m)  88% completed  (88% total)
     Speed:     ev/sec=508.669   simsec/sec=1.00126   ev/simsec=508.029
     Messages:  created: 220267   present: 34   in FES: 8
** Event #1762048   t=5564.720427432708   Elapsed: 5564.66s (1h 32m)  88% completed  (88% total)
     Speed:     ev/sec=427.081   simsec/sec=1   ev/simsec=427.081
     Messages:  created: 220389   present: 20   in FES: 8
** Event #1762816   t=5567.328537465212   Elapsed: 5567.27s (1h 32m)  88% completed  (88% total)
     Speed:     ev/sec=294.466   simsec/sec=1   ev/simsec=294.466
     Messages:  created: 220481   present: 9   in FES: 5
** Event #1763840   t=5569.920761341316   Elapsed: 5569.86s (1h 32m)  88% completed  (88% total)
     Speed:     ev/sec=395.028   simsec/sec=1   ev/simsec=395.028
     Messages:  created: 220610   present: 10   in FES: 6
** Event #1764352   t=5571.942153161677   Elapsed: 5571.89s (1h 32m)  88% completed  (88% total)
     Speed:     ev/sec=253.291   simsec/sec=1   ev/simsec=253.291
     Messages:  created: 220674   present: 10   in FES: 6
** Event #1764864   t=5573.995667097422   Elapsed: 5573.94s (1h 32m)  88% completed  (88% total)
     Speed:     ev/sec=249.329   simsec/sec=0.999999   ev/simsec=249.329
     Messages:  created: 220738   present: 11   in FES: 7
** Event #1765632   t=5576.540275590772   Elapsed: 5576.48s (1h 32m)  88% completed  (88% total)
     Speed:     ev/sec=301.815   simsec/sec=1   ev/simsec=301.815
     Messages:  created: 220834   present: 11   in FES: 7
** Event #1766656   t=5578.917039319858   Elapsed: 5578.86s (1h 32m)  88% completed  (88% total)
     Speed:     ev/sec=430.838   simsec/sec=1   ev/simsec=430.838
     Messages:  created: 220964   present: 16   in FES: 8
t=5580.666596 executing removeServer()
scheduled complete remove at 5580.754940232446
** Event #1767936   t=5581.449637358713   Elapsed: 5581.39s (1h 33m)  88% completed  (88% total)
     Speed:     ev/sec=505.409   simsec/sec=0.999999   ev/simsec=505.41
     Messages:  created: 221125   present: 15   in FES: 7
** Event #1768960   t=5583.478852873391   Elapsed: 5583.43s (1h 33m)  88% completed  (88% total)
     Speed:     ev/sec=503.898   simsec/sec=0.998553   ev/simsec=504.629
     Messages:  created: 221266   present: 50   in FES: 6
** Event #1769984   t=5585.934439790058   Elapsed: 5585.88s (1h 33m)  88% completed  (88% total)
     Speed:     ev/sec=417.508   simsec/sec=1.0012   ev/simsec=417.008
     Messages:  created: 221402   present: 72   in FES: 7
** Event #1771008   t=5588.446169604647   Elapsed: 5588.39s (1h 33m)  88% completed  (88% total)
     Speed:     ev/sec=407.688   simsec/sec=1   ev/simsec=407.687
     Messages:  created: 221519   present: 41   in FES: 7
** Event #1771776   t=5590.808782535276   Elapsed: 5590.76s (1h 33m)  88% completed  (88% total)
     Speed:     ev/sec=324.717   simsec/sec=0.998932   ev/simsec=325.064
     Messages:  created: 221603   present: 10   in FES: 6
** Event #1772544   t=5593.123234230379   Elapsed: 5593.07s (1h 33m)  88% completed  (88% total)
     Speed:     ev/sec=332.19   simsec/sec=1.00109   ev/simsec=331.828
     Messages:  created: 221700   present: 12   in FES: 7
** Event #1773056   t=5595.365422632055   Elapsed: 5595.31s (1h 33m)  88% completed  (88% total)
     Speed:     ev/sec=228.348   simsec/sec=1   ev/simsec=228.348
     Messages:  created: 221763   present: 9   in FES: 6
** Event #1773824   t=5597.703667045396   Elapsed: 5597.65s (1h 33m)  88% completed  (88% total)
     Speed:     ev/sec=328.451   simsec/sec=1   ev/simsec=328.452
     Messages:  created: 221859   present: 9   in FES: 6
** Event #1774592   t=5599.873942552077   Elapsed: 5599.82s (1h 33m)  88% completed  (88% total)
     Speed:     ev/sec=353.872   simsec/sec=1   ev/simsec=353.872
     Messages:  created: 221956   present: 13   in FES: 6
** Event #1775616   t=5602.561416949069   Elapsed: 5602.51s (1h 33m)  88% completed  (88% total)
     Speed:     ev/sec=381.027   simsec/sec=1   ev/simsec=381.027
     Messages:  created: 222085   present: 15   in FES: 7
** Event #1776384   t=5604.816568191938   Elapsed: 5604.76s (1h 33m)  88% completed  (88% total)
     Speed:     ev/sec=340.559   simsec/sec=1.00002   ev/simsec=340.554
     Messages:  created: 222181   present: 15   in FES: 7
** Event #1777408   t=5607.672646380264   Elapsed: 5607.62s (1h 33m)  89% completed  (89% total)
     Speed:     ev/sec=358.529   simsec/sec=0.999988   ev/simsec=358.534
     Messages:  created: 222309   present: 14   in FES: 7
** Event #1778176   t=5609.800388647912   Elapsed: 5609.75s (1h 33m)  89% completed  (89% total)
     Speed:     ev/sec=360.471   simsec/sec=0.998685   ev/simsec=360.946
     Messages:  created: 222412   present: 34   in FES: 6
** Event #1779200   t=5612.307885088226   Elapsed: 5612.25s (1h 33m)  89% completed  (89% total)
     Speed:     ev/sec=408.832   simsec/sec=1.00112   ev/simsec=408.375
     Messages:  created: 222536   present: 24   in FES: 7
** Event #1780224   t=5614.605192976766   Elapsed: 5614.55s (1h 33m)  89% completed  (89% total)
     Speed:     ev/sec=445.608   simsec/sec=0.999706   ev/simsec=445.739
     Messages:  created: 222674   present: 50   in FES: 6
** Event #1781504   t=5617.022800565112   Elapsed: 5616.97s (1h 33m)  89% completed  (89% total)
     Speed:     ev/sec=529.597   simsec/sec=1.00028   ev/simsec=529.449
     Messages:  created: 222874   present: 156   in FES: 7
** Event #1782528   t=5619.240643085368   Elapsed: 5619.19s (1h 33m)  89% completed  (89% total)
     Speed:     ev/sec=461.551   simsec/sec=0.999656   ev/simsec=461.71
     Messages:  created: 223022   present: 209   in FES: 6
** Event #1783296   t=5621.290659312608   Elapsed: 5621.23s (1h 33m)  89% completed  (89% total)
     Speed:     ev/sec=374.771   simsec/sec=1.00037   ev/simsec=374.631
     Messages:  created: 223140   present: 253   in FES: 7
** Event #1784320   t=5623.736491304137   Elapsed: 5623.68s (1h 33m)  89% completed  (89% total)
     Speed:     ev/sec=418.671   simsec/sec=1   ev/simsec=418.671
     Messages:  created: 223269   present: 255   in FES: 7
** Event #1785344   t=5626.128662747345   Elapsed: 5626.07s (1h 33m)  89% completed  (89% total)
     Speed:     ev/sec=428.063   simsec/sec=1   ev/simsec=428.063
     Messages:  created: 223410   present: 281   in FES: 7
** Event #1786368   t=5628.242211171007   Elapsed: 5628.19s (1h 33m)  89% completed  (89% total)
     Speed:     ev/sec=484.493   simsec/sec=1   ev/simsec=484.493
     Messages:  created: 223544   present: 293   in FES: 7
** Event #1787392   t=5630.864248791257   Elapsed: 5630.81s (1h 33m)  89% completed  (89% total)
     Speed:     ev/sec=390.536   simsec/sec=1   ev/simsec=390.536
     Messages:  created: 223678   present: 305   in FES: 7
** Event #1788160   t=5632.893183665697   Elapsed: 5632.84s (1h 33m)  89% completed  (89% total)
     Speed:     ev/sec=378.523   simsec/sec=0.999998   ev/simsec=378.524
     Messages:  created: 223766   present: 290   in FES: 7
** Event #1789184   t=5635.289896029274   Elapsed: 5635.23s (1h 33m)  89% completed  (89% total)
     Speed:     ev/sec=427.252   simsec/sec=1   ev/simsec=427.252
     Messages:  created: 223892   present: 285   in FES: 7
** Event #1790464   t=5637.998504029159   Elapsed: 5637.94s (1h 33m)  89% completed  (89% total)
     Speed:     ev/sec=472.567   simsec/sec=0.999999   ev/simsec=472.567
     Messages:  created: 224085   present: 352   in FES: 7
** Event #1791488   t=5640.557700743528   Elapsed: 5640.51s (1h 34m)  89% completed  (89% total)
     Speed:     ev/sec=398.994   simsec/sec=0.997173   ev/simsec=400.126
     Messages:  created: 224206   present: 338   in FES: 6
t=5640.666576 executing addServer()
adding server with latency=60
** Event #1792256   t=5643.085532733941   Elapsed: 5643.03s (1h 34m)  89% completed  (89% total)
     Speed:     ev/sec=304.693   simsec/sec=1.00288   ev/simsec=303.818
     Messages:  created: 224261   present: 255   in FES: 9
** Event #1793024   t=5645.12516166477   Elapsed: 5645.07s (1h 34m)  89% completed  (89% total)
     Speed:     ev/sec=376.539   simsec/sec=1   ev/simsec=376.539
     Messages:  created: 224347   present: 235   in FES: 9
** Event #1793792   t=5647.883116409754   Elapsed: 5647.83s (1h 34m)  89% completed  (89% total)
     Speed:     ev/sec=278.47   simsec/sec=1.00001   ev/simsec=278.467
     Messages:  created: 224411   present: 157   in FES: 8
** Event #1794816   t=5650.466410999086   Elapsed: 5650.41s (1h 34m)  89% completed  (89% total)
     Speed:     ev/sec=396.388   simsec/sec=0.999986   ev/simsec=396.393
     Messages:  created: 224517   present: 99   in FES: 8
** Event #1795584   t=5652.574155526538   Elapsed: 5652.52s (1h 34m)  89% completed  (89% total)
     Speed:     ev/sec=364.371   simsec/sec=1   ev/simsec=364.371
     Messages:  created: 224606   present: 81   in FES: 8
** Event #1796352   t=5655.350350593315   Elapsed: 5655.29s (1h 34m)  89% completed  (89% total)
     Speed:     ev/sec=276.638   simsec/sec=1   ev/simsec=276.638
     Messages:  created: 224678   present: 17   in FES: 8
** Event #1796864   t=5657.822678299308   Elapsed: 5657.77s (1h 34m)  89% completed  (89% total)
     Speed:     ev/sec=207.092   simsec/sec=0.999999   ev/simsec=207.092
     Messages:  created: 224740   present: 11   in FES: 7
** Event #1797632   t=5660.529885546142   Elapsed: 5660.49s (1h 34m)  89% completed  (89% total)
     Speed:     ev/sec=282.218   simsec/sec=0.994819   ev/simsec=283.687
     Messages:  created: 224837   present: 14   in FES: 7
** Event #1798656   t=5662.677366381368   Elapsed: 5662.62s (1h 34m)  89% completed  (89% total)
     Speed:     ev/sec=479.989   simsec/sec=1.00661   ev/simsec=476.838
     Messages:  created: 224989   present: 77   in FES: 8
** Event #1799424   t=5664.872938398468   Elapsed: 5664.82s (1h 34m)  89% completed  (89% total)
     Speed:     ev/sec=349.795   simsec/sec=1   ev/simsec=349.795
     Messages:  created: 225063   present: 18   in FES: 8
** Event #1800448   t=5667.34464616086   Elapsed: 5667.29s (1h 34m)  89% completed  (89% total)
     Speed:     ev/sec=414.29   simsec/sec=1   ev/simsec=414.288
     Messages:  created: 225192   present: 21   in FES: 8
** Event #1801216   t=5669.374704920921   Elapsed: 5669.32s (1h 34m)  89% completed  (89% total)
     Speed:     ev/sec=377.413   simsec/sec=0.997617   ev/simsec=378.314
     Messages:  created: 225291   present: 30   in FES: 7
** Event #1801984   t=5672.299247809248   Elapsed: 5672.24s (1h 34m)  90% completed  (90% total)
     Speed:     ev/sec=263.04   simsec/sec=1.00166   ev/simsec=262.605
     Messages:  created: 225380   present: 11   in FES: 7
** Event #1802752   t=5674.864063327334   Elapsed: 5674.81s (1h 34m)  90% completed  (90% total)
     Speed:     ev/sec=299.437   simsec/sec=1   ev/simsec=299.437
     Messages:  created: 225477   present: 13   in FES: 7
** Event #1803520   t=5676.930691559883   Elapsed: 5676.87s (1h 34m)  90% completed  (90% total)
     Speed:     ev/sec=371.62   simsec/sec=1   ev/simsec=371.62
     Messages:  created: 225572   present: 10   in FES: 6
** Event #1804288   t=5679.263152992136   Elapsed: 5679.21s (1h 34m)  90% completed  (90% total)
     Speed:     ev/sec=329.266   simsec/sec=0.999999   ev/simsec=329.266
     Messages:  created: 225671   present: 19   in FES: 8
** Event #1805056   t=5681.309156323913   Elapsed: 5681.25s (1h 34m)  90% completed  (90% total)
     Speed:     ev/sec=375.366   simsec/sec=1   ev/simsec=375.366
     Messages:  created: 225766   present: 17   in FES: 8
** Event #1805568   t=5683.428351588701   Elapsed: 5683.37s (1h 34m)  90% completed  (90% total)
     Speed:     ev/sec=241.601   simsec/sec=1   ev/simsec=241.601
     Messages:  created: 225828   present: 11   in FES: 7
** Event #1806336   t=5686.407493851955   Elapsed: 5686.35s (1h 34m)  90% completed  (90% total)
     Speed:     ev/sec=257.792   simsec/sec=1   ev/simsec=257.792
     Messages:  created: 225926   present: 16   in FES: 8
** Event #1807104   t=5688.814818984846   Elapsed: 5688.76s (1h 34m)  90% completed  (90% total)
     Speed:     ev/sec=319.026   simsec/sec=1   ev/simsec=319.026
     Messages:  created: 226023   present: 20   in FES: 8
** Event #1808128   t=5691.217712674416   Elapsed: 5691.16s (1h 34m)  90% completed  (90% total)
     Speed:     ev/sec=426.153   simsec/sec=1   ev/simsec=426.153
     Messages:  created: 226158   present: 37   in FES: 8
** Event #1808896   t=5693.322612838254   Elapsed: 5693.28s (1h 34m)  90% completed  (90% total)
     Speed:     ev/sec=361.773   simsec/sec=0.991531   ev/simsec=364.863
     Messages:  created: 226245   present: 14   in FES: 7
** Event #1809664   t=5695.610110850455   Elapsed: 5695.55s (1h 34m)  90% completed  (90% total)
     Speed:     ev/sec=338.398   simsec/sec=1.00792   ev/simsec=335.738
     Messages:  created: 226346   present: 27   in FES: 8
** Event #1810432   t=5697.640235863656   Elapsed: 5697.58s (1h 34m)  90% completed  (90% total)
     Speed:     ev/sec=378.302   simsec/sec=1   ev/simsec=378.302
     Messages:  created: 226443   present: 29   in FES: 8
** Event #1811200   t=5700.100895528381   Elapsed: 5700.04s (1h 35m)  90% completed  (90% total)
     Speed:     ev/sec=312.111   simsec/sec=0.999999   ev/simsec=312.111
     Messages:  created: 226533   present: 14   in FES: 8
t=5700.666576 addServer() complete
t=5700.666593 executing setDimmer(0.75)
** Event #1811968   t=5702.688111196122   Elapsed: 5702.63s (1h 35m)  90% completed  (90% total)
     Speed:     ev/sec=296.708   simsec/sec=0.999541   ev/simsec=296.844
     Messages:  created: 226627   present: 10   in FES: 6
** Event #1812480   t=5705.127625235503   Elapsed: 5705.07s (1h 35m)  90% completed  (90% total)
     Speed:     ev/sec=209.98   simsec/sec=1.00049   ev/simsec=209.878
     Messages:  created: 226692   present: 12   in FES: 8
** Event #1813248   t=5708.113721687908   Elapsed: 5708.11s (1h 35m)  90% completed  (90% total)
     Speed:     ev/sec=252.525   simsec/sec=0.981856   ev/simsec=257.192
     Messages:  created: 226787   present: 10   in FES: 6
** Event #1814272   t=5710.573335922962   Elapsed: 5710.52s (1h 35m)  90% completed  (90% total)
     Speed:     ev/sec=425.88   simsec/sec=1.02295   ev/simsec=416.325
     Messages:  created: 226919   present: 20   in FES: 8
** Event #1815808   t=5712.850096293694   Elapsed: 5712.79s (1h 35m)  90% completed  (90% total)
     Speed:     ev/sec=674.642   simsec/sec=0.999999   ev/simsec=674.643
     Messages:  created: 227111   present: 20   in FES: 7
** Event #1816576   t=5714.894854349551   Elapsed: 5714.84s (1h 35m)  90% completed  (90% total)
     Speed:     ev/sec=375.369   simsec/sec=0.9994   ev/simsec=375.595
     Messages:  created: 227203   present: 10   in FES: 6
** Event #1817088   t=5716.900511397185   Elapsed: 5716.85s (1h 35m)  90% completed  (90% total)
     Speed:     ev/sec=254.954   simsec/sec=0.99873   ev/simsec=255.278
     Messages:  created: 227267   present: 10   in FES: 6
** Event #1817856   t=5719.501202676891   Elapsed: 5719.46s (1h 35m)  90% completed  (90% total)
     Speed:     ev/sec=294.533   simsec/sec=0.997383   ev/simsec=295.306
     Messages:  created: 227363   present: 10   in FES: 6
** Event #1818624   t=5722.002173586576   Elapsed: 5721.95s (1h 35m)  90% completed  (90% total)
     Speed:     ev/sec=308.388   simsec/sec=1.00426   ev/simsec=307.081
     Messages:  created: 227459   present: 9   in FES: 5
** Event #1819648   t=5724.234604891947   Elapsed: 5724.18s (1h 35m)  90% completed  (90% total)
     Speed:     ev/sec=458.693   simsec/sec=1   ev/simsec=458.693
     Messages:  created: 227589   present: 16   in FES: 8
** Event #1820928   t=5726.512706078156   Elapsed: 5726.46s (1h 35m)  90% completed  (90% total)
     Speed:     ev/sec=561.871   simsec/sec=1   ev/simsec=561.871
     Messages:  created: 227748   present: 13   in FES: 8
** Event #1821952   t=5729.204194461865   Elapsed: 5729.15s (1h 35m)  90% completed  (90% total)
     Speed:     ev/sec=380.458   simsec/sec=0.999999   ev/simsec=380.459
     Messages:  created: 227875   present: 9   in FES: 5
** Event #1822464   t=5731.413807650398   Elapsed: 5731.36s (1h 35m)  90% completed  (90% total)
     Speed:     ev/sec=231.715   simsec/sec=1   ev/simsec=231.715
     Messages:  created: 227939   present: 9   in FES: 5
** Event #1823232   t=5733.771119920429   Elapsed: 5733.71s (1h 35m)  91% completed  (91% total)
     Speed:     ev/sec=325.795   simsec/sec=1   ev/simsec=325.795
     Messages:  created: 228037   present: 15   in FES: 8
** Event #1824256   t=5735.878817782706   Elapsed: 5735.83s (1h 35m)  91% completed  (91% total)
     Speed:     ev/sec=483.371   simsec/sec=0.994921   ev/simsec=485.838
     Messages:  created: 228163   present: 10   in FES: 5
** Event #1825024   t=5738.802175108834   Elapsed: 5738.75s (1h 35m)  91% completed  (91% total)
     Speed:     ev/sec=263.682   simsec/sec=1.00369   ev/simsec=262.712
     Messages:  created: 228259   present: 10   in FES: 6
** Event #1825792   t=5740.843956215527   Elapsed: 5740.79s (1h 35m)  91% completed  (91% total)
     Speed:     ev/sec=375.941   simsec/sec=0.999465   ev/simsec=376.142
     Messages:  created: 228355   present: 10   in FES: 6
** Event #1826560   t=5743.091604251335   Elapsed: 5743.08s (1h 35m)  91% completed  (91% total)
     Speed:     ev/sec=335.155   simsec/sec=0.980873   ev/simsec=341.691
     Messages:  created: 228451   present: 10   in FES: 6
** Event #1827072   t=5745.326379516149   Elapsed: 5745.27s (1h 35m)  91% completed  (91% total)
     Speed:     ev/sec=233.801   simsec/sec=1.0205   ev/simsec=229.106
     Messages:  created: 228515   present: 9   in FES: 5
** Event #1828352   t=5747.812220771493   Elapsed: 5747.76s (1h 35m)  91% completed  (91% total)
     Speed:     ev/sec=514.925   simsec/sec=1.00002   ev/simsec=514.916
     Messages:  created: 228676   present: 12   in FES: 6
** Event #1829120   t=5750.43957757478   Elapsed: 5750.38s (1h 35m)  91% completed  (91% total)
     Speed:     ev/sec=292.309   simsec/sec=1   ev/simsec=292.309
     Messages:  created: 228771   present: 9   in FES: 5
** Event #1829632   t=5752.603517273378   Elapsed: 5752.55s (1h 35m)  91% completed  (91% total)
     Speed:     ev/sec=236.605   simsec/sec=0.999999   ev/simsec=236.605
     Messages:  created: 228836   present: 12   in FES: 8
** Event #1830400   t=5755.20726720453   Elapsed: 5755.16s (1h 35m)  91% completed  (91% total)
     Speed:     ev/sec=293.48   simsec/sec=0.994985   ev/simsec=294.959
     Messages:  created: 228931   present: 10   in FES: 5
** Event #1830912   t=5757.579711786216   Elapsed: 5757.52s (1h 35m)  91% completed  (91% total)
     Speed:     ev/sec=217.012   simsec/sec=1.00556   ev/simsec=215.811
     Messages:  created: 228995   present: 9   in FES: 5
** Event #1831680   t=5760.595440472054   Elapsed: 5760.54s (1h 36m)  91% completed  (91% total)
     Speed:     ev/sec=254.621   simsec/sec=0.999827   ev/simsec=254.665
     Messages:  created: 229091   present: 11   in FES: 6
t=5760.666583 executing setDimmer(1)
** Event #1832192   t=5762.681225110328   Elapsed: 5762.63s (1h 36m)  91% completed  (91% total)
     Speed:     ev/sec=245.532   simsec/sec=1.00025   ev/simsec=245.471
     Messages:  created: 229155   present: 11   in FES: 7
** Event #1833216   t=5765.394559538169   Elapsed: 5765.34s (1h 36m)  91% completed  (91% total)
     Speed:     ev/sec=377.395   simsec/sec=1   ev/simsec=377.395
     Messages:  created: 229282   present: 9   in FES: 5
** Event #1833984   t=5767.491138718084   Elapsed: 5767.43s (1h 36m)  91% completed  (91% total)
     Speed:     ev/sec=366.311   simsec/sec=1   ev/simsec=366.311
     Messages:  created: 229379   present: 11   in FES: 6
** Event #1834752   t=5770.113199334624   Elapsed: 5770.06s (1h 36m)  91% completed  (91% total)
     Speed:     ev/sec=292.9   simsec/sec=1   ev/simsec=292.899
     Messages:  created: 229474   present: 10   in FES: 6
** Event #1835520   t=5772.323837229051   Elapsed: 5772.27s (1h 36m)  91% completed  (91% total)
     Speed:     ev/sec=347.411   simsec/sec=1   ev/simsec=347.411
     Messages:  created: 229570   present: 10   in FES: 6
** Event #1836544   t=5775.173942808739   Elapsed: 5775.12s (1h 36m)  91% completed  (91% total)
     Speed:     ev/sec=359.285   simsec/sec=1   ev/simsec=359.285
     Messages:  created: 229700   present: 14   in FES: 7
** Event #1837056   t=5777.189763602421   Elapsed: 5777.13s (1h 36m)  91% completed  (91% total)
     Speed:     ev/sec=253.991   simsec/sec=1   ev/simsec=253.991
     Messages:  created: 229765   present: 16   in FES: 8
** Event #1838336   t=5779.620381548916   Elapsed: 5779.57s (1h 36m)  91% completed  (91% total)
     Speed:     ev/sec=524.468   simsec/sec=0.995923   ev/simsec=526.615
     Messages:  created: 229923   present: 12   in FES: 6
** Event #1839616   t=5782.289397714825   Elapsed: 5782.23s (1h 36m)  91% completed  (91% total)
     Speed:     ev/sec=481.371   simsec/sec=1.00374   ev/simsec=479.577
     Messages:  created: 230082   present: 10   in FES: 6
** Event #1840384   t=5784.335448396114   Elapsed: 5784.29s (1h 36m)  91% completed  (91% total)
     Speed:     ev/sec=373.75   simsec/sec=0.995719   ev/simsec=375.357
     Messages:  created: 230179   present: 12   in FES: 6
** Event #1841408   t=5786.532617850964   Elapsed: 5786.48s (1h 36m)  91% completed  (91% total)
     Speed:     ev/sec=467.928   simsec/sec=1.00402   ev/simsec=466.054
     Messages:  created: 230309   present: 16   in FES: 8
** Event #1842688   t=5788.848702818105   Elapsed: 5788.79s (1h 36m)  91% completed  (91% total)
     Speed:     ev/sec=552.657   simsec/sec=1   ev/simsec=552.657
     Messages:  created: 230466   present: 10   in FES: 6
** Event #1843712   t=5792.208755615813   Elapsed: 5792.15s (1h 36m)  91% completed  (91% total)
     Speed:     ev/sec=304.757   simsec/sec=1   ev/simsec=304.757
     Messages:  created: 230594   present: 9   in FES: 5
** Event #1844224   t=5795.040113942788   Elapsed: 5794.98s (1h 36m)  91% completed  (91% total)
     Speed:     ev/sec=180.832   simsec/sec=1   ev/simsec=180.832
     Messages:  created: 230658   present: 9   in FES: 5
** Event #1844736   t=5797.286095149765   Elapsed: 5797.23s (1h 36m)  92% completed  (92% total)
     Speed:     ev/sec=227.963   simsec/sec=0.999999   ev/simsec=227.963
     Messages:  created: 230722   present: 9   in FES: 5
** Event #1845248   t=5799.434037672041   Elapsed: 5799.38s (1h 36m)  92% completed  (92% total)
     Speed:     ev/sec=238.368   simsec/sec=1   ev/simsec=238.368
     Messages:  created: 230786   present: 10   in FES: 6
** Event #1846272   t=5801.914126243868   Elapsed: 5801.88s (1h 36m)  92% completed  (92% total)
     Speed:     ev/sec=409.136   simsec/sec=0.990911   ev/simsec=412.888
     Messages:  created: 230915   present: 12   in FES: 7
** Event #1847040   t=5805.114126493982   Elapsed: 5805.06s (1h 36m)  92% completed  (92% total)
     Speed:     ev/sec=241.718   simsec/sec=1.00716   ev/simsec=240
     Messages:  created: 231011   present: 11   in FES: 6
** Event #1847808   t=5808.043503775415   Elapsed: 5807.99s (1h 36m)  92% completed  (92% total)
     Speed:     ev/sec=261.943   simsec/sec=0.999127   ev/simsec=262.172
     Messages:  created: 231107   present: 12   in FES: 7
** Event #1848576   t=5811.082546881459   Elapsed: 5811.03s (1h 36m)  92% completed  (92% total)
     Speed:     ev/sec=252.922   simsec/sec=1.00083   ev/simsec=252.711
     Messages:  created: 231202   present: 9   in FES: 5
** Event #1849344   t=5813.594571686619   Elapsed: 5813.54s (1h 36m)  92% completed  (92% total)
     Speed:     ev/sec=305.733   simsec/sec=1.00001   ev/simsec=305.729
     Messages:  created: 231299   present: 11   in FES: 6
** Event #1849856   t=5815.980432901896   Elapsed: 5815.93s (1h 36m)  92% completed  (92% total)
     Speed:     ev/sec=214.136   simsec/sec=0.997848   ev/simsec=214.598
     Messages:  created: 231363   present: 12   in FES: 6
** Event #1850624   t=5818.450065080712   Elapsed: 5818.39s (1h 36m)  92% completed  (92% total)
     Speed:     ev/sec=311.627   simsec/sec=1.00209   ev/simsec=310.977
     Messages:  created: 231459   present: 11   in FES: 7
t=5820.666548 executing removeServer()
scheduled complete remove at 5820.730013463726
** Event #1851648   t=5820.983459904395   Elapsed: 5820.94s (1h 37m)  92% completed  (92% total)
     Speed:     ev/sec=401.971   simsec/sec=0.994483   ev/simsec=404.201
     Messages:  created: 231590   present: 16   in FES: 6
** Event #1852416   t=5823.154666795202   Elapsed: 5823.1s (1h 37m)  92% completed  (92% total)
     Speed:     ev/sec=356.025   simsec/sec=1.00652   ev/simsec=353.72
     Messages:  created: 231685   present: 12   in FES: 7
** Event #1853440   t=5825.796718221795   Elapsed: 5825.76s (1h 37m)  92% completed  (92% total)
     Speed:     ev/sec=384.554   simsec/sec=0.992199   ev/simsec=387.578
     Messages:  created: 231811   present: 8   in FES: 5
** Event #1854464   t=5828.464990645578   Elapsed: 5828.41s (1h 37m)  92% completed  (92% total)
     Speed:     ev/sec=386.78   simsec/sec=1.00785   ev/simsec=383.769
     Messages:  created: 231941   present: 12   in FES: 6
** Event #1855232   t=5830.799614657813   Elapsed: 5830.74s (1h 37m)  92% completed  (92% total)
     Speed:     ev/sec=328.961   simsec/sec=1   ev/simsec=328.961
     Messages:  created: 232037   present: 12   in FES: 7
** Event #1856256   t=5833.000659148379   Elapsed: 5832.94s (1h 37m)  92% completed  (92% total)
     Speed:     ev/sec=465.234   simsec/sec=1   ev/simsec=465.234
     Messages:  created: 232188   present: 75   in FES: 7
** Event #1857024   t=5835.037393115694   Elapsed: 5834.98s (1h 37m)  92% completed  (92% total)
     Speed:     ev/sec=377.074   simsec/sec=1   ev/simsec=377.074
     Messages:  created: 232277   present: 55   in FES: 7
** Event #1858048   t=5837.269406304082   Elapsed: 5837.23s (1h 37m)  92% completed  (92% total)
     Speed:     ev/sec=456.196   simsec/sec=0.99437   ev/simsec=458.779
     Messages:  created: 232414   present: 80   in FES: 6
** Event #1859072   t=5839.617581927587   Elapsed: 5839.56s (1h 37m)  92% completed  (92% total)
     Speed:     ev/sec=438.442   simsec/sec=1.00541   ev/simsec=436.083
     Messages:  created: 232555   present: 114   in FES: 7
** Event #1860096   t=5842.26460990129   Elapsed: 5842.21s (1h 37m)  92% completed  (92% total)
     Speed:     ev/sec=386.85   simsec/sec=1   ev/simsec=386.849
     Messages:  created: 232677   present: 99   in FES: 7
** Event #1860864   t=5844.404288713381   Elapsed: 5844.35s (1h 37m)  92% completed  (92% total)
     Speed:     ev/sec=358.932   simsec/sec=0.999999   ev/simsec=358.932
     Messages:  created: 232747   present: 30   in FES: 7
** Event #1861888   t=5847.107026015957   Elapsed: 5847.06s (1h 37m)  92% completed  (92% total)
     Speed:     ev/sec=378.121   simsec/sec=0.998011   ev/simsec=378.875
     Messages:  created: 232870   present: 16   in FES: 6
** Event #1862656   t=5849.403837870388   Elapsed: 5849.36s (1h 37m)  92% completed  (92% total)
     Speed:     ev/sec=333.732   simsec/sec=0.998073   ev/simsec=334.377
     Messages:  created: 232963   present: 8   in FES: 5
** Event #1863680   t=5852.011846384195   Elapsed: 5851.96s (1h 37m)  92% completed  (92% total)
     Speed:     ev/sec=394.121   simsec/sec=1.00378   ev/simsec=392.637
     Messages:  created: 233095   present: 18   in FES: 7
** Event #1864448   t=5855.321746952072   Elapsed: 5855.27s (1h 37m)  92% completed  (92% total)
     Speed:     ev/sec=231.61   simsec/sec=0.998186   ev/simsec=232.031
     Messages:  created: 233187   present: 8   in FES: 5
** Event #1865472   t=5857.529759111021   Elapsed: 5857.47s (1h 37m)  92% completed  (92% total)
     Speed:     ev/sec=465.032   simsec/sec=1.00273   ev/simsec=463.766
     Messages:  created: 233340   present: 74   in FES: 7
** Event #1866496   t=5859.933517690986   Elapsed: 5859.88s (1h 37m)  93% completed  (93% total)
     Speed:     ev/sec=424.757   simsec/sec=0.997083   ev/simsec=426
     Messages:  created: 233476   present: 96   in FES: 6
** Event #1867520   t=5862.30646627542   Elapsed: 5862.25s (1h 37m)  93% completed  (93% total)
     Speed:     ev/sec=432.813   simsec/sec=1.00297   ev/simsec=431.531
     Messages:  created: 233615   present: 125   in FES: 7
** Event #1868544   t=5864.76076627188   Elapsed: 5864.7s (1h 37m)  93% completed  (93% total)
     Speed:     ev/sec=417.227   simsec/sec=1   ev/simsec=417.227
     Messages:  created: 233749   present: 142   in FES: 7
** Event #1869312   t=5866.785048380391   Elapsed: 5866.73s (1h 37m)  93% completed  (93% total)
     Speed:     ev/sec=379.394   simsec/sec=1   ev/simsec=379.394
     Messages:  created: 233827   present: 92   in FES: 7
** Event #1870336   t=5869.155403513442   Elapsed: 5869.1s (1h 37m)  93% completed  (93% total)
     Speed:     ev/sec=432.002   simsec/sec=0.999999   ev/simsec=432.003
     Messages:  created: 233953   present: 87   in FES: 7
** Event #1871360   t=5871.709754529957   Elapsed: 5871.65s (1h 37m)  93% completed  (93% total)
     Speed:     ev/sec=400.883   simsec/sec=0.999996   ev/simsec=400.885
     Messages:  created: 234085   present: 98   in FES: 7
** Event #1872640   t=5874.505031459996   Elapsed: 5874.45s (1h 37m)  93% completed  (93% total)
     Speed:     ev/sec=457.917   simsec/sec=1   ev/simsec=457.915
     Messages:  created: 234264   present: 150   in FES: 7
** Event #1873408   t=5876.557139442151   Elapsed: 5876.5s (1h 37m)  93% completed  (93% total)
     Speed:     ev/sec=374.249   simsec/sec=1   ev/simsec=374.249
     Messages:  created: 234336   present: 85   in FES: 7
** Event #1874176   t=5879.597888336318   Elapsed: 5879.54s (1h 37m)  93% completed  (93% total)
     Speed:     ev/sec=252.57   simsec/sec=1   ev/simsec=252.569
     Messages:  created: 234407   present: 18   in FES: 6
t=5880.666557 executing addServer()
adding server with latency=60
** Event #1874688   t=5881.710617984409   Elapsed: 5881.66s (1h 38m)  93% completed  (93% total)
     Speed:     ev/sec=242.079   simsec/sec=0.998922   ev/simsec=242.341
     Messages:  created: 234469   present: 12   in FES: 7
** Event #1875456   t=5884.004067425954   Elapsed: 5883.95s (1h 38m)  93% completed  (93% total)
     Speed:     ev/sec=334.815   simsec/sec=0.999846   ev/simsec=334.867
     Messages:  created: 234571   present: 28   in FES: 7
** Event #1876480   t=5886.535742692975   Elapsed: 5886.48s (1h 38m)  93% completed  (93% total)
     Speed:     ev/sec=404.897   simsec/sec=1.00104   ev/simsec=404.475
     Messages:  created: 234703   present: 38   in FES: 8
** Event #1877504   t=5889.485821594047   Elapsed: 5889.44s (1h 38m)  93% completed  (93% total)
     Speed:     ev/sec=345.95   simsec/sec=0.99666   ev/simsec=347.109
     Messages:  created: 234821   present: 12   in FES: 7
** Event #1878272   t=5891.621891643045   Elapsed: 5891.57s (1h 38m)  93% completed  (93% total)
     Speed:     ev/sec=361.095   simsec/sec=1.00433   ev/simsec=359.539
     Messages:  created: 234917   present: 12   in FES: 7
** Event #1879040   t=5893.932780898651   Elapsed: 5893.88s (1h 38m)  93% completed  (93% total)
     Speed:     ev/sec=332.438   simsec/sec=1.00029   ev/simsec=332.34
     Messages:  created: 235017   present: 22   in FES: 8
** Event #1879808   t=5896.52554914788   Elapsed: 5896.47s (1h 38m)  93% completed  (93% total)
     Speed:     ev/sec=296.208   simsec/sec=0.999999   ev/simsec=296.209
     Messages:  created: 235109   present: 11   in FES: 7
** Event #1880576   t=5898.803637745388   Elapsed: 5898.75s (1h 38m)  93% completed  (93% total)
     Speed:     ev/sec=337.125   simsec/sec=1   ev/simsec=337.125
     Messages:  created: 235205   present: 11   in FES: 7
** Event #1881344   t=5901.409559294024   Elapsed: 5901.38s (1h 38m)  93% completed  (93% total)
     Speed:     ev/sec=291.354   simsec/sec=0.988602   ev/simsec=294.713
     Messages:  created: 235301   present: 12   in FES: 7
** Event #1881856   t=5903.990217509125   Elapsed: 5903.93s (1h 38m)  93% completed  (93% total)
     Speed:     ev/sec=200.736   simsec/sec=1.01178   ev/simsec=198.399
     Messages:  created: 235365   present: 11   in FES: 7
** Event #1882368   t=5906.65740777333   Elapsed: 5906.6s (1h 38m)  93% completed  (93% total)
     Speed:     ev/sec=191.962   simsec/sec=1   ev/simsec=191.962
     Messages:  created: 235430   present: 14   in FES: 8
** Event #1882880   t=5908.866589187699   Elapsed: 5908.81s (1h 38m)  93% completed  (93% total)
     Speed:     ev/sec=231.76   simsec/sec=0.999999   ev/simsec=231.76
     Messages:  created: 235492   present: 10   in FES: 6
** Event #1883392   t=5911.967756344766   Elapsed: 5911.91s (1h 38m)  93% completed  (93% total)
     Speed:     ev/sec=165.029   simsec/sec=0.999574   ev/simsec=165.099
     Messages:  created: 235557   present: 12   in FES: 7
** Event #1883904   t=5914.180245503639   Elapsed: 5914.12s (1h 38m)  93% completed  (93% total)
     Speed:     ev/sec=231.552   simsec/sec=1.0006   ev/simsec=231.414
     Messages:  created: 235621   present: 11   in FES: 7
** Event #1884672   t=5916.288098355156   Elapsed: 5916.23s (1h 38m)  93% completed  (93% total)
     Speed:     ev/sec=364.352   simsec/sec=1   ev/simsec=364.352
     Messages:  created: 235716   present: 10   in FES: 6
** Event #1885440   t=5918.867512452105   Elapsed: 5918.81s (1h 38m)  93% completed  (93% total)
     Speed:     ev/sec=297.742   simsec/sec=1   ev/simsec=297.742
     Messages:  created: 235813   present: 11   in FES: 7
** Event #1885952   t=5921.088984378751   Elapsed: 5921.04s (1h 38m)  93% completed  (93% total)
     Speed:     ev/sec=229.743   simsec/sec=0.996813   ev/simsec=230.478
     Messages:  created: 235883   present: 28   in FES: 7
** Event #1886976   t=5923.665282111475   Elapsed: 5923.61s (1h 38m)  94% completed  (94% total)
     Speed:     ev/sec=398.567   simsec/sec=1.00276   ev/simsec=397.47
     Messages:  created: 236010   present: 26   in FES: 8
** Event #1887488   t=5925.729933559849   Elapsed: 5925.67s (1h 38m)  94% completed  (94% total)
     Speed:     ev/sec=247.984   simsec/sec=1   ev/simsec=247.984
     Messages:  created: 236069   present: 11   in FES: 7
** Event #1888256   t=5928.256671010652   Elapsed: 5928.2s (1h 38m)  94% completed  (94% total)
     Speed:     ev/sec=303.95   simsec/sec=1   ev/simsec=303.949
     Messages:  created: 236175   present: 39   in FES: 8
** Event #1889024   t=5931.600943518796   Elapsed: 5931.58s (1h 38m)  94% completed  (94% total)
     Speed:     ev/sec=227.374   simsec/sec=0.990104   ev/simsec=229.646
     Messages:  created: 236261   present: 12   in FES: 7
** Event #1890048   t=5934.026932971405   Elapsed: 5933.98s (1h 38m)  94% completed  (94% total)
     Speed:     ev/sec=426.657   simsec/sec=1.01081   ev/simsec=422.096
     Messages:  created: 236395   present: 28   in FES: 7
** Event #1890816   t=5936.256946087502   Elapsed: 5936.21s (1h 38m)  94% completed  (94% total)
     Speed:     ev/sec=344.627   simsec/sec=1.00068   ev/simsec=344.393
     Messages:  created: 236485   present: 12   in FES: 7
** Event #1891328   t=5938.484268108916   Elapsed: 5938.43s (1h 38m)  94% completed  (94% total)
     Speed:     ev/sec=230.49   simsec/sec=1.00269   ev/simsec=229.872
     Messages:  created: 236550   present: 14   in FES: 8
t=5940.666557 addServer() complete
** Event #1891840   t=5940.978969891428   Elapsed: 5940.92s (1h 39m)  94% completed  (94% total)
     Speed:     ev/sec=205.235   simsec/sec=1   ev/simsec=205.235
     Messages:  created: 236612   present: 9   in FES: 5
** Event #1892608   t=5943.143949091509   Elapsed: 5943.09s (1h 39m)  94% completed  (94% total)
     Speed:     ev/sec=353.914   simsec/sec=0.997678   ev/simsec=354.738
     Messages:  created: 236709   present: 13   in FES: 7
** Event #1893120   t=5945.250325843271   Elapsed: 5945.19s (1h 39m)  94% completed  (94% total)
     Speed:     ev/sec=243.654   simsec/sec=1.0024   ev/simsec=243.071
     Messages:  created: 236772   present: 10   in FES: 6
** Event #1893888   t=5947.558872352429   Elapsed: 5947.5s (1h 39m)  94% completed  (94% total)
     Speed:     ev/sec=332.677   simsec/sec=1   ev/simsec=332.677
     Messages:  created: 236869   present: 12   in FES: 8
** Event #1894912   t=5950.055508383748   Elapsed: 5950s (1h 39m)  94% completed  (94% total)
     Speed:     ev/sec=410.152   simsec/sec=1   ev/simsec=410.152
     Messages:  created: 236996   present: 11   in FES: 7
** Event #1895680   t=5952.466952154302   Elapsed: 5952.41s (1h 39m)  94% completed  (94% total)
     Speed:     ev/sec=318.481   simsec/sec=0.999999   ev/simsec=318.481
     Messages:  created: 237092   present: 10   in FES: 6
** Event #1896448   t=5955.357170293935   Elapsed: 5955.3s (1h 39m)  94% completed  (94% total)
     Speed:     ev/sec=265.724   simsec/sec=1   ev/simsec=265.724
     Messages:  created: 237188   present: 11   in FES: 7
** Event #1897472   t=5958.389402798961   Elapsed: 5958.33s (1h 39m)  94% completed  (94% total)
     Speed:     ev/sec=337.705   simsec/sec=1   ev/simsec=337.705
     Messages:  created: 237316   present: 10   in FES: 6
** Event #1898496   t=5960.919592090307   Elapsed: 5960.86s (1h 39m)  94% completed  (94% total)
     Speed:     ev/sec=404.712   simsec/sec=0.999999   ev/simsec=404.713
     Messages:  created: 237445   present: 12   in FES: 6
** Event #1900032   t=5963.280858183958   Elapsed: 5963.22s (1h 39m)  94% completed  (94% total)
     Speed:     ev/sec=650.499   simsec/sec=1   ev/simsec=650.498
     Messages:  created: 237644   present: 32   in FES: 8
** Event #1901056   t=5965.890418099679   Elapsed: 5965.83s (1h 39m)  94% completed  (94% total)
     Speed:     ev/sec=392.403   simsec/sec=1   ev/simsec=392.403
     Messages:  created: 237765   present: 12   in FES: 8
** Event #1901824   t=5968.339272936286   Elapsed: 5968.28s (1h 39m)  94% completed  (94% total)
     Speed:     ev/sec=313.616   simsec/sec=1   ev/simsec=313.616
     Messages:  created: 237860   present: 9   in FES: 5
** Event #1902848   t=5970.595849021483   Elapsed: 5970.54s (1h 39m)  94% completed  (94% total)
     Speed:     ev/sec=453.784   simsec/sec=0.999999   ev/simsec=453.785
     Messages:  created: 237993   present: 23   in FES: 8
** Event #1903872   t=5973.265575144536   Elapsed: 5973.21s (1h 39m)  94% completed  (94% total)
     Speed:     ev/sec=383.56   simsec/sec=1   ev/simsec=383.56
     Messages:  created: 238116   present: 11   in FES: 6
** Event #1904640   t=5975.576696657558   Elapsed: 5975.52s (1h 39m)  94% completed  (94% total)
     Speed:     ev/sec=332.306   simsec/sec=0.999999   ev/simsec=332.306
     Messages:  created: 238212   present: 11   in FES: 6
** Event #1905408   t=5978.091932883388   Elapsed: 5978.04s (1h 39m)  94% completed  (94% total)
     Speed:     ev/sec=305.339   simsec/sec=1   ev/simsec=305.339
     Messages:  created: 238308   present: 11   in FES: 6
** Event #1905920   t=5980.855474834162   Elapsed: 5980.8s (1h 39m)  94% completed  (94% total)
     Speed:     ev/sec=185.269   simsec/sec=0.999999   ev/simsec=185.269
     Messages:  created: 238372   present: 9   in FES: 5
** Event #1906688   t=5983.457493897351   Elapsed: 5983.4s (1h 39m)  94% completed  (94% total)
     Speed:     ev/sec=295.155   simsec/sec=0.999999   ev/simsec=295.155
     Messages:  created: 238468   present: 10   in FES: 6
** Event #1907200   t=5985.640918311959   Elapsed: 5985.58s (1h 39m)  95% completed  (95% total)
     Speed:     ev/sec=234.494   simsec/sec=1   ev/simsec=234.494
     Messages:  created: 238532   present: 10   in FES: 6
** Event #1907712   t=5987.686108134532   Elapsed: 5987.63s (1h 39m)  95% completed  (95% total)
     Speed:     ev/sec=250.343   simsec/sec=1   ev/simsec=250.344
     Messages:  created: 238596   present: 9   in FES: 5
** Event #1908224   t=5989.748821416796   Elapsed: 5989.69s (1h 39m)  95% completed  (95% total)
     Speed:     ev/sec=248.217   simsec/sec=1   ev/simsec=248.217
     Messages:  created: 238660   present: 9   in FES: 5
** Event #1908992   t=5992.538718986861   Elapsed: 5992.49s (1h 39m)  95% completed  (95% total)
     Speed:     ev/sec=275.016   simsec/sec=0.999043   ev/simsec=275.279
     Messages:  created: 238757   present: 13   in FES: 7
** Event #1909760   t=5994.865264393872   Elapsed: 5994.81s (1h 39m)  95% completed  (95% total)
     Speed:     ev/sec=330.483   simsec/sec=1.00115   ev/simsec=330.103
     Messages:  created: 238852   present: 11   in FES: 6
** Event #1910528   t=5997.451818667826   Elapsed: 5997.4s (1h 39m)  95% completed  (95% total)
     Speed:     ev/sec=296.92   simsec/sec=1   ev/simsec=296.92
     Messages:  created: 238948   present: 11   in FES: 7
** Event #1911552   t=5999.630235103182   Elapsed: 5999.57s (1h 39m)  95% completed  (95% total)
     Speed:     ev/sec=470.066   simsec/sec=1   ev/simsec=470.066
     Messages:  created: 239076   present: 9   in FES: 5
t=6000.666559 executing removeServer()
scheduled complete remove at 6000.761076827662
** Event #1912320   t=6002.226233223338   Elapsed: 6002.17s (1h 40m)  95% completed  (95% total)
     Speed:     ev/sec=295.441   simsec/sec=0.99865   ev/simsec=295.84
     Messages:  created: 239173   present: 9   in FES: 6
** Event #1913088   t=6004.535928966289   Elapsed: 6004.49s (1h 40m)  95% completed  (95% total)
     Speed:     ev/sec=331.942   simsec/sec=0.998287   ev/simsec=332.511
     Messages:  created: 239272   present: 17   in FES: 6
** Event #1913856   t=6006.614435233983   Elapsed: 6006.56s (1h 40m)  95% completed  (95% total)
     Speed:     ev/sec=370.829   simsec/sec=1.00361   ev/simsec=369.496
     Messages:  created: 239367   present: 14   in FES: 6
** Event #1914624   t=6008.917316352249   Elapsed: 6008.86s (1h 40m)  95% completed  (95% total)
     Speed:     ev/sec=333.495   simsec/sec=1   ev/simsec=333.495
     Messages:  created: 239463   present: 14   in FES: 7
** Event #1915136   t=6011.00812472037   Elapsed: 6010.95s (1h 40m)  95% completed  (95% total)
     Speed:     ev/sec=244.882   simsec/sec=1   ev/simsec=244.881
     Messages:  created: 239525   present: 8   in FES: 5
** Event #1915904   t=6013.627964255178   Elapsed: 6013.59s (1h 40m)  95% completed  (95% total)
     Speed:     ev/sec=290.825   simsec/sec=0.992076   ev/simsec=293.148
     Messages:  created: 239621   present: 9   in FES: 5
** Event #1916672   t=6016.355610218687   Elapsed: 6016.3s (1h 40m)  95% completed  (95% total)
     Speed:     ev/sec=283.738   simsec/sec=1.00773   ev/simsec=281.561
     Messages:  created: 239717   present: 8   in FES: 5
** Event #1917184   t=6018.749509806613   Elapsed: 6018.69s (1h 40m)  95% completed  (95% total)
     Speed:     ev/sec=213.877   simsec/sec=1   ev/simsec=213.877
     Messages:  created: 239783   present: 13   in FES: 7
** Event #1917696   t=6021.074801766132   Elapsed: 6021.02s (1h 40m)  95% completed  (95% total)
     Speed:     ev/sec=220.187   simsec/sec=0.999999   ev/simsec=220.187
     Messages:  created: 239845   present: 8   in FES: 5
** Event #1918464   t=6023.167497279546   Elapsed: 6023.13s (1h 40m)  95% completed  (95% total)
     Speed:     ev/sec=363.617   simsec/sec=0.990807   ev/simsec=366.991
     Messages:  created: 239941   present: 9   in FES: 6
** Event #1919232   t=6025.299599832965   Elapsed: 6025.24s (1h 40m)  95% completed  (95% total)
     Speed:     ev/sec=363.519   simsec/sec=1.00919   ev/simsec=360.208
     Messages:  created: 240042   present: 21   in FES: 7
** Event #1920256   t=6027.826518877391   Elapsed: 6027.77s (1h 40m)  95% completed  (95% total)
     Speed:     ev/sec=405.236   simsec/sec=1   ev/simsec=405.237
     Messages:  created: 240168   present: 16   in FES: 7
** Event #1921024   t=6030.012434634272   Elapsed: 6029.96s (1h 40m)  95% completed  (95% total)
     Speed:     ev/sec=351.183   simsec/sec=0.999551   ev/simsec=351.34
     Messages:  created: 240267   present: 25   in FES: 6
** Event #1921792   t=6032.048538835863   Elapsed: 6031.99s (1h 40m)  95% completed  (95% total)
     Speed:     ev/sec=377.373   simsec/sec=1.00048   ev/simsec=377.191
     Messages:  created: 240376   present: 60   in FES: 7
** Event #1922560   t=6034.489895190723   Elapsed: 6034.44s (1h 40m)  95% completed  (95% total)
     Speed:     ev/sec=314.319   simsec/sec=0.999172   ev/simsec=314.579
     Messages:  created: 240456   present: 17   in FES: 6
** Event #1923328   t=6036.509329671708   Elapsed: 6036.45s (1h 40m)  95% completed  (95% total)
     Speed:     ev/sec=380.686   simsec/sec=1.001   ev/simsec=380.304
     Messages:  created: 240556   present: 28   in FES: 7
** Event #1923840   t=6038.854221411146   Elapsed: 6038.8s (1h 40m)  95% completed  (95% total)
     Speed:     ev/sec=218.347   simsec/sec=1   ev/simsec=218.347
     Messages:  created: 240613   present: 8   in FES: 5
** Event #1924608   t=6041.270620232892   Elapsed: 6041.21s (1h 40m)  95% completed  (95% total)
     Speed:     ev/sec=317.828   simsec/sec=0.999998   ev/simsec=317.828
     Messages:  created: 240716   present: 27   in FES: 7
** Event #1925632   t=6043.949948868307   Elapsed: 6043.89s (1h 40m)  95% completed  (95% total)
     Speed:     ev/sec=382.186   simsec/sec=1   ev/simsec=382.185
     Messages:  created: 240839   present: 14   in FES: 7
** Event #1926400   t=6046.023377922076   Elapsed: 6045.97s (1h 40m)  95% completed  (95% total)
     Speed:     ev/sec=370.016   simsec/sec=0.998962   ev/simsec=370.401
     Messages:  created: 240939   present: 25   in FES: 6
** Event #1927424   t=6048.694772661568   Elapsed: 6048.66s (1h 40m)  96% completed  (96% total)
     Speed:     ev/sec=381.061   simsec/sec=0.994106   ev/simsec=383.32
     Messages:  created: 241061   present: 9   in FES: 6
** Event #1928192   t=6051.068900816114   Elapsed: 6051.01s (1h 40m)  96% completed  (96% total)
     Speed:     ev/sec=325.957   simsec/sec=1.00763   ev/simsec=323.487
     Messages:  created: 241157   present: 8   in FES: 5
** Event #1928960   t=6053.137436751379   Elapsed: 6053.09s (1h 40m)  96% completed  (96% total)
     Speed:     ev/sec=369.455   simsec/sec=0.995093   ev/simsec=371.277
     Messages:  created: 241262   present: 33   in FES: 6
** Event #1929728   t=6055.356306077019   Elapsed: 6055.3s (1h 40m)  96% completed  (96% total)
     Speed:     ev/sec=347.722   simsec/sec=1.00462   ev/simsec=346.122
     Messages:  created: 241354   present: 23   in FES: 7
** Event #1930496   t=6058.376060509002   Elapsed: 6058.32s (1h 40m)  96% completed  (96% total)
     Speed:     ev/sec=254.325   simsec/sec=1   ev/simsec=254.325
     Messages:  created: 241446   present: 12   in FES: 7
** Event #1931008   t=6060.87553807351   Elapsed: 6060.82s (1h 41m)  96% completed  (96% total)
     Speed:     ev/sec=204.843   simsec/sec=0.999999   ev/simsec=204.843
     Messages:  created: 241509   present: 11   in FES: 7
** Event #1931776   t=6063.261029622158   Elapsed: 6063.21s (1h 41m)  96% completed  (96% total)
     Speed:     ev/sec=321.851   simsec/sec=0.999705   ev/simsec=321.946
     Messages:  created: 241604   present: 8   in FES: 5
** Event #1932288   t=6066.255857087596   Elapsed: 6066.2s (1h 41m)  96% completed  (96% total)
     Speed:     ev/sec=170.984   simsec/sec=1.00013   ev/simsec=170.961
     Messages:  created: 241668   present: 8   in FES: 5
** Event #1933056   t=6068.842351115925   Elapsed: 6068.79s (1h 41m)  96% completed  (96% total)
     Speed:     ev/sec=296.962   simsec/sec=1.00012   ev/simsec=296.927
     Messages:  created: 241772   present: 28   in FES: 7
** Event #1933824   t=6071.347563964957   Elapsed: 6071.29s (1h 41m)  96% completed  (96% total)
     Speed:     ev/sec=306.561   simsec/sec=1   ev/simsec=306.561
     Messages:  created: 241862   present: 13   in FES: 6
** Event #1934592   t=6073.934710238617   Elapsed: 6073.88s (1h 41m)  96% completed  (96% total)
     Speed:     ev/sec=296.852   simsec/sec=0.999999   ev/simsec=296.852
     Messages:  created: 241958   present: 14   in FES: 7
** Event #1935360   t=6076.648097359496   Elapsed: 6076.59s (1h 41m)  96% completed  (96% total)
     Speed:     ev/sec=283.041   simsec/sec=1   ev/simsec=283.041
     Messages:  created: 242053   present: 11   in FES: 6
** Event #1935872   t=6078.832283922769   Elapsed: 6078.8s (1h 41m)  96% completed  (96% total)
     Speed:     ev/sec=232.285   simsec/sec=0.990924   ev/simsec=234.412
     Messages:  created: 242119   present: 16   in FES: 6
** Event #1936384   t=6081.606277836469   Elapsed: 6081.55s (1h 41m)  96% completed  (96% total)
     Speed:     ev/sec=185.911   simsec/sec=1.00726   ev/simsec=184.571
     Messages:  created: 242181   present: 10   in FES: 6
** Event #1937152   t=6084.450573353492   Elapsed: 6084.5s (1h 41m)  96% completed  (96% total)
     Speed:     ev/sec=260.214   simsec/sec=0.963706   ev/simsec=270.014
     Messages:  created: 242277   present: 10   in FES: 7
** Event #1937664   t=6086.674182177716   Elapsed: 6086.62s (1h 41m)  96% completed  (96% total)
     Speed:     ev/sec=241.152   simsec/sec=1.04732   ev/simsec=230.256
     Messages:  created: 242340   present: 8   in FES: 5
** Event #1938176   t=6088.707317871883   Elapsed: 6088.65s (1h 41m)  96% completed  (96% total)
     Speed:     ev/sec=252.657   simsec/sec=1.00329   ev/simsec=251.828
     Messages:  created: 242405   present: 10   in FES: 6
** Event #1938944   t=6090.753507352234   Elapsed: 6090.7s (1h 41m)  96% completed  (96% total)
     Speed:     ev/sec=375.332   simsec/sec=1   ev/simsec=375.332
     Messages:  created: 242522   present: 67   in FES: 7
** Event #1939968   t=6092.880004098797   Elapsed: 6092.82s (1h 41m)  96% completed  (96% total)
     Speed:     ev/sec=481.543   simsec/sec=0.999999   ev/simsec=481.543
     Messages:  created: 242667   present: 111   in FES: 7
** Event #1940992   t=6095.32628067826   Elapsed: 6095.27s (1h 41m)  96% completed  (96% total)
     Speed:     ev/sec=418.595   simsec/sec=1   ev/simsec=418.595
     Messages:  created: 242792   present: 103   in FES: 7
** Event #1942016   t=6097.641970360918   Elapsed: 6097.59s (1h 41m)  96% completed  (96% total)
     Speed:     ev/sec=442.201   simsec/sec=0.999999   ev/simsec=442.201
     Messages:  created: 242927   present: 123   in FES: 7
** Event #1943040   t=6100.270622477277   Elapsed: 6100.21s (1h 41m)  96% completed  (96% total)
     Speed:     ev/sec=389.554   simsec/sec=1   ev/simsec=389.553
     Messages:  created: 243056   present: 126   in FES: 7
** Event #1944064   t=6102.741006281467   Elapsed: 6102.68s (1h 41m)  96% completed  (96% total)
     Speed:     ev/sec=414.51   simsec/sec=1   ev/simsec=414.51
     Messages:  created: 243166   present: 77   in FES: 7
** Event #1944832   t=6105.167535183761   Elapsed: 6105.11s (1h 41m)  96% completed  (96% total)
     Speed:     ev/sec=316.504   simsec/sec=1.00001   ev/simsec=316.501
     Messages:  created: 243242   present: 23   in FES: 7
** Event #1945600   t=6107.693383312526   Elapsed: 6107.64s (1h 41m)  96% completed  (96% total)
     Speed:     ev/sec=304.054   simsec/sec=0.999991   ev/simsec=304.056
     Messages:  created: 243333   present: 10   in FES: 6
** Event #1946112   t=6109.807250342201   Elapsed: 6109.75s (1h 41m)  96% completed  (96% total)
     Speed:     ev/sec=242.21   simsec/sec=1   ev/simsec=242.21
     Messages:  created: 243397   present: 11   in FES: 6
** Event #1946624   t=6112.373711057462   Elapsed: 6112.35s (1h 41m)  97% completed  (97% total)
     Speed:     ev/sec=197.316   simsec/sec=0.98907   ev/simsec=199.497
     Messages:  created: 243460   present: 8   in FES: 5
** Event #1947136   t=6115.009116287156   Elapsed: 6114.95s (1h 41m)  97% completed  (97% total)
     Speed:     ev/sec=196.391   simsec/sec=1.01088   ev/simsec=194.278
     Messages:  created: 243526   present: 12   in FES: 7
** Event #1947648   t=6117.080401979749   Elapsed: 6117.05s (1h 41m)  97% completed  (97% total)
     Speed:     ev/sec=244.038   simsec/sec=0.987249   ev/simsec=247.189
     Messages:  created: 243588   present: 8   in FES: 5
** Event #1948160   t=6119.241496539793   Elapsed: 6119.2s (1h 41m)  97% completed  (97% total)
     Speed:     ev/sec=237.966   simsec/sec=1.00443   ev/simsec=236.917
     Messages:  created: 243652   present: 8   in FES: 5
** Event #1948928   t=6122.134271234645   Elapsed: 6122.08s (1h 42m)  97% completed  (97% total)
     Speed:     ev/sec=267.079   simsec/sec=1.00599   ev/simsec=265.489
     Messages:  created: 243748   present: 10   in FES: 6
** Event #1949696   t=6124.860508218243   Elapsed: 6124.8s (1h 42m)  97% completed  (97% total)
     Speed:     ev/sec=281.707   simsec/sec=1   ev/simsec=281.707
     Messages:  created: 243844   present: 9   in FES: 6
** Event #1950464   t=6127.192471280957   Elapsed: 6127.17s (1h 42m)  97% completed  (97% total)
     Speed:     ev/sec=324.098   simsec/sec=0.984095   ev/simsec=329.336
     Messages:  created: 243939   present: 7   in FES: 4
** Event #1951232   t=6129.350292136517   Elapsed: 6129.29s (1h 42m)  97% completed  (97% total)
     Speed:     ev/sec=362.241   simsec/sec=1.01778   ev/simsec=355.915
     Messages:  created: 244046   present: 35   in FES: 7
** Event #1952256   t=6131.467725982474   Elapsed: 6131.47s (1h 42m)  97% completed  (97% total)
     Speed:     ev/sec=470.221   simsec/sec=0.972327   ev/simsec=483.604
     Messages:  created: 244199   present: 103   in FES: 6
** Event #1953280   t=6134.070611743174   Elapsed: 6134.02s (1h 42m)  97% completed  (97% total)
     Speed:     ev/sec=402.511   simsec/sec=1.02313   ev/simsec=393.41
     Messages:  created: 244333   present: 119   in FES: 6
** Event #1954304   t=6136.487331521474   Elapsed: 6136.43s (1h 42m)  97% completed  (97% total)
     Speed:     ev/sec=423.963   simsec/sec=1.00059   ev/simsec=423.715
     Messages:  created: 244471   present: 145   in FES: 7
** Event #1955328   t=6138.830522144904   Elapsed: 6138.82s (1h 42m)  97% completed  (97% total)
     Speed:     ev/sec=428.791   simsec/sec=0.98119   ev/simsec=437.011
     Messages:  created: 244601   present: 151   in FES: 6
** Event #1956352   t=6140.993820140334   Elapsed: 6140.94s (1h 42m)  97% completed  (97% total)
     Speed:     ev/sec=483.389   simsec/sec=1.02121   ev/simsec=473.351
     Messages:  created: 244734   present: 163   in FES: 7
** Event #1957376   t=6143.622673628275   Elapsed: 6143.57s (1h 42m)  97% completed  (97% total)
     Speed:     ev/sec=389.523   simsec/sec=1   ev/simsec=389.523
     Messages:  created: 244866   present: 174   in FES: 7
** Event #1958400   t=6146.21252181953   Elapsed: 6146.16s (1h 42m)  97% completed  (97% total)
     Speed:     ev/sec=395.39   simsec/sec=1   ev/simsec=395.39
     Messages:  created: 245001   present: 191   in FES: 7
** Event #1959424   t=6148.852484355942   Elapsed: 6148.8s (1h 42m)  97% completed  (97% total)
     Speed:     ev/sec=387.885   simsec/sec=1   ev/simsec=387.884
     Messages:  created: 245124   present: 179   in FES: 7
** Event #1960448   t=6151.407498419958   Elapsed: 6151.35s (1h 42m)  97% completed  (97% total)
     Speed:     ev/sec=400.78   simsec/sec=1   ev/simsec=400.781
     Messages:  created: 245248   present: 170   in FES: 7
** Event #1961216   t=6153.415404553037   Elapsed: 6153.36s (1h 42m)  97% completed  (97% total)
     Speed:     ev/sec=382.488   simsec/sec=1   ev/simsec=382.488
     Messages:  created: 245332   present: 138   in FES: 7
** Event #1961984   t=6155.648600379558   Elapsed: 6155.59s (1h 42m)  97% completed  (97% total)
     Speed:     ev/sec=343.902   simsec/sec=1   ev/simsec=343.902
     Messages:  created: 245414   present: 99   in FES: 7
** Event #1963008   t=6158.342495918411   Elapsed: 6158.29s (1h 42m)  97% completed  (97% total)
     Speed:     ev/sec=380.119   simsec/sec=1   ev/simsec=380.119
     Messages:  created: 245541   present: 98   in FES: 7
** Event #1964032   t=6160.69189459403   Elapsed: 6160.65s (1h 42m)  97% completed  (97% total)
     Speed:     ev/sec=433.93   simsec/sec=0.99558   ev/simsec=435.856
     Messages:  created: 245662   present: 79   in FES: 6
** Event #1965056   t=6163.1256700384   Elapsed: 6163.07s (1h 42m)  97% completed  (97% total)
     Speed:     ev/sec=422.556   simsec/sec=1.0043   ev/simsec=420.745
     Messages:  created: 245799   present: 102   in FES: 7
** Event #1965824   t=6165.369044312149   Elapsed: 6165.31s (1h 42m)  97% completed  (97% total)
     Speed:     ev/sec=342.341   simsec/sec=1   ev/simsec=342.341
     Messages:  created: 245867   present: 28   in FES: 7
** Event #1966592   t=6168.773671759006   Elapsed: 6168.72s (1h 42m)  97% completed  (97% total)
     Speed:     ev/sec=225.575   simsec/sec=1   ev/simsec=225.575
     Messages:  created: 245956   present: 9   in FES: 6
** Event #1967360   t=6171.290332180319   Elapsed: 6171.23s (1h 42m)  97% completed  (97% total)
     Speed:     ev/sec=305.166   simsec/sec=1   ev/simsec=305.166
     Messages:  created: 246056   present: 19   in FES: 7
** Event #1968128   t=6173.579420641615   Elapsed: 6173.52s (1h 42m)  97% completed  (97% total)
     Speed:     ev/sec=335.505   simsec/sec=1   ev/simsec=335.505
     Messages:  created: 246155   present: 27   in FES: 7
** Event #1968896   t=6175.988947582126   Elapsed: 6175.94s (1h 42m)  98% completed  (98% total)
     Speed:     ev/sec=317.62   simsec/sec=0.996502   ev/simsec=318.735
     Messages:  created: 246246   present: 15   in FES: 6
** Event #1969664   t=6178.122223881777   Elapsed: 6178.07s (1h 42m)  98% completed  (98% total)
     Speed:     ev/sec=361.443   simsec/sec=1.00398   ev/simsec=360.01
     Messages:  created: 246345   present: 22   in FES: 7
** Event #1970688   t=6180.440605913624   Elapsed: 6180.38s (1h 43m)  98% completed  (98% total)
     Speed:     ev/sec=441.687   simsec/sec=1   ev/simsec=441.687
     Messages:  created: 246490   present: 69   in FES: 7
t=6180.666556 executing addServer()
adding server with latency=60
** Event #1971712   t=6182.899675685561   Elapsed: 6182.85s (1h 43m)  98% completed  (98% total)
     Speed:     ev/sec=415.057   simsec/sec=0.996732   ev/simsec=416.418
     Messages:  created: 246621   present: 75   in FES: 7
** Event #1972480   t=6184.895881545413   Elapsed: 6184.85s (1h 43m)  98% completed  (98% total)
     Speed:     ev/sec=383.646   simsec/sec=0.997184   ev/simsec=384.73
     Messages:  created: 246711   present: 59   in FES: 7
** Event #1973504   t=6187.037535544253   Elapsed: 6186.98s (1h 43m)  98% completed  (98% total)
     Speed:     ev/sec=481.213   simsec/sec=1.00644   ev/simsec=478.135
     Messages:  created: 246844   present: 72   in FES: 8
** Event #1974528   t=6189.561609171976   Elapsed: 6189.51s (1h 43m)  98% completed  (98% total)
     Speed:     ev/sec=405.693   simsec/sec=1   ev/simsec=405.693
     Messages:  created: 246967   present: 58   in FES: 8
** Event #1975552   t=6191.657712341077   Elapsed: 6191.6s (1h 43m)  98% completed  (98% total)
     Speed:     ev/sec=488.526   simsec/sec=1   ev/simsec=488.526
     Messages:  created: 247097   present: 63   in FES: 8
** Event #1976576   t=6193.791040203783   Elapsed: 6193.73s (1h 43m)  98% completed  (98% total)
     Speed:     ev/sec=480.001   simsec/sec=1   ev/simsec=480.001
     Messages:  created: 247234   present: 87   in FES: 8
** Event #1977344   t=6195.876055542458   Elapsed: 6195.83s (1h 43m)  98% completed  (98% total)
     Speed:     ev/sec=366.79   simsec/sec=0.995784   ev/simsec=368.343
     Messages:  created: 247316   present: 51   in FES: 7
** Event #1978368   t=6198.257091491464   Elapsed: 6198.2s (1h 43m)  98% completed  (98% total)
     Speed:     ev/sec=431.665   simsec/sec=1.00372   ev/simsec=430.065
     Messages:  created: 247448   present: 62   in FES: 8
** Event #1979392   t=6200.823952350612   Elapsed: 6200.77s (1h 43m)  98% completed  (98% total)
     Speed:     ev/sec=398.931   simsec/sec=1   ev/simsec=398.931
     Messages:  created: 247575   present: 58   in FES: 8
** Event #1980160   t=6202.871760718703   Elapsed: 6202.82s (1h 43m)  98% completed  (98% total)
     Speed:     ev/sec=375.035   simsec/sec=0.999999   ev/simsec=375.035
     Messages:  created: 247660   present: 30   in FES: 8
** Event #1980928   t=6204.955429779558   Elapsed: 6204.9s (1h 43m)  98% completed  (98% total)
     Speed:     ev/sec=368.583   simsec/sec=1.00001   ev/simsec=368.581
     Messages:  created: 247760   present: 41   in FES: 8
** Event #1981952   t=6207.112924512507   Elapsed: 6207.07s (1h 43m)  98% completed  (98% total)
     Speed:     ev/sec=472.375   simsec/sec=0.995261   ev/simsec=474.625
     Messages:  created: 247889   present: 43   in FES: 7
** Event #1982720   t=6209.157400198156   Elapsed: 6209.1s (1h 43m)  98% completed  (98% total)
     Speed:     ev/sec=377.541   simsec/sec=1.00504   ev/simsec=375.646
     Messages:  created: 247981   present: 33   in FES: 8
** Event #1983488   t=6211.630125789502   Elapsed: 6211.57s (1h 43m)  98% completed  (98% total)
     Speed:     ev/sec=310.588   simsec/sec=1   ev/simsec=310.588
     Messages:  created: 248069   present: 10   in FES: 6
** Event #1984256   t=6214.502572489842   Elapsed: 6214.46s (1h 43m)  98% completed  (98% total)
     Speed:     ev/sec=266.315   simsec/sec=0.996064   ev/simsec=267.368
     Messages:  created: 248168   present: 19   in FES: 7
** Event #1984768   t=6216.9537048137   Elapsed: 6216.92s (1h 43m)  98% completed  (98% total)
     Speed:     ev/sec=208.204   simsec/sec=0.996748   ev/simsec=208.883
     Messages:  created: 248229   present: 11   in FES: 7
** Event #1985536   t=6219.372441682405   Elapsed: 6219.32s (1h 43m)  98% completed  (98% total)
     Speed:     ev/sec=320.082   simsec/sec=1.00806   ev/simsec=317.521
     Messages:  created: 248327   present: 17   in FES: 8
** Event #1986304   t=6221.472996490866   Elapsed: 6221.42s (1h 43m)  98% completed  (98% total)
     Speed:     ev/sec=365.617   simsec/sec=0.999999   ev/simsec=365.618
     Messages:  created: 248422   present: 13   in FES: 8
** Event #1987328   t=6223.895355617759   Elapsed: 6223.84s (1h 43m)  98% completed  (98% total)
     Speed:     ev/sec=422.729   simsec/sec=1   ev/simsec=422.728
     Messages:  created: 248559   present: 37   in FES: 8
** Event #1988096   t=6226.201014656591   Elapsed: 6226.15s (1h 43m)  98% completed  (98% total)
     Speed:     ev/sec=332.354   simsec/sec=0.99778   ev/simsec=333.093
     Messages:  created: 248654   present: 35   in FES: 7
** Event #1988864   t=6228.772299290865   Elapsed: 6228.72s (1h 43m)  98% completed  (98% total)
     Speed:     ev/sec=298.963   simsec/sec=1.00094   ev/simsec=298.683
     Messages:  created: 248741   present: 11   in FES: 6
** Event #1989632   t=6231.443726822321   Elapsed: 6231.39s (1h 43m)  98% completed  (98% total)
     Speed:     ev/sec=287.78   simsec/sec=1.00102   ev/simsec=287.487
     Messages:  created: 248838   present: 14   in FES: 7
** Event #1990400   t=6233.790242960334   Elapsed: 6233.75s (1h 43m)  98% completed  (98% total)
     Speed:     ev/sec=325.393   simsec/sec=0.994192   ev/simsec=327.294
     Messages:  created: 248933   present: 11   in FES: 6
** Event #1991168   t=6236.391106783302   Elapsed: 6236.34s (1h 43m)  98% completed  (98% total)
     Speed:     ev/sec=296.84   simsec/sec=1.00526   ev/simsec=295.287
     Messages:  created: 249029   present: 10   in FES: 6
** Event #1991936   t=6238.563341362675   Elapsed: 6238.51s (1h 43m)  99% completed  (99% total)
     Speed:     ev/sec=353.569   simsec/sec=1.00005   ev/simsec=353.553
     Messages:  created: 249140   present: 50   in FES: 8
t=6240.666556 addServer() complete
** Event #1992960   t=6240.842890449865   Elapsed: 6240.79s (1h 44m)  99% completed  (99% total)
     Speed:     ev/sec=449.211   simsec/sec=0.999999   ev/simsec=449.212
     Messages:  created: 249272   present: 62   in FES: 8
** Event #1993728   t=6242.921706391441   Elapsed: 6242.87s (1h 44m)  99% completed  (99% total)
     Speed:     ev/sec=369.441   simsec/sec=0.999999   ev/simsec=369.441
     Messages:  created: 249349   present: 11   in FES: 7
** Event #1994752   t=6245.347414092078   Elapsed: 6245.29s (1h 44m)  99% completed  (99% total)
     Speed:     ev/sec=422.144   simsec/sec=0.999999   ev/simsec=422.145
     Messages:  created: 249484   present: 30   in FES: 8
** Event #1995776   t=6247.565707484848   Elapsed: 6247.51s (1h 44m)  99% completed  (99% total)
     Speed:     ev/sec=461.617   simsec/sec=1   ev/simsec=461.616
     Messages:  created: 249605   present: 11   in FES: 7
** Event #1996544   t=6250.592735581755   Elapsed: 6250.54s (1h 44m)  99% completed  (99% total)
     Speed:     ev/sec=253.712   simsec/sec=0.999992   ev/simsec=253.714
     Messages:  created: 249700   present: 9   in FES: 5
** Event #1997312   t=6252.799698369994   Elapsed: 6252.74s (1h 44m)  99% completed  (99% total)
     Speed:     ev/sec=347.994   simsec/sec=1.00001   ev/simsec=347.99
     Messages:  created: 249796   present: 10   in FES: 6
** Event #1998080   t=6254.875369515486   Elapsed: 6254.82s (1h 44m)  99% completed  (99% total)
     Speed:     ev/sec=370.001   simsec/sec=1   ev/simsec=370.001
     Messages:  created: 249892   present: 10   in FES: 6
** Event #1998848   t=6257.355588435703   Elapsed: 6257.3s (1h 44m)  99% completed  (99% total)
     Speed:     ev/sec=309.65   simsec/sec=1   ev/simsec=309.65
     Messages:  created: 249988   present: 9   in FES: 5
** Event #1999360   t=6259.866467962096   Elapsed: 6259.81s (1h 44m)  99% completed  (99% total)
     Speed:     ev/sec=203.91   simsec/sec=0.999987   ev/simsec=203.913
     Messages:  created: 250052   present: 9   in FES: 5
** Event #2000128   t=6262.527819866212   Elapsed: 6262.47s (1h 44m)  99% completed  (99% total)
     Speed:     ev/sec=288.579   simsec/sec=1.00001   ev/simsec=288.575
     Messages:  created: 250149   present: 11   in FES: 6
** Event #2000640   t=6264.58100381404   Elapsed: 6264.52s (1h 44m)  99% completed  (99% total)
     Speed:     ev/sec=249.369   simsec/sec=0.999999   ev/simsec=249.369
     Messages:  created: 250213   present: 11   in FES: 7
** Event #2001408   t=6267.151873036643   Elapsed: 6267.1s (1h 44m)  99% completed  (99% total)
     Speed:     ev/sec=298.732   simsec/sec=1   ev/simsec=298.732
     Messages:  created: 250309   present: 11   in FES: 7
** Event #2001920   t=6269.268270823349   Elapsed: 6269.21s (1h 44m)  99% completed  (99% total)
     Speed:     ev/sec=241.92   simsec/sec=0.999998   ev/simsec=241.92
     Messages:  created: 250375   present: 17   in FES: 8
** Event #2002688   t=6272.049802122307   Elapsed: 6271.99s (1h 44m)  99% completed  (99% total)
     Speed:     ev/sec=276.107   simsec/sec=1   ev/simsec=276.107
     Messages:  created: 250469   present: 11   in FES: 7
** Event #2003456   t=6274.47392824005   Elapsed: 6274.42s (1h 44m)  99% completed  (99% total)
     Speed:     ev/sec=316.815   simsec/sec=1   ev/simsec=316.815
     Messages:  created: 250565   present: 11   in FES: 7
** Event #2004224   t=6277.168702357881   Elapsed: 6277.11s (1h 44m)  99% completed  (99% total)
     Speed:     ev/sec=284.996   simsec/sec=1   ev/simsec=284.996
     Messages:  created: 250661   present: 11   in FES: 7
** Event #2004992   t=6279.294783881348   Elapsed: 6279.26s (1h 44m)  99% completed  (99% total)
     Speed:     ev/sec=358.216   simsec/sec=0.991663   ev/simsec=361.228
     Messages:  created: 250757   present: 12   in FES: 7
** Event #2005760   t=6281.337518321923   Elapsed: 6281.28s (1h 44m)  99% completed  (99% total)
     Speed:     ev/sec=379.286   simsec/sec=1.00883   ev/simsec=375.967
     Messages:  created: 250853   present: 11   in FES: 7
** Event #2006528   t=6283.893539422085   Elapsed: 6283.84s (1h 44m)  99% completed  (99% total)
     Speed:     ev/sec=300.467   simsec/sec=1   ev/simsec=300.467
     Messages:  created: 250948   present: 10   in FES: 6
** Event #2007296   t=6286.84001627643   Elapsed: 6286.78s (1h 44m)  99% completed  (99% total)
     Speed:     ev/sec=260.65   simsec/sec=1   ev/simsec=260.65
     Messages:  created: 251045   present: 11   in FES: 7
** Event #2008064   t=6288.989150815026   Elapsed: 6288.93s (1h 44m)  99% completed  (99% total)
     Speed:     ev/sec=357.353   simsec/sec=1   ev/simsec=357.353
     Messages:  created: 251141   present: 11   in FES: 6
** Event #2008576   t=6291.156214929525   Elapsed: 6291.1s (1h 44m)  99% completed  (99% total)
     Speed:     ev/sec=236.264   simsec/sec=1   ev/simsec=236.264
     Messages:  created: 251204   present: 10   in FES: 6
** Event #2009088   t=6293.591493235264   Elapsed: 6293.54s (1h 44m)  99% completed  (99% total)
     Speed:     ev/sec=210.243   simsec/sec=1   ev/simsec=210.243
     Messages:  created: 251269   present: 11   in FES: 7
** Event #2009600   t=6296.006146431964   Elapsed: 6295.95s (1h 44m)  99% completed  (99% total)
     Speed:     ev/sec=212.039   simsec/sec=1   ev/simsec=212.039
     Messages:  created: 251333   present: 11   in FES: 7
** Event #2010368   t=6298.04456571748   Elapsed: 6297.99s (1h 44m)  99% completed  (99% total)
     Speed:     ev/sec=376.548   simsec/sec=0.999432   ev/simsec=376.763
     Messages:  created: 251429   present: 12   in FES: 7
** Event #2010898   t=6300   Elapsed: 6299.94s (1h 44m)  100% completed  (100% total)
     Speed:     ev/sec=270.56   simsec/sec=1.00012   ev/simsec=270.528
     Messages:  created: 251494   present: 10   in FES: 6

<!> Simulation time limit reached -- at t=6300s, event #2010898

Calling finish() at end of Run #6...

End.
