WARNING: Error changing the container working directory. Using '/mnt/iusers01/sk01/t95317ha' instead: chdir /mnt/iusers01/sk01/t95317ha/h200-scratch/SELAS/CONTROLLER: no such file or directory
OMNeT++ Discrete Event Simulation  (C) 1992-2018 Andras Varga, OpenSim Ltd.
Version: 5.4.1, build: 180629-5e28390, edition: Academic Public License -- NOT FOR COMMERCIAL USE
See the license for distribution terms and warranty disclaimer

Setting up Cmdenv...

Loading NED files from ..:  3
Loading NED files from ../../src:  21
Loading NED files from ../../../queueinglib:  20

Preparing for running configuration sim, run #6...
Scenario: $trace="traces/clarknet-http-105m-l70.delta", $latency=60, $repetition=0
Assigned runID=sim-6-20260917-22:38:25-3118150
Setting up network "SWIM"...
Initializing...
t=0 addServer() complete
t=0 addServer() complete
t=0 addServer() complete

Running simulation...
** Event #0   t=0   Elapsed: 1e-05s (0m 00s)  0% completed  (0% total)
     Speed:     ev/sec=0   simsec/sec=0   ev/simsec=0
     Messages:  created: 11   present: 8   in FES: 5
t=2.439614 executing removeServer()
scheduled complete remove at 2.439614
** Event #512   t=2.600972329659   Elapsed: 2.54692s (0m 02s)  0% completed  (0% total)
     Speed:     ev/sec=201.42   simsec/sec=1.02122   ev/simsec=197.234
     Messages:  created: 80   present: 16   in FES: 7
** Event #1024   t=5.06326361905   Elapsed: 5.00921s (0m 05s)  0% completed  (0% total)
     Speed:     ev/sec=207.937   simsec/sec=1   ev/simsec=207.936
     Messages:  created: 145   present: 20   in FES: 7
** Event #1536   t=7.208712315072   Elapsed: 7.16944s (0m 07s)  0% completed  (0% total)
     Speed:     ev/sec=237.012   simsec/sec=0.99316   ev/simsec=238.645
     Messages:  created: 213   present: 30   in FES: 6
** Event #2048   t=9.441986276434   Elapsed: 9.38794s (0m 09s)  0% completed  (0% total)
     Speed:     ev/sec=230.786   simsec/sec=1.00666   ev/simsec=229.26
     Messages:  created: 293   present: 72   in FES: 7
** Event #2560   t=11.811731840621   Elapsed: 11.797s (0m 11s)  0% completed  (0% total)
     Speed:     ev/sec=212.528   simsec/sec=0.983669   ev/simsec=216.057
     Messages:  created: 368   present: 102   in FES: 6
** Event #3072   t=14.280088868181   Elapsed: 14.226s (0m 14s)  0% completed  (0% total)
     Speed:     ev/sec=210.786   simsec/sec=1.0162   ev/simsec=207.425
     Messages:  created: 436   present: 113   in FES: 7
** Event #3584   t=16.571437332953   Elapsed: 16.5174s (0m 16s)  0% completed  (0% total)
     Speed:     ev/sec=223.449   simsec/sec=0.999998   ev/simsec=223.449
     Messages:  created: 509   present: 137   in FES: 7
** Event #4352   t=18.937582615971   Elapsed: 18.8835s (0m 18s)  0% completed  (0% total)
     Speed:     ev/sec=324.579   simsec/sec=1   ev/simsec=324.579
     Messages:  created: 624   present: 187   in FES: 7
** Event #5120   t=21.50122610021   Elapsed: 21.4472s (0m 21s)  0% completed  (0% total)
     Speed:     ev/sec=299.573   simsec/sec=0.999999   ev/simsec=299.574
     Messages:  created: 765   present: 282   in FES: 7
** Event #5888   t=24.471884428303   Elapsed: 24.4178s (0m 24s)  0% completed  (0% total)
     Speed:     ev/sec=258.528   simsec/sec=0.999997   ev/simsec=258.529
     Messages:  created: 883   present: 327   in FES: 7
** Event #6656   t=27.209043698536   Elapsed: 27.155s (0m 27s)  0% completed  (0% total)
     Speed:     ev/sec=280.584   simsec/sec=1   ev/simsec=280.583
     Messages:  created: 993   present: 355   in FES: 7
** Event #7168   t=29.454108521012   Elapsed: 29.4001s (0m 29s)  0% completed  (0% total)
     Speed:     ev/sec=228.056   simsec/sec=1   ev/simsec=228.056
     Messages:  created: 1066   present: 373   in FES: 7
** Event #7936   t=32.315042460182   Elapsed: 32.261s (0m 32s)  0% completed  (0% total)
     Speed:     ev/sec=268.443   simsec/sec=0.999998   ev/simsec=268.444
     Messages:  created: 1171   present: 391   in FES: 7
** Event #8704   t=35.166316737888   Elapsed: 35.1123s (0m 35s)  0% completed  (0% total)
     Speed:     ev/sec=269.354   simsec/sec=1   ev/simsec=269.353
     Messages:  created: 1277   present: 410   in FES: 7
** Event #9216   t=37.650216259942   Elapsed: 37.5962s (0m 37s)  0% completed  (0% total)
     Speed:     ev/sec=206.127   simsec/sec=0.999999   ev/simsec=206.128
     Messages:  created: 1340   present: 408   in FES: 7
** Event #9984   t=40.445125077635   Elapsed: 40.3911s (0m 40s)  0% completed  (0% total)
     Speed:     ev/sec=274.786   simsec/sec=1   ev/simsec=274.785
     Messages:  created: 1457   present: 450   in FES: 7
** Event #10752   t=43.008179385291   Elapsed: 42.9541s (0m 42s)  0% completed  (0% total)
     Speed:     ev/sec=299.642   simsec/sec=1   ev/simsec=299.642
     Messages:  created: 1580   present: 504   in FES: 7
** Event #11520   t=45.548032635358   Elapsed: 45.494s (0m 45s)  0% completed  (0% total)
     Speed:     ev/sec=302.379   simsec/sec=0.999999   ev/simsec=302.38
     Messages:  created: 1685   present: 523   in FES: 7
** Event #12032   t=47.722698123741   Elapsed: 47.6687s (0m 47s)  0% completed  (0% total)
     Speed:     ev/sec=235.438   simsec/sec=1   ev/simsec=235.439
     Messages:  created: 1746   present: 517   in FES: 7
** Event #12800   t=50.568423974909   Elapsed: 50.5144s (0m 50s)  0% completed  (0% total)
     Speed:     ev/sec=269.879   simsec/sec=1   ev/simsec=269.878
     Messages:  created: 1864   present: 560   in FES: 7
** Event #13568   t=53.230824985563   Elapsed: 53.1887s (0m 53s)  0% completed  (0% total)
     Speed:     ev/sec=287.173   simsec/sec=0.995534   ev/simsec=288.461
     Messages:  created: 1973   present: 586   in FES: 6
** Event #14336   t=55.938085286107   Elapsed: 55.9132s (0m 55s)  0% completed  (0% total)
     Speed:     ev/sec=281.886   simsec/sec=0.993671   ev/simsec=283.682
     Messages:  created: 2061   present: 563   in FES: 6
** Event #14848   t=58.069338027063   Elapsed: 58.0153s (0m 58s)  0% completed  (0% total)
     Speed:     ev/sec=243.57   simsec/sec=1.01389   ev/simsec=240.234
     Messages:  created: 2133   present: 578   in FES: 7
** Event #15616   t=60.545999316382   Elapsed: 60.502s (1m 00s)  0% completed  (0% total)
     Speed:     ev/sec=308.84   simsec/sec=0.995952   ev/simsec=310.095
     Messages:  created: 2225   present: 564   in FES: 6
** Event #16128   t=62.724448498737   Elapsed: 62.6704s (1m 02s)  0% completed  (0% total)
     Speed:     ev/sec=236.121   simsec/sec=1.00464   ev/simsec=235.03
     Messages:  created: 2269   present: 523   in FES: 7
t=63.240368 executing addServer()
adding server with latency=60
** Event #16640   t=64.95974522721   Elapsed: 64.9276s (1m 04s)  1% completed  (1% total)
     Speed:     ev/sec=226.826   simsec/sec=0.990281   ev/simsec=229.052
     Messages:  created: 2318   present: 487   in FES: 7
** Event #17152   t=67.085557028001   Elapsed: 67.0315s (1m 07s)  1% completed  (1% total)
     Speed:     ev/sec=243.36   simsec/sec=1.01042   ev/simsec=240.849
     Messages:  created: 2372   present: 467   in FES: 8
** Event #17920   t=69.908542520006   Elapsed: 69.8545s (1m 09s)  1% completed  (1% total)
     Speed:     ev/sec=272.053   simsec/sec=1   ev/simsec=272.052
     Messages:  created: 2464   present: 456   in FES: 8
** Event #18432   t=71.90971121739   Elapsed: 71.8557s (1m 11s)  1% completed  (1% total)
     Speed:     ev/sec=255.85   simsec/sec=0.999996   ev/simsec=255.85
     Messages:  created: 2543   present: 486   in FES: 8
** Event #19200   t=74.553266687059   Elapsed: 74.4992s (1m 14s)  1% completed  (1% total)
     Speed:     ev/sec=290.518   simsec/sec=1   ev/simsec=290.518
     Messages:  created: 2638   present: 484   in FES: 8
** Event #19968   t=77.395342941251   Elapsed: 77.3413s (1m 17s)  1% completed  (1% total)
     Speed:     ev/sec=270.224   simsec/sec=0.999998   ev/simsec=270.225
     Messages:  created: 2733   present: 482   in FES: 8
** Event #20736   t=79.88802103371   Elapsed: 79.834s (1m 19s)  1% completed  (1% total)
     Speed:     ev/sec=308.103   simsec/sec=1   ev/simsec=308.102
     Messages:  created: 2857   present: 539   in FES: 8
** Event #21504   t=82.62124057296   Elapsed: 82.5672s (1m 22s)  1% completed  (1% total)
     Speed:     ev/sec=280.987   simsec/sec=1   ev/simsec=280.987
     Messages:  created: 2967   present: 567   in FES: 8
** Event #22016   t=84.660401422936   Elapsed: 84.6064s (1m 24s)  1% completed  (1% total)
     Speed:     ev/sec=251.084   simsec/sec=1   ev/simsec=251.084
     Messages:  created: 3036   present: 577   in FES: 8
** Event #22784   t=87.421553383565   Elapsed: 87.3675s (1m 27s)  1% completed  (1% total)
     Speed:     ev/sec=278.145   simsec/sec=1   ev/simsec=278.145
     Messages:  created: 3117   present: 546   in FES: 8
** Event #23552   t=89.638898240358   Elapsed: 89.6171s (1m 29s)  1% completed  (1% total)
     Speed:     ev/sec=341.388   simsec/sec=0.985643   ev/simsec=346.36
     Messages:  created: 3242   present: 601   in FES: 7
** Event #24320   t=92.303959299626   Elapsed: 92.2499s (1m 32s)  1% completed  (1% total)
     Speed:     ev/sec=291.708   simsec/sec=1.01227   ev/simsec=288.174
     Messages:  created: 3334   present: 590   in FES: 9
** Event #24832   t=94.44951475573   Elapsed: 94.3955s (1m 34s)  1% completed  (1% total)
     Speed:     ev/sec=238.632   simsec/sec=0.999997   ev/simsec=238.633
     Messages:  created: 3390   present: 568   in FES: 8
** Event #25344   t=96.587994907998   Elapsed: 96.5339s (1m 36s)  1% completed  (1% total)
     Speed:     ev/sec=239.423   simsec/sec=1   ev/simsec=239.422
     Messages:  created: 3436   present: 530   in FES: 8
** Event #25856   t=98.638224291319   Elapsed: 98.5842s (1m 38s)  1% completed  (1% total)
     Speed:     ev/sec=249.728   simsec/sec=1   ev/simsec=249.728
     Messages:  created: 3499   present: 528   in FES: 10
** Event #26624   t=101.309019345271   Elapsed: 101.255s (1m 41s)  1% completed  (1% total)
     Speed:     ev/sec=287.555   simsec/sec=0.999999   ev/simsec=287.555
     Messages:  created: 3557   present: 443   in FES: 9
** Event #27136   t=103.357744022335   Elapsed: 103.304s (1m 43s)  1% completed  (1% total)
     Speed:     ev/sec=249.912   simsec/sec=1   ev/simsec=249.912
     Messages:  created: 3616   present: 433   in FES: 9
** Event #27648   t=105.487834680675   Elapsed: 105.434s (1m 45s)  1% completed  (1% total)
     Speed:     ev/sec=240.365   simsec/sec=0.999998   ev/simsec=240.365
     Messages:  created: 3676   present: 424   in FES: 8
** Event #28416   t=108.295221087943   Elapsed: 108.241s (1m 48s)  1% completed  (1% total)
     Speed:     ev/sec=273.565   simsec/sec=1   ev/simsec=273.564
     Messages:  created: 3756   present: 393   in FES: 9
** Event #28928   t=110.414169034603   Elapsed: 110.36s (1m 50s)  1% completed  (1% total)
     Speed:     ev/sec=241.629   simsec/sec=0.999999   ev/simsec=241.629
     Messages:  created: 3823   present: 399   in FES: 9
** Event #29696   t=112.976265109931   Elapsed: 112.922s (1m 52s)  1% completed  (1% total)
     Speed:     ev/sec=299.755   simsec/sec=1   ev/simsec=299.755
     Messages:  created: 3927   present: 414   in FES: 8
** Event #30464   t=116.1037283493   Elapsed: 116.05s (1m 56s)  1% completed  (1% total)
     Speed:     ev/sec=245.566   simsec/sec=0.999999   ev/simsec=245.566
     Messages:  created: 4006   present: 380   in FES: 8
** Event #30976   t=118.256217659293   Elapsed: 118.202s (1m 58s)  1% completed  (1% total)
     Speed:     ev/sec=237.864   simsec/sec=1   ev/simsec=237.864
     Messages:  created: 4054   present: 348   in FES: 8
** Event #31488   t=120.443826028085   Elapsed: 120.39s (2m 00s)  1% completed  (1% total)
     Speed:     ev/sec=234.045   simsec/sec=0.999998   ev/simsec=234.046
     Messages:  created: 4117   present: 348   in FES: 8
t=122.613236 executing setDimmer(0.1)
** Event #32000   t=122.76222873749   Elapsed: 122.732s (2m 02s)  1% completed  (1% total)
     Speed:     ev/sec=218.595   simsec/sec=0.989827   ev/simsec=220.842
     Messages:  created: 4159   present: 304   in FES: 7
t=123.240368 addServer() complete
** Event #33024   t=124.854936776357   Elapsed: 124.808s (2m 04s)  1% completed  (1% total)
     Speed:     ev/sec=493.214   simsec/sec=1.00796   ev/simsec=489.318
     Messages:  created: 4206   present: 119   in FES: 6
** Event #33792   t=127.426088961468   Elapsed: 127.372s (2m 07s)  2% completed  (2% total)
     Speed:     ev/sec=299.549   simsec/sec=1.00285   ev/simsec=298.699
     Messages:  created: 4261   present: 9   in FES: 5
** Event #34560   t=130.15288758822   Elapsed: 130.099s (2m 10s)  2% completed  (2% total)
     Speed:     ev/sec=281.638   simsec/sec=0.999963   ev/simsec=281.649
     Messages:  created: 4357   present: 9   in FES: 5
** Event #35072   t=132.537242030318   Elapsed: 132.483s (2m 12s)  2% completed  (2% total)
     Speed:     ev/sec=214.741   simsec/sec=1.00004   ev/simsec=214.733
     Messages:  created: 4421   present: 9   in FES: 5
** Event #35584   t=135.425364041983   Elapsed: 135.371s (2m 15s)  2% completed  (2% total)
     Speed:     ev/sec=177.279   simsec/sec=1.00001   ev/simsec=177.278
     Messages:  created: 4485   present: 9   in FES: 5
** Event #36096   t=137.56458999865   Elapsed: 137.511s (2m 17s)  2% completed  (2% total)
     Speed:     ev/sec=239.332   simsec/sec=0.999973   ev/simsec=239.339
     Messages:  created: 4549   present: 9   in FES: 5
** Event #36608   t=141.168212076435   Elapsed: 141.114s (2m 21s)  2% completed  (2% total)
     Speed:     ev/sec=142.082   simsec/sec=1.00002   ev/simsec=142.079
     Messages:  created: 4613   present: 9   in FES: 5
** Event #36864   t=143.267417295371   Elapsed: 143.213s (2m 23s)  2% completed  (2% total)
     Speed:     ev/sec=121.949   simsec/sec=0.999981   ev/simsec=121.951
     Messages:  created: 4645   present: 9   in FES: 5
** Event #37120   t=145.835884680894   Elapsed: 145.782s (2m 25s)  2% completed  (2% total)
     Speed:     ev/sec=99.6718   simsec/sec=1.00001   ev/simsec=99.6703
     Messages:  created: 4677   present: 9   in FES: 5
** Event #37376   t=147.851356467786   Elapsed: 147.797s (2m 27s)  2% completed  (2% total)
     Speed:     ev/sec=127.018   simsec/sec=1   ev/simsec=127.017
     Messages:  created: 4709   present: 9   in FES: 5
** Event #37888   t=150.521351119226   Elapsed: 150.467s (2m 30s)  2% completed  (2% total)
     Speed:     ev/sec=191.761   simsec/sec=1   ev/simsec=191.761
     Messages:  created: 4773   present: 10   in FES: 6
** Event #38400   t=154.13155170409   Elapsed: 154.077s (2m 34s)  2% completed  (2% total)
     Speed:     ev/sec=141.82   simsec/sec=0.999999   ev/simsec=141.82
     Messages:  created: 4837   present: 9   in FES: 5
** Event #38912   t=156.330329948909   Elapsed: 156.276s (2m 36s)  2% completed  (2% total)
     Speed:     ev/sec=232.857   simsec/sec=1   ev/simsec=232.857
     Messages:  created: 4902   present: 11   in FES: 7
** Event #39936   t=159.786942266427   Elapsed: 159.733s (2m 39s)  2% completed  (2% total)
     Speed:     ev/sec=296.233   simsec/sec=0.999963   ev/simsec=296.244
     Messages:  created: 5029   present: 9   in FES: 5
** Event #40704   t=162.060208409972   Elapsed: 162.006s (2m 42s)  2% completed  (2% total)
     Speed:     ev/sec=337.859   simsec/sec=1.00006   ev/simsec=337.84
     Messages:  created: 5125   present: 10   in FES: 6
** Event #41216   t=164.136709677033   Elapsed: 164.083s (2m 44s)  2% completed  (2% total)
     Speed:     ev/sec=246.567   simsec/sec=0.999994   ev/simsec=246.569
     Messages:  created: 5189   present: 9   in FES: 5
** Event #41728   t=166.506274709672   Elapsed: 166.452s (2m 46s)  2% completed  (2% total)
     Speed:     ev/sec=216.075   simsec/sec=1.00001   ev/simsec=216.073
     Messages:  created: 5253   present: 9   in FES: 5
** Event #42240   t=168.666942188181   Elapsed: 168.613s (2m 48s)  2% completed  (2% total)
     Speed:     ev/sec=236.964   simsec/sec=1   ev/simsec=236.964
     Messages:  created: 5318   present: 11   in FES: 7
** Event #43008   t=171.776626456051   Elapsed: 171.723s (2m 51s)  2% completed  (2% total)
     Speed:     ev/sec=246.97   simsec/sec=0.999999   ev/simsec=246.97
     Messages:  created: 5413   present: 9   in FES: 5
** Event #43776   t=174.253326933971   Elapsed: 174.199s (2m 54s)  2% completed  (2% total)
     Speed:     ev/sec=310.09   simsec/sec=1   ev/simsec=310.09
     Messages:  created: 5509   present: 9   in FES: 5
** Event #44288   t=176.675975649322   Elapsed: 176.622s (2m 56s)  2% completed  (2% total)
     Speed:     ev/sec=211.339   simsec/sec=1   ev/simsec=211.339
     Messages:  created: 5573   present: 10   in FES: 6
** Event #45056   t=179.207075862216   Elapsed: 179.153s (2m 59s)  2% completed  (2% total)
     Speed:     ev/sec=303.425   simsec/sec=1   ev/simsec=303.425
     Messages:  created: 5669   present: 9   in FES: 5
** Event #45824   t=181.847617083551   Elapsed: 181.794s (3m 01s)  2% completed  (2% total)
     Speed:     ev/sec=290.85   simsec/sec=1   ev/simsec=290.849
     Messages:  created: 5765   present: 11   in FES: 7
** Event #46592   t=184.104698903535   Elapsed: 184.051s (3m 04s)  2% completed  (2% total)
     Speed:     ev/sec=340.263   simsec/sec=1   ev/simsec=340.262
     Messages:  created: 5860   present: 9   in FES: 5
t=184.184963 executing setDimmer(0.9)
** Event #47616   t=186.558636694893   Elapsed: 186.505s (3m 06s)  2% completed  (2% total)
     Speed:     ev/sec=417.287   simsec/sec=0.999997   ev/simsec=417.288
     Messages:  created: 5993   present: 21   in FES: 8
** Event #48640   t=189.344722271622   Elapsed: 189.291s (3m 09s)  3% completed  (3% total)
     Speed:     ev/sec=367.54   simsec/sec=0.999999   ev/simsec=367.541
     Messages:  created: 6127   present: 39   in FES: 7
** Event #49152   t=191.678212383838   Elapsed: 191.649s (3m 11s)  3% completed  (3% total)
     Speed:     ev/sec=217.103   simsec/sec=0.989469   ev/simsec=219.414
     Messages:  created: 6180   present: 9   in FES: 5
** Event #49664   t=194.001453889618   Elapsed: 193.968s (3m 13s)  3% completed  (3% total)
     Speed:     ev/sec=220.739   simsec/sec=1.00162   ev/simsec=220.382
     Messages:  created: 6244   present: 9   in FES: 5
** Event #50176   t=196.069220194975   Elapsed: 196.044s (3m 16s)  3% completed  (3% total)
     Speed:     ev/sec=246.686   simsec/sec=0.996266   ev/simsec=247.61
     Messages:  created: 6308   present: 9   in FES: 5
** Event #50944   t=198.455054415095   Elapsed: 198.407s (3m 18s)  3% completed  (3% total)
     Speed:     ev/sec=325.055   simsec/sec=1.0098   ev/simsec=321.9
     Messages:  created: 6410   present: 25   in FES: 7
** Event #51968   t=201.470089276269   Elapsed: 201.416s (3m 21s)  3% completed  (3% total)
     Speed:     ev/sec=340.272   simsec/sec=1.00189   ev/simsec=339.631
     Messages:  created: 6533   present: 12   in FES: 6
** Event #52480   t=204.239536731973   Elapsed: 204.186s (3m 24s)  3% completed  (3% total)
     Speed:     ev/sec=184.824   simsec/sec=0.999729   ev/simsec=184.874
     Messages:  created: 6596   present: 9   in FES: 5
** Event #52992   t=206.830153397396   Elapsed: 206.776s (3m 26s)  3% completed  (3% total)
     Speed:     ev/sec=197.693   simsec/sec=1.00029   ev/simsec=197.636
     Messages:  created: 6662   present: 15   in FES: 8
** Event #53504   t=208.955749817502   Elapsed: 208.926s (3m 28s)  3% completed  (3% total)
     Speed:     ev/sec=238.128   simsec/sec=0.988604   ev/simsec=240.874
     Messages:  created: 6724   present: 9   in FES: 5
** Event #54016   t=211.065167397759   Elapsed: 211.011s (3m 31s)  3% completed  (3% total)
     Speed:     ev/sec=245.573   simsec/sec=1.01175   ev/simsec=242.721
     Messages:  created: 6792   present: 20   in FES: 8
** Event #55040   t=213.683193823678   Elapsed: 213.639s (3m 33s)  3% completed  (3% total)
     Speed:     ev/sec=389.726   simsec/sec=0.9964   ev/simsec=391.134
     Messages:  created: 6919   present: 17   in FES: 7
** Event #55808   t=216.812531242144   Elapsed: 216.759s (3m 36s)  3% completed  (3% total)
     Speed:     ev/sec=246.094   simsec/sec=1.00275   ev/simsec=245.419
     Messages:  created: 7012   present: 9   in FES: 5
** Event #56576   t=219.034490175976   Elapsed: 218.98s (3m 38s)  3% completed  (3% total)
     Speed:     ev/sec=345.778   simsec/sec=1.0004   ev/simsec=345.641
     Messages:  created: 7113   present: 21   in FES: 8
** Event #57088   t=221.354062512988   Elapsed: 221.3s (3m 41s)  3% completed  (3% total)
     Speed:     ev/sec=220.731   simsec/sec=1   ev/simsec=220.73
     Messages:  created: 7173   present: 11   in FES: 7
** Event #57856   t=224.146016307619   Elapsed: 224.095s (3m 44s)  3% completed  (3% total)
     Speed:     ev/sec=274.733   simsec/sec=0.998752   ev/simsec=275.076
     Messages:  created: 7268   present: 9   in FES: 5
** Event #58624   t=226.745784769701   Elapsed: 226.692s (3m 46s)  3% completed  (3% total)
     Speed:     ev/sec=295.808   simsec/sec=1.00134   ev/simsec=295.411
     Messages:  created: 7365   present: 12   in FES: 7
** Event #59392   t=229.264710736825   Elapsed: 229.217s (3m 49s)  3% completed  (3% total)
     Speed:     ev/sec=304.074   simsec/sec=0.997318   ev/simsec=304.892
     Messages:  created: 7460   present: 9   in FES: 5
** Event #60160   t=231.665752079458   Elapsed: 231.633s (3m 51s)  3% completed  (3% total)
     Speed:     ev/sec=317.964   simsec/sec=0.994069   ev/simsec=319.861
     Messages:  created: 7556   present: 9   in FES: 5
** Event #60672   t=233.863054240511   Elapsed: 233.827s (3m 53s)  3% completed  (3% total)
     Speed:     ev/sec=233.33   simsec/sec=1.00136   ev/simsec=233.013
     Messages:  created: 7623   present: 17   in FES: 7
** Event #61184   t=236.138642768626   Elapsed: 236.085s (3m 56s)  3% completed  (3% total)
     Speed:     ev/sec=226.803   simsec/sec=1.00803   ev/simsec=224.997
     Messages:  created: 7686   present: 13   in FES: 8
** Event #61696   t=238.329318424969   Elapsed: 238.275s (3m 58s)  3% completed  (3% total)
     Speed:     ev/sec=233.718   simsec/sec=1   ev/simsec=233.718
     Messages:  created: 7750   present: 13   in FES: 8
** Event #62208   t=241.289830196129   Elapsed: 241.236s (4m 01s)  3% completed  (3% total)
     Speed:     ev/sec=172.943   simsec/sec=1   ev/simsec=172.943
     Messages:  created: 7812   present: 10   in FES: 6
** Event #62976   t=243.590957266464   Elapsed: 243.537s (4m 03s)  3% completed  (3% total)
     Speed:     ev/sec=333.746   simsec/sec=0.99999   ev/simsec=333.749
     Messages:  created: 7921   present: 45   in FES: 8
t=244.450976 executing setDimmer(0.1)
** Event #63744   t=246.019308755918   Elapsed: 245.965s (4m 05s)  3% completed  (3% total)
     Speed:     ev/sec=316.266   simsec/sec=1.00001   ev/simsec=316.264
     Messages:  created: 8004   present: 10   in FES: 6
** Event #64512   t=249.00247982194   Elapsed: 248.948s (4m 08s)  3% completed  (3% total)
     Speed:     ev/sec=257.445   simsec/sec=1   ev/simsec=257.444
     Messages:  created: 8100   present: 10   in FES: 6
** Event #65280   t=251.937004707837   Elapsed: 251.886s (4m 11s)  3% completed  (3% total)
     Speed:     ev/sec=261.446   simsec/sec=0.998984   ev/simsec=261.712
     Messages:  created: 8196   present: 11   in FES: 6
** Event #66048   t=254.404072733132   Elapsed: 254.35s (4m 14s)  4% completed  (4% total)
     Speed:     ev/sec=311.677   simsec/sec=1.00121   ev/simsec=311.301
     Messages:  created: 8291   present: 9   in FES: 5
** Event #66816   t=256.632848610387   Elapsed: 256.579s (4m 16s)  4% completed  (4% total)
     Speed:     ev/sec=344.584   simsec/sec=1   ev/simsec=344.584
     Messages:  created: 8387   present: 9   in FES: 5
** Event #67584   t=259.565740491579   Elapsed: 259.512s (4m 19s)  4% completed  (4% total)
     Speed:     ev/sec=261.857   simsec/sec=0.999999   ev/simsec=261.858
     Messages:  created: 8483   present: 9   in FES: 5
** Event #68096   t=262.344051237068   Elapsed: 262.29s (4m 22s)  4% completed  (4% total)
     Speed:     ev/sec=184.285   simsec/sec=1   ev/simsec=184.285
     Messages:  created: 8547   present: 9   in FES: 5
** Event #68864   t=265.111365342126   Elapsed: 265.057s (4m 25s)  4% completed  (4% total)
     Speed:     ev/sec=277.525   simsec/sec=0.999998   ev/simsec=277.525
     Messages:  created: 8643   present: 9   in FES: 5
** Event #69376   t=268.773942204517   Elapsed: 268.72s (4m 28s)  4% completed  (4% total)
     Speed:     ev/sec=139.792   simsec/sec=1   ev/simsec=139.792
     Messages:  created: 8707   present: 9   in FES: 5
** Event #69888   t=271.895485945087   Elapsed: 271.841s (4m 31s)  4% completed  (4% total)
     Speed:     ev/sec=164.021   simsec/sec=1   ev/simsec=164.021
     Messages:  created: 8771   present: 9   in FES: 5
** Event #70144   t=274.323468595429   Elapsed: 274.269s (4m 34s)  4% completed  (4% total)
     Speed:     ev/sec=105.437   simsec/sec=1   ev/simsec=105.437
     Messages:  created: 8803   present: 9   in FES: 5
** Event #70656   t=276.879502255657   Elapsed: 276.825s (4m 36s)  4% completed  (4% total)
     Speed:     ev/sec=200.31   simsec/sec=0.999999   ev/simsec=200.31
     Messages:  created: 8868   present: 10   in FES: 6
** Event #71168   t=279.484811787562   Elapsed: 279.431s (4m 39s)  4% completed  (4% total)
     Speed:     ev/sec=196.522   simsec/sec=1   ev/simsec=196.522
     Messages:  created: 8931   present: 9   in FES: 5
** Event #71680   t=282.155781921227   Elapsed: 282.102s (4m 42s)  4% completed  (4% total)
     Speed:     ev/sec=191.691   simsec/sec=1   ev/simsec=191.691
     Messages:  created: 8995   present: 9   in FES: 5
** Event #72192   t=285.056109379283   Elapsed: 285.002s (4m 45s)  4% completed  (4% total)
     Speed:     ev/sec=176.532   simsec/sec=1   ev/simsec=176.532
     Messages:  created: 9059   present: 9   in FES: 5
** Event #72704   t=288.426628477637   Elapsed: 288.373s (4m 48s)  4% completed  (4% total)
     Speed:     ev/sec=151.906   simsec/sec=1   ev/simsec=151.905
     Messages:  created: 9123   present: 9   in FES: 5
** Event #73472   t=291.336424285221   Elapsed: 291.282s (4m 51s)  4% completed  (4% total)
     Speed:     ev/sec=263.936   simsec/sec=0.999999   ev/simsec=263.936
     Messages:  created: 9220   present: 10   in FES: 6
** Event #73984   t=293.870170262707   Elapsed: 293.816s (4m 53s)  4% completed  (4% total)
     Speed:     ev/sec=202.072   simsec/sec=1   ev/simsec=202.072
     Messages:  created: 9284   present: 10   in FES: 6
** Event #74752   t=296.406939368267   Elapsed: 296.353s (4m 56s)  4% completed  (4% total)
     Speed:     ev/sec=302.747   simsec/sec=1   ev/simsec=302.747
     Messages:  created: 9379   present: 9   in FES: 5
** Event #75264   t=299.250055451768   Elapsed: 299.196s (4m 59s)  4% completed  (4% total)
     Speed:     ev/sec=180.084   simsec/sec=1   ev/simsec=180.084
     Messages:  created: 9443   present: 9   in FES: 5
** Event #75520   t=301.800092910274   Elapsed: 301.746s (5m 01s)  4% completed  (4% total)
     Speed:     ev/sec=100.391   simsec/sec=0.999999   ev/simsec=100.391
     Messages:  created: 9475   present: 9   in FES: 5
t=302.796406 executing setDimmer(0.9)
** Event #75776   t=304.293230633679   Elapsed: 304.239s (5m 04s)  4% completed  (4% total)
     Speed:     ev/sec=102.682   simsec/sec=1   ev/simsec=102.682
     Messages:  created: 9507   present: 9   in FES: 5
** Event #76288   t=307.633128372981   Elapsed: 307.579s (5m 07s)  4% completed  (4% total)
     Speed:     ev/sec=153.298   simsec/sec=1   ev/simsec=153.298
     Messages:  created: 9571   present: 9   in FES: 5
** Event #76800   t=310.356565700379   Elapsed: 310.303s (5m 10s)  4% completed  (4% total)
     Speed:     ev/sec=187.998   simsec/sec=1   ev/simsec=187.998
     Messages:  created: 9635   present: 9   in FES: 5
** Event #77312   t=313.226080868404   Elapsed: 313.172s (5m 13s)  4% completed  (4% total)
     Speed:     ev/sec=178.427   simsec/sec=1   ev/simsec=178.427
     Messages:  created: 9699   present: 11   in FES: 7
** Event #77824   t=316.348720253403   Elapsed: 316.295s (5m 16s)  5% completed  (5% total)
     Speed:     ev/sec=163.964   simsec/sec=1   ev/simsec=163.964
     Messages:  created: 9763   present: 10   in FES: 6
** Event #78336   t=318.837714009014   Elapsed: 318.784s (5m 18s)  5% completed  (5% total)
     Speed:     ev/sec=205.706   simsec/sec=1   ev/simsec=205.706
     Messages:  created: 9827   present: 10   in FES: 6
** Event #78592   t=321.071459907625   Elapsed: 321.017s (5m 21s)  5% completed  (5% total)
     Speed:     ev/sec=114.606   simsec/sec=1   ev/simsec=114.606
     Messages:  created: 9860   present: 12   in FES: 8
** Event #79360   t=324.334439613184   Elapsed: 324.28s (5m 24s)  5% completed  (5% total)
     Speed:     ev/sec=235.367   simsec/sec=0.999997   ev/simsec=235.368
     Messages:  created: 9955   present: 10   in FES: 6
** Event #79872   t=327.147912937208   Elapsed: 327.097s (5m 27s)  5% completed  (5% total)
     Speed:     ev/sec=181.81   simsec/sec=0.999059   ev/simsec=181.981
     Messages:  created: 10020   present: 13   in FES: 7
** Event #80384   t=329.748625158894   Elapsed: 329.701s (5m 29s)  5% completed  (5% total)
     Speed:     ev/sec=196.568   simsec/sec=0.998471   ev/simsec=196.869
     Messages:  created: 10084   present: 13   in FES: 7
** Event #81152   t=332.105004817337   Elapsed: 332.051s (5m 32s)  5% completed  (5% total)
     Speed:     ev/sec=326.846   simsec/sec=1.00283   ev/simsec=325.924
     Messages:  created: 10180   present: 12   in FES: 6
** Event #81664   t=334.198134974632   Elapsed: 334.144s (5m 34s)  5% completed  (5% total)
     Speed:     ev/sec=244.609   simsec/sec=0.999999   ev/simsec=244.61
     Messages:  created: 10244   present: 12   in FES: 8
** Event #82176   t=336.827829647466   Elapsed: 336.798s (5m 36s)  5% completed  (5% total)
     Speed:     ev/sec=192.923   simsec/sec=0.990874   ev/simsec=194.699
     Messages:  created: 10308   present: 13   in FES: 7
** Event #82688   t=339.341026721651   Elapsed: 339.287s (5m 39s)  5% completed  (5% total)
     Speed:     ev/sec=205.707   simsec/sec=1.00973   ev/simsec=203.725
     Messages:  created: 10371   present: 10   in FES: 6
** Event #83200   t=342.471701265076   Elapsed: 342.418s (5m 42s)  5% completed  (5% total)
     Speed:     ev/sec=163.543   simsec/sec=1   ev/simsec=163.543
     Messages:  created: 10435   present: 9   in FES: 5
** Event #83712   t=345.537743985563   Elapsed: 345.484s (5m 45s)  5% completed  (5% total)
     Speed:     ev/sec=166.991   simsec/sec=1   ev/simsec=166.99
     Messages:  created: 10499   present: 9   in FES: 5
** Event #84224   t=349.06233398534   Elapsed: 349.008s (5m 49s)  5% completed  (5% total)
     Speed:     ev/sec=145.265   simsec/sec=0.999999   ev/simsec=145.265
     Messages:  created: 10565   present: 16   in FES: 8
** Event #84736   t=351.814405866017   Elapsed: 351.76s (5m 51s)  5% completed  (5% total)
     Speed:     ev/sec=186.041   simsec/sec=0.999999   ev/simsec=186.042
     Messages:  created: 10627   present: 10   in FES: 6
** Event #84992   t=354.122546533603   Elapsed: 354.068s (5m 54s)  5% completed  (5% total)
     Speed:     ev/sec=110.912   simsec/sec=1   ev/simsec=110.912
     Messages:  created: 10659   present: 11   in FES: 6
** Event #85248   t=356.163306387941   Elapsed: 356.109s (5m 56s)  5% completed  (5% total)
     Speed:     ev/sec=125.443   simsec/sec=1   ev/simsec=125.443
     Messages:  created: 10691   present: 10   in FES: 6
** Event #85760   t=358.791120270088   Elapsed: 358.737s (5m 58s)  5% completed  (5% total)
     Speed:     ev/sec=194.839   simsec/sec=1   ev/simsec=194.839
     Messages:  created: 10755   present: 9   in FES: 5
** Event #86528   t=361.144347879233   Elapsed: 361.09s (6m 01s)  5% completed  (5% total)
     Speed:     ev/sec=326.36   simsec/sec=0.999999   ev/simsec=326.36
     Messages:  created: 10850   present: 10   in FES: 6
t=363.20065 executing setDimmer(0.5)
** Event #87040   t=363.574725957787   Elapsed: 363.521s (6m 03s)  5% completed  (5% total)
     Speed:     ev/sec=210.667   simsec/sec=1   ev/simsec=210.667
     Messages:  created: 10915   present: 11   in FES: 7
** Event #87808   t=366.387013175271   Elapsed: 366.333s (6m 06s)  5% completed  (5% total)
     Speed:     ev/sec=273.087   simsec/sec=0.999999   ev/simsec=273.087
     Messages:  created: 11010   present: 10   in FES: 6
** Event #88576   t=369.834946758809   Elapsed: 369.781s (6m 09s)  5% completed  (5% total)
     Speed:     ev/sec=222.742   simsec/sec=1   ev/simsec=222.742
     Messages:  created: 11106   present: 10   in FES: 6
** Event #89088   t=371.953207678834   Elapsed: 371.899s (6m 11s)  5% completed  (5% total)
     Speed:     ev/sec=241.708   simsec/sec=0.999999   ev/simsec=241.708
     Messages:  created: 11170   present: 10   in FES: 6
** Event #89600   t=374.709003227701   Elapsed: 374.655s (6m 14s)  5% completed  (5% total)
     Speed:     ev/sec=185.79   simsec/sec=0.999999   ev/simsec=185.79
     Messages:  created: 11234   present: 9   in FES: 5
** Event #89856   t=377.356920147923   Elapsed: 377.303s (6m 17s)  5% completed  (5% total)
     Speed:     ev/sec=96.6817   simsec/sec=1.00002   ev/simsec=96.6798
     Messages:  created: 11266   present: 9   in FES: 5
** Event #90112   t=379.663199291395   Elapsed: 379.609s (6m 19s)  6% completed  (6% total)
     Speed:     ev/sec=110.999   simsec/sec=0.999975   ev/simsec=111.001
     Messages:  created: 11298   present: 10   in FES: 6
** Event #90624   t=382.461395488007   Elapsed: 382.407s (6m 22s)  6% completed  (6% total)
     Speed:     ev/sec=182.975   simsec/sec=1   ev/simsec=182.975
     Messages:  created: 11363   present: 11   in FES: 7
** Event #91136   t=384.498403343503   Elapsed: 384.444s (6m 24s)  6% completed  (6% total)
     Speed:     ev/sec=251.349   simsec/sec=1   ev/simsec=251.349
     Messages:  created: 11426   present: 9   in FES: 5
** Event #91904   t=388.169177784131   Elapsed: 388.115s (6m 28s)  6% completed  (6% total)
     Speed:     ev/sec=209.219   simsec/sec=0.999994   ev/simsec=209.22
     Messages:  created: 11522   present: 9   in FES: 5
** Event #92416   t=391.570528261656   Elapsed: 391.516s (6m 31s)  6% completed  (6% total)
     Speed:     ev/sec=150.529   simsec/sec=1.00001   ev/simsec=150.528
     Messages:  created: 11586   present: 10   in FES: 6
** Event #92928   t=394.964782662447   Elapsed: 394.911s (6m 34s)  6% completed  (6% total)
     Speed:     ev/sec=150.843   simsec/sec=1   ev/simsec=150.843
     Messages:  created: 11650   present: 9   in FES: 5
** Event #93440   t=398.226298062385   Elapsed: 398.172s (6m 38s)  6% completed  (6% total)
     Speed:     ev/sec=156.982   simsec/sec=0.999997   ev/simsec=156.982
     Messages:  created: 11714   present: 9   in FES: 5
** Event #93952   t=401.223297699233   Elapsed: 401.169s (6m 41s)  6% completed  (6% total)
     Speed:     ev/sec=170.838   simsec/sec=1   ev/simsec=170.838
     Messages:  created: 11778   present: 10   in FES: 6
** Event #94464   t=403.333560206458   Elapsed: 403.28s (6m 43s)  6% completed  (6% total)
     Speed:     ev/sec=242.624   simsec/sec=1   ev/simsec=242.624
     Messages:  created: 11842   present: 10   in FES: 6
** Event #94976   t=406.400002723339   Elapsed: 406.346s (6m 46s)  6% completed  (6% total)
     Speed:     ev/sec=166.963   simsec/sec=0.999963   ev/simsec=166.969
     Messages:  created: 11906   present: 9   in FES: 5
** Event #95488   t=409.132696212406   Elapsed: 409.079s (6m 49s)  6% completed  (6% total)
     Speed:     ev/sec=187.369   simsec/sec=1.00004   ev/simsec=187.361
     Messages:  created: 11970   present: 10   in FES: 6
** Event #96256   t=411.640020632757   Elapsed: 411.586s (6m 51s)  6% completed  (6% total)
     Speed:     ev/sec=306.302   simsec/sec=0.999999   ev/simsec=306.303
     Messages:  created: 12066   present: 9   in FES: 5
** Event #96768   t=413.828424880823   Elapsed: 413.774s (6m 53s)  6% completed  (6% total)
     Speed:     ev/sec=233.96   simsec/sec=1   ev/simsec=233.96
     Messages:  created: 12130   present: 9   in FES: 5
** Event #97792   t=416.628917186175   Elapsed: 416.575s (6m 56s)  6% completed  (6% total)
     Speed:     ev/sec=365.65   simsec/sec=1   ev/simsec=365.65
     Messages:  created: 12258   present: 10   in FES: 6
** Event #98304   t=418.941575626961   Elapsed: 418.888s (6m 58s)  6% completed  (6% total)
     Speed:     ev/sec=221.39   simsec/sec=0.999999   ev/simsec=221.39
     Messages:  created: 12322   present: 9   in FES: 5
** Event #99328   t=421.780078107786   Elapsed: 421.726s (7m 01s)  6% completed  (6% total)
     Speed:     ev/sec=360.754   simsec/sec=1   ev/simsec=360.754
     Messages:  created: 12449   present: 9   in FES: 5
t=422.616311 executing setDimmer(0.3)
** Event #99840   t=424.092519708214   Elapsed: 424.046s (7m 04s)  6% completed  (6% total)
     Speed:     ev/sec=220.699   simsec/sec=0.996782   ev/simsec=221.411
     Messages:  created: 12513   present: 9   in FES: 5
** Event #100352   t=427.101484319152   Elapsed: 427.049s (7m 07s)  6% completed  (6% total)
     Speed:     ev/sec=170.51   simsec/sec=1.00207   ev/simsec=170.158
     Messages:  created: 12577   present: 9   in FES: 5
** Event #100864   t=430.317874082286   Elapsed: 430.264s (7m 10s)  6% completed  (6% total)
     Speed:     ev/sec=159.228   simsec/sec=1.00027   ev/simsec=159.185
     Messages:  created: 12641   present: 9   in FES: 5
** Event #101376   t=432.635769457647   Elapsed: 432.582s (7m 12s)  6% completed  (6% total)
     Speed:     ev/sec=220.926   simsec/sec=1.00016   ev/simsec=220.89
     Messages:  created: 12706   present: 12   in FES: 8
** Event #102144   t=435.486575555658   Elapsed: 435.453s (7m 15s)  6% completed  (6% total)
     Speed:     ev/sec=267.48   simsec/sec=0.992882   ev/simsec=269.397
     Messages:  created: 12801   present: 9   in FES: 5
** Event #102656   t=438.085348319363   Elapsed: 438.034s (7m 18s)  6% completed  (6% total)
     Speed:     ev/sec=198.346   simsec/sec=1.00675   ev/simsec=197.016
     Messages:  created: 12865   present: 9   in FES: 5
** Event #103168   t=440.709472765705   Elapsed: 440.656s (7m 20s)  6% completed  (6% total)
     Speed:     ev/sec=195.285   simsec/sec=1.00088   ev/simsec=195.113
     Messages:  created: 12929   present: 9   in FES: 5
** Event #103680   t=443.383938844935   Elapsed: 443.332s (7m 23s)  7% completed  (7% total)
     Speed:     ev/sec=191.352   simsec/sec=0.999538   ev/simsec=191.44
     Messages:  created: 12993   present: 9   in FES: 5
** Event #104192   t=446.088002701093   Elapsed: 446.048s (7m 26s)  7% completed  (7% total)
     Speed:     ev/sec=188.527   simsec/sec=0.995683   ev/simsec=189.345
     Messages:  created: 13057   present: 9   in FES: 5
** Event #104960   t=448.682061556594   Elapsed: 448.63s (7m 28s)  7% completed  (7% total)
     Speed:     ev/sec=297.372   simsec/sec=1.00443   ev/simsec=296.061
     Messages:  created: 13153   present: 9   in FES: 5
** Event #105472   t=450.74035983882   Elapsed: 450.689s (7m 30s)  7% completed  (7% total)
     Speed:     ev/sec=248.641   simsec/sec=0.999565   ev/simsec=248.749
     Messages:  created: 13217   present: 9   in FES: 5
** Event #105984   t=453.029026655886   Elapsed: 452.976s (7m 32s)  7% completed  (7% total)
     Speed:     ev/sec=223.912   simsec/sec=1.0009   ev/simsec=223.711
     Messages:  created: 13281   present: 9   in FES: 5
** Event #106496   t=456.188056730755   Elapsed: 456.134s (7m 36s)  7% completed  (7% total)
     Speed:     ev/sec=162.114   simsec/sec=1.00024   ev/simsec=162.075
     Messages:  created: 13345   present: 9   in FES: 5
** Event #107008   t=458.97203412307   Elapsed: 458.92s (7m 38s)  7% completed  (7% total)
     Speed:     ev/sec=183.809   simsec/sec=0.999451   ev/simsec=183.91
     Messages:  created: 13409   present: 9   in FES: 5
** Event #107264   t=461.16223622854   Elapsed: 461.11s (7m 41s)  7% completed  (7% total)
     Speed:     ev/sec=116.895   simsec/sec=1.00009   ev/simsec=116.884
     Messages:  created: 13441   present: 9   in FES: 5
** Event #107520   t=463.216259319049   Elapsed: 463.165s (7m 43s)  7% completed  (7% total)
     Speed:     ev/sec=124.581   simsec/sec=0.999576   ev/simsec=124.633
     Messages:  created: 13473   present: 9   in FES: 5
** Event #107776   t=465.404089393526   Elapsed: 465.351s (7m 45s)  7% completed  (7% total)
     Speed:     ev/sec=117.111   simsec/sec=1.00086   ev/simsec=117.011
     Messages:  created: 13505   present: 9   in FES: 5
** Event #108288   t=469.651772130628   Elapsed: 469.624s (7m 49s)  7% completed  (7% total)
     Speed:     ev/sec=119.816   simsec/sec=0.994022   ev/simsec=120.536
     Messages:  created: 13569   present: 9   in FES: 5
** Event #108800   t=472.046961290438   Elapsed: 471.994s (7m 51s)  7% completed  (7% total)
     Speed:     ev/sec=216.048   simsec/sec=1.0107   ev/simsec=213.762
     Messages:  created: 13633   present: 9   in FES: 5
** Event #109312   t=475.443069611109   Elapsed: 475.39s (7m 55s)  7% completed  (7% total)
     Speed:     ev/sec=150.763   simsec/sec=1.00001   ev/simsec=150.761
     Messages:  created: 13697   present: 9   in FES: 5
** Event #109824   t=479.07683691042   Elapsed: 479.054s (7m 59s)  7% completed  (7% total)
     Speed:     ev/sec=139.712   simsec/sec=0.991565   ev/simsec=140.901
     Messages:  created: 13761   present: 9   in FES: 5
** Event #110592   t=482.528249346225   Elapsed: 482.499s (8m 02s)  7% completed  (7% total)
     Speed:     ev/sec=222.987   simsec/sec=1.00211   ev/simsec=222.518
     Messages:  created: 13856   present: 8   in FES: 4
t=483.179384 executing setDimmer(0.9)
** Event #111104   t=486.608319806081   Elapsed: 486.57s (8m 06s)  7% completed  (7% total)
     Speed:     ev/sec=125.763   simsec/sec=1.00219   ev/simsec=125.488
     Messages:  created: 13921   present: 11   in FES: 6
** Event #111616   t=490.287875951584   Elapsed: 490.234s (8m 10s)  7% completed  (7% total)
     Speed:     ev/sec=139.737   simsec/sec=1.00424   ev/simsec=139.147
     Messages:  created: 13985   present: 10   in FES: 6
** Event #112384   t=493.319290646023   Elapsed: 493.266s (8m 13s)  7% completed  (7% total)
     Speed:     ev/sec=253.245   simsec/sec=0.999597   ev/simsec=253.347
     Messages:  created: 14081   present: 11   in FES: 7
** Event #113152   t=496.436752907613   Elapsed: 496.383s (8m 16s)  7% completed  (7% total)
     Speed:     ev/sec=246.45   simsec/sec=1.00039   ev/simsec=246.354
     Messages:  created: 14178   present: 14   in FES: 8
** Event #113664   t=498.947641379653   Elapsed: 498.894s (8m 18s)  7% completed  (7% total)
     Speed:     ev/sec=203.912   simsec/sec=1   ev/simsec=203.912
     Messages:  created: 14240   present: 9   in FES: 5
** Event #114176   t=502.063877432204   Elapsed: 502.01s (8m 22s)  7% completed  (7% total)
     Speed:     ev/sec=164.301   simsec/sec=1   ev/simsec=164.301
     Messages:  created: 14304   present: 9   in FES: 5
** Event #114688   t=505.69567815242   Elapsed: 505.642s (8m 25s)  8% completed  (8% total)
     Speed:     ev/sec=140.977   simsec/sec=0.999997   ev/simsec=140.977
     Messages:  created: 14368   present: 9   in FES: 5
** Event #114944   t=507.990565300417   Elapsed: 507.937s (8m 27s)  8% completed  (8% total)
     Speed:     ev/sec=111.552   simsec/sec=1   ev/simsec=111.552
     Messages:  created: 14400   present: 9   in FES: 5
** Event #115456   t=510.844915160307   Elapsed: 510.83s (8m 30s)  8% completed  (8% total)
     Speed:     ev/sec=176.973   simsec/sec=0.986609   ev/simsec=179.375
     Messages:  created: 14465   present: 11   in FES: 6
** Event #116224   t=513.377984847543   Elapsed: 513.324s (8m 33s)  8% completed  (8% total)
     Speed:     ev/sec=307.899   simsec/sec=1.01553   ev/simsec=303.189
     Messages:  created: 14561   present: 10   in FES: 6
** Event #116736   t=515.542632373397   Elapsed: 515.498s (8m 35s)  8% completed  (8% total)
     Speed:     ev/sec=235.517   simsec/sec=0.995726   ev/simsec=236.528
     Messages:  created: 14625   present: 11   in FES: 7
** Event #117248   t=518.280057683701   Elapsed: 518.226s (8m 38s)  8% completed  (8% total)
     Speed:     ev/sec=187.673   simsec/sec=1.0034   ev/simsec=187.037
     Messages:  created: 14691   present: 16   in FES: 7
** Event #117760   t=520.762821639583   Elapsed: 520.709s (8m 40s)  8% completed  (8% total)
     Speed:     ev/sec=206.223   simsec/sec=1.00001   ev/simsec=206.222
     Messages:  created: 14752   present: 9   in FES: 5
** Event #118272   t=522.98000754472   Elapsed: 522.936s (8m 42s)  8% completed  (8% total)
     Speed:     ev/sec=229.908   simsec/sec=0.995603   ev/simsec=230.923
     Messages:  created: 14817   present: 11   in FES: 6
** Event #118784   t=525.428044569692   Elapsed: 525.374s (8m 45s)  8% completed  (8% total)
     Speed:     ev/sec=209.987   simsec/sec=1.00401   ev/simsec=209.147
     Messages:  created: 14881   present: 10   in FES: 6
** Event #119296   t=527.883421263736   Elapsed: 527.829s (8m 47s)  8% completed  (8% total)
     Speed:     ev/sec=208.522   simsec/sec=1   ev/simsec=208.522
     Messages:  created: 14945   present: 10   in FES: 6
** Event #119808   t=530.41017950019   Elapsed: 530.356s (8m 50s)  8% completed  (8% total)
     Speed:     ev/sec=202.631   simsec/sec=1   ev/simsec=202.631
     Messages:  created: 15008   present: 9   in FES: 5
** Event #120320   t=533.463316893009   Elapsed: 533.409s (8m 53s)  8% completed  (8% total)
     Speed:     ev/sec=167.696   simsec/sec=1   ev/simsec=167.696
     Messages:  created: 15072   present: 9   in FES: 5
** Event #121088   t=535.9950262981   Elapsed: 535.966s (8m 55s)  8% completed  (8% total)
     Speed:     ev/sec=300.384   simsec/sec=0.990213   ev/simsec=303.352
     Messages:  created: 15169   present: 11   in FES: 7
** Event #121600   t=538.131689697619   Elapsed: 538.078s (8m 58s)  8% completed  (8% total)
     Speed:     ev/sec=242.466   simsec/sec=1.01185   ev/simsec=239.626
     Messages:  created: 15232   present: 9   in FES: 5
** Event #122112   t=540.892794566484   Elapsed: 540.839s (9m 00s)  8% completed  (8% total)
     Speed:     ev/sec=185.433   simsec/sec=0.999998   ev/simsec=185.433
     Messages:  created: 15296   present: 9   in FES: 5
t=542.898189 executing removeServer()
scheduled complete remove at 542.898189
** Event #122880   t=544.059285168136   Elapsed: 544.005s (9m 04s)  8% completed  (8% total)
     Speed:     ev/sec=242.54   simsec/sec=1   ev/simsec=242.54
     Messages:  created: 15395   present: 13   in FES: 7
** Event #123392   t=546.661344487528   Elapsed: 546.625s (9m 06s)  8% completed  (8% total)
     Speed:     ev/sec=195.429   simsec/sec=0.993197   ev/simsec=196.767
     Messages:  created: 15457   present: 7   in FES: 4
** Event #123904   t=548.701784035463   Elapsed: 548.648s (9m 08s)  8% completed  (8% total)
     Speed:     ev/sec=253.137   simsec/sec=1.00881   ev/simsec=250.926
     Messages:  created: 15524   present: 14   in FES: 7
** Event #124416   t=550.843219041445   Elapsed: 550.789s (9m 10s)  8% completed  (8% total)
     Speed:     ev/sec=239.092   simsec/sec=1   ev/simsec=239.092
     Messages:  created: 15588   present: 14   in FES: 7
** Event #125184   t=553.592185793127   Elapsed: 553.538s (9m 13s)  8% completed  (8% total)
     Speed:     ev/sec=279.378   simsec/sec=1   ev/simsec=279.378
     Messages:  created: 15682   present: 10   in FES: 7
** Event #125696   t=556.136735099892   Elapsed: 556.083s (9m 16s)  8% completed  (8% total)
     Speed:     ev/sec=201.214   simsec/sec=0.999999   ev/simsec=201.214
     Messages:  created: 15746   present: 9   in FES: 6
** Event #126208   t=558.940537623982   Elapsed: 558.886s (9m 18s)  8% completed  (8% total)
     Speed:     ev/sec=182.609   simsec/sec=1   ev/simsec=182.609
     Messages:  created: 15810   present: 10   in FES: 7
** Event #126720   t=561.807521780762   Elapsed: 561.753s (9m 21s)  8% completed  (8% total)
     Speed:     ev/sec=178.585   simsec/sec=1   ev/simsec=178.585
     Messages:  created: 15875   present: 11   in FES: 7
** Event #127232   t=564.224680193816   Elapsed: 564.193s (9m 24s)  8% completed  (8% total)
     Speed:     ev/sec=209.839   simsec/sec=0.990655   ev/simsec=211.819
     Messages:  created: 15937   present: 7   in FES: 4
** Event #128000   t=566.271135660811   Elapsed: 566.217s (9m 26s)  8% completed  (8% total)
     Speed:     ev/sec=379.512   simsec/sec=1.01127   ev/simsec=375.283
     Messages:  created: 16038   present: 21   in FES: 7
** Event #128512   t=568.845042797366   Elapsed: 568.791s (9m 28s)  9% completed  (9% total)
     Speed:     ev/sec=198.919   simsec/sec=1   ev/simsec=198.919
     Messages:  created: 16098   present: 9   in FES: 6
** Event #129024   t=571.265573782751   Elapsed: 571.256s (9m 31s)  9% completed  (9% total)
     Speed:     ev/sec=207.671   simsec/sec=0.981787   ev/simsec=211.524
     Messages:  created: 16164   present: 15   in FES: 6
** Event #129792   t=573.3096606061   Elapsed: 573.259s (9m 33s)  9% completed  (9% total)
     Speed:     ev/sec=383.449   simsec/sec=1.02058   ev/simsec=375.718
     Messages:  created: 16260   present: 15   in FES: 6
** Event #130304   t=576.693829454052   Elapsed: 576.64s (9m 36s)  9% completed  (9% total)
     Speed:     ev/sec=151.458   simsec/sec=1.00109   ev/simsec=151.293
     Messages:  created: 16322   present: 9   in FES: 6
** Event #131072   t=578.982700962832   Elapsed: 578.929s (9m 38s)  9% completed  (9% total)
     Speed:     ev/sec=335.537   simsec/sec=1   ev/simsec=335.537
     Messages:  created: 16423   present: 22   in FES: 7
** Event #131328   t=581.108216435334   Elapsed: 581.175s (9m 41s)  9% completed  (9% total)
     Speed:     ev/sec=113.972   simsec/sec=0.946285   ev/simsec=120.441
     Messages:  created: 16449   present: 7   in FES: 4
** Event #131584   t=583.57473108539   Elapsed: 583.601s (9m 43s)  9% completed  (9% total)
     Speed:     ev/sec=105.53   simsec/sec=1.01676   ev/simsec=103.79
     Messages:  created: 16481   present: 7   in FES: 4
** Event #132096   t=588.034186767037   Elapsed: 587.98s (9m 47s)  9% completed  (9% total)
     Speed:     ev/sec=116.909   simsec/sec=1.01826   ev/simsec=114.812
     Messages:  created: 16546   present: 10   in FES: 7
** Event #132608   t=590.956536057869   Elapsed: 590.902s (9m 50s)  9% completed  (9% total)
     Speed:     ev/sec=175.201   simsec/sec=0.999999   ev/simsec=175.202
     Messages:  created: 16611   present: 12   in FES: 7
** Event #133120   t=593.249504096823   Elapsed: 593.208s (9m 53s)  9% completed  (9% total)
     Speed:     ev/sec=222.121   simsec/sec=0.994756   ev/simsec=223.291
     Messages:  created: 16673   present: 7   in FES: 4
** Event #133632   t=595.875525991843   Elapsed: 595.885s (9m 55s)  9% completed  (9% total)
     Speed:     ev/sec=191.208   simsec/sec=0.980698   ev/simsec=194.972
     Messages:  created: 16737   present: 7   in FES: 4
** Event #134400   t=599.257809662512   Elapsed: 599.256s (9m 59s)  9% completed  (9% total)
     Speed:     ev/sec=227.858   simsec/sec=1.00349   ev/simsec=227.066
     Messages:  created: 16833   present: 7   in FES: 4
** Event #134912   t=603.61969125915   Elapsed: 603.566s (10m 03s)  9% completed  (9% total)
     Speed:     ev/sec=118.797   simsec/sec=1.01207   ev/simsec=117.381
     Messages:  created: 16897   present: 8   in FES: 5
t=603.662552 executing setDimmer(0.3)
** Event #135424   t=606.268817599035   Elapsed: 606.216s (10m 06s)  9% completed  (9% total)
     Speed:     ev/sec=193.182   simsec/sec=0.999538   ev/simsec=193.271
     Messages:  created: 16961   present: 9   in FES: 5
** Event #135936   t=608.980899354051   Elapsed: 608.927s (10m 08s)  9% completed  (9% total)
     Speed:     ev/sec=188.868   simsec/sec=1.00044   ev/simsec=188.785
     Messages:  created: 17025   present: 8   in FES: 5
** Event #136448   t=612.487492954138   Elapsed: 612.433s (10m 12s)  9% completed  (9% total)
     Speed:     ev/sec=146.012   simsec/sec=1.00001   ev/simsec=146.011
     Messages:  created: 17089   present: 8   in FES: 5
** Event #136960   t=615.525919085588   Elapsed: 615.472s (10m 15s)  9% completed  (9% total)
     Speed:     ev/sec=168.508   simsec/sec=0.999999   ev/simsec=168.508
     Messages:  created: 17153   present: 8   in FES: 5
** Event #137472   t=617.66194354317   Elapsed: 617.608s (10m 17s)  9% completed  (9% total)
     Speed:     ev/sec=239.698   simsec/sec=1   ev/simsec=239.698
     Messages:  created: 17217   present: 8   in FES: 5
** Event #138240   t=620.850907418865   Elapsed: 620.797s (10m 20s)  9% completed  (9% total)
     Speed:     ev/sec=240.83   simsec/sec=0.999999   ev/simsec=240.831
     Messages:  created: 17313   present: 8   in FES: 5
** Event #139008   t=623.122936819268   Elapsed: 623.076s (10m 23s)  9% completed  (9% total)
     Speed:     ev/sec=336.913   simsec/sec=0.996713   ev/simsec=338.024
     Messages:  created: 17409   present: 9   in FES: 6
** Event #139520   t=625.221654543809   Elapsed: 625.168s (10m 25s)  9% completed  (9% total)
     Speed:     ev/sec=244.829   simsec/sec=1.00357   ev/simsec=243.958
     Messages:  created: 17473   present: 8   in FES: 5
** Event #140288   t=627.5863663124   Elapsed: 627.532s (10m 27s)  9% completed  (9% total)
     Speed:     ev/sec=324.779   simsec/sec=1.00001   ev/simsec=324.775
     Messages:  created: 17569   present: 8   in FES: 5
** Event #140800   t=630.183446411517   Elapsed: 630.158s (10m 30s)  10% completed  (10% total)
     Speed:     ev/sec=195.031   simsec/sec=0.98928   ev/simsec=197.144
     Messages:  created: 17633   present: 9   in FES: 5
** Event #141312   t=632.838730227341   Elapsed: 632.785s (10m 32s)  10% completed  (10% total)
     Speed:     ev/sec=194.889   simsec/sec=1.01071   ev/simsec=192.823
     Messages:  created: 17697   present: 8   in FES: 5
** Event #141824   t=637.178715877488   Elapsed: 637.125s (10m 37s)  10% completed  (10% total)
     Speed:     ev/sec=117.969   simsec/sec=0.999968   ev/simsec=117.973
     Messages:  created: 17761   present: 8   in FES: 5
** Event #142080   t=639.378462494245   Elapsed: 639.324s (10m 39s)  10% completed  (10% total)
     Speed:     ev/sec=116.384   simsec/sec=1.00006   ev/simsec=116.377
     Messages:  created: 17793   present: 8   in FES: 5
** Event #142592   t=642.851726080443   Elapsed: 642.798s (10m 42s)  10% completed  (10% total)
     Speed:     ev/sec=147.41   simsec/sec=0.999988   ev/simsec=147.412
     Messages:  created: 17857   present: 8   in FES: 5
** Event #143104   t=646.013119419203   Elapsed: 645.959s (10m 45s)  10% completed  (10% total)
     Speed:     ev/sec=161.957   simsec/sec=1.00002   ev/simsec=161.954
     Messages:  created: 17921   present: 8   in FES: 5
** Event #143616   t=649.239805947509   Elapsed: 649.186s (10m 49s)  10% completed  (10% total)
     Speed:     ev/sec=158.677   simsec/sec=1   ev/simsec=158.677
     Messages:  created: 17985   present: 8   in FES: 5
** Event #144128   t=651.896467004244   Elapsed: 651.843s (10m 51s)  10% completed  (10% total)
     Speed:     ev/sec=192.661   simsec/sec=0.999679   ev/simsec=192.723
     Messages:  created: 18049   present: 9   in FES: 5
** Event #144640   t=654.876340903113   Elapsed: 654.822s (10m 54s)  10% completed  (10% total)
     Speed:     ev/sec=171.869   simsec/sec=1.00029   ev/simsec=171.819
     Messages:  created: 18113   present: 8   in FES: 5
** Event #145152   t=657.78397834088   Elapsed: 657.73s (10m 57s)  10% completed  (10% total)
     Speed:     ev/sec=176.088   simsec/sec=1   ev/simsec=176.088
     Messages:  created: 18177   present: 8   in FES: 5
** Event #145664   t=659.89227805913   Elapsed: 659.839s (10m 59s)  10% completed  (10% total)
     Speed:     ev/sec=242.72   simsec/sec=0.999467   ev/simsec=242.85
     Messages:  created: 18241   present: 9   in FES: 6
** Event #146432   t=662.203566024424   Elapsed: 662.151s (11m 02s)  10% completed  (10% total)
     Speed:     ev/sec=332.285   simsec/sec=1.00001   ev/simsec=332.282
     Messages:  created: 18336   present: 8   in FES: 5
t=663.260543 executing setDimmer(0.7)
** Event #146944   t=665.000810539063   Elapsed: 664.947s (11m 04s)  10% completed  (10% total)
     Speed:     ev/sec=183.11   simsec/sec=1.0004   ev/simsec=183.037
     Messages:  created: 18400   present: 8   in FES: 5
** Event #147456   t=667.852559673259   Elapsed: 667.799s (11m 07s)  10% completed  (10% total)
     Speed:     ev/sec=179.539   simsec/sec=1   ev/simsec=179.539
     Messages:  created: 18466   present: 13   in FES: 7
** Event #147968   t=670.420899707068   Elapsed: 670.367s (11m 10s)  10% completed  (10% total)
     Speed:     ev/sec=199.349   simsec/sec=0.999995   ev/simsec=199.351
     Messages:  created: 18528   present: 8   in FES: 5
** Event #148480   t=672.621620545717   Elapsed: 672.568s (11m 12s)  10% completed  (10% total)
     Speed:     ev/sec=232.653   simsec/sec=1.00001   ev/simsec=232.651
     Messages:  created: 18593   present: 10   in FES: 7
** Event #148992   t=674.961596163482   Elapsed: 674.908s (11m 14s)  10% completed  (10% total)
     Speed:     ev/sec=218.805   simsec/sec=0.999999   ev/simsec=218.806
     Messages:  created: 18657   present: 10   in FES: 6
** Event #149504   t=677.457550592744   Elapsed: 677.403s (11m 17s)  10% completed  (10% total)
     Speed:     ev/sec=205.132   simsec/sec=1   ev/simsec=205.132
     Messages:  created: 18723   present: 15   in FES: 7
** Event #150016   t=679.678927086011   Elapsed: 679.631s (11m 19s)  10% completed  (10% total)
     Speed:     ev/sec=229.866   simsec/sec=0.997305   ev/simsec=230.488
     Messages:  created: 18785   present: 11   in FES: 6
** Event #150784   t=683.357685238457   Elapsed: 683.304s (11m 23s)  10% completed  (10% total)
     Speed:     ev/sec=209.107   simsec/sec=1.00163   ev/simsec=208.766
     Messages:  created: 18880   present: 8   in FES: 5
** Event #151296   t=686.868649572528   Elapsed: 686.815s (11m 26s)  10% completed  (10% total)
     Speed:     ev/sec=145.829   simsec/sec=1   ev/simsec=145.829
     Messages:  created: 18945   present: 10   in FES: 7
** Event #151552   t=689.10531832805   Elapsed: 689.051s (11m 29s)  10% completed  (10% total)
     Speed:     ev/sec=114.454   simsec/sec=0.999979   ev/simsec=114.456
     Messages:  created: 18976   present: 8   in FES: 5
** Event #151808   t=692.132812969792   Elapsed: 692.079s (11m 32s)  10% completed  (10% total)
     Speed:     ev/sec=84.5595   simsec/sec=1.00001   ev/simsec=84.5584
     Messages:  created: 19008   present: 8   in FES: 5
** Event #152320   t=694.64948490848   Elapsed: 694.595s (11m 34s)  11% completed  (11% total)
     Speed:     ev/sec=203.443   simsec/sec=1   ev/simsec=203.443
     Messages:  created: 19072   present: 8   in FES: 5
** Event #152832   t=696.729591134708   Elapsed: 696.676s (11m 36s)  11% completed  (11% total)
     Speed:     ev/sec=246.141   simsec/sec=0.999999   ev/simsec=246.141
     Messages:  created: 19139   present: 15   in FES: 7
** Event #153344   t=699.407324370562   Elapsed: 699.353s (11m 39s)  11% completed  (11% total)
     Speed:     ev/sec=191.206   simsec/sec=0.999997   ev/simsec=191.207
     Messages:  created: 19200   present: 9   in FES: 6
** Event #154112   t=702.146810660403   Elapsed: 702.094s (11m 42s)  11% completed  (11% total)
     Speed:     ev/sec=280.23   simsec/sec=0.999593   ev/simsec=280.345
     Messages:  created: 19297   present: 11   in FES: 6
** Event #154624   t=704.974272823003   Elapsed: 704.92s (11m 44s)  11% completed  (11% total)
     Speed:     ev/sec=181.154   simsec/sec=1.0004   ev/simsec=181.081
     Messages:  created: 19360   present: 9   in FES: 6
** Event #155136   t=708.956707041803   Elapsed: 708.903s (11m 48s)  11% completed  (11% total)
     Speed:     ev/sec=128.565   simsec/sec=1   ev/simsec=128.565
     Messages:  created: 19424   present: 9   in FES: 6
** Event #155392   t=711.163966278961   Elapsed: 711.11s (11m 51s)  11% completed  (11% total)
     Speed:     ev/sec=115.975   simsec/sec=0.999953   ev/simsec=115.981
     Messages:  created: 19456   present: 8   in FES: 5
** Event #155904   t=713.426400116888   Elapsed: 713.372s (11m 53s)  11% completed  (11% total)
     Speed:     ev/sec=226.315   simsec/sec=1.00004   ev/simsec=226.305
     Messages:  created: 19521   present: 10   in FES: 7
** Event #156416   t=716.519092589829   Elapsed: 716.465s (11m 56s)  11% completed  (11% total)
     Speed:     ev/sec=165.552   simsec/sec=1   ev/simsec=165.552
     Messages:  created: 19584   present: 9   in FES: 6
** Event #156928   t=719.12349448311   Elapsed: 719.069s (11m 59s)  11% completed  (11% total)
     Speed:     ev/sec=196.59   simsec/sec=1   ev/simsec=196.59
     Messages:  created: 19648   present: 8   in FES: 5
** Event #157440   t=722.391151601018   Elapsed: 722.337s (12m 02s)  11% completed  (11% total)
     Speed:     ev/sec=156.687   simsec/sec=1   ev/simsec=156.687
     Messages:  created: 19711   present: 8   in FES: 5
t=724.185661 executing removeServer()
scheduled complete remove at 724.24771598638
** Event #157952   t=725.31864032035   Elapsed: 725.278s (12m 05s)  11% completed  (11% total)
     Speed:     ev/sec=174.094   simsec/sec=0.995429   ev/simsec=174.894
     Messages:  created: 19777   present: 7   in FES: 5
** Event #158464   t=728.703329315348   Elapsed: 728.65s (12m 08s)  11% completed  (11% total)
     Speed:     ev/sec=151.833   simsec/sec=1.00373   ev/simsec=151.269
     Messages:  created: 19841   present: 7   in FES: 5
** Event #158976   t=731.397799019597   Elapsed: 731.36s (12m 11s)  11% completed  (11% total)
     Speed:     ev/sec=188.948   simsec/sec=0.994366   ev/simsec=190.019
     Messages:  created: 19905   present: 7   in FES: 5
** Event #159488   t=733.946333185009   Elapsed: 733.904s (12m 13s)  11% completed  (11% total)
     Speed:     ev/sec=201.285   simsec/sec=1.00192   ev/simsec=200.9
     Messages:  created: 19972   present: 15   in FES: 5
** Event #160256   t=737.181304639427   Elapsed: 737.127s (12m 17s)  11% completed  (11% total)
     Speed:     ev/sec=238.235   simsec/sec=1.00349   ev/simsec=237.405
     Messages:  created: 20067   present: 13   in FES: 6
** Event #161024   t=739.616741047474   Elapsed: 739.563s (12m 19s)  11% completed  (11% total)
     Speed:     ev/sec=315.344   simsec/sec=0.999999   ev/simsec=315.344
     Messages:  created: 20169   present: 28   in FES: 6
** Event #161792   t=742.276040981842   Elapsed: 742.222s (12m 22s)  11% completed  (11% total)
     Speed:     ev/sec=288.798   simsec/sec=1   ev/simsec=288.798
     Messages:  created: 20272   present: 46   in FES: 6
** Event #162560   t=745.027645396501   Elapsed: 744.976s (12m 24s)  11% completed  (11% total)
     Speed:     ev/sec=278.829   simsec/sec=0.998994   ev/simsec=279.11
     Messages:  created: 20365   present: 39   in FES: 5
** Event #163328   t=747.921523926099   Elapsed: 747.867s (12m 27s)  11% completed  (11% total)
     Speed:     ev/sec=265.642   simsec/sec=1.00096   ev/simsec=265.388
     Messages:  created: 20474   present: 74   in FES: 6
** Event #163840   t=750.194105021679   Elapsed: 750.14s (12m 30s)  11% completed  (11% total)
     Speed:     ev/sec=225.295   simsec/sec=1   ev/simsec=225.294
     Messages:  created: 20534   present: 62   in FES: 6
** Event #164608   t=752.901924114777   Elapsed: 752.848s (12m 32s)  11% completed  (11% total)
     Speed:     ev/sec=283.623   simsec/sec=0.999998   ev/simsec=283.623
     Messages:  created: 20620   present: 36   in FES: 6
** Event #165120   t=755.271540597478   Elapsed: 755.217s (12m 35s)  11% completed  (11% total)
     Speed:     ev/sec=216.069   simsec/sec=1   ev/simsec=216.069
     Messages:  created: 20675   present: 11   in FES: 6
** Event #165888   t=758.141725801834   Elapsed: 758.092s (12m 38s)  12% completed  (12% total)
     Speed:     ev/sec=267.158   simsec/sec=0.998427   ev/simsec=267.579
     Messages:  created: 20769   present: 7   in FES: 5
** Event #166400   t=760.559712473662   Elapsed: 760.519s (12m 40s)  12% completed  (12% total)
     Speed:     ev/sec=210.973   simsec/sec=0.996349   ev/simsec=211.746
     Messages:  created: 20833   present: 7   in FES: 5
** Event #166912   t=763.503574975385   Elapsed: 763.484s (12m 43s)  12% completed  (12% total)
     Speed:     ev/sec=172.68   simsec/sec=0.992862   ev/simsec=173.921
     Messages:  created: 20897   present: 7   in FES: 5
** Event #167168   t=766.958930193691   Elapsed: 766.905s (12m 46s)  12% completed  (12% total)
     Speed:     ev/sec=74.8362   simsec/sec=1.0101   ev/simsec=74.0879
     Messages:  created: 20930   present: 10   in FES: 6
** Event #167424   t=769.067116044056   Elapsed: 769.051s (12m 49s)  12% completed  (12% total)
     Speed:     ev/sec=119.266   simsec/sec=0.982166   ev/simsec=121.431
     Messages:  created: 20961   present: 7   in FES: 5
** Event #167936   t=773.22680999896   Elapsed: 773.173s (12m 53s)  12% completed  (12% total)
     Speed:     ev/sec=124.229   simsec/sec=1.00929   ev/simsec=123.086
     Messages:  created: 21026   present: 10   in FES: 6
** Event #168448   t=776.227112402313   Elapsed: 776.187s (12m 56s)  12% completed  (12% total)
     Speed:     ev/sec=169.845   simsec/sec=0.995286   ev/simsec=170.649
     Messages:  created: 21089   present: 7   in FES: 5
** Event #169216   t=779.725216525844   Elapsed: 779.671s (12m 59s)  12% completed  (12% total)
     Speed:     ev/sec=220.443   simsec/sec=1.00408   ev/simsec=219.547
     Messages:  created: 21186   present: 9   in FES: 6
t=783.320598 executing addServer()
adding server with latency=60
** Event #169728   t=783.672048141558   Elapsed: 783.618s (13m 03s)  12% completed  (12% total)
     Speed:     ev/sec=129.725   simsec/sec=1   ev/simsec=129.724
     Messages:  created: 21251   present: 10   in FES: 7
** Event #170240   t=785.736634982954   Elapsed: 785.683s (13m 05s)  12% completed  (12% total)
     Speed:     ev/sec=247.991   simsec/sec=0.999996   ev/simsec=247.992
     Messages:  created: 21318   present: 18   in FES: 7
** Event #170752   t=788.136467575436   Elapsed: 788.082s (13m 08s)  12% completed  (12% total)
     Speed:     ev/sec=213.349   simsec/sec=1   ev/simsec=213.348
     Messages:  created: 21383   present: 22   in FES: 7
** Event #171264   t=790.663807310414   Elapsed: 790.61s (13m 10s)  12% completed  (12% total)
     Speed:     ev/sec=202.584   simsec/sec=0.999999   ev/simsec=202.585
     Messages:  created: 21443   present: 10   in FES: 7
** Event #172032   t=793.651959600667   Elapsed: 793.599s (13m 13s)  12% completed  (12% total)
     Speed:     ev/sec=256.901   simsec/sec=0.999557   ev/simsec=257.015
     Messages:  created: 21542   present: 19   in FES: 6
** Event #172544   t=795.781710254582   Elapsed: 795.734s (13m 15s)  12% completed  (12% total)
     Speed:     ev/sec=239.892   simsec/sec=0.997873   ev/simsec=240.404
     Messages:  created: 21603   present: 11   in FES: 6
** Event #173056   t=799.122333193067   Elapsed: 799.106s (13m 19s)  12% completed  (12% total)
     Speed:     ev/sec=151.805   simsec/sec=0.990475   ev/simsec=153.265
     Messages:  created: 21667   present: 11   in FES: 6
** Event #173312   t=801.5959956242   Elapsed: 801.542s (13m 21s)  12% completed  (12% total)
     Speed:     ev/sec=105.105   simsec/sec=1.0156   ev/simsec=103.49
     Messages:  created: 21698   present: 9   in FES: 6
** Event #173824   t=804.73496475174   Elapsed: 804.681s (13m 24s)  12% completed  (12% total)
     Speed:     ev/sec=163.111   simsec/sec=1   ev/simsec=163.111
     Messages:  created: 21762   present: 9   in FES: 6
** Event #174336   t=810.146765866453   Elapsed: 810.093s (13m 30s)  12% completed  (12% total)
     Speed:     ev/sec=94.608   simsec/sec=0.999999   ev/simsec=94.6081
     Messages:  created: 21827   present: 10   in FES: 7
** Event #174848   t=812.487479169713   Elapsed: 812.433s (13m 32s)  12% completed  (12% total)
     Speed:     ev/sec=218.737   simsec/sec=1   ev/simsec=218.737
     Messages:  created: 21895   present: 21   in FES: 7
** Event #175360   t=814.893307101185   Elapsed: 814.839s (13m 34s)  12% completed  (12% total)
     Speed:     ev/sec=212.817   simsec/sec=1   ev/simsec=212.817
     Messages:  created: 21960   present: 25   in FES: 7
** Event #175616   t=817.011792942908   Elapsed: 816.958s (13m 36s)  12% completed  (12% total)
     Speed:     ev/sec=120.841   simsec/sec=0.999999   ev/simsec=120.841
     Messages:  created: 21986   present: 9   in FES: 6
** Event #175872   t=819.176858570746   Elapsed: 819.13s (13m 39s)  13% completed  (13% total)
     Speed:     ev/sec=117.859   simsec/sec=0.99677   ev/simsec=118.241
     Messages:  created: 22019   present: 11   in FES: 6
** Event #176384   t=822.395026424871   Elapsed: 822.341s (13m 42s)  13% completed  (13% total)
     Speed:     ev/sec=159.444   simsec/sec=1.00219   ev/simsec=159.097
     Messages:  created: 22086   present: 18   in FES: 7
** Event #176896   t=824.391187551493   Elapsed: 824.343s (13m 44s)  13% completed  (13% total)
     Speed:     ev/sec=255.71   simsec/sec=0.996949   ev/simsec=256.492
     Messages:  created: 22147   present: 11   in FES: 6
** Event #177408   t=827.947324406698   Elapsed: 827.893s (13m 47s)  13% completed  (13% total)
     Speed:     ev/sec=144.224   simsec/sec=1.00172   ev/simsec=143.976
     Messages:  created: 22210   present: 9   in FES: 6
** Event #177920   t=830.863398621509   Elapsed: 830.809s (13m 50s)  13% completed  (13% total)
     Speed:     ev/sec=175.574   simsec/sec=0.999974   ev/simsec=175.579
     Messages:  created: 22276   present: 13   in FES: 7
** Event #178432   t=833.097103728644   Elapsed: 833.043s (13m 53s)  13% completed  (13% total)
     Speed:     ev/sec=229.223   simsec/sec=1.00003   ev/simsec=229.216
     Messages:  created: 22338   present: 9   in FES: 6
** Event #178944   t=835.397905532878   Elapsed: 835.344s (13m 55s)  13% completed  (13% total)
     Speed:     ev/sec=222.535   simsec/sec=1.00002   ev/simsec=222.531
     Messages:  created: 22402   present: 9   in FES: 6
** Event #179456   t=838.080227080896   Elapsed: 838.028s (13m 58s)  13% completed  (13% total)
     Speed:     ev/sec=190.777   simsec/sec=0.999463   ev/simsec=190.879
     Messages:  created: 22467   present: 11   in FES: 6
** Event #179712   t=840.217424399177   Elapsed: 840.163s (14m 00s)  13% completed  (13% total)
     Speed:     ev/sec=119.862   simsec/sec=1.00066   ev/simsec=119.783
     Messages:  created: 22498   present: 9   in FES: 6
** Event #180224   t=843.13347748063   Elapsed: 843.079s (14m 03s)  13% completed  (13% total)
     Speed:     ev/sec=175.578   simsec/sec=0.999989   ev/simsec=175.58
     Messages:  created: 22562   present: 9   in FES: 6
t=843.320598 addServer() complete
** Event #180736   t=847.682357034125   Elapsed: 847.628s (14m 07s)  13% completed  (13% total)
     Speed:     ev/sec=112.555   simsec/sec=0.999999   ev/simsec=112.555
     Messages:  created: 22626   present: 8   in FES: 5
** Event #181248   t=852.941077373581   Elapsed: 852.887s (14m 12s)  13% completed  (13% total)
     Speed:     ev/sec=97.3628   simsec/sec=1.00001   ev/simsec=97.3621
     Messages:  created: 22690   present: 8   in FES: 5
** Event #181760   t=856.302165086628   Elapsed: 856.248s (14m 16s)  13% completed  (13% total)
     Speed:     ev/sec=152.332   simsec/sec=1   ev/simsec=152.332
     Messages:  created: 22754   present: 8   in FES: 5
** Event #182272   t=859.137291770879   Elapsed: 859.083s (14m 19s)  13% completed  (13% total)
     Speed:     ev/sec=180.591   simsec/sec=0.999999   ev/simsec=180.592
     Messages:  created: 22818   present: 10   in FES: 7
** Event #183040   t=861.761912138647   Elapsed: 861.708s (14m 21s)  13% completed  (13% total)
     Speed:     ev/sec=292.614   simsec/sec=1   ev/simsec=292.614
     Messages:  created: 22914   present: 8   in FES: 5
** Event #183552   t=863.777413879403   Elapsed: 863.723s (14m 23s)  13% completed  (13% total)
     Speed:     ev/sec=254.032   simsec/sec=1   ev/simsec=254.031
     Messages:  created: 22978   present: 8   in FES: 5
** Event #184320   t=865.999903272418   Elapsed: 865.946s (14m 25s)  13% completed  (13% total)
     Speed:     ev/sec=345.557   simsec/sec=0.999997   ev/simsec=345.558
     Messages:  created: 23075   present: 11   in FES: 7
** Event #184832   t=868.543583456906   Elapsed: 868.49s (14m 28s)  13% completed  (13% total)
     Speed:     ev/sec=201.283   simsec/sec=1   ev/simsec=201.283
     Messages:  created: 23138   present: 8   in FES: 5
** Event #185344   t=870.617294203861   Elapsed: 870.563s (14m 30s)  13% completed  (13% total)
     Speed:     ev/sec=246.896   simsec/sec=0.999983   ev/simsec=246.9
     Messages:  created: 23202   present: 8   in FES: 5
** Event #185856   t=874.03730074961   Elapsed: 873.983s (14m 33s)  13% completed  (13% total)
     Speed:     ev/sec=149.709   simsec/sec=1.00001   ev/simsec=149.707
     Messages:  created: 23266   present: 8   in FES: 5
** Event #186368   t=876.57543735788   Elapsed: 876.521s (14m 36s)  13% completed  (13% total)
     Speed:     ev/sec=201.722   simsec/sec=0.999994   ev/simsec=201.723
     Messages:  created: 23331   present: 11   in FES: 7
** Event #186880   t=878.642907097432   Elapsed: 878.589s (14m 38s)  13% completed  (13% total)
     Speed:     ev/sec=247.647   simsec/sec=1.00001   ev/simsec=247.646
     Messages:  created: 23394   present: 8   in FES: 5
** Event #187648   t=881.235482923677   Elapsed: 881.181s (14m 41s)  13% completed  (13% total)
     Speed:     ev/sec=296.231   simsec/sec=1   ev/simsec=296.23
     Messages:  created: 23490   present: 10   in FES: 7
** Event #188160   t=884.418831459357   Elapsed: 884.365s (14m 44s)  14% completed  (14% total)
     Speed:     ev/sec=160.837   simsec/sec=1   ev/simsec=160.837
     Messages:  created: 23554   present: 8   in FES: 5
** Event #188672   t=888.434428165506   Elapsed: 888.38s (14m 48s)  14% completed  (14% total)
     Speed:     ev/sec=127.503   simsec/sec=0.999999   ev/simsec=127.503
     Messages:  created: 23618   present: 9   in FES: 6
** Event #188928   t=890.964960100845   Elapsed: 890.911s (14m 50s)  14% completed  (14% total)
     Speed:     ev/sec=101.165   simsec/sec=1   ev/simsec=101.165
     Messages:  created: 23652   present: 14   in FES: 7
** Event #189184   t=894.270591598653   Elapsed: 894.217s (14m 54s)  14% completed  (14% total)
     Speed:     ev/sec=77.4414   simsec/sec=0.999971   ev/simsec=77.4436
     Messages:  created: 23682   present: 8   in FES: 5
** Event #189440   t=896.331101924944   Elapsed: 896.277s (14m 56s)  14% completed  (14% total)
     Speed:     ev/sec=124.247   simsec/sec=1.00005   ev/simsec=124.241
     Messages:  created: 23714   present: 8   in FES: 5
** Event #189696   t=898.806320217066   Elapsed: 898.752s (14m 58s)  14% completed  (14% total)
     Speed:     ev/sec=103.425   simsec/sec=0.999999   ev/simsec=103.425
     Messages:  created: 23746   present: 8   in FES: 5
** Event #189952   t=900.297978337016   Elapsed: 900.994s (15m 00s)  14% completed  (14% total)
     Speed:     ev/sec=114.22   simsec/sec=0.665536   ev/simsec=171.621
     Messages:  created: 23777   present: 8   in FES: 5
** Event #190464   t=905.051798921752   Elapsed: 904.998s (15m 04s)  14% completed  (14% total)
     Speed:     ev/sec=127.866   simsec/sec=1.18721   ev/simsec=107.703
     Messages:  created: 23842   present: 10   in FES: 6
** Event #190976   t=908.148162540446   Elapsed: 908.094s (15m 08s)  14% completed  (14% total)
     Speed:     ev/sec=165.355   simsec/sec=1   ev/simsec=165.355
     Messages:  created: 23905   present: 9   in FES: 6
** Event #191488   t=911.31625368315   Elapsed: 911.262s (15m 11s)  14% completed  (14% total)
     Speed:     ev/sec=161.612   simsec/sec=1   ev/simsec=161.612
     Messages:  created: 23970   present: 10   in FES: 6
** Event #192000   t=914.279782553742   Elapsed: 914.226s (15m 14s)  14% completed  (14% total)
     Speed:     ev/sec=172.767   simsec/sec=1   ev/simsec=172.767
     Messages:  created: 24034   present: 10   in FES: 6
** Event #192512   t=916.597871375027   Elapsed: 916.544s (15m 16s)  14% completed  (14% total)
     Speed:     ev/sec=220.871   simsec/sec=0.999999   ev/simsec=220.872
     Messages:  created: 24097   present: 8   in FES: 5
** Event #192768   t=919.186512502243   Elapsed: 919.132s (15m 19s)  14% completed  (14% total)
     Speed:     ev/sec=98.8936   simsec/sec=1   ev/simsec=98.8936
     Messages:  created: 24129   present: 8   in FES: 5
** Event #193024   t=921.421595961778   Elapsed: 921.368s (15m 21s)  14% completed  (14% total)
     Speed:     ev/sec=114.537   simsec/sec=1   ev/simsec=114.537
     Messages:  created: 24161   present: 9   in FES: 6
** Event #193536   t=924.73225261644   Elapsed: 924.678s (15m 24s)  14% completed  (14% total)
     Speed:     ev/sec=154.652   simsec/sec=0.999996   ev/simsec=154.652
     Messages:  created: 24225   present: 8   in FES: 5
** Event #194304   t=927.773007299721   Elapsed: 927.719s (15m 27s)  14% completed  (14% total)
     Speed:     ev/sec=252.569   simsec/sec=1   ev/simsec=252.569
     Messages:  created: 24321   present: 8   in FES: 5
** Event #194560   t=929.915964737112   Elapsed: 929.862s (15m 29s)  14% completed  (14% total)
     Speed:     ev/sec=119.456   simsec/sec=0.999954   ev/simsec=119.461
     Messages:  created: 24353   present: 8   in FES: 5
** Event #195072   t=932.749315186965   Elapsed: 932.695s (15m 32s)  14% completed  (14% total)
     Speed:     ev/sec=180.711   simsec/sec=1.00004   ev/simsec=180.705
     Messages:  created: 24417   present: 8   in FES: 5
** Event #195840   t=935.593341940782   Elapsed: 935.539s (15m 35s)  14% completed  (14% total)
     Speed:     ev/sec=270.04   simsec/sec=1   ev/simsec=270.04
     Messages:  created: 24513   present: 9   in FES: 6
** Event #196352   t=938.538674298097   Elapsed: 938.485s (15m 38s)  14% completed  (14% total)
     Speed:     ev/sec=173.834   simsec/sec=0.999999   ev/simsec=173.834
     Messages:  created: 24578   present: 10   in FES: 6
** Event #196864   t=941.250283701787   Elapsed: 941.197s (15m 41s)  14% completed  (14% total)
     Speed:     ev/sec=188.738   simsec/sec=0.999578   ev/simsec=188.818
     Messages:  created: 24642   present: 11   in FES: 6
** Event #197376   t=944.609905194774   Elapsed: 944.556s (15m 44s)  14% completed  (14% total)
     Speed:     ev/sec=152.45   simsec/sec=1.00034   ev/simsec=152.398
     Messages:  created: 24705   present: 9   in FES: 6
** Event #197888   t=947.676381492105   Elapsed: 947.622s (15m 47s)  15% completed  (15% total)
     Speed:     ev/sec=166.967   simsec/sec=1   ev/simsec=166.967
     Messages:  created: 24769   present: 8   in FES: 5
** Event #198656   t=950.820517365959   Elapsed: 950.766s (15m 50s)  15% completed  (15% total)
     Speed:     ev/sec=244.264   simsec/sec=0.999998   ev/simsec=244.264
     Messages:  created: 24865   present: 8   in FES: 5
** Event #199168   t=953.89286349484   Elapsed: 953.839s (15m 53s)  15% completed  (15% total)
     Speed:     ev/sec=166.648   simsec/sec=1   ev/simsec=166.648
     Messages:  created: 24929   present: 9   in FES: 6
** Event #199680   t=956.041396150063   Elapsed: 955.987s (15m 55s)  15% completed  (15% total)
     Speed:     ev/sec=238.302   simsec/sec=0.999998   ev/simsec=238.302
     Messages:  created: 24994   present: 10   in FES: 7
** Event #200192   t=958.522716730446   Elapsed: 958.469s (15m 58s)  15% completed  (15% total)
     Speed:     ev/sec=206.342   simsec/sec=0.999999   ev/simsec=206.342
     Messages:  created: 25057   present: 9   in FES: 6
** Event #200704   t=961.356582287163   Elapsed: 961.323s (16m 01s)  15% completed  (15% total)
     Speed:     ev/sec=179.347   simsec/sec=0.992667   ev/simsec=180.672
     Messages:  created: 25121   present: 10   in FES: 6
** Event #201216   t=963.64296001981   Elapsed: 963.589s (16m 03s)  15% completed  (15% total)
     Speed:     ev/sec=226.004   simsec/sec=1.00924   ev/simsec=223.935
     Messages:  created: 25186   present: 12   in FES: 7
** Event #201728   t=966.944256775547   Elapsed: 966.89s (16m 06s)  15% completed  (15% total)
     Speed:     ev/sec=155.089   simsec/sec=0.999992   ev/simsec=155.091
     Messages:  created: 25248   present: 8   in FES: 5
** Event #202240   t=970.853280441323   Elapsed: 970.799s (16m 10s)  15% completed  (15% total)
     Speed:     ev/sec=130.98   simsec/sec=1.00001   ev/simsec=130.979
     Messages:  created: 25312   present: 8   in FES: 5
** Event #202496   t=973.014970056361   Elapsed: 972.961s (16m 12s)  15% completed  (15% total)
     Speed:     ev/sec=118.426   simsec/sec=1   ev/simsec=118.426
     Messages:  created: 25345   present: 9   in FES: 6
** Event #202752   t=975.25619583175   Elapsed: 975.202s (16m 15s)  15% completed  (15% total)
     Speed:     ev/sec=114.223   simsec/sec=0.999999   ev/simsec=114.223
     Messages:  created: 25377   present: 9   in FES: 6
** Event #203264   t=979.131868797635   Elapsed: 979.078s (16m 19s)  15% completed  (15% total)
     Speed:     ev/sec=132.106   simsec/sec=1   ev/simsec=132.106
     Messages:  created: 25440   present: 8   in FES: 5
** Event #203776   t=982.597875922633   Elapsed: 982.544s (16m 22s)  15% completed  (15% total)
     Speed:     ev/sec=147.721   simsec/sec=1   ev/simsec=147.72
     Messages:  created: 25504   present: 8   in FES: 5
** Event #204032   t=984.645815530086   Elapsed: 984.592s (16m 24s)  15% completed  (15% total)
     Speed:     ev/sec=125.003   simsec/sec=0.999997   ev/simsec=125.004
     Messages:  created: 25537   present: 9   in FES: 6
** Event #204544   t=988.881697769725   Elapsed: 988.828s (16m 28s)  15% completed  (15% total)
     Speed:     ev/sec=120.872   simsec/sec=1   ev/simsec=120.872
     Messages:  created: 25600   present: 8   in FES: 5
** Event #205056   t=991.114603920179   Elapsed: 991.061s (16m 31s)  15% completed  (15% total)
     Speed:     ev/sec=229.297   simsec/sec=0.999999   ev/simsec=229.298
     Messages:  created: 25664   present: 8   in FES: 5
** Event #205824   t=993.518938001585   Elapsed: 993.465s (16m 33s)  15% completed  (15% total)
     Speed:     ev/sec=319.423   simsec/sec=0.999998   ev/simsec=319.423
     Messages:  created: 25760   present: 8   in FES: 5
** Event #206336   t=996.363807202656   Elapsed: 996.31s (16m 36s)  15% completed  (15% total)
     Speed:     ev/sec=179.973   simsec/sec=1   ev/simsec=179.973
     Messages:  created: 25825   present: 9   in FES: 6
** Event #207104   t=999.094692849776   Elapsed: 999.041s (16m 39s)  15% completed  (15% total)
     Speed:     ev/sec=281.228   simsec/sec=1   ev/simsec=281.227
     Messages:  created: 25920   present: 8   in FES: 5
** Event #207616   t=1001.548557138503   Elapsed: 1001.5s (16m 41s)  15% completed  (15% total)
     Speed:     ev/sec=208.406   simsec/sec=0.998827   ev/simsec=208.65
     Messages:  created: 25985   present: 10   in FES: 6
** Event #208384   t=1004.535908697597   Elapsed: 1004.49s (16m 44s)  15% completed  (15% total)
     Speed:     ev/sec=256.763   simsec/sec=0.998752   ev/simsec=257.084
     Messages:  created: 26081   present: 10   in FES: 6
** Event #208896   t=1006.675918999099   Elapsed: 1006.62s (16m 46s)  15% completed  (15% total)
     Speed:     ev/sec=239.992   simsec/sec=1.0031   ev/simsec=239.251
     Messages:  created: 26144   present: 8   in FES: 5
** Event #209408   t=1009.583234620997   Elapsed: 1009.56s (16m 49s)  16% completed  (16% total)
     Speed:     ev/sec=174.155   simsec/sec=0.988916   ev/simsec=176.107
     Messages:  created: 26209   present: 10   in FES: 6
** Event #210176   t=1012.397020666901   Elapsed: 1012.34s (16m 52s)  16% completed  (16% total)
     Speed:     ev/sec=276.14   simsec/sec=1.01172   ev/simsec=272.942
     Messages:  created: 26304   present: 8   in FES: 5
** Event #210688   t=1015.330226018841   Elapsed: 1015.28s (16m 55s)  16% completed  (16% total)
     Speed:     ev/sec=174.553   simsec/sec=0.999998   ev/simsec=174.553
     Messages:  created: 26368   present: 8   in FES: 5
** Event #211712   t=1017.977178888167   Elapsed: 1017.92s (16m 57s)  16% completed  (16% total)
     Speed:     ev/sec=386.659   simsec/sec=0.999482   ev/simsec=386.86
     Messages:  created: 26497   present: 10   in FES: 6
** Event #212480   t=1020.242266859353   Elapsed: 1020.19s (17m 00s)  16% completed  (16% total)
     Speed:     ev/sec=339.265   simsec/sec=1.00061   ev/simsec=339.06
     Messages:  created: 26594   present: 14   in FES: 7
t=1022.419201 executing removeServer()
scheduled complete remove at 1022.421208880722
** Event #212736   t=1022.48456887328   Elapsed: 1022.43s (17m 02s)  16% completed  (16% total)
     Speed:     ev/sec=114.168   simsec/sec=1   ev/simsec=114.168
     Messages:  created: 26626   present: 8   in FES: 6
** Event #213248   t=1025.035504489217   Elapsed: 1024.98s (17m 04s)  16% completed  (16% total)
     Speed:     ev/sec=200.711   simsec/sec=0.999999   ev/simsec=200.711
     Messages:  created: 26691   present: 10   in FES: 6
** Event #213504   t=1027.673941276573   Elapsed: 1027.65s (17m 07s)  16% completed  (16% total)
     Speed:     ev/sec=96.0165   simsec/sec=0.989584   ev/simsec=97.0271
     Messages:  created: 26721   present: 6   in FES: 4
** Event #214016   t=1030.788522303289   Elapsed: 1030.73s (17m 10s)  16% completed  (16% total)
     Speed:     ev/sec=165.867   simsec/sec=1.009   ev/simsec=164.388
     Messages:  created: 26786   present: 9   in FES: 6
** Event #214528   t=1033.84402739234   Elapsed: 1033.79s (17m 13s)  16% completed  (16% total)
     Speed:     ev/sec=167.566   simsec/sec=1   ev/simsec=167.566
     Messages:  created: 26850   present: 8   in FES: 6
** Event #214784   t=1035.848831606837   Elapsed: 1035.79s (17m 15s)  16% completed  (16% total)
     Speed:     ev/sec=127.693   simsec/sec=1   ev/simsec=127.693
     Messages:  created: 26882   present: 8   in FES: 6
** Event #215296   t=1040.188523439212   Elapsed: 1040.15s (17m 20s)  16% completed  (16% total)
     Speed:     ev/sec=117.657   simsec/sec=0.997252   ev/simsec=117.981
     Messages:  created: 26945   present: 6   in FES: 4
** Event #215808   t=1042.736174045595   Elapsed: 1042.68s (17m 22s)  16% completed  (16% total)
     Speed:     ev/sec=201.917   simsec/sec=1.00471   ev/simsec=200.969
     Messages:  created: 27010   present: 9   in FES: 6
** Event #216320   t=1046.54851660558   Elapsed: 1046.49s (17m 26s)  16% completed  (16% total)
     Speed:     ev/sec=134.301   simsec/sec=1   ev/simsec=134.301
     Messages:  created: 27074   present: 9   in FES: 6
** Event #216832   t=1050.377408796184   Elapsed: 1050.32s (17m 30s)  16% completed  (16% total)
     Speed:     ev/sec=133.72   simsec/sec=1   ev/simsec=133.72
     Messages:  created: 27139   present: 10   in FES: 6
** Event #217344   t=1054.031651887878   Elapsed: 1053.98s (17m 33s)  16% completed  (16% total)
     Speed:     ev/sec=140.111   simsec/sec=1   ev/simsec=140.111
     Messages:  created: 27202   present: 8   in FES: 6
** Event #217600   t=1056.053966740843   Elapsed: 1056s (17m 35s)  16% completed  (16% total)
     Speed:     ev/sec=126.588   simsec/sec=0.999999   ev/simsec=126.588
     Messages:  created: 27234   present: 8   in FES: 6
** Event #218112   t=1059.920467003776   Elapsed: 1059.88s (17m 39s)  16% completed  (16% total)
     Speed:     ev/sec=131.844   simsec/sec=0.995654   ev/simsec=132.419
     Messages:  created: 27297   present: 6   in FES: 4
** Event #218624   t=1064.099762337938   Elapsed: 1064.05s (17m 44s)  16% completed  (16% total)
     Speed:     ev/sec=123.006   simsec/sec=1.00406   ev/simsec=122.509
     Messages:  created: 27362   present: 8   in FES: 6
** Event #218880   t=1066.178660658175   Elapsed: 1066.16s (17m 46s)  16% completed  (16% total)
     Speed:     ev/sec=121.253   simsec/sec=0.984658   ev/simsec=123.142
     Messages:  created: 27393   present: 6   in FES: 4
** Event #219392   t=1068.712935677332   Elapsed: 1068.66s (17m 48s)  16% completed  (16% total)
     Speed:     ev/sec=204.645   simsec/sec=1.01294   ev/simsec=202.03
     Messages:  created: 27458   present: 8   in FES: 6
** Event #219904   t=1070.860445701488   Elapsed: 1070.81s (17m 50s)  16% completed  (16% total)
     Speed:     ev/sec=238.416   simsec/sec=1   ev/simsec=238.416
     Messages:  created: 27523   present: 10   in FES: 6
** Event #220416   t=1073.931122351446   Elapsed: 1073.93s (17m 53s)  17% completed  (17% total)
     Speed:     ev/sec=164.101   simsec/sec=0.984184   ev/simsec=166.738
     Messages:  created: 27585   present: 6   in FES: 4
** Event #220928   t=1076.983367877921   Elapsed: 1076.93s (17m 56s)  17% completed  (17% total)
     Speed:     ev/sec=170.502   simsec/sec=1.01643   ev/simsec=167.745
     Messages:  created: 27650   present: 8   in FES: 6
** Event #221440   t=1079.097202897262   Elapsed: 1079.06s (17m 59s)  17% completed  (17% total)
     Speed:     ev/sec=239.908   simsec/sec=0.990482   ev/simsec=242.214
     Messages:  created: 27716   present: 14   in FES: 5
** Event #221952   t=1082.4914575556   Elapsed: 1082.44s (18m 02s)  17% completed  (17% total)
     Speed:     ev/sec=151.751   simsec/sec=1.00602   ev/simsec=150.843
     Messages:  created: 27778   present: 9   in FES: 6
t=1083.033241 executing addServer()
adding server with latency=60
** Event #222464   t=1084.885602841662   Elapsed: 1084.83s (18m 04s)  17% completed  (17% total)
     Speed:     ev/sec=213.853   simsec/sec=0.999991   ev/simsec=213.855
     Messages:  created: 27843   present: 9   in FES: 6
** Event #222976   t=1087.695643008713   Elapsed: 1087.64s (18m 07s)  17% completed  (17% total)
     Speed:     ev/sec=182.205   simsec/sec=1.00001   ev/simsec=182.204
     Messages:  created: 27911   present: 20   in FES: 7
** Event #223488   t=1090.403648719468   Elapsed: 1090.39s (18m 10s)  17% completed  (17% total)
     Speed:     ev/sec=186.129   simsec/sec=0.984449   ev/simsec=189.069
     Messages:  created: 27971   present: 10   in FES: 6
** Event #223744   t=1092.670737086655   Elapsed: 1092.62s (18m 12s)  17% completed  (17% total)
     Speed:     ev/sec=115.092   simsec/sec=1.01923   ev/simsec=112.92
     Messages:  created: 28003   present: 9   in FES: 6
** Event #224000   t=1094.879883400045   Elapsed: 1094.83s (18m 14s)  17% completed  (17% total)
     Speed:     ev/sec=115.882   simsec/sec=1   ev/simsec=115.882
     Messages:  created: 28035   present: 9   in FES: 6
** Event #224512   t=1098.049327494765   Elapsed: 1098s (18m 17s)  17% completed  (17% total)
     Speed:     ev/sec=161.543   simsec/sec=1   ev/simsec=161.543
     Messages:  created: 28099   present: 9   in FES: 6
** Event #224768   t=1100.755053520653   Elapsed: 1100.7s (18m 20s)  17% completed  (17% total)
     Speed:     ev/sec=94.6017   simsec/sec=0.999868   ev/simsec=94.6142
     Messages:  created: 28131   present: 10   in FES: 6
** Event #225024   t=1104.091389775638   Elapsed: 1104.04s (18m 24s)  17% completed  (17% total)
     Speed:     ev/sec=76.7374   simsec/sec=1.00009   ev/simsec=76.7309
     Messages:  created: 28163   present: 9   in FES: 6
** Event #225280   t=1107.021311572182   Elapsed: 1106.97s (18m 26s)  17% completed  (17% total)
     Speed:     ev/sec=87.3765   simsec/sec=1.00002   ev/simsec=87.3743
     Messages:  created: 28195   present: 9   in FES: 6
** Event #225536   t=1109.260907423935   Elapsed: 1109.24s (18m 29s)  17% completed  (17% total)
     Speed:     ev/sec=112.883   simsec/sec=0.987545   ev/simsec=114.306
     Messages:  created: 28227   present: 10   in FES: 6
** Event #225792   t=1112.808857570823   Elapsed: 1112.82s (18m 32s)  17% completed  (17% total)
     Speed:     ev/sec=71.3421   simsec/sec=0.988743   ev/simsec=72.1543
     Messages:  created: 28259   present: 10   in FES: 6
** Event #226048   t=1115.077318853663   Elapsed: 1115.02s (18m 35s)  17% completed  (17% total)
     Speed:     ev/sec=116.373   simsec/sec=1.0312   ev/simsec=112.852
     Messages:  created: 28291   present: 9   in FES: 6
** Event #226304   t=1117.378863730792   Elapsed: 1117.32s (18m 37s)  17% completed  (17% total)
     Speed:     ev/sec=111.227   simsec/sec=0.999972   ev/simsec=111.23
     Messages:  created: 28323   present: 9   in FES: 6
** Event #226560   t=1119.764933522453   Elapsed: 1119.71s (18m 39s)  17% completed  (17% total)
     Speed:     ev/sec=107.292   simsec/sec=1.00003   ev/simsec=107.289
     Messages:  created: 28355   present: 9   in FES: 6
** Event #226816   t=1123.329448542143   Elapsed: 1123.28s (18m 43s)  17% completed  (17% total)
     Speed:     ev/sec=71.8176   simsec/sec=0.99998   ev/simsec=71.819
     Messages:  created: 28387   present: 9   in FES: 6
** Event #227072   t=1125.795684909652   Elapsed: 1125.74s (18m 45s)  17% completed  (17% total)
     Speed:     ev/sec=103.681   simsec/sec=0.998834   ev/simsec=103.802
     Messages:  created: 28419   present: 10   in FES: 6
** Event #227584   t=1128.814478572429   Elapsed: 1128.76s (18m 48s)  17% completed  (17% total)
     Speed:     ev/sec=169.77   simsec/sec=1.00098   ev/simsec=169.604
     Messages:  created: 28483   present: 9   in FES: 6
** Event #228096   t=1131.95109118596   Elapsed: 1131.9s (18m 51s)  17% completed  (17% total)
     Speed:     ev/sec=163.233   simsec/sec=1   ev/simsec=163.233
     Messages:  created: 28547   present: 9   in FES: 6
** Event #228352   t=1134.378796381352   Elapsed: 1134.32s (18m 54s)  18% completed  (18% total)
     Speed:     ev/sec=105.449   simsec/sec=1   ev/simsec=105.449
     Messages:  created: 28579   present: 9   in FES: 6
** Event #228608   t=1136.846993527102   Elapsed: 1136.8s (18m 56s)  18% completed  (18% total)
     Speed:     ev/sec=103.593   simsec/sec=0.998783   ev/simsec=103.719
     Messages:  created: 28611   present: 10   in FES: 6
** Event #228864   t=1140.244436470884   Elapsed: 1140.19s (19m 00s)  18% completed  (18% total)
     Speed:     ev/sec=75.4176   simsec/sec=1.00089   ev/simsec=75.3508
     Messages:  created: 28642   present: 9   in FES: 6
** Event #229120   t=1142.498223249782   Elapsed: 1142.44s (19m 02s)  18% completed  (18% total)
     Speed:     ev/sec=113.586   simsec/sec=0.999996   ev/simsec=113.587
     Messages:  created: 28675   present: 11   in FES: 7
t=1143.033241 addServer() complete
** Event #229376   t=1145.798209583807   Elapsed: 1145.74s (19m 05s)  18% completed  (18% total)
     Speed:     ev/sec=77.5762   simsec/sec=1   ev/simsec=77.5761
     Messages:  created: 28707   present: 10   in FES: 7
** Event #229888   t=1148.539070506125   Elapsed: 1148.49s (19m 08s)  18% completed  (18% total)
     Speed:     ev/sec=186.803   simsec/sec=1   ev/simsec=186.803
     Messages:  created: 28770   present: 9   in FES: 6
** Event #230400   t=1152.908353740977   Elapsed: 1152.85s (19m 12s)  18% completed  (18% total)
     Speed:     ev/sec=117.182   simsec/sec=1   ev/simsec=117.182
     Messages:  created: 28835   present: 10   in FES: 7
** Event #230912   t=1155.101523434225   Elapsed: 1155.05s (19m 15s)  18% completed  (18% total)
     Speed:     ev/sec=233.452   simsec/sec=0.999999   ev/simsec=233.452
     Messages:  created: 28898   present: 8   in FES: 5
** Event #231680   t=1157.346358520557   Elapsed: 1157.29s (19m 17s)  18% completed  (18% total)
     Speed:     ev/sec=342.12   simsec/sec=1   ev/simsec=342.119
     Messages:  created: 28996   present: 14   in FES: 7
** Event #232192   t=1159.515918660592   Elapsed: 1159.46s (19m 19s)  18% completed  (18% total)
     Speed:     ev/sec=235.992   simsec/sec=0.999998   ev/simsec=235.993
     Messages:  created: 29058   present: 8   in FES: 5
** Event #232704   t=1162.629111528482   Elapsed: 1162.58s (19m 22s)  18% completed  (18% total)
     Speed:     ev/sec=164.461   simsec/sec=1   ev/simsec=164.461
     Messages:  created: 29124   present: 13   in FES: 7
** Event #233216   t=1164.873206953478   Elapsed: 1164.82s (19m 24s)  18% completed  (18% total)
     Speed:     ev/sec=228.154   simsec/sec=0.999999   ev/simsec=228.154
     Messages:  created: 29186   present: 9   in FES: 6
** Event #233728   t=1167.43494427711   Elapsed: 1167.38s (19m 27s)  18% completed  (18% total)
     Speed:     ev/sec=199.865   simsec/sec=1   ev/simsec=199.864
     Messages:  created: 29250   present: 9   in FES: 6
** Event #234240   t=1170.354926550583   Elapsed: 1170.3s (19m 30s)  18% completed  (18% total)
     Speed:     ev/sec=175.343   simsec/sec=0.999999   ev/simsec=175.344
     Messages:  created: 29314   present: 9   in FES: 6
** Event #234752   t=1173.074178389677   Elapsed: 1173.02s (19m 33s)  18% completed  (18% total)
     Speed:     ev/sec=188.287   simsec/sec=1   ev/simsec=188.287
     Messages:  created: 29379   present: 10   in FES: 7
** Event #235264   t=1176.414902693812   Elapsed: 1176.36s (19m 36s)  18% completed  (18% total)
     Speed:     ev/sec=153.26   simsec/sec=1   ev/simsec=153.26
     Messages:  created: 29442   present: 8   in FES: 5
** Event #235776   t=1178.926876779079   Elapsed: 1178.87s (19m 38s)  18% completed  (18% total)
     Speed:     ev/sec=203.824   simsec/sec=1   ev/simsec=203.824
     Messages:  created: 29508   present: 13   in FES: 7
** Event #236544   t=1182.215612237864   Elapsed: 1182.16s (19m 42s)  18% completed  (18% total)
     Speed:     ev/sec=233.525   simsec/sec=1   ev/simsec=233.524
     Messages:  created: 29602   present: 9   in FES: 6
** Event #237056   t=1184.523212246116   Elapsed: 1184.47s (19m 44s)  18% completed  (18% total)
     Speed:     ev/sec=221.876   simsec/sec=1   ev/simsec=221.876
     Messages:  created: 29666   present: 9   in FES: 6
** Event #237312   t=1186.936930615909   Elapsed: 1186.88s (19m 46s)  18% completed  (18% total)
     Speed:     ev/sec=106.06   simsec/sec=1   ev/simsec=106.06
     Messages:  created: 29698   present: 8   in FES: 5
** Event #237824   t=1189.585545751118   Elapsed: 1189.54s (19m 49s)  18% completed  (18% total)
     Speed:     ev/sec=193.043   simsec/sec=0.998627   ev/simsec=193.309
     Messages:  created: 29763   present: 11   in FES: 5
** Event #238336   t=1192.795768295969   Elapsed: 1192.74s (19m 52s)  18% completed  (18% total)
     Speed:     ev/sec=159.672   simsec/sec=1.00114   ev/simsec=159.491
     Messages:  created: 29826   present: 9   in FES: 6
** Event #238592   t=1196.540115472401   Elapsed: 1196.49s (19m 56s)  18% completed  (18% total)
     Speed:     ev/sec=68.3681   simsec/sec=0.999976   ev/simsec=68.3697
     Messages:  created: 29858   present: 8   in FES: 5
** Event #239104   t=1201.68661848326   Elapsed: 1201.63s (20m 01s)  19% completed  (19% total)
     Speed:     ev/sec=99.4866   simsec/sec=1.00002   ev/simsec=99.485
     Messages:  created: 29921   present: 8   in FES: 5
t=1202.195593 executing removeServer()
scheduled complete remove at 1202.195593
** Event #239360   t=1205.243701479195   Elapsed: 1205.19s (20m 05s)  19% completed  (19% total)
     Speed:     ev/sec=71.9691   simsec/sec=1   ev/simsec=71.9691
     Messages:  created: 29956   present: 9   in FES: 6
** Event #239616   t=1208.117679845239   Elapsed: 1208.11s (20m 08s)  19% completed  (19% total)
     Speed:     ev/sec=87.5826   simsec/sec=0.983244   ev/simsec=89.0751
     Messages:  created: 29987   present: 7   in FES: 5
** Event #239872   t=1210.549315367692   Elapsed: 1210.5s (20m 10s)  19% completed  (19% total)
     Speed:     ev/sec=107.443   simsec/sec=1.02056   ev/simsec=105.279
     Messages:  created: 30021   present: 12   in FES: 6
** Event #240384   t=1215.26096746095   Elapsed: 1215.22s (20m 15s)  19% completed  (19% total)
     Speed:     ev/sec=108.437   simsec/sec=0.997881   ev/simsec=108.667
     Messages:  created: 30083   present: 7   in FES: 5
** Event #240640   t=1217.449430573647   Elapsed: 1217.43s (20m 17s)  19% completed  (19% total)
     Speed:     ev/sec=115.613   simsec/sec=0.988335   ev/simsec=116.977
     Messages:  created: 30115   present: 7   in FES: 5
** Event #241152   t=1220.504650309113   Elapsed: 1220.47s (20m 20s)  19% completed  (19% total)
     Speed:     ev/sec=168.416   simsec/sec=1.00497   ev/simsec=167.582
     Messages:  created: 30179   present: 7   in FES: 5
** Event #241664   t=1223.85033618606   Elapsed: 1223.8s (20m 23s)  19% completed  (19% total)
     Speed:     ev/sec=153.986   simsec/sec=1.00623   ev/simsec=153.033
     Messages:  created: 30244   present: 9   in FES: 6
** Event #242176   t=1228.531996112804   Elapsed: 1228.48s (20m 28s)  19% completed  (19% total)
     Speed:     ev/sec=109.34   simsec/sec=0.99979   ev/simsec=109.363
     Messages:  created: 30307   present: 7   in FES: 5
** Event #242432   t=1232.024435158364   Elapsed: 1231.97s (20m 31s)  19% completed  (19% total)
     Speed:     ev/sec=73.3221   simsec/sec=1.00028   ev/simsec=73.3012
     Messages:  created: 30340   present: 9   in FES: 6
** Event #242688   t=1234.185091850747   Elapsed: 1234.13s (20m 34s)  19% completed  (19% total)
     Speed:     ev/sec=118.483   simsec/sec=1   ev/simsec=118.482
     Messages:  created: 30372   present: 10   in FES: 6
** Event #242944   t=1236.758757646626   Elapsed: 1236.74s (20m 36s)  19% completed  (19% total)
     Speed:     ev/sec=98.1384   simsec/sec=0.986622   ev/simsec=99.469
     Messages:  created: 30403   present: 7   in FES: 5
** Event #243200   t=1239.256927096854   Elapsed: 1239.2s (20m 39s)  19% completed  (19% total)
     Speed:     ev/sec=103.926   simsec/sec=1.01416   ev/simsec=102.475
     Messages:  created: 30437   present: 11   in FES: 6
** Event #243712   t=1243.193594627517   Elapsed: 1243.14s (20m 43s)  19% completed  (19% total)
     Speed:     ev/sec=130.031   simsec/sec=0.999785   ev/simsec=130.059
     Messages:  created: 30499   present: 7   in FES: 5
** Event #244224   t=1246.754923420597   Elapsed: 1246.71s (20m 46s)  19% completed  (19% total)
     Speed:     ev/sec=143.597   simsec/sec=0.998821   ev/simsec=143.767
     Messages:  created: 30563   present: 7   in FES: 5
** Event #244480   t=1250.106164675983   Elapsed: 1250.05s (20m 50s)  19% completed  (19% total)
     Speed:     ev/sec=76.4837   simsec/sec=1.00123   ev/simsec=76.3896
     Messages:  created: 30595   present: 7   in FES: 5
** Event #244992   t=1252.210650577871   Elapsed: 1252.16s (20m 52s)  19% completed  (19% total)
     Speed:     ev/sec=243.397   simsec/sec=1.00044   ev/simsec=243.29
     Messages:  created: 30660   present: 10   in FES: 6
** Event #245760   t=1255.139775982385   Elapsed: 1255.12s (20m 55s)  19% completed  (19% total)
     Speed:     ev/sec=258.912   simsec/sec=0.98748   ev/simsec=262.194
     Messages:  created: 30758   present: 15   in FES: 5
** Event #246272   t=1257.233414964135   Elapsed: 1257.18s (20m 57s)  19% completed  (19% total)
     Speed:     ev/sec=248.967   simsec/sec=1.01806   ev/simsec=244.55
     Messages:  created: 30824   present: 19   in FES: 6
** Event #246784   t=1261.132151908005   Elapsed: 1261.13s (21m 01s)  20% completed  (20% total)
     Speed:     ev/sec=129.639   simsec/sec=0.987167   ev/simsec=131.325
     Messages:  created: 30882   present: 6   in FES: 4
** Event #247296   t=1266.516985092403   Elapsed: 1266.46s (21m 06s)  20% completed  (20% total)
     Speed:     ev/sec=95.9852   simsec/sec=1.0095   ev/simsec=95.0819
     Messages:  created: 30947   present: 8   in FES: 6
** Event #247808   t=1270.548712229947   Elapsed: 1270.49s (21m 10s)  20% completed  (20% total)
     Speed:     ev/sec=126.993   simsec/sec=1   ev/simsec=126.993
     Messages:  created: 31011   present: 8   in FES: 6
** Event #248064   t=1272.85030989611   Elapsed: 1272.91s (21m 12s)  20% completed  (20% total)
     Speed:     ev/sec=106.104   simsec/sec=0.953941   ev/simsec=111.227
     Messages:  created: 31042   present: 6   in FES: 4
** Event #248576   t=1276.54303838557   Elapsed: 1276.53s (21m 16s)  20% completed  (20% total)
     Speed:     ev/sec=141.393   simsec/sec=1.01978   ev/simsec=138.651
     Messages:  created: 31106   present: 6   in FES: 4
** Event #249088   t=1279.819262568973   Elapsed: 1279.85s (21m 19s)  20% completed  (20% total)
     Speed:     ev/sec=154.212   simsec/sec=0.986782   ev/simsec=156.277
     Messages:  created: 31170   present: 6   in FES: 4
** Event #249600   t=1283.00036792363   Elapsed: 1283.02s (21m 23s)  20% completed  (20% total)
     Speed:     ev/sec=161.682   simsec/sec=1.00455   ev/simsec=160.95
     Messages:  created: 31234   present: 6   in FES: 4
** Event #249856   t=1285.074960884755   Elapsed: 1285.02s (21m 25s)  20% completed  (20% total)
     Speed:     ev/sec=127.643   simsec/sec=1.0344   ev/simsec=123.398
     Messages:  created: 31267   present: 9   in FES: 6
** Event #250112   t=1287.370625735267   Elapsed: 1287.42s (21m 27s)  20% completed  (20% total)
     Speed:     ev/sec=106.576   simsec/sec=0.955718   ev/simsec=111.515
     Messages:  created: 31298   present: 6   in FES: 4
** Event #250368   t=1289.687788759195   Elapsed: 1289.63s (21m 29s)  20% completed  (20% total)
     Speed:     ev/sec=115.795   simsec/sec=1.04811   ev/simsec=110.48
     Messages:  created: 31331   present: 9   in FES: 6
** Event #250880   t=1292.721608850628   Elapsed: 1292.67s (21m 32s)  20% completed  (20% total)
     Speed:     ev/sec=168.764   simsec/sec=1   ev/simsec=168.764
     Messages:  created: 31395   present: 8   in FES: 6
** Event #251392   t=1296.688138839394   Elapsed: 1296.64s (21m 36s)  20% completed  (20% total)
     Speed:     ev/sec=129.009   simsec/sec=0.999449   ev/simsec=129.08
     Messages:  created: 31458   present: 6   in FES: 4
** Event #251904   t=1298.976245421904   Elapsed: 1298.92s (21m 38s)  20% completed  (20% total)
     Speed:     ev/sec=223.98   simsec/sec=1.00096   ev/simsec=223.766
     Messages:  created: 31526   present: 16   in FES: 6
** Event #252416   t=1302.352941855629   Elapsed: 1302.33s (21m 42s)  20% completed  (20% total)
     Speed:     ev/sec=150.095   simsec/sec=0.98989   ev/simsec=151.627
     Messages:  created: 31586   present: 6   in FES: 4
** Event #252672   t=1304.570974564327   Elapsed: 1304.58s (21m 44s)  20% completed  (20% total)
     Speed:     ev/sec=113.923   simsec/sec=0.987048   ev/simsec=115.418
     Messages:  created: 31618   present: 6   in FES: 4
** Event #253184   t=1307.815383086572   Elapsed: 1307.76s (21m 47s)  20% completed  (20% total)
     Speed:     ev/sec=160.965   simsec/sec=1.01999   ev/simsec=157.81
     Messages:  created: 31684   present: 12   in FES: 6
** Event #253696   t=1311.501380775805   Elapsed: 1311.45s (21m 51s)  20% completed  (20% total)
     Speed:     ev/sec=138.904   simsec/sec=1   ev/simsec=138.904
     Messages:  created: 31747   present: 8   in FES: 6
** Event #253952   t=1313.625881733381   Elapsed: 1313.57s (21m 53s)  20% completed  (20% total)
     Speed:     ev/sec=120.499   simsec/sec=0.999998   ev/simsec=120.499
     Messages:  created: 31779   present: 8   in FES: 6
** Event #254208   t=1315.847540755813   Elapsed: 1315.81s (21m 55s)  20% completed  (20% total)
     Speed:     ev/sec=114.365   simsec/sec=0.992502   ev/simsec=115.229
     Messages:  created: 31810   present: 6   in FES: 4
** Event #254464   t=1318.483939932305   Elapsed: 1318.46s (21m 58s)  20% completed  (20% total)
     Speed:     ev/sec=96.716   simsec/sec=0.996024   ev/simsec=97.1021
     Messages:  created: 31842   present: 6   in FES: 4
** Event #254720   t=1321.811945586156   Elapsed: 1321.76s (22m 01s)  20% completed  (20% total)
     Speed:     ev/sec=77.5561   simsec/sec=1.00823   ev/simsec=76.9229
     Messages:  created: 31874   present: 7   in FES: 5
t=1323.165511 executing setDimmer(0.9)
** Event #255232   t=1324.733227188518   Elapsed: 1324.69s (22m 04s)  21% completed  (21% total)
     Speed:     ev/sec=174.895   simsec/sec=0.997884   ev/simsec=175.266
     Messages:  created: 31938   present: 8   in FES: 5
** Event #255744   t=1327.001394088196   Elapsed: 1326.95s (22m 06s)  21% completed  (21% total)
     Speed:     ev/sec=226.365   simsec/sec=1.0028   ev/simsec=225.733
     Messages:  created: 32004   present: 13   in FES: 6
** Event #256000   t=1330.325085789994   Elapsed: 1330.27s (22m 10s)  21% completed  (21% total)
     Speed:     ev/sec=77.0223   simsec/sec=0.999993   ev/simsec=77.0228
     Messages:  created: 32034   present: 7   in FES: 5
** Event #256256   t=1333.218189338816   Elapsed: 1333.16s (22m 13s)  21% completed  (21% total)
     Speed:     ev/sec=88.487   simsec/sec=1.00001   ev/simsec=88.4863
     Messages:  created: 32066   present: 7   in FES: 5
** Event #256512   t=1335.197190094152   Elapsed: 1335.18s (22m 15s)  21% completed  (21% total)
     Speed:     ev/sec=127.033   simsec/sec=0.982023   ev/simsec=129.358
     Messages:  created: 32098   present: 8   in FES: 5
** Event #256768   t=1337.384327752924   Elapsed: 1337.33s (22m 17s)  21% completed  (21% total)
     Speed:     ev/sec=119.012   simsec/sec=1.01678   ev/simsec=117.048
     Messages:  created: 32130   present: 7   in FES: 5
** Event #257280   t=1340.0598535086   Elapsed: 1340.01s (22m 20s)  21% completed  (21% total)
     Speed:     ev/sec=191.372   simsec/sec=1.00004   ev/simsec=191.364
     Messages:  created: 32194   present: 7   in FES: 5
** Event #257792   t=1343.476899785541   Elapsed: 1343.42s (22m 23s)  21% completed  (21% total)
     Speed:     ev/sec=149.838   simsec/sec=1   ev/simsec=149.837
     Messages:  created: 32259   present: 10   in FES: 6
** Event #258048   t=1346.257709210401   Elapsed: 1346.26s (22m 26s)  21% completed  (21% total)
     Speed:     ev/sec=90.1741   simsec/sec=0.979519   ev/simsec=92.0595
     Messages:  created: 32290   present: 8   in FES: 5
** Event #258560   t=1348.648792127241   Elapsed: 1348.59s (22m 28s)  21% completed  (21% total)
     Speed:     ev/sec=219.466   simsec/sec=1.02492   ev/simsec=214.129
     Messages:  created: 32354   present: 7   in FES: 5
** Event #258816   t=1350.984429250966   Elapsed: 1350.93s (22m 30s)  21% completed  (21% total)
     Speed:     ev/sec=109.606   simsec/sec=1   ev/simsec=109.606
     Messages:  created: 32386   present: 7   in FES: 5
** Event #259072   t=1353.755948068262   Elapsed: 1353.7s (22m 33s)  21% completed  (21% total)
     Speed:     ev/sec=92.3635   simsec/sec=0.99995   ev/simsec=92.3681
     Messages:  created: 32418   present: 7   in FES: 5
** Event #259328   t=1356.802897872001   Elapsed: 1356.76s (22m 36s)  21% completed  (21% total)
     Speed:     ev/sec=83.8197   simsec/sec=0.997635   ev/simsec=84.0185
     Messages:  created: 32450   present: 8   in FES: 5
** Event #259584   t=1360.219484975225   Elapsed: 1360.17s (22m 40s)  21% completed  (21% total)
     Speed:     ev/sec=75.0904   simsec/sec=1.00216   ev/simsec=74.9286
     Messages:  created: 32482   present: 7   in FES: 5
** Event #259840   t=1364.743613296657   Elapsed: 1364.69s (22m 44s)  21% completed  (21% total)
     Speed:     ev/sec=56.5853   simsec/sec=0.999996   ev/simsec=56.5855
     Messages:  created: 32514   present: 7   in FES: 5
** Event #260096   t=1369.115834323595   Elapsed: 1369.06s (22m 49s)  21% completed  (21% total)
     Speed:     ev/sec=58.5513   simsec/sec=0.999997   ev/simsec=58.5515
     Messages:  created: 32546   present: 7   in FES: 5
** Event #260352   t=1372.561024033286   Elapsed: 1372.52s (22m 52s)  21% completed  (21% total)
     Speed:     ev/sec=74.0924   simsec/sec=0.997119   ev/simsec=74.3065
     Messages:  created: 32578   present: 8   in FES: 5
** Event #260864   t=1374.576692041426   Elapsed: 1374.52s (22m 54s)  21% completed  (21% total)
     Speed:     ev/sec=255.275   simsec/sec=1.00498   ev/simsec=254.01
     Messages:  created: 32656   present: 44   in FES: 6
** Event #261632   t=1377.986831554707   Elapsed: 1377.93s (22m 57s)  21% completed  (21% total)
     Speed:     ev/sec=225.211   simsec/sec=1   ev/simsec=225.211
     Messages:  created: 32766   present: 82   in FES: 6
** Event #262144   t=1380.418432620662   Elapsed: 1380.36s (23m 00s)  21% completed  (21% total)
     Speed:     ev/sec=210.561   simsec/sec=1   ev/simsec=210.561
     Messages:  created: 32819   present: 54   in FES: 6
t=1383.02643 executing setDimmer(0.5)
** Event #262656   t=1384.290322027338   Elapsed: 1384.24s (23m 04s)  21% completed  (21% total)
     Speed:     ev/sec=132.231   simsec/sec=0.999969   ev/simsec=132.235
     Messages:  created: 32865   present: 7   in FES: 5
** Event #262912   t=1387.031358507467   Elapsed: 1386.98s (23m 06s)  22% completed  (22% total)
     Speed:     ev/sec=93.3962   simsec/sec=1.00001   ev/simsec=93.3953
     Messages:  created: 32897   present: 7   in FES: 5
** Event #263424   t=1391.73139581359   Elapsed: 1391.68s (23m 11s)  22% completed  (22% total)
     Speed:     ev/sec=108.937   simsec/sec=1.00002   ev/simsec=108.935
     Messages:  created: 32961   present: 7   in FES: 5
** Event #263680   t=1394.519106552003   Elapsed: 1394.47s (23m 14s)  22% completed  (22% total)
     Speed:     ev/sec=91.8287   simsec/sec=0.999968   ev/simsec=91.8316
     Messages:  created: 32993   present: 7   in FES: 5
** Event #264192   t=1397.057901275943   Elapsed: 1397s (23m 17s)  22% completed  (22% total)
     Speed:     ev/sec=201.677   simsec/sec=1.00003   ev/simsec=201.67
     Messages:  created: 33057   present: 7   in FES: 5
** Event #264704   t=1400.292657474773   Elapsed: 1400.24s (23m 20s)  22% completed  (22% total)
     Speed:     ev/sec=158.281   simsec/sec=1   ev/simsec=158.281
     Messages:  created: 33122   present: 9   in FES: 6
** Event #265216   t=1405.010581737537   Elapsed: 1404.96s (23m 24s)  22% completed  (22% total)
     Speed:     ev/sec=108.52   simsec/sec=0.999976   ev/simsec=108.522
     Messages:  created: 33185   present: 7   in FES: 5
** Event #265472   t=1407.722675201153   Elapsed: 1407.67s (23m 27s)  22% completed  (22% total)
     Speed:     ev/sec=94.3944   simsec/sec=1.00003   ev/simsec=94.392
     Messages:  created: 33217   present: 7   in FES: 5
** Event #265984   t=1411.221790619474   Elapsed: 1411.17s (23m 31s)  22% completed  (22% total)
     Speed:     ev/sec=146.323   simsec/sec=0.999999   ev/simsec=146.323
     Messages:  created: 33281   present: 7   in FES: 5
** Event #266240   t=1413.767336166206   Elapsed: 1413.71s (23m 33s)  22% completed  (22% total)
     Speed:     ev/sec=100.57   simsec/sec=1.00002   ev/simsec=100.568
     Messages:  created: 33313   present: 7   in FES: 5
** Event #266752   t=1418.429284749827   Elapsed: 1418.38s (23m 38s)  22% completed  (22% total)
     Speed:     ev/sec=109.824   simsec/sec=0.999988   ev/simsec=109.825
     Messages:  created: 33377   present: 7   in FES: 5
** Event #267008   t=1421.610602637815   Elapsed: 1421.56s (23m 41s)  22% completed  (22% total)
     Speed:     ev/sec=80.4702   simsec/sec=1.00001   ev/simsec=80.4698
     Messages:  created: 33409   present: 7   in FES: 5
** Event #267264   t=1424.082936475856   Elapsed: 1424.03s (23m 44s)  22% completed  (22% total)
     Speed:     ev/sec=103.546   simsec/sec=1   ev/simsec=103.546
     Messages:  created: 33441   present: 7   in FES: 5
** Event #267776   t=1427.935433240064   Elapsed: 1427.88s (23m 47s)  22% completed  (22% total)
     Speed:     ev/sec=132.902   simsec/sec=1.00001   ev/simsec=132.901
     Messages:  created: 33505   present: 8   in FES: 6
** Event #268288   t=1432.86080300336   Elapsed: 1432.81s (23m 52s)  22% completed  (22% total)
     Speed:     ev/sec=103.952   simsec/sec=1   ev/simsec=103.952
     Messages:  created: 33569   present: 8   in FES: 6
** Event #268544   t=1435.028970719567   Elapsed: 1434.98s (23m 54s)  22% completed  (22% total)
     Speed:     ev/sec=117.982   simsec/sec=0.999238   ev/simsec=118.072
     Messages:  created: 33602   present: 10   in FES: 5
** Event #269312   t=1438.680491135984   Elapsed: 1438.63s (23m 58s)  22% completed  (22% total)
     Speed:     ev/sec=210.419   simsec/sec=1.00045   ev/simsec=210.323
     Messages:  created: 33697   present: 7   in FES: 5
** Event #269568   t=1440.699405573992   Elapsed: 1440.65s (24m 00s)  22% completed  (22% total)
     Speed:     ev/sec=126.801   simsec/sec=1   ev/simsec=126.801
     Messages:  created: 33729   present: 8   in FES: 6
** Event #270080   t=1443.477394033564   Elapsed: 1443.42s (24m 03s)  22% completed  (22% total)
     Speed:     ev/sec=184.306   simsec/sec=1   ev/simsec=184.306
     Messages:  created: 33792   present: 7   in FES: 5
** Event #270592   t=1445.86865313673   Elapsed: 1445.81s (24m 05s)  22% completed  (22% total)
     Speed:     ev/sec=214.113   simsec/sec=0.999999   ev/simsec=214.113
     Messages:  created: 33858   present: 12   in FES: 6
** Event #271104   t=1448.969414181946   Elapsed: 1448.92s (24m 08s)  22% completed  (22% total)
     Speed:     ev/sec=165.121   simsec/sec=1   ev/simsec=165.121
     Messages:  created: 33920   present: 7   in FES: 5
** Event #271360   t=1451.512178778254   Elapsed: 1451.49s (24m 11s)  23% completed  (23% total)
     Speed:     ev/sec=99.6194   simsec/sec=0.989487   ev/simsec=100.678
     Messages:  created: 33953   present: 9   in FES: 5
** Event #271616   t=1455.583185901282   Elapsed: 1455.53s (24m 15s)  23% completed  (23% total)
     Speed:     ev/sec=63.3038   simsec/sec=1.00668   ev/simsec=62.8837
     Messages:  created: 33985   present: 8   in FES: 6
** Event #271872   t=1459.608268028082   Elapsed: 1459.55s (24m 19s)  23% completed  (23% total)
     Speed:     ev/sec=63.6012   simsec/sec=1   ev/simsec=63.6012
     Messages:  created: 34017   present: 8   in FES: 6
** Event #272128   t=1463.231704027638   Elapsed: 1463.18s (24m 23s)  23% completed  (23% total)
     Speed:     ev/sec=70.6511   simsec/sec=0.999999   ev/simsec=70.6512
     Messages:  created: 34048   present: 7   in FES: 5
** Event #272640   t=1465.49454160278   Elapsed: 1465.44s (24m 25s)  23% completed  (23% total)
     Speed:     ev/sec=226.265   simsec/sec=1   ev/simsec=226.265
     Messages:  created: 34112   present: 7   in FES: 5
** Event #273152   t=1470.020938474305   Elapsed: 1469.97s (24m 29s)  23% completed  (23% total)
     Speed:     ev/sec=113.114   simsec/sec=0.999999   ev/simsec=113.114
     Messages:  created: 34176   present: 7   in FES: 5
** Event #273408   t=1472.729750291241   Elapsed: 1472.68s (24m 32s)  23% completed  (23% total)
     Speed:     ev/sec=94.5064   simsec/sec=1   ev/simsec=94.5064
     Messages:  created: 34208   present: 7   in FES: 5
** Event #273664   t=1474.85170487659   Elapsed: 1474.8s (24m 34s)  23% completed  (23% total)
     Speed:     ev/sec=120.644   simsec/sec=1   ev/simsec=120.643
     Messages:  created: 34240   present: 7   in FES: 5
** Event #273920   t=1477.509051531849   Elapsed: 1477.45s (24m 37s)  23% completed  (23% total)
     Speed:     ev/sec=96.3365   simsec/sec=0.999998   ev/simsec=96.3367
     Messages:  created: 34274   present: 11   in FES: 6
** Event #274432   t=1481.591574363105   Elapsed: 1481.54s (24m 41s)  23% completed  (23% total)
     Speed:     ev/sec=125.413   simsec/sec=1   ev/simsec=125.413
     Messages:  created: 34336   present: 7   in FES: 5
** Event #274944   t=1484.414450925417   Elapsed: 1484.37s (24m 44s)  23% completed  (23% total)
     Speed:     ev/sec=180.772   simsec/sec=0.996673   ev/simsec=181.375
     Messages:  created: 34401   present: 9   in FES: 5
** Event #275456   t=1486.637438977764   Elapsed: 1486.58s (24m 46s)  23% completed  (23% total)
     Speed:     ev/sec=231.301   simsec/sec=1.00426   ev/simsec=230.321
     Messages:  created: 34464   present: 7   in FES: 5
** Event #275968   t=1489.591889485805   Elapsed: 1489.56s (24m 49s)  23% completed  (23% total)
     Speed:     ev/sec=171.815   simsec/sec=0.991442   ev/simsec=173.298
     Messages:  created: 34529   present: 9   in FES: 5
** Event #276480   t=1492.625469367933   Elapsed: 1492.58s (24m 52s)  23% completed  (23% total)
     Speed:     ev/sec=169.953   simsec/sec=1.00696   ev/simsec=168.777
     Messages:  created: 34593   present: 9   in FES: 5
** Event #276992   t=1495.153788494931   Elapsed: 1495.1s (24m 55s)  23% completed  (23% total)
     Speed:     ev/sec=202.87   simsec/sec=1.00179   ev/simsec=202.506
     Messages:  created: 34656   present: 7   in FES: 5
** Event #277504   t=1498.39666455355   Elapsed: 1498.34s (24m 58s)  23% completed  (23% total)
     Speed:     ev/sec=157.883   simsec/sec=0.999993   ev/simsec=157.885
     Messages:  created: 34720   present: 7   in FES: 5
** Event #278016   t=1501.076790586591   Elapsed: 1501.02s (25m 01s)  23% completed  (23% total)
     Speed:     ev/sec=191.037   simsec/sec=1.00001   ev/simsec=191.036
     Messages:  created: 34784   present: 7   in FES: 5
** Event #278528   t=1503.798177552329   Elapsed: 1503.74s (25m 03s)  23% completed  (23% total)
     Speed:     ev/sec=188.139   simsec/sec=0.999999   ev/simsec=188.139
     Messages:  created: 34850   present: 13   in FES: 6
** Event #279296   t=1506.350103088552   Elapsed: 1506.3s (25m 06s)  23% completed  (23% total)
     Speed:     ev/sec=300.95   simsec/sec=1   ev/simsec=300.949
     Messages:  created: 34945   present: 10   in FES: 6
** Event #279808   t=1508.956486123068   Elapsed: 1508.9s (25m 08s)  23% completed  (23% total)
     Speed:     ev/sec=196.44   simsec/sec=0.999997   ev/simsec=196.441
     Messages:  created: 35008   present: 7   in FES: 5
** Event #280576   t=1511.68641989145   Elapsed: 1511.63s (25m 11s)  23% completed  (23% total)
     Speed:     ev/sec=281.326   simsec/sec=1   ev/simsec=281.326
     Messages:  created: 35105   present: 10   in FES: 6
** Event #281344   t=1514.987361810957   Elapsed: 1514.93s (25m 14s)  24% completed  (24% total)
     Speed:     ev/sec=232.565   simsec/sec=0.99959   ev/simsec=232.661
     Messages:  created: 35200   present: 8   in FES: 5
** Event #281856   t=1517.298066119305   Elapsed: 1517.25s (25m 17s)  24% completed  (24% total)
     Speed:     ev/sec=221.396   simsec/sec=0.99918   ev/simsec=221.577
     Messages:  created: 35264   present: 8   in FES: 5
** Event #282112   t=1520.058511457251   Elapsed: 1520s (25m 20s)  24% completed  (24% total)
     Speed:     ev/sec=92.8479   simsec/sec=1.00118   ev/simsec=92.7387
     Messages:  created: 35296   present: 7   in FES: 5
** Event #282368   t=1522.209570622579   Elapsed: 1522.16s (25m 22s)  24% completed  (24% total)
     Speed:     ev/sec=119.011   simsec/sec=1   ev/simsec=119.011
     Messages:  created: 35329   present: 10   in FES: 6
** Event #282624   t=1524.40000071986   Elapsed: 1524.35s (25m 24s)  24% completed  (24% total)
     Speed:     ev/sec=116.872   simsec/sec=0.999997   ev/simsec=116.872
     Messages:  created: 35360   present: 7   in FES: 5
** Event #283136   t=1526.895574806389   Elapsed: 1526.84s (25m 26s)  24% completed  (24% total)
     Speed:     ev/sec=205.164   simsec/sec=1   ev/simsec=205.163
     Messages:  created: 35425   present: 10   in FES: 6
** Event #283904   t=1529.632866990037   Elapsed: 1529.58s (25m 29s)  24% completed  (24% total)
     Speed:     ev/sec=280.171   simsec/sec=0.99858   ev/simsec=280.569
     Messages:  created: 35520   present: 8   in FES: 5
** Event #284672   t=1531.969855161213   Elapsed: 1531.92s (25m 31s)  24% completed  (24% total)
     Speed:     ev/sec=329.176   simsec/sec=1.00167   ev/simsec=328.628
     Messages:  created: 35617   present: 10   in FES: 6
** Event #285440   t=1534.620618349996   Elapsed: 1534.57s (25m 34s)  24% completed  (24% total)
     Speed:     ev/sec=289.728   simsec/sec=0.999999   ev/simsec=289.728
     Messages:  created: 35712   present: 7   in FES: 5
** Event #285696   t=1537.476025218967   Elapsed: 1537.42s (25m 37s)  24% completed  (24% total)
     Speed:     ev/sec=89.6545   simsec/sec=1   ev/simsec=89.6545
     Messages:  created: 35744   present: 7   in FES: 5
** Event #286208   t=1539.576685729555   Elapsed: 1539.52s (25m 39s)  24% completed  (24% total)
     Speed:     ev/sec=243.733   simsec/sec=1   ev/simsec=243.733
     Messages:  created: 35810   present: 12   in FES: 6
** Event #286976   t=1542.834839482437   Elapsed: 1542.79s (25m 42s)  24% completed  (24% total)
     Speed:     ev/sec=234.781   simsec/sec=0.996032   ev/simsec=235.716
     Messages:  created: 35904   present: 8   in FES: 5
** Event #287488   t=1545.359370641017   Elapsed: 1545.31s (25m 45s)  24% completed  (24% total)
     Speed:     ev/sec=203.858   simsec/sec=1.00517   ev/simsec=202.81
     Messages:  created: 35968   present: 7   in FES: 5
** Event #288000   t=1548.708778269193   Elapsed: 1548.71s (25m 48s)  24% completed  (24% total)
     Speed:     ev/sec=150.252   simsec/sec=0.982923   ev/simsec=152.863
     Messages:  created: 36032   present: 8   in FES: 5
** Event #288512   t=1551.89355116099   Elapsed: 1551.86s (25m 51s)  24% completed  (24% total)
     Speed:     ev/sec=162.926   simsec/sec=1.01344   ev/simsec=160.765
     Messages:  created: 36096   present: 8   in FES: 5
** Event #289024   t=1555.251561519098   Elapsed: 1555.2s (25m 55s)  24% completed  (24% total)
     Speed:     ev/sec=153.199   simsec/sec=1.00477   ev/simsec=152.471
     Messages:  created: 36161   present: 10   in FES: 6
** Event #289536   t=1557.499834648315   Elapsed: 1557.47s (25m 57s)  24% completed  (24% total)
     Speed:     ev/sec=224.857   simsec/sec=0.987381   ev/simsec=227.73
     Messages:  created: 36224   present: 8   in FES: 5
** Event #290048   t=1559.777155762935   Elapsed: 1559.72s (25m 59s)  24% completed  (24% total)
     Speed:     ev/sec=227.699   simsec/sec=1.01278   ev/simsec=224.826
     Messages:  created: 36288   present: 7   in FES: 5
** Event #290560   t=1562.935147174999   Elapsed: 1562.9s (26m 02s)  24% completed  (24% total)
     Speed:     ev/sec=161.122   simsec/sec=0.99379   ev/simsec=162.128
     Messages:  created: 36351   present: 7   in FES: 5
t=1564.033622 executing setDimmer(0.7)
** Event #291072   t=1567.001773079469   Elapsed: 1566.95s (26m 06s)  24% completed  (24% total)
     Speed:     ev/sec=126.517   simsec/sec=1.00488   ev/simsec=125.903
     Messages:  created: 36415   present: 8   in FES: 6
** Event #291584   t=1570.206186235346   Elapsed: 1570.15s (26m 10s)  24% completed  (24% total)
     Speed:     ev/sec=159.78   simsec/sec=1   ev/simsec=159.78
     Messages:  created: 36480   present: 9   in FES: 6
** Event #291840   t=1573.660650108293   Elapsed: 1573.61s (26m 13s)  24% completed  (24% total)
     Speed:     ev/sec=74.107   simsec/sec=1   ev/simsec=74.107
     Messages:  created: 36511   present: 8   in FES: 6
** Event #292352   t=1576.38051738288   Elapsed: 1576.33s (26m 16s)  25% completed  (25% total)
     Speed:     ev/sec=188.244   simsec/sec=0.999999   ev/simsec=188.244
     Messages:  created: 36575   present: 8   in FES: 6
** Event #293120   t=1578.951543723818   Elapsed: 1578.9s (26m 18s)  25% completed  (25% total)
     Speed:     ev/sec=298.714   simsec/sec=1   ev/simsec=298.713
     Messages:  created: 36671   present: 8   in FES: 6
** Event #293632   t=1580.928160769376   Elapsed: 1580.94s (26m 20s)  25% completed  (25% total)
     Speed:     ev/sec=250.25   simsec/sec=0.96611   ev/simsec=259.028
     Messages:  created: 36736   present: 10   in FES: 5
** Event #294144   t=1583.747354888609   Elapsed: 1583.69s (26m 23s)  25% completed  (25% total)
     Speed:     ev/sec=186.192   simsec/sec=1.02522   ev/simsec=181.612
     Messages:  created: 36799   present: 7   in FES: 5
** Event #294656   t=1586.889519197016   Elapsed: 1586.84s (26m 26s)  25% completed  (25% total)
     Speed:     ev/sec=162.945   simsec/sec=1   ev/simsec=162.945
     Messages:  created: 36863   present: 7   in FES: 5
** Event #295168   t=1590.282343875845   Elapsed: 1590.23s (26m 30s)  25% completed  (25% total)
     Speed:     ev/sec=150.907   simsec/sec=1   ev/simsec=150.907
     Messages:  created: 36927   present: 7   in FES: 5
** Event #295424   t=1592.547349399493   Elapsed: 1592.49s (26m 32s)  25% completed  (25% total)
     Speed:     ev/sec=113.023   simsec/sec=0.999987   ev/simsec=113.024
     Messages:  created: 36959   present: 7   in FES: 5
** Event #295936   t=1596.326642082792   Elapsed: 1596.27s (26m 36s)  25% completed  (25% total)
     Speed:     ev/sec=135.476   simsec/sec=1.00001   ev/simsec=135.475
     Messages:  created: 37023   present: 7   in FES: 5
** Event #296448   t=1600.066831105899   Elapsed: 1600.01s (26m 40s)  25% completed  (25% total)
     Speed:     ev/sec=136.892   simsec/sec=1   ev/simsec=136.891
     Messages:  created: 37087   present: 8   in FES: 6
** Event #296960   t=1603.419549497639   Elapsed: 1603.37s (26m 43s)  25% completed  (25% total)
     Speed:     ev/sec=152.71   simsec/sec=0.99999   ev/simsec=152.712
     Messages:  created: 37151   present: 7   in FES: 5
** Event #297472   t=1607.175458925812   Elapsed: 1607.12s (26m 47s)  25% completed  (25% total)
     Speed:     ev/sec=136.32   simsec/sec=1.00001   ev/simsec=136.319
     Messages:  created: 37215   present: 7   in FES: 5
** Event #297728   t=1609.747674994233   Elapsed: 1609.69s (26m 49s)  25% completed  (25% total)
     Speed:     ev/sec=99.525   simsec/sec=1   ev/simsec=99.5251
     Messages:  created: 37247   present: 7   in FES: 5
** Event #297984   t=1612.4772981065   Elapsed: 1612.42s (26m 52s)  25% completed  (25% total)
     Speed:     ev/sec=93.7859   simsec/sec=1   ev/simsec=93.7858
     Messages:  created: 37281   present: 12   in FES: 6
** Event #298496   t=1615.759735846114   Elapsed: 1615.71s (26m 55s)  25% completed  (25% total)
     Speed:     ev/sec=155.982   simsec/sec=1   ev/simsec=155.982
     Messages:  created: 37343   present: 8   in FES: 6
** Event #299008   t=1617.938367552736   Elapsed: 1617.89s (26m 57s)  25% completed  (25% total)
     Speed:     ev/sec=234.116   simsec/sec=0.996195   ev/simsec=235.01
     Messages:  created: 37408   present: 10   in FES: 5
** Event #299520   t=1620.879140276853   Elapsed: 1620.83s (27m 00s)  25% completed  (25% total)
     Speed:     ev/sec=174.597   simsec/sec=1.00283   ev/simsec=174.104
     Messages:  created: 37470   present: 7   in FES: 5
t=1623.341593 executing setDimmer(0.9)
** Event #299776   t=1623.42538217831   Elapsed: 1623.37s (27m 03s)  25% completed  (25% total)
     Speed:     ev/sec=100.541   simsec/sec=1   ev/simsec=100.54
     Messages:  created: 37503   present: 8   in FES: 6
** Event #300032   t=1625.929304655765   Elapsed: 1625.88s (27m 05s)  25% completed  (25% total)
     Speed:     ev/sec=102.24   simsec/sec=0.999999   ev/simsec=102.24
     Messages:  created: 37535   present: 8   in FES: 6
** Event #300288   t=1628.650761812276   Elapsed: 1628.6s (27m 08s)  25% completed  (25% total)
     Speed:     ev/sec=94.0674   simsec/sec=1   ev/simsec=94.0673
     Messages:  created: 37567   present: 9   in FES: 6
** Event #300800   t=1631.915809971989   Elapsed: 1631.86s (27m 11s)  25% completed  (25% total)
     Speed:     ev/sec=156.812   simsec/sec=1   ev/simsec=156.812
     Messages:  created: 37633   present: 15   in FES: 6
** Event #301056   t=1634.124696754009   Elapsed: 1634.07s (27m 14s)  25% completed  (25% total)
     Speed:     ev/sec=115.895   simsec/sec=1   ev/simsec=115.895
     Messages:  created: 37663   present: 8   in FES: 6
** Event #301568   t=1636.966646230184   Elapsed: 1636.91s (27m 16s)  25% completed  (25% total)
     Speed:     ev/sec=180.158   simsec/sec=1   ev/simsec=180.158
     Messages:  created: 37727   present: 9   in FES: 6
** Event #302080   t=1639.919340099365   Elapsed: 1639.87s (27m 19s)  26% completed  (26% total)
     Speed:     ev/sec=173.401   simsec/sec=0.999998   ev/simsec=173.401
     Messages:  created: 37790   present: 7   in FES: 5
** Event #302592   t=1642.517248005248   Elapsed: 1642.46s (27m 22s)  26% completed  (26% total)
     Speed:     ev/sec=197.082   simsec/sec=1   ev/simsec=197.082
     Messages:  created: 37856   present: 11   in FES: 6
** Event #303104   t=1647.304182477628   Elapsed: 1647.25s (27m 27s)  26% completed  (26% total)
     Speed:     ev/sec=106.958   simsec/sec=1   ev/simsec=106.958
     Messages:  created: 37918   present: 7   in FES: 5
** Event #303360   t=1649.750998049283   Elapsed: 1649.7s (27m 29s)  26% completed  (26% total)
     Speed:     ev/sec=104.626   simsec/sec=1   ev/simsec=104.626
     Messages:  created: 37952   present: 11   in FES: 6
** Event #303872   t=1653.689126481654   Elapsed: 1653.64s (27m 33s)  26% completed  (26% total)
     Speed:     ev/sec=130.011   simsec/sec=1   ev/simsec=130.011
     Messages:  created: 38014   present: 7   in FES: 5
** Event #304384   t=1657.16554722802   Elapsed: 1657.2s (27m 37s)  26% completed  (26% total)
     Speed:     ev/sec=143.706   simsec/sec=0.975749   ev/simsec=147.278
     Messages:  created: 38080   present: 12   in FES: 5
** Event #304896   t=1660.366095046087   Elapsed: 1660.31s (27m 40s)  26% completed  (26% total)
     Speed:     ev/sec=164.411   simsec/sec=1.02774   ev/simsec=159.973
     Messages:  created: 38145   present: 14   in FES: 6
** Event #305408   t=1662.41683933639   Elapsed: 1662.36s (27m 42s)  26% completed  (26% total)
     Speed:     ev/sec=249.665   simsec/sec=0.999999   ev/simsec=249.665
     Messages:  created: 38208   present: 11   in FES: 6
** Event #305664   t=1664.520246136057   Elapsed: 1664.47s (27m 44s)  26% completed  (26% total)
     Speed:     ev/sec=121.708   simsec/sec=1   ev/simsec=121.707
     Messages:  created: 38239   present: 8   in FES: 6
** Event #306432   t=1667.394393013506   Elapsed: 1667.34s (27m 47s)  26% completed  (26% total)
     Speed:     ev/sec=267.209   simsec/sec=0.999999   ev/simsec=267.21
     Messages:  created: 38361   present: 79   in FES: 6
** Event #306944   t=1669.96962650159   Elapsed: 1669.92s (27m 49s)  26% completed  (26% total)
     Speed:     ev/sec=198.817   simsec/sec=1   ev/simsec=198.817
     Messages:  created: 38412   present: 43   in FES: 6
** Event #307456   t=1673.102297252156   Elapsed: 1673.05s (27m 53s)  26% completed  (26% total)
     Speed:     ev/sec=163.439   simsec/sec=1   ev/simsec=163.439
     Messages:  created: 38463   present: 10   in FES: 6
** Event #307712   t=1675.376007163368   Elapsed: 1675.33s (27m 55s)  26% completed  (26% total)
     Speed:     ev/sec=112.38   simsec/sec=0.998122   ev/simsec=112.591
     Messages:  created: 38496   present: 12   in FES: 5
** Event #308224   t=1678.511925979066   Elapsed: 1678.47s (27m 58s)  26% completed  (26% total)
     Speed:     ev/sec=162.915   simsec/sec=0.99783   ev/simsec=163.27
     Messages:  created: 38560   present: 12   in FES: 5
** Event #308736   t=1680.880621280634   Elapsed: 1680.83s (28m 00s)  26% completed  (26% total)
     Speed:     ev/sec=217.167   simsec/sec=1.00469   ev/simsec=216.153
     Messages:  created: 38622   present: 7   in FES: 5
t=1682.922231 executing setDimmer(0.1)
** Event #309248   t=1683.18990350213   Elapsed: 1683.14s (28m 03s)  26% completed  (26% total)
     Speed:     ev/sec=221.717   simsec/sec=1.00001   ev/simsec=221.714
     Messages:  created: 38687   present: 11   in FES: 6
** Event #309760   t=1685.68795132022   Elapsed: 1685.63s (28m 05s)  26% completed  (26% total)
     Speed:     ev/sec=204.96   simsec/sec=1   ev/simsec=204.96
     Messages:  created: 38750   present: 8   in FES: 6
** Event #310016   t=1687.597837851949   Elapsed: 1687.72s (28m 07s)  26% completed  (26% total)
     Speed:     ev/sec=122.83   simsec/sec=0.916373   ev/simsec=134.039
     Messages:  created: 38781   present: 6   in FES: 4
** Event #310528   t=1690.873354877373   Elapsed: 1690.88s (28m 10s)  26% completed  (26% total)
     Speed:     ev/sec=162.135   simsec/sec=1.03725   ev/simsec=156.311
     Messages:  created: 38845   present: 6   in FES: 4
** Event #311040   t=1695.490371359614   Elapsed: 1695.46s (28m 15s)  26% completed  (26% total)
     Speed:     ev/sec=111.743   simsec/sec=1.00766   ev/simsec=110.894
     Messages:  created: 38909   present: 6   in FES: 4
** Event #311296   t=1697.865287278937   Elapsed: 1697.84s (28m 17s)  26% completed  (26% total)
     Speed:     ev/sec=107.458   simsec/sec=0.996888   ev/simsec=107.793
     Messages:  created: 38941   present: 6   in FES: 4
** Event #311808   t=1701.071373215713   Elapsed: 1701.1s (28m 21s)  27% completed  (27% total)
     Speed:     ev/sec=157.289   simsec/sec=0.984927   ev/simsec=159.696
     Messages:  created: 39005   present: 6   in FES: 4
** Event #312320   t=1706.354546026491   Elapsed: 1706.3s (28m 26s)  27% completed  (27% total)
     Speed:     ev/sec=98.2796   simsec/sec=1.01412   ev/simsec=96.9115
     Messages:  created: 39069   present: 6   in FES: 4
** Event #313344   t=1709.912718882267   Elapsed: 1709.86s (28m 29s)  27% completed  (27% total)
     Speed:     ev/sec=288.151   simsec/sec=1.00126   ev/simsec=287.788
     Messages:  created: 39198   present: 8   in FES: 6
** Event #313600   t=1712.952978664761   Elapsed: 1712.97s (28m 32s)  27% completed  (27% total)
     Speed:     ev/sec=82.3888   simsec/sec=0.978451   ev/simsec=84.2033
     Messages:  created: 39229   present: 6   in FES: 4
** Event #314112   t=1717.019079534853   Elapsed: 1717s (28m 37s)  27% completed  (27% total)
     Speed:     ev/sec=126.791   simsec/sec=1.00693   ev/simsec=125.919
     Messages:  created: 39293   present: 6   in FES: 4
** Event #314624   t=1721.337107395577   Elapsed: 1721.33s (28m 41s)  27% completed  (27% total)
     Speed:     ev/sec=118.272   simsec/sec=0.997468   ev/simsec=118.573
     Messages:  created: 39357   present: 6   in FES: 4
** Event #315136   t=1724.140112683255   Elapsed: 1724.18s (28m 44s)  27% completed  (27% total)
     Speed:     ev/sec=179.867   simsec/sec=0.984704   ev/simsec=182.661
     Messages:  created: 39421   present: 6   in FES: 4
** Event #315648   t=1729.55204066424   Elapsed: 1729.51s (28m 49s)  27% completed  (27% total)
     Speed:     ev/sec=95.9969   simsec/sec=1.0147   ev/simsec=94.6058
     Messages:  created: 39485   present: 6   in FES: 4
** Event #315904   t=1732.899372033964   Elapsed: 1732.85s (28m 52s)  27% completed  (27% total)
     Speed:     ev/sec=76.6307   simsec/sec=1.00199   ev/simsec=76.4788
     Messages:  created: 39517   present: 6   in FES: 4
** Event #316416   t=1736.043303556649   Elapsed: 1736.05s (28m 56s)  27% completed  (27% total)
     Speed:     ev/sec=160.143   simsec/sec=0.983356   ev/simsec=162.853
     Messages:  created: 39581   present: 6   in FES: 4
** Event #316928   t=1738.668022497302   Elapsed: 1738.61s (28m 58s)  27% completed  (27% total)
     Speed:     ev/sec=199.749   simsec/sec=1.024   ev/simsec=195.069
     Messages:  created: 39645   present: 6   in FES: 4
** Event #317440   t=1741.422277217284   Elapsed: 1741.37s (29m 01s)  27% completed  (27% total)
     Speed:     ev/sec=185.904   simsec/sec=1.00005   ev/simsec=185.894
     Messages:  created: 39709   present: 8   in FES: 6
t=1742.843192 executing addServer()
adding server with latency=60
** Event #317696   t=1743.507089836892   Elapsed: 1743.45s (29m 03s)  27% completed  (27% total)
     Speed:     ev/sec=122.789   simsec/sec=0.999965   ev/simsec=122.793
     Messages:  created: 39743   present: 9   in FES: 6
** Event #318208   t=1746.294730758301   Elapsed: 1746.24s (29m 06s)  27% completed  (27% total)
     Speed:     ev/sec=183.672   simsec/sec=1.00002   ev/simsec=183.668
     Messages:  created: 39807   present: 9   in FES: 6
** Event #318720   t=1748.576936629384   Elapsed: 1748.52s (29m 08s)  27% completed  (27% total)
     Speed:     ev/sec=224.34   simsec/sec=0.999981   ev/simsec=224.344
     Messages:  created: 39871   present: 9   in FES: 6
** Event #319232   t=1751.064179509776   Elapsed: 1751.01s (29m 11s)  27% completed  (27% total)
     Speed:     ev/sec=205.852   simsec/sec=1.00001   ev/simsec=205.85
     Messages:  created: 39935   present: 9   in FES: 6
** Event #319488   t=1753.123043095267   Elapsed: 1753.07s (29m 13s)  27% completed  (27% total)
     Speed:     ev/sec=124.342   simsec/sec=1.00001   ev/simsec=124.34
     Messages:  created: 39967   present: 9   in FES: 6
** Event #319744   t=1756.74238272622   Elapsed: 1756.69s (29m 16s)  27% completed  (27% total)
     Speed:     ev/sec=70.7304   simsec/sec=0.999989   ev/simsec=70.7311
     Messages:  created: 39999   present: 9   in FES: 6
** Event #320256   t=1760.461448559757   Elapsed: 1760.41s (29m 20s)  27% completed  (27% total)
     Speed:     ev/sec=137.67   simsec/sec=1.00001   ev/simsec=137.669
     Messages:  created: 40063   present: 9   in FES: 6
** Event #320768   t=1763.331597803839   Elapsed: 1763.28s (29m 23s)  27% completed  (27% total)
     Speed:     ev/sec=178.388   simsec/sec=1   ev/simsec=178.388
     Messages:  created: 40127   present: 9   in FES: 6
** Event #321280   t=1767.002587415044   Elapsed: 1766.95s (29m 26s)  28% completed  (28% total)
     Speed:     ev/sec=139.471   simsec/sec=0.999991   ev/simsec=139.472
     Messages:  created: 40191   present: 9   in FES: 6
** Event #321792   t=1770.549332477205   Elapsed: 1770.5s (29m 30s)  28% completed  (28% total)
     Speed:     ev/sec=144.358   simsec/sec=1   ev/simsec=144.358
     Messages:  created: 40255   present: 9   in FES: 6
** Event #322048   t=1773.003128909591   Elapsed: 1772.95s (29m 32s)  28% completed  (28% total)
     Speed:     ev/sec=104.327   simsec/sec=0.999987   ev/simsec=104.328
     Messages:  created: 40287   present: 9   in FES: 6
** Event #322560   t=1776.667873836523   Elapsed: 1776.61s (29m 36s)  28% completed  (28% total)
     Speed:     ev/sec=139.712   simsec/sec=1.00002   ev/simsec=139.71
     Messages:  created: 40351   present: 9   in FES: 6
** Event #322816   t=1778.814727526944   Elapsed: 1778.76s (29m 38s)  28% completed  (28% total)
     Speed:     ev/sec=119.244   simsec/sec=0.999997   ev/simsec=119.244
     Messages:  created: 40383   present: 9   in FES: 6
** Event #323072   t=1781.373708978965   Elapsed: 1781.32s (29m 41s)  28% completed  (28% total)
     Speed:     ev/sec=99.8921   simsec/sec=0.998524   ev/simsec=100.04
     Messages:  created: 40415   present: 10   in FES: 6
** Event #323840   t=1783.485393561552   Elapsed: 1783.43s (29m 43s)  28% completed  (28% total)
     Speed:     ev/sec=364.34   simsec/sec=1.00179   ev/simsec=363.691
     Messages:  created: 40511   present: 9   in FES: 6
** Event #324096   t=1786.014860674572   Elapsed: 1785.96s (29m 45s)  28% completed  (28% total)
     Speed:     ev/sec=101.205   simsec/sec=0.99998   ev/simsec=101.207
     Messages:  created: 40543   present: 9   in FES: 6
** Event #324608   t=1789.163800170442   Elapsed: 1789.11s (29m 49s)  28% completed  (28% total)
     Speed:     ev/sec=162.596   simsec/sec=1.00001   ev/simsec=162.594
     Messages:  created: 40607   present: 9   in FES: 6
** Event #324864   t=1791.4817397092   Elapsed: 1791.43s (29m 51s)  28% completed  (28% total)
     Speed:     ev/sec=110.445   simsec/sec=1.00002   ev/simsec=110.443
     Messages:  created: 40639   present: 9   in FES: 6
** Event #325376   t=1794.556986374465   Elapsed: 1794.5s (29m 54s)  28% completed  (28% total)
     Speed:     ev/sec=166.491   simsec/sec=0.999999   ev/simsec=166.491
     Messages:  created: 40703   present: 9   in FES: 6
** Event #325888   t=1799.361067976245   Elapsed: 1799.31s (29m 59s)  28% completed  (28% total)
     Speed:     ev/sec=106.573   simsec/sec=0.999971   ev/simsec=106.576
     Messages:  created: 40767   present: 9   in FES: 6
** Event #326144   t=1802.782073673568   Elapsed: 1802.73s (30m 02s)  28% completed  (28% total)
     Speed:     ev/sec=74.7991   simsec/sec=0.999563   ev/simsec=74.8318
     Messages:  created: 40798   present: 9   in FES: 6
t=1802.843192 addServer() complete
** Event #326656   t=1807.712720683486   Elapsed: 1807.66s (30m 07s)  28% completed  (28% total)
     Speed:     ev/sec=103.875   simsec/sec=1.00033   ev/simsec=103.84
     Messages:  created: 40862   present: 8   in FES: 5
** Event #327168   t=1810.634783164524   Elapsed: 1810.58s (30m 10s)  28% completed  (28% total)
     Speed:     ev/sec=175.219   simsec/sec=0.999999   ev/simsec=175.219
     Messages:  created: 40926   present: 8   in FES: 5
** Event #327680   t=1813.152469744559   Elapsed: 1813.1s (30m 13s)  28% completed  (28% total)
     Speed:     ev/sec=203.361   simsec/sec=0.999999   ev/simsec=203.361
     Messages:  created: 40990   present: 8   in FES: 5
** Event #327936   t=1815.569988333006   Elapsed: 1815.52s (30m 15s)  28% completed  (28% total)
     Speed:     ev/sec=105.888   simsec/sec=0.999951   ev/simsec=105.894
     Messages:  created: 41022   present: 8   in FES: 5
** Event #328704   t=1817.827908717161   Elapsed: 1817.77s (30m 17s)  28% completed  (28% total)
     Speed:     ev/sec=340.155   simsec/sec=1.00005   ev/simsec=340.136
     Messages:  created: 41118   present: 8   in FES: 5
** Event #329216   t=1820.048226629222   Elapsed: 1819.99s (30m 19s)  28% completed  (28% total)
     Speed:     ev/sec=230.598   simsec/sec=1   ev/simsec=230.598
     Messages:  created: 41182   present: 8   in FES: 5
** Event #329728   t=1822.89966144782   Elapsed: 1822.85s (30m 22s)  28% completed  (28% total)
     Speed:     ev/sec=179.559   simsec/sec=1   ev/simsec=179.559
     Messages:  created: 41246   present: 8   in FES: 5
** Event #330240   t=1825.518147771194   Elapsed: 1825.46s (30m 25s)  28% completed  (28% total)
     Speed:     ev/sec=195.532   simsec/sec=0.999994   ev/simsec=195.533
     Messages:  created: 41310   present: 8   in FES: 5
** Event #330496   t=1830.365762109435   Elapsed: 1830.31s (30m 30s)  29% completed  (29% total)
     Speed:     ev/sec=52.8091   simsec/sec=0.999992   ev/simsec=52.8095
     Messages:  created: 41342   present: 8   in FES: 5
** Event #330752   t=1833.715386908195   Elapsed: 1833.66s (30m 33s)  29% completed  (29% total)
     Speed:     ev/sec=76.4251   simsec/sec=0.999983   ev/simsec=76.4265
     Messages:  created: 41374   present: 8   in FES: 5
** Event #331008   t=1835.949710213948   Elapsed: 1835.9s (30m 35s)  29% completed  (29% total)
     Speed:     ev/sec=114.582   simsec/sec=1.00005   ev/simsec=114.576
     Messages:  created: 41406   present: 8   in FES: 5
** Event #331264   t=1838.210671192975   Elapsed: 1838.16s (30m 38s)  29% completed  (29% total)
     Speed:     ev/sec=113.226   simsec/sec=1   ev/simsec=113.226
     Messages:  created: 41438   present: 8   in FES: 5
** Event #331776   t=1842.004518261797   Elapsed: 1841.95s (30m 41s)  29% completed  (29% total)
     Speed:     ev/sec=134.955   simsec/sec=1   ev/simsec=134.955
     Messages:  created: 41502   present: 8   in FES: 5
** Event #332288   t=1844.63639868023   Elapsed: 1844.58s (30m 44s)  29% completed  (29% total)
     Speed:     ev/sec=194.538   simsec/sec=1   ev/simsec=194.538
     Messages:  created: 41566   present: 8   in FES: 5
** Event #332800   t=1848.024289037885   Elapsed: 1847.97s (30m 47s)  29% completed  (29% total)
     Speed:     ev/sec=151.127   simsec/sec=1   ev/simsec=151.126
     Messages:  created: 41630   present: 9   in FES: 6
** Event #333312   t=1850.533966631545   Elapsed: 1850.48s (30m 50s)  29% completed  (29% total)
     Speed:     ev/sec=204.01   simsec/sec=1   ev/simsec=204.01
     Messages:  created: 41694   present: 9   in FES: 6
** Event #333824   t=1853.57523599601   Elapsed: 1853.52s (30m 53s)  29% completed  (29% total)
     Speed:     ev/sec=168.348   simsec/sec=0.999985   ev/simsec=168.351
     Messages:  created: 41758   present: 8   in FES: 5
** Event #334336   t=1855.9178831399   Elapsed: 1855.86s (30m 55s)  29% completed  (29% total)
     Speed:     ev/sec=218.56   simsec/sec=1.00002   ev/simsec=218.556
     Messages:  created: 41822   present: 8   in FES: 5
** Event #335360   t=1858.636294538281   Elapsed: 1858.58s (30m 58s)  29% completed  (29% total)
     Speed:     ev/sec=376.686   simsec/sec=0.999987   ev/simsec=376.691
     Messages:  created: 41950   present: 8   in FES: 5
** Event #336128   t=1861.874127776356   Elapsed: 1861.82s (31m 01s)  29% completed  (29% total)
     Speed:     ev/sec=237.198   simsec/sec=1.00001   ev/simsec=237.196
     Messages:  created: 42045   present: 8   in FES: 5
t=1862.82896 executing removeServer()
scheduled complete remove at 1862.82896
** Event #336640   t=1864.789328122965   Elapsed: 1864.74s (31m 04s)  29% completed  (29% total)
     Speed:     ev/sec=175.613   simsec/sec=0.999896   ev/simsec=175.631
     Messages:  created: 42111   present: 7   in FES: 5
** Event #337152   t=1867.236905661295   Elapsed: 1867.18s (31m 07s)  29% completed  (29% total)
     Speed:     ev/sec=209.122   simsec/sec=0.99969   ev/simsec=209.186
     Messages:  created: 42175   present: 7   in FES: 5
** Event #337408   t=1869.892553450075   Elapsed: 1869.84s (31m 09s)  29% completed  (29% total)
     Speed:     ev/sec=96.3365   simsec/sec=0.999359   ev/simsec=96.3983
     Messages:  created: 42207   present: 7   in FES: 5
** Event #337920   t=1873.000127831023   Elapsed: 1872.95s (31m 12s)  29% completed  (29% total)
     Speed:     ev/sec=164.805   simsec/sec=1.00028   ev/simsec=164.759
     Messages:  created: 42271   present: 7   in FES: 5
** Event #338432   t=1876.390876297122   Elapsed: 1876.34s (31m 16s)  29% completed  (29% total)
     Speed:     ev/sec=151.047   simsec/sec=1.00032   ev/simsec=150.999
     Messages:  created: 42335   present: 7   in FES: 5
** Event #338688   t=1878.616428624361   Elapsed: 1878.56s (31m 18s)  29% completed  (29% total)
     Speed:     ev/sec=115.012   simsec/sec=0.999864   ev/simsec=115.028
     Messages:  created: 42367   present: 7   in FES: 5
** Event #339200   t=1881.209324155764   Elapsed: 1881.16s (31m 21s)  29% completed  (29% total)
     Speed:     ev/sec=197.524   simsec/sec=1.00031   ev/simsec=197.463
     Messages:  created: 42431   present: 7   in FES: 5
** Event #339968   t=1884.869178989122   Elapsed: 1884.85s (31m 24s)  29% completed  (29% total)
     Speed:     ev/sec=208.113   simsec/sec=0.991752   ev/simsec=209.844
     Messages:  created: 42527   present: 7   in FES: 5
** Event #340480   t=1887.848335099299   Elapsed: 1887.82s (31m 27s)  29% completed  (29% total)
     Speed:     ev/sec=171.973   simsec/sec=1.00065   ev/simsec=171.861
     Messages:  created: 42591   present: 7   in FES: 5
** Event #340992   t=1890.649973243584   Elapsed: 1890.6s (31m 30s)  30% completed  (30% total)
     Speed:     ev/sec=184.568   simsec/sec=1.00995   ev/simsec=182.75
     Messages:  created: 42655   present: 7   in FES: 5
** Event #341504   t=1894.707162960844   Elapsed: 1894.66s (31m 34s)  30% completed  (30% total)
     Speed:     ev/sec=126.165   simsec/sec=0.999755   ev/simsec=126.196
     Messages:  created: 42719   present: 7   in FES: 5
** Event #342272   t=1898.388716496789   Elapsed: 1898.33s (31m 38s)  30% completed  (30% total)
     Speed:     ev/sec=208.721   simsec/sec=1.00054   ev/simsec=208.608
     Messages:  created: 42815   present: 7   in FES: 5
** Event #342784   t=1900.784782697946   Elapsed: 1900.8s (31m 40s)  30% completed  (30% total)
     Speed:     ev/sec=207.947   simsec/sec=0.973153   ev/simsec=213.684
     Messages:  created: 42879   present: 7   in FES: 5
** Event #343040   t=1902.893130154617   Elapsed: 1902.84s (31m 42s)  30% completed  (30% total)
     Speed:     ev/sec=125.335   simsec/sec=1.03223   ev/simsec=121.422
     Messages:  created: 42911   present: 7   in FES: 5
** Event #343296   t=1905.918601311459   Elapsed: 1905.87s (31m 45s)  30% completed  (30% total)
     Speed:     ev/sec=84.5535   simsec/sec=0.999274   ev/simsec=84.6149
     Messages:  created: 42943   present: 7   in FES: 5
** Event #344064   t=1909.347379166033   Elapsed: 1909.3s (31m 49s)  30% completed  (30% total)
     Speed:     ev/sec=223.974   simsec/sec=0.999945   ev/simsec=223.987
     Messages:  created: 43039   present: 7   in FES: 5
** Event #344832   t=1913.263538047204   Elapsed: 1913.21s (31m 53s)  30% completed  (30% total)
     Speed:     ev/sec=196.256   simsec/sec=1.00074   ev/simsec=196.111
     Messages:  created: 43135   present: 7   in FES: 5
** Event #345088   t=1915.486499479441   Elapsed: 1915.43s (31m 55s)  30% completed  (30% total)
     Speed:     ev/sec=115.148   simsec/sec=0.99988   ev/simsec=115.162
     Messages:  created: 43167   present: 7   in FES: 5
** Event #345600   t=1918.972177096716   Elapsed: 1918.92s (31m 58s)  30% completed  (30% total)
     Speed:     ev/sec=146.898   simsec/sec=1.00008   ev/simsec=146.887
     Messages:  created: 43231   present: 7   in FES: 5
** Event #346112   t=1922.333038776949   Elapsed: 1922.28s (32m 02s)  30% completed  (30% total)
     Speed:     ev/sec=152.286   simsec/sec=0.999636   ev/simsec=152.342
     Messages:  created: 43294   present: 6   in FES: 4
** Event #346624   t=1926.134372999787   Elapsed: 1926.27s (32m 06s)  30% completed  (30% total)
     Speed:     ev/sec=128.345   simsec/sec=0.952895   ev/simsec=134.69
     Messages:  created: 43358   present: 6   in FES: 4
** Event #347136   t=1928.599531205627   Elapsed: 1928.57s (32m 08s)  30% completed  (30% total)
     Speed:     ev/sec=222.221   simsec/sec=1.06994   ev/simsec=207.695
     Messages:  created: 43422   present: 6   in FES: 4
** Event #347648   t=1931.153062161534   Elapsed: 1931.1s (32m 11s)  30% completed  (30% total)
     Speed:     ev/sec=202.729   simsec/sec=1.01108   ev/simsec=200.507
     Messages:  created: 43487   present: 9   in FES: 6
** Event #348160   t=1934.06535956997   Elapsed: 1934.02s (32m 14s)  30% completed  (30% total)
     Speed:     ev/sec=175.133   simsec/sec=0.996171   ev/simsec=175.806
     Messages:  created: 43550   present: 6   in FES: 4
** Event #348672   t=1937.583010692732   Elapsed: 1937.69s (32m 17s)  30% completed  (30% total)
     Speed:     ev/sec=139.71   simsec/sec=0.959869   ev/simsec=145.552
     Messages:  created: 43614   present: 6   in FES: 4
** Event #348928   t=1939.954643464914   Elapsed: 1939.92s (32m 19s)  30% completed  (30% total)
     Speed:     ev/sec=114.706   simsec/sec=1.06266   ev/simsec=107.943
     Messages:  created: 43646   present: 6   in FES: 4
** Event #349440   t=1942.626523978906   Elapsed: 1942.66s (32m 22s)  30% completed  (30% total)
     Speed:     ev/sec=186.799   simsec/sec=0.974813   ev/simsec=191.625
     Messages:  created: 43710   present: 6   in FES: 4
** Event #349952   t=1945.922859758303   Elapsed: 1945.93s (32m 25s)  30% completed  (30% total)
     Speed:     ev/sec=156.467   simsec/sec=1.00736   ev/simsec=155.324
     Messages:  created: 43774   present: 6   in FES: 4
** Event #350464   t=1948.548099258122   Elapsed: 1948.5s (32m 28s)  30% completed  (30% total)
     Speed:     ev/sec=199.216   simsec/sec=1.02146   ev/simsec=195.03
     Messages:  created: 43838   present: 6   in FES: 4
** Event #350720   t=1951.259128960137   Elapsed: 1951.26s (32m 31s)  30% completed  (30% total)
     Speed:     ev/sec=92.8777   simsec/sec=0.983571   ev/simsec=94.4291
     Messages:  created: 43870   present: 6   in FES: 4
** Event #351232   t=1953.718902126578   Elapsed: 1953.74s (32m 33s)  31% completed  (31% total)
     Speed:     ev/sec=206.374   simsec/sec=0.991472   ev/simsec=208.149
     Messages:  created: 43934   present: 6   in FES: 4
** Event #351488   t=1955.738140580863   Elapsed: 1955.81s (32m 35s)  31% completed  (31% total)
     Speed:     ev/sec=123.793   simsec/sec=0.976435   ev/simsec=126.78
     Messages:  created: 43966   present: 6   in FES: 4
** Event #352000   t=1960.682113983792   Elapsed: 1960.63s (32m 40s)  31% completed  (31% total)
     Speed:     ev/sec=106.211   simsec/sec=1.0256   ev/simsec=103.56
     Messages:  created: 44031   present: 8   in FES: 6
** Event #352512   t=1963.477873567386   Elapsed: 1963.44s (32m 43s)  31% completed  (31% total)
     Speed:     ev/sec=182.124   simsec/sec=0.994481   ev/simsec=183.134
     Messages:  created: 44094   present: 6   in FES: 4
** Event #352768   t=1965.586464126701   Elapsed: 1965.54s (32m 45s)  31% completed  (31% total)
     Speed:     ev/sec=121.958   simsec/sec=1.00453   ev/simsec=121.408
     Messages:  created: 44126   present: 6   in FES: 4
** Event #353280   t=1967.854872141159   Elapsed: 1967.88s (32m 47s)  31% completed  (31% total)
     Speed:     ev/sec=218.942   simsec/sec=0.970019   ev/simsec=225.709
     Messages:  created: 44190   present: 6   in FES: 4
** Event #353792   t=1970.159989291702   Elapsed: 1970.12s (32m 50s)  31% completed  (31% total)
     Speed:     ev/sec=227.858   simsec/sec=1.02586   ev/simsec=222.115
     Messages:  created: 44254   present: 6   in FES: 4
** Event #354560   t=1973.020197933801   Elapsed: 1972.99s (32m 52s)  31% completed  (31% total)
     Speed:     ev/sec=267.844   simsec/sec=0.997513   ev/simsec=268.512
     Messages:  created: 44350   present: 6   in FES: 4
** Event #355584   t=1975.570929010691   Elapsed: 1975.52s (32m 55s)  31% completed  (31% total)
     Speed:     ev/sec=405.45   simsec/sec=1.00995   ev/simsec=401.454
     Messages:  created: 44479   present: 8   in FES: 6
** Event #356352   t=1979.10094363535   Elapsed: 1979.13s (32m 59s)  31% completed  (31% total)
     Speed:     ev/sec=212.832   simsec/sec=0.978257   ev/simsec=217.563
     Messages:  created: 44574   present: 6   in FES: 4
** Event #357120   t=1982.263104629696   Elapsed: 1982.21s (33m 02s)  31% completed  (31% total)
     Speed:     ev/sec=249.051   simsec/sec=1.02544   ev/simsec=242.872
     Messages:  created: 44670   present: 7   in FES: 5
** Event #357632   t=1985.615401067581   Elapsed: 1985.56s (33m 05s)  31% completed  (31% total)
     Speed:     ev/sec=152.727   simsec/sec=0.999974   ev/simsec=152.731
     Messages:  created: 44734   present: 7   in FES: 5
** Event #357888   t=1988.16257883018   Elapsed: 1988.11s (33m 08s)  31% completed  (31% total)
     Speed:     ev/sec=100.506   simsec/sec=1.00002   ev/simsec=100.503
     Messages:  created: 44766   present: 7   in FES: 5
** Event #358400   t=1990.872881068656   Elapsed: 1990.82s (33m 10s)  31% completed  (31% total)
     Speed:     ev/sec=188.911   simsec/sec=1.00001   ev/simsec=188.909
     Messages:  created: 44830   present: 7   in FES: 5
** Event #358912   t=1993.970147992837   Elapsed: 1993.92s (33m 13s)  31% completed  (31% total)
     Speed:     ev/sec=165.304   simsec/sec=0.999982   ev/simsec=165.307
     Messages:  created: 44894   present: 7   in FES: 5
** Event #359424   t=1997.251840072491   Elapsed: 1997.2s (33m 17s)  31% completed  (31% total)
     Speed:     ev/sec=156.019   simsec/sec=1.00001   ev/simsec=156.017
     Messages:  created: 44958   present: 7   in FES: 5
** Event #359936   t=1999.629724672206   Elapsed: 1999.58s (33m 19s)  31% completed  (31% total)
     Speed:     ev/sec=215.318   simsec/sec=1   ev/simsec=215.317
     Messages:  created: 45022   present: 7   in FES: 5
** Event #360448   t=2001.741929144609   Elapsed: 2001.69s (33m 21s)  31% completed  (31% total)
     Speed:     ev/sec=242.401   simsec/sec=1   ev/simsec=242.401
     Messages:  created: 45086   present: 7   in FES: 5
** Event #361216   t=2004.386713843825   Elapsed: 2004.33s (33m 24s)  31% completed  (31% total)
     Speed:     ev/sec=290.383   simsec/sec=1   ev/simsec=290.383
     Messages:  created: 45182   present: 7   in FES: 5
** Event #361728   t=2007.091545026414   Elapsed: 2007.04s (33m 27s)  31% completed  (31% total)
     Speed:     ev/sec=189.29   simsec/sec=0.999996   ev/simsec=189.291
     Messages:  created: 45246   present: 7   in FES: 5
** Event #362496   t=2009.428767331673   Elapsed: 2009.37s (33m 29s)  31% completed  (31% total)
     Speed:     ev/sec=328.596   simsec/sec=1   ev/simsec=328.595
     Messages:  created: 45342   present: 7   in FES: 5
** Event #363776   t=2012.247095860237   Elapsed: 2012.19s (33m 32s)  31% completed  (31% total)
     Speed:     ev/sec=454.168   simsec/sec=0.999995   ev/simsec=454.17
     Messages:  created: 45502   present: 7   in FES: 5
** Event #364288   t=2014.891726940948   Elapsed: 2014.84s (33m 34s)  31% completed  (31% total)
     Speed:     ev/sec=193.6   simsec/sec=1   ev/simsec=193.6
     Messages:  created: 45566   present: 8   in FES: 6
** Event #364800   t=2017.429881462664   Elapsed: 2017.38s (33m 37s)  32% completed  (32% total)
     Speed:     ev/sec=201.717   simsec/sec=0.999979   ev/simsec=201.721
     Messages:  created: 45630   present: 7   in FES: 5
** Event #365312   t=2021.546253547478   Elapsed: 2021.49s (33m 41s)  32% completed  (32% total)
     Speed:     ev/sec=124.383   simsec/sec=1.00002   ev/simsec=124.381
     Messages:  created: 45694   present: 7   in FES: 5
** Event #365568   t=2023.782256668442   Elapsed: 2023.73s (33m 43s)  32% completed  (32% total)
     Speed:     ev/sec=114.49   simsec/sec=0.999998   ev/simsec=114.49
     Messages:  created: 45726   present: 7   in FES: 5
** Event #366080   t=2027.555929213255   Elapsed: 2027.5s (33m 47s)  32% completed  (32% total)
     Speed:     ev/sec=135.676   simsec/sec=0.999992   ev/simsec=135.677
     Messages:  created: 45790   present: 7   in FES: 5
** Event #366592   t=2030.422444261462   Elapsed: 2030.37s (33m 50s)  32% completed  (32% total)
     Speed:     ev/sec=178.616   simsec/sec=1.00001   ev/simsec=178.614
     Messages:  created: 45854   present: 7   in FES: 5
** Event #367104   t=2033.359189009964   Elapsed: 2033.31s (33m 53s)  32% completed  (32% total)
     Speed:     ev/sec=174.341   simsec/sec=0.999991   ev/simsec=174.343
     Messages:  created: 45918   present: 7   in FES: 5
** Event #367616   t=2036.398145010059   Elapsed: 2036.34s (33m 56s)  32% completed  (32% total)
     Speed:     ev/sec=168.48   simsec/sec=1.00001   ev/simsec=168.479
     Messages:  created: 45982   present: 7   in FES: 5
** Event #368128   t=2040.291098829232   Elapsed: 2040.25s (34m 00s)  32% completed  (32% total)
     Speed:     ev/sec=131.055   simsec/sec=0.996466   ev/simsec=131.52
     Messages:  created: 46045   present: 6   in FES: 4
** Event #368640   t=2042.529133471109   Elapsed: 2042.48s (34m 02s)  32% completed  (32% total)
     Speed:     ev/sec=230.193   simsec/sec=1.00621   ev/simsec=228.772
     Messages:  created: 46109   present: 7   in FES: 5
t=2042.867916 executing setDimmer(0.3)
** Event #369152   t=2044.913957631176   Elapsed: 2044.89s (34m 04s)  32% completed  (32% total)
     Speed:     ev/sec=211.688   simsec/sec=0.986013   ev/simsec=214.691
     Messages:  created: 46173   present: 7   in FES: 5
** Event #369664   t=2047.623863815289   Elapsed: 2047.57s (34m 07s)  32% completed  (32% total)
     Speed:     ev/sec=191.251   simsec/sec=1.01225   ev/simsec=188.936
     Messages:  created: 46237   present: 7   in FES: 5
** Event #370176   t=2049.766608533338   Elapsed: 2049.71s (34m 09s)  32% completed  (32% total)
     Speed:     ev/sec=238.885   simsec/sec=0.999747   ev/simsec=238.946
     Messages:  created: 46301   present: 7   in FES: 5
** Event #370688   t=2052.335677064825   Elapsed: 2052.28s (34m 12s)  32% completed  (32% total)
     Speed:     ev/sec=199.197   simsec/sec=0.999515   ev/simsec=199.294
     Messages:  created: 46365   present: 7   in FES: 5
** Event #371200   t=2056.03360956401   Elapsed: 2055.98s (34m 15s)  32% completed  (32% total)
     Speed:     ev/sec=138.552   simsec/sec=1.0007   ev/simsec=138.456
     Messages:  created: 46429   present: 7   in FES: 5
** Event #371456   t=2058.703569840397   Elapsed: 2058.66s (34m 18s)  32% completed  (32% total)
     Speed:     ev/sec=95.5755   simsec/sec=0.996807   ev/simsec=95.8816
     Messages:  created: 46461   present: 7   in FES: 5
** Event #371968   t=2062.12178835813   Elapsed: 2062.07s (34m 22s)  32% completed  (32% total)
     Speed:     ev/sec=150.149   simsec/sec=1.00243   ev/simsec=149.786
     Messages:  created: 46525   present: 7   in FES: 5
** Event #372480   t=2065.029249640525   Elapsed: 2064.98s (34m 24s)  32% completed  (32% total)
     Speed:     ev/sec=176.012   simsec/sec=0.999508   ev/simsec=176.099
     Messages:  created: 46589   present: 7   in FES: 5
** Event #372992   t=2068.501826335438   Elapsed: 2068.45s (34m 28s)  32% completed  (32% total)
     Speed:     ev/sec=147.475   simsec/sec=1.00023   ev/simsec=147.441
     Messages:  created: 46653   present: 7   in FES: 5
** Event #373248   t=2070.521630879408   Elapsed: 2070.47s (34m 30s)  32% completed  (32% total)
     Speed:     ev/sec=126.767   simsec/sec=1.00017   ev/simsec=126.745
     Messages:  created: 46685   present: 7   in FES: 5
** Event #374016   t=2072.808131820402   Elapsed: 2072.77s (34m 32s)  32% completed  (32% total)
     Speed:     ev/sec=334.311   simsec/sec=0.995314   ev/simsec=335.884
     Messages:  created: 46781   present: 7   in FES: 5
** Event #374528   t=2076.357499050598   Elapsed: 2076.3s (34m 36s)  32% completed  (32% total)
     Speed:     ev/sec=144.71   simsec/sec=1.00318   ev/simsec=144.251
     Messages:  created: 46845   present: 7   in FES: 5
** Event #375040   t=2079.774701946411   Elapsed: 2079.72s (34m 39s)  33% completed  (33% total)
     Speed:     ev/sec=149.827   simsec/sec=0.999982   ev/simsec=149.83
     Messages:  created: 46909   present: 7   in FES: 5
** Event #375552   t=2082.011332003558   Elapsed: 2081.96s (34m 41s)  33% completed  (33% total)
     Speed:     ev/sec=228.953   simsec/sec=1.00016   ev/simsec=228.916
     Messages:  created: 46974   present: 9   in FES: 6
** Event #376320   t=2084.805245051014   Elapsed: 2084.75s (34m 44s)  33% completed  (33% total)
     Speed:     ev/sec=274.668   simsec/sec=0.999217   ev/simsec=274.883
     Messages:  created: 47069   present: 7   in FES: 5
** Event #376832   t=2086.934282662266   Elapsed: 2086.9s (34m 46s)  33% completed  (33% total)
     Speed:     ev/sec=238.074   simsec/sec=0.989977   ev/simsec=240.484
     Messages:  created: 47133   present: 7   in FES: 5
** Event #377344   t=2089.513719375327   Elapsed: 2089.46s (34m 49s)  33% completed  (33% total)
     Speed:     ev/sec=200.338   simsec/sec=1.00929   ev/simsec=198.493
     Messages:  created: 47199   present: 11   in FES: 6
** Event #377856   t=2092.60353947107   Elapsed: 2092.55s (34m 52s)  33% completed  (33% total)
     Speed:     ev/sec=165.559   simsec/sec=0.999117   ev/simsec=165.705
     Messages:  created: 47261   present: 7   in FES: 5
** Event #378112   t=2095.063342594566   Elapsed: 2095.01s (34m 55s)  33% completed  (33% total)
     Speed:     ev/sec=104.189   simsec/sec=1.00111   ev/simsec=104.073
     Messages:  created: 47294   present: 10   in FES: 6
** Event #378624   t=2097.311459285184   Elapsed: 2097.26s (34m 57s)  33% completed  (33% total)
     Speed:     ev/sec=227.313   simsec/sec=0.998096   ev/simsec=227.746
     Messages:  created: 47357   present: 7   in FES: 5
** Event #379136   t=2099.574362491682   Elapsed: 2099.52s (34m 59s)  33% completed  (33% total)
     Speed:     ev/sec=226.643   simsec/sec=1.0017   ev/simsec=226.258
     Messages:  created: 47421   present: 7   in FES: 5
** Event #379648   t=2102.421900640011   Elapsed: 2102.37s (35m 02s)  33% completed  (33% total)
     Speed:     ev/sec=179.832   simsec/sec=1.00015   ev/simsec=179.804
     Messages:  created: 47485   present: 8   in FES: 6
t=2103.741527 executing setDimmer(0.1)
** Event #380160   t=2104.842276485091   Elapsed: 2104.79s (35m 04s)  33% completed  (33% total)
     Speed:     ev/sec=211.537   simsec/sec=1   ev/simsec=211.537
     Messages:  created: 47548   present: 7   in FES: 5
** Event #380672   t=2107.328616442424   Elapsed: 2107.27s (35m 07s)  33% completed  (33% total)
     Speed:     ev/sec=205.925   simsec/sec=1   ev/simsec=205.925
     Messages:  created: 47612   present: 7   in FES: 5
** Event #381696   t=2109.580422227038   Elapsed: 2109.53s (35m 09s)  33% completed  (33% total)
     Speed:     ev/sec=454.747   simsec/sec=1   ev/simsec=454.746
     Messages:  created: 47741   present: 8   in FES: 6
** Event #382464   t=2111.982412550708   Elapsed: 2111.93s (35m 11s)  33% completed  (33% total)
     Speed:     ev/sec=319.735   simsec/sec=1   ev/simsec=319.735
     Messages:  created: 47836   present: 7   in FES: 5
** Event #382976   t=2114.310429106486   Elapsed: 2114.26s (35m 14s)  33% completed  (33% total)
     Speed:     ev/sec=219.93   simsec/sec=0.999999   ev/simsec=219.93
     Messages:  created: 47900   present: 7   in FES: 5
** Event #383488   t=2118.301405138473   Elapsed: 2118.25s (35m 18s)  33% completed  (33% total)
     Speed:     ev/sec=128.289   simsec/sec=0.999999   ev/simsec=128.289
     Messages:  created: 47964   present: 7   in FES: 5
** Event #383744   t=2120.36384954559   Elapsed: 2120.31s (35m 20s)  33% completed  (33% total)
     Speed:     ev/sec=124.125   simsec/sec=1   ev/simsec=124.125
     Messages:  created: 47996   present: 7   in FES: 5
** Event #384256   t=2124.619207037505   Elapsed: 2124.57s (35m 24s)  33% completed  (33% total)
     Speed:     ev/sec=120.319   simsec/sec=1   ev/simsec=120.319
     Messages:  created: 48060   present: 7   in FES: 5
** Event #384768   t=2128.634990238013   Elapsed: 2128.58s (35m 28s)  33% completed  (33% total)
     Speed:     ev/sec=127.497   simsec/sec=1   ev/simsec=127.497
     Messages:  created: 48124   present: 7   in FES: 5
** Event #385280   t=2131.613282687416   Elapsed: 2131.56s (35m 31s)  33% completed  (33% total)
     Speed:     ev/sec=171.913   simsec/sec=1.00001   ev/simsec=171.911
     Messages:  created: 48188   present: 7   in FES: 5
** Event #385792   t=2133.684243619774   Elapsed: 2133.63s (35m 33s)  33% completed  (33% total)
     Speed:     ev/sec=247.223   simsec/sec=0.999979   ev/simsec=247.228
     Messages:  created: 48252   present: 7   in FES: 5
** Event #386560   t=2136.15648199959   Elapsed: 2136.1s (35m 36s)  33% completed  (33% total)
     Speed:     ev/sec=310.65   simsec/sec=1   ev/simsec=310.65
     Messages:  created: 48348   present: 7   in FES: 5
** Event #387584   t=2138.643692136908   Elapsed: 2138.59s (35m 38s)  33% completed  (33% total)
     Speed:     ev/sec=411.705   simsec/sec=0.999998   ev/simsec=411.706
     Messages:  created: 48476   present: 7   in FES: 5
** Event #388608   t=2141.037761128482   Elapsed: 2140.98s (35m 40s)  33% completed  (33% total)
     Speed:     ev/sec=427.725   simsec/sec=1   ev/simsec=427.724
     Messages:  created: 48604   present: 7   in FES: 5
** Event #389120   t=2143.141249248903   Elapsed: 2143.09s (35m 43s)  34% completed  (34% total)
     Speed:     ev/sec=242.817   simsec/sec=0.997581   ev/simsec=243.405
     Messages:  created: 48669   present: 9   in FES: 5
** Event #389888   t=2147.101459038015   Elapsed: 2147.05s (35m 47s)  34% completed  (34% total)
     Speed:     ev/sec=194.179   simsec/sec=1.00129   ev/simsec=193.929
     Messages:  created: 48764   present: 7   in FES: 5
** Event #390400   t=2149.453495356722   Elapsed: 2149.4s (35m 49s)  34% completed  (34% total)
     Speed:     ev/sec=217.684   simsec/sec=1   ev/simsec=217.684
     Messages:  created: 48828   present: 7   in FES: 5
** Event #390912   t=2151.819845874741   Elapsed: 2151.77s (35m 51s)  34% completed  (34% total)
     Speed:     ev/sec=216.367   simsec/sec=1   ev/simsec=216.367
     Messages:  created: 48892   present: 7   in FES: 5
** Event #391424   t=2154.641033426487   Elapsed: 2154.59s (35m 54s)  34% completed  (34% total)
     Speed:     ev/sec=181.484   simsec/sec=0.999999   ev/simsec=181.484
     Messages:  created: 48956   present: 7   in FES: 5
** Event #391680   t=2156.652366790795   Elapsed: 2156.6s (35m 56s)  34% completed  (34% total)
     Speed:     ev/sec=127.279   simsec/sec=1   ev/simsec=127.279
     Messages:  created: 48988   present: 7   in FES: 5
** Event #392192   t=2159.612216056583   Elapsed: 2159.56s (35m 59s)  34% completed  (34% total)
     Speed:     ev/sec=172.981   simsec/sec=0.999997   ev/simsec=172.982
     Messages:  created: 49052   present: 7   in FES: 5
** Event #392960   t=2162.495645267136   Elapsed: 2162.44s (36m 02s)  34% completed  (34% total)
     Speed:     ev/sec=266.349   simsec/sec=1   ev/simsec=266.35
     Messages:  created: 49148   present: 7   in FES: 5
t=2163.15969 executing setDimmer(0.3)
** Event #393472   t=2164.835801711982   Elapsed: 2164.78s (36m 04s)  34% completed  (34% total)
     Speed:     ev/sec=218.785   simsec/sec=0.999984   ev/simsec=218.789
     Messages:  created: 49212   present: 7   in FES: 5
** Event #394240   t=2167.768682786407   Elapsed: 2167.71s (36m 07s)  34% completed  (34% total)
     Speed:     ev/sec=261.854   simsec/sec=0.999984   ev/simsec=261.859
     Messages:  created: 49308   present: 7   in FES: 5
** Event #394752   t=2170.273917375024   Elapsed: 2170.22s (36m 10s)  34% completed  (34% total)
     Speed:     ev/sec=204.379   simsec/sec=1.00003   ev/simsec=204.372
     Messages:  created: 49372   present: 7   in FES: 5
** Event #395264   t=2173.008853281444   Elapsed: 2172.95s (36m 12s)  34% completed  (34% total)
     Speed:     ev/sec=187.207   simsec/sec=1   ev/simsec=187.207
     Messages:  created: 49436   present: 7   in FES: 5
** Event #395776   t=2175.278566194031   Elapsed: 2175.22s (36m 15s)  34% completed  (34% total)
     Speed:     ev/sec=225.579   simsec/sec=1   ev/simsec=225.579
     Messages:  created: 49500   present: 7   in FES: 5
** Event #396288   t=2178.572005878718   Elapsed: 2178.52s (36m 18s)  34% completed  (34% total)
     Speed:     ev/sec=155.461   simsec/sec=1   ev/simsec=155.461
     Messages:  created: 49564   present: 9   in FES: 6
** Event #396800   t=2180.672838281952   Elapsed: 2180.62s (36m 20s)  34% completed  (34% total)
     Speed:     ev/sec=243.713   simsec/sec=0.999999   ev/simsec=243.713
     Messages:  created: 49628   present: 7   in FES: 5
** Event #397312   t=2182.69000558245   Elapsed: 2182.64s (36m 22s)  34% completed  (34% total)
     Speed:     ev/sec=253.822   simsec/sec=1   ev/simsec=253.821
     Messages:  created: 49692   present: 7   in FES: 5
** Event #398080   t=2186.396360540122   Elapsed: 2186.34s (36m 26s)  34% completed  (34% total)
     Speed:     ev/sec=207.212   simsec/sec=1   ev/simsec=207.212
     Messages:  created: 49788   present: 8   in FES: 6
** Event #398592   t=2189.542585274086   Elapsed: 2189.49s (36m 29s)  34% completed  (34% total)
     Speed:     ev/sec=162.735   simsec/sec=1   ev/simsec=162.735
     Messages:  created: 49852   present: 8   in FES: 6
** Event #399104   t=2193.830475904037   Elapsed: 2193.78s (36m 33s)  34% completed  (34% total)
     Speed:     ev/sec=119.406   simsec/sec=1   ev/simsec=119.406
     Messages:  created: 49916   present: 8   in FES: 6
** Event #399616   t=2195.982685405522   Elapsed: 2195.93s (36m 35s)  34% completed  (34% total)
     Speed:     ev/sec=237.895   simsec/sec=1   ev/simsec=237.895
     Messages:  created: 49980   present: 9   in FES: 6
** Event #400384   t=2199.13799992042   Elapsed: 2199.08s (36m 39s)  34% completed  (34% total)
     Speed:     ev/sec=243.394   simsec/sec=0.999978   ev/simsec=243.399
     Messages:  created: 50076   present: 7   in FES: 5
** Event #400640   t=2201.651337566902   Elapsed: 2201.6s (36m 41s)  34% completed  (34% total)
     Speed:     ev/sec=101.859   simsec/sec=1.00003   ev/simsec=101.857
     Messages:  created: 50108   present: 8   in FES: 6
** Event #401152   t=2204.105998401955   Elapsed: 2204.05s (36m 44s)  34% completed  (34% total)
     Speed:     ev/sec=208.583   simsec/sec=1   ev/simsec=208.583
     Messages:  created: 50172   present: 8   in FES: 6
** Event #401408   t=2206.366411832083   Elapsed: 2206.31s (36m 46s)  35% completed  (35% total)
     Speed:     ev/sec=113.251   simsec/sec=0.999976   ev/simsec=113.254
     Messages:  created: 50204   present: 7   in FES: 5
** Event #401920   t=2209.818279235765   Elapsed: 2209.76s (36m 49s)  35% completed  (35% total)
     Speed:     ev/sec=148.328   simsec/sec=1.00001   ev/simsec=148.326
     Messages:  created: 50268   present: 7   in FES: 5
** Event #402688   t=2212.46792832526   Elapsed: 2212.41s (36m 52s)  35% completed  (35% total)
     Speed:     ev/sec=289.845   simsec/sec=0.999982   ev/simsec=289.85
     Messages:  created: 50364   present: 7   in FES: 5
** Event #403200   t=2216.071150354737   Elapsed: 2216.02s (36m 56s)  35% completed  (35% total)
     Speed:     ev/sec=142.097   simsec/sec=1.00001   ev/simsec=142.095
     Messages:  created: 50428   present: 8   in FES: 6
** Event #403712   t=2218.240422170602   Elapsed: 2218.19s (36m 58s)  35% completed  (35% total)
     Speed:     ev/sec=236.024   simsec/sec=1   ev/simsec=236.024
     Messages:  created: 50492   present: 7   in FES: 5
** Event #404224   t=2220.64732298105   Elapsed: 2220.59s (37m 00s)  35% completed  (35% total)
     Speed:     ev/sec=212.722   simsec/sec=1   ev/simsec=212.722
     Messages:  created: 50555   present: 7   in FES: 5
** Event #404736   t=2223.738504164799   Elapsed: 2223.68s (37m 03s)  35% completed  (35% total)
     Speed:     ev/sec=165.632   simsec/sec=0.999998   ev/simsec=165.632
     Messages:  created: 50619   present: 7   in FES: 5
** Event #405248   t=2226.525721864082   Elapsed: 2226.47s (37m 06s)  35% completed  (35% total)
     Speed:     ev/sec=183.695   simsec/sec=0.999998   ev/simsec=183.696
     Messages:  created: 50684   present: 9   in FES: 6
** Event #405760   t=2229.465334525111   Elapsed: 2229.41s (37m 09s)  35% completed  (35% total)
     Speed:     ev/sec=174.173   simsec/sec=1   ev/simsec=174.173
     Messages:  created: 50747   present: 7   in FES: 5
** Event #406272   t=2232.094384425531   Elapsed: 2232.04s (37m 12s)  35% completed  (35% total)
     Speed:     ev/sec=194.748   simsec/sec=1   ev/simsec=194.747
     Messages:  created: 50812   present: 9   in FES: 6
** Event #406784   t=2234.256792270209   Elapsed: 2234.2s (37m 14s)  35% completed  (35% total)
     Speed:     ev/sec=236.773   simsec/sec=0.999998   ev/simsec=236.773
     Messages:  created: 50875   present: 7   in FES: 5
** Event #407296   t=2237.612881791547   Elapsed: 2237.56s (37m 17s)  35% completed  (35% total)
     Speed:     ev/sec=152.558   simsec/sec=0.999994   ev/simsec=152.559
     Messages:  created: 50939   present: 7   in FES: 5
** Event #407808   t=2239.944632354217   Elapsed: 2239.89s (37m 19s)  35% completed  (35% total)
     Speed:     ev/sec=219.579   simsec/sec=1.00001   ev/simsec=219.578
     Messages:  created: 51005   present: 12   in FES: 6
** Event #408320   t=2242.074645421678   Elapsed: 2242.02s (37m 22s)  35% completed  (35% total)
     Speed:     ev/sec=240.374   simsec/sec=0.999998   ev/simsec=240.374
     Messages:  created: 51067   present: 7   in FES: 5
** Event #409344   t=2244.158599185904   Elapsed: 2244.11s (37m 24s)  35% completed  (35% total)
     Speed:     ev/sec=490.863   simsec/sec=0.99896   ev/simsec=491.374
     Messages:  created: 51199   present: 18   in FES: 5
** Event #410112   t=2246.83521175184   Elapsed: 2246.78s (37m 26s)  35% completed  (35% total)
     Speed:     ev/sec=287.163   simsec/sec=1.00081   ev/simsec=286.93
     Messages:  created: 51291   present: 8   in FES: 6
** Event #410880   t=2249.241921335938   Elapsed: 2249.19s (37m 29s)  35% completed  (35% total)
     Speed:     ev/sec=319.107   simsec/sec=0.999996   ev/simsec=319.108
     Messages:  created: 51387   present: 8   in FES: 6
** Event #411392   t=2251.349666000506   Elapsed: 2251.3s (37m 31s)  35% completed  (35% total)
     Speed:     ev/sec=242.911   simsec/sec=0.999987   ev/simsec=242.914
     Messages:  created: 51451   present: 7   in FES: 5
** Event #411904   t=2253.527890222181   Elapsed: 2253.47s (37m 33s)  35% completed  (35% total)
     Speed:     ev/sec=235.057   simsec/sec=1.00001   ev/simsec=235.054
     Messages:  created: 51515   present: 8   in FES: 6
** Event #412672   t=2255.707711489571   Elapsed: 2255.65s (37m 35s)  35% completed  (35% total)
     Speed:     ev/sec=352.323   simsec/sec=1   ev/simsec=352.322
     Messages:  created: 51611   present: 7   in FES: 5
** Event #413440   t=2258.449042716773   Elapsed: 2258.39s (37m 38s)  35% completed  (35% total)
     Speed:     ev/sec=280.156   simsec/sec=1   ev/simsec=280.156
     Messages:  created: 51707   present: 8   in FES: 6
** Event #414208   t=2260.715481159984   Elapsed: 2260.66s (37m 40s)  35% completed  (35% total)
     Speed:     ev/sec=338.857   simsec/sec=0.999998   ev/simsec=338.858
     Messages:  created: 51806   present: 15   in FES: 6
** Event #415232   t=2263.153728375374   Elapsed: 2263.1s (37m 43s)  35% completed  (35% total)
     Speed:     ev/sec=419.974   simsec/sec=1   ev/simsec=419.974
     Messages:  created: 51931   present: 7   in FES: 5
** Event #416000   t=2265.360855011119   Elapsed: 2265.31s (37m 45s)  35% completed  (35% total)
     Speed:     ev/sec=347.964   simsec/sec=1   ev/simsec=347.964
     Messages:  created: 52027   present: 7   in FES: 5
** Event #416768   t=2268.264831405633   Elapsed: 2268.21s (37m 48s)  36% completed  (36% total)
     Speed:     ev/sec=264.465   simsec/sec=0.999999   ev/simsec=264.465
     Messages:  created: 52123   present: 8   in FES: 6
** Event #417280   t=2270.603234320778   Elapsed: 2270.55s (37m 50s)  36% completed  (36% total)
     Speed:     ev/sec=218.953   simsec/sec=1   ev/simsec=218.953
     Messages:  created: 52187   present: 7   in FES: 5
** Event #417792   t=2272.837368793783   Elapsed: 2272.78s (37m 52s)  36% completed  (36% total)
     Speed:     ev/sec=229.165   simsec/sec=0.999971   ev/simsec=229.172
     Messages:  created: 52251   present: 7   in FES: 5
** Event #418560   t=2274.894093998821   Elapsed: 2274.84s (37m 54s)  36% completed  (36% total)
     Speed:     ev/sec=373.421   simsec/sec=1.00003   ev/simsec=373.409
     Messages:  created: 52347   present: 7   in FES: 5
** Event #419328   t=2278.483803152199   Elapsed: 2278.43s (37m 58s)  36% completed  (36% total)
     Speed:     ev/sec=213.944   simsec/sec=0.999997   ev/simsec=213.945
     Messages:  created: 52443   present: 7   in FES: 5
** Event #419840   t=2281.658771847722   Elapsed: 2281.61s (38m 01s)  36% completed  (36% total)
     Speed:     ev/sec=161.174   simsec/sec=0.99946   ev/simsec=161.261
     Messages:  created: 52507   present: 9   in FES: 5
t=2282.981541 executing setDimmer(0.9)
** Event #420352   t=2284.221378559877   Elapsed: 2284.17s (38m 04s)  36% completed  (36% total)
     Speed:     ev/sec=199.931   simsec/sec=1.00067   ev/simsec=199.797
     Messages:  created: 52575   present: 19   in FES: 6
** Event #420864   t=2286.800009680653   Elapsed: 2286.75s (38m 06s)  36% completed  (36% total)
     Speed:     ev/sec=198.555   simsec/sec=0.999998   ev/simsec=198.555
     Messages:  created: 52638   present: 18   in FES: 6
** Event #421376   t=2290.394518207579   Elapsed: 2290.34s (38m 10s)  36% completed  (36% total)
     Speed:     ev/sec=142.439   simsec/sec=1   ev/simsec=142.44
     Messages:  created: 52700   present: 11   in FES: 6
** Event #422144   t=2293.421335656445   Elapsed: 2293.37s (38m 13s)  36% completed  (36% total)
     Speed:     ev/sec=253.732   simsec/sec=1   ev/simsec=253.732
     Messages:  created: 52816   present: 66   in FES: 6
** Event #422656   t=2295.682310984033   Elapsed: 2295.63s (38m 15s)  36% completed  (36% total)
     Speed:     ev/sec=226.451   simsec/sec=1   ev/simsec=226.451
     Messages:  created: 52876   present: 54   in FES: 6
** Event #423168   t=2297.83958408008   Elapsed: 2297.79s (38m 17s)  36% completed  (36% total)
     Speed:     ev/sec=237.337   simsec/sec=1   ev/simsec=237.337
     Messages:  created: 52947   present: 73   in FES: 6
** Event #423680   t=2299.909973634218   Elapsed: 2299.86s (38m 19s)  36% completed  (36% total)
     Speed:     ev/sec=247.296   simsec/sec=0.999999   ev/simsec=247.296
     Messages:  created: 53011   present: 72   in FES: 6
** Event #424192   t=2302.017663305533   Elapsed: 2301.96s (38m 21s)  36% completed  (36% total)
     Speed:     ev/sec=242.92   simsec/sec=1   ev/simsec=242.92
     Messages:  created: 53078   present: 81   in FES: 6
** Event #424704   t=2304.525890967914   Elapsed: 2304.58s (38m 24s)  36% completed  (36% total)
     Speed:     ev/sec=196.06   simsec/sec=0.960475   ev/simsec=204.128
     Messages:  created: 53128   present: 44   in FES: 5
** Event #425216   t=2307.400405036579   Elapsed: 2307.35s (38m 27s)  36% completed  (36% total)
     Speed:     ev/sec=184.75   simsec/sec=1.03724   ev/simsec=178.117
     Messages:  created: 53181   present: 15   in FES: 6
** Event #425728   t=2309.738239151918   Elapsed: 2309.7s (38m 29s)  36% completed  (36% total)
     Speed:     ev/sec=217.373   simsec/sec=0.992544   ev/simsec=219.006
     Messages:  created: 53253   present: 36   in FES: 5
** Event #426240   t=2311.956653368437   Elapsed: 2311.9s (38m 31s)  36% completed  (36% total)
     Speed:     ev/sec=232.639   simsec/sec=1.00799   ev/simsec=230.795
     Messages:  created: 53316   present: 33   in FES: 6
** Event #426752   t=2314.404178100116   Elapsed: 2314.35s (38m 34s)  36% completed  (36% total)
     Speed:     ev/sec=209.191   simsec/sec=0.999999   ev/simsec=209.191
     Messages:  created: 53382   present: 39   in FES: 6
** Event #427264   t=2316.567570033095   Elapsed: 2316.51s (38m 36s)  36% completed  (36% total)
     Speed:     ev/sec=236.665   simsec/sec=1   ev/simsec=236.665
     Messages:  created: 53443   present: 30   in FES: 6
** Event #428032   t=2319.903471089863   Elapsed: 2319.85s (38m 39s)  36% completed  (36% total)
     Speed:     ev/sec=230.223   simsec/sec=1   ev/simsec=230.223
     Messages:  created: 53545   present: 47   in FES: 6
** Event #428544   t=2322.234321591343   Elapsed: 2322.18s (38m 42s)  36% completed  (36% total)
     Speed:     ev/sec=219.662   simsec/sec=0.999999   ev/simsec=219.662
     Messages:  created: 53600   present: 23   in FES: 6
** Event #429056   t=2324.413530848266   Elapsed: 2324.39s (38m 44s)  36% completed  (36% total)
     Speed:     ev/sec=231.715   simsec/sec=0.986241   ev/simsec=234.948
     Messages:  created: 53663   present: 20   in FES: 5
** Event #429568   t=2326.603935333801   Elapsed: 2326.55s (38m 46s)  36% completed  (36% total)
     Speed:     ev/sec=237.037   simsec/sec=1.01408   ev/simsec=233.747
     Messages:  created: 53725   present: 15   in FES: 6
** Event #430336   t=2328.711238294946   Elapsed: 2328.66s (38m 48s)  36% completed  (36% total)
     Speed:     ev/sec=364.446   simsec/sec=0.999997   ev/simsec=364.447
     Messages:  created: 53843   present: 73   in FES: 6
** Event #430848   t=2330.73447843184   Elapsed: 2330.68s (38m 50s)  36% completed  (36% total)
     Speed:     ev/sec=253.06   simsec/sec=1   ev/simsec=253.059
     Messages:  created: 53926   present: 119   in FES: 6
** Event #431360   t=2333.398634585668   Elapsed: 2333.34s (38m 53s)  37% completed  (37% total)
     Speed:     ev/sec=192.181   simsec/sec=1   ev/simsec=192.181
     Messages:  created: 53995   present: 129   in FES: 6
** Event #432128   t=2336.592835625347   Elapsed: 2336.54s (38m 56s)  37% completed  (37% total)
     Speed:     ev/sec=240.436   simsec/sec=1   ev/simsec=240.436
     Messages:  created: 54079   present: 106   in FES: 6
** Event #432640   t=2338.947554815747   Elapsed: 2338.89s (38m 58s)  37% completed  (37% total)
     Speed:     ev/sec=217.436   simsec/sec=1   ev/simsec=217.436
     Messages:  created: 54140   present: 97   in FES: 6
** Event #433152   t=2340.982416262376   Elapsed: 2340.94s (39m 00s)  37% completed  (37% total)
     Speed:     ev/sec=250.528   simsec/sec=0.995683   ev/simsec=251.614
     Messages:  created: 54198   present: 83   in FES: 5
t=2342.587038 executing addServer()
adding server with latency=60
** Event #433920   t=2343.520180938783   Elapsed: 2343.47s (39m 03s)  37% completed  (37% total)
     Speed:     ev/sec=303.684   simsec/sec=1.00349   ev/simsec=302.629
     Messages:  created: 54299   present: 93   in FES: 7
** Event #434688   t=2346.738422183613   Elapsed: 2346.69s (39m 06s)  37% completed  (37% total)
     Speed:     ev/sec=237.997   simsec/sec=0.997306   ev/simsec=238.64
     Messages:  created: 54417   present: 141   in FES: 6
** Event #435456   t=2349.670151319777   Elapsed: 2349.63s (39m 09s)  37% completed  (37% total)
     Speed:     ev/sec=261.245   simsec/sec=0.997266   ev/simsec=261.961
     Messages:  created: 54527   present: 169   in FES: 6
** Event #436224   t=2352.09346245959   Elapsed: 2352.08s (39m 12s)  37% completed  (37% total)
     Speed:     ev/sec=313.43   simsec/sec=0.988981   ev/simsec=316.922
     Messages:  created: 54647   present: 217   in FES: 6
** Event #436992   t=2354.760420446658   Elapsed: 2354.71s (39m 14s)  37% completed  (37% total)
     Speed:     ev/sec=292.07   simsec/sec=1.01424   ev/simsec=287.969
     Messages:  created: 54756   present: 243   in FES: 6
** Event #437760   t=2358.035528214297   Elapsed: 2357.98s (39m 17s)  37% completed  (37% total)
     Speed:     ev/sec=234.758   simsec/sec=1.00112   ev/simsec=234.496
     Messages:  created: 54850   present: 239   in FES: 6
** Event #438272   t=2360.950762849579   Elapsed: 2360.93s (39m 20s)  37% completed  (37% total)
     Speed:     ev/sec=173.811   simsec/sec=0.989648   ev/simsec=175.629
     Messages:  created: 54895   present: 201   in FES: 6
** Event #438784   t=2363.509269962419   Elapsed: 2363.48s (39m 23s)  37% completed  (37% total)
     Speed:     ev/sec=200.711   simsec/sec=1.00297   ev/simsec=200.117
     Messages:  created: 54952   present: 187   in FES: 6
** Event #439296   t=2366.008359843546   Elapsed: 2365.95s (39m 25s)  37% completed  (37% total)
     Speed:     ev/sec=206.969   simsec/sec=1.01022   ev/simsec=204.875
     Messages:  created: 55009   present: 173   in FES: 6
** Event #440064   t=2368.874165427213   Elapsed: 2368.82s (39m 28s)  37% completed  (37% total)
     Speed:     ev/sec=267.859   simsec/sec=0.99952   ev/simsec=267.987
     Messages:  created: 55125   present: 213   in FES: 6
** Event #440576   t=2370.895643696179   Elapsed: 2370.85s (39m 30s)  37% completed  (37% total)
     Speed:     ev/sec=252.354   simsec/sec=0.996346   ev/simsec=253.28
     Messages:  created: 55188   present: 211   in FES: 6
** Event #441088   t=2373.007892550697   Elapsed: 2372.97s (39m 32s)  37% completed  (37% total)
     Speed:     ev/sec=242.154   simsec/sec=0.999002   ev/simsec=242.396
     Messages:  created: 55263   present: 233   in FES: 6
** Event #441600   t=2375.38326697287   Elapsed: 2375.34s (39m 35s)  37% completed  (37% total)
     Speed:     ev/sec=215.975   simsec/sec=1.002   ev/simsec=215.545
     Messages:  created: 55334   present: 247   in FES: 6
** Event #442112   t=2377.496131412416   Elapsed: 2377.46s (39m 37s)  37% completed  (37% total)
     Speed:     ev/sec=240.912   simsec/sec=0.994167   ev/simsec=242.325
     Messages:  created: 55410   present: 271   in FES: 6
** Event #442624   t=2379.60946552604   Elapsed: 2379.56s (39m 39s)  37% completed  (37% total)
     Speed:     ev/sec=243.437   simsec/sec=1.00481   ev/simsec=242.271
     Messages:  created: 55474   present: 271   in FES: 6
** Event #443136   t=2382.220113725869   Elapsed: 2382.17s (39m 42s)  37% completed  (37% total)
     Speed:     ev/sec=196.745   simsec/sec=1.00319   ev/simsec=196.12
     Messages:  created: 55546   present: 287   in FES: 6
** Event #443904   t=2384.250973083327   Elapsed: 2384.2s (39m 44s)  37% completed  (37% total)
     Speed:     ev/sec=377.965   simsec/sec=0.999471   ev/simsec=378.165
     Messages:  created: 55659   present: 321   in FES: 6
** Event #444416   t=2386.283226017232   Elapsed: 2386.24s (39m 46s)  37% completed  (37% total)
     Speed:     ev/sec=250.64   simsec/sec=0.994852   ev/simsec=251.937
     Messages:  created: 55728   present: 331   in FES: 6
** Event #445184   t=2389.033308977636   Elapsed: 2388.98s (39m 48s)  37% completed  (37% total)
     Speed:     ev/sec=280.455   simsec/sec=1.00426   ev/simsec=279.264
     Messages:  created: 55837   present: 357   in FES: 6
** Event #445952   t=2391.656415331767   Elapsed: 2391.62s (39m 51s)  37% completed  (37% total)
     Speed:     ev/sec=290.486   simsec/sec=0.992156   ev/simsec=292.783
     Messages:  created: 55953   present: 397   in FES: 6
** Event #446464   t=2393.757921643376   Elapsed: 2393.71s (39m 53s)  37% completed  (37% total)
     Speed:     ev/sec=245.681   simsec/sec=1.0084   ev/simsec=243.635
     Messages:  created: 56020   present: 403   in FES: 6
** Event #446976   t=2395.829520669331   Elapsed: 2395.79s (39m 55s)  38% completed  (38% total)
     Speed:     ev/sec=245.639   simsec/sec=0.993879   ev/simsec=247.152
     Messages:  created: 56098   present: 431   in FES: 6
** Event #447744   t=2398.092283495548   Elapsed: 2398.04s (39m 58s)  38% completed  (38% total)
     Speed:     ev/sec=341.003   simsec/sec=1.0047   ev/simsec=339.408
     Messages:  created: 56229   present: 501   in FES: 6
** Event #448512   t=2400.928899700841   Elapsed: 2400.87s (40m 00s)  38% completed  (38% total)
     Speed:     ev/sec=271.294   simsec/sec=1.00203   ev/simsec=270.745
     Messages:  created: 56338   present: 529   in FES: 9
t=2402.587038 addServer() complete
t=2403.199189 executing setDimmer(0.1)
** Event #449280   t=2403.391479417654   Elapsed: 2403.34s (40m 03s)  38% completed  (38% total)
     Speed:     ev/sec=311.868   simsec/sec=1   ev/simsec=311.868
     Messages:  created: 56422   present: 499   in FES: 6
** Event #450816   t=2405.721036166927   Elapsed: 2405.67s (40m 05s)  38% completed  (38% total)
     Speed:     ev/sec=659.351   simsec/sec=0.999998   ev/simsec=659.353
     Messages:  created: 56502   present: 276   in FES: 6
** Event #452096   t=2407.869222085163   Elapsed: 2407.82s (40m 07s)  38% completed  (38% total)
     Speed:     ev/sec=595.853   simsec/sec=1   ev/simsec=595.852
     Messages:  created: 56557   present: 52   in FES: 6
** Event #452608   t=2409.948317510535   Elapsed: 2409.89s (40m 09s)  38% completed  (38% total)
     Speed:     ev/sec=246.261   simsec/sec=1   ev/simsec=246.261
     Messages:  created: 56605   present: 9   in FES: 6
** Event #453120   t=2413.258782054754   Elapsed: 2413.2s (40m 13s)  38% completed  (38% total)
     Speed:     ev/sec=154.661   simsec/sec=0.999999   ev/simsec=154.661
     Messages:  created: 56669   present: 8   in FES: 5
** Event #453632   t=2415.61917972006   Elapsed: 2415.57s (40m 15s)  38% completed  (38% total)
     Speed:     ev/sec=216.913   simsec/sec=1   ev/simsec=216.913
     Messages:  created: 56733   present: 8   in FES: 5
** Event #454144   t=2418.189746257435   Elapsed: 2418.14s (40m 18s)  38% completed  (38% total)
     Speed:     ev/sec=199.178   simsec/sec=1   ev/simsec=199.178
     Messages:  created: 56797   present: 8   in FES: 5
** Event #454656   t=2420.489736897818   Elapsed: 2420.44s (40m 20s)  38% completed  (38% total)
     Speed:     ev/sec=222.601   simsec/sec=0.999962   ev/simsec=222.61
     Messages:  created: 56861   present: 8   in FES: 5
** Event #455680   t=2423.375597558255   Elapsed: 2423.32s (40m 23s)  38% completed  (38% total)
     Speed:     ev/sec=354.844   simsec/sec=1.00003   ev/simsec=354.833
     Messages:  created: 56989   present: 8   in FES: 5
** Event #456192   t=2425.650571083334   Elapsed: 2425.6s (40m 25s)  38% completed  (38% total)
     Speed:     ev/sec=225.058   simsec/sec=1   ev/simsec=225.058
     Messages:  created: 57053   present: 9   in FES: 6
** Event #456960   t=2428.074551353482   Elapsed: 2428.02s (40m 28s)  38% completed  (38% total)
     Speed:     ev/sec=316.834   simsec/sec=1   ev/simsec=316.834
     Messages:  created: 57149   present: 8   in FES: 5
** Event #457728   t=2430.677965025045   Elapsed: 2430.62s (40m 30s)  38% completed  (38% total)
     Speed:     ev/sec=294.998   simsec/sec=1   ev/simsec=294.997
     Messages:  created: 57245   present: 9   in FES: 6
** Event #458496   t=2433.071005801424   Elapsed: 2433.02s (40m 33s)  38% completed  (38% total)
     Speed:     ev/sec=320.93   simsec/sec=0.999997   ev/simsec=320.931
     Messages:  created: 57341   present: 8   in FES: 5
** Event #459264   t=2436.095719975736   Elapsed: 2436.04s (40m 36s)  38% completed  (38% total)
     Speed:     ev/sec=253.909   simsec/sec=1   ev/simsec=253.908
     Messages:  created: 57437   present: 8   in FES: 5
** Event #460032   t=2439.044338891277   Elapsed: 2438.99s (40m 38s)  38% completed  (38% total)
     Speed:     ev/sec=260.454   simsec/sec=0.999972   ev/simsec=260.461
     Messages:  created: 57533   present: 8   in FES: 5
** Event #460800   t=2441.882637456177   Elapsed: 2441.83s (40m 41s)  38% completed  (38% total)
     Speed:     ev/sec=270.592   simsec/sec=1.00003   ev/simsec=270.585
     Messages:  created: 57629   present: 8   in FES: 5
** Event #461312   t=2445.14023267303   Elapsed: 2445.09s (40m 45s)  38% completed  (38% total)
     Speed:     ev/sec=157.171   simsec/sec=0.999999   ev/simsec=157.171
     Messages:  created: 57693   present: 8   in FES: 5
** Event #461824   t=2447.696133988649   Elapsed: 2447.64s (40m 47s)  38% completed  (38% total)
     Speed:     ev/sec=200.321   simsec/sec=1   ev/simsec=200.321
     Messages:  created: 57757   present: 8   in FES: 5
** Event #462336   t=2450.281102195546   Elapsed: 2450.23s (40m 50s)  38% completed  (38% total)
     Speed:     ev/sec=198.068   simsec/sec=1   ev/simsec=198.068
     Messages:  created: 57821   present: 8   in FES: 5
** Event #463104   t=2452.978477857349   Elapsed: 2452.92s (40m 52s)  38% completed  (38% total)
     Speed:     ev/sec=284.713   simsec/sec=0.999972   ev/simsec=284.721
     Messages:  created: 57917   present: 8   in FES: 5
** Event #463616   t=2455.41021040017   Elapsed: 2455.36s (40m 55s)  38% completed  (38% total)
     Speed:     ev/sec=210.556   simsec/sec=1.00003   ev/simsec=210.549
     Messages:  created: 57981   present: 9   in FES: 6
** Event #464640   t=2458.450193996943   Elapsed: 2458.4s (40m 58s)  39% completed  (39% total)
     Speed:     ev/sec=336.844   simsec/sec=1   ev/simsec=336.844
     Messages:  created: 58109   present: 8   in FES: 5
** Event #465152   t=2460.609562643824   Elapsed: 2460.57s (41m 00s)  39% completed  (39% total)
     Speed:     ev/sec=235.37   simsec/sec=0.992676   ev/simsec=237.106
     Messages:  created: 58172   present: 7   in FES: 4
** Event #466176   t=2463.161073222401   Elapsed: 2463.11s (41m 03s)  39% completed  (39% total)
     Speed:     ev/sec=403.852   simsec/sec=1.00628   ev/simsec=401.331
     Messages:  created: 58300   present: 8   in FES: 5
t=2463.398848 executing setDimmer(0.3)
** Event #466944   t=2465.470933203061   Elapsed: 2465.42s (41m 05s)  39% completed  (39% total)
     Speed:     ev/sec=332.36   simsec/sec=0.999616   ev/simsec=332.488
     Messages:  created: 58396   present: 8   in FES: 5
** Event #467712   t=2468.290892817486   Elapsed: 2468.24s (41m 08s)  39% completed  (39% total)
     Speed:     ev/sec=272.43   simsec/sec=1.00032   ev/simsec=272.344
     Messages:  created: 58493   present: 10   in FES: 7
** Event #468480   t=2470.859764776727   Elapsed: 2470.84s (41m 10s)  39% completed  (39% total)
     Speed:     ev/sec=295.218   simsec/sec=0.987471   ev/simsec=298.964
     Messages:  created: 58588   present: 8   in FES: 5
** Event #469248   t=2472.994969029559   Elapsed: 2472.95s (41m 12s)  39% completed  (39% total)
     Speed:     ev/sec=362.977   simsec/sec=1.00915   ev/simsec=359.685
     Messages:  created: 58684   present: 8   in FES: 5
** Event #469760   t=2475.032696539933   Elapsed: 2474.98s (41m 14s)  39% completed  (39% total)
     Speed:     ev/sec=252.844   simsec/sec=1.0063   ev/simsec=251.26
     Messages:  created: 58748   present: 8   in FES: 5
** Event #470272   t=2478.352693902169   Elapsed: 2478.31s (41m 18s)  39% completed  (39% total)
     Speed:     ev/sec=153.708   simsec/sec=0.996701   ev/simsec=154.217
     Messages:  created: 58812   present: 8   in FES: 5
** Event #470784   t=2480.907906688839   Elapsed: 2480.93s (41m 20s)  39% completed  (39% total)
     Speed:     ev/sec=195.571   simsec/sec=0.976026   ev/simsec=200.375
     Messages:  created: 58876   present: 8   in FES: 5
** Event #471296   t=2483.020071428485   Elapsed: 2482.98s (41m 22s)  39% completed  (39% total)
     Speed:     ev/sec=249.698   simsec/sec=1.03009   ev/simsec=242.405
     Messages:  created: 58940   present: 8   in FES: 5
** Event #471808   t=2485.094715559308   Elapsed: 2485.08s (41m 25s)  39% completed  (39% total)
     Speed:     ev/sec=243.937   simsec/sec=0.988442   ev/simsec=246.789
     Messages:  created: 59004   present: 8   in FES: 5
** Event #472576   t=2487.76360022584   Elapsed: 2487.71s (41m 27s)  39% completed  (39% total)
     Speed:     ev/sec=291.599   simsec/sec=1.01334   ev/simsec=287.761
     Messages:  created: 59100   present: 8   in FES: 5
** Event #473344   t=2490.812810356223   Elapsed: 2490.78s (41m 30s)  39% completed  (39% total)
     Speed:     ev/sec=250.424   simsec/sec=0.994266   ev/simsec=251.869
     Messages:  created: 59196   present: 8   in FES: 5
** Event #474112   t=2493.716217622983   Elapsed: 2493.66s (41m 33s)  39% completed  (39% total)
     Speed:     ev/sec=266.226   simsec/sec=1.00646   ev/simsec=264.517
     Messages:  created: 59292   present: 8   in FES: 5
** Event #474880   t=2496.522033409262   Elapsed: 2496.47s (41m 36s)  39% completed  (39% total)
     Speed:     ev/sec=273.574   simsec/sec=0.999476   ev/simsec=273.717
     Messages:  created: 59388   present: 8   in FES: 5
** Event #475392   t=2498.770545621734   Elapsed: 2498.72s (41m 38s)  39% completed  (39% total)
     Speed:     ev/sec=227.887   simsec/sec=1.00079   ev/simsec=227.706
     Messages:  created: 59452   present: 8   in FES: 5
** Event #476160   t=2501.917145326557   Elapsed: 2501.87s (41m 41s)  39% completed  (39% total)
     Speed:     ev/sec=243.56   simsec/sec=0.997898   ev/simsec=244.073
     Messages:  created: 59548   present: 8   in FES: 5
** Event #476928   t=2504.645738141684   Elapsed: 2504.6s (41m 44s)  39% completed  (39% total)
     Speed:     ev/sec=280.893   simsec/sec=0.997972   ev/simsec=281.464
     Messages:  created: 59644   present: 8   in FES: 5
** Event #477696   t=2506.979413714413   Elapsed: 2506.93s (41m 46s)  39% completed  (39% total)
     Speed:     ev/sec=330.706   simsec/sec=1.0049   ev/simsec=329.095
     Messages:  created: 59740   present: 8   in FES: 5
** Event #478208   t=2509.886328321922   Elapsed: 2509.83s (41m 49s)  39% completed  (39% total)
     Speed:     ev/sec=176.147   simsec/sec=1.00008   ev/simsec=176.132
     Messages:  created: 59804   present: 8   in FES: 5
** Event #478720   t=2511.968652510574   Elapsed: 2511.92s (41m 51s)  39% completed  (39% total)
     Speed:     ev/sec=244.972   simsec/sec=0.996312   ev/simsec=245.879
     Messages:  created: 59868   present: 8   in FES: 5
** Event #479488   t=2514.226053918547   Elapsed: 2514.18s (41m 54s)  39% completed  (39% total)
     Speed:     ev/sec=340.593   simsec/sec=1.00111   ev/simsec=340.214
     Messages:  created: 59964   present: 8   in FES: 5
** Event #480512   t=2516.294794980338   Elapsed: 2516.24s (41m 56s)  39% completed  (39% total)
     Speed:     ev/sec=496.13   simsec/sec=1.00231   ev/simsec=494.987
     Messages:  created: 60092   present: 8   in FES: 5
** Event #481280   t=2518.696967432547   Elapsed: 2518.65s (41m 58s)  39% completed  (39% total)
     Speed:     ev/sec=319.288   simsec/sec=0.998677   ev/simsec=319.711
     Messages:  created: 60188   present: 8   in FES: 5
** Event #482048   t=2521.5965973402   Elapsed: 2521.54s (42m 01s)  40% completed  (40% total)
     Speed:     ev/sec=265.27   simsec/sec=1.00154   ev/simsec=264.861
     Messages:  created: 60284   present: 9   in FES: 6
** Event #482816   t=2524.282475710971   Elapsed: 2524.25s (42m 04s)  40% completed  (40% total)
     Speed:     ev/sec=283.566   simsec/sec=0.991699   ev/simsec=285.94
     Messages:  created: 60379   present: 7   in FES: 4
** Event #483584   t=2526.843290550076   Elapsed: 2526.81s (42m 06s)  40% completed  (40% total)
     Speed:     ev/sec=299.642   simsec/sec=0.999125   ev/simsec=299.905
     Messages:  created: 60475   present: 7   in FES: 4
** Event #484352   t=2529.350453680419   Elapsed: 2529.3s (42m 09s)  40% completed  (40% total)
     Speed:     ev/sec=309.219   simsec/sec=1.00946   ev/simsec=306.322
     Messages:  created: 60571   present: 7   in FES: 4
** Event #485120   t=2532.07868823579   Elapsed: 2532.03s (42m 12s)  40% completed  (40% total)
     Speed:     ev/sec=280.675   simsec/sec=0.997068   ev/simsec=281.501
     Messages:  created: 60667   present: 7   in FES: 4
** Event #485632   t=2534.225626290399   Elapsed: 2534.17s (42m 14s)  40% completed  (40% total)
     Speed:     ev/sec=239.512   simsec/sec=1.00433   ev/simsec=238.479
     Messages:  created: 60732   present: 9   in FES: 6
** Event #486144   t=2536.359225867466   Elapsed: 2536.31s (42m 16s)  40% completed  (40% total)
     Speed:     ev/sec=239.97   simsec/sec=0.999999   ev/simsec=239.97
     Messages:  created: 60796   present: 9   in FES: 6
** Event #486656   t=2539.0685855823   Elapsed: 2539.03s (42m 19s)  40% completed  (40% total)
     Speed:     ev/sec=188.099   simsec/sec=0.995369   ev/simsec=188.975
     Messages:  created: 60859   present: 7   in FES: 4
** Event #487168   t=2541.591005205185   Elapsed: 2541.54s (42m 21s)  40% completed  (40% total)
     Speed:     ev/sec=203.999   simsec/sec=1.00502   ev/simsec=202.98
     Messages:  created: 60924   present: 9   in FES: 6
** Event #488192   t=2543.908064416886   Elapsed: 2543.85s (42m 23s)  40% completed  (40% total)
     Speed:     ev/sec=441.94   simsec/sec=1   ev/simsec=441.94
     Messages:  created: 61052   present: 9   in FES: 6
** Event #488960   t=2546.705626615801   Elapsed: 2546.68s (42m 26s)  40% completed  (40% total)
     Speed:     ev/sec=271.608   simsec/sec=0.989375   ev/simsec=274.525
     Messages:  created: 61147   present: 7   in FES: 4
** Event #489984   t=2549.142675371515   Elapsed: 2549.1s (42m 29s)  40% completed  (40% total)
     Speed:     ev/sec=423.103   simsec/sec=1.00696   ev/simsec=420.18
     Messages:  created: 61275   present: 7   in FES: 4
** Event #491008   t=2551.584016644809   Elapsed: 2551.53s (42m 31s)  40% completed  (40% total)
     Speed:     ev/sec=421.722   simsec/sec=1.00544   ev/simsec=419.442
     Messages:  created: 61404   present: 9   in FES: 6
** Event #491776   t=2553.684755030212   Elapsed: 2553.63s (42m 33s)  40% completed  (40% total)
     Speed:     ev/sec=365.586   simsec/sec=1   ev/simsec=365.586
     Messages:  created: 61500   present: 9   in FES: 6
** Event #492544   t=2556.139116554461   Elapsed: 2556.14s (42m 36s)  40% completed  (40% total)
     Speed:     ev/sec=306.661   simsec/sec=0.980021   ev/simsec=312.912
     Messages:  created: 61595   present: 7   in FES: 4
** Event #493056   t=2559.121244495413   Elapsed: 2559.08s (42m 39s)  40% completed  (40% total)
     Speed:     ev/sec=173.61   simsec/sec=1.01118   ev/simsec=171.689
     Messages:  created: 61659   present: 7   in FES: 4
** Event #494848   t=2561.315936660614   Elapsed: 2561.26s (42m 41s)  40% completed  (40% total)
     Speed:     ev/sec=822.908   simsec/sec=1.00783   ev/simsec=816.515
     Messages:  created: 61885   present: 12   in FES: 6
** Event #495872   t=2563.819992365809   Elapsed: 2563.77s (42m 43s)  40% completed  (40% total)
     Speed:     ev/sec=408.937   simsec/sec=1   ev/simsec=408.937
     Messages:  created: 62012   present: 9   in FES: 6
** Event #496640   t=2567.503046374214   Elapsed: 2567.45s (42m 47s)  40% completed  (40% total)
     Speed:     ev/sec=208.523   simsec/sec=1   ev/simsec=208.523
     Messages:  created: 62108   present: 10   in FES: 6
** Event #497152   t=2570.072079438747   Elapsed: 2570.02s (42m 50s)  40% completed  (40% total)
     Speed:     ev/sec=199.002   simsec/sec=0.998522   ev/simsec=199.297
     Messages:  created: 62171   present: 7   in FES: 4
** Event #497664   t=2572.744123831373   Elapsed: 2572.76s (42m 52s)  40% completed  (40% total)
     Speed:     ev/sec=187.059   simsec/sec=0.976228   ev/simsec=191.614
     Messages:  created: 62235   present: 7   in FES: 4
** Event #498176   t=2575.432203191425   Elapsed: 2575.43s (42m 55s)  40% completed  (40% total)
     Speed:     ev/sec=191.393   simsec/sec=1.00484   ev/simsec=190.471
     Messages:  created: 62299   present: 7   in FES: 4
** Event #498688   t=2578.273558398342   Elapsed: 2578.22s (42m 58s)  40% completed  (40% total)
     Speed:     ev/sec=183.813   simsec/sec=1.02007   ev/simsec=180.196
     Messages:  created: 62364   present: 9   in FES: 6
** Event #499712   t=2581.734044829459   Elapsed: 2581.68s (43m 01s)  40% completed  (40% total)
     Speed:     ev/sec=295.912   simsec/sec=0.999998   ev/simsec=295.912
     Messages:  created: 62491   present: 8   in FES: 5
t=2583.041918 executing addServer()
adding server with latency=60
** Event #500224   t=2583.777526204196   Elapsed: 2583.72s (43m 03s)  41% completed  (41% total)
     Speed:     ev/sec=250.55   simsec/sec=0.99999   ev/simsec=250.553
     Messages:  created: 62557   present: 10   in FES: 6
** Event #500736   t=2585.918255017086   Elapsed: 2585.87s (43m 05s)  41% completed  (41% total)
     Speed:     ev/sec=238.905   simsec/sec=0.998888   ev/simsec=239.171
     Messages:  created: 62621   present: 11   in FES: 7
** Event #501504   t=2588.899909910193   Elapsed: 2588.85s (43m 08s)  41% completed  (41% total)
     Speed:     ev/sec=257.777   simsec/sec=1.00078   ev/simsec=257.575
     Messages:  created: 62717   present: 10   in FES: 6
** Event #502272   t=2591.199421949451   Elapsed: 2591.15s (43m 11s)  41% completed  (41% total)
     Speed:     ev/sec=333.995   simsec/sec=1.00003   ev/simsec=333.984
     Messages:  created: 62813   present: 10   in FES: 6
** Event #503040   t=2593.200793057038   Elapsed: 2593.15s (43m 13s)  41% completed  (41% total)
     Speed:     ev/sec=383.734   simsec/sec=0.999993   ev/simsec=383.737
     Messages:  created: 62909   present: 10   in FES: 6
** Event #503552   t=2595.539046675587   Elapsed: 2595.49s (43m 15s)  41% completed  (41% total)
     Speed:     ev/sec=218.962   simsec/sec=0.999976   ev/simsec=218.967
     Messages:  created: 62973   present: 10   in FES: 6
** Event #504320   t=2598.304681167615   Elapsed: 2598.26s (43m 18s)  41% completed  (41% total)
     Speed:     ev/sec=276.701   simsec/sec=0.996424   ev/simsec=277.694
     Messages:  created: 63069   present: 11   in FES: 7
** Event #505088   t=2600.504222583917   Elapsed: 2600.45s (43m 20s)  41% completed  (41% total)
     Speed:     ev/sec=350.757   simsec/sec=1.00456   ev/simsec=349.164
     Messages:  created: 63165   present: 10   in FES: 6
** Event #505856   t=2603.064833939635   Elapsed: 2603.01s (43m 23s)  41% completed  (41% total)
     Speed:     ev/sec=299.615   simsec/sec=0.998955   ev/simsec=299.928
     Messages:  created: 63261   present: 11   in FES: 7
** Event #506880   t=2605.778876343125   Elapsed: 2605.75s (43m 25s)  41% completed  (41% total)
     Speed:     ev/sec=373.805   simsec/sec=0.990746   ev/simsec=377.297
     Messages:  created: 63389   present: 11   in FES: 6
** Event #507392   t=2608.865724452136   Elapsed: 2608.81s (43m 28s)  41% completed  (41% total)
     Speed:     ev/sec=167.385   simsec/sec=1.00916   ev/simsec=165.865
     Messages:  created: 63453   present: 10   in FES: 6
** Event #508416   t=2611.019312971406   Elapsed: 2610.97s (43m 30s)  41% completed  (41% total)
     Speed:     ev/sec=475.485   simsec/sec=1   ev/simsec=475.485
     Messages:  created: 63581   present: 10   in FES: 6
** Event #509440   t=2613.414732852423   Elapsed: 2613.36s (43m 33s)  41% completed  (41% total)
     Speed:     ev/sec=427.478   simsec/sec=0.99999   ev/simsec=427.482
     Messages:  created: 63709   present: 10   in FES: 6
** Event #509952   t=2615.929608828635   Elapsed: 2615.88s (43m 35s)  41% completed  (41% total)
     Speed:     ev/sec=203.591   simsec/sec=1.00001   ev/simsec=203.589
     Messages:  created: 63773   present: 10   in FES: 6
** Event #510976   t=2618.132465613883   Elapsed: 2618.08s (43m 38s)  41% completed  (41% total)
     Speed:     ev/sec=464.85   simsec/sec=0.999998   ev/simsec=464.851
     Messages:  created: 63901   present: 10   in FES: 6
** Event #511744   t=2620.298727484815   Elapsed: 2620.25s (43m 40s)  41% completed  (41% total)
     Speed:     ev/sec=354.373   simsec/sec=0.999564   ev/simsec=354.528
     Messages:  created: 63997   present: 11   in FES: 7
** Event #512768   t=2622.806366986911   Elapsed: 2622.75s (43m 42s)  41% completed  (41% total)
     Speed:     ev/sec=408.507   simsec/sec=1.00038   ev/simsec=408.352
     Messages:  created: 64125   present: 10   in FES: 6
** Event #513280   t=2624.861652303149   Elapsed: 2624.81s (43m 44s)  41% completed  (41% total)
     Speed:     ev/sec=249.114   simsec/sec=1   ev/simsec=249.114
     Messages:  created: 64189   present: 10   in FES: 6
** Event #514048   t=2627.202776589702   Elapsed: 2627.15s (43m 47s)  41% completed  (41% total)
     Speed:     ev/sec=328.047   simsec/sec=0.999998   ev/simsec=328.048
     Messages:  created: 64285   present: 10   in FES: 6
** Event #515072   t=2629.410469601984   Elapsed: 2629.36s (43m 49s)  41% completed  (41% total)
     Speed:     ev/sec=463.833   simsec/sec=1   ev/simsec=463.833
     Messages:  created: 64413   present: 10   in FES: 6
** Event #515840   t=2632.45701288161   Elapsed: 2632.4s (43m 52s)  41% completed  (41% total)
     Speed:     ev/sec=252.081   simsec/sec=0.999969   ev/simsec=252.089
     Messages:  created: 64509   present: 10   in FES: 6
** Event #516608   t=2634.989658658886   Elapsed: 2634.94s (43m 54s)  41% completed  (41% total)
     Speed:     ev/sec=302.995   simsec/sec=0.99919   ev/simsec=303.24
     Messages:  created: 64605   present: 11   in FES: 6
** Event #517120   t=2637.527401164432   Elapsed: 2637.47s (43m 57s)  41% completed  (41% total)
     Speed:     ev/sec=201.925   simsec/sec=1.00085   ev/simsec=201.754
     Messages:  created: 64669   present: 10   in FES: 6
** Event #517632   t=2639.754636914209   Elapsed: 2639.7s (43m 59s)  41% completed  (41% total)
     Speed:     ev/sec=229.881   simsec/sec=0.999999   ev/simsec=229.881
     Messages:  created: 64733   present: 10   in FES: 6
** Event #518656   t=2642.154273439808   Elapsed: 2642.1s (44m 02s)  41% completed  (41% total)
     Speed:     ev/sec=426.732   simsec/sec=1   ev/simsec=426.731
     Messages:  created: 64862   present: 14   in FES: 8
t=2643.041918 addServer() complete
t=2643.102473 executing setDimmer(0.7)
** Event #519680   t=2645.323063217423   Elapsed: 2645.27s (44m 05s)  41% completed  (41% total)
     Speed:     ev/sec=323.152   simsec/sec=1   ev/simsec=323.152
     Messages:  created: 64989   present: 11   in FES: 7
** Event #520448   t=2647.86840468502   Elapsed: 2647.81s (44m 07s)  42% completed  (42% total)
     Speed:     ev/sec=301.728   simsec/sec=1   ev/simsec=301.728
     Messages:  created: 65085   present: 12   in FES: 7
** Event #521472   t=2650.962539961894   Elapsed: 2650.91s (44m 10s)  42% completed  (42% total)
     Speed:     ev/sec=330.937   simsec/sec=0.999963   ev/simsec=330.949
     Messages:  created: 65212   present: 9   in FES: 5
** Event #521984   t=2653.174041139821   Elapsed: 2653.12s (44m 13s)  42% completed  (42% total)
     Speed:     ev/sec=231.529   simsec/sec=1.00005   ev/simsec=231.517
     Messages:  created: 65276   present: 10   in FES: 6
** Event #522752   t=2655.803630226343   Elapsed: 2655.75s (44m 15s)  42% completed  (42% total)
     Speed:     ev/sec=292.06   simsec/sec=0.999998   ev/simsec=292.061
     Messages:  created: 65372   present: 10   in FES: 6
** Event #523264   t=2659.076757214441   Elapsed: 2659.02s (44m 19s)  42% completed  (42% total)
     Speed:     ev/sec=156.426   simsec/sec=1   ev/simsec=156.425
     Messages:  created: 65436   present: 9   in FES: 5
** Event #524032   t=2661.452516824834   Elapsed: 2661.4s (44m 21s)  42% completed  (42% total)
     Speed:     ev/sec=323.264   simsec/sec=0.999998   ev/simsec=323.265
     Messages:  created: 65532   present: 10   in FES: 6
** Event #524544   t=2663.480027979075   Elapsed: 2663.43s (44m 23s)  42% completed  (42% total)
     Speed:     ev/sec=252.526   simsec/sec=1   ev/simsec=252.526
     Messages:  created: 65596   present: 10   in FES: 6
** Event #525568   t=2666.085420816868   Elapsed: 2666.03s (44m 26s)  42% completed  (42% total)
     Speed:     ev/sec=393.031   simsec/sec=1   ev/simsec=393.031
     Messages:  created: 65725   present: 12   in FES: 7
** Event #526336   t=2668.310525001659   Elapsed: 2668.27s (44m 28s)  42% completed  (42% total)
     Speed:     ev/sec=343.771   simsec/sec=0.995999   ev/simsec=345.152
     Messages:  created: 65822   present: 15   in FES: 7
** Event #527360   t=2671.211194480927   Elapsed: 2671.16s (44m 31s)  42% completed  (42% total)
     Speed:     ev/sec=354.113   simsec/sec=1.00309   ev/simsec=353.022
     Messages:  created: 65949   present: 12   in FES: 7
** Event #528128   t=2673.503334976243   Elapsed: 2673.45s (44m 33s)  42% completed  (42% total)
     Speed:     ev/sec=335.058   simsec/sec=1   ev/simsec=335.058
     Messages:  created: 66045   present: 11   in FES: 7
** Event #529152   t=2675.831969652179   Elapsed: 2675.78s (44m 35s)  42% completed  (42% total)
     Speed:     ev/sec=439.742   simsec/sec=0.999999   ev/simsec=439.743
     Messages:  created: 66172   present: 10   in FES: 6
** Event #529920   t=2678.418697821205   Elapsed: 2678.36s (44m 38s)  42% completed  (42% total)
     Speed:     ev/sec=296.9   simsec/sec=1   ev/simsec=296.9
     Messages:  created: 66268   present: 10   in FES: 6
** Event #530432   t=2680.871314800449   Elapsed: 2680.82s (44m 40s)  42% completed  (42% total)
     Speed:     ev/sec=208.757   simsec/sec=1   ev/simsec=208.757
     Messages:  created: 66333   present: 11   in FES: 7
** Event #531200   t=2683.223544788913   Elapsed: 2683.17s (44m 43s)  42% completed  (42% total)
     Speed:     ev/sec=326.499   simsec/sec=1   ev/simsec=326.499
     Messages:  created: 66430   present: 14   in FES: 8
** Event #531712   t=2686.234759325586   Elapsed: 2686.18s (44m 46s)  42% completed  (42% total)
     Speed:     ev/sec=170.031   simsec/sec=1   ev/simsec=170.031
     Messages:  created: 66492   present: 9   in FES: 5
** Event #532480   t=2688.512254113477   Elapsed: 2688.46s (44m 48s)  42% completed  (42% total)
     Speed:     ev/sec=337.212   simsec/sec=0.999999   ev/simsec=337.213
     Messages:  created: 66591   present: 17   in FES: 8
** Event #533248   t=2691.129028407413   Elapsed: 2691.07s (44m 51s)  42% completed  (42% total)
     Speed:     ev/sec=293.491   simsec/sec=0.999999   ev/simsec=293.491
     Messages:  created: 66684   present: 10   in FES: 6
** Event #534016   t=2693.268867332004   Elapsed: 2693.21s (44m 53s)  42% completed  (42% total)
     Speed:     ev/sec=358.906   simsec/sec=1   ev/simsec=358.906
     Messages:  created: 66780   present: 9   in FES: 5
** Event #535040   t=2695.726535894072   Elapsed: 2695.67s (44m 55s)  42% completed  (42% total)
     Speed:     ev/sec=416.655   simsec/sec=1   ev/simsec=416.655
     Messages:  created: 66912   present: 21   in FES: 8
** Event #536320   t=2698.013041053466   Elapsed: 2697.96s (44m 57s)  42% completed  (42% total)
     Speed:     ev/sec=559.806   simsec/sec=1   ev/simsec=559.806
     Messages:  created: 67068   present: 10   in FES: 6
** Event #537088   t=2700.073368184912   Elapsed: 2700.02s (45m 00s)  42% completed  (42% total)
     Speed:     ev/sec=372.756   simsec/sec=1   ev/simsec=372.756
     Messages:  created: 67164   present: 10   in FES: 6
** Event #538368   t=2702.859341463066   Elapsed: 2702.81s (45m 02s)  42% completed  (42% total)
     Speed:     ev/sec=459.445   simsec/sec=1   ev/simsec=459.444
     Messages:  created: 67323   present: 9   in FES: 5
** Event #539648   t=2705.11271786323   Elapsed: 2705.06s (45m 05s)  42% completed  (42% total)
     Speed:     ev/sec=568.037   simsec/sec=1   ev/simsec=568.036
     Messages:  created: 67487   present: 18   in FES: 8
** Event #540928   t=2707.538019361375   Elapsed: 2707.48s (45m 07s)  42% completed  (42% total)
     Speed:     ev/sec=527.768   simsec/sec=0.999998   ev/simsec=527.769
     Messages:  created: 67644   present: 10   in FES: 6
** Event #541952   t=2709.873122218129   Elapsed: 2709.82s (45m 09s)  43% completed  (43% total)
     Speed:     ev/sec=438.525   simsec/sec=1   ev/simsec=438.525
     Messages:  created: 67777   present: 24   in FES: 8
** Event #543232   t=2712.702739350888   Elapsed: 2712.65s (45m 12s)  43% completed  (43% total)
     Speed:     ev/sec=452.358   simsec/sec=0.999999   ev/simsec=452.358
     Messages:  created: 67931   present: 9   in FES: 5
** Event #544000   t=2715.181528543429   Elapsed: 2715.13s (45m 15s)  43% completed  (43% total)
     Speed:     ev/sec=309.829   simsec/sec=1   ev/simsec=309.829
     Messages:  created: 68028   present: 10   in FES: 6
** Event #544768   t=2717.28517581713   Elapsed: 2717.23s (45m 17s)  43% completed  (43% total)
     Speed:     ev/sec=365.08   simsec/sec=1   ev/simsec=365.08
     Messages:  created: 68124   present: 10   in FES: 6
** Event #545792   t=2719.654626001595   Elapsed: 2719.6s (45m 19s)  43% completed  (43% total)
     Speed:     ev/sec=432.167   simsec/sec=0.999999   ev/simsec=432.168
     Messages:  created: 68251   present: 9   in FES: 5
** Event #546816   t=2721.858833964838   Elapsed: 2721.8s (45m 21s)  43% completed  (43% total)
     Speed:     ev/sec=464.567   simsec/sec=1   ev/simsec=464.566
     Messages:  created: 68382   present: 17   in FES: 8
** Event #548096   t=2724.167094166572   Elapsed: 2724.11s (45m 24s)  43% completed  (43% total)
     Speed:     ev/sec=554.528   simsec/sec=0.999997   ev/simsec=554.53
     Messages:  created: 68540   present: 11   in FES: 6
** Event #549120   t=2726.470621272412   Elapsed: 2726.42s (45m 26s)  43% completed  (43% total)
     Speed:     ev/sec=444.535   simsec/sec=0.999998   ev/simsec=444.536
     Messages:  created: 68668   present: 12   in FES: 6
** Event #550400   t=2728.796026851982   Elapsed: 2728.74s (45m 28s)  43% completed  (43% total)
     Speed:     ev/sec=550.444   simsec/sec=1   ev/simsec=550.442
     Messages:  created: 68829   present: 13   in FES: 7
** Event #551424   t=2731.683566000792   Elapsed: 2731.63s (45m 31s)  43% completed  (43% total)
     Speed:     ev/sec=354.627   simsec/sec=0.999999   ev/simsec=354.627
     Messages:  created: 68955   present: 9   in FES: 5
** Event #552448   t=2733.808700280355   Elapsed: 2733.75s (45m 33s)  43% completed  (43% total)
     Speed:     ev/sec=481.851   simsec/sec=0.999998   ev/simsec=481.852
     Messages:  created: 69085   present: 13   in FES: 7
** Event #553472   t=2736.303990657074   Elapsed: 2736.25s (45m 36s)  43% completed  (43% total)
     Speed:     ev/sec=410.374   simsec/sec=1   ev/simsec=410.373
     Messages:  created: 69212   present: 10   in FES: 6
** Event #554496   t=2739.146469028354   Elapsed: 2739.09s (45m 39s)  43% completed  (43% total)
     Speed:     ev/sec=360.249   simsec/sec=0.999999   ev/simsec=360.249
     Messages:  created: 69340   present: 10   in FES: 6
** Event #555264   t=2741.249906790196   Elapsed: 2741.2s (45m 41s)  43% completed  (43% total)
     Speed:     ev/sec=365.117   simsec/sec=1   ev/simsec=365.117
     Messages:  created: 69436   present: 10   in FES: 6
** Event #555776   t=2743.904145921815   Elapsed: 2743.85s (45m 43s)  43% completed  (43% total)
     Speed:     ev/sec=192.9   simsec/sec=1.00001   ev/simsec=192.899
     Messages:  created: 69501   present: 13   in FES: 7
** Event #556544   t=2746.882847465229   Elapsed: 2746.83s (45m 46s)  43% completed  (43% total)
     Speed:     ev/sec=257.829   simsec/sec=0.999993   ev/simsec=257.83
     Messages:  created: 69597   present: 13   in FES: 7
** Event #557312   t=2749.245282913555   Elapsed: 2749.19s (45m 49s)  43% completed  (43% total)
     Speed:     ev/sec=325.088   simsec/sec=1   ev/simsec=325.088
     Messages:  created: 69692   present: 12   in FES: 7
** Event #558080   t=2751.510518994065   Elapsed: 2751.46s (45m 51s)  43% completed  (43% total)
     Speed:     ev/sec=339.038   simsec/sec=1   ev/simsec=339.038
     Messages:  created: 69788   present: 11   in FES: 6
** Event #558848   t=2753.556940396884   Elapsed: 2753.5s (45m 53s)  43% completed  (43% total)
     Speed:     ev/sec=375.289   simsec/sec=0.999999   ev/simsec=375.289
     Messages:  created: 69884   present: 12   in FES: 7
** Event #559872   t=2755.964414741237   Elapsed: 2755.91s (45m 55s)  43% completed  (43% total)
     Speed:     ev/sec=425.343   simsec/sec=1   ev/simsec=425.342
     Messages:  created: 70011   present: 9   in FES: 5
** Event #560640   t=2758.107800769433   Elapsed: 2758.05s (45m 58s)  43% completed  (43% total)
     Speed:     ev/sec=358.311   simsec/sec=1   ev/simsec=358.312
     Messages:  created: 70108   present: 10   in FES: 6
** Event #561408   t=2760.96742086689   Elapsed: 2760.91s (46m 00s)  43% completed  (43% total)
     Speed:     ev/sec=268.567   simsec/sec=0.999999   ev/simsec=268.567
     Messages:  created: 70204   present: 12   in FES: 8
t=2762.650039 executing setDimmer(0.1)
** Event #562176   t=2763.051881536967   Elapsed: 2763s (46m 02s)  43% completed  (43% total)
     Speed:     ev/sec=368.386   simsec/sec=0.999852   ev/simsec=368.441
     Messages:  created: 70298   present: 8   in FES: 4
** Event #563456   t=2765.25944461323   Elapsed: 2765.21s (46m 05s)  43% completed  (43% total)
     Speed:     ev/sec=579.184   simsec/sec=0.998894   ev/simsec=579.825
     Messages:  created: 70458   present: 8   in FES: 4
** Event #564224   t=2767.395899424287   Elapsed: 2767.36s (46m 07s)  43% completed  (43% total)
     Speed:     ev/sec=357.573   simsec/sec=0.994711   ev/simsec=359.474
     Messages:  created: 70554   present: 8   in FES: 4
** Event #565248   t=2770.148240678405   Elapsed: 2770.09s (46m 10s)  43% completed  (43% total)
     Speed:     ev/sec=373.964   simsec/sec=1.00515   ev/simsec=372.047
     Messages:  created: 70683   present: 10   in FES: 6
** Event #566528   t=2772.74896370752   Elapsed: 2772.7s (46m 12s)  44% completed  (44% total)
     Speed:     ev/sec=491.581   simsec/sec=0.998803   ev/simsec=492.171
     Messages:  created: 70842   present: 8   in FES: 4
** Event #567552   t=2774.903943467537   Elapsed: 2774.9s (46m 14s)  44% completed  (44% total)
     Speed:     ev/sec=464.375   simsec/sec=0.977264   ev/simsec=475.178
     Messages:  created: 70970   present: 8   in FES: 4
** Event #568320   t=2778.190284637194   Elapsed: 2778.14s (46m 18s)  44% completed  (44% total)
     Speed:     ev/sec=237.544   simsec/sec=1.01647   ev/simsec=233.695
     Messages:  created: 71067   present: 10   in FES: 6
** Event #569344   t=2780.303770337859   Elapsed: 2780.26s (46m 20s)  44% completed  (44% total)
     Speed:     ev/sec=481.477   simsec/sec=0.993744   ev/simsec=484.508
     Messages:  created: 71194   present: 8   in FES: 4
** Event #570624   t=2782.688292553519   Elapsed: 2782.65s (46m 22s)  44% completed  (44% total)
     Speed:     ev/sec=535.817   simsec/sec=0.998177   ev/simsec=536.795
     Messages:  created: 71354   present: 8   in FES: 4
** Event #571392   t=2784.835026864549   Elapsed: 2784.8s (46m 24s)  44% completed  (44% total)
     Speed:     ev/sec=357.971   simsec/sec=1.00061   ev/simsec=357.753
     Messages:  created: 71450   present: 8   in FES: 4
** Event #572160   t=2786.959684008517   Elapsed: 2786.91s (46m 26s)  44% completed  (44% total)
     Speed:     ev/sec=363.456   simsec/sec=1.00549   ev/simsec=361.47
     Messages:  created: 71546   present: 8   in FES: 4
** Event #572928   t=2789.31271555558   Elapsed: 2789.26s (46m 29s)  44% completed  (44% total)
     Speed:     ev/sec=327.047   simsec/sec=1.00202   ev/simsec=326.387
     Messages:  created: 71643   present: 10   in FES: 6
** Event #573440   t=2791.405273731096   Elapsed: 2791.36s (46m 31s)  44% completed  (44% total)
     Speed:     ev/sec=243.142   simsec/sec=0.99373   ev/simsec=244.677
     Messages:  created: 71706   present: 8   in FES: 4
** Event #574208   t=2793.975308285918   Elapsed: 2793.93s (46m 33s)  44% completed  (44% total)
     Speed:     ev/sec=299.116   simsec/sec=1.00096   ev/simsec=298.829
     Messages:  created: 71802   present: 8   in FES: 4
** Event #575232   t=2796.672986676049   Elapsed: 2796.66s (46m 36s)  44% completed  (44% total)
     Speed:     ev/sec=375.846   simsec/sec=0.990148   ev/simsec=379.586
     Messages:  created: 71930   present: 8   in FES: 4
** Event #576768   t=2799.575795799451   Elapsed: 2799.54s (46m 39s)  44% completed  (44% total)
     Speed:     ev/sec=533.208   simsec/sec=1.00768   ev/simsec=529.143
     Messages:  created: 72122   present: 8   in FES: 4
** Event #578048   t=2802.266520449582   Elapsed: 2802.22s (46m 42s)  44% completed  (44% total)
     Speed:     ev/sec=477.278   simsec/sec=1.0033   ev/simsec=475.708
     Messages:  created: 72282   present: 8   in FES: 4
** Event #578816   t=2804.42895424888   Elapsed: 2804.38s (46m 44s)  44% completed  (44% total)
     Speed:     ev/sec=355.015   simsec/sec=0.999606   ev/simsec=355.155
     Messages:  created: 72378   present: 8   in FES: 4
** Event #579840   t=2806.720064968304   Elapsed: 2806.69s (46m 46s)  44% completed  (44% total)
     Speed:     ev/sec=444.466   simsec/sec=0.994454   ev/simsec=446.945
     Messages:  created: 72506   present: 8   in FES: 4
** Event #581120   t=2809.152928262134   Elapsed: 2809.12s (46m 49s)  44% completed  (44% total)
     Speed:     ev/sec=526.002   simsec/sec=0.999758   ev/simsec=526.129
     Messages:  created: 72666   present: 8   in FES: 4
** Event #582144   t=2811.601424522681   Elapsed: 2811.55s (46m 51s)  44% completed  (44% total)
     Speed:     ev/sec=421.801   simsec/sec=1.00857   ev/simsec=418.216
     Messages:  created: 72795   present: 10   in FES: 6
** Event #583168   t=2813.874465097769   Elapsed: 2813.84s (46m 53s)  44% completed  (44% total)
     Speed:     ev/sec=445.946   simsec/sec=0.989896   ev/simsec=450.498
     Messages:  created: 72922   present: 8   in FES: 4
** Event #583936   t=2816.370040342478   Elapsed: 2816.35s (46m 56s)  44% completed  (44% total)
     Speed:     ev/sec=306.312   simsec/sec=0.995346   ev/simsec=307.745
     Messages:  created: 73018   present: 8   in FES: 4
** Event #584960   t=2818.406662511011   Elapsed: 2818.38s (46m 58s)  44% completed  (44% total)
     Speed:     ev/sec=504.253   simsec/sec=1.0029   ev/simsec=502.793
     Messages:  created: 73146   present: 8   in FES: 4
** Event #585984   t=2820.435109658551   Elapsed: 2820.38s (47m 00s)  44% completed  (44% total)
     Speed:     ev/sec=511.965   simsec/sec=1.01415   ev/simsec=504.82
     Messages:  created: 73274   present: 9   in FES: 5
t=2822.842658 executing removeServer()
scheduled complete remove at 2822.842658
** Event #587264   t=2822.929406829266   Elapsed: 2822.88s (47m 02s)  44% completed  (44% total)
     Speed:     ev/sec=513.307   simsec/sec=1.00027   ev/simsec=513.171
     Messages:  created: 73436   present: 9   in FES: 6
** Event #588032   t=2825.073504669014   Elapsed: 2825.02s (47m 05s)  44% completed  (44% total)
     Speed:     ev/sec=358.192   simsec/sec=0.999999   ev/simsec=358.193
     Messages:  created: 73532   present: 8   in FES: 5
** Event #588544   t=2827.371501856595   Elapsed: 2827.32s (47m 07s)  44% completed  (44% total)
     Speed:     ev/sec=222.803   simsec/sec=1   ev/simsec=222.803
     Messages:  created: 73596   present: 8   in FES: 5
** Event #589312   t=2830.574589750571   Elapsed: 2830.52s (47m 10s)  44% completed  (44% total)
     Speed:     ev/sec=239.769   simsec/sec=1   ev/simsec=239.769
     Messages:  created: 73692   present: 8   in FES: 5
** Event #589824   t=2832.818334683772   Elapsed: 2832.76s (47m 12s)  44% completed  (44% total)
     Speed:     ev/sec=228.19   simsec/sec=1   ev/simsec=228.19
     Messages:  created: 73756   present: 8   in FES: 5
** Event #590592   t=2835.582460747777   Elapsed: 2835.53s (47m 15s)  45% completed  (45% total)
     Speed:     ev/sec=277.845   simsec/sec=0.999999   ev/simsec=277.846
     Messages:  created: 73853   present: 11   in FES: 7
** Event #591616   t=2838.079166622542   Elapsed: 2838.03s (47m 18s)  45% completed  (45% total)
     Speed:     ev/sec=410.141   simsec/sec=1   ev/simsec=410.14
     Messages:  created: 73980   present: 8   in FES: 5
** Event #592640   t=2840.625774218738   Elapsed: 2840.57s (47m 20s)  45% completed  (45% total)
     Speed:     ev/sec=402.104   simsec/sec=1   ev/simsec=402.104
     Messages:  created: 74108   present: 8   in FES: 5
** Event #593408   t=2843.203235759018   Elapsed: 2843.15s (47m 23s)  45% completed  (45% total)
     Speed:     ev/sec=297.967   simsec/sec=0.999999   ev/simsec=297.968
     Messages:  created: 74204   present: 8   in FES: 5
** Event #594432   t=2845.44871527796   Elapsed: 2845.39s (47m 25s)  45% completed  (45% total)
     Speed:     ev/sec=456.028   simsec/sec=1   ev/simsec=456.027
     Messages:  created: 74332   present: 8   in FES: 5
** Event #595456   t=2847.571964736174   Elapsed: 2847.52s (47m 27s)  45% completed  (45% total)
     Speed:     ev/sec=482.28   simsec/sec=1   ev/simsec=482.28
     Messages:  created: 74460   present: 8   in FES: 5
** Event #596224   t=2849.788327600103   Elapsed: 2849.73s (47m 29s)  45% completed  (45% total)
     Speed:     ev/sec=346.513   simsec/sec=0.999998   ev/simsec=346.514
     Messages:  created: 74556   present: 8   in FES: 5
** Event #596992   t=2851.87919970927   Elapsed: 2851.83s (47m 31s)  45% completed  (45% total)
     Speed:     ev/sec=367.311   simsec/sec=1   ev/simsec=367.311
     Messages:  created: 74652   present: 8   in FES: 5
** Event #598528   t=2854.502283984815   Elapsed: 2854.45s (47m 34s)  45% completed  (45% total)
     Speed:     ev/sec=585.57   simsec/sec=0.999999   ev/simsec=585.57
     Messages:  created: 74844   present: 9   in FES: 6
** Event #599552   t=2856.750657128282   Elapsed: 2856.7s (47m 36s)  45% completed  (45% total)
     Speed:     ev/sec=455.44   simsec/sec=1   ev/simsec=455.44
     Messages:  created: 74972   present: 9   in FES: 6
** Event #601088   t=2858.825795151428   Elapsed: 2858.77s (47m 38s)  45% completed  (45% total)
     Speed:     ev/sec=740.192   simsec/sec=1   ev/simsec=740.192
     Messages:  created: 75164   present: 8   in FES: 5
** Event #601856   t=2860.984690102055   Elapsed: 2860.93s (47m 40s)  45% completed  (45% total)
     Speed:     ev/sec=355.731   simsec/sec=0.999982   ev/simsec=355.738
     Messages:  created: 75260   present: 8   in FES: 5
** Event #602624   t=2864.01678666838   Elapsed: 2863.96s (47m 43s)  45% completed  (45% total)
     Speed:     ev/sec=253.293   simsec/sec=1.00001   ev/simsec=253.29
     Messages:  created: 75356   present: 8   in FES: 5
** Event #603392   t=2866.267242882845   Elapsed: 2866.21s (47m 46s)  45% completed  (45% total)
     Speed:     ev/sec=341.264   simsec/sec=1   ev/simsec=341.264
     Messages:  created: 75452   present: 8   in FES: 5
** Event #603904   t=2868.532353314542   Elapsed: 2868.48s (47m 48s)  45% completed  (45% total)
     Speed:     ev/sec=226.035   simsec/sec=0.999991   ev/simsec=226.038
     Messages:  created: 75516   present: 8   in FES: 5
** Event #604928   t=2870.858967294505   Elapsed: 2870.8s (47m 50s)  45% completed  (45% total)
     Speed:     ev/sec=440.129   simsec/sec=1.00001   ev/simsec=440.125
     Messages:  created: 75644   present: 8   in FES: 5
** Event #605696   t=2873.343928944249   Elapsed: 2873.29s (47m 53s)  45% completed  (45% total)
     Speed:     ev/sec=309.059   simsec/sec=0.999999   ev/simsec=309.059
     Messages:  created: 75740   present: 8   in FES: 5
** Event #606464   t=2875.565747608978   Elapsed: 2875.51s (47m 55s)  45% completed  (45% total)
     Speed:     ev/sec=345.663   simsec/sec=1   ev/simsec=345.663
     Messages:  created: 75836   present: 8   in FES: 5
** Event #607232   t=2878.443291631666   Elapsed: 2878.39s (47m 58s)  45% completed  (45% total)
     Speed:     ev/sec=266.894   simsec/sec=0.999999   ev/simsec=266.894
     Messages:  created: 75932   present: 8   in FES: 5
** Event #607744   t=2880.614779669831   Elapsed: 2880.56s (48m 00s)  45% completed  (45% total)
     Speed:     ev/sec=235.783   simsec/sec=0.999999   ev/simsec=235.783
     Messages:  created: 75995   present: 8   in FES: 5
** Event #608512   t=2882.961052923914   Elapsed: 2882.91s (48m 02s)  45% completed  (45% total)
     Speed:     ev/sec=327.322   simsec/sec=0.999984   ev/simsec=327.328
     Messages:  created: 76091   present: 8   in FES: 5
t=2883.165606 executing addServer()
adding server with latency=60
** Event #609280   t=2885.804090170229   Elapsed: 2885.75s (48m 05s)  45% completed  (45% total)
     Speed:     ev/sec=270.128   simsec/sec=0.999979   ev/simsec=270.134
     Messages:  created: 76189   present: 10   in FES: 6
** Event #610048   t=2888.158091747805   Elapsed: 2888.1s (48m 08s)  45% completed  (45% total)
     Speed:     ev/sec=326.267   simsec/sec=1.00004   ev/simsec=326.253
     Messages:  created: 76285   present: 10   in FES: 6
** Event #610560   t=2890.42905942808   Elapsed: 2890.38s (48m 10s)  45% completed  (45% total)
     Speed:     ev/sec=225.454   simsec/sec=0.999998   ev/simsec=225.455
     Messages:  created: 76349   present: 10   in FES: 6
** Event #611328   t=2892.777350405814   Elapsed: 2892.72s (48m 12s)  45% completed  (45% total)
     Speed:     ev/sec=327.043   simsec/sec=0.999991   ev/simsec=327.046
     Messages:  created: 76445   present: 10   in FES: 6
** Event #612096   t=2894.883559324065   Elapsed: 2894.83s (48m 14s)  45% completed  (45% total)
     Speed:     ev/sec=364.641   simsec/sec=1.00001   ev/simsec=364.636
     Messages:  created: 76541   present: 11   in FES: 7
** Event #613120   t=2897.039817954111   Elapsed: 2896.99s (48m 16s)  45% completed  (45% total)
     Speed:     ev/sec=474.897   simsec/sec=1   ev/simsec=474.897
     Messages:  created: 76669   present: 10   in FES: 6
** Event #614144   t=2899.567374626322   Elapsed: 2899.51s (48m 19s)  46% completed  (46% total)
     Speed:     ev/sec=405.134   simsec/sec=0.999999   ev/simsec=405.134
     Messages:  created: 76797   present: 10   in FES: 6
** Event #614912   t=2901.858143241834   Elapsed: 2901.8s (48m 21s)  46% completed  (46% total)
     Speed:     ev/sec=335.253   simsec/sec=0.999984   ev/simsec=335.259
     Messages:  created: 76893   present: 10   in FES: 6
** Event #615680   t=2904.113644282496   Elapsed: 2904.06s (48m 24s)  46% completed  (46% total)
     Speed:     ev/sec=340.507   simsec/sec=1.00002   ev/simsec=340.501
     Messages:  created: 76989   present: 10   in FES: 6
** Event #616704   t=2906.31633466046   Elapsed: 2906.26s (48m 26s)  46% completed  (46% total)
     Speed:     ev/sec=464.887   simsec/sec=1   ev/simsec=464.886
     Messages:  created: 77117   present: 11   in FES: 7
** Event #617984   t=2908.433790895969   Elapsed: 2908.38s (48m 28s)  46% completed  (46% total)
     Speed:     ev/sec=604.497   simsec/sec=0.999997   ev/simsec=604.499
     Messages:  created: 77277   present: 11   in FES: 7
** Event #619520   t=2910.833351948691   Elapsed: 2910.78s (48m 30s)  46% completed  (46% total)
     Speed:     ev/sec=640.118   simsec/sec=1   ev/simsec=640.117
     Messages:  created: 77469   present: 10   in FES: 6
** Event #620288   t=2912.859426263074   Elapsed: 2912.81s (48m 32s)  46% completed  (46% total)
     Speed:     ev/sec=379.057   simsec/sec=0.999997   ev/simsec=379.058
     Messages:  created: 77565   present: 10   in FES: 6
** Event #621056   t=2914.881914572006   Elapsed: 2914.83s (48m 34s)  46% completed  (46% total)
     Speed:     ev/sec=379.731   simsec/sec=1   ev/simsec=379.73
     Messages:  created: 77661   present: 10   in FES: 6
** Event #622080   t=2916.900871445745   Elapsed: 2916.85s (48m 36s)  46% completed  (46% total)
     Speed:     ev/sec=507.192   simsec/sec=0.999998   ev/simsec=507.193
     Messages:  created: 77789   present: 11   in FES: 7
** Event #623360   t=2919.570236277041   Elapsed: 2919.52s (48m 39s)  46% completed  (46% total)
     Speed:     ev/sec=479.514   simsec/sec=0.999998   ev/simsec=479.515
     Messages:  created: 77949   present: 10   in FES: 6
** Event #624128   t=2921.656861744301   Elapsed: 2921.6s (48m 41s)  46% completed  (46% total)
     Speed:     ev/sec=368.059   simsec/sec=1   ev/simsec=368.058
     Messages:  created: 78045   present: 10   in FES: 6
** Event #625664   t=2923.967553735579   Elapsed: 2923.91s (48m 43s)  46% completed  (46% total)
     Speed:     ev/sec=664.735   simsec/sec=0.999998   ev/simsec=664.736
     Messages:  created: 78237   present: 10   in FES: 6
** Event #626944   t=2926.150030961533   Elapsed: 2926.1s (48m 46s)  46% completed  (46% total)
     Speed:     ev/sec=586.491   simsec/sec=1   ev/simsec=586.49
     Messages:  created: 78397   present: 10   in FES: 6
** Event #627968   t=2928.193298591235   Elapsed: 2928.14s (48m 48s)  46% completed  (46% total)
     Speed:     ev/sec=501.156   simsec/sec=0.999996   ev/simsec=501.158
     Messages:  created: 78525   present: 10   in FES: 6
** Event #629248   t=2930.29099812893   Elapsed: 2930.24s (48m 50s)  46% completed  (46% total)
     Speed:     ev/sec=610.194   simsec/sec=1   ev/simsec=610.192
     Messages:  created: 78685   present: 10   in FES: 6
** Event #630272   t=2932.592161098699   Elapsed: 2932.54s (48m 52s)  46% completed  (46% total)
     Speed:     ev/sec=444.988   simsec/sec=0.99999   ev/simsec=444.992
     Messages:  created: 78813   present: 10   in FES: 6
** Event #631552   t=2935.085532255328   Elapsed: 2935.03s (48m 55s)  46% completed  (46% total)
     Speed:     ev/sec=513.366   simsec/sec=1.00001   ev/simsec=513.361
     Messages:  created: 78973   present: 10   in FES: 6
** Event #632576   t=2937.697542277903   Elapsed: 2937.64s (48m 57s)  46% completed  (46% total)
     Speed:     ev/sec=392.036   simsec/sec=1   ev/simsec=392.035
     Messages:  created: 79101   present: 10   in FES: 6
** Event #633856   t=2940   Elapsed: 2939.99s (48m 59s)  46% completed  (46% total)
     Speed:     ev/sec=545.265   simsec/sec=0.980819   ev/simsec=555.928
     Messages:  created: 79260   present: 9   in FES: 5
** Event #634624   t=2942.355911566573   Elapsed: 2942.3s (49m 02s)  46% completed  (46% total)
     Speed:     ev/sec=332.341   simsec/sec=1.01949   ev/simsec=325.988
     Messages:  created: 79357   present: 11   in FES: 7
t=2943.142728 executing setDimmer(0.5)
t=2943.165606 addServer() complete
** Event #635392   t=2944.826344407224   Elapsed: 2944.77s (49m 04s)  46% completed  (46% total)
     Speed:     ev/sec=310.877   simsec/sec=1   ev/simsec=310.877
     Messages:  created: 79452   present: 10   in FES: 6
** Event #636160   t=2947.041338951702   Elapsed: 2946.99s (49m 06s)  46% completed  (46% total)
     Speed:     ev/sec=346.727   simsec/sec=0.999999   ev/simsec=346.728
     Messages:  created: 79548   present: 9   in FES: 5
** Event #636928   t=2949.137518231077   Elapsed: 2949.08s (49m 09s)  46% completed  (46% total)
     Speed:     ev/sec=366.381   simsec/sec=0.999999   ev/simsec=366.381
     Messages:  created: 79646   present: 14   in FES: 8
** Event #638208   t=2951.354941629809   Elapsed: 2951.3s (49m 11s)  46% completed  (46% total)
     Speed:     ev/sec=577.246   simsec/sec=1   ev/simsec=577.247
     Messages:  created: 79806   present: 15   in FES: 8
** Event #639488   t=2953.88665359815   Elapsed: 2953.83s (49m 13s)  46% completed  (46% total)
     Speed:     ev/sec=505.586   simsec/sec=0.999999   ev/simsec=505.587
     Messages:  created: 79964   present: 9   in FES: 5
** Event #640256   t=2955.888194536995   Elapsed: 2955.83s (49m 15s)  46% completed  (46% total)
     Speed:     ev/sec=383.705   simsec/sec=1   ev/simsec=383.704
     Messages:  created: 80061   present: 11   in FES: 7
** Event #641280   t=2958.553683550633   Elapsed: 2958.51s (49m 18s)  46% completed  (46% total)
     Speed:     ev/sec=383.102   simsec/sec=0.99722   ev/simsec=384.17
     Messages:  created: 80189   present: 12   in FES: 7
** Event #642304   t=2961.123049465005   Elapsed: 2961.07s (49m 21s)  47% completed  (47% total)
     Speed:     ev/sec=399.698   simsec/sec=1.0029   ev/simsec=398.542
     Messages:  created: 80316   present: 9   in FES: 5
** Event #643072   t=2963.162662049892   Elapsed: 2963.12s (49m 23s)  47% completed  (47% total)
     Speed:     ev/sec=374.878   simsec/sec=0.995581   ev/simsec=376.542
     Messages:  created: 80413   present: 12   in FES: 7
** Event #644608   t=2965.778297524216   Elapsed: 2965.72s (49m 25s)  47% completed  (47% total)
     Speed:     ev/sec=589.277   simsec/sec=1.00347   ev/simsec=587.238
     Messages:  created: 80604   present: 10   in FES: 6
** Event #645376   t=2967.797030887355   Elapsed: 2967.74s (49m 27s)  47% completed  (47% total)
     Speed:     ev/sec=380.426   simsec/sec=0.999972   ev/simsec=380.437
     Messages:  created: 80700   present: 9   in FES: 5
** Event #646400   t=2970.060150517419   Elapsed: 2970.01s (49m 30s)  47% completed  (47% total)
     Speed:     ev/sec=451.502   simsec/sec=0.997855   ev/simsec=452.473
     Messages:  created: 80829   present: 12   in FES: 6
** Event #647168   t=2972.07440275092   Elapsed: 2972.02s (49m 32s)  47% completed  (47% total)
     Speed:     ev/sec=382.217   simsec/sec=1.00245   ev/simsec=381.283
     Messages:  created: 80924   present: 10   in FES: 6
** Event #648448   t=2974.486604193584   Elapsed: 2974.44s (49m 34s)  47% completed  (47% total)
     Speed:     ev/sec=530.018   simsec/sec=0.998836   ev/simsec=530.636
     Messages:  created: 81085   present: 12   in FES: 6
** Event #649472   t=2976.586980633172   Elapsed: 2976.53s (49m 36s)  47% completed  (47% total)
     Speed:     ev/sec=488.185   simsec/sec=1.00134   ev/simsec=487.532
     Messages:  created: 81213   present: 11   in FES: 7
** Event #650240   t=2978.857872689952   Elapsed: 2978.8s (49m 38s)  47% completed  (47% total)
     Speed:     ev/sec=338.193   simsec/sec=1   ev/simsec=338.193
     Messages:  created: 81309   present: 11   in FES: 7
** Event #651520   t=2981.256121211427   Elapsed: 2981.2s (49m 41s)  47% completed  (47% total)
     Speed:     ev/sec=533.692   simsec/sec=0.999942   ev/simsec=533.723
     Messages:  created: 81468   present: 9   in FES: 5
** Event #652544   t=2983.537760210501   Elapsed: 2983.48s (49m 43s)  47% completed  (47% total)
     Speed:     ev/sec=448.745   simsec/sec=0.999878   ev/simsec=448.8
     Messages:  created: 81597   present: 12   in FES: 6
** Event #653824   t=2986.185956547278   Elapsed: 2986.13s (49m 46s)  47% completed  (47% total)
     Speed:     ev/sec=483.424   simsec/sec=1.00016   ev/simsec=483.348
     Messages:  created: 81756   present: 10   in FES: 6
** Event #654848   t=2988.2921526302   Elapsed: 2988.24s (49m 48s)  47% completed  (47% total)
     Speed:     ev/sec=486.185   simsec/sec=1   ev/simsec=486.185
     Messages:  created: 81884   present: 10   in FES: 6
** Event #656640   t=2990.691932290277   Elapsed: 2990.64s (49m 50s)  47% completed  (47% total)
     Speed:     ev/sec=746.734   simsec/sec=0.999998   ev/simsec=746.735
     Messages:  created: 82108   present: 9   in FES: 5
** Event #657408   t=2993.523334670111   Elapsed: 2993.47s (49m 53s)  47% completed  (47% total)
     Speed:     ev/sec=271.241   simsec/sec=0.999991   ev/simsec=271.244
     Messages:  created: 82204   present: 9   in FES: 5
** Event #658176   t=2995.990865894456   Elapsed: 2995.94s (49m 55s)  47% completed  (47% total)
     Speed:     ev/sec=311.246   simsec/sec=1.00001   ev/simsec=311.242
     Messages:  created: 82300   present: 9   in FES: 5
** Event #658944   t=2998.547349554474   Elapsed: 2998.49s (49m 58s)  47% completed  (47% total)
     Speed:     ev/sec=300.413   simsec/sec=1   ev/simsec=300.413
     Messages:  created: 82397   present: 11   in FES: 7
** Event #659712   t=3000.775360618953   Elapsed: 3000.72s (50m 00s)  47% completed  (47% total)
     Speed:     ev/sec=344.702   simsec/sec=1   ev/simsec=344.702
     Messages:  created: 82492   present: 9   in FES: 5
** Event #660736   t=3003.084909365474   Elapsed: 3003.03s (50m 03s)  47% completed  (47% total)
     Speed:     ev/sec=443.384   simsec/sec=1.00002   ev/simsec=443.377
     Messages:  created: 82620   present: 10   in FES: 6
t=3003.086283 executing setDimmer(0.9)
** Event #661760   t=3005.15023902086   Elapsed: 3005.1s (50m 05s)  47% completed  (47% total)
     Speed:     ev/sec=495.794   simsec/sec=0.999978   ev/simsec=495.805
     Messages:  created: 82751   present: 18   in FES: 8
** Event #663040   t=3007.705134422254   Elapsed: 3007.65s (50m 07s)  47% completed  (47% total)
     Speed:     ev/sec=501   simsec/sec=1   ev/simsec=500.999
     Messages:  created: 82908   present: 10   in FES: 6
** Event #663808   t=3009.925609856834   Elapsed: 3009.88s (50m 09s)  47% completed  (47% total)
     Speed:     ev/sec=344.82   simsec/sec=0.996958   ev/simsec=345.872
     Messages:  created: 83005   present: 14   in FES: 7
** Event #664576   t=3012.37436023775   Elapsed: 3012.32s (50m 12s)  47% completed  (47% total)
     Speed:     ev/sec=314.499   simsec/sec=1.00277   ev/simsec=313.629
     Messages:  created: 83100   present: 10   in FES: 6
** Event #665344   t=3014.890144165333   Elapsed: 3014.84s (50m 14s)  47% completed  (47% total)
     Speed:     ev/sec=305.273   simsec/sec=1   ev/simsec=305.273
     Messages:  created: 83196   present: 10   in FES: 6
** Event #666368   t=3017.810520607429   Elapsed: 3017.76s (50m 17s)  47% completed  (47% total)
     Speed:     ev/sec=350.64   simsec/sec=1   ev/simsec=350.64
     Messages:  created: 83325   present: 13   in FES: 7
** Event #667136   t=3019.950685712328   Elapsed: 3019.9s (50m 19s)  47% completed  (47% total)
     Speed:     ev/sec=358.85   simsec/sec=0.999998   ev/simsec=358.851
     Messages:  created: 83420   present: 11   in FES: 7
** Event #667904   t=3022.527514805467   Elapsed: 3022.47s (50m 22s)  47% completed  (47% total)
     Speed:     ev/sec=298.041   simsec/sec=1   ev/simsec=298.041
     Messages:  created: 83516   present: 10   in FES: 6
** Event #668672   t=3024.986675047448   Elapsed: 3024.93s (50m 24s)  48% completed  (48% total)
     Speed:     ev/sec=312.302   simsec/sec=1   ev/simsec=312.302
     Messages:  created: 83612   present: 11   in FES: 7
** Event #669696   t=3027.570358515412   Elapsed: 3027.52s (50m 27s)  48% completed  (48% total)
     Speed:     ev/sec=396.333   simsec/sec=1   ev/simsec=396.333
     Messages:  created: 83743   present: 18   in FES: 8
** Event #670720   t=3030.344759684151   Elapsed: 3030.29s (50m 30s)  48% completed  (48% total)
     Speed:     ev/sec=369.089   simsec/sec=1   ev/simsec=369.089
     Messages:  created: 83867   present: 9   in FES: 5
** Event #672000   t=3033.03794801192   Elapsed: 3032.98s (50m 32s)  48% completed  (48% total)
     Speed:     ev/sec=475.273   simsec/sec=1   ev/simsec=475.273
     Messages:  created: 84028   present: 12   in FES: 7
** Event #672768   t=3035.561166719476   Elapsed: 3035.51s (50m 35s)  48% completed  (48% total)
     Speed:     ev/sec=304.373   simsec/sec=0.999998   ev/simsec=304.373
     Messages:  created: 84124   present: 11   in FES: 6
** Event #674304   t=3037.833082576855   Elapsed: 3037.78s (50m 37s)  48% completed  (48% total)
     Speed:     ev/sec=674.642   simsec/sec=0.997871   ev/simsec=676.081
     Messages:  created: 84317   present: 14   in FES: 7
** Event #675072   t=3039.949447422012   Elapsed: 3039.9s (50m 39s)  48% completed  (48% total)
     Speed:     ev/sec=363.72   simsec/sec=1.0023   ev/simsec=362.886
     Messages:  created: 84413   present: 13   in FES: 8
** Event #676352   t=3042.069314795608   Elapsed: 3042.02s (50m 42s)  48% completed  (48% total)
     Speed:     ev/sec=603.811   simsec/sec=0.999999   ev/simsec=603.811
     Messages:  created: 84575   present: 20   in FES: 8
** Event #677888   t=3044.159985782881   Elapsed: 3044.11s (50m 44s)  48% completed  (48% total)
     Speed:     ev/sec=734.694   simsec/sec=1   ev/simsec=734.692
     Messages:  created: 84782   present: 59   in FES: 8
** Event #678912   t=3046.751549245472   Elapsed: 3046.71s (50m 46s)  48% completed  (48% total)
     Speed:     ev/sec=393.873   simsec/sec=0.996823   ev/simsec=395.128
     Messages:  created: 84893   present: 14   in FES: 7
** Event #679936   t=3049.026073525942   Elapsed: 3048.97s (50m 48s)  48% completed  (48% total)
     Speed:     ev/sec=451.844   simsec/sec=1.00364   ev/simsec=450.204
     Messages:  created: 85026   present: 28   in FES: 8
** Event #680960   t=3051.38862962657   Elapsed: 3051.34s (50m 51s)  48% completed  (48% total)
     Speed:     ev/sec=432.461   simsec/sec=0.997767   ev/simsec=433.429
     Messages:  created: 85149   present: 14   in FES: 7
** Event #681728   t=3053.538816276692   Elapsed: 3053.48s (50m 53s)  48% completed  (48% total)
     Speed:     ev/sec=358.058   simsec/sec=1.00246   ev/simsec=357.178
     Messages:  created: 85244   present: 10   in FES: 6
** Event #682496   t=3055.742415241389   Elapsed: 3055.69s (50m 55s)  48% completed  (48% total)
     Speed:     ev/sec=348.521   simsec/sec=1   ev/simsec=348.521
     Messages:  created: 85340   present: 11   in FES: 6
** Event #683264   t=3058.137063736644   Elapsed: 3058.08s (50m 58s)  48% completed  (48% total)
     Speed:     ev/sec=320.715   simsec/sec=0.999998   ev/simsec=320.715
     Messages:  created: 85439   present: 19   in FES: 8
** Event #684288   t=3060.490510794049   Elapsed: 3060.44s (51m 00s)  48% completed  (48% total)
     Speed:     ev/sec=435.106   simsec/sec=1   ev/simsec=435.106
     Messages:  created: 85567   present: 20   in FES: 8
** Event #685056   t=3062.543010477908   Elapsed: 3062.49s (51m 02s)  48% completed  (48% total)
     Speed:     ev/sec=374.178   simsec/sec=1   ev/simsec=374.178
     Messages:  created: 85659   present: 11   in FES: 7
t=3062.665892 executing removeServer()
scheduled complete remove at 3062.665892
** Event #685824   t=3064.557251550564   Elapsed: 3064.51s (51m 04s)  48% completed  (48% total)
     Speed:     ev/sec=380.718   simsec/sec=0.998513   ev/simsec=381.285
     Messages:  created: 85760   present: 18   in FES: 6
** Event #686848   t=3067.0248471505   Elapsed: 3066.97s (51m 06s)  48% completed  (48% total)
     Speed:     ev/sec=415.484   simsec/sec=1.00122   ev/simsec=414.979
     Messages:  created: 85887   present: 15   in FES: 7
** Event #687616   t=3069.053575754067   Elapsed: 3069s (51m 08s)  48% completed  (48% total)
     Speed:     ev/sec=378.563   simsec/sec=1   ev/simsec=378.562
     Messages:  created: 85982   present: 12   in FES: 7
** Event #688384   t=3071.360430530797   Elapsed: 3071.31s (51m 11s)  48% completed  (48% total)
     Speed:     ev/sec=332.921   simsec/sec=1   ev/simsec=332.921
     Messages:  created: 86086   present: 33   in FES: 7
** Event #689408   t=3074.133884858963   Elapsed: 3074.08s (51m 14s)  48% completed  (48% total)
     Speed:     ev/sec=369.215   simsec/sec=1   ev/simsec=369.215
     Messages:  created: 86204   present: 8   in FES: 5
** Event #690432   t=3076.76344606781   Elapsed: 3076.71s (51m 16s)  48% completed  (48% total)
     Speed:     ev/sec=389.418   simsec/sec=1   ev/simsec=389.419
     Messages:  created: 86338   present: 24   in FES: 7
** Event #691200   t=3079.418968046339   Elapsed: 3079.36s (51m 19s)  48% completed  (48% total)
     Speed:     ev/sec=289.209   simsec/sec=1   ev/simsec=289.209
     Messages:  created: 86428   present: 8   in FES: 5
** Event #691968   t=3081.630684882446   Elapsed: 3081.63s (51m 21s)  48% completed  (48% total)
     Speed:     ev/sec=339.794   simsec/sec=0.978551   ev/simsec=347.242
     Messages:  created: 86531   present: 26   in FES: 6
** Event #692992   t=3084.030642125967   Elapsed: 3083.98s (51m 23s)  48% completed  (48% total)
     Speed:     ev/sec=435.47   simsec/sec=1.02062   ev/simsec=426.674
     Messages:  created: 86665   present: 41   in FES: 7
** Event #693760   t=3086.045479605552   Elapsed: 3085.99s (51m 25s)  48% completed  (48% total)
     Speed:     ev/sec=381.172   simsec/sec=0.999999   ev/simsec=381.172
     Messages:  created: 86755   present: 25   in FES: 6
** Event #694784   t=3088.310620164959   Elapsed: 3088.26s (51m 28s)  49% completed  (49% total)
     Speed:     ev/sec=452.07   simsec/sec=1   ev/simsec=452.069
     Messages:  created: 86883   present: 25   in FES: 7
** Event #696064   t=3090.673959329618   Elapsed: 3090.62s (51m 30s)  49% completed  (49% total)
     Speed:     ev/sec=541.606   simsec/sec=0.999999   ev/simsec=541.607
     Messages:  created: 87059   present: 69   in FES: 7
** Event #697088   t=3092.757239337667   Elapsed: 3092.73s (51m 32s)  49% completed  (49% total)
     Speed:     ev/sec=486.138   simsec/sec=0.989024   ev/simsec=491.533
     Messages:  created: 87201   present: 106   in FES: 6
** Event #698368   t=3095.247993547481   Elapsed: 3095.2s (51m 35s)  49% completed  (49% total)
     Speed:     ev/sec=518.367   simsec/sec=1.00869   ev/simsec=513.901
     Messages:  created: 87367   present: 122   in FES: 6
** Event #699136   t=3097.456516584168   Elapsed: 3097.41s (51m 37s)  49% completed  (49% total)
     Speed:     ev/sec=346.862   simsec/sec=0.997464   ev/simsec=347.744
     Messages:  created: 87448   present: 82   in FES: 6
** Event #700160   t=3099.758829587422   Elapsed: 3099.7s (51m 39s)  49% completed  (49% total)
     Speed:     ev/sec=446.18   simsec/sec=1.00317   ev/simsec=444.77
     Messages:  created: 87564   present: 49   in FES: 7
** Event #701184   t=3102.229439201004   Elapsed: 3102.18s (51m 42s)  49% completed  (49% total)
     Speed:     ev/sec=414.471   simsec/sec=0.999997   ev/simsec=414.473
     Messages:  created: 87694   present: 55   in FES: 7
** Event #702208   t=3104.791525814725   Elapsed: 3104.74s (51m 44s)  49% completed  (49% total)
     Speed:     ev/sec=399.675   simsec/sec=1   ev/simsec=399.674
     Messages:  created: 87807   present: 15   in FES: 7
** Event #702976   t=3106.994759526614   Elapsed: 3106.94s (51m 46s)  49% completed  (49% total)
     Speed:     ev/sec=348.579   simsec/sec=1   ev/simsec=348.579
     Messages:  created: 87901   present: 9   in FES: 6
** Event #703744   t=3109.679058255172   Elapsed: 3109.63s (51m 49s)  49% completed  (49% total)
     Speed:     ev/sec=286.108   simsec/sec=0.999999   ev/simsec=286.108
     Messages:  created: 87998   present: 13   in FES: 7
** Event #704512   t=3111.869089117416   Elapsed: 3111.82s (51m 51s)  49% completed  (49% total)
     Speed:     ev/sec=350.68   simsec/sec=0.999999   ev/simsec=350.68
     Messages:  created: 88094   present: 12   in FES: 7
** Event #705024   t=3114.082030791659   Elapsed: 3114.03s (51m 54s)  49% completed  (49% total)
     Speed:     ev/sec=231.367   simsec/sec=1   ev/simsec=231.366
     Messages:  created: 88157   present: 9   in FES: 6
** Event #705536   t=3116.262226317574   Elapsed: 3116.21s (51m 56s)  49% completed  (49% total)
     Speed:     ev/sec=234.841   simsec/sec=1   ev/simsec=234.841
     Messages:  created: 88221   present: 9   in FES: 6
** Event #706304   t=3118.290134762571   Elapsed: 3118.24s (51m 58s)  49% completed  (49% total)
     Speed:     ev/sec=378.715   simsec/sec=0.999999   ev/simsec=378.715
     Messages:  created: 88326   present: 33   in FES: 7
** Event #707328   t=3120.632756994169   Elapsed: 3120.58s (52m 00s)  49% completed  (49% total)
     Speed:     ev/sec=437.118   simsec/sec=1   ev/simsec=437.117
     Messages:  created: 88445   present: 10   in FES: 7
t=3122.883704 executing addServer()
adding server with latency=60
** Event #708096   t=3123.217592978662   Elapsed: 3123.16s (52m 03s)  49% completed  (49% total)
     Speed:     ev/sec=297.118   simsec/sec=1   ev/simsec=297.117
     Messages:  created: 88545   present: 20   in FES: 8
** Event #709120   t=3125.373619532969   Elapsed: 3125.32s (52m 05s)  49% completed  (49% total)
     Speed:     ev/sec=474.946   simsec/sec=0.999997   ev/simsec=474.948
     Messages:  created: 88681   present: 40   in FES: 8
** Event #710144   t=3127.406240829247   Elapsed: 3127.35s (52m 07s)  49% completed  (49% total)
     Speed:     ev/sec=503.784   simsec/sec=1   ev/simsec=503.783
     Messages:  created: 88830   present: 97   in FES: 8
** Event #711168   t=3129.504423832245   Elapsed: 3129.45s (52m 09s)  49% completed  (49% total)
     Speed:     ev/sec=488.041   simsec/sec=1   ev/simsec=488.041
     Messages:  created: 88974   present: 139   in FES: 8
** Event #712192   t=3131.523440640131   Elapsed: 3131.47s (52m 11s)  49% completed  (49% total)
     Speed:     ev/sec=507.178   simsec/sec=1   ev/simsec=507.178
     Messages:  created: 89115   present: 173   in FES: 8
** Event #713216   t=3134.008330082482   Elapsed: 3133.95s (52m 13s)  49% completed  (49% total)
     Speed:     ev/sec=412.091   simsec/sec=1   ev/simsec=412.091
     Messages:  created: 89239   present: 163   in FES: 8
** Event #714240   t=3136.506830963557   Elapsed: 3136.45s (52m 16s)  49% completed  (49% total)
     Speed:     ev/sec=409.846   simsec/sec=1   ev/simsec=409.846
     Messages:  created: 89341   present: 93   in FES: 8
** Event #715008   t=3138.684288440748   Elapsed: 3138.63s (52m 18s)  49% completed  (49% total)
     Speed:     ev/sec=352.705   simsec/sec=1   ev/simsec=352.705
     Messages:  created: 89406   present: 10   in FES: 6
** Event #716032   t=3141.108341259592   Elapsed: 3141.05s (52m 21s)  49% completed  (49% total)
     Speed:     ev/sec=422.433   simsec/sec=1   ev/simsec=422.433
     Messages:  created: 89534   present: 12   in FES: 7
** Event #717312   t=3143.308908048571   Elapsed: 3143.25s (52m 23s)  49% completed  (49% total)
     Speed:     ev/sec=581.668   simsec/sec=0.999999   ev/simsec=581.668
     Messages:  created: 89730   present: 106   in FES: 8
** Event #718336   t=3145.322222292328   Elapsed: 3145.27s (52m 25s)  49% completed  (49% total)
     Speed:     ev/sec=508.615   simsec/sec=1   ev/simsec=508.614
     Messages:  created: 89867   present: 132   in FES: 8
** Event #719616   t=3147.42457891446   Elapsed: 3147.37s (52m 27s)  49% completed  (49% total)
     Speed:     ev/sec=608.839   simsec/sec=0.999998   ev/simsec=608.841
     Messages:  created: 90054   present: 202   in FES: 9
** Event #720896   t=3150.126690586983   Elapsed: 3150.07s (52m 30s)  50% completed  (50% total)
     Speed:     ev/sec=473.705   simsec/sec=1   ev/simsec=473.704
     Messages:  created: 90233   present: 242   in FES: 8
** Event #721408   t=3152.28882130893   Elapsed: 3152.24s (52m 32s)  50% completed  (50% total)
     Speed:     ev/sec=236.764   simsec/sec=0.999833   ev/simsec=236.803
     Messages:  created: 90249   present: 126   in FES: 7
** Event #722688   t=3154.641621865369   Elapsed: 3154.59s (52m 34s)  50% completed  (50% total)
     Speed:     ev/sec=543.49   simsec/sec=0.999004   ev/simsec=544.033
     Messages:  created: 90415   present: 142   in FES: 7
** Event #723712   t=3156.711511643507   Elapsed: 3156.66s (52m 36s)  50% completed  (50% total)
     Speed:     ev/sec=495.359   simsec/sec=1.00131   ev/simsec=494.712
     Messages:  created: 90557   present: 180   in FES: 8
** Event #724736   t=3159.296192238008   Elapsed: 3159.25s (52m 39s)  50% completed  (50% total)
     Speed:     ev/sec=394.572   simsec/sec=0.99594   ev/simsec=396.18
     Messages:  created: 90677   present: 158   in FES: 7
** Event #725760   t=3161.840965557435   Elapsed: 3161.79s (52m 41s)  50% completed  (50% total)
     Speed:     ev/sec=404.067   simsec/sec=1.00416   ev/simsec=402.393
     Messages:  created: 90774   present: 76   in FES: 8
** Event #726528   t=3164.321004054965   Elapsed: 3164.27s (52m 44s)  50% completed  (50% total)
     Speed:     ev/sec=309.672   simsec/sec=0.999999   ev/simsec=309.673
     Messages:  created: 90846   present: 10   in FES: 6
** Event #727040   t=3166.757581125079   Elapsed: 3166.7s (52m 46s)  50% completed  (50% total)
     Speed:     ev/sec=210.131   simsec/sec=1   ev/simsec=210.131
     Messages:  created: 90910   present: 12   in FES: 8
** Event #727808   t=3169.642162805591   Elapsed: 3169.61s (52m 49s)  50% completed  (50% total)
     Speed:     ev/sec=264.535   simsec/sec=0.993586   ev/simsec=266.243
     Messages:  created: 91007   present: 14   in FES: 7
** Event #728832   t=3172.119681147304   Elapsed: 3172.07s (52m 52s)  50% completed  (50% total)
     Speed:     ev/sec=416.447   simsec/sec=1.00757   ev/simsec=413.317
     Messages:  created: 91140   present: 26   in FES: 8
** Event #729856   t=3174.498732304682   Elapsed: 3174.45s (52m 54s)  50% completed  (50% total)
     Speed:     ev/sec=430.184   simsec/sec=0.999443   ev/simsec=430.424
     Messages:  created: 91269   present: 30   in FES: 7
** Event #730624   t=3176.522864355548   Elapsed: 3176.47s (52m 56s)  50% completed  (50% total)
     Speed:     ev/sec=379.67   simsec/sec=1.00065   ev/simsec=379.422
     Messages:  created: 91358   present: 11   in FES: 7
** Event #731136   t=3178.708202444358   Elapsed: 3178.66s (52m 58s)  50% completed  (50% total)
     Speed:     ev/sec=234.118   simsec/sec=0.999273   ev/simsec=234.289
     Messages:  created: 91423   present: 14   in FES: 7
** Event #732160   t=3181.062755071661   Elapsed: 3181.01s (53m 01s)  50% completed  (50% total)
     Speed:     ev/sec=435.197   simsec/sec=1.00068   ev/simsec=434.902
     Messages:  created: 91549   present: 11   in FES: 7
t=3182.746589 executing setDimmer(0.1)
t=3182.883704 addServer() complete
** Event #733184   t=3183.487574893927   Elapsed: 3183.43s (53m 03s)  50% completed  (50% total)
     Speed:     ev/sec=422.298   simsec/sec=0.999997   ev/simsec=422.299
     Messages:  created: 91677   present: 9   in FES: 5
** Event #734464   t=3186.218723688544   Elapsed: 3186.16s (53m 06s)  50% completed  (50% total)
     Speed:     ev/sec=468.668   simsec/sec=1   ev/simsec=468.667
     Messages:  created: 91837   present: 9   in FES: 5
** Event #736000   t=3188.6498117838   Elapsed: 3188.6s (53m 08s)  50% completed  (50% total)
     Speed:     ev/sec=631.815   simsec/sec=0.999999   ev/simsec=631.816
     Messages:  created: 92029   present: 9   in FES: 5
** Event #737536   t=3191.063841782024   Elapsed: 3191.01s (53m 11s)  50% completed  (50% total)
     Speed:     ev/sec=636.28   simsec/sec=1   ev/simsec=636.28
     Messages:  created: 92221   present: 9   in FES: 5
** Event #738560   t=3193.578122698011   Elapsed: 3193.52s (53m 13s)  50% completed  (50% total)
     Speed:     ev/sec=407.215   simsec/sec=0.999856   ev/simsec=407.274
     Messages:  created: 92349   present: 10   in FES: 6
** Event #739840   t=3195.71740330243   Elapsed: 3195.66s (53m 15s)  50% completed  (50% total)
     Speed:     ev/sec=598.433   simsec/sec=1.00017   ev/simsec=598.332
     Messages:  created: 92509   present: 9   in FES: 5
** Event #741120   t=3197.790104788615   Elapsed: 3197.74s (53m 17s)  50% completed  (50% total)
     Speed:     ev/sec=617.553   simsec/sec=1   ev/simsec=617.552
     Messages:  created: 92669   present: 9   in FES: 5
** Event #742400   t=3199.994732398048   Elapsed: 3199.94s (53m 19s)  50% completed  (50% total)
     Speed:     ev/sec=580.596   simsec/sec=0.999998   ev/simsec=580.597
     Messages:  created: 92829   present: 9   in FES: 5
** Event #743424   t=3202.076861909253   Elapsed: 3202.02s (53m 22s)  50% completed  (50% total)
     Speed:     ev/sec=491.805   simsec/sec=1   ev/simsec=491.804
     Messages:  created: 92957   present: 9   in FES: 5
** Event #744448   t=3204.12107293775   Elapsed: 3204.07s (53m 24s)  50% completed  (50% total)
     Speed:     ev/sec=500.781   simsec/sec=0.999708   ev/simsec=500.927
     Messages:  created: 93085   present: 10   in FES: 6
** Event #745472   t=3206.532314497668   Elapsed: 3206.48s (53m 26s)  50% completed  (50% total)
     Speed:     ev/sec=424.782   simsec/sec=1.00025   ev/simsec=424.677
     Messages:  created: 93213   present: 9   in FES: 5
** Event #746496   t=3208.782806385555   Elapsed: 3208.73s (53m 28s)  50% completed  (50% total)
     Speed:     ev/sec=455.011   simsec/sec=0.999999   ev/simsec=455.012
     Messages:  created: 93341   present: 9   in FES: 5
** Event #747520   t=3211.551921244834   Elapsed: 3211.5s (53m 31s)  50% completed  (50% total)
     Speed:     ev/sec=369.378   simsec/sec=0.998876   ev/simsec=369.793
     Messages:  created: 93469   present: 10   in FES: 5
** Event #748288   t=3213.976518270969   Elapsed: 3213.92s (53m 33s)  51% completed  (51% total)
     Speed:     ev/sec=317.162   simsec/sec=1.00129   ev/simsec=316.754
     Messages:  created: 93565   present: 9   in FES: 5
** Event #749824   t=3216.371541206849   Elapsed: 3216.32s (53m 36s)  51% completed  (51% total)
     Speed:     ev/sec=641.33   simsec/sec=1   ev/simsec=641.33
     Messages:  created: 93757   present: 9   in FES: 5
** Event #751104   t=3218.697766378729   Elapsed: 3218.65s (53m 38s)  51% completed  (51% total)
     Speed:     ev/sec=548.054   simsec/sec=0.996013   ev/simsec=550.248
     Messages:  created: 93917   present: 10   in FES: 5
** Event #752640   t=3220.741218493999   Elapsed: 3220.69s (53m 40s)  51% completed  (51% total)
     Speed:     ev/sec=755.11   simsec/sec=1.00458   ev/simsec=751.669
     Messages:  created: 94109   present: 9   in FES: 5
** Event #753920   t=3223.137415376041   Elapsed: 3223.08s (53m 43s)  51% completed  (51% total)
     Speed:     ev/sec=534.18   simsec/sec=1   ev/simsec=534.18
     Messages:  created: 94269   present: 9   in FES: 5
** Event #754944   t=3225.432842842373   Elapsed: 3225.38s (53m 45s)  51% completed  (51% total)
     Speed:     ev/sec=446.105   simsec/sec=1   ev/simsec=446.104
     Messages:  created: 94397   present: 9   in FES: 5
** Event #755968   t=3228.120237810445   Elapsed: 3228.07s (53m 48s)  51% completed  (51% total)
     Speed:     ev/sec=381.038   simsec/sec=1   ev/simsec=381.038
     Messages:  created: 94525   present: 9   in FES: 5
** Event #756992   t=3230.428343086915   Elapsed: 3230.37s (53m 50s)  51% completed  (51% total)
     Speed:     ev/sec=443.553   simsec/sec=0.999771   ev/simsec=443.654
     Messages:  created: 94653   present: 10   in FES: 6
** Event #758016   t=3233.105937153966   Elapsed: 3233.05s (53m 53s)  51% completed  (51% total)
     Speed:     ev/sec=382.508   simsec/sec=1.0002   ev/simsec=382.433
     Messages:  created: 94781   present: 9   in FES: 5
** Event #758784   t=3235.438317347459   Elapsed: 3235.38s (53m 55s)  51% completed  (51% total)
     Speed:     ev/sec=329.277   simsec/sec=0.999999   ev/simsec=329.277
     Messages:  created: 94877   present: 9   in FES: 5
** Event #759552   t=3238.144900952511   Elapsed: 3238.09s (53m 58s)  51% completed  (51% total)
     Speed:     ev/sec=283.753   simsec/sec=1   ev/simsec=283.753
     Messages:  created: 94973   present: 9   in FES: 5
** Event #760320   t=3240.189975769291   Elapsed: 3240.14s (54m 00s)  51% completed  (51% total)
     Speed:     ev/sec=375.537   simsec/sec=1   ev/simsec=375.536
     Messages:  created: 95068   present: 9   in FES: 5
t=3242.571523 executing setDimmer(0.5)
** Event #761088   t=3242.84013722869   Elapsed: 3242.79s (54m 02s)  51% completed  (51% total)
     Speed:     ev/sec=289.793   simsec/sec=0.999998   ev/simsec=289.794
     Messages:  created: 95164   present: 10   in FES: 6
** Event #762112   t=3244.894841485249   Elapsed: 3244.84s (54m 04s)  51% completed  (51% total)
     Speed:     ev/sec=498.368   simsec/sec=0.999998   ev/simsec=498.369
     Messages:  created: 95293   present: 11   in FES: 7
** Event #762880   t=3247.644374317589   Elapsed: 3247.59s (54m 07s)  51% completed  (51% total)
     Speed:     ev/sec=279.321   simsec/sec=1   ev/simsec=279.32
     Messages:  created: 95388   present: 9   in FES: 5
** Event #763648   t=3249.795732559021   Elapsed: 3249.74s (54m 09s)  51% completed  (51% total)
     Speed:     ev/sec=356.984   simsec/sec=1   ev/simsec=356.984
     Messages:  created: 95484   present: 10   in FES: 6
** Event #764416   t=3252.322244058836   Elapsed: 3252.27s (54m 12s)  51% completed  (51% total)
     Speed:     ev/sec=303.976   simsec/sec=0.999998   ev/simsec=303.976
     Messages:  created: 95580   present: 10   in FES: 6
** Event #765696   t=3254.628306423399   Elapsed: 3254.57s (54m 14s)  51% completed  (51% total)
     Speed:     ev/sec=555.06   simsec/sec=1   ev/simsec=555.059
     Messages:  created: 95740   present: 10   in FES: 6
** Event #766720   t=3256.851638058455   Elapsed: 3256.8s (54m 16s)  51% completed  (51% total)
     Speed:     ev/sec=460.569   simsec/sec=0.999998   ev/simsec=460.57
     Messages:  created: 95868   present: 9   in FES: 5
** Event #767488   t=3259.450517260054   Elapsed: 3259.4s (54m 19s)  51% completed  (51% total)
     Speed:     ev/sec=295.511   simsec/sec=0.999996   ev/simsec=295.512
     Messages:  created: 95964   present: 9   in FES: 5
** Event #768256   t=3261.951349504588   Elapsed: 3261.9s (54m 21s)  51% completed  (51% total)
     Speed:     ev/sec=307.099   simsec/sec=1.00001   ev/simsec=307.098
     Messages:  created: 96060   present: 10   in FES: 6
** Event #769536   t=3263.95757896595   Elapsed: 3263.91s (54m 23s)  51% completed  (51% total)
     Speed:     ev/sec=635.735   simsec/sec=0.996431   ev/simsec=638.013
     Messages:  created: 96221   present: 12   in FES: 7
** Event #770560   t=3266.151595763696   Elapsed: 3266.1s (54m 26s)  51% completed  (51% total)
     Speed:     ev/sec=468.258   simsec/sec=1.00329   ev/simsec=466.724
     Messages:  created: 96348   present: 10   in FES: 6
** Event #771584   t=3268.363126293042   Elapsed: 3268.31s (54m 28s)  51% completed  (51% total)
     Speed:     ev/sec=461.919   simsec/sec=0.997605   ev/simsec=463.028
     Messages:  created: 96477   present: 12   in FES: 6
** Event #772864   t=3270.381042077037   Elapsed: 3270.33s (54m 30s)  51% completed  (51% total)
     Speed:     ev/sec=635.992   simsec/sec=1.00264   ev/simsec=634.318
     Messages:  created: 96636   present: 9   in FES: 5
** Event #774400   t=3272.953585230123   Elapsed: 3272.9s (54m 32s)  51% completed  (51% total)
     Speed:     ev/sec=597.073   simsec/sec=0.999998   ev/simsec=597.075
     Messages:  created: 96828   present: 9   in FES: 5
** Event #775424   t=3275.195761532041   Elapsed: 3275.14s (54m 35s)  51% completed  (51% total)
     Speed:     ev/sec=456.699   simsec/sec=1   ev/simsec=456.699
     Messages:  created: 96956   present: 9   in FES: 5
** Event #776192   t=3277.515047890536   Elapsed: 3277.46s (54m 37s)  52% completed  (52% total)
     Speed:     ev/sec=331.137   simsec/sec=1   ev/simsec=331.136
     Messages:  created: 97053   present: 11   in FES: 6
** Event #777216   t=3279.745060822025   Elapsed: 3279.69s (54m 39s)  52% completed  (52% total)
     Speed:     ev/sec=459.19   simsec/sec=1   ev/simsec=459.19
     Messages:  created: 97181   present: 11   in FES: 7
** Event #777984   t=3281.871933819288   Elapsed: 3281.82s (54m 41s)  52% completed  (52% total)
     Speed:     ev/sec=360.855   simsec/sec=0.99934   ev/simsec=361.093
     Messages:  created: 97277   present: 12   in FES: 7
** Event #779264   t=3284.49580206713   Elapsed: 3284.44s (54m 44s)  52% completed  (52% total)
     Speed:     ev/sec=488.089   simsec/sec=1.00053   ev/simsec=487.829
     Messages:  created: 97436   present: 9   in FES: 5
** Event #780032   t=3287.393577140226   Elapsed: 3287.34s (54m 47s)  52% completed  (52% total)
     Speed:     ev/sec=265.031   simsec/sec=1   ev/simsec=265.031
     Messages:  created: 97532   present: 9   in FES: 5
** Event #780800   t=3289.810775881725   Elapsed: 3289.76s (54m 49s)  52% completed  (52% total)
     Speed:     ev/sec=317.724   simsec/sec=1   ev/simsec=317.723
     Messages:  created: 97628   present: 10   in FES: 6
** Event #782080   t=3292.343635966544   Elapsed: 3292.29s (54m 52s)  52% completed  (52% total)
     Speed:     ev/sec=505.358   simsec/sec=1   ev/simsec=505.358
     Messages:  created: 97788   present: 10   in FES: 6
** Event #782848   t=3294.389549963502   Elapsed: 3294.34s (54m 54s)  52% completed  (52% total)
     Speed:     ev/sec=375.382   simsec/sec=0.999999   ev/simsec=375.382
     Messages:  created: 97885   present: 11   in FES: 7
** Event #784128   t=3296.772302256201   Elapsed: 3296.72s (54m 56s)  52% completed  (52% total)
     Speed:     ev/sec=537.193   simsec/sec=0.999999   ev/simsec=537.194
     Messages:  created: 98044   present: 10   in FES: 6
** Event #784896   t=3299.314716129944   Elapsed: 3299.26s (54m 59s)  52% completed  (52% total)
     Speed:     ev/sec=302.075   simsec/sec=1   ev/simsec=302.075
     Messages:  created: 98140   present: 9   in FES: 5
** Event #785920   t=3301.708257394406   Elapsed: 3301.65s (55m 01s)  52% completed  (52% total)
     Speed:     ev/sec=427.818   simsec/sec=1   ev/simsec=427.818
     Messages:  created: 98267   present: 9   in FES: 5
t=3303.38026 executing setDimmer(0.1)
** Event #786688   t=3303.819127895589   Elapsed: 3303.77s (55m 03s)  52% completed  (52% total)
     Speed:     ev/sec=363.831   simsec/sec=1   ev/simsec=363.831
     Messages:  created: 98363   present: 9   in FES: 5
** Event #787456   t=3306.087619016531   Elapsed: 3306.03s (55m 06s)  52% completed  (52% total)
     Speed:     ev/sec=338.551   simsec/sec=1   ev/simsec=338.551
     Messages:  created: 98460   present: 10   in FES: 6
** Event #788736   t=3308.290037759183   Elapsed: 3308.24s (55m 08s)  52% completed  (52% total)
     Speed:     ev/sec=581.18   simsec/sec=1   ev/simsec=581.179
     Messages:  created: 98620   present: 11   in FES: 7
** Event #789760   t=3310.786941167739   Elapsed: 3310.73s (55m 10s)  52% completed  (52% total)
     Speed:     ev/sec=410.108   simsec/sec=1   ev/simsec=410.108
     Messages:  created: 98748   present: 10   in FES: 6
** Event #791040   t=3313.147725695045   Elapsed: 3313.09s (55m 13s)  52% completed  (52% total)
     Speed:     ev/sec=542.192   simsec/sec=0.999999   ev/simsec=542.193
     Messages:  created: 98908   present: 10   in FES: 6
** Event #792576   t=3315.170754155686   Elapsed: 3315.12s (55m 15s)  52% completed  (52% total)
     Speed:     ev/sec=759.259   simsec/sec=1   ev/simsec=759.258
     Messages:  created: 99100   present: 10   in FES: 6
** Event #793600   t=3317.261813680688   Elapsed: 3317.21s (55m 17s)  52% completed  (52% total)
     Speed:     ev/sec=489.703   simsec/sec=0.999998   ev/simsec=489.704
     Messages:  created: 99227   present: 9   in FES: 5
** Event #794624   t=3319.381604765033   Elapsed: 3319.33s (55m 19s)  52% completed  (52% total)
     Speed:     ev/sec=483.075   simsec/sec=1.00002   ev/simsec=483.066
     Messages:  created: 99355   present: 9   in FES: 5
** Event #795648   t=3321.484670005596   Elapsed: 3321.43s (55m 21s)  52% completed  (52% total)
     Speed:     ev/sec=486.899   simsec/sec=0.999982   ev/simsec=486.908
     Messages:  created: 99484   present: 10   in FES: 6
** Event #796928   t=3323.520042406231   Elapsed: 3323.47s (55m 23s)  52% completed  (52% total)
     Speed:     ev/sec=628.878   simsec/sec=1   ev/simsec=628.878
     Messages:  created: 99643   present: 9   in FES: 5
** Event #797696   t=3325.967524325387   Elapsed: 3325.91s (55m 25s)  52% completed  (52% total)
     Speed:     ev/sec=313.792   simsec/sec=1   ev/simsec=313.792
     Messages:  created: 99740   present: 10   in FES: 6
** Event #798720   t=3328.382125289723   Elapsed: 3328.33s (55m 28s)  52% completed  (52% total)
     Speed:     ev/sec=424.086   simsec/sec=1   ev/simsec=424.087
     Messages:  created: 99868   present: 10   in FES: 6
** Event #799744   t=3330.599508730232   Elapsed: 3330.55s (55m 30s)  52% completed  (52% total)
     Speed:     ev/sec=461.805   simsec/sec=0.999998   ev/simsec=461.806
     Messages:  created: 99995   present: 9   in FES: 5
** Event #800768   t=3332.741742221584   Elapsed: 3332.69s (55m 32s)  52% completed  (52% total)
     Speed:     ev/sec=478.007   simsec/sec=1   ev/simsec=478.006
     Messages:  created: 100123   present: 9   in FES: 5
** Event #801792   t=3335.031813539638   Elapsed: 3334.98s (55m 34s)  52% completed  (52% total)
     Speed:     ev/sec=447.148   simsec/sec=1   ev/simsec=447.148
     Messages:  created: 100251   present: 9   in FES: 5
** Event #802816   t=3337.186780036985   Elapsed: 3337.13s (55m 37s)  52% completed  (52% total)
     Speed:     ev/sec=475.181   simsec/sec=0.999998   ev/simsec=475.181
     Messages:  created: 100379   present: 9   in FES: 5
** Event #803840   t=3339.948071273849   Elapsed: 3339.89s (55m 39s)  53% completed  (53% total)
     Speed:     ev/sec=370.841   simsec/sec=1   ev/simsec=370.841
     Messages:  created: 100507   present: 9   in FES: 5
** Event #804864   t=3342.156307629673   Elapsed: 3342.1s (55m 42s)  53% completed  (53% total)
     Speed:     ev/sec=463.718   simsec/sec=0.999998   ev/simsec=463.718
     Messages:  created: 100635   present: 9   in FES: 5
** Event #805888   t=3344.560297169974   Elapsed: 3344.51s (55m 44s)  53% completed  (53% total)
     Speed:     ev/sec=425.959   simsec/sec=1   ev/simsec=425.959
     Messages:  created: 100763   present: 9   in FES: 5
** Event #806912   t=3347.088028937774   Elapsed: 3347.03s (55m 47s)  53% completed  (53% total)
     Speed:     ev/sec=405.106   simsec/sec=0.999999   ev/simsec=405.106
     Messages:  created: 100892   present: 10   in FES: 6
** Event #808192   t=3349.321444422544   Elapsed: 3349.27s (55m 49s)  53% completed  (53% total)
     Speed:     ev/sec=573.114   simsec/sec=1   ev/simsec=573.113
     Messages:  created: 101052   present: 11   in FES: 7
** Event #809216   t=3351.584698373419   Elapsed: 3351.53s (55m 51s)  53% completed  (53% total)
     Speed:     ev/sec=452.445   simsec/sec=0.999999   ev/simsec=452.446
     Messages:  created: 101179   present: 9   in FES: 5
** Event #810240   t=3354.461357866914   Elapsed: 3354.41s (55m 54s)  53% completed  (53% total)
     Speed:     ev/sec=355.969   simsec/sec=1   ev/simsec=355.968
     Messages:  created: 101307   present: 9   in FES: 5
** Event #810752   t=3356.563172481835   Elapsed: 3356.51s (55m 56s)  53% completed  (53% total)
     Speed:     ev/sec=243.599   simsec/sec=0.999999   ev/simsec=243.599
     Messages:  created: 101371   present: 9   in FES: 5
** Event #811520   t=3359.218804174995   Elapsed: 3359.16s (55m 59s)  53% completed  (53% total)
     Speed:     ev/sec=289.197   simsec/sec=1   ev/simsec=289.197
     Messages:  created: 101467   present: 9   in FES: 5
** Event #812544   t=3361.526917170716   Elapsed: 3361.47s (56m 01s)  53% completed  (53% total)
     Speed:     ev/sec=443.651   simsec/sec=0.999997   ev/simsec=443.652
     Messages:  created: 101595   present: 9   in FES: 5
t=3362.964342 executing setDimmer(0.9)
** Event #813568   t=3363.598207287716   Elapsed: 3363.54s (56m 03s)  53% completed  (53% total)
     Speed:     ev/sec=494.378   simsec/sec=1   ev/simsec=494.378
     Messages:  created: 101724   present: 12   in FES: 7
** Event #814592   t=3366.026846972234   Elapsed: 3365.97s (56m 05s)  53% completed  (53% total)
     Speed:     ev/sec=421.635   simsec/sec=0.999999   ev/simsec=421.635
     Messages:  created: 101852   present: 13   in FES: 8
** Event #815616   t=3368.293559409233   Elapsed: 3368.24s (56m 08s)  53% completed  (53% total)
     Speed:     ev/sec=451.756   simsec/sec=1   ev/simsec=451.756
     Messages:  created: 101980   present: 14   in FES: 7
** Event #816384   t=3370.318040793132   Elapsed: 3370.28s (56m 10s)  53% completed  (53% total)
     Speed:     ev/sec=376.637   simsec/sec=0.99283   ev/simsec=379.356
     Messages:  created: 102077   present: 16   in FES: 7
** Event #817920   t=3372.589855814234   Elapsed: 3372.54s (56m 12s)  53% completed  (53% total)
     Speed:     ev/sec=680.492   simsec/sec=1.00648   ev/simsec=676.111
     Messages:  created: 102282   present: 51   in FES: 8
** Event #819200   t=3374.840396682286   Elapsed: 3374.8s (56m 14s)  53% completed  (53% total)
     Speed:     ev/sec=565.606   simsec/sec=0.994468   ev/simsec=568.752
     Messages:  created: 102429   present: 16   in FES: 7
** Event #820480   t=3377.066248558976   Elapsed: 3377.01s (56m 17s)  53% completed  (53% total)
     Speed:     ev/sec=578.311   simsec/sec=1.00565   ev/simsec=575.061
     Messages:  created: 102587   present: 11   in FES: 6
** Event #821504   t=3379.328799232992   Elapsed: 3379.29s (56m 19s)  53% completed  (53% total)
     Speed:     ev/sec=450.449   simsec/sec=0.995278   ev/simsec=452.587
     Messages:  created: 102714   present: 8   in FES: 4
** Event #822528   t=3381.352298736808   Elapsed: 3381.3s (56m 21s)  53% completed  (53% total)
     Speed:     ev/sec=508.754   simsec/sec=1.00534   ev/simsec=506.054
     Messages:  created: 102856   present: 45   in FES: 8
** Event #824064   t=3383.625225665468   Elapsed: 3383.57s (56m 23s)  53% completed  (53% total)
     Speed:     ev/sec=675.781   simsec/sec=1   ev/simsec=675.781
     Messages:  created: 103056   present: 66   in FES: 8
** Event #825344   t=3385.794430774878   Elapsed: 3385.74s (56m 25s)  53% completed  (53% total)
     Speed:     ev/sec=590.077   simsec/sec=0.999999   ev/simsec=590.078
     Messages:  created: 103199   present: 22   in FES: 7
** Event #826624   t=3388.261009205297   Elapsed: 3388.21s (56m 28s)  53% completed  (53% total)
     Speed:     ev/sec=518.937   simsec/sec=0.999999   ev/simsec=518.937
     Messages:  created: 103356   present: 12   in FES: 8
** Event #827392   t=3390.456847956038   Elapsed: 3390.4s (56m 30s)  53% completed  (53% total)
     Speed:     ev/sec=349.753   simsec/sec=1   ev/simsec=349.752
     Messages:  created: 103451   present: 10   in FES: 6
** Event #828416   t=3392.665616751711   Elapsed: 3392.61s (56m 32s)  53% completed  (53% total)
     Speed:     ev/sec=463.606   simsec/sec=0.999999   ev/simsec=463.607
     Messages:  created: 103581   present: 15   in FES: 8
** Event #829952   t=3395.17539034094   Elapsed: 3395.12s (56m 35s)  53% completed  (53% total)
     Speed:     ev/sec=612.007   simsec/sec=1   ev/simsec=612.007
     Messages:  created: 103778   present: 28   in FES: 8
** Event #830976   t=3397.565395049226   Elapsed: 3397.51s (56m 37s)  53% completed  (53% total)
     Speed:     ev/sec=428.451   simsec/sec=0.999999   ev/simsec=428.451
     Messages:  created: 103902   present: 18   in FES: 8
** Event #831744   t=3399.69670322998   Elapsed: 3399.64s (56m 39s)  53% completed  (53% total)
     Speed:     ev/sec=360.342   simsec/sec=1   ev/simsec=360.342
     Messages:  created: 103995   present: 11   in FES: 7
** Event #832512   t=3401.79658281967   Elapsed: 3401.75s (56m 41s)  53% completed  (53% total)
     Speed:     ev/sec=364.599   simsec/sec=0.996893   ev/simsec=365.735
     Messages:  created: 104090   present: 8   in FES: 4
** Event #833536   t=3403.896451634391   Elapsed: 3403.84s (56m 43s)  54% completed  (54% total)
     Speed:     ev/sec=489.174   simsec/sec=1.00313   ev/simsec=487.65
     Messages:  created: 104226   present: 28   in FES: 8
** Event #835072   t=3406.227114097586   Elapsed: 3406.18s (56m 46s)  54% completed  (54% total)
     Speed:     ev/sec=657.938   simsec/sec=0.998328   ev/simsec=659.04
     Messages:  created: 104413   present: 16   in FES: 7
** Event #835840   t=3408.363039462121   Elapsed: 3408.31s (56m 48s)  54% completed  (54% total)
     Speed:     ev/sec=360.222   simsec/sec=1.00183   ev/simsec=359.563
     Messages:  created: 104507   present: 11   in FES: 7
** Event #836608   t=3410.854610387558   Elapsed: 3410.8s (56m 50s)  54% completed  (54% total)
     Speed:     ev/sec=308.239   simsec/sec=1   ev/simsec=308.239
     Messages:  created: 104603   present: 10   in FES: 6
** Event #837376   t=3412.890456031573   Elapsed: 3412.84s (56m 52s)  54% completed  (54% total)
     Speed:     ev/sec=377.238   simsec/sec=0.999999   ev/simsec=377.239
     Messages:  created: 104699   present: 10   in FES: 6
** Event #838144   t=3415.061297423333   Elapsed: 3415.03s (56m 55s)  54% completed  (54% total)
     Speed:     ev/sec=349.627   simsec/sec=0.988262   ev/simsec=353.78
     Messages:  created: 104794   present: 8   in FES: 4
** Event #838656   t=3417.09799084944   Elapsed: 3417.04s (56m 57s)  54% completed  (54% total)
     Speed:     ev/sec=254.612   simsec/sec=1.01282   ev/simsec=251.388
     Messages:  created: 104859   present: 11   in FES: 7
** Event #839680   t=3419.486668819673   Elapsed: 3419.43s (56m 59s)  54% completed  (54% total)
     Speed:     ev/sec=428.689   simsec/sec=1   ev/simsec=428.689
     Messages:  created: 104987   present: 11   in FES: 7
** Event #840704   t=3421.899657409616   Elapsed: 3421.85s (57m 01s)  54% completed  (54% total)
     Speed:     ev/sec=424.375   simsec/sec=1.00001   ev/simsec=424.37
     Messages:  created: 105115   present: 13   in FES: 7
** Event #841472   t=3423.926657021111   Elapsed: 3423.87s (57m 03s)  54% completed  (54% total)
     Speed:     ev/sec=378.879   simsec/sec=0.999985   ev/simsec=378.885
     Messages:  created: 105212   present: 14   in FES: 7
** Event #842752   t=3425.986485603401   Elapsed: 3425.93s (57m 05s)  54% completed  (54% total)
     Speed:     ev/sec=621.411   simsec/sec=1   ev/simsec=621.411
     Messages:  created: 105380   present: 37   in FES: 8
** Event #844288   t=3428.419195155894   Elapsed: 3428.37s (57m 08s)  54% completed  (54% total)
     Speed:     ev/sec=631.395   simsec/sec=1   ev/simsec=631.395
     Messages:  created: 105563   present: 12   in FES: 7
** Event #845568   t=3430.651611384791   Elapsed: 3430.61s (57m 10s)  54% completed  (54% total)
     Speed:     ev/sec=571.129   simsec/sec=0.996093   ev/simsec=573.37
     Messages:  created: 105724   present: 15   in FES: 7
** Event #846592   t=3432.685757091437   Elapsed: 3432.64s (57m 12s)  54% completed  (54% total)
     Speed:     ev/sec=502.64   simsec/sec=0.99848   ev/simsec=503.405
     Messages:  created: 105852   present: 15   in FES: 7
** Event #847872   t=3435.417034627895   Elapsed: 3435.36s (57m 15s)  54% completed  (54% total)
     Speed:     ev/sec=470.688   simsec/sec=1.00436   ev/simsec=468.645
     Messages:  created: 106011   present: 11   in FES: 7
** Event #848640   t=3437.736158363193   Elapsed: 3437.68s (57m 17s)  54% completed  (54% total)
     Speed:     ev/sec=331.159   simsec/sec=0.999999   ev/simsec=331.16
     Messages:  created: 106106   present: 10   in FES: 6
** Event #849408   t=3440.11868025459   Elapsed: 3440.06s (57m 20s)  54% completed  (54% total)
     Speed:     ev/sec=322.348   simsec/sec=1   ev/simsec=322.348
     Messages:  created: 106202   present: 9   in FES: 5
** Event #850176   t=3442.326074084371   Elapsed: 3442.27s (57m 22s)  54% completed  (54% total)
     Speed:     ev/sec=347.852   simsec/sec=0.999801   ev/simsec=347.922
     Messages:  created: 106300   present: 15   in FES: 7
** Event #851200   t=3444.720271385801   Elapsed: 3444.67s (57m 24s)  54% completed  (54% total)
     Speed:     ev/sec=427.779   simsec/sec=1.00018   ev/simsec=427.701
     Messages:  created: 106427   present: 11   in FES: 7
** Event #852224   t=3446.783470388228   Elapsed: 3446.73s (57m 26s)  54% completed  (54% total)
     Speed:     ev/sec=496.317   simsec/sec=1   ev/simsec=496.317
     Messages:  created: 106556   present: 14   in FES: 8
** Event #853248   t=3449.076745146245   Elapsed: 3449.02s (57m 29s)  54% completed  (54% total)
     Speed:     ev/sec=446.522   simsec/sec=0.999998   ev/simsec=446.523
     Messages:  created: 106683   present: 13   in FES: 8
** Event #854016   t=3451.215961066098   Elapsed: 3451.16s (57m 31s)  54% completed  (54% total)
     Speed:     ev/sec=359.011   simsec/sec=1   ev/simsec=359.01
     Messages:  created: 106779   present: 11   in FES: 6
** Event #855040   t=3453.608806797678   Elapsed: 3453.55s (57m 33s)  54% completed  (54% total)
     Speed:     ev/sec=427.942   simsec/sec=1   ev/simsec=427.942
     Messages:  created: 106907   present: 13   in FES: 8
** Event #856576   t=3455.927681046659   Elapsed: 3455.87s (57m 35s)  54% completed  (54% total)
     Speed:     ev/sec=662.388   simsec/sec=0.999997   ev/simsec=662.39
     Messages:  created: 107102   present: 20   in FES: 8
** Event #857856   t=3458.030460979683   Elapsed: 3457.98s (57m 37s)  54% completed  (54% total)
     Speed:     ev/sec=608.721   simsec/sec=1   ev/simsec=608.718
     Messages:  created: 107261   present: 17   in FES: 8
** Event #859392   t=3460.334669446812   Elapsed: 3460.28s (57m 40s)  54% completed  (54% total)
     Speed:     ev/sec=666.606   simsec/sec=0.999999   ev/simsec=666.606
     Messages:  created: 107461   present: 38   in FES: 8
** Event #860928   t=3462.707976209858   Elapsed: 3462.66s (57m 42s)  54% completed  (54% total)
     Speed:     ev/sec=646.641   simsec/sec=0.999139   ev/simsec=647.198
     Messages:  created: 107653   present: 39   in FES: 7
** Event #861952   t=3464.792116511422   Elapsed: 3464.74s (57m 44s)  54% completed  (54% total)
     Speed:     ev/sec=491.813   simsec/sec=1.00098   ev/simsec=491.33
     Messages:  created: 107771   present: 13   in FES: 8
** Event #862976   t=3467.163580346105   Elapsed: 3467.11s (57m 47s)  55% completed  (55% total)
     Speed:     ev/sec=431.8   simsec/sec=0.999999   ev/simsec=431.801
     Messages:  created: 107898   present: 10   in FES: 6
** Event #864000   t=3469.75518368587   Elapsed: 3469.7s (57m 49s)  55% completed  (55% total)
     Speed:     ev/sec=395.122   simsec/sec=1   ev/simsec=395.122
     Messages:  created: 108026   present: 10   in FES: 6
** Event #865024   t=3472.20373635482   Elapsed: 3472.15s (57m 52s)  55% completed  (55% total)
     Speed:     ev/sec=418.206   simsec/sec=1   ev/simsec=418.206
     Messages:  created: 108157   present: 18   in FES: 7
** Event #866560   t=3474.306615399364   Elapsed: 3474.25s (57m 54s)  55% completed  (55% total)
     Speed:     ev/sec=730.428   simsec/sec=1   ev/simsec=730.427
     Messages:  created: 108361   present: 50   in FES: 8
** Event #867840   t=3476.399301385334   Elapsed: 3476.35s (57m 56s)  55% completed  (55% total)
     Speed:     ev/sec=611.654   simsec/sec=1   ev/simsec=611.654
     Messages:  created: 108521   present: 49   in FES: 8
** Event #868864   t=3479.01232835273   Elapsed: 3478.96s (57m 58s)  55% completed  (55% total)
     Speed:     ev/sec=391.883   simsec/sec=1   ev/simsec=391.883
     Messages:  created: 108635   present: 12   in FES: 8
** Event #870400   t=3481.254977796983   Elapsed: 3481.2s (58m 01s)  55% completed  (55% total)
     Speed:     ev/sec=684.909   simsec/sec=1.00001   ev/simsec=684.904
     Messages:  created: 108841   present: 50   in FES: 8
t=3483.10311 executing setDimmer(0.1)
** Event #871424   t=3483.845237406145   Elapsed: 3483.79s (58m 03s)  55% completed  (55% total)
     Speed:     ev/sec=395.167   simsec/sec=0.999595   ev/simsec=395.327
     Messages:  created: 108953   present: 9   in FES: 5
** Event #872960   t=3486.575896612495   Elapsed: 3486.52s (58m 06s)  55% completed  (55% total)
     Speed:     ev/sec=562.432   simsec/sec=0.999877   ev/simsec=562.502
     Messages:  created: 109145   present: 9   in FES: 5
** Event #873984   t=3488.963120427435   Elapsed: 3488.91s (58m 08s)  55% completed  (55% total)
     Speed:     ev/sec=429.085   simsec/sec=1.00031   ev/simsec=428.95
     Messages:  created: 109273   present: 9   in FES: 5
** Event #875008   t=3491.226658837826   Elapsed: 3491.17s (58m 11s)  55% completed  (55% total)
     Speed:     ev/sec=452.426   simsec/sec=1.00008   ev/simsec=452.389
     Messages:  created: 109401   present: 9   in FES: 5
** Event #875776   t=3493.391550062578   Elapsed: 3493.34s (58m 13s)  55% completed  (55% total)
     Speed:     ev/sec=354.482   simsec/sec=0.999239   ev/simsec=354.752
     Messages:  created: 109497   present: 9   in FES: 5
** Event #876544   t=3495.672471064345   Elapsed: 3495.62s (58m 15s)  55% completed  (55% total)
     Speed:     ev/sec=336.928   simsec/sec=1.00066   ev/simsec=336.706
     Messages:  created: 109593   present: 9   in FES: 5
** Event #877312   t=3498.230742203102   Elapsed: 3498.18s (58m 18s)  55% completed  (55% total)
     Speed:     ev/sec=300.271   simsec/sec=1.00023   ev/simsec=300.203
     Messages:  created: 109690   present: 11   in FES: 7
** Event #878080   t=3500.437706428114   Elapsed: 3500.39s (58m 20s)  55% completed  (55% total)
     Speed:     ev/sec=347.373   simsec/sec=0.998228   ev/simsec=347.989
     Messages:  created: 109785   present: 9   in FES: 5
** Event #879104   t=3502.939139050023   Elapsed: 3502.89s (58m 22s)  55% completed  (55% total)
     Speed:     ev/sec=409.834   simsec/sec=1.00114   ev/simsec=409.365
     Messages:  created: 109913   present: 9   in FES: 5
** Event #880128   t=3504.973369882688   Elapsed: 3504.92s (58m 24s)  55% completed  (55% total)
     Speed:     ev/sec=503.046   simsec/sec=0.999327   ev/simsec=503.384
     Messages:  created: 110041   present: 9   in FES: 5
** Event #880896   t=3507.120975861761   Elapsed: 3507.07s (58m 27s)  55% completed  (55% total)
     Speed:     ev/sec=357.55   simsec/sec=0.999839   ev/simsec=357.607
     Messages:  created: 110137   present: 9   in FES: 5
** Event #881664   t=3509.133716228029   Elapsed: 3509.08s (58m 29s)  55% completed  (55% total)
     Speed:     ev/sec=381.364   simsec/sec=0.999463   ev/simsec=381.569
     Messages:  created: 110233   present: 9   in FES: 5
** Event #882688   t=3511.359057083105   Elapsed: 3511.31s (58m 31s)  55% completed  (55% total)
     Speed:     ev/sec=460.709   simsec/sec=1.0012   ev/simsec=460.154
     Messages:  created: 110361   present: 9   in FES: 5
** Event #883712   t=3513.617701610522   Elapsed: 3513.56s (58m 33s)  55% completed  (55% total)
     Speed:     ev/sec=453.384   simsec/sec=1.00003   ev/simsec=453.369
     Messages:  created: 110489   present: 9   in FES: 5
** Event #885504   t=3515.69723767857   Elapsed: 3515.64s (58m 35s)  55% completed  (55% total)
     Speed:     ev/sec=861.552   simsec/sec=0.999792   ev/simsec=861.731
     Messages:  created: 110713   present: 9   in FES: 5
** Event #886784   t=3518.187636466633   Elapsed: 3518.15s (58m 38s)  55% completed  (55% total)
     Speed:     ev/sec=511.295   simsec/sec=0.994788   ev/simsec=513.974
     Messages:  created: 110873   present: 9   in FES: 5
** Event #887808   t=3520.391595964185   Elapsed: 3520.34s (58m 40s)  55% completed  (55% total)
     Speed:     ev/sec=467.383   simsec/sec=1.00595   ev/simsec=464.618
     Messages:  created: 111001   present: 9   in FES: 5
** Event #888832   t=3522.641274690851   Elapsed: 3522.59s (58m 42s)  55% completed  (55% total)
     Speed:     ev/sec=455.331   simsec/sec=1.00034   ev/simsec=455.176
     Messages:  created: 111129   present: 9   in FES: 5
** Event #890112   t=3524.754157775501   Elapsed: 3524.7s (58m 44s)  55% completed  (55% total)
     Speed:     ev/sec=605.861   simsec/sec=1.00009   ev/simsec=605.807
     Messages:  created: 111289   present: 9   in FES: 5
** Event #891392   t=3527.434761397024   Elapsed: 3527.38s (58m 47s)  55% completed  (55% total)
     Speed:     ev/sec=477.373   simsec/sec=0.999725   ev/simsec=477.504
     Messages:  created: 111449   present: 9   in FES: 5
** Event #892416   t=3529.643211426612   Elapsed: 3529.59s (58m 49s)  56% completed  (56% total)
     Speed:     ev/sec=463.867   simsec/sec=1.00042   ev/simsec=463.674
     Messages:  created: 111577   present: 9   in FES: 5
** Event #893696   t=3531.937902980691   Elapsed: 3531.89s (58m 51s)  56% completed  (56% total)
     Speed:     ev/sec=557.613   simsec/sec=0.999649   ev/simsec=557.809
     Messages:  created: 111737   present: 9   in FES: 5
** Event #894720   t=3534.221873686918   Elapsed: 3534.17s (58m 54s)  56% completed  (56% total)
     Speed:     ev/sec=448.247   simsec/sec=0.999787   ev/simsec=448.342
     Messages:  created: 111865   present: 9   in FES: 5
** Event #896000   t=3536.508230888225   Elapsed: 3536.46s (58m 56s)  56% completed  (56% total)
     Speed:     ev/sec=560.036   simsec/sec=1.00035   ev/simsec=559.843
     Messages:  created: 112025   present: 9   in FES: 5
** Event #897024   t=3538.946663076954   Elapsed: 3538.89s (58m 58s)  56% completed  (56% total)
     Speed:     ev/sec=419.996   simsec/sec=1.00013   ev/simsec=419.942
     Messages:  created: 112153   present: 9   in FES: 5
** Event #898304   t=3541.2797821029   Elapsed: 3541.23s (59m 01s)  56% completed  (56% total)
     Speed:     ev/sec=547.543   simsec/sec=0.998034   ev/simsec=548.622
     Messages:  created: 112312   present: 8   in FES: 4
t=3542.924058 executing setDimmer(0.3)
** Event #899328   t=3543.32839186002   Elapsed: 3543.27s (59m 03s)  56% completed  (56% total)
     Speed:     ev/sec=501.122   simsec/sec=1.00254   ev/simsec=499.851
     Messages:  created: 112442   present: 14   in FES: 8
** Event #900096   t=3545.839403122954   Elapsed: 3545.79s (59m 05s)  56% completed  (56% total)
     Speed:     ev/sec=305.853   simsec/sec=1   ev/simsec=305.853
     Messages:  created: 112537   present: 10   in FES: 6
** Event #900608   t=3548.437461706688   Elapsed: 3548.38s (59m 08s)  56% completed  (56% total)
     Speed:     ev/sec=197.07   simsec/sec=1   ev/simsec=197.07
     Messages:  created: 112600   present: 9   in FES: 5
** Event #901120   t=3551.365247381546   Elapsed: 3551.31s (59m 11s)  56% completed  (56% total)
     Speed:     ev/sec=174.876   simsec/sec=0.999999   ev/simsec=174.876
     Messages:  created: 112664   present: 9   in FES: 5
** Event #901632   t=3554.272412608704   Elapsed: 3554.22s (59m 14s)  56% completed  (56% total)
     Speed:     ev/sec=176.117   simsec/sec=1   ev/simsec=176.117
     Messages:  created: 112728   present: 9   in FES: 5
** Event #902144   t=3556.867085674997   Elapsed: 3556.81s (59m 16s)  56% completed  (56% total)
     Speed:     ev/sec=197.328   simsec/sec=1   ev/simsec=197.327
     Messages:  created: 112792   present: 9   in FES: 5
** Event #902912   t=3559.040438051668   Elapsed: 3558.99s (59m 18s)  56% completed  (56% total)
     Speed:     ev/sec=353.371   simsec/sec=1   ev/simsec=353.371
     Messages:  created: 112888   present: 9   in FES: 5
** Event #903424   t=3561.460483989218   Elapsed: 3561.41s (59m 21s)  56% completed  (56% total)
     Speed:     ev/sec=211.566   simsec/sec=1   ev/simsec=211.566
     Messages:  created: 112952   present: 9   in FES: 5
** Event #903936   t=3563.529180124438   Elapsed: 3563.48s (59m 23s)  56% completed  (56% total)
     Speed:     ev/sec=247.498   simsec/sec=0.999998   ev/simsec=247.499
     Messages:  created: 113017   present: 10   in FES: 6
** Event #904704   t=3566.485683120015   Elapsed: 3566.43s (59m 26s)  56% completed  (56% total)
     Speed:     ev/sec=259.766   simsec/sec=0.999999   ev/simsec=259.766
     Messages:  created: 113113   present: 10   in FES: 6
** Event #905984   t=3569.095066069175   Elapsed: 3569.04s (59m 29s)  56% completed  (56% total)
     Speed:     ev/sec=490.537   simsec/sec=1   ev/simsec=490.537
     Messages:  created: 113273   present: 10   in FES: 6
** Event #906752   t=3571.466938790608   Elapsed: 3571.41s (59m 31s)  56% completed  (56% total)
     Speed:     ev/sec=323.796   simsec/sec=1   ev/simsec=323.795
     Messages:  created: 113368   present: 9   in FES: 5
** Event #907776   t=3573.871251940379   Elapsed: 3573.82s (59m 33s)  56% completed  (56% total)
     Speed:     ev/sec=425.901   simsec/sec=0.999999   ev/simsec=425.901
     Messages:  created: 113496   present: 9   in FES: 5
** Event #908544   t=3575.934450436463   Elapsed: 3575.88s (59m 35s)  56% completed  (56% total)
     Speed:     ev/sec=372.238   simsec/sec=1   ev/simsec=372.238
     Messages:  created: 113592   present: 9   in FES: 5
** Event #909824   t=3578.10610537217   Elapsed: 3578.05s (59m 38s)  56% completed  (56% total)
     Speed:     ev/sec=589.078   simsec/sec=0.999433   ev/simsec=589.412
     Messages:  created: 113753   present: 11   in FES: 6
** Event #910848   t=3580.429291746555   Elapsed: 3580.38s (59m 40s)  56% completed  (56% total)
     Speed:     ev/sec=441.007   simsec/sec=1.00053   ev/simsec=440.774
     Messages:  created: 113880   present: 9   in FES: 5
** Event #911872   t=3582.89604863812   Elapsed: 3582.85s (59m 42s)  56% completed  (56% total)
     Speed:     ev/sec=414.535   simsec/sec=0.99859   ev/simsec=415.12
     Messages:  created: 114009   present: 11   in FES: 5
** Event #912896   t=3584.956981814007   Elapsed: 3584.91s (59m 44s)  56% completed  (56% total)
     Speed:     ev/sec=497.181   simsec/sec=1.00064   ev/simsec=496.862
     Messages:  created: 114137   present: 11   in FES: 7
** Event #913664   t=3587.092177945063   Elapsed: 3587.04s (59m 47s)  56% completed  (56% total)
     Speed:     ev/sec=359.485   simsec/sec=0.999443   ev/simsec=359.686
     Messages:  created: 114233   present: 11   in FES: 6
** Event #914688   t=3589.966096064681   Elapsed: 3589.91s (59m 49s)  56% completed  (56% total)
     Speed:     ev/sec=356.724   simsec/sec=1.00117   ev/simsec=356.308
     Messages:  created: 114360   present: 9   in FES: 5
** Event #915456   t=3592.344179064275   Elapsed: 3592.29s (59m 52s)  57% completed  (57% total)
     Speed:     ev/sec=322.95   simsec/sec=1   ev/simsec=322.949
     Messages:  created: 114457   present: 10   in FES: 6
** Event #916480   t=3594.449844477079   Elapsed: 3594.4s (59m 54s)  57% completed  (57% total)
     Speed:     ev/sec=486.306   simsec/sec=0.999998   ev/simsec=486.307
     Messages:  created: 114585   present: 10   in FES: 6
** Event #917248   t=3597.052749960666   Elapsed: 3597s (59m 56s)  57% completed  (57% total)
     Speed:     ev/sec=295.055   simsec/sec=1   ev/simsec=295.055
     Messages:  created: 114681   present: 10   in FES: 6
** Event #918016   t=3599.397230991775   Elapsed: 3599.34s (59m 59s)  57% completed  (57% total)
     Speed:     ev/sec=327.578   simsec/sec=1   ev/simsec=327.578
     Messages:  created: 114778   present: 13   in FES: 8
** Event #919040   t=3601.832984787424   Elapsed: 3601.78s (1h 00m)  57% completed  (57% total)
     Speed:     ev/sec=420.403   simsec/sec=0.999998   ev/simsec=420.404
     Messages:  created: 114904   present: 9   in FES: 5
** Event #919808   t=3604.143154507174   Elapsed: 3604.09s (1h 00m)  57% completed  (57% total)
     Speed:     ev/sec=332.443   simsec/sec=1   ev/simsec=332.443
     Messages:  created: 115000   present: 9   in FES: 5
** Event #920832   t=3606.923409855167   Elapsed: 3606.87s (1h 00m)  57% completed  (57% total)
     Speed:     ev/sec=368.312   simsec/sec=1   ev/simsec=368.311
     Messages:  created: 115128   present: 9   in FES: 5
** Event #922112   t=3609.298146079619   Elapsed: 3609.25s (1h 00m)  57% completed  (57% total)
     Speed:     ev/sec=537.024   simsec/sec=0.996321   ev/simsec=539.007
     Messages:  created: 115288   present: 10   in FES: 6
** Event #922880   t=3611.918597513899   Elapsed: 3611.86s (1h 00m)  57% completed  (57% total)
     Speed:     ev/sec=294.06   simsec/sec=1.00335   ev/simsec=293.079
     Messages:  created: 115384   present: 9   in FES: 5
** Event #923904   t=3614.04341256976   Elapsed: 3613.99s (1h 00m)  57% completed  (57% total)
     Speed:     ev/sec=481.932   simsec/sec=1.00002   ev/simsec=481.924
     Messages:  created: 115512   present: 9   in FES: 5
** Event #924672   t=3616.354530382177   Elapsed: 3616.3s (1h 00m)  57% completed  (57% total)
     Speed:     ev/sec=332.307   simsec/sec=1   ev/simsec=332.307
     Messages:  created: 115608   present: 9   in FES: 5
** Event #925696   t=3618.580757137835   Elapsed: 3618.53s (1h 00m)  57% completed  (57% total)
     Speed:     ev/sec=459.972   simsec/sec=1   ev/simsec=459.971
     Messages:  created: 115737   present: 13   in FES: 8
** Event #926976   t=3620.877554374531   Elapsed: 3620.82s (1h 00m)  57% completed  (57% total)
     Speed:     ev/sec=557.178   simsec/sec=0.999786   ev/simsec=557.298
     Messages:  created: 115896   present: 10   in FES: 5
** Event #928000   t=3622.924607047258   Elapsed: 3622.87s (1h 00m)  57% completed  (57% total)
     Speed:     ev/sec=500.351   simsec/sec=1.00024   ev/simsec=500.231
     Messages:  created: 116024   present: 9   in FES: 5
** Event #929280   t=3625.308142339094   Elapsed: 3625.25s (1h 00m)  57% completed  (57% total)
     Speed:     ev/sec=536.886   simsec/sec=0.999755   ev/simsec=537.017
     Messages:  created: 116184   present: 10   in FES: 6
** Event #930304   t=3627.553382042311   Elapsed: 3627.5s (1h 00m)  57% completed  (57% total)
     Speed:     ev/sec=456.195   simsec/sec=1.00026   ev/simsec=456.076
     Messages:  created: 116313   present: 13   in FES: 7
** Event #931328   t=3630.163103700131   Elapsed: 3630.11s (1h 00m)  57% completed  (57% total)
     Speed:     ev/sec=392.379   simsec/sec=1   ev/simsec=392.379
     Messages:  created: 116440   present: 9   in FES: 5
** Event #932096   t=3632.834481993684   Elapsed: 3632.78s (1h 00m)  57% completed  (57% total)
     Speed:     ev/sec=287.492   simsec/sec=1   ev/simsec=287.492
     Messages:  created: 116536   present: 9   in FES: 5
** Event #932864   t=3635.000705139471   Elapsed: 3634.95s (1h 00m)  57% completed  (57% total)
     Speed:     ev/sec=354.534   simsec/sec=0.999999   ev/simsec=354.534
     Messages:  created: 116632   present: 9   in FES: 5
** Event #934144   t=3637.456082441979   Elapsed: 3637.4s (1h 00m)  57% completed  (57% total)
     Speed:     ev/sec=521.138   simsec/sec=0.999681   ev/simsec=521.305
     Messages:  created: 116792   present: 10   in FES: 6
** Event #935168   t=3639.8295958996   Elapsed: 3639.78s (1h 00m)  57% completed  (57% total)
     Speed:     ev/sec=431.111   simsec/sec=0.999266   ev/simsec=431.428
     Messages:  created: 116920   present: 10   in FES: 5
** Event #936448   t=3642.360682011729   Elapsed: 3642.31s (1h 00m)  57% completed  (57% total)
     Speed:     ev/sec=506.108   simsec/sec=1.00078   ev/simsec=505.712
     Messages:  created: 117080   present: 10   in FES: 6
** Event #937472   t=3645.034273357034   Elapsed: 3644.98s (1h 00m)  57% completed  (57% total)
     Speed:     ev/sec=383.084   simsec/sec=1.00021   ev/simsec=383.005
     Messages:  created: 117209   present: 12   in FES: 7
** Event #938752   t=3647.292604828788   Elapsed: 3647.24s (1h 00m)  57% completed  (57% total)
     Speed:     ev/sec=566.632   simsec/sec=0.99972   ev/simsec=566.79
     Messages:  created: 117368   present: 10   in FES: 6
** Event #940032   t=3649.8539189702   Elapsed: 3649.8s (1h 00m)  57% completed  (57% total)
     Speed:     ev/sec=499.774   simsec/sec=1.00006   ev/simsec=499.743
     Messages:  created: 117528   present: 10   in FES: 6
** Event #941056   t=3652.24153292135   Elapsed: 3652.22s (1h 00m)  57% completed  (57% total)
     Speed:     ev/sec=423.849   simsec/sec=0.988268   ev/simsec=428.88
     Messages:  created: 117656   present: 10   in FES: 5
** Event #942080   t=3654.551492559865   Elapsed: 3654.5s (1h 00m)  58% completed  (58% total)
     Speed:     ev/sec=448.726   simsec/sec=1.01225   ev/simsec=443.298
     Messages:  created: 117784   present: 10   in FES: 6
** Event #943360   t=3657.153420238796   Elapsed: 3657.1s (1h 00m)  58% completed  (58% total)
     Speed:     ev/sec=492.108   simsec/sec=1.00034   ev/simsec=491.943
     Messages:  created: 117944   present: 9   in FES: 5
** Event #944384   t=3659.500068187374   Elapsed: 3659.45s (1h 00m)  58% completed  (58% total)
     Speed:     ev/sec=436.326   simsec/sec=0.999906   ev/simsec=436.367
     Messages:  created: 118072   present: 10   in FES: 6
** Event #945152   t=3661.555660508941   Elapsed: 3661.5s (1h 01m)  58% completed  (58% total)
     Speed:     ev/sec=373.237   simsec/sec=0.998988   ev/simsec=373.615
     Messages:  created: 118167   present: 9   in FES: 5
t=3662.842889 executing removeServer()
scheduled complete remove at 3662.842889
** Event #946176   t=3664.137591505084   Elapsed: 3664.08s (1h 01m)  58% completed  (58% total)
     Speed:     ev/sec=396.957   simsec/sec=1.00089   ev/simsec=396.602
     Messages:  created: 118297   present: 9   in FES: 6
** Event #947200   t=3666.346379480263   Elapsed: 3666.32s (1h 01m)  58% completed  (58% total)
     Speed:     ev/sec=457.623   simsec/sec=0.987102   ev/simsec=463.603
     Messages:  created: 118427   present: 14   in FES: 6
** Event #948480   t=3669.170051262734   Elapsed: 3669.12s (1h 01m)  58% completed  (58% total)
     Speed:     ev/sec=457.991   simsec/sec=1.01033   ev/simsec=453.31
     Messages:  created: 118585   present: 8   in FES: 5
** Event #949760   t=3671.340817590161   Elapsed: 3671.29s (1h 01m)  58% completed  (58% total)
     Speed:     ev/sec=589.169   simsec/sec=0.999179   ev/simsec=589.654
     Messages:  created: 118747   present: 14   in FES: 6
** Event #951296   t=3673.649348792081   Elapsed: 3673.6s (1h 01m)  58% completed  (58% total)
     Speed:     ev/sec=665.872   simsec/sec=1.00077   ev/simsec=665.358
     Messages:  created: 118937   present: 8   in FES: 5
** Event #952064   t=3675.840763176046   Elapsed: 3675.79s (1h 01m)  58% completed  (58% total)
     Speed:     ev/sec=350.459   simsec/sec=1   ev/simsec=350.459
     Messages:  created: 119033   present: 9   in FES: 6
** Event #953344   t=3678.202271386421   Elapsed: 3678.15s (1h 01m)  58% completed  (58% total)
     Speed:     ev/sec=542.027   simsec/sec=1   ev/simsec=542.026
     Messages:  created: 119193   present: 8   in FES: 5
** Event #954368   t=3680.27947533725   Elapsed: 3680.23s (1h 01m)  58% completed  (58% total)
     Speed:     ev/sec=492.97   simsec/sec=0.999999   ev/simsec=492.97
     Messages:  created: 119321   present: 9   in FES: 6
** Event #955136   t=3682.89259774002   Elapsed: 3682.84s (1h 01m)  58% completed  (58% total)
     Speed:     ev/sec=293.902   simsec/sec=1   ev/simsec=293.901
     Messages:  created: 119417   present: 8   in FES: 5
** Event #956672   t=3685.07059320983   Elapsed: 3685.02s (1h 01m)  58% completed  (58% total)
     Speed:     ev/sec=705.235   simsec/sec=1   ev/simsec=705.236
     Messages:  created: 119612   present: 17   in FES: 7
** Event #958464   t=3687.557671677687   Elapsed: 3687.5s (1h 01m)  58% completed  (58% total)
     Speed:     ev/sec=720.525   simsec/sec=1   ev/simsec=720.524
     Messages:  created: 119833   present: 8   in FES: 5
** Event #960000   t=3689.904422813221   Elapsed: 3689.85s (1h 01m)  58% completed  (58% total)
     Speed:     ev/sec=654.519   simsec/sec=0.999996   ev/simsec=654.522
     Messages:  created: 120026   present: 11   in FES: 7
** Event #961280   t=3692.062025766799   Elapsed: 3692.01s (1h 01m)  58% completed  (58% total)
     Speed:     ev/sec=593.25   simsec/sec=0.999999   ev/simsec=593.251
     Messages:  created: 120185   present: 8   in FES: 5
** Event #962560   t=3694.249338168004   Elapsed: 3694.2s (1h 01m)  58% completed  (58% total)
     Speed:     ev/sec=585.194   simsec/sec=1   ev/simsec=585.193
     Messages:  created: 120346   present: 10   in FES: 6
** Event #963584   t=3696.481655538574   Elapsed: 3696.43s (1h 01m)  58% completed  (58% total)
     Speed:     ev/sec=458.717   simsec/sec=1   ev/simsec=458.716
     Messages:  created: 120473   present: 9   in FES: 6
** Event #964608   t=3699.234651223213   Elapsed: 3699.18s (1h 01m)  58% completed  (58% total)
     Speed:     ev/sec=371.958   simsec/sec=0.999998   ev/simsec=371.958
     Messages:  created: 120601   present: 8   in FES: 5
** Event #965376   t=3701.597584648732   Elapsed: 3701.54s (1h 01m)  58% completed  (58% total)
     Speed:     ev/sec=325.021   simsec/sec=1   ev/simsec=325.02
     Messages:  created: 120697   present: 8   in FES: 5
** Event #966144   t=3703.975782914113   Elapsed: 3703.92s (1h 01m)  58% completed  (58% total)
     Speed:     ev/sec=322.933   simsec/sec=0.999997   ev/simsec=322.934
     Messages:  created: 120793   present: 9   in FES: 6
** Event #967424   t=3706.091415371638   Elapsed: 3706.04s (1h 01m)  58% completed  (58% total)
     Speed:     ev/sec=605.02   simsec/sec=1   ev/simsec=605.02
     Messages:  created: 120954   present: 10   in FES: 7
** Event #968704   t=3708.499976148071   Elapsed: 3708.45s (1h 01m)  58% completed  (58% total)
     Speed:     ev/sec=531.438   simsec/sec=1   ev/simsec=531.438
     Messages:  created: 121113   present: 8   in FES: 5
** Event #969728   t=3710.966871543951   Elapsed: 3710.91s (1h 01m)  58% completed  (58% total)
     Speed:     ev/sec=415.097   simsec/sec=1   ev/simsec=415.097
     Messages:  created: 121241   present: 8   in FES: 5
** Event #970752   t=3713.3027208394   Elapsed: 3713.25s (1h 01m)  58% completed  (58% total)
     Speed:     ev/sec=438.384   simsec/sec=1   ev/simsec=438.384
     Messages:  created: 121370   present: 11   in FES: 7
** Event #972032   t=3715.357979435337   Elapsed: 3715.3s (1h 01m)  58% completed  (58% total)
     Speed:     ev/sec=622.794   simsec/sec=1   ev/simsec=622.793
     Messages:  created: 121530   present: 10   in FES: 7
** Event #973056   t=3717.427461959488   Elapsed: 3717.37s (1h 01m)  59% completed  (59% total)
     Speed:     ev/sec=494.809   simsec/sec=0.999998   ev/simsec=494.81
     Messages:  created: 121657   present: 8   in FES: 5
** Event #974336   t=3719.803117491395   Elapsed: 3719.75s (1h 01m)  59% completed  (59% total)
     Speed:     ev/sec=538.8   simsec/sec=1   ev/simsec=538.799
     Messages:  created: 121817   present: 8   in FES: 5
** Event #975360   t=3721.956813170038   Elapsed: 3721.9s (1h 02m)  59% completed  (59% total)
     Speed:     ev/sec=475.46   simsec/sec=0.999997   ev/simsec=475.462
     Messages:  created: 121945   present: 10   in FES: 6
t=3722.945872 executing addServer()
adding server with latency=60
** Event #976640   t=3724.482964522958   Elapsed: 3724.43s (1h 02m)  59% completed  (59% total)
     Speed:     ev/sec=505.752   simsec/sec=0.99813   ev/simsec=506.7
     Messages:  created: 122106   present: 10   in FES: 6
** Event #977408   t=3726.621068937315   Elapsed: 3726.57s (1h 02m)  59% completed  (59% total)
     Speed:     ev/sec=359.308   simsec/sec=1.00031   ev/simsec=359.197
     Messages:  created: 122202   present: 10   in FES: 6
** Event #978432   t=3728.741421557205   Elapsed: 3728.69s (1h 02m)  59% completed  (59% total)
     Speed:     ev/sec=483.869   simsec/sec=1.00193   ev/simsec=482.939
     Messages:  created: 122331   present: 12   in FES: 8
** Event #979456   t=3731.079370760751   Elapsed: 3731.03s (1h 02m)  59% completed  (59% total)
     Speed:     ev/sec=437.904   simsec/sec=0.999802   ev/simsec=437.991
     Messages:  created: 122461   present: 18   in FES: 7
** Event #980736   t=3733.481388705093   Elapsed: 3733.43s (1h 02m)  59% completed  (59% total)
     Speed:     ev/sec=532.029   simsec/sec=0.998393   ev/simsec=532.885
     Messages:  created: 122618   present: 10   in FES: 6
** Event #981248   t=3735.654387368655   Elapsed: 3735.6s (1h 02m)  59% completed  (59% total)
     Speed:     ev/sec=235.844   simsec/sec=1.00096   ev/simsec=235.619
     Messages:  created: 122682   present: 10   in FES: 6
** Event #982272   t=3737.694585866477   Elapsed: 3737.64s (1h 02m)  59% completed  (59% total)
     Speed:     ev/sec=502.466   simsec/sec=1.0011   ev/simsec=501.912
     Messages:  created: 122811   present: 12   in FES: 8
** Event #983296   t=3740.405379732486   Elapsed: 3740.39s (1h 02m)  59% completed  (59% total)
     Speed:     ev/sec=372.209   simsec/sec=0.985334   ev/simsec=377.749
     Messages:  created: 122938   present: 10   in FES: 6
** Event #984320   t=3742.960696429748   Elapsed: 3742.91s (1h 02m)  59% completed  (59% total)
     Speed:     ev/sec=406.884   simsec/sec=1.01535   ev/simsec=400.733
     Messages:  created: 123066   present: 10   in FES: 6
** Event #985344   t=3746.152228835835   Elapsed: 3746.1s (1h 02m)  59% completed  (59% total)
     Speed:     ev/sec=321.023   simsec/sec=1.00054   ev/simsec=320.849
     Messages:  created: 123196   present: 14   in FES: 8
** Event #986112   t=3748.485543965349   Elapsed: 3748.43s (1h 02m)  59% completed  (59% total)
     Speed:     ev/sec=329.05   simsec/sec=0.999709   ev/simsec=329.145
     Messages:  created: 123290   present: 10   in FES: 6
** Event #987136   t=3750.818854541606   Elapsed: 3750.76s (1h 02m)  59% completed  (59% total)
     Speed:     ev/sec=438.989   simsec/sec=1.00029   ev/simsec=438.861
     Messages:  created: 123419   present: 12   in FES: 7
** Event #988160   t=3752.822826541236   Elapsed: 3752.77s (1h 02m)  59% completed  (59% total)
     Speed:     ev/sec=510.984   simsec/sec=0.999998   ev/simsec=510.985
     Messages:  created: 123547   present: 12   in FES: 7
** Event #989184   t=3755.650422364473   Elapsed: 3755.6s (1h 02m)  59% completed  (59% total)
     Speed:     ev/sec=362.145   simsec/sec=1   ev/simsec=362.145
     Messages:  created: 123675   present: 12   in FES: 7
** Event #990208   t=3758.297008617712   Elapsed: 3758.25s (1h 02m)  59% completed  (59% total)
     Speed:     ev/sec=385.803   simsec/sec=0.997129   ev/simsec=386.914
     Messages:  created: 123802   present: 10   in FES: 6
** Event #991488   t=3760.794178887922   Elapsed: 3760.74s (1h 02m)  59% completed  (59% total)
     Speed:     ev/sec=514.149   simsec/sec=1.00306   ev/simsec=512.58
     Messages:  created: 123963   present: 12   in FES: 8
** Event #992768   t=3763.487559841891   Elapsed: 3763.44s (1h 02m)  59% completed  (59% total)
     Speed:     ev/sec=474.09   simsec/sec=0.997581   ev/simsec=475.239
     Messages:  created: 124122   present: 10   in FES: 6
** Event #993536   t=3766.815419429333   Elapsed: 3766.82s (1h 02m)  59% completed  (59% total)
     Speed:     ev/sec=227.472   simsec/sec=0.985672   ev/simsec=230.779
     Messages:  created: 124218   present: 10   in FES: 6
** Event #994304   t=3768.982305448467   Elapsed: 3768.94s (1h 02m)  59% completed  (59% total)
     Speed:     ev/sec=361.434   simsec/sec=1.01977   ev/simsec=354.426
     Messages:  created: 124314   present: 10   in FES: 6
** Event #995328   t=3771.767435814533   Elapsed: 3771.71s (1h 02m)  59% completed  (59% total)
     Speed:     ev/sec=369.279   simsec/sec=1.00439   ev/simsec=367.667
     Messages:  created: 124442   present: 10   in FES: 6
** Event #996608   t=3774.09084890388   Elapsed: 3774.04s (1h 02m)  59% completed  (59% total)
     Speed:     ev/sec=551.087   simsec/sec=1.00031   ev/simsec=550.914
     Messages:  created: 124603   present: 12   in FES: 7
** Event #997632   t=3776.42530746581   Elapsed: 3776.37s (1h 02m)  59% completed  (59% total)
     Speed:     ev/sec=438.645   simsec/sec=0.999999   ev/simsec=438.646
     Messages:  created: 124731   present: 12   in FES: 8
** Event #998912   t=3778.644431430598   Elapsed: 3778.59s (1h 02m)  59% completed  (59% total)
     Speed:     ev/sec=576.806   simsec/sec=1   ev/simsec=576.804
     Messages:  created: 124891   present: 12   in FES: 7
** Event #999680   t=3780.737346208691   Elapsed: 3780.68s (1h 03m)  60% completed  (60% total)
     Speed:     ev/sec=366.951   simsec/sec=0.999998   ev/simsec=366.952
     Messages:  created: 124986   present: 10   in FES: 6
t=3782.945872 addServer() complete
** Event #1000704   t=3783.069210476077   Elapsed: 3783.03s (1h 03m)  60% completed  (60% total)
     Speed:     ev/sec=436.467   simsec/sec=0.993927   ev/simsec=439.134
     Messages:  created: 125114   present: 11   in FES: 7
** Event #1001984   t=3785.68227761955   Elapsed: 3785.63s (1h 03m)  60% completed  (60% total)
     Speed:     ev/sec=492.531   simsec/sec=1.00548   ev/simsec=489.846
     Messages:  created: 125274   present: 10   in FES: 6
** Event #1003264   t=3788.149790746917   Elapsed: 3788.1s (1h 03m)  60% completed  (60% total)
     Speed:     ev/sec=518.434   simsec/sec=0.999409   ev/simsec=518.741
     Messages:  created: 125434   present: 11   in FES: 5
** Event #1004544   t=3790.39449185617   Elapsed: 3790.34s (1h 03m)  60% completed  (60% total)
     Speed:     ev/sec=570.459   simsec/sec=1.0004   ev/simsec=570.232
     Messages:  created: 125594   present: 11   in FES: 7
** Event #1005312   t=3792.521418224499   Elapsed: 3792.47s (1h 03m)  60% completed  (60% total)
     Speed:     ev/sec=361.181   simsec/sec=1.00027   ev/simsec=361.084
     Messages:  created: 125690   present: 10   in FES: 6
** Event #1006848   t=3794.621840677529   Elapsed: 3794.57s (1h 03m)  60% completed  (60% total)
     Speed:     ev/sec=729.229   simsec/sec=0.997194   ev/simsec=731.281
     Messages:  created: 125882   present: 11   in FES: 6
** Event #1008640   t=3796.841351113158   Elapsed: 3796.79s (1h 03m)  60% completed  (60% total)
     Speed:     ev/sec=809.54   simsec/sec=1.00267   ev/simsec=807.385
     Messages:  created: 126106   present: 10   in FES: 6
** Event #1010176   t=3799.220289725168   Elapsed: 3799.17s (1h 03m)  60% completed  (60% total)
     Speed:     ev/sec=645.667   simsec/sec=1   ev/simsec=645.666
     Messages:  created: 126297   present: 9   in FES: 5
** Event #1011456   t=3801.644727597686   Elapsed: 3801.59s (1h 03m)  60% completed  (60% total)
     Speed:     ev/sec=527.957   simsec/sec=0.999998   ev/simsec=527.957
     Messages:  created: 126457   present: 9   in FES: 5
** Event #1012480   t=3803.915417360478   Elapsed: 3803.86s (1h 03m)  60% completed  (60% total)
     Speed:     ev/sec=450.965   simsec/sec=1   ev/simsec=450.964
     Messages:  created: 126585   present: 9   in FES: 5
** Event #1013760   t=3806.397448813324   Elapsed: 3806.34s (1h 03m)  60% completed  (60% total)
     Speed:     ev/sec=515.707   simsec/sec=1   ev/simsec=515.707
     Messages:  created: 126745   present: 9   in FES: 5
** Event #1014784   t=3808.47746489356   Elapsed: 3808.42s (1h 03m)  60% completed  (60% total)
     Speed:     ev/sec=492.304   simsec/sec=1   ev/simsec=492.304
     Messages:  created: 126874   present: 10   in FES: 6
** Event #1015808   t=3810.733600206764   Elapsed: 3810.68s (1h 03m)  60% completed  (60% total)
     Speed:     ev/sec=453.873   simsec/sec=0.999998   ev/simsec=453.873
     Messages:  created: 127002   present: 10   in FES: 6
** Event #1017088   t=3812.930348140353   Elapsed: 3812.88s (1h 03m)  60% completed  (60% total)
     Speed:     ev/sec=582.68   simsec/sec=1   ev/simsec=582.68
     Messages:  created: 127161   present: 9   in FES: 5
** Event #1018112   t=3815.102968002126   Elapsed: 3815.05s (1h 03m)  60% completed  (60% total)
     Speed:     ev/sec=471.32   simsec/sec=0.999999   ev/simsec=471.32
     Messages:  created: 127289   present: 9   in FES: 5
** Event #1019136   t=3817.257447187976   Elapsed: 3817.2s (1h 03m)  60% completed  (60% total)
     Speed:     ev/sec=475.29   simsec/sec=1   ev/simsec=475.289
     Messages:  created: 127417   present: 9   in FES: 5
** Event #1020416   t=3819.687739024764   Elapsed: 3819.63s (1h 03m)  60% completed  (60% total)
     Speed:     ev/sec=526.684   simsec/sec=0.999997   ev/simsec=526.686
     Messages:  created: 127578   present: 10   in FES: 6
** Event #1021440   t=3821.799950885672   Elapsed: 3821.75s (1h 03m)  60% completed  (60% total)
     Speed:     ev/sec=484.801   simsec/sec=1   ev/simsec=484.8
     Messages:  created: 127707   present: 13   in FES: 8
** Event #1022464   t=3824.000706406826   Elapsed: 3823.95s (1h 03m)  60% completed  (60% total)
     Speed:     ev/sec=464.741   simsec/sec=0.998811   ev/simsec=465.295
     Messages:  created: 127834   present: 11   in FES: 6
** Event #1023744   t=3826.381631479724   Elapsed: 3826.33s (1h 03m)  60% completed  (60% total)
     Speed:     ev/sec=538.198   simsec/sec=1.0011   ev/simsec=537.606
     Messages:  created: 127994   present: 10   in FES: 6
** Event #1024768   t=3828.505454911598   Elapsed: 3828.45s (1h 03m)  60% completed  (60% total)
     Speed:     ev/sec=482.149   simsec/sec=1   ev/simsec=482.149
     Messages:  created: 128123   present: 13   in FES: 7
** Event #1025792   t=3830.732110113442   Elapsed: 3830.68s (1h 03m)  60% completed  (60% total)
     Speed:     ev/sec=459.882   simsec/sec=0.999999   ev/simsec=459.883
     Messages:  created: 128249   present: 9   in FES: 5
** Event #1027328   t=3833.306526413671   Elapsed: 3833.25s (1h 03m)  60% completed  (60% total)
     Speed:     ev/sec=596.64   simsec/sec=1   ev/simsec=596.64
     Messages:  created: 128441   present: 9   in FES: 5
** Event #1028352   t=3835.965957104779   Elapsed: 3835.91s (1h 03m)  60% completed  (60% total)
     Speed:     ev/sec=384.879   simsec/sec=0.999569   ev/simsec=385.045
     Messages:  created: 128570   present: 11   in FES: 7
** Event #1029376   t=3838.202261236205   Elapsed: 3838.15s (1h 03m)  60% completed  (60% total)
     Speed:     ev/sec=458.134   simsec/sec=1.00051   ev/simsec=457.898
     Messages:  created: 128697   present: 9   in FES: 5
** Event #1030656   t=3840.33229627508   Elapsed: 3840.28s (1h 04m)  60% completed  (60% total)
     Speed:     ev/sec=600.93   simsec/sec=1   ev/simsec=600.929
     Messages:  created: 128858   present: 11   in FES: 6
** Event #1031424   t=3842.371588271874   Elapsed: 3842.32s (1h 04m)  60% completed  (60% total)
     Speed:     ev/sec=376.333   simsec/sec=0.999288   ev/simsec=376.601
     Messages:  created: 128953   present: 10   in FES: 6
t=3842.927686 executing removeServer()
scheduled complete remove at 3842.983827260034
** Event #1032192   t=3844.37977746342   Elapsed: 3844.34s (1h 04m)  61% completed  (61% total)
     Speed:     ev/sec=380.473   simsec/sec=0.994872   ev/simsec=382.434
     Messages:  created: 129050   present: 7   in FES: 4
** Event #1033472   t=3846.92288583038   Elapsed: 3846.88s (1h 04m)  61% completed  (61% total)
     Speed:     ev/sec=502.782   simsec/sec=0.99893   ev/simsec=503.321
     Messages:  created: 129210   present: 7   in FES: 4
** Event #1034496   t=3849.695115888201   Elapsed: 3849.65s (1h 04m)  61% completed  (61% total)
     Speed:     ev/sec=369.95   simsec/sec=1.00155   ev/simsec=369.378
     Messages:  created: 129338   present: 7   in FES: 4
** Event #1035520   t=3852.078194470227   Elapsed: 3852.02s (1h 04m)  61% completed  (61% total)
     Speed:     ev/sec=431.551   simsec/sec=1.00432   ev/simsec=429.696
     Messages:  created: 129467   present: 9   in FES: 6
** Event #1036288   t=3854.807915089576   Elapsed: 3854.78s (1h 04m)  61% completed  (61% total)
     Speed:     ev/sec=278.845   simsec/sec=0.991107   ev/simsec=281.347
     Messages:  created: 129562   present: 7   in FES: 4
** Event #1037312   t=3857.301844316624   Elapsed: 3857.25s (1h 04m)  61% completed  (61% total)
     Speed:     ev/sec=414.669   simsec/sec=1.00992   ev/simsec=410.597
     Messages:  created: 129691   present: 9   in FES: 6
** Event #1038848   t=3859.47320531421   Elapsed: 3859.42s (1h 04m)  61% completed  (61% total)
     Speed:     ev/sec=707.39   simsec/sec=0.999999   ev/simsec=707.39
     Messages:  created: 129886   present: 17   in FES: 7
** Event #1040128   t=3861.69562007465   Elapsed: 3861.64s (1h 04m)  61% completed  (61% total)
     Speed:     ev/sec=575.952   simsec/sec=1   ev/simsec=575.95
     Messages:  created: 130044   present: 11   in FES: 6
** Event #1041408   t=3863.989045875604   Elapsed: 3863.96s (1h 04m)  61% completed  (61% total)
     Speed:     ev/sec=552.884   simsec/sec=0.990623   ev/simsec=558.117
     Messages:  created: 130202   present: 7   in FES: 4
** Event #1042432   t=3866.229802488056   Elapsed: 3866.18s (1h 04m)  61% completed  (61% total)
     Speed:     ev/sec=461.458   simsec/sec=1.00978   ev/simsec=456.988
     Messages:  created: 130332   present: 11   in FES: 7
** Event #1043968   t=3868.484236684123   Elapsed: 3868.44s (1h 04m)  61% completed  (61% total)
     Speed:     ev/sec=679.822   simsec/sec=0.997795   ev/simsec=681.324
     Messages:  created: 130522   present: 7   in FES: 4
** Event #1045504   t=3870.85061197755   Elapsed: 3870.8s (1h 04m)  61% completed  (61% total)
     Speed:     ev/sec=648.292   simsec/sec=0.998764   ev/simsec=649.094
     Messages:  created: 130714   present: 7   in FES: 4
** Event #1046784   t=3873.037553378167   Elapsed: 3872.98s (1h 04m)  61% completed  (61% total)
     Speed:     ev/sec=587.417   simsec/sec=1.00363   ev/simsec=585.292
     Messages:  created: 130876   present: 12   in FES: 7
** Event #1048320   t=3875.472770238271   Elapsed: 3875.42s (1h 04m)  61% completed  (61% total)
     Speed:     ev/sec=630.745   simsec/sec=1   ev/simsec=630.745
     Messages:  created: 131067   present: 9   in FES: 6
** Event #1049344   t=3878.325084253056   Elapsed: 3878.27s (1h 04m)  61% completed  (61% total)
     Speed:     ev/sec=359.007   simsec/sec=1   ev/simsec=359.007
     Messages:  created: 131195   present: 10   in FES: 7
** Event #1050624   t=3880.828902373241   Elapsed: 3880.77s (1h 04m)  61% completed  (61% total)
     Speed:     ev/sec=511.219   simsec/sec=1   ev/simsec=511.219
     Messages:  created: 131355   present: 10   in FES: 6
** Event #1051648   t=3883.10711522381   Elapsed: 3883.05s (1h 04m)  61% completed  (61% total)
     Speed:     ev/sec=449.43   simsec/sec=0.999899   ev/simsec=449.475
     Messages:  created: 131482   present: 7   in FES: 4
** Event #1052672   t=3885.644333590837   Elapsed: 3885.59s (1h 04m)  61% completed  (61% total)
     Speed:     ev/sec=403.628   simsec/sec=1.00009   ev/simsec=403.592
     Messages:  created: 131611   present: 9   in FES: 6
** Event #1053440   t=3888.170490248255   Elapsed: 3888.12s (1h 04m)  61% completed  (61% total)
     Speed:     ev/sec=304.019   simsec/sec=1   ev/simsec=304.019
     Messages:  created: 131707   present: 10   in FES: 7
** Event #1054208   t=3890.540515166315   Elapsed: 3890.51s (1h 04m)  61% completed  (61% total)
     Speed:     ev/sec=320.882   simsec/sec=0.990232   ev/simsec=324.047
     Messages:  created: 131802   present: 7   in FES: 4
** Event #1054976   t=3892.670628272998   Elapsed: 3892.62s (1h 04m)  61% completed  (61% total)
     Speed:     ev/sec=364.545   simsec/sec=1.0111   ev/simsec=360.544
     Messages:  created: 131899   present: 9   in FES: 6
** Event #1056000   t=3895.075205002638   Elapsed: 3895.02s (1h 04m)  61% completed  (61% total)
     Speed:     ev/sec=425.763   simsec/sec=0.999784   ev/simsec=425.855
     Messages:  created: 132026   present: 7   in FES: 4
** Event #1057280   t=3897.779434118835   Elapsed: 3897.73s (1h 04m)  61% completed  (61% total)
     Speed:     ev/sec=473.424   simsec/sec=1.00019   ev/simsec=473.333
     Messages:  created: 132187   present: 9   in FES: 6
** Event #1058048   t=3899.959671598029   Elapsed: 3899.92s (1h 04m)  61% completed  (61% total)
     Speed:     ev/sec=349.195   simsec/sec=0.991314   ev/simsec=352.255
     Messages:  created: 132282   present: 7   in FES: 4
** Event #1059072   t=3902.506738815974   Elapsed: 3902.45s (1h 05m)  61% completed  (61% total)
     Speed:     ev/sec=405.064   simsec/sec=1.00754   ev/simsec=402.031
     Messages:  created: 132410   present: 8   in FES: 5
t=3902.888998 executing setDimmer(0.7)
** Event #1059840   t=3905.136723127295   Elapsed: 3905.08s (1h 05m)  61% completed  (61% total)
     Speed:     ev/sec=292.013   simsec/sec=0.999987   ev/simsec=292.017
     Messages:  created: 132506   present: 9   in FES: 6
** Event #1060864   t=3907.639646688374   Elapsed: 3907.59s (1h 05m)  62% completed  (62% total)
     Speed:     ev/sec=409.132   simsec/sec=1.00003   ev/simsec=409.122
     Messages:  created: 132635   present: 12   in FES: 6
** Event #1061888   t=3919.550316429996   Elapsed: 3919.5s (1h 05m)  62% completed  (62% total)
     Speed:     ev/sec=85.9681   simsec/sec=0.999939   ev/simsec=85.9733
     Messages:  created: 132762   present: 9   in FES: 6
** Event #1062912   t=3922.018359338578   Elapsed: 3921.96s (1h 05m)  62% completed  (62% total)
     Speed:     ev/sec=415.026   simsec/sec=1.0003   ev/simsec=414.904
     Messages:  created: 132890   present: 8   in FES: 5
** Event #1063936   t=3924.854218341958   Elapsed: 3924.8s (1h 05m)  62% completed  (62% total)
     Speed:     ev/sec=361.09   simsec/sec=0.999999   ev/simsec=361.09
     Messages:  created: 133020   present: 15   in FES: 7
** Event #1064960   t=3927.137774987418   Elapsed: 3927.08s (1h 05m)  62% completed  (62% total)
     Speed:     ev/sec=448.427   simsec/sec=1.00001   ev/simsec=448.423
     Messages:  created: 133149   present: 16   in FES: 7
** Event #1066240   t=3929.55315511313   Elapsed: 3929.5s (1h 05m)  62% completed  (62% total)
     Speed:     ev/sec=529.358   simsec/sec=0.998907   ev/simsec=529.937
     Messages:  created: 133309   present: 17   in FES: 6
** Event #1067520   t=3932.010162323391   Elapsed: 3931.96s (1h 05m)  62% completed  (62% total)
     Speed:     ev/sec=521.216   simsec/sec=1.00049   ev/simsec=520.959
     Messages:  created: 133469   present: 17   in FES: 6
** Event #1068800   t=3934.178415794965   Elapsed: 3934.12s (1h 05m)  62% completed  (62% total)
     Speed:     ev/sec=590.723   simsec/sec=1.00065   ev/simsec=590.337
     Messages:  created: 133635   present: 32   in FES: 7
** Event #1069568   t=3936.182999597392   Elapsed: 3936.13s (1h 05m)  62% completed  (62% total)
     Speed:     ev/sec=383.122   simsec/sec=1   ev/simsec=383.122
     Messages:  created: 133723   present: 11   in FES: 6
** Event #1070848   t=3938.331056578436   Elapsed: 3938.28s (1h 05m)  62% completed  (62% total)
     Speed:     ev/sec=595.541   simsec/sec=0.999419   ev/simsec=595.887
     Messages:  created: 133891   present: 33   in FES: 6
** Event #1071872   t=3940.418429137258   Elapsed: 3940.36s (1h 05m)  62% completed  (62% total)
     Speed:     ev/sec=490.862   simsec/sec=1.0006   ev/simsec=490.569
     Messages:  created: 134012   present: 13   in FES: 7
** Event #1072896   t=3942.454115861587   Elapsed: 3942.4s (1h 05m)  62% completed  (62% total)
     Speed:     ev/sec=503.026   simsec/sec=1   ev/simsec=503.024
     Messages:  created: 134139   present: 12   in FES: 6
** Event #1073920   t=3944.532174114469   Elapsed: 3944.48s (1h 05m)  62% completed  (62% total)
     Speed:     ev/sec=492.767   simsec/sec=0.999999   ev/simsec=492.768
     Messages:  created: 134268   present: 15   in FES: 7
** Event #1075200   t=3946.580204808529   Elapsed: 3946.53s (1h 05m)  62% completed  (62% total)
     Speed:     ev/sec=624.989   simsec/sec=0.999997   ev/simsec=624.991
     Messages:  created: 134443   present: 55   in FES: 7
** Event #1076224   t=3949.151789297574   Elapsed: 3949.1s (1h 05m)  62% completed  (62% total)
     Speed:     ev/sec=398.198   simsec/sec=0.999999   ev/simsec=398.198
     Messages:  created: 134554   present: 8   in FES: 5
** Event #1077248   t=3951.382002970793   Elapsed: 3951.35s (1h 05m)  62% completed  (62% total)
     Speed:     ev/sec=455.62   simsec/sec=0.992314   ev/simsec=459.149
     Messages:  created: 134682   present: 9   in FES: 6
** Event #1078272   t=3953.710032969881   Elapsed: 3953.66s (1h 05m)  62% completed  (62% total)
     Speed:     ev/sec=443.144   simsec/sec=1.00747   ev/simsec=439.857
     Messages:  created: 134812   present: 14   in FES: 7
** Event #1079808   t=3956.127869150944   Elapsed: 3956.08s (1h 05m)  62% completed  (62% total)
     Speed:     ev/sec=633.526   simsec/sec=0.99724   ev/simsec=635.279
     Messages:  created: 135026   present: 73   in FES: 6
** Event #1081088   t=3958.152516771536   Elapsed: 3958.1s (1h 05m)  62% completed  (62% total)
     Speed:     ev/sec=634.308   simsec/sec=1.00332   ev/simsec=632.209
     Messages:  created: 135181   present: 59   in FES: 7
** Event #1082368   t=3960.670129953321   Elapsed: 3960.62s (1h 06m)  62% completed  (62% total)
     Speed:     ev/sec=508.418   simsec/sec=1   ev/simsec=508.418
     Messages:  created: 135329   present: 29   in FES: 7
** Event #1083648   t=3963.017241526095   Elapsed: 3962.97s (1h 06m)  62% completed  (62% total)
     Speed:     ev/sec=544.005   simsec/sec=0.997532   ev/simsec=545.351
     Messages:  created: 135487   present: 24   in FES: 6
t=3963.660546 executing setDimmer(0.1)
** Event #1084672   t=3965.038035768459   Elapsed: 3964.98s (1h 06m)  62% completed  (62% total)
     Speed:     ev/sec=508.191   simsec/sec=1.00288   ev/simsec=506.731
     Messages:  created: 135609   present: 9   in FES: 6
** Event #1085696   t=3967.245621539052   Elapsed: 3967.19s (1h 06m)  62% completed  (62% total)
     Speed:     ev/sec=463.856   simsec/sec=1   ev/simsec=463.855
     Messages:  created: 135737   present: 8   in FES: 5
** Event #1086720   t=3969.258538955395   Elapsed: 3969.2s (1h 06m)  63% completed  (63% total)
     Speed:     ev/sec=508.713   simsec/sec=0.999997   ev/simsec=508.714
     Messages:  created: 135865   present: 8   in FES: 5
** Event #1088000   t=3971.506274444998   Elapsed: 3971.45s (1h 06m)  63% completed  (63% total)
     Speed:     ev/sec=569.463   simsec/sec=1   ev/simsec=569.462
     Messages:  created: 136025   present: 8   in FES: 5
** Event #1089792   t=3973.617998930076   Elapsed: 3973.56s (1h 06m)  63% completed  (63% total)
     Speed:     ev/sec=848.598   simsec/sec=1   ev/simsec=848.596
     Messages:  created: 136249   present: 9   in FES: 6
** Event #1091328   t=3975.638285495394   Elapsed: 3975.58s (1h 06m)  63% completed  (63% total)
     Speed:     ev/sec=760.286   simsec/sec=0.999997   ev/simsec=760.288
     Messages:  created: 136441   present: 8   in FES: 5
** Event #1092608   t=3977.814211906775   Elapsed: 3977.76s (1h 06m)  63% completed  (63% total)
     Speed:     ev/sec=588.257   simsec/sec=1   ev/simsec=588.255
     Messages:  created: 136601   present: 9   in FES: 6
** Event #1093888   t=3980.341560373864   Elapsed: 3980.29s (1h 06m)  63% completed  (63% total)
     Speed:     ev/sec=506.459   simsec/sec=0.999998   ev/simsec=506.46
     Messages:  created: 136761   present: 8   in FES: 5
** Event #1094912   t=3982.407276076094   Elapsed: 3982.35s (1h 06m)  63% completed  (63% total)
     Speed:     ev/sec=495.712   simsec/sec=1   ev/simsec=495.712
     Messages:  created: 136889   present: 9   in FES: 6
** Event #1095936   t=3984.657578315053   Elapsed: 3984.6s (1h 06m)  63% completed  (63% total)
     Speed:     ev/sec=455.05   simsec/sec=1   ev/simsec=455.05
     Messages:  created: 137017   present: 9   in FES: 6
** Event #1097216   t=3986.846070926793   Elapsed: 3986.79s (1h 06m)  63% completed  (63% total)
     Speed:     ev/sec=584.878   simsec/sec=1   ev/simsec=584.877
     Messages:  created: 137177   present: 8   in FES: 5
** Event #1098496   t=3988.914976226348   Elapsed: 3988.86s (1h 06m)  63% completed  (63% total)
     Speed:     ev/sec=618.684   simsec/sec=0.999999   ev/simsec=618.685
     Messages:  created: 137337   present: 8   in FES: 5
** Event #1100032   t=3991.088428178903   Elapsed: 3991.03s (1h 06m)  63% completed  (63% total)
     Speed:     ev/sec=706.71   simsec/sec=1   ev/simsec=706.71
     Messages:  created: 137529   present: 8   in FES: 5
** Event #1101312   t=3993.362803506175   Elapsed: 3993.31s (1h 06m)  63% completed  (63% total)
     Speed:     ev/sec=562.791   simsec/sec=0.999999   ev/simsec=562.792
     Messages:  created: 137689   present: 8   in FES: 5
** Event #1102336   t=3995.518122232432   Elapsed: 3995.46s (1h 06m)  63% completed  (63% total)
     Speed:     ev/sec=475.105   simsec/sec=1   ev/simsec=475.104
     Messages:  created: 137817   present: 9   in FES: 6
** Event #1103616   t=3997.764531309768   Elapsed: 3997.71s (1h 06m)  63% completed  (63% total)
     Speed:     ev/sec=569.797   simsec/sec=0.999998   ev/simsec=569.798
     Messages:  created: 137977   present: 8   in FES: 5
** Event #1104896   t=4000.418633945317   Elapsed: 4000.36s (1h 06m)  63% completed  (63% total)
     Speed:     ev/sec=482.273   simsec/sec=1   ev/simsec=482.272
     Messages:  created: 138137   present: 8   in FES: 5
** Event #1106176   t=4002.465983406731   Elapsed: 4002.41s (1h 06m)  63% completed  (63% total)
     Speed:     ev/sec=625.197   simsec/sec=0.999998   ev/simsec=625.199
     Messages:  created: 138297   present: 9   in FES: 6
** Event #1107456   t=4004.822566408581   Elapsed: 4004.77s (1h 06m)  63% completed  (63% total)
     Speed:     ev/sec=543.159   simsec/sec=0.999999   ev/simsec=543.159
     Messages:  created: 138458   present: 10   in FES: 7
** Event #1108480   t=4006.907176274917   Elapsed: 4006.85s (1h 06m)  63% completed  (63% total)
     Speed:     ev/sec=491.22   simsec/sec=1   ev/simsec=491.219
     Messages:  created: 138585   present: 8   in FES: 5
** Event #1109248   t=4009.004801745044   Elapsed: 4008.95s (1h 06m)  63% completed  (63% total)
     Speed:     ev/sec=366.128   simsec/sec=1   ev/simsec=366.128
     Messages:  created: 138681   present: 8   in FES: 5
** Event #1110528   t=4011.296943383635   Elapsed: 4011.24s (1h 06m)  63% completed  (63% total)
     Speed:     ev/sec=558.43   simsec/sec=1   ev/simsec=558.43
     Messages:  created: 138841   present: 9   in FES: 6
** Event #1111296   t=4013.663861684867   Elapsed: 4013.61s (1h 06m)  63% completed  (63% total)
     Speed:     ev/sec=324.471   simsec/sec=0.999996   ev/simsec=324.473
     Messages:  created: 138937   present: 8   in FES: 5
** Event #1112320   t=4016.252845855925   Elapsed: 4016.2s (1h 06m)  63% completed  (63% total)
     Speed:     ev/sec=395.523   simsec/sec=1   ev/simsec=395.522
     Messages:  created: 139065   present: 8   in FES: 5
** Event #1113344   t=4018.662989301797   Elapsed: 4018.61s (1h 06m)  63% completed  (63% total)
     Speed:     ev/sec=424.87   simsec/sec=0.999998   ev/simsec=424.871
     Messages:  created: 139193   present: 8   in FES: 5
** Event #1114368   t=4020.952724358036   Elapsed: 4020.9s (1h 07m)  63% completed  (63% total)
     Speed:     ev/sec=447.214   simsec/sec=1   ev/simsec=447.213
     Messages:  created: 139320   present: 8   in FES: 5
t=4023.280215 executing setDimmer(0.3)
** Event #1115648   t=4023.716856616612   Elapsed: 4023.66s (1h 07m)  63% completed  (63% total)
     Speed:     ev/sec=463.075   simsec/sec=1   ev/simsec=463.075
     Messages:  created: 139480   present: 8   in FES: 5
** Event #1116672   t=4026.326960100898   Elapsed: 4026.27s (1h 07m)  63% completed  (63% total)
     Speed:     ev/sec=392.322   simsec/sec=1   ev/simsec=392.322
     Messages:  created: 139608   present: 8   in FES: 5
** Event #1117184   t=4028.474240158172   Elapsed: 4028.42s (1h 07m)  63% completed  (63% total)
     Speed:     ev/sec=238.441   simsec/sec=0.999999   ev/simsec=238.441
     Messages:  created: 139673   present: 9   in FES: 6
** Event #1117952   t=4030.882399912753   Elapsed: 4030.83s (1h 07m)  63% completed  (63% total)
     Speed:     ev/sec=318.916   simsec/sec=1   ev/simsec=318.916
     Messages:  created: 139769   present: 9   in FES: 6
** Event #1118976   t=4033.308648330094   Elapsed: 4033.25s (1h 07m)  64% completed  (64% total)
     Speed:     ev/sec=422.05   simsec/sec=0.999998   ev/simsec=422.051
     Messages:  created: 139897   present: 9   in FES: 6
** Event #1119744   t=4035.320854706128   Elapsed: 4035.27s (1h 07m)  64% completed  (64% total)
     Speed:     ev/sec=381.672   simsec/sec=1   ev/simsec=381.671
     Messages:  created: 139992   present: 8   in FES: 5
** Event #1120768   t=4038.156138758807   Elapsed: 4038.1s (1h 07m)  64% completed  (64% total)
     Speed:     ev/sec=361.163   simsec/sec=0.999999   ev/simsec=361.163
     Messages:  created: 140121   present: 10   in FES: 7
** Event #1121792   t=4040.394536067578   Elapsed: 4040.34s (1h 07m)  64% completed  (64% total)
     Speed:     ev/sec=457.47   simsec/sec=1   ev/simsec=457.47
     Messages:  created: 140249   present: 9   in FES: 6
** Event #1123328   t=4042.529734432623   Elapsed: 4042.48s (1h 07m)  64% completed  (64% total)
     Speed:     ev/sec=719.372   simsec/sec=1   ev/simsec=719.371
     Messages:  created: 140441   present: 11   in FES: 7
** Event #1124608   t=4044.763223521351   Elapsed: 4044.71s (1h 07m)  64% completed  (64% total)
     Speed:     ev/sec=573.093   simsec/sec=0.999997   ev/simsec=573.094
     Messages:  created: 140601   present: 9   in FES: 6
** Event #1126400   t=4047.134842905442   Elapsed: 4047.08s (1h 07m)  64% completed  (64% total)
     Speed:     ev/sec=755.604   simsec/sec=1   ev/simsec=755.602
     Messages:  created: 140825   present: 9   in FES: 6
** Event #1127424   t=4049.460423642413   Elapsed: 4049.41s (1h 07m)  64% completed  (64% total)
     Speed:     ev/sec=440.32   simsec/sec=1   ev/simsec=440.32
     Messages:  created: 140953   present: 9   in FES: 6
** Event #1128192   t=4051.895554769822   Elapsed: 4051.84s (1h 07m)  64% completed  (64% total)
     Speed:     ev/sec=315.384   simsec/sec=1   ev/simsec=315.383
     Messages:  created: 141049   present: 10   in FES: 7
** Event #1129216   t=4054.385682790988   Elapsed: 4054.33s (1h 07m)  64% completed  (64% total)
     Speed:     ev/sec=411.223   simsec/sec=0.999998   ev/simsec=411.224
     Messages:  created: 141177   present: 9   in FES: 6
** Event #1130240   t=4056.452387195719   Elapsed: 4056.4s (1h 07m)  64% completed  (64% total)
     Speed:     ev/sec=495.475   simsec/sec=1   ev/simsec=495.475
     Messages:  created: 141304   present: 8   in FES: 5
** Event #1131264   t=4058.657481007046   Elapsed: 4058.6s (1h 07m)  64% completed  (64% total)
     Speed:     ev/sec=464.38   simsec/sec=1   ev/simsec=464.379
     Messages:  created: 141432   present: 8   in FES: 5
** Event #1132288   t=4060.791508450832   Elapsed: 4060.74s (1h 07m)  64% completed  (64% total)
     Speed:     ev/sec=479.843   simsec/sec=0.999999   ev/simsec=479.844
     Messages:  created: 141561   present: 10   in FES: 6
** Event #1133824   t=4063.06305799743   Elapsed: 4063.01s (1h 07m)  64% completed  (64% total)
     Speed:     ev/sec=676.192   simsec/sec=1   ev/simsec=676.19
     Messages:  created: 141753   present: 9   in FES: 6
** Event #1135104   t=4065.552465326656   Elapsed: 4065.5s (1h 07m)  64% completed  (64% total)
     Speed:     ev/sec=514.177   simsec/sec=0.999997   ev/simsec=514.179
     Messages:  created: 141913   present: 9   in FES: 6
** Event #1136128   t=4067.555962378354   Elapsed: 4067.5s (1h 07m)  64% completed  (64% total)
     Speed:     ev/sec=511.108   simsec/sec=1   ev/simsec=511.106
     Messages:  created: 142040   present: 8   in FES: 5
** Event #1137408   t=4069.582956904716   Elapsed: 4069.53s (1h 07m)  64% completed  (64% total)
     Speed:     ev/sec=631.475   simsec/sec=0.999998   ev/simsec=631.477
     Messages:  created: 142200   present: 8   in FES: 5
** Event #1138688   t=4072.114007822477   Elapsed: 4072.06s (1h 07m)  64% completed  (64% total)
     Speed:     ev/sec=505.719   simsec/sec=1   ev/simsec=505.719
     Messages:  created: 142360   present: 8   in FES: 5
** Event #1139456   t=4074.396018755389   Elapsed: 4074.34s (1h 07m)  64% completed  (64% total)
     Speed:     ev/sec=336.545   simsec/sec=0.999999   ev/simsec=336.545
     Messages:  created: 142457   present: 10   in FES: 6
** Event #1140224   t=4076.464716072933   Elapsed: 4076.41s (1h 07m)  64% completed  (64% total)
     Speed:     ev/sec=371.248   simsec/sec=1   ev/simsec=371.248
     Messages:  created: 142553   present: 9   in FES: 6
** Event #1141504   t=4079.075118852782   Elapsed: 4079.02s (1h 07m)  64% completed  (64% total)
     Speed:     ev/sec=490.346   simsec/sec=1   ev/simsec=490.346
     Messages:  created: 142713   present: 9   in FES: 6
** Event #1142528   t=4081.850433613319   Elapsed: 4081.8s (1h 08m)  64% completed  (64% total)
     Speed:     ev/sec=368.966   simsec/sec=0.999998   ev/simsec=368.967
     Messages:  created: 142840   present: 9   in FES: 6
t=4082.784012 executing setDimmer(0.9)
** Event #1143552   t=4084.382112122588   Elapsed: 4084.33s (1h 08m)  64% completed  (64% total)
     Speed:     ev/sec=404.475   simsec/sec=1   ev/simsec=404.475
     Messages:  created: 142977   present: 33   in FES: 7
** Event #1144576   t=4086.550697833393   Elapsed: 4086.5s (1h 08m)  64% completed  (64% total)
     Speed:     ev/sec=472.198   simsec/sec=1   ev/simsec=472.197
     Messages:  created: 143112   present: 52   in FES: 7
** Event #1146112   t=4088.937712901402   Elapsed: 4088.88s (1h 08m)  64% completed  (64% total)
     Speed:     ev/sec=643.481   simsec/sec=1   ev/simsec=643.481
     Messages:  created: 143335   present: 134   in FES: 7
** Event #1147392   t=4091.36987992667   Elapsed: 4091.32s (1h 08m)  64% completed  (64% total)
     Speed:     ev/sec=526.28   simsec/sec=1   ev/simsec=526.28
     Messages:  created: 143528   present: 218   in FES: 7
** Event #1148416   t=4093.760135083196   Elapsed: 4093.71s (1h 08m)  64% completed  (64% total)
     Speed:     ev/sec=428.405   simsec/sec=0.999998   ev/simsec=428.406
     Messages:  created: 143653   present: 213   in FES: 7
** Event #1149440   t=4095.837282592475   Elapsed: 4095.78s (1h 08m)  65% completed  (65% total)
     Speed:     ev/sec=492.985   simsec/sec=1   ev/simsec=492.984
     Messages:  created: 143781   present: 211   in FES: 7
** Event #1150720   t=4098.375439845091   Elapsed: 4098.32s (1h 08m)  65% completed  (65% total)
     Speed:     ev/sec=503.876   simsec/sec=0.999153   ev/simsec=504.303
     Messages:  created: 143942   present: 215   in FES: 6
** Event #1151744   t=4100.638958659153   Elapsed: 4100.59s (1h 08m)  65% completed  (65% total)
     Speed:     ev/sec=451.026   simsec/sec=0.996978   ev/simsec=452.393
     Messages:  created: 144080   present: 235   in FES: 6
** Event #1153024   t=4102.75657181486   Elapsed: 4102.7s (1h 08m)  65% completed  (65% total)
     Speed:     ev/sec=606.973   simsec/sec=1.00417   ev/simsec=604.454
     Messages:  created: 144266   present: 287   in FES: 6
** Event #1154560   t=4105.08725931976   Elapsed: 4105.04s (1h 08m)  65% completed  (65% total)
     Speed:     ev/sec=657.499   simsec/sec=0.997673   ev/simsec=659.033
     Messages:  created: 144532   present: 435   in FES: 6
** Event #1155584   t=4107.113024307962   Elapsed: 4107.06s (1h 08m)  65% completed  (65% total)
     Speed:     ev/sec=506.193   simsec/sec=1.00139   ev/simsec=505.488
     Messages:  created: 144666   present: 447   in FES: 6
** Event #1156864   t=4109.215292565432   Elapsed: 4109.16s (1h 08m)  65% completed  (65% total)
     Speed:     ev/sec=608.64   simsec/sec=0.999628   ev/simsec=608.866
     Messages:  created: 144843   present: 481   in FES: 6
** Event #1158144   t=4111.717856007499   Elapsed: 4111.68s (1h 08m)  65% completed  (65% total)
     Speed:     ev/sec=509.781   simsec/sec=0.996687   ev/simsec=511.476
     Messages:  created: 145039   present: 553   in FES: 6
** Event #1159424   t=4113.926735816142   Elapsed: 4113.88s (1h 08m)  65% completed  (65% total)
     Speed:     ev/sec=580.114   simsec/sec=1.0011   ev/simsec=579.479
     Messages:  created: 145242   present: 639   in FES: 6
** Event #1160448   t=4116.167575427421   Elapsed: 4116.12s (1h 08m)  65% completed  (65% total)
     Speed:     ev/sec=456.72   simsec/sec=0.999449   ev/simsec=456.972
     Messages:  created: 145371   present: 641   in FES: 6
** Event #1161472   t=4118.239256926651   Elapsed: 4118.19s (1h 08m)  65% completed  (65% total)
     Speed:     ev/sec=495.93   simsec/sec=1.00333   ev/simsec=494.284
     Messages:  created: 145498   present: 639   in FES: 6
** Event #1162496   t=4120.868049565396   Elapsed: 4120.82s (1h 08m)  65% completed  (65% total)
     Speed:     ev/sec=389.682   simsec/sec=1.00038   ev/simsec=389.532
     Messages:  created: 145611   present: 609   in FES: 6
** Event #1163520   t=4123.120732769144   Elapsed: 4123.07s (1h 08m)  65% completed  (65% total)
     Speed:     ev/sec=454.805   simsec/sec=1.00052   ev/simsec=454.569
     Messages:  created: 145739   present: 609   in FES: 6
** Event #1164544   t=4125.362121535964   Elapsed: 4125.31s (1h 08m)  65% completed  (65% total)
     Speed:     ev/sec=455.868   simsec/sec=0.99783   ev/simsec=456.86
     Messages:  created: 145865   present: 605   in FES: 6
** Event #1165568   t=4127.631230460185   Elapsed: 4127.59s (1h 08m)  65% completed  (65% total)
     Speed:     ev/sec=450.747   simsec/sec=0.998823   ev/simsec=451.278
     Messages:  created: 145988   present: 595   in FES: 6
** Event #1166592   t=4129.65873245061   Elapsed: 4129.61s (1h 08m)  65% completed  (65% total)
     Speed:     ev/sec=505.652   simsec/sec=1.00118   ev/simsec=505.055
     Messages:  created: 146119   present: 601   in FES: 6
** Event #1167872   t=4131.871910965484   Elapsed: 4131.82s (1h 08m)  65% completed  (65% total)
     Speed:     ev/sec=578.477   simsec/sec=1.00021   ev/simsec=578.354
     Messages:  created: 146292   present: 627   in FES: 6
** Event #1168896   t=4134.18340943162   Elapsed: 4134.14s (1h 08m)  65% completed  (65% total)
     Speed:     ev/sec=443.145   simsec/sec=1.00032   ev/simsec=443.003
     Messages:  created: 146428   present: 643   in FES: 6
** Event #1170176   t=4136.439510611887   Elapsed: 4136.4s (1h 08m)  65% completed  (65% total)
     Speed:     ev/sec=563.911   simsec/sec=0.993938   ev/simsec=567.35
     Messages:  created: 146598   present: 663   in FES: 6
** Event #1171456   t=4138.887315959491   Elapsed: 4138.85s (1h 08m)  65% completed  (65% total)
     Speed:     ev/sec=524.152   simsec/sec=1.00236   ev/simsec=522.917
     Messages:  created: 146766   present: 679   in FES: 6
** Event #1172480   t=4141.087489510014   Elapsed: 4141.03s (1h 09m)  65% completed  (65% total)
     Speed:     ev/sec=468.323   simsec/sec=1.00624   ev/simsec=465.418
     Messages:  created: 146897   present: 686   in FES: 7
t=4142.666108 executing setDimmer(0.1)
** Event #1173504   t=4143.109933184366   Elapsed: 4143.06s (1h 09m)  65% completed  (65% total)
     Speed:     ev/sec=506.316   simsec/sec=0.999996   ev/simsec=506.318
     Messages:  created: 147021   present: 679   in FES: 8
** Event #1176832   t=4145.263746565536   Elapsed: 4145.21s (1h 09m)  65% completed  (65% total)
     Speed:     ev/sec=1545.17   simsec/sec=1   ev/simsec=1545.17
     Messages:  created: 147180   present: 149   in FES: 7
** Event #1178112   t=4147.34748449294   Elapsed: 4147.29s (1h 09m)  65% completed  (65% total)
     Speed:     ev/sec=614.281   simsec/sec=1   ev/simsec=614.281
     Messages:  created: 147290   present: 16   in FES: 6
** Event #1179648   t=4149.451587324336   Elapsed: 4149.4s (1h 09m)  65% completed  (65% total)
     Speed:     ev/sec=730.003   simsec/sec=1   ev/simsec=730.002
     Messages:  created: 147479   present: 8   in FES: 5
** Event #1180672   t=4151.637222335505   Elapsed: 4151.58s (1h 09m)  65% completed  (65% total)
     Speed:     ev/sec=468.513   simsec/sec=0.999998   ev/simsec=468.514
     Messages:  created: 147607   present: 8   in FES: 5
** Event #1181952   t=4154.100918118547   Elapsed: 4154.05s (1h 09m)  65% completed  (65% total)
     Speed:     ev/sec=519.545   simsec/sec=1   ev/simsec=519.545
     Messages:  created: 147767   present: 8   in FES: 5
** Event #1183232   t=4156.240962860394   Elapsed: 4156.19s (1h 09m)  65% completed  (65% total)
     Speed:     ev/sec=598.117   simsec/sec=0.999998   ev/simsec=598.118
     Messages:  created: 147927   present: 8   in FES: 5
** Event #1184512   t=4158.644042967194   Elapsed: 4158.59s (1h 09m)  66% completed  (66% total)
     Speed:     ev/sec=532.649   simsec/sec=0.999998   ev/simsec=532.65
     Messages:  created: 148087   present: 8   in FES: 5
** Event #1185536   t=4160.838334652388   Elapsed: 4160.78s (1h 09m)  66% completed  (66% total)
     Speed:     ev/sec=466.667   simsec/sec=1   ev/simsec=466.665
     Messages:  created: 148215   present: 8   in FES: 5
** Event #1186816   t=4162.939296518269   Elapsed: 4162.89s (1h 09m)  66% completed  (66% total)
     Speed:     ev/sec=609.172   simsec/sec=0.99988   ev/simsec=609.245
     Messages:  created: 148375   present: 9   in FES: 6
** Event #1188352   t=4165.083308390613   Elapsed: 4165.03s (1h 09m)  66% completed  (66% total)
     Speed:     ev/sec=716.499   simsec/sec=1.00012   ev/simsec=716.414
     Messages:  created: 148567   present: 8   in FES: 5
** Event #1189376   t=4167.327986639479   Elapsed: 4167.27s (1h 09m)  66% completed  (66% total)
     Speed:     ev/sec=456.189   simsec/sec=0.999998   ev/simsec=456.19
     Messages:  created: 148695   present: 8   in FES: 5
** Event #1190400   t=4169.530078158385   Elapsed: 4169.48s (1h 09m)  66% completed  (66% total)
     Speed:     ev/sec=465.013   simsec/sec=1   ev/simsec=465.012
     Messages:  created: 148823   present: 8   in FES: 5
** Event #1191680   t=4172.09633509513   Elapsed: 4172.04s (1h 09m)  66% completed  (66% total)
     Speed:     ev/sec=498.781   simsec/sec=1   ev/simsec=498.781
     Messages:  created: 148983   present: 8   in FES: 5
** Event #1192704   t=4174.551399551047   Elapsed: 4174.5s (1h 09m)  66% completed  (66% total)
     Speed:     ev/sec=417.098   simsec/sec=1   ev/simsec=417.097
     Messages:  created: 149111   present: 8   in FES: 5
** Event #1193728   t=4177.118627093653   Elapsed: 4177.06s (1h 09m)  66% completed  (66% total)
     Speed:     ev/sec=398.873   simsec/sec=0.999998   ev/simsec=398.874
     Messages:  created: 149239   present: 8   in FES: 5
** Event #1194752   t=4179.487560922158   Elapsed: 4179.43s (1h 09m)  66% completed  (66% total)
     Speed:     ev/sec=432.217   simsec/sec=0.999897   ev/simsec=432.262
     Messages:  created: 149367   present: 9   in FES: 6
** Event #1196288   t=4182.06467803652   Elapsed: 4182.01s (1h 09m)  66% completed  (66% total)
     Speed:     ev/sec=595.758   simsec/sec=0.99957   ev/simsec=596.015
     Messages:  created: 149559   present: 9   in FES: 6
** Event #1197312   t=4184.578353537498   Elapsed: 4184.52s (1h 09m)  66% completed  (66% total)
     Speed:     ev/sec=407.592   simsec/sec=1.00054   ev/simsec=407.372
     Messages:  created: 149687   present: 8   in FES: 5
** Event #1198592   t=4186.754171027852   Elapsed: 4186.7s (1h 09m)  66% completed  (66% total)
     Speed:     ev/sec=588.284   simsec/sec=1   ev/simsec=588.285
     Messages:  created: 149847   present: 8   in FES: 5
** Event #1199616   t=4188.954760959618   Elapsed: 4188.9s (1h 09m)  66% completed  (66% total)
     Speed:     ev/sec=465.329   simsec/sec=0.999998   ev/simsec=465.33
     Messages:  created: 149975   present: 8   in FES: 5
** Event #1200896   t=4191.335165655926   Elapsed: 4191.28s (1h 09m)  66% completed  (66% total)
     Speed:     ev/sec=537.518   simsec/sec=0.999617   ev/simsec=537.724
     Messages:  created: 150135   present: 9   in FES: 6
** Event #1201664   t=4193.510898230653   Elapsed: 4193.46s (1h 09m)  66% completed  (66% total)
     Speed:     ev/sec=353.133   simsec/sec=1.00042   ev/simsec=352.985
     Messages:  created: 150231   present: 8   in FES: 5
** Event #1203200   t=4196.091204214091   Elapsed: 4196.04s (1h 09m)  66% completed  (66% total)
     Speed:     ev/sec=595.279   simsec/sec=1   ev/simsec=595.278
     Messages:  created: 150423   present: 8   in FES: 5
** Event #1204480   t=4198.17176539824   Elapsed: 4198.12s (1h 09m)  66% completed  (66% total)
     Speed:     ev/sec=615.218   simsec/sec=0.999998   ev/simsec=615.219
     Messages:  created: 150583   present: 8   in FES: 5
** Event #1205760   t=4200.333109818845   Elapsed: 4200.28s (1h 10m)  66% completed  (66% total)
     Speed:     ev/sec=592.223   simsec/sec=0.999999   ev/simsec=592.224
     Messages:  created: 150742   present: 8   in FES: 5
** Event #1206784   t=4202.454249571696   Elapsed: 4202.4s (1h 10m)  66% completed  (66% total)
     Speed:     ev/sec=482.655   simsec/sec=0.999784   ev/simsec=482.759
     Messages:  created: 150870   present: 8   in FES: 5
t=4202.763788 executing setDimmer(0.3)
** Event #1207552   t=4204.643974477705   Elapsed: 4204.59s (1h 10m)  66% completed  (66% total)
     Speed:     ev/sec=350.576   simsec/sec=0.999563   ev/simsec=350.729
     Messages:  created: 150967   present: 11   in FES: 6
** Event #1208320   t=4206.925702877668   Elapsed: 4206.87s (1h 10m)  66% completed  (66% total)
     Speed:     ev/sec=336.796   simsec/sec=1.00062   ev/simsec=336.587
     Messages:  created: 151062   present: 8   in FES: 5
** Event #1209088   t=4209.370886448044   Elapsed: 4209.32s (1h 10m)  66% completed  (66% total)
     Speed:     ev/sec=314.087   simsec/sec=1   ev/simsec=314.087
     Messages:  created: 151158   present: 9   in FES: 6
** Event #1210112   t=4211.528153406262   Elapsed: 4211.47s (1h 10m)  66% completed  (66% total)
     Speed:     ev/sec=474.674   simsec/sec=1   ev/simsec=474.675
     Messages:  created: 151286   present: 9   in FES: 6
** Event #1210880   t=4213.790604803085   Elapsed: 4213.74s (1h 10m)  66% completed  (66% total)
     Speed:     ev/sec=339.454   simsec/sec=0.999999   ev/simsec=339.455
     Messages:  created: 151382   present: 9   in FES: 6
** Event #1211648   t=4215.911406135571   Elapsed: 4215.86s (1h 10m)  66% completed  (66% total)
     Speed:     ev/sec=361.936   simsec/sec=0.999471   ev/simsec=362.127
     Messages:  created: 151479   present: 11   in FES: 6
** Event #1212672   t=4217.91500364242   Elapsed: 4217.86s (1h 10m)  66% completed  (66% total)
     Speed:     ev/sec=511.368   simsec/sec=1.00056   ev/simsec=511.081
     Messages:  created: 151606   present: 8   in FES: 5
** Event #1213440   t=4220.427925481354   Elapsed: 4220.37s (1h 10m)  66% completed  (66% total)
     Speed:     ev/sec=305.62   simsec/sec=1   ev/simsec=305.62
     Messages:  created: 151703   present: 10   in FES: 6
** Event #1214208   t=4222.469798287387   Elapsed: 4222.42s (1h 10m)  67% completed  (67% total)
     Speed:     ev/sec=375.91   simsec/sec=0.999428   ev/simsec=376.125
     Messages:  created: 151799   present: 11   in FES: 6
** Event #1215232   t=4224.625522938868   Elapsed: 4224.57s (1h 10m)  67% completed  (67% total)
     Speed:     ev/sec=475.275   simsec/sec=1.00055   ev/simsec=475.014
     Messages:  created: 151926   present: 9   in FES: 6
** Event #1216256   t=4227.961986590696   Elapsed: 4227.91s (1h 10m)  67% completed  (67% total)
     Speed:     ev/sec=306.908   simsec/sec=0.999986   ev/simsec=306.912
     Messages:  created: 152054   present: 8   in FES: 5
** Event #1217280   t=4230.377241237605   Elapsed: 4230.32s (1h 10m)  67% completed  (67% total)
     Speed:     ev/sec=423.978   simsec/sec=1.00001   ev/simsec=423.972
     Messages:  created: 152182   present: 8   in FES: 5
** Event #1218048   t=4232.443617635212   Elapsed: 4232.39s (1h 10m)  67% completed  (67% total)
     Speed:     ev/sec=371.665   simsec/sec=1   ev/simsec=371.665
     Messages:  created: 152278   present: 8   in FES: 5
** Event #1218816   t=4234.954678701461   Elapsed: 4234.9s (1h 10m)  67% completed  (67% total)
     Speed:     ev/sec=305.847   simsec/sec=1   ev/simsec=305.847
     Messages:  created: 152374   present: 8   in FES: 5
** Event #1219584   t=4237.49929963051   Elapsed: 4237.45s (1h 10m)  67% completed  (67% total)
     Speed:     ev/sec=301.813   simsec/sec=1   ev/simsec=301.813
     Messages:  created: 152470   present: 9   in FES: 6
** Event #1220608   t=4239.52791020363   Elapsed: 4239.48s (1h 10m)  67% completed  (67% total)
     Speed:     ev/sec=504.154   simsec/sec=0.998763   ev/simsec=504.779
     Messages:  created: 152599   present: 11   in FES: 6
** Event #1222144   t=4241.611248613812   Elapsed: 4241.56s (1h 10m)  67% completed  (67% total)
     Speed:     ev/sec=738.17   simsec/sec=1.00121   ev/simsec=737.278
     Messages:  created: 152790   present: 9   in FES: 6
** Event #1223168   t=4243.848434336391   Elapsed: 4243.79s (1h 10m)  67% completed  (67% total)
     Speed:     ev/sec=457.716   simsec/sec=0.999996   ev/simsec=457.718
     Messages:  created: 152918   present: 9   in FES: 6
** Event #1224192   t=4246.217215745712   Elapsed: 4246.16s (1h 10m)  67% completed  (67% total)
     Speed:     ev/sec=432.291   simsec/sec=1   ev/simsec=432.29
     Messages:  created: 153046   present: 8   in FES: 5
** Event #1225216   t=4248.601524961341   Elapsed: 4248.55s (1h 10m)  67% completed  (67% total)
     Speed:     ev/sec=429.475   simsec/sec=1   ev/simsec=429.474
     Messages:  created: 153174   present: 9   in FES: 6
** Event #1227520   t=4250.795209016203   Elapsed: 4250.74s (1h 10m)  67% completed  (67% total)
     Speed:     ev/sec=1050.29   simsec/sec=0.999997   ev/simsec=1050.29
     Messages:  created: 153471   present: 31   in FES: 7
** Event #1229568   t=4253.188339478382   Elapsed: 4253.13s (1h 10m)  67% completed  (67% total)
     Speed:     ev/sec=855.783   simsec/sec=1   ev/simsec=855.783
     Messages:  created: 153719   present: 10   in FES: 6
** Event #1231104   t=4255.49336814231   Elapsed: 4255.44s (1h 10m)  67% completed  (67% total)
     Speed:     ev/sec=666.369   simsec/sec=0.999999   ev/simsec=666.369
     Messages:  created: 153910   present: 9   in FES: 6
** Event #1232896   t=4257.614830926721   Elapsed: 4257.56s (1h 10m)  67% completed  (67% total)
     Speed:     ev/sec=844.7   simsec/sec=0.999999   ev/simsec=844.7
     Messages:  created: 154135   present: 10   in FES: 7
** Event #1234688   t=4259.909656882006   Elapsed: 4259.86s (1h 10m)  67% completed  (67% total)
     Speed:     ev/sec=780.887   simsec/sec=1   ev/simsec=780.887
     Messages:  created: 154358   present: 8   in FES: 5
** Event #1236224   t=4261.911337597472   Elapsed: 4261.86s (1h 11m)  67% completed  (67% total)
     Speed:     ev/sec=767.358   simsec/sec=1   ev/simsec=767.355
     Messages:  created: 154549   present: 8   in FES: 5
t=4262.922479 executing addServer()
adding server with latency=60
** Event #1237504   t=4263.928647840241   Elapsed: 4263.87s (1h 11m)  67% completed  (67% total)
     Speed:     ev/sec=634.507   simsec/sec=0.999998   ev/simsec=634.508
     Messages:  created: 154712   present: 11   in FES: 7
** Event #1238528   t=4266.178850311805   Elapsed: 4266.12s (1h 11m)  67% completed  (67% total)
     Speed:     ev/sec=455.07   simsec/sec=1   ev/simsec=455.07
     Messages:  created: 154839   present: 10   in FES: 6
** Event #1239552   t=4268.464890556765   Elapsed: 4268.41s (1h 11m)  67% completed  (67% total)
     Speed:     ev/sec=447.935   simsec/sec=0.999998   ev/simsec=447.936
     Messages:  created: 154968   present: 13   in FES: 7
** Event #1241344   t=4270.501748173775   Elapsed: 4270.45s (1h 11m)  67% completed  (67% total)
     Speed:     ev/sec=879.789   simsec/sec=1   ev/simsec=879.787
     Messages:  created: 155192   present: 13   in FES: 8
** Event #1242880   t=4272.934387442523   Elapsed: 4272.88s (1h 11m)  67% completed  (67% total)
     Speed:     ev/sec=631.413   simsec/sec=1   ev/simsec=631.413
     Messages:  created: 155383   present: 10   in FES: 6
** Event #1244416   t=4275.275473914571   Elapsed: 4275.22s (1h 11m)  67% completed  (67% total)
     Speed:     ev/sec=656.105   simsec/sec=1   ev/simsec=656.106
     Messages:  created: 155576   present: 11   in FES: 7
** Event #1245440   t=4277.98927355115   Elapsed: 4277.94s (1h 11m)  67% completed  (67% total)
     Speed:     ev/sec=377.33   simsec/sec=0.999998   ev/simsec=377.331
     Messages:  created: 155703   present: 10   in FES: 6
** Event #1246464   t=4280.990442598753   Elapsed: 4280.94s (1h 11m)  67% completed  (67% total)
     Speed:     ev/sec=341.201   simsec/sec=1   ev/simsec=341.2
     Messages:  created: 155832   present: 11   in FES: 7
** Event #1248256   t=4283.195388861267   Elapsed: 4283.15s (1h 11m)  67% completed  (67% total)
     Speed:     ev/sec=807.778   simsec/sec=0.993921   ev/simsec=812.718
     Messages:  created: 156060   present: 23   in FES: 7
** Event #1249536   t=4285.506386075931   Elapsed: 4285.45s (1h 11m)  68% completed  (68% total)
     Speed:     ev/sec=557.122   simsec/sec=1.00587   ev/simsec=553.873
     Messages:  created: 156216   present: 11   in FES: 7
** Event #1251072   t=4287.839780554389   Elapsed: 4287.79s (1h 11m)  68% completed  (68% total)
     Speed:     ev/sec=658.269   simsec/sec=1   ev/simsec=658.268
     Messages:  created: 156408   present: 11   in FES: 7
** Event #1253120   t=4289.962432235795   Elapsed: 4289.91s (1h 11m)  68% completed  (68% total)
     Speed:     ev/sec=963.635   simsec/sec=0.99876   ev/simsec=964.831
     Messages:  created: 156665   present: 15   in FES: 6
** Event #1254656   t=4292.381008538967   Elapsed: 4292.33s (1h 11m)  68% completed  (68% total)
     Speed:     ev/sec=635.777   simsec/sec=1.00109   ev/simsec=635.084
     Messages:  created: 156855   present: 10   in FES: 6
** Event #1255680   t=4294.794170871233   Elapsed: 4294.74s (1h 11m)  68% completed  (68% total)
     Speed:     ev/sec=424.34   simsec/sec=1   ev/simsec=424.339
     Messages:  created: 156983   present: 10   in FES: 6
** Event #1256704   t=4296.959763112809   Elapsed: 4296.91s (1h 11m)  68% completed  (68% total)
     Speed:     ev/sec=472.851   simsec/sec=1   ev/simsec=472.85
     Messages:  created: 157112   present: 12   in FES: 7
** Event #1257728   t=4299.016428888203   Elapsed: 4298.96s (1h 11m)  68% completed  (68% total)
     Speed:     ev/sec=497.892   simsec/sec=0.999998   ev/simsec=497.893
     Messages:  created: 157240   present: 12   in FES: 7
** Event #1259264   t=4301.64608927888   Elapsed: 4301.59s (1h 11m)  68% completed  (68% total)
     Speed:     ev/sec=584.106   simsec/sec=1   ev/simsec=584.106
     Messages:  created: 157432   present: 11   in FES: 7
** Event #1260800   t=4303.786254820816   Elapsed: 4303.73s (1h 11m)  68% completed  (68% total)
     Speed:     ev/sec=717.702   simsec/sec=1   ev/simsec=717.701
     Messages:  created: 157624   present: 13   in FES: 7
** Event #1262336   t=4305.889677813282   Elapsed: 4305.84s (1h 11m)  68% completed  (68% total)
     Speed:     ev/sec=730.237   simsec/sec=0.999999   ev/simsec=730.238
     Messages:  created: 157815   present: 10   in FES: 6
** Event #1263360   t=4308.210389913943   Elapsed: 4308.16s (1h 11m)  68% completed  (68% total)
     Speed:     ev/sec=441.243   simsec/sec=0.999999   ev/simsec=441.244
     Messages:  created: 157943   present: 10   in FES: 6
** Event #1264640   t=4310.470236509656   Elapsed: 4310.42s (1h 11m)  68% completed  (68% total)
     Speed:     ev/sec=566.41   simsec/sec=1   ev/simsec=566.41
     Messages:  created: 158104   present: 12   in FES: 7
** Event #1265408   t=4312.697982219116   Elapsed: 4312.64s (1h 11m)  68% completed  (68% total)
     Speed:     ev/sec=344.744   simsec/sec=1   ev/simsec=344.743
     Messages:  created: 158199   present: 10   in FES: 6
** Event #1266688   t=4314.947439537555   Elapsed: 4314.89s (1h 11m)  68% completed  (68% total)
     Speed:     ev/sec=569.026   simsec/sec=1   ev/simsec=569.026
     Messages:  created: 158360   present: 12   in FES: 7
** Event #1267968   t=4317.379427309057   Elapsed: 4317.33s (1h 11m)  68% completed  (68% total)
     Speed:     ev/sec=526.317   simsec/sec=0.999998   ev/simsec=526.318
     Messages:  created: 158520   present: 12   in FES: 7
** Event #1268992   t=4319.756010054596   Elapsed: 4319.7s (1h 11m)  68% completed  (68% total)
     Speed:     ev/sec=430.871   simsec/sec=1   ev/simsec=430.871
     Messages:  created: 158648   present: 11   in FES: 7
** Event #1269504   t=4321.795637047384   Elapsed: 4321.74s (1h 12m)  68% completed  (68% total)
     Speed:     ev/sec=251.026   simsec/sec=1   ev/simsec=251.026
     Messages:  created: 158711   present: 11   in FES: 7
t=4322.922479 addServer() complete
** Event #1270528   t=4324.142485754616   Elapsed: 4324.09s (1h 12m)  68% completed  (68% total)
     Speed:     ev/sec=436.33   simsec/sec=1   ev/simsec=436.33
     Messages:  created: 158839   present: 10   in FES: 6
** Event #1271808   t=4326.466713639358   Elapsed: 4326.41s (1h 12m)  68% completed  (68% total)
     Speed:     ev/sec=550.722   simsec/sec=1   ev/simsec=550.721
     Messages:  created: 159000   present: 12   in FES: 7
** Event #1273088   t=4328.581957837405   Elapsed: 4328.53s (1h 12m)  68% completed  (68% total)
     Speed:     ev/sec=605.13   simsec/sec=0.999999   ev/simsec=605.131
     Messages:  created: 159160   present: 12   in FES: 8
** Event #1274112   t=4331.102812537871   Elapsed: 4331.05s (1h 12m)  68% completed  (68% total)
     Speed:     ev/sec=406.212   simsec/sec=1   ev/simsec=406.211
     Messages:  created: 159287   present: 10   in FES: 6
** Event #1275136   t=4333.257730196631   Elapsed: 4333.2s (1h 12m)  68% completed  (68% total)
     Speed:     ev/sec=475.191   simsec/sec=0.999998   ev/simsec=475.192
     Messages:  created: 159416   present: 12   in FES: 7
** Event #1276160   t=4335.449250337341   Elapsed: 4335.43s (1h 12m)  68% completed  (68% total)
     Speed:     ev/sec=460.363   simsec/sec=0.985248   ev/simsec=467.256
     Messages:  created: 159542   present: 8   in FES: 4
** Event #1276928   t=4337.931443855956   Elapsed: 4337.88s (1h 12m)  68% completed  (68% total)
     Speed:     ev/sec=313.43   simsec/sec=1.01301   ev/simsec=309.404
     Messages:  created: 159638   present: 8   in FES: 4
** Event #1277696   t=4339.965973609658   Elapsed: 4339.91s (1h 12m)  68% completed  (68% total)
     Speed:     ev/sec=377.655   simsec/sec=1.00046   ev/simsec=377.483
     Messages:  created: 159735   present: 11   in FES: 7
** Event #1278976   t=4342.395579406346   Elapsed: 4342.34s (1h 12m)  68% completed  (68% total)
     Speed:     ev/sec=526.835   simsec/sec=1   ev/simsec=526.834
     Messages:  created: 159896   present: 13   in FES: 7
** Event #1279744   t=4344.393955778698   Elapsed: 4344.46s (1h 12m)  68% completed  (68% total)
     Speed:     ev/sec=363.052   simsec/sec=0.944681   ev/simsec=384.312
     Messages:  created: 159990   present: 8   in FES: 4
** Event #1280512   t=4346.534046669493   Elapsed: 4346.48s (1h 12m)  68% completed  (68% total)
     Speed:     ev/sec=379.615   simsec/sec=1.05783   ev/simsec=358.863
     Messages:  created: 160087   present: 10   in FES: 6
** Event #1281280   t=4348.808598938373   Elapsed: 4348.75s (1h 12m)  69% completed  (69% total)
     Speed:     ev/sec=337.653   simsec/sec=1.00001   ev/simsec=337.649
     Messages:  created: 160183   present: 10   in FES: 6
** Event #1282560   t=4351.065588901417   Elapsed: 4351.01s (1h 12m)  69% completed  (69% total)
     Speed:     ev/sec=567.127   simsec/sec=1   ev/simsec=567.127
     Messages:  created: 160344   present: 12   in FES: 7
** Event #1283584   t=4353.323390808557   Elapsed: 4353.27s (1h 12m)  69% completed  (69% total)
     Speed:     ev/sec=453.538   simsec/sec=1   ev/simsec=453.538
     Messages:  created: 160471   present: 11   in FES: 7
** Event #1284352   t=4355.720296306826   Elapsed: 4355.69s (1h 12m)  69% completed  (69% total)
     Speed:     ev/sec=317.821   simsec/sec=0.991911   ev/simsec=320.413
     Messages:  created: 160566   present: 8   in FES: 4
** Event #1285120   t=4358.646058390167   Elapsed: 4358.62s (1h 12m)  69% completed  (69% total)
     Speed:     ev/sec=262.001   simsec/sec=0.998114   ev/simsec=262.496
     Messages:  created: 160662   present: 8   in FES: 4
** Event #1286656   t=4360.887357317503   Elapsed: 4360.83s (1h 12m)  69% completed  (69% total)
     Speed:     ev/sec=693.07   simsec/sec=1.01131   ev/simsec=685.317
     Messages:  created: 160856   present: 13   in FES: 7
** Event #1287680   t=4363.060410977605   Elapsed: 4363.01s (1h 12m)  69% completed  (69% total)
     Speed:     ev/sec=471.227   simsec/sec=1   ev/simsec=471.226
     Messages:  created: 160983   present: 10   in FES: 6
** Event #1288960   t=4365.498062957834   Elapsed: 4365.44s (1h 12m)  69% completed  (69% total)
     Speed:     ev/sec=525.095   simsec/sec=1   ev/simsec=525.095
     Messages:  created: 161143   present: 10   in FES: 6
** Event #1290240   t=4368.154004574334   Elapsed: 4368.1s (1h 12m)  69% completed  (69% total)
     Speed:     ev/sec=481.939   simsec/sec=1   ev/simsec=481.938
     Messages:  created: 161304   present: 13   in FES: 7
** Event #1291264   t=4370.468138017181   Elapsed: 4370.41s (1h 12m)  69% completed  (69% total)
     Speed:     ev/sec=442.497   simsec/sec=0.999997   ev/simsec=442.498
     Messages:  created: 161431   present: 10   in FES: 6
** Event #1292288   t=4372.786257461635   Elapsed: 4372.73s (1h 12m)  69% completed  (69% total)
     Speed:     ev/sec=441.738   simsec/sec=1   ev/simsec=441.737
     Messages:  created: 161559   present: 10   in FES: 6
** Event #1293568   t=4375.198667325078   Elapsed: 4375.15s (1h 12m)  69% completed  (69% total)
     Speed:     ev/sec=529.325   simsec/sec=0.997616   ev/simsec=530.59
     Messages:  created: 161718   present: 8   in FES: 4
** Event #1294592   t=4377.632595709841   Elapsed: 4377.58s (1h 12m)  69% completed  (69% total)
     Speed:     ev/sec=421.716   simsec/sec=1.00237   ev/simsec=420.719
     Messages:  created: 161847   present: 10   in FES: 6
** Event #1296128   t=4379.706759964953   Elapsed: 4379.65s (1h 12m)  69% completed  (69% total)
     Speed:     ev/sec=740.543   simsec/sec=1.00001   ev/simsec=740.539
     Messages:  created: 162040   present: 14   in FES: 7
** Event #1297152   t=4382.33305406702   Elapsed: 4382.28s (1h 13m)  69% completed  (69% total)
     Speed:     ev/sec=389.902   simsec/sec=0.999998   ev/simsec=389.903
     Messages:  created: 162166   present: 10   in FES: 6
t=4383.5407 executing setDimmer(0.1)
** Event #1298432   t=4385.056609721439   Elapsed: 4385s (1h 13m)  69% completed  (69% total)
     Speed:     ev/sec=469.972   simsec/sec=0.999997   ev/simsec=469.974
     Messages:  created: 162326   present: 9   in FES: 5
** Event #1299200   t=4387.063174726574   Elapsed: 4387.01s (1h 13m)  69% completed  (69% total)
     Speed:     ev/sec=382.048   simsec/sec=0.998182   ev/simsec=382.744
     Messages:  created: 162422   present: 10   in FES: 6
** Event #1299968   t=4389.338646240754   Elapsed: 4389.29s (1h 13m)  69% completed  (69% total)
     Speed:     ev/sec=337.97   simsec/sec=1.00136   ev/simsec=337.512
     Messages:  created: 162518   present: 10   in FES: 6
** Event #1300992   t=4391.564337993385   Elapsed: 4391.51s (1h 13m)  69% completed  (69% total)
     Speed:     ev/sec=459.938   simsec/sec=0.999689   ev/simsec=460.082
     Messages:  created: 162646   present: 10   in FES: 6
** Event #1301760   t=4393.804320700998   Elapsed: 4393.75s (1h 13m)  69% completed  (69% total)
     Speed:     ev/sec=343.056   simsec/sec=1.00057   ev/simsec=342.86
     Messages:  created: 162742   present: 9   in FES: 5
** Event #1302528   t=4396.071126089995   Elapsed: 4396.02s (1h 13m)  69% completed  (69% total)
     Speed:     ev/sec=338.802   simsec/sec=0.999998   ev/simsec=338.803
     Messages:  created: 162838   present: 9   in FES: 5
** Event #1303296   t=4398.310265300058   Elapsed: 4398.26s (1h 13m)  69% completed  (69% total)
     Speed:     ev/sec=342.989   simsec/sec=1   ev/simsec=342.989
     Messages:  created: 162934   present: 9   in FES: 5
** Event #1304576   t=4400.471797659311   Elapsed: 4400.42s (1h 13m)  69% completed  (69% total)
     Speed:     ev/sec=591.939   simsec/sec=0.999606   ev/simsec=592.172
     Messages:  created: 163094   present: 10   in FES: 6
** Event #1305600   t=4402.597242980526   Elapsed: 4402.54s (1h 13m)  69% completed  (69% total)
     Speed:     ev/sec=481.975   simsec/sec=1.0004   ev/simsec=481.781
     Messages:  created: 163222   present: 9   in FES: 5
** Event #1306880   t=4405.169646656073   Elapsed: 4405.12s (1h 13m)  69% completed  (69% total)
     Speed:     ev/sec=497.589   simsec/sec=1   ev/simsec=497.589
     Messages:  created: 163382   present: 9   in FES: 5
** Event #1308160   t=4407.787502096934   Elapsed: 4407.73s (1h 13m)  69% completed  (69% total)
     Speed:     ev/sec=488.95   simsec/sec=0.999999   ev/simsec=488.95
     Messages:  created: 163542   present: 9   in FES: 5
** Event #1309440   t=4409.955286702817   Elapsed: 4409.91s (1h 13m)  69% completed  (69% total)
     Speed:     ev/sec=588.47   simsec/sec=0.996622   ev/simsec=590.465
     Messages:  created: 163702   present: 10   in FES: 6
** Event #1310976   t=4412.368758564863   Elapsed: 4412.31s (1h 13m)  70% completed  (70% total)
     Speed:     ev/sec=638.371   simsec/sec=1.00305   ev/simsec=636.428
     Messages:  created: 163894   present: 9   in FES: 5
** Event #1312000   t=4414.774765796519   Elapsed: 4414.72s (1h 13m)  70% completed  (70% total)
     Speed:     ev/sec=425.368   simsec/sec=0.999452   ev/simsec=425.601
     Messages:  created: 164022   present: 10   in FES: 6
** Event #1313280   t=4416.790226761429   Elapsed: 4416.74s (1h 13m)  70% completed  (70% total)
     Speed:     ev/sec=635.508   simsec/sec=1.00066   ev/simsec=635.09
     Messages:  created: 164182   present: 9   in FES: 5
** Event #1314304   t=4419.333646131766   Elapsed: 4419.28s (1h 13m)  70% completed  (70% total)
     Speed:     ev/sec=402.607   simsec/sec=0.999998   ev/simsec=402.608
     Messages:  created: 164310   present: 9   in FES: 5
** Event #1315328   t=4421.53814178254   Elapsed: 4421.48s (1h 13m)  70% completed  (70% total)
     Speed:     ev/sec=464.505   simsec/sec=1   ev/simsec=464.505
     Messages:  created: 164438   present: 9   in FES: 5
** Event #1316352   t=4423.840545977299   Elapsed: 4423.79s (1h 13m)  70% completed  (70% total)
     Speed:     ev/sec=444.728   simsec/sec=0.999946   ev/simsec=444.752
     Messages:  created: 164566   present: 10   in FES: 6
** Event #1317120   t=4426.4702792273   Elapsed: 4426.42s (1h 13m)  70% completed  (70% total)
     Speed:     ev/sec=292.058   simsec/sec=1.00005   ev/simsec=292.045
     Messages:  created: 164663   present: 12   in FES: 8
** Event #1317632   t=4434.502479875062   Elapsed: 4434.45s (1h 13m)  70% completed  (70% total)
     Speed:     ev/sec=63.7427   simsec/sec=0.999989   ev/simsec=63.7434
     Messages:  created: 164726   present: 9   in FES: 5
** Event #1318656   t=4436.603071455268   Elapsed: 4436.55s (1h 13m)  70% completed  (70% total)
     Speed:     ev/sec=487.501   simsec/sec=1.00004   ev/simsec=487.482
     Messages:  created: 164854   present: 9   in FES: 5
** Event #1319680   t=4438.675351527324   Elapsed: 4438.62s (1h 13m)  70% completed  (70% total)
     Speed:     ev/sec=494.144   simsec/sec=1   ev/simsec=494.142
     Messages:  created: 164982   present: 9   in FES: 5
** Event #1321216   t=4441.143911213858   Elapsed: 4441.09s (1h 14m)  70% completed  (70% total)
     Speed:     ev/sec=622.199   simsec/sec=0.999959   ev/simsec=622.225
     Messages:  created: 165173   present: 9   in FES: 5
t=4443.837354 executing removeServer()
scheduled complete remove at 4443.837354
** Event #1322240   t=4443.914367842622   Elapsed: 4443.87s (1h 14m)  70% completed  (70% total)
     Speed:     ev/sec=368.42   simsec/sec=0.996769   ev/simsec=369.614
     Messages:  created: 165303   present: 8   in FES: 5
** Event #1323264   t=4445.929509911062   Elapsed: 4445.88s (1h 14m)  70% completed  (70% total)
     Speed:     ev/sec=510.455   simsec/sec=1.00453   ev/simsec=508.153
     Messages:  created: 165431   present: 8   in FES: 5
** Event #1324800   t=4448.499061867936   Elapsed: 4448.45s (1h 14m)  70% completed  (70% total)
     Speed:     ev/sec=597.769   simsec/sec=0.999999   ev/simsec=597.77
     Messages:  created: 165623   present: 8   in FES: 5
** Event #1326592   t=4450.654373073117   Elapsed: 4450.6s (1h 14m)  70% completed  (70% total)
     Speed:     ev/sec=831.432   simsec/sec=0.999997   ev/simsec=831.434
     Messages:  created: 165848   present: 11   in FES: 6
** Event #1327872   t=4452.678210566115   Elapsed: 4452.62s (1h 14m)  70% completed  (70% total)
     Speed:     ev/sec=632.463   simsec/sec=1   ev/simsec=632.462
     Messages:  created: 166007   present: 8   in FES: 5
** Event #1329152   t=4455.190060967842   Elapsed: 4455.14s (1h 14m)  70% completed  (70% total)
     Speed:     ev/sec=509.585   simsec/sec=1   ev/simsec=509.584
     Messages:  created: 166167   present: 8   in FES: 5
** Event #1330688   t=4457.257402894984   Elapsed: 4457.2s (1h 14m)  70% completed  (70% total)
     Speed:     ev/sec=742.981   simsec/sec=0.999998   ev/simsec=742.983
     Messages:  created: 166359   present: 8   in FES: 5
** Event #1331968   t=4459.546597689873   Elapsed: 4459.49s (1h 14m)  70% completed  (70% total)
     Speed:     ev/sec=559.149   simsec/sec=1   ev/simsec=559.149
     Messages:  created: 166519   present: 8   in FES: 5
** Event #1333248   t=4461.785439360588   Elapsed: 4461.73s (1h 14m)  70% completed  (70% total)
     Speed:     ev/sec=571.724   simsec/sec=0.999999   ev/simsec=571.724
     Messages:  created: 166679   present: 8   in FES: 5
** Event #1334528   t=4464.661639901406   Elapsed: 4464.61s (1h 14m)  70% completed  (70% total)
     Speed:     ev/sec=445.032   simsec/sec=1   ev/simsec=445.032
     Messages:  created: 166839   present: 8   in FES: 5
** Event #1335296   t=4466.685018846352   Elapsed: 4466.63s (1h 14m)  70% completed  (70% total)
     Speed:     ev/sec=379.563   simsec/sec=0.999999   ev/simsec=379.563
     Messages:  created: 166935   present: 9   in FES: 6
** Event #1336576   t=4469.290760056585   Elapsed: 4469.24s (1h 14m)  70% completed  (70% total)
     Speed:     ev/sec=491.224   simsec/sec=1   ev/simsec=491.223
     Messages:  created: 167095   present: 9   in FES: 6
** Event #1337600   t=4471.800052556944   Elapsed: 4471.75s (1h 14m)  70% completed  (70% total)
     Speed:     ev/sec=408.083   simsec/sec=1   ev/simsec=408.083
     Messages:  created: 167223   present: 8   in FES: 5
** Event #1338624   t=4474.155654793328   Elapsed: 4474.1s (1h 14m)  71% completed  (71% total)
     Speed:     ev/sec=434.709   simsec/sec=1   ev/simsec=434.708
     Messages:  created: 167351   present: 9   in FES: 6
** Event #1339648   t=4476.407845728039   Elapsed: 4476.35s (1h 14m)  71% completed  (71% total)
     Speed:     ev/sec=454.667   simsec/sec=0.999998   ev/simsec=454.668
     Messages:  created: 167479   present: 9   in FES: 6
** Event #1340928   t=4478.599057728523   Elapsed: 4478.55s (1h 14m)  71% completed  (71% total)
     Speed:     ev/sec=584.152   simsec/sec=1   ev/simsec=584.152
     Messages:  created: 167639   present: 8   in FES: 5
** Event #1342464   t=4480.853942205184   Elapsed: 4480.8s (1h 14m)  71% completed  (71% total)
     Speed:     ev/sec=681.189   simsec/sec=1   ev/simsec=681.188
     Messages:  created: 167831   present: 9   in FES: 6
** Event #1343744   t=4482.920531172154   Elapsed: 4482.87s (1h 14m)  71% completed  (71% total)
     Speed:     ev/sec=619.377   simsec/sec=0.999998   ev/simsec=619.378
     Messages:  created: 167991   present: 8   in FES: 5
** Event #1344768   t=4485.176876953379   Elapsed: 4485.12s (1h 14m)  71% completed  (71% total)
     Speed:     ev/sec=453.831   simsec/sec=1   ev/simsec=453.831
     Messages:  created: 168119   present: 8   in FES: 5
** Event #1346048   t=4487.240866082296   Elapsed: 4487.19s (1h 14m)  71% completed  (71% total)
     Speed:     ev/sec=620.159   simsec/sec=1   ev/simsec=620.158
     Messages:  created: 168280   present: 10   in FES: 7
** Event #1347072   t=4489.889593868961   Elapsed: 4489.84s (1h 14m)  71% completed  (71% total)
     Speed:     ev/sec=386.6   simsec/sec=0.999999   ev/simsec=386.601
     Messages:  created: 168407   present: 8   in FES: 5
** Event #1348096   t=4492.369436225099   Elapsed: 4492.32s (1h 14m)  71% completed  (71% total)
     Speed:     ev/sec=412.927   simsec/sec=0.999993   ev/simsec=412.929
     Messages:  created: 168535   present: 8   in FES: 5
** Event #1349120   t=4494.557494258474   Elapsed: 4494.5s (1h 14m)  71% completed  (71% total)
     Speed:     ev/sec=467.999   simsec/sec=1.00001   ev/simsec=467.995
     Messages:  created: 168663   present: 9   in FES: 6
** Event #1350144   t=4496.867088901871   Elapsed: 4496.81s (1h 14m)  71% completed  (71% total)
     Speed:     ev/sec=443.367   simsec/sec=0.999999   ev/simsec=443.368
     Messages:  created: 168791   present: 9   in FES: 6
** Event #1351424   t=4499.194525572543   Elapsed: 4499.14s (1h 14m)  71% completed  (71% total)
     Speed:     ev/sec=549.962   simsec/sec=1   ev/simsec=549.961
     Messages:  created: 168951   present: 9   in FES: 6
** Event #1352448   t=4502.349351413228   Elapsed: 4502.3s (1h 15m)  71% completed  (71% total)
     Speed:     ev/sec=324.582   simsec/sec=1   ev/simsec=324.582
     Messages:  created: 169079   present: 9   in FES: 6
t=4502.710093 executing removeServer()
scheduled complete remove at 4502.710093
** Event #1353216   t=4504.408009726479   Elapsed: 4504.35s (1h 15m)  71% completed  (71% total)
     Speed:     ev/sec=373.059   simsec/sec=1   ev/simsec=373.059
     Messages:  created: 169176   present: 8   in FES: 6
** Event #1354240   t=4506.451026068027   Elapsed: 4506.4s (1h 15m)  71% completed  (71% total)
     Speed:     ev/sec=501.219   simsec/sec=0.999998   ev/simsec=501.22
     Messages:  created: 169304   present: 8   in FES: 6
** Event #1355520   t=4508.563726451123   Elapsed: 4508.52s (1h 15m)  71% completed  (71% total)
     Speed:     ev/sec=603.701   simsec/sec=0.996437   ev/simsec=605.86
     Messages:  created: 169465   present: 10   in FES: 5
** Event #1356800   t=4511.484269595223   Elapsed: 4511.43s (1h 15m)  71% completed  (71% total)
     Speed:     ev/sec=439.411   simsec/sec=1.00259   ev/simsec=438.275
     Messages:  created: 169624   present: 7   in FES: 5
** Event #1357824   t=4513.702797568611   Elapsed: 4513.65s (1h 15m)  71% completed  (71% total)
     Speed:     ev/sec=461.568   simsec/sec=1   ev/simsec=461.567
     Messages:  created: 169753   present: 9   in FES: 6
** Event #1358848   t=4516.268008901822   Elapsed: 4516.21s (1h 15m)  71% completed  (71% total)
     Speed:     ev/sec=399.187   simsec/sec=1   ev/simsec=399.187
     Messages:  created: 169880   present: 7   in FES: 5
** Event #1359872   t=4518.924484611451   Elapsed: 4518.87s (1h 15m)  71% completed  (71% total)
     Speed:     ev/sec=385.473   simsec/sec=0.999999   ev/simsec=385.473
     Messages:  created: 170008   present: 7   in FES: 5
** Event #1360640   t=4521.144594890395   Elapsed: 4521.09s (1h 15m)  71% completed  (71% total)
     Speed:     ev/sec=345.93   simsec/sec=1   ev/simsec=345.929
     Messages:  created: 170104   present: 8   in FES: 6
** Event #1361664   t=4523.563925573129   Elapsed: 4523.51s (1h 15m)  71% completed  (71% total)
     Speed:     ev/sec=423.256   simsec/sec=0.999997   ev/simsec=423.258
     Messages:  created: 170232   present: 7   in FES: 5
** Event #1362688   t=4525.996258040006   Elapsed: 4525.94s (1h 15m)  71% completed  (71% total)
     Speed:     ev/sec=420.995   simsec/sec=1   ev/simsec=420.995
     Messages:  created: 170360   present: 7   in FES: 5
** Event #1363968   t=4528.073739537671   Elapsed: 4528.02s (1h 15m)  71% completed  (71% total)
     Speed:     ev/sec=616.132   simsec/sec=1   ev/simsec=616.131
     Messages:  created: 170520   present: 8   in FES: 6
** Event #1365248   t=4530.57647576469   Elapsed: 4530.52s (1h 15m)  71% completed  (71% total)
     Speed:     ev/sec=511.44   simsec/sec=1   ev/simsec=511.44
     Messages:  created: 170680   present: 8   in FES: 6
** Event #1366528   t=4532.595762747885   Elapsed: 4532.54s (1h 15m)  71% completed  (71% total)
     Speed:     ev/sec=633.885   simsec/sec=0.999996   ev/simsec=633.887
     Messages:  created: 170840   present: 8   in FES: 6
** Event #1367808   t=4535.311316958583   Elapsed: 4535.26s (1h 15m)  71% completed  (71% total)
     Speed:     ev/sec=471.359   simsec/sec=1   ev/simsec=471.359
     Messages:  created: 171000   present: 7   in FES: 5
** Event #1368576   t=4537.387677926702   Elapsed: 4537.33s (1h 15m)  72% completed  (72% total)
     Speed:     ev/sec=369.878   simsec/sec=1   ev/simsec=369.878
     Messages:  created: 171096   present: 7   in FES: 5
** Event #1369856   t=4539.41319692122   Elapsed: 4539.36s (1h 15m)  72% completed  (72% total)
     Speed:     ev/sec=631.936   simsec/sec=0.999999   ev/simsec=631.937
     Messages:  created: 171256   present: 7   in FES: 5
** Event #1370624   t=4541.738904975132   Elapsed: 4541.68s (1h 15m)  72% completed  (72% total)
     Speed:     ev/sec=330.222   simsec/sec=1   ev/simsec=330.222
     Messages:  created: 171352   present: 7   in FES: 5
** Event #1371392   t=4544.743564892875   Elapsed: 4544.69s (1h 15m)  72% completed  (72% total)
     Speed:     ev/sec=255.603   simsec/sec=0.999999   ev/simsec=255.603
     Messages:  created: 171448   present: 7   in FES: 5
** Event #1372160   t=4546.832517955804   Elapsed: 4546.78s (1h 15m)  72% completed  (72% total)
     Speed:     ev/sec=367.648   simsec/sec=1   ev/simsec=367.648
     Messages:  created: 171544   present: 7   in FES: 5
** Event #1373184   t=4548.918810540597   Elapsed: 4548.86s (1h 15m)  72% completed  (72% total)
     Speed:     ev/sec=490.823   simsec/sec=1   ev/simsec=490.823
     Messages:  created: 171672   present: 7   in FES: 5
** Event #1374208   t=4551.694254907916   Elapsed: 4551.64s (1h 15m)  72% completed  (72% total)
     Speed:     ev/sec=368.951   simsec/sec=1   ev/simsec=368.95
     Messages:  created: 171800   present: 8   in FES: 6
** Event #1374976   t=4553.808604345825   Elapsed: 4553.75s (1h 15m)  72% completed  (72% total)
     Speed:     ev/sec=363.223   simsec/sec=0.999973   ev/simsec=363.232
     Messages:  created: 171896   present: 7   in FES: 5
** Event #1376000   t=4555.965055866448   Elapsed: 4555.91s (1h 15m)  72% completed  (72% total)
     Speed:     ev/sec=474.867   simsec/sec=1.00003   ev/simsec=474.854
     Messages:  created: 172024   present: 7   in FES: 5
** Event #1377024   t=4558.028886351165   Elapsed: 4557.97s (1h 15m)  72% completed  (72% total)
     Speed:     ev/sec=496.163   simsec/sec=0.999997   ev/simsec=496.165
     Messages:  created: 172152   present: 7   in FES: 5
** Event #1378048   t=4560.060270843311   Elapsed: 4560.01s (1h 16m)  72% completed  (72% total)
     Speed:     ev/sec=504.09   simsec/sec=1   ev/simsec=504.09
     Messages:  created: 172280   present: 7   in FES: 5
** Event #1379072   t=4562.119301827434   Elapsed: 4562.07s (1h 16m)  72% completed  (72% total)
     Speed:     ev/sec=497.321   simsec/sec=1   ev/simsec=497.321
     Messages:  created: 172407   present: 7   in FES: 5
t=4562.888799 executing setDimmer(0.3)
** Event #1380352   t=4564.55963030352   Elapsed: 4564.51s (1h 16m)  72% completed  (72% total)
     Speed:     ev/sec=524.521   simsec/sec=1   ev/simsec=524.52
     Messages:  created: 172568   present: 10   in FES: 6
** Event #1381376   t=4566.839432461026   Elapsed: 4566.79s (1h 16m)  72% completed  (72% total)
     Speed:     ev/sec=449.161   simsec/sec=0.999999   ev/simsec=449.162
     Messages:  created: 172697   present: 11   in FES: 6
** Event #1382144   t=4569.334816622061   Elapsed: 4569.28s (1h 16m)  72% completed  (72% total)
     Speed:     ev/sec=307.768   simsec/sec=0.999999   ev/simsec=307.768
     Messages:  created: 172791   present: 7   in FES: 5
** Event #1383680   t=4571.774006791845   Elapsed: 4571.72s (1h 16m)  72% completed  (72% total)
     Speed:     ev/sec=629.719   simsec/sec=1   ev/simsec=629.717
     Messages:  created: 172983   present: 7   in FES: 5
** Event #1384448   t=4573.892840453506   Elapsed: 4573.84s (1h 16m)  72% completed  (72% total)
     Speed:     ev/sec=362.463   simsec/sec=0.999999   ev/simsec=362.464
     Messages:  created: 173080   present: 8   in FES: 6
** Event #1385472   t=4576.146787622456   Elapsed: 4576.09s (1h 16m)  72% completed  (72% total)
     Speed:     ev/sec=454.313   simsec/sec=0.999998   ev/simsec=454.314
     Messages:  created: 173207   present: 7   in FES: 5
** Event #1386240   t=4578.227264768948   Elapsed: 4578.17s (1h 16m)  72% completed  (72% total)
     Speed:     ev/sec=369.146   simsec/sec=1   ev/simsec=369.146
     Messages:  created: 173304   present: 9   in FES: 6
** Event #1387264   t=4580.377004207777   Elapsed: 4580.32s (1h 16m)  72% completed  (72% total)
     Speed:     ev/sec=476.337   simsec/sec=1   ev/simsec=476.337
     Messages:  created: 173431   present: 7   in FES: 5
** Event #1388032   t=4582.460510354327   Elapsed: 4582.41s (1h 16m)  72% completed  (72% total)
     Speed:     ev/sec=368.609   simsec/sec=1   ev/simsec=368.609
     Messages:  created: 173528   present: 9   in FES: 6
** Event #1389312   t=4584.749336923625   Elapsed: 4584.7s (1h 16m)  72% completed  (72% total)
     Speed:     ev/sec=559.239   simsec/sec=1   ev/simsec=559.239
     Messages:  created: 173688   present: 8   in FES: 6
** Event #1390080   t=4586.867989559669   Elapsed: 4586.81s (1h 16m)  72% completed  (72% total)
     Speed:     ev/sec=362.494   simsec/sec=0.999999   ev/simsec=362.495
     Messages:  created: 173786   present: 14   in FES: 6
** Event #1390848   t=4589.515902334867   Elapsed: 4589.46s (1h 16m)  72% completed  (72% total)
     Speed:     ev/sec=290.044   simsec/sec=1.00001   ev/simsec=290.04
     Messages:  created: 173879   present: 7   in FES: 5
** Event #1391360   t=4591.781961231772   Elapsed: 4591.73s (1h 16m)  72% completed  (72% total)
     Speed:     ev/sec=225.939   simsec/sec=0.999985   ev/simsec=225.943
     Messages:  created: 173944   present: 8   in FES: 6
** Event #1391872   t=4593.974038356697   Elapsed: 4593.92s (1h 16m)  72% completed  (72% total)
     Speed:     ev/sec=233.569   simsec/sec=1   ev/simsec=233.568
     Messages:  created: 174008   present: 9   in FES: 6
** Event #1393152   t=4596.308481993846   Elapsed: 4596.25s (1h 16m)  72% completed  (72% total)
     Speed:     ev/sec=548.309   simsec/sec=0.999996   ev/simsec=548.311
     Messages:  created: 174168   present: 9   in FES: 6
** Event #1394432   t=4598.804153843301   Elapsed: 4598.75s (1h 16m)  72% completed  (72% total)
     Speed:     ev/sec=512.888   simsec/sec=1   ev/simsec=512.888
     Messages:  created: 174328   present: 8   in FES: 6
** Event #1395456   t=4601.177002866311   Elapsed: 4601.12s (1h 16m)  73% completed  (73% total)
     Speed:     ev/sec=431.549   simsec/sec=1   ev/simsec=431.549
     Messages:  created: 174458   present: 15   in FES: 6
** Event #1396736   t=4603.374379120179   Elapsed: 4603.32s (1h 16m)  73% completed  (73% total)
     Speed:     ev/sec=582.513   simsec/sec=1   ev/simsec=582.513
     Messages:  created: 174616   present: 8   in FES: 6
** Event #1398016   t=4605.611501338537   Elapsed: 4605.56s (1h 16m)  73% completed  (73% total)
     Speed:     ev/sec=572.162   simsec/sec=0.999998   ev/simsec=572.164
     Messages:  created: 174779   present: 17   in FES: 6
** Event #1399296   t=4607.866948277984   Elapsed: 4607.81s (1h 16m)  73% completed  (73% total)
     Speed:     ev/sec=567.518   simsec/sec=1   ev/simsec=567.515
     Messages:  created: 174936   present: 9   in FES: 6
** Event #1400320   t=4610.031906738111   Elapsed: 4609.98s (1h 16m)  73% completed  (73% total)
     Speed:     ev/sec=472.996   simsec/sec=1.00002   ev/simsec=472.988
     Messages:  created: 175065   present: 11   in FES: 6
** Event #1401856   t=4612.270468619273   Elapsed: 4612.22s (1h 16m)  73% completed  (73% total)
     Speed:     ev/sec=686.144   simsec/sec=0.999984   ev/simsec=686.155
     Messages:  created: 175256   present: 9   in FES: 6
** Event #1403392   t=4614.521343448915   Elapsed: 4614.48s (1h 16m)  73% completed  (73% total)
     Speed:     ev/sec=679.129   simsec/sec=0.995204   ev/simsec=682.401
     Messages:  created: 175449   present: 12   in FES: 5
** Event #1404416   t=4616.806697568342   Elapsed: 4616.75s (1h 16m)  73% completed  (73% total)
     Speed:     ev/sec=450.208   simsec/sec=1.00477   ev/simsec=448.071
     Messages:  created: 175575   present: 7   in FES: 5
** Event #1405440   t=4619.003522346555   Elapsed: 4618.95s (1h 16m)  73% completed  (73% total)
     Speed:     ev/sec=466.127   simsec/sec=0.999999   ev/simsec=466.127
     Messages:  created: 175704   present: 8   in FES: 6
** Event #1406464   t=4621.646177479371   Elapsed: 4621.59s (1h 17m)  73% completed  (73% total)
     Speed:     ev/sec=387.489   simsec/sec=0.999999   ev/simsec=387.489
     Messages:  created: 175831   present: 7   in FES: 5
t=4622.80906 executing addServer()
adding server with latency=60
** Event #1407488   t=4623.802482983747   Elapsed: 4623.75s (1h 17m)  73% completed  (73% total)
     Speed:     ev/sec=474.888   simsec/sec=1   ev/simsec=474.886
     Messages:  created: 175961   present: 11   in FES: 7
** Event #1408768   t=4626.05716243232   Elapsed: 4626s (1h 17m)  73% completed  (73% total)
     Speed:     ev/sec=567.707   simsec/sec=0.999997   ev/simsec=567.708
     Messages:  created: 176121   present: 11   in FES: 7
** Event #1409792   t=4628.175425346848   Elapsed: 4628.16s (1h 17m)  73% completed  (73% total)
     Speed:     ev/sec=474.398   simsec/sec=0.981347   ev/simsec=483.415
     Messages:  created: 176248   present: 8   in FES: 5
** Event #1411072   t=4630.485293785259   Elapsed: 4630.43s (1h 17m)  73% completed  (73% total)
     Speed:     ev/sec=563.975   simsec/sec=1.01774   ev/simsec=554.144
     Messages:  created: 176412   present: 19   in FES: 7
** Event #1412096   t=4632.497060034759   Elapsed: 4632.44s (1h 17m)  73% completed  (73% total)
     Speed:     ev/sec=509.005   simsec/sec=1   ev/simsec=509.005
     Messages:  created: 176537   present: 10   in FES: 7
** Event #1412864   t=4634.553577901021   Elapsed: 4634.5s (1h 17m)  73% completed  (73% total)
     Speed:     ev/sec=373.447   simsec/sec=0.999999   ev/simsec=373.447
     Messages:  created: 176633   present: 10   in FES: 7
** Event #1413888   t=4637.11985590803   Elapsed: 4637.07s (1h 17m)  73% completed  (73% total)
     Speed:     ev/sec=399.021   simsec/sec=1   ev/simsec=399.021
     Messages:  created: 176761   present: 10   in FES: 7
** Event #1415168   t=4639.468555417804   Elapsed: 4639.41s (1h 17m)  73% completed  (73% total)
     Speed:     ev/sec=544.983   simsec/sec=1   ev/simsec=544.982
     Messages:  created: 176921   present: 10   in FES: 7
** Event #1416448   t=4641.536653257802   Elapsed: 4641.49s (1h 17m)  73% completed  (73% total)
     Speed:     ev/sec=617.828   simsec/sec=0.998226   ev/simsec=618.926
     Messages:  created: 177086   present: 24   in FES: 6
** Event #1417472   t=4643.934572522043   Elapsed: 4643.88s (1h 17m)  73% completed  (73% total)
     Speed:     ev/sec=427.693   simsec/sec=1.00154   ev/simsec=427.037
     Messages:  created: 177209   present: 10   in FES: 7
** Event #1418240   t=4646.046787392739   Elapsed: 4646s (1h 17m)  73% completed  (73% total)
     Speed:     ev/sec=362.642   simsec/sec=0.997368   ev/simsec=363.599
     Messages:  created: 177304   present: 8   in FES: 5
** Event #1419264   t=4648.380564784638   Elapsed: 4648.33s (1h 17m)  73% completed  (73% total)
     Speed:     ev/sec=439.824   simsec/sec=1.00239   ev/simsec=438.774
     Messages:  created: 177433   present: 10   in FES: 7
** Event #1420288   t=4650.640674047852   Elapsed: 4650.59s (1h 17m)  73% completed  (73% total)
     Speed:     ev/sec=453.076   simsec/sec=1   ev/simsec=453.075
     Messages:  created: 177561   present: 11   in FES: 7
** Event #1421056   t=4653.040574025368   Elapsed: 4652.99s (1h 17m)  73% completed  (73% total)
     Speed:     ev/sec=320.013   simsec/sec=0.999998   ev/simsec=320.013
     Messages:  created: 177658   present: 12   in FES: 7
** Event #1421824   t=4655.162295993218   Elapsed: 4655.11s (1h 17m)  73% completed  (73% total)
     Speed:     ev/sec=361.97   simsec/sec=1   ev/simsec=361.97
     Messages:  created: 177753   present: 10   in FES: 7
** Event #1422848   t=4657.841552716772   Elapsed: 4657.79s (1h 17m)  73% completed  (73% total)
     Speed:     ev/sec=382.196   simsec/sec=1   ev/simsec=382.196
     Messages:  created: 177881   present: 10   in FES: 7
** Event #1423616   t=4660.13545432691   Elapsed: 4660.08s (1h 17m)  73% completed  (73% total)
     Speed:     ev/sec=334.801   simsec/sec=1   ev/simsec=334.801
     Messages:  created: 177977   present: 10   in FES: 7
** Event #1424640   t=4662.131644916514   Elapsed: 4662.09s (1h 17m)  74% completed  (74% total)
     Speed:     ev/sec=509.69   simsec/sec=0.993591   ev/simsec=512.977
     Messages:  created: 178110   present: 24   in FES: 6
** Event #1425664   t=4664.852404358901   Elapsed: 4664.83s (1h 17m)  74% completed  (74% total)
     Speed:     ev/sec=374.127   simsec/sec=0.994052   ev/simsec=376.366
     Messages:  created: 178232   present: 8   in FES: 5
** Event #1426688   t=4666.926262015559   Elapsed: 4666.87s (1h 17m)  74% completed  (74% total)
     Speed:     ev/sec=500.805   simsec/sec=1.01426   ev/simsec=493.766
     Messages:  created: 178364   present: 18   in FES: 7
** Event #1427712   t=4668.993365362236   Elapsed: 4668.94s (1h 17m)  74% completed  (74% total)
     Speed:     ev/sec=495.069   simsec/sec=0.999374   ev/simsec=495.379
     Messages:  created: 178488   present: 8   in FES: 5
** Event #1428736   t=4671.554294631011   Elapsed: 4671.5s (1h 17m)  74% completed  (74% total)
     Speed:     ev/sec=400.058   simsec/sec=1.00051   ev/simsec=399.855
     Messages:  created: 178618   present: 14   in FES: 7
** Event #1429504   t=4674.117736004645   Elapsed: 4674.07s (1h 17m)  74% completed  (74% total)
     Speed:     ev/sec=299.201   simsec/sec=0.998678   ev/simsec=299.597
     Messages:  created: 178712   present: 8   in FES: 5
** Event #1430272   t=4676.824808787925   Elapsed: 4676.77s (1h 17m)  74% completed  (74% total)
     Speed:     ev/sec=284.057   simsec/sec=1.00126   ev/simsec=283.701
     Messages:  created: 178809   present: 10   in FES: 7
** Event #1431552   t=4679.133560097695   Elapsed: 4679.08s (1h 17m)  74% completed  (74% total)
     Speed:     ev/sec=554.412   simsec/sec=1   ev/simsec=554.412
     Messages:  created: 178972   present: 18   in FES: 7
** Event #1432576   t=4681.14549956095   Elapsed: 4681.11s (1h 18m)  74% completed  (74% total)
     Speed:     ev/sec=503.793   simsec/sec=0.989845   ev/simsec=508.962
     Messages:  created: 179101   present: 23   in FES: 6
t=4682.80906 addServer() complete
** Event #1434112   t=4683.792039101275   Elapsed: 4683.74s (1h 18m)  74% completed  (74% total)
     Speed:     ev/sec=584.942   simsec/sec=1.00786   ev/simsec=580.381
     Messages:  created: 179288   present: 8   in FES: 5
** Event #1435136   t=4685.916797891512   Elapsed: 4685.86s (1h 18m)  74% completed  (74% total)
     Speed:     ev/sec=481.937   simsec/sec=1   ev/simsec=481.937
     Messages:  created: 179416   present: 8   in FES: 5
** Event #1436160   t=4688.156557388113   Elapsed: 4688.1s (1h 18m)  74% completed  (74% total)
     Speed:     ev/sec=457.147   simsec/sec=0.999902   ev/simsec=457.192
     Messages:  created: 179544   present: 9   in FES: 6
** Event #1437184   t=4690.875244534105   Elapsed: 4690.82s (1h 18m)  74% completed  (74% total)
     Speed:     ev/sec=376.683   simsec/sec=1.00008   ev/simsec=376.652
     Messages:  created: 179672   present: 8   in FES: 5
** Event #1438208   t=4693.296920346192   Elapsed: 4693.24s (1h 18m)  74% completed  (74% total)
     Speed:     ev/sec=422.834   simsec/sec=0.999968   ev/simsec=422.848
     Messages:  created: 179800   present: 9   in FES: 6
** Event #1439488   t=4695.792037119169   Elapsed: 4695.74s (1h 18m)  74% completed  (74% total)
     Speed:     ev/sec=513.017   simsec/sec=1.00003   ev/simsec=513.002
     Messages:  created: 179960   present: 8   in FES: 5
** Event #1440256   t=4699.06668446139   Elapsed: 4699.01s (1h 18m)  74% completed  (74% total)
     Speed:     ev/sec=234.529   simsec/sec=1   ev/simsec=234.529
     Messages:  created: 180056   present: 8   in FES: 5
** Event #1441536   t=4702.047708558909   Elapsed: 4701.99s (1h 18m)  74% completed  (74% total)
     Speed:     ev/sec=429.244   simsec/sec=0.999676   ev/simsec=429.383
     Messages:  created: 180216   present: 9   in FES: 6
** Event #1442560   t=4705.294593689052   Elapsed: 4705.24s (1h 18m)  74% completed  (74% total)
     Speed:     ev/sec=315.473   simsec/sec=1.0003   ev/simsec=315.379
     Messages:  created: 180344   present: 8   in FES: 5
** Event #1443328   t=4707.652130143638   Elapsed: 4707.6s (1h 18m)  74% completed  (74% total)
     Speed:     ev/sec=325.762   simsec/sec=0.999993   ev/simsec=325.764
     Messages:  created: 180440   present: 8   in FES: 5
** Event #1444096   t=4710.009182155831   Elapsed: 4709.96s (1h 18m)  74% completed  (74% total)
     Speed:     ev/sec=325.833   simsec/sec=1.00001   ev/simsec=325.831
     Messages:  created: 180536   present: 8   in FES: 5
** Event #1444864   t=4712.581930309448   Elapsed: 4712.53s (1h 18m)  74% completed  (74% total)
     Speed:     ev/sec=298.513   simsec/sec=1   ev/simsec=298.513
     Messages:  created: 180632   present: 8   in FES: 5
** Event #1445632   t=4714.6295572253   Elapsed: 4714.59s (1h 18m)  74% completed  (74% total)
     Speed:     ev/sec=373.02   simsec/sec=0.99454   ev/simsec=375.068
     Messages:  created: 180728   present: 9   in FES: 5
** Event #1446400   t=4716.820920151472   Elapsed: 4716.77s (1h 18m)  74% completed  (74% total)
     Speed:     ev/sec=352.152   simsec/sec=1.00481   ev/simsec=350.467
     Messages:  created: 180824   present: 9   in FES: 6
** Event #1447168   t=4719.449560287419   Elapsed: 4719.4s (1h 18m)  74% completed  (74% total)
     Speed:     ev/sec=291.231   simsec/sec=0.996798   ev/simsec=292.166
     Messages:  created: 180920   present: 9   in FES: 5
** Event #1448192   t=4721.920967770484   Elapsed: 4721.87s (1h 18m)  74% completed  (74% total)
     Speed:     ev/sec=415.668   simsec/sec=1.00321   ev/simsec=414.339
     Messages:  created: 181048   present: 9   in FES: 6
** Event #1449216   t=4724.231275089395   Elapsed: 4724.18s (1h 18m)  74% completed  (74% total)
     Speed:     ev/sec=442.628   simsec/sec=0.998639   ev/simsec=443.231
     Messages:  created: 181176   present: 9   in FES: 5
** Event #1450240   t=4726.760652637213   Elapsed: 4726.72s (1h 18m)  75% completed  (75% total)
     Speed:     ev/sec=403.533   simsec/sec=0.996765   ev/simsec=404.843
     Messages:  created: 181304   present: 9   in FES: 6
** Event #1450496   t=4728.790172262576   Elapsed: 4728.74s (1h 18m)  75% completed  (75% total)
     Speed:     ev/sec=126.93   simsec/sec=1.00627   ev/simsec=126.138
     Messages:  created: 181336   present: 8   in FES: 5
** Event #1452800   t=4731.188648662857   Elapsed: 4731.13s (1h 18m)  75% completed  (75% total)
     Speed:     ev/sec=960.546   simsec/sec=0.999933   ev/simsec=960.61
     Messages:  created: 181624   present: 9   in FES: 6
** Event #1454080   t=4733.977992755837   Elapsed: 4733.92s (1h 18m)  75% completed  (75% total)
     Speed:     ev/sec=458.907   simsec/sec=1.00004   ev/simsec=458.889
     Messages:  created: 181784   present: 8   in FES: 5
** Event #1454848   t=4736.749859432538   Elapsed: 4736.7s (1h 18m)  75% completed  (75% total)
     Speed:     ev/sec=277.075   simsec/sec=1.00002   ev/simsec=277.07
     Messages:  created: 181880   present: 8   in FES: 5
** Event #1455616   t=4738.750321797755   Elapsed: 4738.7s (1h 18m)  75% completed  (75% total)
     Speed:     ev/sec=383.912   simsec/sec=1   ev/simsec=383.911
     Messages:  created: 181976   present: 8   in FES: 5
** Event #1456384   t=4741.084237462001   Elapsed: 4741.03s (1h 19m)  75% completed  (75% total)
     Speed:     ev/sec=328.873   simsec/sec=0.999428   ev/simsec=329.061
     Messages:  created: 182071   present: 8   in FES: 5
t=4742.947578 executing setDimmer(0.1)
** Event #1456896   t=4743.237497974415   Elapsed: 4743.18s (1h 19m)  75% completed  (75% total)
     Speed:     ev/sec=237.925   simsec/sec=1.00062   ev/simsec=237.779
     Messages:  created: 182135   present: 8   in FES: 5
** Event #1457664   t=4745.824528686196   Elapsed: 4745.77s (1h 19m)  75% completed  (75% total)
     Speed:     ev/sec=296.866   simsec/sec=1   ev/simsec=296.865
     Messages:  created: 182231   present: 8   in FES: 5
** Event #1458688   t=4747.968230684475   Elapsed: 4747.91s (1h 19m)  75% completed  (75% total)
     Speed:     ev/sec=477.681   simsec/sec=1.00001   ev/simsec=477.678
     Messages:  created: 182359   present: 9   in FES: 6
** Event #1460224   t=4750.153266375323   Elapsed: 4750.1s (1h 19m)  75% completed  (75% total)
     Speed:     ev/sec=702.962   simsec/sec=0.999998   ev/simsec=702.963
     Messages:  created: 182551   present: 8   in FES: 5
** Event #1461248   t=4752.421209021011   Elapsed: 4752.37s (1h 19m)  75% completed  (75% total)
     Speed:     ev/sec=451.511   simsec/sec=1   ev/simsec=451.511
     Messages:  created: 182679   present: 9   in FES: 6
** Event #1462784   t=4754.702933473679   Elapsed: 4754.65s (1h 19m)  75% completed  (75% total)
     Speed:     ev/sec=673.175   simsec/sec=0.999999   ev/simsec=673.175
     Messages:  created: 182871   present: 8   in FES: 5
** Event #1463808   t=4756.807134041928   Elapsed: 4756.75s (1h 19m)  75% completed  (75% total)
     Speed:     ev/sec=486.645   simsec/sec=0.999998   ev/simsec=486.646
     Messages:  created: 182999   present: 8   in FES: 5
** Event #1464576   t=4759.572652577932   Elapsed: 4759.52s (1h 19m)  75% completed  (75% total)
     Speed:     ev/sec=277.706   simsec/sec=1   ev/simsec=277.706
     Messages:  created: 183095   present: 8   in FES: 5
** Event #1465344   t=4762.13898223492   Elapsed: 4762.08s (1h 19m)  75% completed  (75% total)
     Speed:     ev/sec=299.26   simsec/sec=1   ev/simsec=299.26
     Messages:  created: 183192   present: 10   in FES: 6
** Event #1466624   t=4764.318556222601   Elapsed: 4764.26s (1h 19m)  75% completed  (75% total)
     Speed:     ev/sec=587.269   simsec/sec=0.999998   ev/simsec=587.271
     Messages:  created: 183351   present: 8   in FES: 5
** Event #1467392   t=4766.631499221189   Elapsed: 4766.58s (1h 19m)  75% completed  (75% total)
     Speed:     ev/sec=332.045   simsec/sec=1   ev/simsec=332.044
     Messages:  created: 183447   present: 8   in FES: 5
** Event #1468672   t=4769.19025435033   Elapsed: 4769.14s (1h 19m)  75% completed  (75% total)
     Speed:     ev/sec=500.243   simsec/sec=1   ev/simsec=500.243
     Messages:  created: 183607   present: 8   in FES: 5
** Event #1469696   t=4771.384449732908   Elapsed: 4771.33s (1h 19m)  75% completed  (75% total)
     Speed:     ev/sec=466.68   simsec/sec=0.999988   ev/simsec=466.686
     Messages:  created: 183735   present: 8   in FES: 5
** Event #1470464   t=4773.934426133553   Elapsed: 4773.88s (1h 19m)  75% completed  (75% total)
     Speed:     ev/sec=301.183   simsec/sec=1.00001   ev/simsec=301.179
     Messages:  created: 183831   present: 9   in FES: 6
** Event #1471232   t=4776.454553700963   Elapsed: 4776.4s (1h 19m)  75% completed  (75% total)
     Speed:     ev/sec=304.746   simsec/sec=0.999999   ev/simsec=304.746
     Messages:  created: 183927   present: 9   in FES: 6
** Event #1471744   t=4778.482056930878   Elapsed: 4778.43s (1h 19m)  75% completed  (75% total)
     Speed:     ev/sec=252.527   simsec/sec=0.999998   ev/simsec=252.527
     Messages:  created: 183991   present: 8   in FES: 5
** Event #1472512   t=4781.148825137724   Elapsed: 4781.09s (1h 19m)  75% completed  (75% total)
     Speed:     ev/sec=287.984   simsec/sec=0.999982   ev/simsec=287.989
     Messages:  created: 184087   present: 8   in FES: 5
** Event #1473024   t=4783.292578151704   Elapsed: 4783.24s (1h 19m)  75% completed  (75% total)
     Speed:     ev/sec=238.839   simsec/sec=1.00002   ev/simsec=238.833
     Messages:  created: 184151   present: 8   in FES: 5
** Event #1473536   t=4785.652614432304   Elapsed: 4785.6s (1h 19m)  75% completed  (75% total)
     Speed:     ev/sec=216.946   simsec/sec=1   ev/simsec=216.946
     Messages:  created: 184215   present: 8   in FES: 5
** Event #1474304   t=4787.975276761451   Elapsed: 4787.92s (1h 19m)  75% completed  (75% total)
     Speed:     ev/sec=330.656   simsec/sec=1   ev/simsec=330.655
     Messages:  created: 184311   present: 9   in FES: 6
** Event #1475584   t=4790.151678614241   Elapsed: 4790.1s (1h 19m)  76% completed  (76% total)
     Speed:     ev/sec=588.126   simsec/sec=0.999999   ev/simsec=588.127
     Messages:  created: 184471   present: 8   in FES: 5
** Event #1476864   t=4792.657075437255   Elapsed: 4792.6s (1h 19m)  76% completed  (76% total)
     Speed:     ev/sec=510.896   simsec/sec=0.999999   ev/simsec=510.897
     Messages:  created: 184631   present: 9   in FES: 6
** Event #1477888   t=4795.182899140228   Elapsed: 4795.13s (1h 19m)  76% completed  (76% total)
     Speed:     ev/sec=405.412   simsec/sec=1   ev/simsec=405.412
     Messages:  created: 184759   present: 8   in FES: 5
** Event #1478656   t=4797.551352463982   Elapsed: 4797.5s (1h 19m)  76% completed  (76% total)
     Speed:     ev/sec=324.262   simsec/sec=0.999998   ev/simsec=324.262
     Messages:  created: 184855   present: 8   in FES: 5
** Event #1479680   t=4799.765062229585   Elapsed: 4799.71s (1h 19m)  76% completed  (76% total)
     Speed:     ev/sec=462.573   simsec/sec=1   ev/simsec=462.572
     Messages:  created: 184983   present: 8   in FES: 5
** Event #1480704   t=4801.809221159179   Elapsed: 4801.76s (1h 20m)  76% completed  (76% total)
     Speed:     ev/sec=500.94   simsec/sec=1   ev/simsec=500.94
     Messages:  created: 185110   present: 8   in FES: 5
** Event #1482240   t=4804.128828948358   Elapsed: 4804.07s (1h 20m)  76% completed  (76% total)
     Speed:     ev/sec=662.181   simsec/sec=1   ev/simsec=662.181
     Messages:  created: 185302   present: 8   in FES: 5
** Event #1483264   t=4806.247466070524   Elapsed: 4806.19s (1h 20m)  76% completed  (76% total)
     Speed:     ev/sec=483.329   simsec/sec=0.999998   ev/simsec=483.33
     Messages:  created: 185430   present: 8   in FES: 5
** Event #1484288   t=4808.515857070432   Elapsed: 4808.46s (1h 20m)  76% completed  (76% total)
     Speed:     ev/sec=451.421   simsec/sec=1   ev/simsec=451.421
     Messages:  created: 185558   present: 8   in FES: 5
** Event #1485312   t=4810.545349927469   Elapsed: 4810.49s (1h 20m)  76% completed  (76% total)
     Speed:     ev/sec=504.559   simsec/sec=0.999999   ev/simsec=504.56
     Messages:  created: 185687   present: 9   in FES: 6
** Event #1486080   t=4812.660271387029   Elapsed: 4812.62s (1h 20m)  76% completed  (76% total)
     Speed:     ev/sec=360.821   simsec/sec=0.99363   ev/simsec=363.134
     Messages:  created: 185783   present: 10   in FES: 5
** Event #1487360   t=4814.989119771215   Elapsed: 4814.94s (1h 20m)  76% completed  (76% total)
     Speed:     ev/sec=552.844   simsec/sec=1.00585   ev/simsec=549.628
     Messages:  created: 185942   present: 8   in FES: 5
** Event #1488384   t=4817.113560420515   Elapsed: 4817.06s (1h 20m)  76% completed  (76% total)
     Speed:     ev/sec=482.013   simsec/sec=1.00001   ev/simsec=482.009
     Messages:  created: 186070   present: 8   in FES: 5
** Event #1489408   t=4819.120536012589   Elapsed: 4819.07s (1h 20m)  76% completed  (76% total)
     Speed:     ev/sec=510.218   simsec/sec=0.999996   ev/simsec=510.22
     Messages:  created: 186198   present: 8   in FES: 5
** Event #1490688   t=4821.284071694302   Elapsed: 4821.23s (1h 20m)  76% completed  (76% total)
     Speed:     ev/sec=591.625   simsec/sec=1   ev/simsec=591.624
     Messages:  created: 186358   present: 8   in FES: 5
** Event #1491968   t=4823.704349580936   Elapsed: 4823.65s (1h 20m)  76% completed  (76% total)
     Speed:     ev/sec=528.864   simsec/sec=0.999999   ev/simsec=528.865
     Messages:  created: 186519   present: 9   in FES: 6
** Event #1493504   t=4825.909312602321   Elapsed: 4825.86s (1h 20m)  76% completed  (76% total)
     Speed:     ev/sec=696.476   simsec/sec=0.999808   ev/simsec=696.61
     Messages:  created: 186711   present: 10   in FES: 6
** Event #1494528   t=4828.390471311481   Elapsed: 4828.34s (1h 20m)  76% completed  (76% total)
     Speed:     ev/sec=412.781   simsec/sec=1.00017   ev/simsec=412.71
     Messages:  created: 186839   present: 9   in FES: 6
** Event #1495808   t=4830.426174470392   Elapsed: 4830.37s (1h 20m)  76% completed  (76% total)
     Speed:     ev/sec=628.777   simsec/sec=1   ev/simsec=628.775
     Messages:  created: 186999   present: 9   in FES: 6
** Event #1497344   t=4832.791524794735   Elapsed: 4832.74s (1h 20m)  76% completed  (76% total)
     Speed:     ev/sec=649.374   simsec/sec=0.999998   ev/simsec=649.375
     Messages:  created: 187190   present: 8   in FES: 5
** Event #1498112   t=4835.028029974568   Elapsed: 4834.97s (1h 20m)  76% completed  (76% total)
     Speed:     ev/sec=343.394   simsec/sec=1   ev/simsec=343.393
     Messages:  created: 187286   present: 8   in FES: 5
** Event #1498880   t=4838.211575895248   Elapsed: 4838.16s (1h 20m)  76% completed  (76% total)
     Speed:     ev/sec=241.24   simsec/sec=1   ev/simsec=241.24
     Messages:  created: 187382   present: 8   in FES: 5
** Event #1499904   t=4840.78622396031   Elapsed: 4840.73s (1h 20m)  76% completed  (76% total)
     Speed:     ev/sec=397.723   simsec/sec=0.999998   ev/simsec=397.724
     Messages:  created: 187511   present: 9   in FES: 6
** Event #1500928   t=4843.439925401092   Elapsed: 4843.39s (1h 20m)  76% completed  (76% total)
     Speed:     ev/sec=385.876   simsec/sec=1   ev/simsec=385.876
     Messages:  created: 187638   present: 8   in FES: 5
** Event #1501696   t=4845.579748966815   Elapsed: 4845.53s (1h 20m)  76% completed  (76% total)
     Speed:     ev/sec=358.909   simsec/sec=1   ev/simsec=358.908
     Messages:  created: 187734   present: 8   in FES: 5
** Event #1502976   t=4847.988321267502   Elapsed: 4847.93s (1h 20m)  76% completed  (76% total)
     Speed:     ev/sec=531.435   simsec/sec=1   ev/simsec=531.435
     Messages:  created: 187895   present: 9   in FES: 6
** Event #1504256   t=4850.339366828089   Elapsed: 4850.29s (1h 20m)  76% completed  (76% total)
     Speed:     ev/sec=544.439   simsec/sec=1   ev/simsec=544.439
     Messages:  created: 188054   present: 8   in FES: 5
** Event #1505280   t=4852.431958918274   Elapsed: 4852.38s (1h 20m)  77% completed  (77% total)
     Speed:     ev/sec=489.345   simsec/sec=1   ev/simsec=489.345
     Messages:  created: 188182   present: 8   in FES: 5
** Event #1507072   t=4854.583977216992   Elapsed: 4854.53s (1h 20m)  77% completed  (77% total)
     Speed:     ev/sec=832.706   simsec/sec=1   ev/simsec=832.707
     Messages:  created: 188406   present: 8   in FES: 5
** Event #1508096   t=4856.988539695888   Elapsed: 4856.93s (1h 20m)  77% completed  (77% total)
     Speed:     ev/sec=425.858   simsec/sec=1   ev/simsec=425.857
     Messages:  created: 188534   present: 8   in FES: 5
** Event #1508864   t=4859.418110396417   Elapsed: 4859.36s (1h 20m)  77% completed  (77% total)
     Speed:     ev/sec=316.104   simsec/sec=0.999997   ev/simsec=316.105
     Messages:  created: 188631   present: 9   in FES: 6
** Event #1509632   t=4862.190163924008   Elapsed: 4862.14s (1h 21m)  77% completed  (77% total)
     Speed:     ev/sec=277.048   simsec/sec=0.999989   ev/simsec=277.051
     Messages:  created: 188726   present: 8   in FES: 5
t=4862.807776 executing setDimmer(0.5)
** Event #1510400   t=4864.194102849223   Elapsed: 4864.14s (1h 21m)  77% completed  (77% total)
     Speed:     ev/sec=383.251   simsec/sec=1.00001   ev/simsec=383.245
     Messages:  created: 188822   present: 9   in FES: 6
** Event #1511424   t=4866.392090428637   Elapsed: 4866.34s (1h 21m)  77% completed  (77% total)
     Speed:     ev/sec=465.88   simsec/sec=0.999998   ev/simsec=465.881
     Messages:  created: 188950   present: 8   in FES: 5
** Event #1512192   t=4868.587171736159   Elapsed: 4868.53s (1h 21m)  77% completed  (77% total)
     Speed:     ev/sec=349.874   simsec/sec=1   ev/simsec=349.873
     Messages:  created: 189046   present: 9   in FES: 6
** Event #1512960   t=4870.610664789077   Elapsed: 4870.56s (1h 21m)  77% completed  (77% total)
     Speed:     ev/sec=379.54   simsec/sec=0.999996   ev/simsec=379.542
     Messages:  created: 189142   present: 10   in FES: 6
** Event #1513728   t=4873.322342433224   Elapsed: 4873.27s (1h 21m)  77% completed  (77% total)
     Speed:     ev/sec=283.215   simsec/sec=0.999983   ev/simsec=283.22
     Messages:  created: 189238   present: 8   in FES: 5
** Event #1514496   t=4875.453873435784   Elapsed: 4875.4s (1h 21m)  77% completed  (77% total)
     Speed:     ev/sec=360.313   simsec/sec=1.00002   ev/simsec=360.304
     Messages:  created: 189334   present: 10   in FES: 6
** Event #1516032   t=4877.621365355007   Elapsed: 4877.57s (1h 21m)  77% completed  (77% total)
     Speed:     ev/sec=708.653   simsec/sec=1   ev/simsec=708.653
     Messages:  created: 189526   present: 9   in FES: 6
** Event #1517568   t=4880.078443890691   Elapsed: 4880.02s (1h 21m)  77% completed  (77% total)
     Speed:     ev/sec=625.134   simsec/sec=1   ev/simsec=625.133
     Messages:  created: 189720   present: 14   in FES: 7
** Event #1518592   t=4882.079825836934   Elapsed: 4882.03s (1h 21m)  77% completed  (77% total)
     Speed:     ev/sec=511.645   simsec/sec=0.999997   ev/simsec=511.646
     Messages:  created: 189846   present: 10   in FES: 6
** Event #1519360   t=4884.330000950005   Elapsed: 4884.28s (1h 21m)  77% completed  (77% total)
     Speed:     ev/sec=341.307   simsec/sec=1   ev/simsec=341.307
     Messages:  created: 189943   present: 11   in FES: 6
** Event #1520640   t=4886.400813659721   Elapsed: 4886.35s (1h 21m)  77% completed  (77% total)
     Speed:     ev/sec=618.116   simsec/sec=1   ev/simsec=618.115
     Messages:  created: 190102   present: 10   in FES: 7
** Event #1521408   t=4888.94469657974   Elapsed: 4888.89s (1h 21m)  77% completed  (77% total)
     Speed:     ev/sec=301.9   simsec/sec=0.999997   ev/simsec=301.901
     Messages:  created: 190198   present: 10   in FES: 6
** Event #1521920   t=4891.05849630141   Elapsed: 4891s (1h 21m)  77% completed  (77% total)
     Speed:     ev/sec=242.218   simsec/sec=1   ev/simsec=242.218
     Messages:  created: 190262   present: 9   in FES: 6
** Event #1522688   t=4893.358381442667   Elapsed: 4893.3s (1h 21m)  77% completed  (77% total)
     Speed:     ev/sec=333.929   simsec/sec=0.999999   ev/simsec=333.93
     Messages:  created: 190358   present: 9   in FES: 6
** Event #1523200   t=4895.755275321284   Elapsed: 4895.7s (1h 21m)  77% completed  (77% total)
     Speed:     ev/sec=213.61   simsec/sec=1   ev/simsec=213.61
     Messages:  created: 190422   present: 8   in FES: 5
** Event #1524480   t=4898.439824072953   Elapsed: 4898.39s (1h 21m)  77% completed  (77% total)
     Speed:     ev/sec=476.802   simsec/sec=0.999998   ev/simsec=476.803
     Messages:  created: 190582   present: 8   in FES: 5
** Event #1525248   t=4901.268306820745   Elapsed: 4901.29s (1h 21m)  77% completed  (77% total)
     Speed:     ev/sec=264.605   simsec/sec=0.974518   ev/simsec=271.524
     Messages:  created: 190679   present: 12   in FES: 5
** Event #1526272   t=4904.056586239177   Elapsed: 4904s (1h 21m)  77% completed  (77% total)
     Speed:     ev/sec=377.259   simsec/sec=1.02725   ev/simsec=367.252
     Messages:  created: 190806   present: 9   in FES: 6
** Event #1527296   t=4906.255192410112   Elapsed: 4906.2s (1h 21m)  77% completed  (77% total)
     Speed:     ev/sec=465.75   simsec/sec=1   ev/simsec=465.75
     Messages:  created: 190935   present: 11   in FES: 6
** Event #1528320   t=4909.011165174438   Elapsed: 4908.96s (1h 21m)  77% completed  (77% total)
     Speed:     ev/sec=371.557   simsec/sec=1   ev/simsec=371.557
     Messages:  created: 191063   present: 11   in FES: 7
** Event #1529344   t=4911.375105913649   Elapsed: 4911.32s (1h 21m)  77% completed  (77% total)
     Speed:     ev/sec=433.174   simsec/sec=0.999998   ev/simsec=433.175
     Messages:  created: 191190   present: 9   in FES: 6
** Event #1530624   t=4914.339502742082   Elapsed: 4914.29s (1h 21m)  78% completed  (78% total)
     Speed:     ev/sec=431.791   simsec/sec=1   ev/simsec=431.791
     Messages:  created: 191350   present: 9   in FES: 6
** Event #1531904   t=4916.729696735119   Elapsed: 4916.68s (1h 21m)  78% completed  (78% total)
     Speed:     ev/sec=535.521   simsec/sec=0.999999   ev/simsec=535.521
     Messages:  created: 191510   present: 8   in FES: 5
** Event #1532416   t=4918.99833447279   Elapsed: 4918.94s (1h 21m)  78% completed  (78% total)
     Speed:     ev/sec=225.686   simsec/sec=1   ev/simsec=225.686
     Messages:  created: 191574   present: 8   in FES: 5
** Event #1533696   t=4921.270894868756   Elapsed: 4921.22s (1h 22m)  78% completed  (78% total)
     Speed:     ev/sec=563.242   simsec/sec=1   ev/simsec=563.241
     Messages:  created: 191744   present: 38   in FES: 7
t=4922.907909 executing setDimmer(0.1)
** Event #1534720   t=4923.722717199631   Elapsed: 4923.67s (1h 22m)  78% completed  (78% total)
     Speed:     ev/sec=417.648   simsec/sec=0.999999   ev/simsec=417.649
     Messages:  created: 191861   present: 8   in FES: 5
** Event #1535744   t=4926.568313216576   Elapsed: 4926.51s (1h 22m)  78% completed  (78% total)
     Speed:     ev/sec=359.855   simsec/sec=1   ev/simsec=359.854
     Messages:  created: 191989   present: 9   in FES: 6
** Event #1536768   t=4928.691975525182   Elapsed: 4928.64s (1h 22m)  78% completed  (78% total)
     Speed:     ev/sec=482.185   simsec/sec=0.999998   ev/simsec=482.186
     Messages:  created: 192117   present: 8   in FES: 5
** Event #1538048   t=4931.05981404728   Elapsed: 4931.01s (1h 22m)  78% completed  (78% total)
     Speed:     ev/sec=540.577   simsec/sec=0.999999   ev/simsec=540.577
     Messages:  created: 192277   present: 8   in FES: 5
** Event #1538816   t=4933.471216494016   Elapsed: 4933.42s (1h 22m)  78% completed  (78% total)
     Speed:     ev/sec=318.487   simsec/sec=1   ev/simsec=318.487
     Messages:  created: 192373   present: 8   in FES: 5
** Event #1539840   t=4935.963381116844   Elapsed: 4935.91s (1h 22m)  78% completed  (78% total)
     Speed:     ev/sec=410.888   simsec/sec=0.999999   ev/simsec=410.888
     Messages:  created: 192501   present: 8   in FES: 5
** Event #1540608   t=4938.224809822863   Elapsed: 4938.17s (1h 22m)  78% completed  (78% total)
     Speed:     ev/sec=339.608   simsec/sec=0.999999   ev/simsec=339.608
     Messages:  created: 192597   present: 8   in FES: 5
** Event #1541632   t=4940.467307542042   Elapsed: 4940.41s (1h 22m)  78% completed  (78% total)
     Speed:     ev/sec=456.635   simsec/sec=1   ev/simsec=456.634
     Messages:  created: 192725   present: 8   in FES: 5
** Event #1542400   t=4942.508047338958   Elapsed: 4942.45s (1h 22m)  78% completed  (78% total)
     Speed:     ev/sec=376.334   simsec/sec=0.999998   ev/simsec=376.334
     Messages:  created: 192821   present: 8   in FES: 5
** Event #1543168   t=4944.680265107322   Elapsed: 4944.63s (1h 22m)  78% completed  (78% total)
     Speed:     ev/sec=353.556   simsec/sec=1   ev/simsec=353.556
     Messages:  created: 192917   present: 8   in FES: 5
** Event #1543936   t=4947.876083227458   Elapsed: 4947.82s (1h 22m)  78% completed  (78% total)
     Speed:     ev/sec=240.314   simsec/sec=1   ev/simsec=240.314
     Messages:  created: 193013   present: 8   in FES: 5
** Event #1544960   t=4950.339677334478   Elapsed: 4950.29s (1h 22m)  78% completed  (78% total)
     Speed:     ev/sec=415.654   simsec/sec=1   ev/simsec=415.653
     Messages:  created: 193141   present: 9   in FES: 6
** Event #1545728   t=4952.645428922354   Elapsed: 4952.59s (1h 22m)  78% completed  (78% total)
     Speed:     ev/sec=333.08   simsec/sec=0.999999   ev/simsec=333.08
     Messages:  created: 193237   present: 8   in FES: 5
** Event #1546496   t=4955.237074700546   Elapsed: 4955.18s (1h 22m)  78% completed  (78% total)
     Speed:     ev/sec=296.337   simsec/sec=1   ev/simsec=296.337
     Messages:  created: 193333   present: 9   in FES: 6
** Event #1547264   t=4957.390882302973   Elapsed: 4957.34s (1h 22m)  78% completed  (78% total)
     Speed:     ev/sec=356.577   simsec/sec=0.999999   ev/simsec=356.578
     Messages:  created: 193429   present: 8   in FES: 5
** Event #1548032   t=4959.708906079355   Elapsed: 4959.65s (1h 22m)  78% completed  (78% total)
     Speed:     ev/sec=331.316   simsec/sec=0.999999   ev/simsec=331.317
     Messages:  created: 193525   present: 8   in FES: 5
** Event #1549056   t=4962.40039246124   Elapsed: 4962.35s (1h 22m)  78% completed  (78% total)
     Speed:     ev/sec=380.459   simsec/sec=1   ev/simsec=380.459
     Messages:  created: 193653   present: 8   in FES: 5
** Event #1549824   t=4964.683417352195   Elapsed: 4964.63s (1h 22m)  78% completed  (78% total)
     Speed:     ev/sec=336.396   simsec/sec=1   ev/simsec=336.396
     Messages:  created: 193749   present: 8   in FES: 5
** Event #1550592   t=4966.729983965747   Elapsed: 4966.68s (1h 22m)  78% completed  (78% total)
     Speed:     ev/sec=375.262   simsec/sec=0.999999   ev/simsec=375.263
     Messages:  created: 193845   present: 8   in FES: 5
** Event #1551616   t=4969.111425042989   Elapsed: 4969.06s (1h 22m)  78% completed  (78% total)
     Speed:     ev/sec=429.992   simsec/sec=1   ev/simsec=429.992
     Messages:  created: 193973   present: 8   in FES: 5
** Event #1552128   t=4971.450320618111   Elapsed: 4971.4s (1h 22m)  78% completed  (78% total)
     Speed:     ev/sec=218.907   simsec/sec=0.999999   ev/simsec=218.907
     Messages:  created: 194037   present: 8   in FES: 5
** Event #1552896   t=4973.992062548235   Elapsed: 4973.94s (1h 22m)  78% completed  (78% total)
     Speed:     ev/sec=302.156   simsec/sec=1   ev/simsec=302.155
     Messages:  created: 194133   present: 9   in FES: 6
** Event #1553408   t=4976.651922033659   Elapsed: 4976.6s (1h 22m)  78% completed  (78% total)
     Speed:     ev/sec=192.491   simsec/sec=0.999998   ev/simsec=192.491
     Messages:  created: 194197   present: 8   in FES: 5
** Event #1553920   t=4978.771633068377   Elapsed: 4978.72s (1h 22m)  79% completed  (79% total)
     Speed:     ev/sec=241.542   simsec/sec=1   ev/simsec=241.542
     Messages:  created: 194261   present: 8   in FES: 5
** Event #1554688   t=4980.837422671097   Elapsed: 4980.78s (1h 23m)  79% completed  (79% total)
     Speed:     ev/sec=371.772   simsec/sec=1   ev/simsec=371.771
     Messages:  created: 194357   present: 9   in FES: 6
** Event #1555456   t=4983.123325312693   Elapsed: 4983.07s (1h 23m)  79% completed  (79% total)
     Speed:     ev/sec=335.972   simsec/sec=0.999999   ev/simsec=335.972
     Messages:  created: 194452   present: 8   in FES: 5
t=4983.166787 executing setDimmer(0.9)
** Event #1556224   t=4985.404690625872   Elapsed: 4985.35s (1h 23m)  79% completed  (79% total)
     Speed:     ev/sec=336.639   simsec/sec=0.999997   ev/simsec=336.641
     Messages:  created: 194550   present: 12   in FES: 7
** Event #1556992   t=4988.00611708768   Elapsed: 4987.95s (1h 23m)  79% completed  (79% total)
     Speed:     ev/sec=295.223   simsec/sec=1   ev/simsec=295.223
     Messages:  created: 194646   present: 12   in FES: 7
** Event #1557760   t=4990.053700159282   Elapsed: 4990s (1h 23m)  79% completed  (79% total)
     Speed:     ev/sec=375.076   simsec/sec=0.999998   ev/simsec=375.076
     Messages:  created: 194743   present: 15   in FES: 7
** Event #1558784   t=4992.228122741825   Elapsed: 4992.17s (1h 23m)  79% completed  (79% total)
     Speed:     ev/sec=470.93   simsec/sec=1   ev/simsec=470.93
     Messages:  created: 194876   present: 30   in FES: 7
** Event #1559552   t=4994.513625173549   Elapsed: 4994.46s (1h 23m)  79% completed  (79% total)
     Speed:     ev/sec=335.682   simsec/sec=0.998962   ev/simsec=336.031
     Messages:  created: 194967   present: 16   in FES: 6
** Event #1560320   t=4996.748796375181   Elapsed: 4996.69s (1h 23m)  79% completed  (79% total)
     Speed:     ev/sec=343.964   simsec/sec=1.00107   ev/simsec=343.598
     Messages:  created: 195062   present: 13   in FES: 7
** Event #1561344   t=4999.365880491119   Elapsed: 4999.32s (1h 23m)  79% completed  (79% total)
     Speed:     ev/sec=389.478   simsec/sec=0.995406   ev/simsec=391.275
     Messages:  created: 195188   present: 8   in FES: 5
** Event #1562112   t=5001.784914779668   Elapsed: 5001.73s (1h 23m)  79% completed  (79% total)
     Speed:     ev/sec=318.566   simsec/sec=1.00341   ev/simsec=317.482
     Messages:  created: 195284   present: 8   in FES: 5
** Event #1563136   t=5004.217881817168   Elapsed: 5004.16s (1h 23m)  79% completed  (79% total)
     Speed:     ev/sec=421.467   simsec/sec=1.00138   ev/simsec=420.885
     Messages:  created: 195430   present: 56   in FES: 6
** Event #1564160   t=5006.440185639502   Elapsed: 5006.39s (1h 23m)  79% completed  (79% total)
     Speed:     ev/sec=460.168   simsec/sec=0.998665   ev/simsec=460.783
     Messages:  created: 195564   present: 72   in FES: 6
** Event #1565184   t=5008.53317633507   Elapsed: 5008.48s (1h 23m)  79% completed  (79% total)
     Speed:     ev/sec=490.062   simsec/sec=1.00165   ev/simsec=489.252
     Messages:  created: 195701   present: 95   in FES: 7
** Event #1566208   t=5010.748443883896   Elapsed: 5010.69s (1h 23m)  79% completed  (79% total)
     Speed:     ev/sec=462.246   simsec/sec=0.999999   ev/simsec=462.247
     Messages:  created: 195834   present: 109   in FES: 7
** Event #1566976   t=5013.019976245244   Elapsed: 5012.98s (1h 23m)  79% completed  (79% total)
     Speed:     ev/sec=336.416   simsec/sec=0.995025   ev/simsec=338.098
     Messages:  created: 195901   present: 32   in FES: 6
** Event #1568000   t=5015.294856807488   Elapsed: 5015.24s (1h 23m)  79% completed  (79% total)
     Speed:     ev/sec=452.393   simsec/sec=1.00502   ev/simsec=450.134
     Messages:  created: 196023   present: 15   in FES: 6
** Event #1569280   t=5017.670833520161   Elapsed: 5017.62s (1h 23m)  79% completed  (79% total)
     Speed:     ev/sec=538.726   simsec/sec=1   ev/simsec=538.726
     Messages:  created: 196212   present: 94   in FES: 7
** Event #1570048   t=5019.895665151963   Elapsed: 5019.84s (1h 23m)  79% completed  (79% total)
     Speed:     ev/sec=345.195   simsec/sec=1   ev/simsec=345.195
     Messages:  created: 196281   present: 22   in FES: 6
** Event #1571072   t=5022.487496822496   Elapsed: 5022.44s (1h 23m)  79% completed  (79% total)
     Speed:     ev/sec=393.694   simsec/sec=0.996474   ev/simsec=395.087
     Messages:  created: 196404   present: 8   in FES: 5
** Event #1571584   t=5025.483446390653   Elapsed: 5025.45s (1h 23m)  79% completed  (79% total)
     Speed:     ev/sec=170.401   simsec/sec=0.997097   ev/simsec=170.897
     Messages:  created: 196468   present: 8   in FES: 5
** Event #1572096   t=5027.533664511281   Elapsed: 5027.48s (1h 23m)  79% completed  (79% total)
     Speed:     ev/sec=251.903   simsec/sec=1.0087   ev/simsec=249.73
     Messages:  created: 196532   present: 8   in FES: 5
** Event #1572864   t=5029.801026606459   Elapsed: 5029.75s (1h 23m)  79% completed  (79% total)
     Speed:     ev/sec=338.75   simsec/sec=1.00009   ev/simsec=338.72
     Messages:  created: 196632   present: 18   in FES: 7
** Event #1573376   t=5032.050840968652   Elapsed: 5032.05s (1h 23m)  79% completed  (79% total)
     Speed:     ev/sec=222.464   simsec/sec=0.977544   ev/simsec=227.574
     Messages:  created: 196692   present: 8   in FES: 5
** Event #1574144   t=5035.194222111306   Elapsed: 5035.17s (1h 23m)  79% completed  (79% total)
     Speed:     ev/sec=246.064   simsec/sec=1.00713   ev/simsec=244.323
     Messages:  created: 196788   present: 8   in FES: 5
** Event #1575168   t=5037.608831442951   Elapsed: 5037.55s (1h 23m)  79% completed  (79% total)
     Speed:     ev/sec=429.32   simsec/sec=1.01234   ev/simsec=424.085
     Messages:  created: 196926   present: 35   in FES: 7
** Event #1575680   t=5039.750834671683   Elapsed: 5039.7s (1h 23m)  79% completed  (79% total)
     Speed:     ev/sec=239.029   simsec/sec=1   ev/simsec=239.029
     Messages:  created: 196981   present: 10   in FES: 6
** Event #1576448   t=5042.134211780023   Elapsed: 5042.08s (1h 24m)  80% completed  (80% total)
     Speed:     ev/sec=322.232   simsec/sec=1   ev/simsec=322.232
     Messages:  created: 197078   present: 14   in FES: 7
t=5042.727259 executing removeServer()
scheduled complete remove at 5042.734047441913
** Event #1576960   t=5044.209013043907   Elapsed: 5044.15s (1h 24m)  80% completed  (80% total)
     Speed:     ev/sec=246.77   simsec/sec=0.999998   ev/simsec=246.771
     Messages:  created: 197148   present: 25   in FES: 6
** Event #1577984   t=5046.406989149411   Elapsed: 5046.35s (1h 24m)  80% completed  (80% total)
     Speed:     ev/sec=465.883   simsec/sec=1   ev/simsec=465.883
     Messages:  created: 197344   present: 181   in FES: 6
** Event #1578752   t=5049.002126787158   Elapsed: 5048.95s (1h 24m)  80% completed  (80% total)
     Speed:     ev/sec=295.938   simsec/sec=1   ev/simsec=295.938
     Messages:  created: 197475   present: 251   in FES: 6
** Event #1579264   t=5051.599658383571   Elapsed: 5051.55s (1h 24m)  80% completed  (80% total)
     Speed:     ev/sec=197.11   simsec/sec=0.999999   ev/simsec=197.11
     Messages:  created: 197537   present: 248   in FES: 7
** Event #1580032   t=5054.406236527386   Elapsed: 5054.35s (1h 24m)  80% completed  (80% total)
     Speed:     ev/sec=273.643   simsec/sec=1   ev/simsec=273.643
     Messages:  created: 197657   present: 295   in FES: 6
** Event #1581056   t=5056.675596832112   Elapsed: 5056.62s (1h 24m)  80% completed  (80% total)
     Speed:     ev/sec=451.228   simsec/sec=1   ev/simsec=451.228
     Messages:  created: 197839   present: 404   in FES: 7
** Event #1581824   t=5058.931992136128   Elapsed: 5058.88s (1h 24m)  80% completed  (80% total)
     Speed:     ev/sec=340.366   simsec/sec=1   ev/simsec=340.366
     Messages:  created: 197964   present: 461   in FES: 6
** Event #1582592   t=5061.322532842972   Elapsed: 5061.27s (1h 24m)  80% completed  (80% total)
     Speed:     ev/sec=321.266   simsec/sec=1   ev/simsec=321.266
     Messages:  created: 198096   present: 534   in FES: 7
** Event #1583360   t=5063.595405025369   Elapsed: 5063.54s (1h 24m)  80% completed  (80% total)
     Speed:     ev/sec=337.898   simsec/sec=1   ev/simsec=337.898
     Messages:  created: 198219   present: 587   in FES: 6
** Event #1584128   t=5065.907908561928   Elapsed: 5065.85s (1h 24m)  80% completed  (80% total)
     Speed:     ev/sec=332.107   simsec/sec=0.999999   ev/simsec=332.108
     Messages:  created: 198340   present: 638   in FES: 7
** Event #1585152   t=5068.225521027291   Elapsed: 5068.17s (1h 24m)  80% completed  (80% total)
     Speed:     ev/sec=441.834   simsec/sec=0.999999   ev/simsec=441.834
     Messages:  created: 198478   present: 643   in FES: 6
** Event #1586176   t=5070.323133085119   Elapsed: 5070.27s (1h 24m)  80% completed  (80% total)
     Speed:     ev/sec=488.175   simsec/sec=1   ev/simsec=488.174
     Messages:  created: 198649   present: 720   in FES: 6
** Event #1587200   t=5072.685781213206   Elapsed: 5072.63s (1h 24m)  80% completed  (80% total)
     Speed:     ev/sec=433.412   simsec/sec=0.999999   ev/simsec=433.412
     Messages:  created: 198795   present: 743   in FES: 8
** Event #1587968   t=5074.715315038791   Elapsed: 5074.66s (1h 24m)  80% completed  (80% total)
     Speed:     ev/sec=378.412   simsec/sec=1   ev/simsec=378.412
     Messages:  created: 198891   present: 726   in FES: 6
** Event #1588736   t=5077.325684079014   Elapsed: 5077.27s (1h 24m)  80% completed  (80% total)
     Speed:     ev/sec=294.211   simsec/sec=0.999999   ev/simsec=294.211
     Messages:  created: 198953   present: 640   in FES: 6
** Event #1590016   t=5079.492454269208   Elapsed: 5079.44s (1h 24m)  80% completed  (80% total)
     Speed:     ev/sec=590.741   simsec/sec=1   ev/simsec=590.741
     Messages:  created: 199139   present: 672   in FES: 8
** Event #1591296   t=5081.907679086687   Elapsed: 5081.85s (1h 24m)  80% completed  (80% total)
     Speed:     ev/sec=529.972   simsec/sec=1   ev/simsec=529.971
     Messages:  created: 199310   present: 664   in FES: 7
** Event #1592320   t=5084.656716526441   Elapsed: 5084.6s (1h 24m)  80% completed  (80% total)
     Speed:     ev/sec=372.494   simsec/sec=1   ev/simsec=372.494
     Messages:  created: 199441   present: 652   in FES: 6
** Event #1593088   t=5087.418865671521   Elapsed: 5087.36s (1h 24m)  80% completed  (80% total)
     Speed:     ev/sec=278.042   simsec/sec=0.99999   ev/simsec=278.044
     Messages:  created: 199558   present: 695   in FES: 6
** Event #1594112   t=5089.726174335904   Elapsed: 5089.67s (1h 24m)  80% completed  (80% total)
     Speed:     ev/sec=443.811   simsec/sec=1.00001   ev/simsec=443.807
     Messages:  created: 199661   present: 614   in FES: 7
** Event #1595136   t=5091.882915892746   Elapsed: 5091.83s (1h 24m)  80% completed  (80% total)
     Speed:     ev/sec=474.8   simsec/sec=1.00002   ev/simsec=474.79
     Messages:  created: 199787   present: 588   in FES: 7
** Event #1596416   t=5094.269967452978   Elapsed: 5094.22s (1h 24m)  80% completed  (80% total)
     Speed:     ev/sec=536.216   simsec/sec=0.999981   ev/simsec=536.226
     Messages:  created: 199997   present: 675   in FES: 6
** Event #1597440   t=5096.344491891407   Elapsed: 5096.29s (1h 24m)  80% completed  (80% total)
     Speed:     ev/sec=492.871   simsec/sec=0.99851   ev/simsec=493.607
     Messages:  created: 200172   present: 761   in FES: 5
** Event #1598208   t=5098.759609125271   Elapsed: 5098.71s (1h 24m)  80% completed  (80% total)
     Speed:     ev/sec=318.405   simsec/sec=1.00128   ev/simsec=317.997
     Messages:  created: 200259   present: 734   in FES: 7
** Event #1599232   t=5101.076342313036   Elapsed: 5101.02s (1h 25m)  80% completed  (80% total)
     Speed:     ev/sec=441.999   simsec/sec=0.999995   ev/simsec=442.002
     Messages:  created: 200421   present: 796   in FES: 7
t=5103.280862 executing addServer()
adding server with latency=60
** Event #1600512   t=5103.606329464169   Elapsed: 5103.55s (1h 25m)  81% completed  (81% total)
     Speed:     ev/sec=505.934   simsec/sec=1.00001   ev/simsec=505.931
     Messages:  created: 200570   present: 736   in FES: 8
** Event #1601536   t=5105.689102506664   Elapsed: 5105.64s (1h 25m)  81% completed  (81% total)
     Speed:     ev/sec=491.653   simsec/sec=1   ev/simsec=491.652
     Messages:  created: 200677   present: 665   in FES: 8
** Event #1602304   t=5107.696347415143   Elapsed: 5107.64s (1h 25m)  81% completed  (81% total)
     Speed:     ev/sec=382.615   simsec/sec=1   ev/simsec=382.614
     Messages:  created: 200768   present: 641   in FES: 7
** Event #1603328   t=5109.872101708936   Elapsed: 5109.82s (1h 25m)  81% completed  (81% total)
     Speed:     ev/sec=470.638   simsec/sec=0.999992   ev/simsec=470.641
     Messages:  created: 200917   present: 671   in FES: 7
** Event #1604352   t=5112.048307507361   Elapsed: 5111.99s (1h 25m)  81% completed  (81% total)
     Speed:     ev/sec=470.547   simsec/sec=1.00001   ev/simsec=470.544
     Messages:  created: 201065   present: 692   in FES: 7
** Event #1605376   t=5114.477051500156   Elapsed: 5114.42s (1h 25m)  81% completed  (81% total)
     Speed:     ev/sec=421.617   simsec/sec=1   ev/simsec=421.617
     Messages:  created: 201203   present: 694   in FES: 7
** Event #1606144   t=5116.68063393199   Elapsed: 5116.63s (1h 25m)  81% completed  (81% total)
     Speed:     ev/sec=348.524   simsec/sec=1   ev/simsec=348.523
     Messages:  created: 201302   present: 691   in FES: 7
** Event #1606912   t=5118.933313746768   Elapsed: 5118.88s (1h 25m)  81% completed  (81% total)
     Speed:     ev/sec=340.925   simsec/sec=0.999993   ev/simsec=340.927
     Messages:  created: 201390   present: 656   in FES: 7
** Event #1607936   t=5121.429777494738   Elapsed: 5121.38s (1h 25m)  81% completed  (81% total)
     Speed:     ev/sec=410.18   simsec/sec=1   ev/simsec=410.18
     Messages:  created: 201498   present: 587   in FES: 8
** Event #1609216   t=5124.131848959768   Elapsed: 5124.08s (1h 25m)  81% completed  (81% total)
     Speed:     ev/sec=473.712   simsec/sec=1   ev/simsec=473.711
     Messages:  created: 201678   present: 612   in FES: 7
** Event #1609984   t=5126.357797023906   Elapsed: 5126.3s (1h 25m)  81% completed  (81% total)
     Speed:     ev/sec=345.022   simsec/sec=1   ev/simsec=345.022
     Messages:  created: 201770   present: 591   in FES: 7
** Event #1610752   t=5128.663227132159   Elapsed: 5128.62s (1h 25m)  81% completed  (81% total)
     Speed:     ev/sec=331.443   simsec/sec=0.994946   ev/simsec=333.127
     Messages:  created: 201876   present: 608   in FES: 6
** Event #1611520   t=5131.026517258408   Elapsed: 5130.97s (1h 25m)  81% completed  (81% total)
     Speed:     ev/sec=326.589   simsec/sec=1.00498   ev/simsec=324.971
     Messages:  created: 201973   present: 598   in FES: 8
** Event #1612544   t=5133.295016879702   Elapsed: 5133.24s (1h 25m)  81% completed  (81% total)
     Speed:     ev/sec=451.398   simsec/sec=0.999997   ev/simsec=451.4
     Messages:  created: 202097   present: 566   in FES: 8
** Event #1613568   t=5136.07950736326   Elapsed: 5136.03s (1h 25m)  81% completed  (81% total)
     Speed:     ev/sec=367.752   simsec/sec=1   ev/simsec=367.751
     Messages:  created: 202246   present: 601   in FES: 7
** Event #1614336   t=5138.472977348869   Elapsed: 5138.44s (1h 25m)  81% completed  (81% total)
     Speed:     ev/sec=318.22   simsec/sec=0.991732   ev/simsec=320.873
     Messages:  created: 202335   present: 576   in FES: 6
** Event #1615104   t=5140.729043123224   Elapsed: 5140.67s (1h 25m)  81% completed  (81% total)
     Speed:     ev/sec=343.453   simsec/sec=1.00892   ev/simsec=340.416
     Messages:  created: 202443   present: 589   in FES: 7
** Event #1615872   t=5142.844768312797   Elapsed: 5142.79s (1h 25m)  81% completed  (81% total)
     Speed:     ev/sec=362.996   simsec/sec=1   ev/simsec=362.996
     Messages:  created: 202542   present: 578   in FES: 7
** Event #1616896   t=5145.067366006745   Elapsed: 5145.01s (1h 25m)  81% completed  (81% total)
     Speed:     ev/sec=460.721   simsec/sec=0.999998   ev/simsec=460.722
     Messages:  created: 202701   present: 631   in FES: 9
** Event #1617920   t=5147.540269896691   Elapsed: 5147.49s (1h 25m)  81% completed  (81% total)
     Speed:     ev/sec=414.088   simsec/sec=1   ev/simsec=414.088
     Messages:  created: 202845   present: 650   in FES: 7
** Event #1618944   t=5149.665976091535   Elapsed: 5149.61s (1h 25m)  81% completed  (81% total)
     Speed:     ev/sec=481.723   simsec/sec=1   ev/simsec=481.722
     Messages:  created: 203010   present: 721   in FES: 7
** Event #1619712   t=5152.155162690611   Elapsed: 5152.1s (1h 25m)  81% completed  (81% total)
     Speed:     ev/sec=308.533   simsec/sec=0.999996   ev/simsec=308.535
     Messages:  created: 203111   present: 720   in FES: 8
** Event #1620736   t=5154.638780002894   Elapsed: 5154.58s (1h 25m)  81% completed  (81% total)
     Speed:     ev/sec=412.299   simsec/sec=0.999994   ev/simsec=412.302
     Messages:  created: 203212   present: 644   in FES: 8
** Event #1621504   t=5156.883542521504   Elapsed: 5156.83s (1h 25m)  81% completed  (81% total)
     Speed:     ev/sec=342.131   simsec/sec=1.00001   ev/simsec=342.13
     Messages:  created: 203302   present: 619   in FES: 7
** Event #1622528   t=5159.288642957738   Elapsed: 5159.23s (1h 25m)  81% completed  (81% total)
     Speed:     ev/sec=425.764   simsec/sec=1   ev/simsec=425.762
     Messages:  created: 203394   present: 521   in FES: 7
** Event #1623296   t=5161.372064533936   Elapsed: 5161.32s (1h 26m)  81% completed  (81% total)
     Speed:     ev/sec=368.625   simsec/sec=1   ev/simsec=368.624
     Messages:  created: 203491   present: 515   in FES: 8
t=5163.024383 executing setDimmer(0.1)
t=5163.280862 addServer() complete
** Event #1623808   t=5163.466242086744   Elapsed: 5163.41s (1h 26m)  81% completed  (81% total)
     Speed:     ev/sec=244.235   simsec/sec=0.998969   ev/simsec=244.487
     Messages:  created: 203514   present: 424   in FES: 5
** Event #1625600   t=5166.24712671238   Elapsed: 5166.19s (1h 26m)  82% completed  (82% total)
     Speed:     ev/sec=644.901   simsec/sec=1.00078   ev/simsec=644.399
     Messages:  created: 203562   present: 59   in FES: 6
** Event #1626880   t=5168.447599757419   Elapsed: 5168.41s (1h 26m)  82% completed  (82% total)
     Speed:     ev/sec=576.576   simsec/sec=0.991204   ev/simsec=581.693
     Messages:  created: 203702   present: 7   in FES: 4
** Event #1627904   t=5171.016598825911   Elapsed: 5170.97s (1h 26m)  82% completed  (82% total)
     Speed:     ev/sec=400.398   simsec/sec=1.00451   ev/simsec=398.599
     Messages:  created: 203830   present: 7   in FES: 4
** Event #1629184   t=5173.701689224313   Elapsed: 5173.66s (1h 26m)  82% completed  (82% total)
     Speed:     ev/sec=476.626   simsec/sec=0.999831   ev/simsec=476.706
     Messages:  created: 203990   present: 7   in FES: 4
** Event #1629952   t=5176.511562280078   Elapsed: 5176.58s (1h 26m)  82% completed  (82% total)
     Speed:     ev/sec=262.753   simsec/sec=0.96133   ev/simsec=273.322
     Messages:  created: 204086   present: 7   in FES: 4
** Event #1630208   t=5180.943107450689   Elapsed: 5180.89s (1h 26m)  82% completed  (82% total)
     Speed:     ev/sec=59.3957   simsec/sec=1.02818   ev/simsec=57.7677
     Messages:  created: 204119   present: 9   in FES: 6
** Event #1631744   t=5183.401967582871   Elapsed: 5183.36s (1h 26m)  82% completed  (82% total)
     Speed:     ev/sec=621.029   simsec/sec=0.994155   ev/simsec=624.68
     Messages:  created: 204310   present: 7   in FES: 4
** Event #1632768   t=5185.855265408611   Elapsed: 5185.82s (1h 26m)  82% completed  (82% total)
     Speed:     ev/sec=417.138   simsec/sec=0.999379   ev/simsec=417.397
     Messages:  created: 204438   present: 7   in FES: 4
** Event #1634048   t=5188.288528829754   Elapsed: 5188.24s (1h 26m)  82% completed  (82% total)
     Speed:     ev/sec=527.248   simsec/sec=1.00229   ev/simsec=526.043
     Messages:  created: 204598   present: 7   in FES: 4
** Event #1635072   t=5190.606120839119   Elapsed: 5190.58s (1h 26m)  82% completed  (82% total)
     Speed:     ev/sec=438.886   simsec/sec=0.993318   ev/simsec=441.838
     Messages:  created: 204726   present: 7   in FES: 4
** Event #1636096   t=5192.934644614399   Elapsed: 5192.88s (1h 26m)  82% completed  (82% total)
     Speed:     ev/sec=443.917   simsec/sec=1.00944   ev/simsec=439.764
     Messages:  created: 204854   present: 7   in FES: 4
** Event #1637120   t=5195.579769188425   Elapsed: 5195.53s (1h 26m)  82% completed  (82% total)
     Speed:     ev/sec=387.529   simsec/sec=1.00104   ev/simsec=387.127
     Messages:  created: 204982   present: 7   in FES: 4
** Event #1638144   t=5198.490288481421   Elapsed: 5198.45s (1h 26m)  82% completed  (82% total)
     Speed:     ev/sec=350.276   simsec/sec=0.995592   ev/simsec=351.827
     Messages:  created: 205110   present: 7   in FES: 4
** Event #1638656   t=5200.877766801718   Elapsed: 5200.84s (1h 26m)  82% completed  (82% total)
     Speed:     ev/sec=214.2   simsec/sec=0.998823   ev/simsec=214.452
     Messages:  created: 205174   present: 7   in FES: 4
** Event #1639424   t=5203.290571747633   Elapsed: 5203.24s (1h 26m)  82% completed  (82% total)
     Speed:     ev/sec=320.53   simsec/sec=1.007   ev/simsec=318.302
     Messages:  created: 205270   present: 7   in FES: 4
** Event #1640448   t=5205.915003862893   Elapsed: 5205.92s (1h 26m)  82% completed  (82% total)
     Speed:     ev/sec=382.065   simsec/sec=0.979203   ev/simsec=390.18
     Messages:  created: 205398   present: 7   in FES: 4
** Event #1641216   t=5208.72133081038   Elapsed: 5208.67s (1h 26m)  82% completed  (82% total)
     Speed:     ev/sec=279.032   simsec/sec=1.0196   ev/simsec=273.667
     Messages:  created: 205494   present: 7   in FES: 4
** Event #1641728   t=5210.804983373472   Elapsed: 5210.75s (1h 26m)  82% completed  (82% total)
     Speed:     ev/sec=245.98   simsec/sec=1.00105   ev/simsec=245.722
     Messages:  created: 205559   present: 10   in FES: 7
** Event #1642240   t=5212.950239966464   Elapsed: 5212.94s (1h 26m)  82% completed  (82% total)
     Speed:     ev/sec=233.785   simsec/sec=0.979548   ev/simsec=238.666
     Messages:  created: 205622   present: 7   in FES: 4
** Event #1643264   t=5215.278132837601   Elapsed: 5215.22s (1h 26m)  82% completed  (82% total)
     Speed:     ev/sec=448.513   simsec/sec=1.01962   ev/simsec=439.883
     Messages:  created: 205751   present: 9   in FES: 6
** Event #1644032   t=5217.779572326223   Elapsed: 5217.75s (1h 26m)  82% completed  (82% total)
     Speed:     ev/sec=303.685   simsec/sec=0.989127   ev/simsec=307.023
     Messages:  created: 205846   present: 7   in FES: 4
** Event #1644800   t=5220.381787107223   Elapsed: 5220.35s (1h 27m)  82% completed  (82% total)
     Speed:     ev/sec=295.372   simsec/sec=1.00081   ev/simsec=295.133
     Messages:  created: 205942   present: 8   in FES: 5
t=5222.533207 executing addServer()
adding server with latency=60
** Event #1645568   t=5223.395776756014   Elapsed: 5223.34s (1h 27m)  82% completed  (82% total)
     Speed:     ev/sec=256.977   simsec/sec=1.0085   ev/simsec=254.812
     Messages:  created: 206040   present: 10   in FES: 6
** Event #1646336   t=5225.669239107736   Elapsed: 5225.62s (1h 27m)  82% completed  (82% total)
     Speed:     ev/sec=337.81   simsec/sec=0.999998   ev/simsec=337.811
     Messages:  created: 206136   present: 10   in FES: 6
** Event #1647360   t=5227.67654850274   Elapsed: 5227.62s (1h 27m)  82% completed  (82% total)
     Speed:     ev/sec=510.137   simsec/sec=1   ev/simsec=510.136
     Messages:  created: 206264   present: 10   in FES: 6
** Event #1648640   t=5230.213784913226   Elapsed: 5230.16s (1h 27m)  83% completed  (83% total)
     Speed:     ev/sec=504.486   simsec/sec=1   ev/simsec=504.486
     Messages:  created: 206424   present: 10   in FES: 6
** Event #1649408   t=5232.381705137245   Elapsed: 5232.33s (1h 27m)  83% completed  (83% total)
     Speed:     ev/sec=354.256   simsec/sec=1   ev/simsec=354.257
     Messages:  created: 206520   present: 10   in FES: 6
** Event #1650176   t=5234.504041785061   Elapsed: 5234.45s (1h 27m)  83% completed  (83% total)
     Speed:     ev/sec=361.642   simsec/sec=0.999383   ev/simsec=361.865
     Messages:  created: 206616   present: 11   in FES: 7
** Event #1651456   t=5236.886200303296   Elapsed: 5236.83s (1h 27m)  83% completed  (83% total)
     Speed:     ev/sec=537.373   simsec/sec=1.00008   ev/simsec=537.328
     Messages:  created: 206776   present: 11   in FES: 7
** Event #1652224   t=5239.441003696102   Elapsed: 5239.39s (1h 27m)  83% completed  (83% total)
     Speed:     ev/sec=300.739   simsec/sec=1.00043   ev/simsec=300.61
     Messages:  created: 206872   present: 10   in FES: 6
** Event #1652992   t=5242.060997986807   Elapsed: 5242.01s (1h 27m)  83% completed  (83% total)
     Speed:     ev/sec=293.123   simsec/sec=0.999974   ev/simsec=293.13
     Messages:  created: 206968   present: 10   in FES: 6
** Event #1653760   t=5244.372048242236   Elapsed: 5244.32s (1h 27m)  83% completed  (83% total)
     Speed:     ev/sec=332.328   simsec/sec=1.00004   ev/simsec=332.316
     Messages:  created: 207064   present: 10   in FES: 6
** Event #1654528   t=5246.53792768357   Elapsed: 5246.48s (1h 27m)  83% completed  (83% total)
     Speed:     ev/sec=354.59   simsec/sec=1   ev/simsec=354.59
     Messages:  created: 207160   present: 10   in FES: 6
** Event #1655552   t=5249.003162031024   Elapsed: 5248.95s (1h 27m)  83% completed  (83% total)
     Speed:     ev/sec=415.364   simsec/sec=0.99997   ev/simsec=415.376
     Messages:  created: 207288   present: 10   in FES: 6
** Event #1656064   t=5251.831240045327   Elapsed: 5251.78s (1h 27m)  83% completed  (83% total)
     Speed:     ev/sec=181.046   simsec/sec=1.00003   ev/simsec=181.042
     Messages:  created: 207352   present: 10   in FES: 6
** Event #1656576   t=5253.870991503959   Elapsed: 5253.82s (1h 27m)  83% completed  (83% total)
     Speed:     ev/sec=250.976   simsec/sec=0.99986   ev/simsec=251.011
     Messages:  created: 207416   present: 11   in FES: 7
** Event #1657344   t=5256.697537368801   Elapsed: 5256.64s (1h 27m)  83% completed  (83% total)
     Speed:     ev/sec=271.61   simsec/sec=0.999634   ev/simsec=271.71
     Messages:  created: 207512   present: 11   in FES: 7
** Event #1658112   t=5259.068339993037   Elapsed: 5259.01s (1h 27m)  83% completed  (83% total)
     Speed:     ev/sec=324.122   simsec/sec=1.00056   ev/simsec=323.941
     Messages:  created: 207608   present: 10   in FES: 6
** Event #1658880   t=5261.137721972713   Elapsed: 5261.08s (1h 27m)  83% completed  (83% total)
     Speed:     ev/sec=371.12   simsec/sec=0.999986   ev/simsec=371.125
     Messages:  created: 207704   present: 10   in FES: 6
** Event #1659648   t=5263.385895044214   Elapsed: 5263.33s (1h 27m)  83% completed  (83% total)
     Speed:     ev/sec=341.615   simsec/sec=1.00001   ev/simsec=341.611
     Messages:  created: 207800   present: 10   in FES: 6
** Event #1660672   t=5265.967527116126   Elapsed: 5265.91s (1h 27m)  83% completed  (83% total)
     Speed:     ev/sec=396.649   simsec/sec=1   ev/simsec=396.648
     Messages:  created: 207928   present: 10   in FES: 6
** Event #1661440   t=5268.51530161767   Elapsed: 5268.46s (1h 27m)  83% completed  (83% total)
     Speed:     ev/sec=301.261   simsec/sec=0.999407   ev/simsec=301.44
     Messages:  created: 208024   present: 11   in FES: 7
** Event #1662464   t=5271.14681777422   Elapsed: 5271.09s (1h 27m)  83% completed  (83% total)
     Speed:     ev/sec=389.353   simsec/sec=1.00057   ev/simsec=389.129
     Messages:  created: 208152   present: 10   in FES: 6
** Event #1662976   t=5273.149932524994   Elapsed: 5273.1s (1h 27m)  83% completed  (83% total)
     Speed:     ev/sec=255.602   simsec/sec=1   ev/simsec=255.602
     Messages:  created: 208216   present: 10   in FES: 6
** Event #1663488   t=5275.353902018757   Elapsed: 5275.3s (1h 27m)  83% completed  (83% total)
     Speed:     ev/sec=232.308   simsec/sec=1   ev/simsec=232.308
     Messages:  created: 208280   present: 10   in FES: 6
** Event #1664000   t=5277.715691356362   Elapsed: 5277.66s (1h 27m)  83% completed  (83% total)
     Speed:     ev/sec=216.785   simsec/sec=1   ev/simsec=216.785
     Messages:  created: 208344   present: 10   in FES: 6
** Event #1664768   t=5279.74245681737   Elapsed: 5279.69s (1h 27m)  83% completed  (83% total)
     Speed:     ev/sec=378.928   simsec/sec=0.999999   ev/simsec=378.929
     Messages:  created: 208440   present: 10   in FES: 6
** Event #1665280   t=5282.296730851701   Elapsed: 5282.24s (1h 28m)  83% completed  (83% total)
     Speed:     ev/sec=200.424   simsec/sec=0.999877   ev/simsec=200.448
     Messages:  created: 208503   present: 10   in FES: 6
t=5282.533207 addServer() complete
** Event #1665792   t=5284.768244005847   Elapsed: 5284.72s (1h 28m)  83% completed  (83% total)
     Speed:     ev/sec=206.942   simsec/sec=0.998943   ev/simsec=207.161
     Messages:  created: 208568   present: 12   in FES: 6
** Event #1666304   t=5286.931942132945   Elapsed: 5286.88s (1h 28m)  83% completed  (83% total)
     Speed:     ev/sec=236.952   simsec/sec=1.00135   ev/simsec=236.632
     Messages:  created: 208631   present: 9   in FES: 5
** Event #1667328   t=5289.183301898255   Elapsed: 5289.13s (1h 28m)  83% completed  (83% total)
     Speed:     ev/sec=454.839   simsec/sec=1.00001   ev/simsec=454.836
     Messages:  created: 208759   present: 10   in FES: 6
** Event #1668096   t=5291.642261288157   Elapsed: 5291.59s (1h 28m)  83% completed  (83% total)
     Speed:     ev/sec=312.327   simsec/sec=1   ev/simsec=312.327
     Messages:  created: 208855   present: 9   in FES: 5
** Event #1669120   t=5294.029585664962   Elapsed: 5293.98s (1h 28m)  84% completed  (84% total)
     Speed:     ev/sec=428.932   simsec/sec=0.999999   ev/simsec=428.932
     Messages:  created: 208983   present: 9   in FES: 5
** Event #1670144   t=5296.223598874639   Elapsed: 5296.17s (1h 28m)  84% completed  (84% total)
     Speed:     ev/sec=466.725   simsec/sec=1   ev/simsec=466.725
     Messages:  created: 209111   present: 10   in FES: 6
** Event #1671168   t=5298.594285845585   Elapsed: 5298.54s (1h 28m)  84% completed  (84% total)
     Speed:     ev/sec=431.942   simsec/sec=1   ev/simsec=431.942
     Messages:  created: 209239   present: 9   in FES: 5
** Event #1671936   t=5300.785813178984   Elapsed: 5300.73s (1h 28m)  84% completed  (84% total)
     Speed:     ev/sec=350.433   simsec/sec=0.999978   ev/simsec=350.441
     Messages:  created: 209335   present: 9   in FES: 5
** Event #1672704   t=5303.142050917133   Elapsed: 5303.09s (1h 28m)  84% completed  (84% total)
     Speed:     ev/sec=325.95   simsec/sec=1.00002   ev/simsec=325.943
     Messages:  created: 209431   present: 10   in FES: 6
** Event #1673728   t=5305.326611421695   Elapsed: 5305.27s (1h 28m)  84% completed  (84% total)
     Speed:     ev/sec=468.745   simsec/sec=1   ev/simsec=468.744
     Messages:  created: 209559   present: 10   in FES: 6
** Event #1674496   t=5308.069862037356   Elapsed: 5308.02s (1h 28m)  84% completed  (84% total)
     Speed:     ev/sec=279.96   simsec/sec=0.999999   ev/simsec=279.96
     Messages:  created: 209656   present: 11   in FES: 7
** Event #1675520   t=5310.177437917034   Elapsed: 5310.12s (1h 28m)  84% completed  (84% total)
     Speed:     ev/sec=485.866   simsec/sec=0.999999   ev/simsec=485.866
     Messages:  created: 209784   present: 11   in FES: 7
** Event #1676800   t=5312.701442857749   Elapsed: 5312.65s (1h 28m)  84% completed  (84% total)
     Speed:     ev/sec=507.131   simsec/sec=1   ev/simsec=507.131
     Messages:  created: 209943   present: 9   in FES: 5
** Event #1677568   t=5315.362867638586   Elapsed: 5315.31s (1h 28m)  84% completed  (84% total)
     Speed:     ev/sec=288.567   simsec/sec=0.999998   ev/simsec=288.567
     Messages:  created: 210039   present: 9   in FES: 5
** Event #1678336   t=5317.875537912039   Elapsed: 5317.82s (1h 28m)  84% completed  (84% total)
     Speed:     ev/sec=305.651   simsec/sec=1   ev/simsec=305.651
     Messages:  created: 210135   present: 9   in FES: 5
** Event #1679104   t=5319.876179739639   Elapsed: 5319.82s (1h 28m)  84% completed  (84% total)
     Speed:     ev/sec=383.877   simsec/sec=1   ev/simsec=383.877
     Messages:  created: 210231   present: 9   in FES: 5
** Event #1679872   t=5322.353050240049   Elapsed: 5322.3s (1h 28m)  84% completed  (84% total)
     Speed:     ev/sec=310.068   simsec/sec=0.999999   ev/simsec=310.069
     Messages:  created: 210327   present: 9   in FES: 5
** Event #1680640   t=5324.96928456518   Elapsed: 5324.92s (1h 28m)  84% completed  (84% total)
     Speed:     ev/sec=293.552   simsec/sec=1   ev/simsec=293.552
     Messages:  created: 210423   present: 9   in FES: 5
** Event #1681152   t=5327.301418834537   Elapsed: 5327.25s (1h 28m)  84% completed  (84% total)
     Speed:     ev/sec=219.541   simsec/sec=1   ev/simsec=219.541
     Messages:  created: 210487   present: 9   in FES: 5
** Event #1681664   t=5329.892513361894   Elapsed: 5329.84s (1h 28m)  84% completed  (84% total)
     Speed:     ev/sec=197.6   simsec/sec=0.999999   ev/simsec=197.6
     Messages:  created: 210551   present: 9   in FES: 5
** Event #1682176   t=5332.177047411034   Elapsed: 5332.12s (1h 28m)  84% completed  (84% total)
     Speed:     ev/sec=224.116   simsec/sec=1   ev/simsec=224.116
     Messages:  created: 210615   present: 9   in FES: 5
** Event #1682688   t=5334.352972834373   Elapsed: 5334.3s (1h 28m)  84% completed  (84% total)
     Speed:     ev/sec=235.302   simsec/sec=1   ev/simsec=235.302
     Messages:  created: 210679   present: 9   in FES: 5
** Event #1683712   t=5337.111865013427   Elapsed: 5337.06s (1h 28m)  84% completed  (84% total)
     Speed:     ev/sec=371.16   simsec/sec=0.99999   ev/simsec=371.163
     Messages:  created: 210807   present: 9   in FES: 5
** Event #1684224   t=5339.496974569195   Elapsed: 5339.44s (1h 28m)  84% completed  (84% total)
     Speed:     ev/sec=214.668   simsec/sec=1.00001   ev/simsec=214.665
     Messages:  created: 210871   present: 9   in FES: 5
** Event #1684992   t=5342.125150869737   Elapsed: 5342.07s (1h 29m)  84% completed  (84% total)
     Speed:     ev/sec=292.218   simsec/sec=1   ev/simsec=292.218
     Messages:  created: 210966   present: 9   in FES: 5
** Event #1686016   t=5344.521097357772   Elapsed: 5344.47s (1h 29m)  84% completed  (84% total)
     Speed:     ev/sec=427.388   simsec/sec=0.999998   ev/simsec=427.389
     Messages:  created: 211094   present: 9   in FES: 5
** Event #1686784   t=5346.736244450616   Elapsed: 5346.68s (1h 29m)  84% completed  (84% total)
     Speed:     ev/sec=346.704   simsec/sec=1   ev/simsec=346.704
     Messages:  created: 211191   present: 10   in FES: 6
** Event #1688064   t=5349.654788309346   Elapsed: 5349.6s (1h 29m)  84% completed  (84% total)
     Speed:     ev/sec=438.575   simsec/sec=1   ev/simsec=438.575
     Messages:  created: 211351   present: 10   in FES: 6
** Event #1688832   t=5352.36961438363   Elapsed: 5352.32s (1h 29m)  84% completed  (84% total)
     Speed:     ev/sec=282.892   simsec/sec=1   ev/simsec=282.891
     Messages:  created: 211446   present: 9   in FES: 5
** Event #1689856   t=5354.444324644778   Elapsed: 5354.39s (1h 29m)  84% completed  (84% total)
     Speed:     ev/sec=493.562   simsec/sec=0.999997   ev/simsec=493.563
     Messages:  created: 211574   present: 9   in FES: 5
** Event #1690880   t=5356.843399996556   Elapsed: 5356.79s (1h 29m)  85% completed  (85% total)
     Speed:     ev/sec=426.832   simsec/sec=1   ev/simsec=426.831
     Messages:  created: 211702   present: 9   in FES: 5
** Event #1691648   t=5359.100355123734   Elapsed: 5359.05s (1h 29m)  85% completed  (85% total)
     Speed:     ev/sec=340.281   simsec/sec=0.999999   ev/simsec=340.281
     Messages:  created: 211799   present: 10   in FES: 6
** Event #1692160   t=5361.116121225112   Elapsed: 5361.06s (1h 29m)  85% completed  (85% total)
     Speed:     ev/sec=253.998   simsec/sec=1   ev/simsec=253.998
     Messages:  created: 211863   present: 10   in FES: 6
** Event #1693184   t=5363.848372025741   Elapsed: 5363.79s (1h 29m)  85% completed  (85% total)
     Speed:     ev/sec=374.782   simsec/sec=0.999998   ev/simsec=374.783
     Messages:  created: 211990   present: 9   in FES: 5
** Event #1693696   t=5366.204772556744   Elapsed: 5366.15s (1h 29m)  85% completed  (85% total)
     Speed:     ev/sec=217.281   simsec/sec=1   ev/simsec=217.281
     Messages:  created: 212055   present: 10   in FES: 6
** Event #1694976   t=5368.891189226216   Elapsed: 5368.84s (1h 29m)  85% completed  (85% total)
     Speed:     ev/sec=476.471   simsec/sec=1   ev/simsec=476.471
     Messages:  created: 212215   present: 10   in FES: 6
** Event #1696000   t=5371.552402581883   Elapsed: 5371.5s (1h 29m)  85% completed  (85% total)
     Speed:     ev/sec=384.786   simsec/sec=0.999999   ev/simsec=384.787
     Messages:  created: 212342   present: 9   in FES: 5
** Event #1696768   t=5373.631155396768   Elapsed: 5373.58s (1h 29m)  85% completed  (85% total)
     Speed:     ev/sec=369.452   simsec/sec=1   ev/simsec=369.452
     Messages:  created: 212438   present: 9   in FES: 5
** Event #1697280   t=5375.827831109695   Elapsed: 5375.77s (1h 29m)  85% completed  (85% total)
     Speed:     ev/sec=233.08   simsec/sec=1   ev/simsec=233.079
     Messages:  created: 212502   present: 9   in FES: 5
** Event #1698048   t=5378.096827146513   Elapsed: 5378.04s (1h 29m)  85% completed  (85% total)
     Speed:     ev/sec=338.476   simsec/sec=1   ev/simsec=338.476
     Messages:  created: 212598   present: 9   in FES: 5
** Event #1698560   t=5380.410685588193   Elapsed: 5380.36s (1h 29m)  85% completed  (85% total)
     Speed:     ev/sec=221.275   simsec/sec=0.999998   ev/simsec=221.275
     Messages:  created: 212662   present: 9   in FES: 5
** Event #1699840   t=5383.011549666625   Elapsed: 5382.96s (1h 29m)  85% completed  (85% total)
     Speed:     ev/sec=492.144   simsec/sec=1   ev/simsec=492.144
     Messages:  created: 212823   present: 10   in FES: 6
** Event #1700608   t=5385.369662305359   Elapsed: 5385.32s (1h 29m)  85% completed  (85% total)
     Speed:     ev/sec=325.685   simsec/sec=1   ev/simsec=325.684
     Messages:  created: 212918   present: 9   in FES: 5
** Event #1701632   t=5387.405388559731   Elapsed: 5387.35s (1h 29m)  85% completed  (85% total)
     Speed:     ev/sec=503.014   simsec/sec=0.999998   ev/simsec=503.015
     Messages:  created: 213046   present: 9   in FES: 5
** Event #1702656   t=5389.611287464093   Elapsed: 5389.56s (1h 29m)  85% completed  (85% total)
     Speed:     ev/sec=464.211   simsec/sec=1   ev/simsec=464.21
     Messages:  created: 213174   present: 9   in FES: 5
** Event #1703424   t=5391.816742241256   Elapsed: 5391.76s (1h 29m)  85% completed  (85% total)
     Speed:     ev/sec=348.228   simsec/sec=1   ev/simsec=348.227
     Messages:  created: 213271   present: 10   in FES: 6
** Event #1704448   t=5393.895864814378   Elapsed: 5393.84s (1h 29m)  85% completed  (85% total)
     Speed:     ev/sec=492.513   simsec/sec=0.999996   ev/simsec=492.515
     Messages:  created: 213399   present: 10   in FES: 6
** Event #1705984   t=5396.241346797113   Elapsed: 5396.19s (1h 29m)  85% completed  (85% total)
     Speed:     ev/sec=654.877   simsec/sec=1   ev/simsec=654.876
     Messages:  created: 213590   present: 9   in FES: 5
** Event #1707008   t=5398.271435405994   Elapsed: 5398.22s (1h 29m)  85% completed  (85% total)
     Speed:     ev/sec=504.411   simsec/sec=0.999999   ev/simsec=504.411
     Messages:  created: 213719   present: 10   in FES: 6
** Event #1707776   t=5400.865320805523   Elapsed: 5400.81s (1h 30m)  85% completed  (85% total)
     Speed:     ev/sec=296.076   simsec/sec=0.999984   ev/simsec=296.081
     Messages:  created: 213814   present: 9   in FES: 5
t=5403.028398 executing removeServer()
scheduled complete remove at 5403.028398
** Event #1708800   t=5403.734322267431   Elapsed: 5403.68s (1h 30m)  85% completed  (85% total)
     Speed:     ev/sec=356.924   simsec/sec=1.00001   ev/simsec=356.919
     Messages:  created: 213944   present: 9   in FES: 6
** Event #1709824   t=5406.107942978274   Elapsed: 5406.07s (1h 30m)  85% completed  (85% total)
     Speed:     ev/sec=428.219   simsec/sec=0.992607   ev/simsec=431.408
     Messages:  created: 214071   present: 7   in FES: 4
** Event #1710592   t=5408.12911813079   Elapsed: 5408.09s (1h 30m)  85% completed  (85% total)
     Speed:     ev/sec=381.234   simsec/sec=1.00331   ev/simsec=379.977
     Messages:  created: 214167   present: 7   in FES: 4
** Event #1711360   t=5410.296652598897   Elapsed: 5410.24s (1h 30m)  85% completed  (85% total)
     Speed:     ev/sec=356.013   simsec/sec=1.00478   ev/simsec=354.32
     Messages:  created: 214263   present: 7   in FES: 4
** Event #1712128   t=5413.621869594307   Elapsed: 5413.6s (1h 30m)  85% completed  (85% total)
     Speed:     ev/sec=228.809   simsec/sec=0.990676   ev/simsec=230.962
     Messages:  created: 214359   present: 7   in FES: 4
** Event #1712640   t=5415.921824499901   Elapsed: 5415.91s (1h 30m)  85% completed  (85% total)
     Speed:     ev/sec=221.226   simsec/sec=0.993768   ev/simsec=222.613
     Messages:  created: 214423   present: 7   in FES: 4
** Event #1713152   t=5417.979128641967   Elapsed: 5417.94s (1h 30m)  85% completed  (85% total)
     Speed:     ev/sec=252.662   simsec/sec=1.01524   ev/simsec=248.869
     Messages:  created: 214487   present: 7   in FES: 4
** Event #1713664   t=5420.001382129102   Elapsed: 5419.96s (1h 30m)  86% completed  (86% total)
     Speed:     ev/sec=253.815   simsec/sec=1.0025   ev/simsec=253.183
     Messages:  created: 214551   present: 7   in FES: 4
** Event #1714432   t=5422.737525973754   Elapsed: 5422.8s (1h 30m)  86% completed  (86% total)
     Speed:     ev/sec=270.469   simsec/sec=0.963596   ev/simsec=280.687
     Messages:  created: 214647   present: 7   in FES: 4
** Event #1715200   t=5426.346437011563   Elapsed: 5426.3s (1h 30m)  86% completed  (86% total)
     Speed:     ev/sec=219.242   simsec/sec=1.03024   ev/simsec=212.807
     Messages:  created: 214743   present: 7   in FES: 4
** Event #1716224   t=5428.849199340393   Elapsed: 5428.82s (1h 30m)  86% completed  (86% total)
     Speed:     ev/sec=405.778   simsec/sec=0.991764   ev/simsec=409.148
     Messages:  created: 214871   present: 7   in FES: 4
** Event #1716992   t=5431.33509269883   Elapsed: 5431.3s (1h 30m)  86% completed  (86% total)
     Speed:     ev/sec=309.815   simsec/sec=1.00282   ev/simsec=308.943
     Messages:  created: 214967   present: 7   in FES: 4
** Event #1717504   t=5433.359131832632   Elapsed: 5433.31s (1h 30m)  86% completed  (86% total)
     Speed:     ev/sec=255.262   simsec/sec=1.0091   ev/simsec=252.96
     Messages:  created: 215031   present: 7   in FES: 4
** Event #1718016   t=5435.72838731431   Elapsed: 5435.67s (1h 30m)  86% completed  (86% total)
     Speed:     ev/sec=216.418   simsec/sec=1.00147   ev/simsec=216.102
     Messages:  created: 215096   present: 9   in FES: 6
** Event #1718528   t=5438.083243362779   Elapsed: 5438.08s (1h 30m)  86% completed  (86% total)
     Speed:     ev/sec=212.977   simsec/sec=0.979551   ev/simsec=217.423
     Messages:  created: 215159   present: 7   in FES: 4
** Event #1719040   t=5440.59781525179   Elapsed: 5440.62s (1h 30m)  86% completed  (86% total)
     Speed:     ev/sec=201.584   simsec/sec=0.990032   ev/simsec=203.613
     Messages:  created: 215223   present: 7   in FES: 4
** Event #1719552   t=5443.328117512232   Elapsed: 5443.3s (1h 30m)  86% completed  (86% total)
     Speed:     ev/sec=190.581   simsec/sec=1.01629   ev/simsec=187.525
     Messages:  created: 215287   present: 7   in FES: 4
** Event #1720320   t=5445.776125289385   Elapsed: 5445.77s (1h 30m)  86% completed  (86% total)
     Speed:     ev/sec=311.382   simsec/sec=0.992533   ev/simsec=313.724
     Messages:  created: 215383   present: 7   in FES: 4
** Event #1721344   t=5448.184053011478   Elapsed: 5448.14s (1h 30m)  86% completed  (86% total)
     Speed:     ev/sec=432.321   simsec/sec=1.0166   ev/simsec=425.262
     Messages:  created: 215511   present: 7   in FES: 4
** Event #1722624   t=5450.842269814069   Elapsed: 5450.85s (1h 30m)  86% completed  (86% total)
     Speed:     ev/sec=471.87   simsec/sec=0.979948   ev/simsec=481.526
     Messages:  created: 215671   present: 7   in FES: 4
** Event #1723136   t=5453.748447365515   Elapsed: 5453.73s (1h 30m)  86% completed  (86% total)
     Speed:     ev/sec=178.037   simsec/sec=1.01056   ev/simsec=176.176
     Messages:  created: 215735   present: 7   in FES: 4
** Event #1724160   t=5456.579939293941   Elapsed: 5456.54s (1h 30m)  86% completed  (86% total)
     Speed:     ev/sec=363.687   simsec/sec=1.00564   ev/simsec=361.647
     Messages:  created: 215863   present: 7   in FES: 4
** Event #1724928   t=5459.118902065719   Elapsed: 5459.06s (1h 30m)  86% completed  (86% total)
     Speed:     ev/sec=304.638   simsec/sec=1.00712   ev/simsec=302.486
     Messages:  created: 215960   present: 9   in FES: 6
** Event #1725696   t=5461.85797752066   Elapsed: 5461.8s (1h 31m)  86% completed  (86% total)
     Speed:     ev/sec=280.387   simsec/sec=1   ev/simsec=280.387
     Messages:  created: 216055   present: 9   in FES: 6
t=5462.571591 executing setDimmer(0.3)
** Event #1726464   t=5463.86212806484   Elapsed: 5463.81s (1h 31m)  86% completed  (86% total)
     Speed:     ev/sec=383.194   simsec/sec=0.999971   ev/simsec=383.205
     Messages:  created: 216151   present: 8   in FES: 5
** Event #1727232   t=5466.464042602443   Elapsed: 5466.41s (1h 31m)  86% completed  (86% total)
     Speed:     ev/sec=294.984   simsec/sec=0.999381   ev/simsec=295.167
     Messages:  created: 216247   present: 9   in FES: 6
** Event #1728256   t=5468.700177786375   Elapsed: 5468.65s (1h 31m)  86% completed  (86% total)
     Speed:     ev/sec=458.273   simsec/sec=1.00074   ev/simsec=457.933
     Messages:  created: 216376   present: 11   in FES: 6
** Event #1729024   t=5470.815632278589   Elapsed: 5470.76s (1h 31m)  86% completed  (86% total)
     Speed:     ev/sec=362.633   simsec/sec=0.998873   ev/simsec=363.043
     Messages:  created: 216471   present: 9   in FES: 5
** Event #1729792   t=5473.227544427706   Elapsed: 5473.17s (1h 31m)  86% completed  (86% total)
     Speed:     ev/sec=318.734   simsec/sec=1.00099   ev/simsec=318.42
     Messages:  created: 216567   present: 8   in FES: 5
** Event #1730816   t=5475.696711579555   Elapsed: 5475.64s (1h 31m)  86% completed  (86% total)
     Speed:     ev/sec=414.717   simsec/sec=1.00001   ev/simsec=414.715
     Messages:  created: 216695   present: 8   in FES: 5
** Event #1731584   t=5478.371033669904   Elapsed: 5478.33s (1h 31m)  86% completed  (86% total)
     Speed:     ev/sec=285.365   simsec/sec=0.993696   ev/simsec=287.176
     Messages:  created: 216791   present: 9   in FES: 6
** Event #1732608   t=5481.252521284196   Elapsed: 5481.2s (1h 31m)  87% completed  (87% total)
     Speed:     ev/sec=357.476   simsec/sec=1.00592   ev/simsec=355.372
     Messages:  created: 216919   present: 8   in FES: 5
** Event #1733120   t=5483.479368224886   Elapsed: 5483.43s (1h 31m)  87% completed  (87% total)
     Speed:     ev/sec=229.922   simsec/sec=1   ev/simsec=229.922
     Messages:  created: 216983   present: 8   in FES: 5
** Event #1733888   t=5485.732913624497   Elapsed: 5485.68s (1h 31m)  87% completed  (87% total)
     Speed:     ev/sec=340.797   simsec/sec=1   ev/simsec=340.796
     Messages:  created: 217079   present: 8   in FES: 5
** Event #1734912   t=5488.239821030977   Elapsed: 5488.22s (1h 31m)  87% completed  (87% total)
     Speed:     ev/sec=403.422   simsec/sec=0.987637   ev/simsec=408.471
     Messages:  created: 217207   present: 9   in FES: 5
** Event #1735680   t=5490.418302093951   Elapsed: 5490.36s (1h 31m)  87% completed  (87% total)
     Speed:     ev/sec=357.692   simsec/sec=1.01462   ev/simsec=352.539
     Messages:  created: 217303   present: 8   in FES: 5
** Event #1736704   t=5492.784111933121   Elapsed: 5492.74s (1h 31m)  87% completed  (87% total)
     Speed:     ev/sec=431.733   simsec/sec=0.99746   ev/simsec=432.833
     Messages:  created: 217431   present: 9   in FES: 6
** Event #1737472   t=5494.90745326954   Elapsed: 5494.85s (1h 31m)  87% completed  (87% total)
     Speed:     ev/sec=362.723   simsec/sec=1.00284   ev/simsec=361.694
     Messages:  created: 217527   present: 8   in FES: 5
** Event #1738240   t=5497.240422100699   Elapsed: 5497.19s (1h 31m)  87% completed  (87% total)
     Speed:     ev/sec=329.195   simsec/sec=1   ev/simsec=329.194
     Messages:  created: 217623   present: 8   in FES: 5
** Event #1739008   t=5499.310356192754   Elapsed: 5499.26s (1h 31m)  87% completed  (87% total)
     Speed:     ev/sec=371.024   simsec/sec=0.999993   ev/simsec=371.026
     Messages:  created: 217719   present: 8   in FES: 5
** Event #1739776   t=5501.422849207925   Elapsed: 5501.37s (1h 31m)  87% completed  (87% total)
     Speed:     ev/sec=363.554   simsec/sec=1.00001   ev/simsec=363.551
     Messages:  created: 217815   present: 8   in FES: 5
** Event #1740288   t=5503.524636725946   Elapsed: 5503.47s (1h 31m)  87% completed  (87% total)
     Speed:     ev/sec=243.602   simsec/sec=1   ev/simsec=243.602
     Messages:  created: 217880   present: 11   in FES: 6
** Event #1740800   t=5505.983269724375   Elapsed: 5505.93s (1h 31m)  87% completed  (87% total)
     Speed:     ev/sec=208.245   simsec/sec=0.999996   ev/simsec=208.246
     Messages:  created: 217943   present: 8   in FES: 5
** Event #1741312   t=5508.055348255464   Elapsed: 5508s (1h 31m)  87% completed  (87% total)
     Speed:     ev/sec=247.096   simsec/sec=1.00001   ev/simsec=247.095
     Messages:  created: 218007   present: 8   in FES: 5
** Event #1742336   t=5510.976861423053   Elapsed: 5510.92s (1h 31m)  87% completed  (87% total)
     Speed:     ev/sec=350.503   simsec/sec=0.999999   ev/simsec=350.503
     Messages:  created: 218135   present: 8   in FES: 5
** Event #1743104   t=5513.70247363881   Elapsed: 5513.65s (1h 31m)  87% completed  (87% total)
     Speed:     ev/sec=281.772   simsec/sec=1   ev/simsec=281.772
     Messages:  created: 218231   present: 8   in FES: 5
** Event #1743616   t=5516.375918653041   Elapsed: 5516.32s (1h 31m)  87% completed  (87% total)
     Speed:     ev/sec=191.513   simsec/sec=1   ev/simsec=191.513
     Messages:  created: 218295   present: 8   in FES: 5
** Event #1744384   t=5518.507887048635   Elapsed: 5518.46s (1h 31m)  87% completed  (87% total)
     Speed:     ev/sec=359.882   simsec/sec=0.999033   ev/simsec=360.23
     Messages:  created: 218391   present: 9   in FES: 6
** Event #1745664   t=5520.721401323145   Elapsed: 5520.67s (1h 32m)  87% completed  (87% total)
     Speed:     ev/sec=578.805   simsec/sec=1.00093   ev/simsec=578.266
     Messages:  created: 218553   present: 14   in FES: 7
** Event #1746176   t=5523.031045876812   Elapsed: 5522.98s (1h 32m)  87% completed  (87% total)
     Speed:     ev/sec=221.679   simsec/sec=1   ev/simsec=221.679
     Messages:  created: 218615   present: 10   in FES: 7
t=5523.449821 executing addServer()
adding server with latency=60
** Event #1747200   t=5525.211724422099   Elapsed: 5525.16s (1h 32m)  87% completed  (87% total)
     Speed:     ev/sec=469.577   simsec/sec=0.999997   ev/simsec=469.579
     Messages:  created: 218744   present: 11   in FES: 7
** Event #1748480   t=5528.044504253518   Elapsed: 5527.99s (1h 32m)  87% completed  (87% total)
     Speed:     ev/sec=451.855   simsec/sec=1   ev/simsec=451.853
     Messages:  created: 218904   present: 11   in FES: 7
** Event #1748992   t=5530.479219640411   Elapsed: 5530.43s (1h 32m)  87% completed  (87% total)
     Speed:     ev/sec=210.291   simsec/sec=0.999998   ev/simsec=210.292
     Messages:  created: 218968   present: 10   in FES: 6
** Event #1749760   t=5533.509470767364   Elapsed: 5533.46s (1h 32m)  87% completed  (87% total)
     Speed:     ev/sec=253.444   simsec/sec=1   ev/simsec=253.444
     Messages:  created: 219064   present: 10   in FES: 6
** Event #1750272   t=5535.693275150937   Elapsed: 5535.64s (1h 32m)  87% completed  (87% total)
     Speed:     ev/sec=234.453   simsec/sec=0.999999   ev/simsec=234.453
     Messages:  created: 219128   present: 10   in FES: 6
** Event #1750784   t=5537.892373057155   Elapsed: 5537.84s (1h 32m)  87% completed  (87% total)
     Speed:     ev/sec=232.823   simsec/sec=1   ev/simsec=232.823
     Messages:  created: 219192   present: 10   in FES: 6
** Event #1751296   t=5540.128690041716   Elapsed: 5540.07s (1h 32m)  87% completed  (87% total)
     Speed:     ev/sec=228.948   simsec/sec=1   ev/simsec=228.948
     Messages:  created: 219256   present: 10   in FES: 6
** Event #1751808   t=5542.632161568426   Elapsed: 5542.58s (1h 32m)  87% completed  (87% total)
     Speed:     ev/sec=204.509   simsec/sec=0.999968   ev/simsec=204.516
     Messages:  created: 219320   present: 10   in FES: 6
** Event #1752320   t=5544.726444697229   Elapsed: 5544.67s (1h 32m)  88% completed  (88% total)
     Speed:     ev/sec=244.485   simsec/sec=1.00004   ev/simsec=244.475
     Messages:  created: 219384   present: 10   in FES: 6
** Event #1752832   t=5546.822041588742   Elapsed: 5546.77s (1h 32m)  88% completed  (88% total)
     Speed:     ev/sec=244.321   simsec/sec=0.999999   ev/simsec=244.322
     Messages:  created: 219448   present: 10   in FES: 6
** Event #1753600   t=5549.224340296182   Elapsed: 5549.17s (1h 32m)  88% completed  (88% total)
     Speed:     ev/sec=319.694   simsec/sec=0.999999   ev/simsec=319.694
     Messages:  created: 219545   present: 12   in FES: 7
** Event #1754368   t=5551.259143923172   Elapsed: 5551.21s (1h 32m)  88% completed  (88% total)
     Speed:     ev/sec=377.432   simsec/sec=1   ev/simsec=377.432
     Messages:  created: 219640   present: 11   in FES: 7
** Event #1755392   t=5553.287452854535   Elapsed: 5553.23s (1h 32m)  88% completed  (88% total)
     Speed:     ev/sec=504.854   simsec/sec=0.999999   ev/simsec=504.854
     Messages:  created: 219768   present: 10   in FES: 6
** Event #1756160   t=5555.650580415137   Elapsed: 5555.6s (1h 32m)  88% completed  (88% total)
     Speed:     ev/sec=324.993   simsec/sec=1   ev/simsec=324.993
     Messages:  created: 219864   present: 10   in FES: 6
** Event #1757184   t=5558.102261997274   Elapsed: 5558.05s (1h 32m)  88% completed  (88% total)
     Speed:     ev/sec=417.673   simsec/sec=1   ev/simsec=417.673
     Messages:  created: 219992   present: 10   in FES: 6
** Event #1758464   t=5560.632267173974   Elapsed: 5560.58s (1h 32m)  88% completed  (88% total)
     Speed:     ev/sec=505.928   simsec/sec=1   ev/simsec=505.928
     Messages:  created: 220152   present: 11   in FES: 7
** Event #1759744   t=5562.872616440101   Elapsed: 5562.82s (1h 32m)  88% completed  (88% total)
     Speed:     ev/sec=571.339   simsec/sec=1   ev/simsec=571.339
     Messages:  created: 220312   present: 10   in FES: 6
** Event #1760512   t=5565.058870669951   Elapsed: 5565s (1h 32m)  88% completed  (88% total)
     Speed:     ev/sec=351.286   simsec/sec=1   ev/simsec=351.286
     Messages:  created: 220408   present: 11   in FES: 7
** Event #1761280   t=5567.671727900398   Elapsed: 5567.62s (1h 32m)  88% completed  (88% total)
     Speed:     ev/sec=293.931   simsec/sec=1   ev/simsec=293.931
     Messages:  created: 220504   present: 10   in FES: 6
** Event #1762304   t=5570.471767738115   Elapsed: 5570.42s (1h 32m)  88% completed  (88% total)
     Speed:     ev/sec=365.709   simsec/sec=1   ev/simsec=365.709
     Messages:  created: 220632   present: 11   in FES: 7
** Event #1762816   t=5572.49792849757   Elapsed: 5572.44s (1h 32m)  88% completed  (88% total)
     Speed:     ev/sec=252.694   simsec/sec=0.999999   ev/simsec=252.695
     Messages:  created: 220696   present: 10   in FES: 6
** Event #1763328   t=5574.706452916341   Elapsed: 5574.65s (1h 32m)  88% completed  (88% total)
     Speed:     ev/sec=231.826   simsec/sec=0.999986   ev/simsec=231.829
     Messages:  created: 220760   present: 10   in FES: 6
** Event #1764096   t=5576.91340619772   Elapsed: 5576.86s (1h 32m)  88% completed  (88% total)
     Speed:     ev/sec=347.996   simsec/sec=1.00001   ev/simsec=347.991
     Messages:  created: 220856   present: 11   in FES: 7
** Event #1765120   t=5579.443891866354   Elapsed: 5579.39s (1h 32m)  88% completed  (88% total)
     Speed:     ev/sec=404.665   simsec/sec=0.999999   ev/simsec=404.665
     Messages:  created: 220984   present: 10   in FES: 6
** Event #1766400   t=5581.668599886925   Elapsed: 5581.62s (1h 33m)  88% completed  (88% total)
     Speed:     ev/sec=575.233   simsec/sec=0.999786   ev/simsec=575.356
     Messages:  created: 221144   present: 12   in FES: 6
t=5582.948479 executing setDimmer(0.5)
t=5583.449821 addServer() complete
** Event #1767680   t=5584.030059227677   Elapsed: 5583.99s (1h 33m)  88% completed  (88% total)
     Speed:     ev/sec=539.228   simsec/sec=0.994816   ev/simsec=542.038
     Messages:  created: 221303   present: 9   in FES: 5
** Event #1768704   t=5586.430835635057   Elapsed: 5586.38s (1h 33m)  88% completed  (88% total)
     Speed:     ev/sec=428.468   simsec/sec=1.00455   ev/simsec=426.529
     Messages:  created: 221431   present: 9   in FES: 5
** Event #1769472   t=5588.629915582872   Elapsed: 5588.58s (1h 33m)  88% completed  (88% total)
     Speed:     ev/sec=349.549   simsec/sec=1.00089   ev/simsec=349.237
     Messages:  created: 221528   present: 11   in FES: 6
** Event #1770240   t=5591.264280259301   Elapsed: 5591.22s (1h 33m)  88% completed  (88% total)
     Speed:     ev/sec=290.678   simsec/sec=0.997072   ev/simsec=291.531
     Messages:  created: 221623   present: 9   in FES: 5
** Event #1771008   t=5593.569384421577   Elapsed: 5593.52s (1h 33m)  88% completed  (88% total)
     Speed:     ev/sec=333.673   simsec/sec=1.0015   ev/simsec=333.174
     Messages:  created: 221719   present: 9   in FES: 5
** Event #1771520   t=5595.736617706073   Elapsed: 5595.68s (1h 33m)  88% completed  (88% total)
     Speed:     ev/sec=236.709   simsec/sec=1.00196   ev/simsec=236.246
     Messages:  created: 221784   present: 11   in FES: 7
** Event #1772288   t=5598.114079393037   Elapsed: 5598.07s (1h 33m)  88% completed  (88% total)
     Speed:     ev/sec=321.489   simsec/sec=0.995217   ev/simsec=323.034
     Messages:  created: 221879   present: 9   in FES: 5
** Event #1773056   t=5600.304979966209   Elapsed: 5600.27s (1h 33m)  88% completed  (88% total)
     Speed:     ev/sec=349.283   simsec/sec=0.996412   ev/simsec=350.541
     Messages:  created: 221975   present: 9   in FES: 5
** Event #1773824   t=5602.371390126368   Elapsed: 5602.32s (1h 33m)  88% completed  (88% total)
     Speed:     ev/sec=375.093   simsec/sec=1.00924   ev/simsec=371.659
     Messages:  created: 222071   present: 9   in FES: 5
** Event #1774592   t=5604.64038451101   Elapsed: 5604.59s (1h 33m)  88% completed  (88% total)
     Speed:     ev/sec=338.535   simsec/sec=1.00018   ev/simsec=338.476
     Messages:  created: 222168   present: 12   in FES: 8
** Event #1775616   t=5607.467749822047   Elapsed: 5607.41s (1h 33m)  89% completed  (89% total)
     Speed:     ev/sec=362.174   simsec/sec=0.999999   ev/simsec=362.175
     Messages:  created: 222296   present: 11   in FES: 6
** Event #1776384   t=5609.569132430265   Elapsed: 5609.52s (1h 33m)  89% completed  (89% total)
     Speed:     ev/sec=365.474   simsec/sec=1   ev/simsec=365.474
     Messages:  created: 222392   present: 12   in FES: 7
** Event #1777408   t=5611.988637971624   Elapsed: 5611.95s (1h 33m)  89% completed  (89% total)
     Speed:     ev/sec=419.824   simsec/sec=0.991958   ev/simsec=423.227
     Messages:  created: 222519   present: 9   in FES: 5
** Event #1778176   t=5614.152030688578   Elapsed: 5614.1s (1h 33m)  89% completed  (89% total)
     Speed:     ev/sec=358.246   simsec/sec=1.00915   ev/simsec=354.998
     Messages:  created: 222616   present: 12   in FES: 7
** Event #1779712   t=5616.234942431825   Elapsed: 5616.19s (1h 33m)  89% completed  (89% total)
     Speed:     ev/sec=732.628   simsec/sec=0.993489   ev/simsec=737.429
     Messages:  created: 222807   present: 9   in FES: 5
** Event #1780992   t=5618.47654756068   Elapsed: 5618.43s (1h 33m)  89% completed  (89% total)
     Speed:     ev/sec=571.932   simsec/sec=1.0016   ev/simsec=571.019
     Messages:  created: 222967   present: 9   in FES: 5
** Event #1782016   t=5620.777286860229   Elapsed: 5620.72s (1h 33m)  89% completed  (89% total)
     Speed:     ev/sec=447.032   simsec/sec=1.0044   ev/simsec=445.074
     Messages:  created: 223097   present: 15   in FES: 8
** Event #1783296   t=5623.463036238017   Elapsed: 5623.41s (1h 33m)  89% completed  (89% total)
     Speed:     ev/sec=476.484   simsec/sec=0.999778   ev/simsec=476.59
     Messages:  created: 223255   present: 9   in FES: 5
** Event #1784320   t=5625.694068504724   Elapsed: 5625.64s (1h 33m)  89% completed  (89% total)
     Speed:     ev/sec=458.751   simsec/sec=0.999499   ev/simsec=458.98
     Messages:  created: 223383   present: 9   in FES: 5
** Event #1785600   t=5628.246302932511   Elapsed: 5628.2s (1h 33m)  89% completed  (89% total)
     Speed:     ev/sec=501.093   simsec/sec=0.999145   ev/simsec=501.521
     Messages:  created: 223543   present: 9   in FES: 5
** Event #1786624   t=5630.823338356106   Elapsed: 5630.77s (1h 33m)  89% completed  (89% total)
     Speed:     ev/sec=397.667   simsec/sec=1.00078   ev/simsec=397.356
     Messages:  created: 223671   present: 9   in FES: 5
** Event #1787392   t=5632.944497937206   Elapsed: 5632.89s (1h 33m)  89% completed  (89% total)
     Speed:     ev/sec=362.388   simsec/sec=1.00089   ev/simsec=362.066
     Messages:  created: 223768   present: 11   in FES: 7
** Event #1788160   t=5635.021850754811   Elapsed: 5634.98s (1h 33m)  89% completed  (89% total)
     Speed:     ev/sec=367.599   simsec/sec=0.994314   ev/simsec=369.701
     Messages:  created: 223863   present: 9   in FES: 5
** Event #1789696   t=5637.331380882123   Elapsed: 5637.3s (1h 33m)  89% completed  (89% total)
     Speed:     ev/sec=662.54   simsec/sec=0.996195   ev/simsec=665.07
     Messages:  created: 224055   present: 9   in FES: 5
** Event #1790720   t=5639.974913074346   Elapsed: 5639.92s (1h 33m)  89% completed  (89% total)
     Speed:     ev/sec=390.417   simsec/sec=1.00789   ev/simsec=387.361
     Messages:  created: 224183   present: 9   in FES: 5
** Event #1791232   t=5642.641889864308   Elapsed: 5642.59s (1h 34m)  89% completed  (89% total)
     Speed:     ev/sec=191.979   simsec/sec=1.00001   ev/simsec=191.978
     Messages:  created: 224247   present: 11   in FES: 7
t=5642.766131 executing setDimmer(0.1)
** Event #1792000   t=5645.106818568065   Elapsed: 5645.05s (1h 34m)  89% completed  (89% total)
     Speed:     ev/sec=311.568   simsec/sec=0.999991   ev/simsec=311.571
     Messages:  created: 224342   present: 9   in FES: 5
** Event #1792512   t=5647.883116409754   Elapsed: 5647.83s (1h 34m)  89% completed  (89% total)
     Speed:     ev/sec=184.341   simsec/sec=0.999582   ev/simsec=184.418
     Messages:  created: 224407   present: 11   in FES: 7
** Event #1793280   t=5650.059014068324   Elapsed: 5650s (1h 34m)  89% completed  (89% total)
     Speed:     ev/sec=353.146   simsec/sec=1.00053   ev/simsec=352.958
     Messages:  created: 224502   present: 9   in FES: 5
** Event #1794048   t=5652.5017678893   Elapsed: 5652.45s (1h 34m)  89% completed  (89% total)
     Speed:     ev/sec=314.4   simsec/sec=1   ev/simsec=314.399
     Messages:  created: 224599   present: 10   in FES: 6
** Event #1794560   t=5655.154203630715   Elapsed: 5655.1s (1h 34m)  89% completed  (89% total)
     Speed:     ev/sec=193.03   simsec/sec=0.999999   ev/simsec=193.03
     Messages:  created: 224662   present: 9   in FES: 5
** Event #1795072   t=5657.411255738977   Elapsed: 5657.36s (1h 34m)  89% completed  (89% total)
     Speed:     ev/sec=226.844   simsec/sec=0.999999   ev/simsec=226.845
     Messages:  created: 224726   present: 9   in FES: 5
** Event #1795584   t=5659.532003765408   Elapsed: 5659.48s (1h 34m)  89% completed  (89% total)
     Speed:     ev/sec=241.424   simsec/sec=1   ev/simsec=241.424
     Messages:  created: 224790   present: 9   in FES: 5
** Event #1796608   t=5661.646139225562   Elapsed: 5661.59s (1h 34m)  89% completed  (89% total)
     Speed:     ev/sec=484.363   simsec/sec=1.00001   ev/simsec=484.359
     Messages:  created: 224918   present: 9   in FES: 5
** Event #1797632   t=5664.690719506738   Elapsed: 5664.64s (1h 34m)  89% completed  (89% total)
     Speed:     ev/sec=336.333   simsec/sec=0.999994   ev/simsec=336.335
     Messages:  created: 225046   present: 9   in FES: 5
** Event #1798656   t=5667.115699078794   Elapsed: 5667.06s (1h 34m)  89% completed  (89% total)
     Speed:     ev/sec=422.272   simsec/sec=1   ev/simsec=422.272
     Messages:  created: 225175   present: 10   in FES: 6
** Event #1799680   t=5669.819215497183   Elapsed: 5669.77s (1h 34m)  89% completed  (89% total)
     Speed:     ev/sec=378.767   simsec/sec=1   ev/simsec=378.766
     Messages:  created: 225302   present: 9   in FES: 5
** Event #1800192   t=5672.029176540405   Elapsed: 5671.98s (1h 34m)  90% completed  (90% total)
     Speed:     ev/sec=231.678   simsec/sec=1   ev/simsec=231.678
     Messages:  created: 225366   present: 9   in FES: 5
** Event #1800960   t=5674.555694117428   Elapsed: 5674.5s (1h 34m)  90% completed  (90% total)
     Speed:     ev/sec=303.976   simsec/sec=1   ev/simsec=303.976
     Messages:  created: 225462   present: 9   in FES: 5
** Event #1801728   t=5676.702192267646   Elapsed: 5676.65s (1h 34m)  90% completed  (90% total)
     Speed:     ev/sec=357.792   simsec/sec=0.999999   ev/simsec=357.792
     Messages:  created: 225558   present: 9   in FES: 5
** Event #1802496   t=5679.016804034325   Elapsed: 5678.96s (1h 34m)  90% completed  (90% total)
     Speed:     ev/sec=331.805   simsec/sec=1   ev/simsec=331.805
     Messages:  created: 225654   present: 9   in FES: 5
** Event #1803520   t=5682.039338896395   Elapsed: 5681.99s (1h 34m)  90% completed  (90% total)
     Speed:     ev/sec=338.788   simsec/sec=0.999998   ev/simsec=338.788
     Messages:  created: 225782   present: 9   in FES: 5
** Event #1804288   t=5685.143861298472   Elapsed: 5685.09s (1h 34m)  90% completed  (90% total)
     Speed:     ev/sec=247.381   simsec/sec=1   ev/simsec=247.381
     Messages:  created: 225878   present: 9   in FES: 5
** Event #1805056   t=5687.771787661183   Elapsed: 5687.72s (1h 34m)  90% completed  (90% total)
     Speed:     ev/sec=292.245   simsec/sec=0.999999   ev/simsec=292.246
     Messages:  created: 225974   present: 9   in FES: 5
** Event #1805824   t=5689.824567918328   Elapsed: 5689.77s (1h 34m)  90% completed  (90% total)
     Speed:     ev/sec=374.128   simsec/sec=1   ev/simsec=374.127
     Messages:  created: 226070   present: 9   in FES: 5
** Event #1806848   t=5692.496754639226   Elapsed: 5692.44s (1h 34m)  90% completed  (90% total)
     Speed:     ev/sec=383.207   simsec/sec=1   ev/simsec=383.207
     Messages:  created: 226198   present: 9   in FES: 5
** Event #1807872   t=5695.368469567089   Elapsed: 5695.31s (1h 34m)  90% completed  (90% total)
     Speed:     ev/sec=356.581   simsec/sec=0.999999   ev/simsec=356.581
     Messages:  created: 226326   present: 9   in FES: 5
** Event #1808896   t=5698.100612633592   Elapsed: 5698.05s (1h 34m)  90% completed  (90% total)
     Speed:     ev/sec=374.798   simsec/sec=1   ev/simsec=374.797
     Messages:  created: 226454   present: 9   in FES: 5
** Event #1809664   t=5701.029631529676   Elapsed: 5700.98s (1h 35m)  90% completed  (90% total)
     Speed:     ev/sec=262.203   simsec/sec=0.999998   ev/simsec=262.204
     Messages:  created: 226550   present: 9   in FES: 5
** Event #1810432   t=5703.705436040527   Elapsed: 5703.65s (1h 35m)  90% completed  (90% total)
     Speed:     ev/sec=287.017   simsec/sec=1   ev/simsec=287.016
     Messages:  created: 226646   present: 9   in FES: 5
** Event #1811200   t=5706.289364928476   Elapsed: 5706.24s (1h 35m)  90% completed  (90% total)
     Speed:     ev/sec=297.222   simsec/sec=1   ev/simsec=297.222
     Messages:  created: 226742   present: 9   in FES: 5
** Event #1811712   t=5708.707546743697   Elapsed: 5708.65s (1h 35m)  90% completed  (90% total)
     Speed:     ev/sec=211.729   simsec/sec=0.999997   ev/simsec=211.729
     Messages:  created: 226806   present: 9   in FES: 5
** Event #1812736   t=5711.01472647739   Elapsed: 5710.96s (1h 35m)  90% completed  (90% total)
     Speed:     ev/sec=443.735   simsec/sec=0.999781   ev/simsec=443.832
     Messages:  created: 226934   present: 10   in FES: 5
** Event #1814272   t=5713.1554965336   Elapsed: 5713.1s (1h 35m)  90% completed  (90% total)
     Speed:     ev/sec=716.557   simsec/sec=0.998688   ev/simsec=717.499
     Messages:  created: 227126   present: 10   in FES: 6
** Event #1815040   t=5715.76668548491   Elapsed: 5715.71s (1h 35m)  90% completed  (90% total)
     Speed:     ev/sec=294.493   simsec/sec=1.00127   ev/simsec=294.119
     Messages:  created: 227222   present: 9   in FES: 5
** Event #1815808   t=5718.399141041773   Elapsed: 5718.35s (1h 35m)  90% completed  (90% total)
     Speed:     ev/sec=291.743   simsec/sec=1   ev/simsec=291.743
     Messages:  created: 227318   present: 9   in FES: 5
** Event #1816576   t=5720.891415683749   Elapsed: 5720.84s (1h 35m)  90% completed  (90% total)
     Speed:     ev/sec=308.006   simsec/sec=0.999525   ev/simsec=308.152
     Messages:  created: 227414   present: 10   in FES: 6
** Event #1817344   t=5723.108952589454   Elapsed: 5723.06s (1h 35m)  90% completed  (90% total)
     Speed:     ev/sec=346.362   simsec/sec=1.00009   ev/simsec=346.33
     Messages:  created: 227510   present: 10   in FES: 6
** Event #1818624   t=5725.151316570495   Elapsed: 5725.1s (1h 35m)  90% completed  (90% total)
     Speed:     ev/sec=627.026   simsec/sec=1.00048   ev/simsec=626.725
     Messages:  created: 227670   present: 9   in FES: 5
** Event #1819648   t=5727.462110227564   Elapsed: 5727.41s (1h 35m)  90% completed  (90% total)
     Speed:     ev/sec=443.138   simsec/sec=1   ev/simsec=443.138
     Messages:  created: 227798   present: 9   in FES: 5
** Event #1820416   t=5730.091390788346   Elapsed: 5730.04s (1h 35m)  90% completed  (90% total)
     Speed:     ev/sec=292.094   simsec/sec=0.999996   ev/simsec=292.095
     Messages:  created: 227894   present: 9   in FES: 5
** Event #1820928   t=5732.179040615013   Elapsed: 5732.12s (1h 35m)  90% completed  (90% total)
     Speed:     ev/sec=245.253   simsec/sec=1   ev/simsec=245.252
     Messages:  created: 227958   present: 9   in FES: 5
** Event #1821952   t=5734.59337809665   Elapsed: 5734.54s (1h 35m)  91% completed  (91% total)
     Speed:     ev/sec=424.133   simsec/sec=1   ev/simsec=424.133
     Messages:  created: 228086   present: 9   in FES: 5
** Event #1822720   t=5736.618647890011   Elapsed: 5736.56s (1h 35m)  91% completed  (91% total)
     Speed:     ev/sec=379.209   simsec/sec=1   ev/simsec=379.209
     Messages:  created: 228182   present: 9   in FES: 5
** Event #1823488   t=5739.37754521494   Elapsed: 5739.32s (1h 35m)  91% completed  (91% total)
     Speed:     ev/sec=278.372   simsec/sec=1   ev/simsec=278.372
     Messages:  created: 228278   present: 9   in FES: 5
** Event #1824512   t=5741.972465682859   Elapsed: 5741.92s (1h 35m)  91% completed  (91% total)
     Speed:     ev/sec=394.617   simsec/sec=1   ev/simsec=394.617
     Messages:  created: 228406   present: 9   in FES: 5
** Event #1825024   t=5743.987541576392   Elapsed: 5743.93s (1h 35m)  91% completed  (91% total)
     Speed:     ev/sec=254.085   simsec/sec=1   ev/simsec=254.085
     Messages:  created: 228470   present: 9   in FES: 5
** Event #1825792   t=5746.27972645488   Elapsed: 5746.23s (1h 35m)  91% completed  (91% total)
     Speed:     ev/sec=335.051   simsec/sec=1   ev/simsec=335.052
     Messages:  created: 228566   present: 9   in FES: 5
** Event #1827072   t=5749.165082784816   Elapsed: 5749.11s (1h 35m)  91% completed  (91% total)
     Speed:     ev/sec=443.619   simsec/sec=0.999999   ev/simsec=443.619
     Messages:  created: 228726   present: 9   in FES: 5
** Event #1827584   t=5751.545614780679   Elapsed: 5751.49s (1h 35m)  91% completed  (91% total)
     Speed:     ev/sec=215.078   simsec/sec=1   ev/simsec=215.078
     Messages:  created: 228790   present: 9   in FES: 5
** Event #1828352   t=5753.914348441611   Elapsed: 5753.86s (1h 35m)  91% completed  (91% total)
     Speed:     ev/sec=324.224   simsec/sec=1   ev/simsec=324.224
     Messages:  created: 228886   present: 9   in FES: 5
** Event #1829120   t=5757.344022730178   Elapsed: 5757.29s (1h 35m)  91% completed  (91% total)
     Speed:     ev/sec=223.928   simsec/sec=0.999999   ev/simsec=223.928
     Messages:  created: 228982   present: 9   in FES: 5
** Event #1829888   t=5760.409988208985   Elapsed: 5760.36s (1h 36m)  91% completed  (91% total)
     Speed:     ev/sec=250.493   simsec/sec=1   ev/simsec=250.492
     Messages:  created: 229077   present: 9   in FES: 5
t=5762.948514 executing removeServer()
scheduled complete remove at 5762.949232207385
** Event #1830656   t=5763.091716900963   Elapsed: 5763.04s (1h 36m)  91% completed  (91% total)
     Speed:     ev/sec=286.382   simsec/sec=0.999998   ev/simsec=286.382
     Messages:  created: 229175   present: 8   in FES: 5
** Event #1831424   t=5765.144943536952   Elapsed: 5765.09s (1h 36m)  91% completed  (91% total)
     Speed:     ev/sec=374.049   simsec/sec=1.00001   ev/simsec=374.045
     Messages:  created: 229271   present: 8   in FES: 5
** Event #1832192   t=5767.312843238323   Elapsed: 5767.26s (1h 36m)  91% completed  (91% total)
     Speed:     ev/sec=354.25   simsec/sec=0.999973   ev/simsec=354.26
     Messages:  created: 229367   present: 8   in FES: 5
** Event #1832960   t=5769.901278026391   Elapsed: 5769.85s (1h 36m)  91% completed  (91% total)
     Speed:     ev/sec=296.709   simsec/sec=1.00002   ev/simsec=296.704
     Messages:  created: 229463   present: 8   in FES: 5
** Event #1833728   t=5772.058479271424   Elapsed: 5772s (1h 36m)  91% completed  (91% total)
     Speed:     ev/sec=356.017   simsec/sec=1   ev/simsec=356.017
     Messages:  created: 229559   present: 8   in FES: 5
** Event #1834752   t=5774.991171634795   Elapsed: 5774.94s (1h 36m)  91% completed  (91% total)
     Speed:     ev/sec=349.167   simsec/sec=1   ev/simsec=349.167
     Messages:  created: 229687   present: 8   in FES: 5
** Event #1835264   t=5777.012625588112   Elapsed: 5776.96s (1h 36m)  91% completed  (91% total)
     Speed:     ev/sec=253.283   simsec/sec=1   ev/simsec=253.283
     Messages:  created: 229751   present: 8   in FES: 5
** Event #1836544   t=5779.488171703758   Elapsed: 5779.43s (1h 36m)  91% completed  (91% total)
     Speed:     ev/sec=517.052   simsec/sec=0.999989   ev/simsec=517.058
     Messages:  created: 229911   present: 8   in FES: 5
** Event #1837824   t=5782.005873112951   Elapsed: 5781.95s (1h 36m)  91% completed  (91% total)
     Speed:     ev/sec=508.406   simsec/sec=1.00001   ev/simsec=508.4
     Messages:  created: 230071   present: 8   in FES: 5
** Event #1838592   t=5784.214837846756   Elapsed: 5784.16s (1h 36m)  91% completed  (91% total)
     Speed:     ev/sec=347.676   simsec/sec=1   ev/simsec=347.674
     Messages:  created: 230167   present: 9   in FES: 6
** Event #1839616   t=5786.341370343302   Elapsed: 5786.29s (1h 36m)  91% completed  (91% total)
     Speed:     ev/sec=481.534   simsec/sec=0.999997   ev/simsec=481.535
     Messages:  created: 230295   present: 8   in FES: 5
** Event #1840896   t=5788.666758979206   Elapsed: 5788.61s (1h 36m)  91% completed  (91% total)
     Speed:     ev/sec=550.446   simsec/sec=1   ev/simsec=550.446
     Messages:  created: 230455   present: 8   in FES: 5
** Event #1841920   t=5791.923636934054   Elapsed: 5791.87s (1h 36m)  91% completed  (91% total)
     Speed:     ev/sec=314.412   simsec/sec=1   ev/simsec=314.412
     Messages:  created: 230583   present: 9   in FES: 6
** Event #1842432   t=5794.646211765949   Elapsed: 5794.59s (1h 36m)  91% completed  (91% total)
     Speed:     ev/sec=188.057   simsec/sec=0.999998   ev/simsec=188.057
     Messages:  created: 230647   present: 8   in FES: 5
** Event #1842944   t=5796.969479553874   Elapsed: 5796.92s (1h 36m)  92% completed  (92% total)
     Speed:     ev/sec=220.379   simsec/sec=1   ev/simsec=220.379
     Messages:  created: 230711   present: 8   in FES: 5
** Event #1843456   t=5799.182922742298   Elapsed: 5799.13s (1h 36m)  92% completed  (92% total)
     Speed:     ev/sec=231.31   simsec/sec=0.999983   ev/simsec=231.314
     Messages:  created: 230775   present: 8   in FES: 5
** Event #1844480   t=5801.735806504171   Elapsed: 5801.68s (1h 36m)  92% completed  (92% total)
     Speed:     ev/sec=401.121   simsec/sec=1.00001   ev/simsec=401.115
     Messages:  created: 230903   present: 9   in FES: 6
** Event #1845248   t=5804.765312203044   Elapsed: 5804.71s (1h 36m)  92% completed  (92% total)
     Speed:     ev/sec=253.506   simsec/sec=0.999996   ev/simsec=253.507
     Messages:  created: 230999   present: 8   in FES: 5
** Event #1845760   t=5806.766140549732   Elapsed: 5806.71s (1h 36m)  92% completed  (92% total)
     Speed:     ev/sec=255.896   simsec/sec=1.00001   ev/simsec=255.894
     Messages:  created: 231063   present: 9   in FES: 6
** Event #1846528   t=5809.209486189889   Elapsed: 5809.16s (1h 36m)  92% completed  (92% total)
     Speed:     ev/sec=314.323   simsec/sec=0.999999   ev/simsec=314.323
     Messages:  created: 231159   present: 8   in FES: 5
** Event #1847040   t=5811.884704462158   Elapsed: 5811.83s (1h 36m)  92% completed  (92% total)
     Speed:     ev/sec=191.383   simsec/sec=0.999986   ev/simsec=191.386
     Messages:  created: 231223   present: 8   in FES: 5
** Event #1847808   t=5814.278909742861   Elapsed: 5814.22s (1h 36m)  92% completed  (92% total)
     Speed:     ev/sec=320.78   simsec/sec=1.00002   ev/simsec=320.774
     Messages:  created: 231319   present: 8   in FES: 5
** Event #1848320   t=5816.64199752662   Elapsed: 5816.59s (1h 36m)  92% completed  (92% total)
     Speed:     ev/sec=216.666   simsec/sec=1   ev/simsec=216.666
     Messages:  created: 231383   present: 9   in FES: 6
** Event #1849088   t=5818.874698934956   Elapsed: 5818.82s (1h 36m)  92% completed  (92% total)
     Speed:     ev/sec=343.978   simsec/sec=0.999999   ev/simsec=343.978
     Messages:  created: 231479   present: 8   in FES: 5
** Event #1850112   t=5821.388801700934   Elapsed: 5821.33s (1h 37m)  92% completed  (92% total)
     Speed:     ev/sec=407.302   simsec/sec=0.999998   ev/simsec=407.302
     Messages:  created: 231606   present: 8   in FES: 5
** Event #1850880   t=5823.564131347354   Elapsed: 5823.51s (1h 37m)  92% completed  (92% total)
     Speed:     ev/sec=353.05   simsec/sec=0.999999   ev/simsec=353.05
     Messages:  created: 231702   present: 8   in FES: 5
** Event #1851904   t=5826.23777130865   Elapsed: 5826.18s (1h 37m)  92% completed  (92% total)
     Speed:     ev/sec=382.999   simsec/sec=1   ev/simsec=382.998
     Messages:  created: 231830   present: 8   in FES: 5
** Event #1852928   t=5829.062126350364   Elapsed: 5829.01s (1h 37m)  92% completed  (92% total)
     Speed:     ev/sec=362.561   simsec/sec=1   ev/simsec=362.561
     Messages:  created: 231959   present: 10   in FES: 7
** Event #1853696   t=5831.118960292824   Elapsed: 5831.06s (1h 37m)  92% completed  (92% total)
     Speed:     ev/sec=373.389   simsec/sec=1   ev/simsec=373.389
     Messages:  created: 232054   present: 8   in FES: 5
** Event #1854976   t=5833.722466898283   Elapsed: 5833.67s (1h 37m)  92% completed  (92% total)
     Speed:     ev/sec=491.645   simsec/sec=1   ev/simsec=491.645
     Messages:  created: 232214   present: 8   in FES: 5
** Event #1855744   t=5835.841792552506   Elapsed: 5835.79s (1h 37m)  92% completed  (92% total)
     Speed:     ev/sec=362.378   simsec/sec=0.999997   ev/simsec=362.379
     Messages:  created: 232310   present: 8   in FES: 5
** Event #1856768   t=5838.053222576208   Elapsed: 5838s (1h 37m)  92% completed  (92% total)
     Speed:     ev/sec=463.05   simsec/sec=1   ev/simsec=463.049
     Messages:  created: 232438   present: 8   in FES: 5
** Event #1858048   t=5840.304138558476   Elapsed: 5840.25s (1h 37m)  92% completed  (92% total)
     Speed:     ev/sec=568.657   simsec/sec=1   ev/simsec=568.657
     Messages:  created: 232598   present: 8   in FES: 5
** Event #1858816   t=5842.846508744729   Elapsed: 5842.79s (1h 37m)  92% completed  (92% total)
     Speed:     ev/sec=302.08   simsec/sec=0.999998   ev/simsec=302.08
     Messages:  created: 232694   present: 8   in FES: 5
** Event #1859584   t=5845.581986985448   Elapsed: 5845.53s (1h 37m)  92% completed  (92% total)
     Speed:     ev/sec=280.74   simsec/sec=0.999947   ev/simsec=280.755
     Messages:  created: 232792   present: 13   in FES: 6
** Event #1860608   t=5848.456957079785   Elapsed: 5848.4s (1h 37m)  92% completed  (92% total)
     Speed:     ev/sec=356.196   simsec/sec=1.00005   ev/simsec=356.178
     Messages:  created: 232919   present: 9   in FES: 6
** Event #1861632   t=5850.771544438657   Elapsed: 5850.72s (1h 37m)  92% completed  (92% total)
     Speed:     ev/sec=442.412   simsec/sec=1   ev/simsec=442.411
     Messages:  created: 233046   present: 8   in FES: 5
** Event #1862400   t=5853.56347937245   Elapsed: 5853.51s (1h 37m)  92% completed  (92% total)
     Speed:     ev/sec=275.078   simsec/sec=1   ev/simsec=275.078
     Messages:  created: 233142   present: 8   in FES: 5
** Event #1862912   t=5855.758898407929   Elapsed: 5855.7s (1h 37m)  92% completed  (92% total)
     Speed:     ev/sec=233.216   simsec/sec=1.00001   ev/simsec=233.213
     Messages:  created: 233206   present: 8   in FES: 5
** Event #1864192   t=5858.075091768271   Elapsed: 5858.02s (1h 37m)  92% completed  (92% total)
     Speed:     ev/sec=552.625   simsec/sec=0.999989   ev/simsec=552.631
     Messages:  created: 233366   present: 8   in FES: 5
** Event #1865216   t=5860.115564754484   Elapsed: 5860.06s (1h 37m)  93% completed  (93% total)
     Speed:     ev/sec=501.844   simsec/sec=1   ev/simsec=501.844
     Messages:  created: 233494   present: 8   in FES: 5
** Event #1866240   t=5862.492726126505   Elapsed: 5862.44s (1h 37m)  93% completed  (93% total)
     Speed:     ev/sec=430.765   simsec/sec=0.999998   ev/simsec=430.766
     Messages:  created: 233623   present: 9   in FES: 6
** Event #1867264   t=5864.817787352263   Elapsed: 5864.76s (1h 37m)  93% completed  (93% total)
     Speed:     ev/sec=440.419   simsec/sec=1   ev/simsec=440.419
     Messages:  created: 233750   present: 8   in FES: 5
** Event #1868032   t=5867.315714314401   Elapsed: 5867.26s (1h 37m)  93% completed  (93% total)
     Speed:     ev/sec=307.455   simsec/sec=1   ev/simsec=307.455
     Messages:  created: 233846   present: 8   in FES: 5
** Event #1869056   t=5869.647117380311   Elapsed: 5869.59s (1h 37m)  93% completed  (93% total)
     Speed:     ev/sec=439.22   simsec/sec=0.999998   ev/simsec=439.22
     Messages:  created: 233974   present: 8   in FES: 5
** Event #1870080   t=5872.050654534926   Elapsed: 5872s (1h 37m)  93% completed  (93% total)
     Speed:     ev/sec=426.038   simsec/sec=0.999998   ev/simsec=426.039
     Messages:  created: 234103   present: 9   in FES: 6
** Event #1871360   t=5874.582764962913   Elapsed: 5874.53s (1h 37m)  93% completed  (93% total)
     Speed:     ev/sec=505.509   simsec/sec=1   ev/simsec=505.507
     Messages:  created: 234262   present: 8   in FES: 5
** Event #1872128   t=5878.048584007964   Elapsed: 5877.99s (1h 37m)  93% completed  (93% total)
     Speed:     ev/sec=221.593   simsec/sec=0.999999   ev/simsec=221.593
     Messages:  created: 234358   present: 8   in FES: 5
** Event #1872896   t=5881.495590258184   Elapsed: 5881.44s (1h 38m)  93% completed  (93% total)
     Speed:     ev/sec=222.802   simsec/sec=0.999998   ev/simsec=222.802
     Messages:  created: 234454   present: 8   in FES: 5
t=5882.863369 executing setDimmer(0.3)
** Event #1873664   t=5883.79591113587   Elapsed: 5883.74s (1h 38m)  93% completed  (93% total)
     Speed:     ev/sec=333.873   simsec/sec=1.00002   ev/simsec=333.866
     Messages:  created: 234551   present: 13   in FES: 7
** Event #1874688   t=5886.257017460011   Elapsed: 5886.2s (1h 38m)  93% completed  (93% total)
     Speed:     ev/sec=416.066   simsec/sec=0.999983   ev/simsec=416.073
     Messages:  created: 234678   present: 9   in FES: 6
** Event #1875712   t=5889.101104512495   Elapsed: 5889.2s (1h 38m)  93% completed  (93% total)
     Speed:     ev/sec=341.389   simsec/sec=0.948183   ev/simsec=360.045
     Messages:  created: 234805   present: 7   in FES: 4
** Event #1876480   t=5891.390448681295   Elapsed: 5891.34s (1h 38m)  93% completed  (93% total)
     Speed:     ev/sec=359.901   simsec/sec=1.07284   ev/simsec=335.467
     Messages:  created: 234902   present: 9   in FES: 6
** Event #1877248   t=5893.709501563602   Elapsed: 5893.73s (1h 38m)  93% completed  (93% total)
     Speed:     ev/sec=321.273   simsec/sec=0.970115   ev/simsec=331.17
     Messages:  created: 234997   present: 7   in FES: 4
** Event #1878016   t=5896.083088676681   Elapsed: 5896.17s (1h 38m)  93% completed  (93% total)
     Speed:     ev/sec=313.75   simsec/sec=0.96968   ev/simsec=323.561
     Messages:  created: 235093   present: 7   in FES: 4
** Event #1878784   t=5898.51044382484   Elapsed: 5898.46s (1h 38m)  93% completed  (93% total)
     Speed:     ev/sec=336.592   simsec/sec=1.06384   ev/simsec=316.394
     Messages:  created: 235190   present: 9   in FES: 6
** Event #1879552   t=5901.204016097307   Elapsed: 5901.15s (1h 38m)  93% completed  (93% total)
     Speed:     ev/sec=284.594   simsec/sec=0.998144   ev/simsec=285.123
     Messages:  created: 235285   present: 7   in FES: 4
** Event #1880064   t=5903.353002482206   Elapsed: 5903.31s (1h 38m)  93% completed  (93% total)
     Speed:     ev/sec=237.79   simsec/sec=0.998063   ev/simsec=238.252
     Messages:  created: 235349   present: 7   in FES: 4
** Event #1880576   t=5906.481029175409   Elapsed: 5906.43s (1h 38m)  93% completed  (93% total)
     Speed:     ev/sec=164.163   simsec/sec=1.00294   ev/simsec=163.681
     Messages:  created: 235414   present: 9   in FES: 6
** Event #1881344   t=5910.152330816126   Elapsed: 5910.1s (1h 38m)  93% completed  (93% total)
     Speed:     ev/sec=209.19   simsec/sec=0.999999   ev/simsec=209.19
     Messages:  created: 235511   present: 11   in FES: 7
** Event #1881856   t=5912.755127413187   Elapsed: 5912.73s (1h 38m)  93% completed  (93% total)
     Speed:     ev/sec=194.443   simsec/sec=0.988469   ev/simsec=196.711
     Messages:  created: 235573   present: 7   in FES: 4
** Event #1882624   t=5915.235944130942   Elapsed: 5915.21s (1h 38m)  93% completed  (93% total)
     Speed:     ev/sec=310.307   simsec/sec=1.00236   ev/simsec=309.575
     Messages:  created: 235669   present: 7   in FES: 4
** Event #1883392   t=5917.754130518184   Elapsed: 5917.7s (1h 38m)  93% completed  (93% total)
     Speed:     ev/sec=307.979   simsec/sec=1.00983   ev/simsec=304.981
     Messages:  created: 235766   present: 9   in FES: 6
** Event #1883904   t=5919.979077401968   Elapsed: 5919.99s (1h 38m)  93% completed  (93% total)
     Speed:     ev/sec=223.375   simsec/sec=0.970697   ev/simsec=230.118
     Messages:  created: 235829   present: 7   in FES: 4
** Event #1884928   t=5922.287924504968   Elapsed: 5922.23s (1h 38m)  94% completed  (94% total)
     Speed:     ev/sec=456.812   simsec/sec=1.02999   ev/simsec=443.511
     Messages:  created: 235958   present: 9   in FES: 6
** Event #1885696   t=5925.475833406786   Elapsed: 5925.42s (1h 38m)  94% completed  (94% total)
     Speed:     ev/sec=240.906   simsec/sec=0.999981   ev/simsec=240.91
     Messages:  created: 236054   present: 9   in FES: 6
** Event #1886464   t=5927.882291527731   Elapsed: 5927.84s (1h 38m)  94% completed  (94% total)
     Speed:     ev/sec=317.272   simsec/sec=0.994143   ev/simsec=319.141
     Messages:  created: 236149   present: 7   in FES: 4
** Event #1886976   t=5930.020321851416   Elapsed: 5929.97s (1h 38m)  94% completed  (94% total)
     Speed:     ev/sec=241.072   simsec/sec=1.00668   ev/simsec=239.473
     Messages:  created: 236214   present: 9   in FES: 6
** Event #1887488   t=5932.180865672462   Elapsed: 5932.13s (1h 38m)  94% completed  (94% total)
     Speed:     ev/sec=236.978   simsec/sec=1   ev/simsec=236.977
     Messages:  created: 236279   present: 12   in FES: 7
** Event #1888512   t=5934.397097629515   Elapsed: 5934.34s (1h 38m)  94% completed  (94% total)
     Speed:     ev/sec=462.045   simsec/sec=0.999999   ev/simsec=462.045
     Messages:  created: 236406   present: 9   in FES: 6
** Event #1889280   t=5937.136898604214   Elapsed: 5937.08s (1h 38m)  94% completed  (94% total)
     Speed:     ev/sec=280.312   simsec/sec=1   ev/simsec=280.312
     Messages:  created: 236502   present: 9   in FES: 6
** Event #1889792   t=5939.55619469599   Elapsed: 5939.53s (1h 38m)  94% completed  (94% total)
     Speed:     ev/sec=209.261   simsec/sec=0.988798   ev/simsec=211.632
     Messages:  created: 236565   present: 7   in FES: 4
** Event #1890560   t=5942.06019696585   Elapsed: 5942.01s (1h 39m)  94% completed  (94% total)
     Speed:     ev/sec=310.104   simsec/sec=1.01107   ev/simsec=306.709
     Messages:  created: 236661   present: 8   in FES: 5
t=5942.691258 executing setDimmer(0.9)
** Event #1891328   t=5944.821931797447   Elapsed: 5944.77s (1h 39m)  94% completed  (94% total)
     Speed:     ev/sec=278.086   simsec/sec=0.999999   ev/simsec=278.086
     Messages:  created: 236757   present: 8   in FES: 5
** Event #1892096   t=5947.207005979221   Elapsed: 5947.17s (1h 39m)  94% completed  (94% total)
     Speed:     ev/sec=319.734   simsec/sec=0.992956   ev/simsec=322.003
     Messages:  created: 236853   present: 9   in FES: 6
** Event #1892864   t=5949.246342504339   Elapsed: 5949.19s (1h 39m)  94% completed  (94% total)
     Speed:     ev/sec=379.744   simsec/sec=1.00837   ev/simsec=376.593
     Messages:  created: 236951   present: 13   in FES: 7
** Event #1893632   t=5951.328500456929   Elapsed: 5951.29s (1h 39m)  94% completed  (94% total)
     Speed:     ev/sec=365.986   simsec/sec=0.99224   ev/simsec=368.848
     Messages:  created: 237045   present: 9   in FES: 6
** Event #1894144   t=5953.407806273616   Elapsed: 5953.38s (1h 39m)  94% completed  (94% total)
     Speed:     ev/sec=244.939   simsec/sec=0.994731   ev/simsec=246.236
     Messages:  created: 237109   present: 9   in FES: 6
** Event #1894912   t=5955.965266754543   Elapsed: 5955.91s (1h 39m)  94% completed  (94% total)
     Speed:     ev/sec=303.537   simsec/sec=1.01079   ev/simsec=300.298
     Messages:  created: 237207   present: 14   in FES: 7
** Event #1895680   t=5958.080754825333   Elapsed: 5958.03s (1h 39m)  94% completed  (94% total)
     Speed:     ev/sec=363.037   simsec/sec=1   ev/simsec=363.037
     Messages:  created: 237301   present: 8   in FES: 5
** Event #1896448   t=5960.092615416317   Elapsed: 5960.04s (1h 39m)  94% completed  (94% total)
     Speed:     ev/sec=381.737   simsec/sec=1   ev/simsec=381.736
     Messages:  created: 237400   present: 16   in FES: 7
** Event #1897728   t=5962.550642409754   Elapsed: 5962.5s (1h 39m)  94% completed  (94% total)
     Speed:     ev/sec=520.743   simsec/sec=1   ev/simsec=520.743
     Messages:  created: 237592   present: 101   in FES: 7
** Event #1898752   t=5965.096896079278   Elapsed: 5965.04s (1h 39m)  94% completed  (94% total)
     Speed:     ev/sec=402.157   simsec/sec=0.999994   ev/simsec=402.159
     Messages:  created: 237721   present: 104   in FES: 7
** Event #1899520   t=5967.174481609145   Elapsed: 5967.12s (1h 39m)  94% completed  (94% total)
     Speed:     ev/sec=369.662   simsec/sec=1.00001   ev/simsec=369.66
     Messages:  created: 237797   present: 51   in FES: 7
** Event #1900544   t=5969.580783928906   Elapsed: 5969.55s (1h 39m)  94% completed  (94% total)
     Speed:     ev/sec=422.22   simsec/sec=0.992177   ev/simsec=425.549
     Messages:  created: 237912   present: 17   in FES: 6
** Event #1901568   t=5971.825483978705   Elapsed: 5971.77s (1h 39m)  94% completed  (94% total)
     Speed:     ev/sec=460.074   simsec/sec=1.00852   ev/simsec=456.186
     Messages:  created: 238038   present: 12   in FES: 7
** Event #1902336   t=5973.999499869776   Elapsed: 5973.95s (1h 39m)  94% completed  (94% total)
     Speed:     ev/sec=352.012   simsec/sec=0.996459   ev/simsec=353.263
     Messages:  created: 238133   present: 9   in FES: 6
** Event #1903104   t=5976.431906946811   Elapsed: 5976.38s (1h 39m)  94% completed  (94% total)
     Speed:     ev/sec=316.748   simsec/sec=1.0032   ev/simsec=315.737
     Messages:  created: 238230   present: 11   in FES: 7
** Event #1903872   t=5979.045628267532   Elapsed: 5979s (1h 39m)  94% completed  (94% total)
     Speed:     ev/sec=292.672   simsec/sec=0.996046   ev/simsec=293.834
     Messages:  created: 238325   present: 9   in FES: 5
** Event #1904384   t=5981.346906420496   Elapsed: 5981.29s (1h 39m)  94% completed  (94% total)
     Speed:     ev/sec=223.489   simsec/sec=1.00451   ev/simsec=222.485
     Messages:  created: 238390   present: 11   in FES: 7
** Event #1905152   t=5984.28795588454   Elapsed: 5984.23s (1h 39m)  94% completed  (94% total)
     Speed:     ev/sec=261.132   simsec/sec=1   ev/simsec=261.131
     Messages:  created: 238485   present: 8   in FES: 5
** Event #1905920   t=5987.321299343271   Elapsed: 5987.27s (1h 39m)  95% completed  (95% total)
     Speed:     ev/sec=253.186   simsec/sec=0.999998   ev/simsec=253.186
     Messages:  created: 238581   present: 8   in FES: 5
** Event #1906432   t=5989.32399427932   Elapsed: 5989.27s (1h 39m)  95% completed  (95% total)
     Speed:     ev/sec=255.656   simsec/sec=1   ev/simsec=255.656
     Messages:  created: 238645   present: 8   in FES: 5
** Event #1907200   t=5992.314646091354   Elapsed: 5992.26s (1h 39m)  95% completed  (95% total)
     Speed:     ev/sec=256.795   simsec/sec=0.999979   ev/simsec=256.8
     Messages:  created: 238741   present: 8   in FES: 5
** Event #1907968   t=5994.733029004237   Elapsed: 5994.68s (1h 39m)  95% completed  (95% total)
     Speed:     ev/sec=317.576   simsec/sec=1.00003   ev/simsec=317.568
     Messages:  created: 238839   present: 14   in FES: 7
** Event #1908736   t=5997.14870682382   Elapsed: 5997.1s (1h 39m)  95% completed  (95% total)
     Speed:     ev/sec=317.424   simsec/sec=0.998429   ev/simsec=317.923
     Messages:  created: 238933   present: 9   in FES: 5
** Event #1909760   t=5999.630235103182   Elapsed: 5999.58s (1h 39m)  95% completed  (95% total)
     Speed:     ev/sec=413.283   simsec/sec=1.00154   ev/simsec=412.649
     Messages:  created: 239070   present: 32   in FES: 7
** Event #1910528   t=6001.960522194699   Elapsed: 6001.91s (1h 40m)  95% completed  (95% total)
     Speed:     ev/sec=329.333   simsec/sec=0.999271   ev/simsec=329.573
     Messages:  created: 239156   present: 8   in FES: 5
t=6003.103072 executing setDimmer(0.1)
** Event #1911296   t=6004.314676870738   Elapsed: 6004.26s (1h 40m)  95% completed  (95% total)
     Speed:     ev/sec=326.465   simsec/sec=1.00072   ev/simsec=326.232
     Messages:  created: 239252   present: 8   in FES: 5
** Event #1912064   t=6006.329506405667   Elapsed: 6006.28s (1h 40m)  95% completed  (95% total)
     Speed:     ev/sec=381.176   simsec/sec=1.00001   ev/simsec=381.174
     Messages:  created: 239348   present: 9   in FES: 6
** Event #1912832   t=6008.58767128824   Elapsed: 6008.53s (1h 40m)  95% completed  (95% total)
     Speed:     ev/sec=340.098   simsec/sec=0.999998   ev/simsec=340.099
     Messages:  created: 239444   present: 9   in FES: 6
** Event #1913600   t=6011.494869701192   Elapsed: 6011.44s (1h 40m)  95% completed  (95% total)
     Speed:     ev/sec=264.172   simsec/sec=1   ev/simsec=264.172
     Messages:  created: 239540   present: 8   in FES: 5
** Event #1914368   t=6014.119174284247   Elapsed: 6014.07s (1h 40m)  95% completed  (95% total)
     Speed:     ev/sec=292.649   simsec/sec=1   ev/simsec=292.649
     Messages:  created: 239636   present: 9   in FES: 6
** Event #1915136   t=6017.060098251729   Elapsed: 6017.01s (1h 40m)  95% completed  (95% total)
     Speed:     ev/sec=261.142   simsec/sec=0.999998   ev/simsec=261.142
     Messages:  created: 239732   present: 8   in FES: 5
** Event #1915648   t=6019.498283986086   Elapsed: 6019.44s (1h 40m)  95% completed  (95% total)
     Speed:     ev/sec=209.992   simsec/sec=1   ev/simsec=209.992
     Messages:  created: 239796   present: 8   in FES: 5
** Event #1916416   t=6022.153854140374   Elapsed: 6022.1s (1h 40m)  95% completed  (95% total)
     Speed:     ev/sec=289.204   simsec/sec=1   ev/simsec=289.203
     Messages:  created: 239892   present: 9   in FES: 6
** Event #1917184   t=6024.523262505055   Elapsed: 6024.47s (1h 40m)  95% completed  (95% total)
     Speed:     ev/sec=324.129   simsec/sec=0.999993   ev/simsec=324.132
     Messages:  created: 239988   present: 8   in FES: 5
** Event #1918208   t=6027.091587243644   Elapsed: 6027.04s (1h 40m)  95% completed  (95% total)
     Speed:     ev/sec=398.705   simsec/sec=1   ev/simsec=398.703
     Messages:  created: 240116   present: 9   in FES: 6
** Event #1919232   t=6029.833845201198   Elapsed: 6029.78s (1h 40m)  95% completed  (95% total)
     Speed:     ev/sec=373.416   simsec/sec=1   ev/simsec=373.415
     Messages:  created: 240244   present: 9   in FES: 6
** Event #1920256   t=6032.202816877025   Elapsed: 6032.15s (1h 40m)  95% completed  (95% total)
     Speed:     ev/sec=432.255   simsec/sec=1   ev/simsec=432.255
     Messages:  created: 240372   present: 9   in FES: 6
** Event #1920768   t=6034.295953956548   Elapsed: 6034.24s (1h 40m)  95% completed  (95% total)
     Speed:     ev/sec=244.608   simsec/sec=0.999997   ev/simsec=244.609
     Messages:  created: 240436   present: 8   in FES: 5
** Event #1921792   t=6037.120153780537   Elapsed: 6037.07s (1h 40m)  95% completed  (95% total)
     Speed:     ev/sec=362.575   simsec/sec=0.999986   ev/simsec=362.581
     Messages:  created: 240564   present: 8   in FES: 5
** Event #1922304   t=6039.703085794312   Elapsed: 6039.65s (1h 40m)  95% completed  (95% total)
     Speed:     ev/sec=198.228   simsec/sec=1.00002   ev/simsec=198.224
     Messages:  created: 240628   present: 8   in FES: 5
** Event #1923328   t=6042.183249750683   Elapsed: 6042.13s (1h 40m)  95% completed  (95% total)
     Speed:     ev/sec=412.877   simsec/sec=1   ev/simsec=412.876
     Messages:  created: 240756   present: 9   in FES: 6
** Event #1924096   t=6044.37676514718   Elapsed: 6044.32s (1h 40m)  95% completed  (95% total)
     Speed:     ev/sec=350.122   simsec/sec=0.999997   ev/simsec=350.123
     Messages:  created: 240852   present: 8   in FES: 5
** Event #1925120   t=6046.862934860587   Elapsed: 6046.81s (1h 40m)  95% completed  (95% total)
     Speed:     ev/sec=411.879   simsec/sec=1   ev/simsec=411.879
     Messages:  created: 240980   present: 8   in FES: 5
** Event #1925888   t=6049.283435101038   Elapsed: 6049.23s (1h 40m)  96% completed  (96% total)
     Speed:     ev/sec=317.29   simsec/sec=1   ev/simsec=317.29
     Messages:  created: 241076   present: 8   in FES: 5
** Event #1926656   t=6051.768223407819   Elapsed: 6051.71s (1h 40m)  96% completed  (96% total)
     Speed:     ev/sec=309.08   simsec/sec=0.999999   ev/simsec=309.081
     Messages:  created: 241172   present: 8   in FES: 5
** Event #1927680   t=6054.316636154308   Elapsed: 6054.26s (1h 40m)  96% completed  (96% total)
     Speed:     ev/sec=401.819   simsec/sec=1   ev/simsec=401.819
     Messages:  created: 241300   present: 8   in FES: 5
** Event #1928448   t=6057.019516085479   Elapsed: 6056.97s (1h 40m)  96% completed  (96% total)
     Speed:     ev/sec=284.141   simsec/sec=0.999998   ev/simsec=284.141
     Messages:  created: 241396   present: 8   in FES: 5
** Event #1928960   t=6059.626100669655   Elapsed: 6059.57s (1h 40m)  96% completed  (96% total)
     Speed:     ev/sec=196.421   simsec/sec=0.999976   ev/simsec=196.426
     Messages:  created: 241460   present: 8   in FES: 5
** Event #1929728   t=6062.095926583525   Elapsed: 6062.04s (1h 41m)  96% completed  (96% total)
     Speed:     ev/sec=310.962   simsec/sec=1.00003   ev/simsec=310.953
     Messages:  created: 241555   present: 8   in FES: 5
t=6063.16177 executing setDimmer(0.3)
** Event #1930240   t=6064.235113989367   Elapsed: 6064.18s (1h 41m)  96% completed  (96% total)
     Speed:     ev/sec=239.344   simsec/sec=1   ev/simsec=239.343
     Messages:  created: 241619   present: 8   in FES: 5
** Event #1930752   t=6066.79626755293   Elapsed: 6066.74s (1h 41m)  96% completed  (96% total)
     Speed:     ev/sec=199.91   simsec/sec=0.999999   ev/simsec=199.91
     Messages:  created: 241683   present: 8   in FES: 5
** Event #1931520   t=6069.058119038747   Elapsed: 6069s (1h 41m)  96% completed  (96% total)
     Speed:     ev/sec=339.545   simsec/sec=1   ev/simsec=339.545
     Messages:  created: 241779   present: 8   in FES: 5
** Event #1932032   t=6071.112062672506   Elapsed: 6071.06s (1h 41m)  96% completed  (96% total)
     Speed:     ev/sec=249.276   simsec/sec=0.999999   ev/simsec=249.277
     Messages:  created: 241844   present: 9   in FES: 6
** Event #1932800   t=6073.699144556184   Elapsed: 6073.65s (1h 41m)  96% completed  (96% total)
     Speed:     ev/sec=296.859   simsec/sec=0.999999   ev/simsec=296.86
     Messages:  created: 241940   present: 9   in FES: 6
** Event #1933568   t=6076.427740779572   Elapsed: 6076.37s (1h 41m)  96% completed  (96% total)
     Speed:     ev/sec=281.464   simsec/sec=1   ev/simsec=281.463
     Messages:  created: 242036   present: 9   in FES: 6
** Event #1934080   t=6078.679387552261   Elapsed: 6078.63s (1h 41m)  96% completed  (96% total)
     Speed:     ev/sec=227.389   simsec/sec=1   ev/simsec=227.389
     Messages:  created: 242099   present: 8   in FES: 5
** Event #1934592   t=6081.153790461887   Elapsed: 6081.1s (1h 41m)  96% completed  (96% total)
     Speed:     ev/sec=206.918   simsec/sec=0.999998   ev/simsec=206.919
     Messages:  created: 242163   present: 8   in FES: 5
** Event #1935104   t=6083.184443826318   Elapsed: 6083.13s (1h 41m)  96% completed  (96% total)
     Speed:     ev/sec=252.136   simsec/sec=1   ev/simsec=252.136
     Messages:  created: 242228   present: 9   in FES: 6
** Event #1935616   t=6085.203204472552   Elapsed: 6085.15s (1h 41m)  96% completed  (96% total)
     Speed:     ev/sec=253.621   simsec/sec=1   ev/simsec=253.621
     Messages:  created: 242291   present: 8   in FES: 5
** Event #1936128   t=6087.408223331542   Elapsed: 6087.35s (1h 41m)  96% completed  (96% total)
     Speed:     ev/sec=232.197   simsec/sec=0.999999   ev/simsec=232.198
     Messages:  created: 242356   present: 9   in FES: 6
** Event #1936640   t=6089.43549827281   Elapsed: 6089.38s (1h 41m)  96% completed  (96% total)
     Speed:     ev/sec=252.557   simsec/sec=1   ev/simsec=252.556
     Messages:  created: 242419   present: 8   in FES: 5
** Event #1937920   t=6091.593567993336   Elapsed: 6091.54s (1h 41m)  96% completed  (96% total)
     Speed:     ev/sec=593.121   simsec/sec=0.999998   ev/simsec=593.123
     Messages:  created: 242580   present: 9   in FES: 6
** Event #1938944   t=6093.689353514263   Elapsed: 6093.64s (1h 41m)  96% completed  (96% total)
     Speed:     ev/sec=488.599   simsec/sec=0.999999   ev/simsec=488.6
     Messages:  created: 242707   present: 8   in FES: 5
** Event #1939712   t=6095.764821746038   Elapsed: 6095.71s (1h 41m)  96% completed  (96% total)
     Speed:     ev/sec=370.041   simsec/sec=1.00001   ev/simsec=370.037
     Messages:  created: 242804   present: 9   in FES: 6
** Event #1940736   t=6097.88909292118   Elapsed: 6097.84s (1h 41m)  96% completed  (96% total)
     Speed:     ev/sec=482.043   simsec/sec=0.99999   ev/simsec=482.048
     Messages:  created: 242932   present: 9   in FES: 6
** Event #1941760   t=6100.448850252915   Elapsed: 6100.39s (1h 41m)  96% completed  (96% total)
     Speed:     ev/sec=400.038   simsec/sec=0.999999   ev/simsec=400.038
     Messages:  created: 243060   present: 10   in FES: 6
** Event #1942528   t=6102.688653684307   Elapsed: 6102.63s (1h 41m)  96% completed  (96% total)
     Speed:     ev/sec=342.887   simsec/sec=1   ev/simsec=342.887
     Messages:  created: 243155   present: 8   in FES: 5
** Event #1943040   t=6104.930542808792   Elapsed: 6104.88s (1h 41m)  96% completed  (96% total)
     Speed:     ev/sec=228.379   simsec/sec=1   ev/simsec=228.379
     Messages:  created: 243219   present: 8   in FES: 5
** Event #1943808   t=6107.451407717466   Elapsed: 6107.4s (1h 41m)  96% completed  (96% total)
     Speed:     ev/sec=304.657   simsec/sec=1   ev/simsec=304.657
     Messages:  created: 243315   present: 8   in FES: 5
** Event #1944320   t=6109.54851065137   Elapsed: 6109.49s (1h 41m)  96% completed  (96% total)
     Speed:     ev/sec=244.146   simsec/sec=0.999998   ev/simsec=244.146
     Messages:  created: 243379   present: 8   in FES: 5
** Event #1944832   t=6111.95119725645   Elapsed: 6111.9s (1h 41m)  97% completed  (97% total)
     Speed:     ev/sec=213.095   simsec/sec=1   ev/simsec=213.095
     Messages:  created: 243443   present: 8   in FES: 5
** Event #1945344   t=6114.668072115792   Elapsed: 6114.61s (1h 41m)  97% completed  (97% total)
     Speed:     ev/sec=188.452   simsec/sec=1   ev/simsec=188.452
     Messages:  created: 243507   present: 8   in FES: 5
** Event #1946112   t=6117.98432812855   Elapsed: 6117.93s (1h 41m)  97% completed  (97% total)
     Speed:     ev/sec=231.586   simsec/sec=0.999998   ev/simsec=231.586
     Messages:  created: 243603   present: 8   in FES: 5
** Event #1946880   t=6120.646886386666   Elapsed: 6120.59s (1h 42m)  97% completed  (97% total)
     Speed:     ev/sec=288.446   simsec/sec=1.00001   ev/simsec=288.444
     Messages:  created: 243699   present: 9   in FES: 6
** Event #1947392   t=6122.662946807671   Elapsed: 6122.61s (1h 42m)  97% completed  (97% total)
     Speed:     ev/sec=253.958   simsec/sec=0.999991   ev/simsec=253.961
     Messages:  created: 243763   present: 8   in FES: 5
** Event #1948160   t=6125.395244601384   Elapsed: 6125.34s (1h 42m)  97% completed  (97% total)
     Speed:     ev/sec=281.083   simsec/sec=1   ev/simsec=281.082
     Messages:  created: 243859   present: 8   in FES: 5
** Event #1948928   t=6127.92533731197   Elapsed: 6127.87s (1h 42m)  97% completed  (97% total)
     Speed:     ev/sec=303.545   simsec/sec=0.999997   ev/simsec=303.546
     Messages:  created: 243955   present: 8   in FES: 5
** Event #1950208   t=6129.926963957448   Elapsed: 6129.87s (1h 42m)  97% completed  (97% total)
     Speed:     ev/sec=639.48   simsec/sec=1   ev/simsec=639.48
     Messages:  created: 244116   present: 12   in FES: 6
** Event #1951232   t=6132.25145977821   Elapsed: 6132.2s (1h 42m)  97% completed  (97% total)
     Speed:     ev/sec=440.526   simsec/sec=1   ev/simsec=440.526
     Messages:  created: 244245   present: 15   in FES: 7
** Event #1952000   t=6134.459324705084   Elapsed: 6134.41s (1h 42m)  97% completed  (97% total)
     Speed:     ev/sec=347.847   simsec/sec=0.999998   ev/simsec=347.847
     Messages:  created: 244339   present: 8   in FES: 5
** Event #1953024   t=6136.600137720827   Elapsed: 6136.55s (1h 42m)  97% completed  (97% total)
     Speed:     ev/sec=478.325   simsec/sec=1   ev/simsec=478.323
     Messages:  created: 244467   present: 9   in FES: 6
** Event #1954048   t=6138.900078371472   Elapsed: 6138.85s (1h 42m)  97% completed  (97% total)
     Speed:     ev/sec=445.228   simsec/sec=0.999999   ev/simsec=445.229
     Messages:  created: 244595   present: 8   in FES: 5
** Event #1955072   t=6140.977377036202   Elapsed: 6140.92s (1h 42m)  97% completed  (97% total)
     Speed:     ev/sec=492.947   simsec/sec=0.999999   ev/simsec=492.948
     Messages:  created: 244723   present: 8   in FES: 5
** Event #1956096   t=6143.324822743148   Elapsed: 6143.27s (1h 42m)  97% completed  (97% total)
     Speed:     ev/sec=436.219   simsec/sec=1   ev/simsec=436.219
     Messages:  created: 244851   present: 8   in FES: 5
** Event #1956864   t=6145.420802802413   Elapsed: 6145.37s (1h 42m)  97% completed  (97% total)
     Speed:     ev/sec=366.416   simsec/sec=1   ev/simsec=366.416
     Messages:  created: 244947   present: 9   in FES: 6
** Event #1957888   t=6147.851767544432   Elapsed: 6147.8s (1h 42m)  97% completed  (97% total)
     Speed:     ev/sec=421.232   simsec/sec=0.999999   ev/simsec=421.232
     Messages:  created: 245075   present: 9   in FES: 6
** Event #1958656   t=6150.107301346589   Elapsed: 6150.05s (1h 42m)  97% completed  (97% total)
     Speed:     ev/sec=340.496   simsec/sec=0.999999   ev/simsec=340.496
     Messages:  created: 245171   present: 9   in FES: 6
** Event #1959424   t=6152.135555118515   Elapsed: 6152.08s (1h 42m)  97% completed  (97% total)
     Speed:     ev/sec=378.651   simsec/sec=1   ev/simsec=378.651
     Messages:  created: 245267   present: 10   in FES: 6
** Event #1960192   t=6154.292287561691   Elapsed: 6154.24s (1h 42m)  97% completed  (97% total)
     Speed:     ev/sec=356.094   simsec/sec=1   ev/simsec=356.094
     Messages:  created: 245363   present: 8   in FES: 5
** Event #1960960   t=6156.733217429419   Elapsed: 6156.68s (1h 42m)  97% completed  (97% total)
     Speed:     ev/sec=314.634   simsec/sec=1   ev/simsec=314.634
     Messages:  created: 245459   present: 8   in FES: 5
** Event #1961728   t=6158.903262256515   Elapsed: 6158.85s (1h 42m)  97% completed  (97% total)
     Speed:     ev/sec=353.91   simsec/sec=1   ev/simsec=353.91
     Messages:  created: 245555   present: 8   in FES: 5
** Event #1962752   t=6160.988264800043   Elapsed: 6160.93s (1h 42m)  97% completed  (97% total)
     Speed:     ev/sec=491.126   simsec/sec=0.999999   ev/simsec=491.126
     Messages:  created: 245683   present: 9   in FES: 6
** Event #1963776   t=6163.764488520257   Elapsed: 6163.71s (1h 42m)  97% completed  (97% total)
     Speed:     ev/sec=368.846   simsec/sec=0.999999   ev/simsec=368.846
     Messages:  created: 245811   present: 9   in FES: 6
** Event #1964288   t=6165.791181052397   Elapsed: 6165.74s (1h 42m)  97% completed  (97% total)
     Speed:     ev/sec=252.629   simsec/sec=1   ev/simsec=252.628
     Messages:  created: 245875   present: 8   in FES: 5
** Event #1964800   t=6168.314592322574   Elapsed: 6168.26s (1h 42m)  97% completed  (97% total)
     Speed:     ev/sec=202.9   simsec/sec=1   ev/simsec=202.9
     Messages:  created: 245939   present: 8   in FES: 5
** Event #1965312   t=6170.337014439217   Elapsed: 6170.28s (1h 42m)  97% completed  (97% total)
     Speed:     ev/sec=253.162   simsec/sec=1   ev/simsec=253.162
     Messages:  created: 246004   present: 11   in FES: 7
** Event #1966080   t=6172.769840205993   Elapsed: 6172.72s (1h 42m)  97% completed  (97% total)
     Speed:     ev/sec=315.683   simsec/sec=1   ev/simsec=315.682
     Messages:  created: 246099   present: 8   in FES: 5
** Event #1966848   t=6175.102817964207   Elapsed: 6175.05s (1h 42m)  98% completed  (98% total)
     Speed:     ev/sec=329.193   simsec/sec=0.999999   ev/simsec=329.193
     Messages:  created: 246195   present: 8   in FES: 5
** Event #1967616   t=6177.480950487309   Elapsed: 6177.43s (1h 42m)  98% completed  (98% total)
     Speed:     ev/sec=322.943   simsec/sec=1   ev/simsec=322.942
     Messages:  created: 246291   present: 8   in FES: 5
** Event #1968640   t=6179.640293328976   Elapsed: 6179.59s (1h 42m)  98% completed  (98% total)
     Speed:     ev/sec=474.217   simsec/sec=0.999998   ev/simsec=474.218
     Messages:  created: 246419   present: 8   in FES: 5
** Event #1969920   t=6182.027341819093   Elapsed: 6181.97s (1h 43m)  98% completed  (98% total)
     Speed:     ev/sec=536.074   simsec/sec=0.999715   ev/simsec=536.227
     Messages:  created: 246579   present: 11   in FES: 6
t=6184.148244 executing setDimmer(0.7)
** Event #1970688   t=6184.276776447017   Elapsed: 6184.22s (1h 43m)  98% completed  (98% total)
     Speed:     ev/sec=341.522   simsec/sec=1.0003   ev/simsec=341.419
     Messages:  created: 246675   present: 11   in FES: 7
** Event #1971712   t=6186.716271417256   Elapsed: 6186.66s (1h 43m)  98% completed  (98% total)
     Speed:     ev/sec=419.758   simsec/sec=0.999999   ev/simsec=419.759
     Messages:  created: 246803   present: 12   in FES: 7
** Event #1972736   t=6188.959855459018   Elapsed: 6188.91s (1h 43m)  98% completed  (98% total)
     Speed:     ev/sec=456.413   simsec/sec=1   ev/simsec=456.413
     Messages:  created: 246930   present: 9   in FES: 6
** Event #1973760   t=6191.261377933948   Elapsed: 6191.21s (1h 43m)  98% completed  (98% total)
     Speed:     ev/sec=444.923   simsec/sec=1   ev/simsec=444.923
     Messages:  created: 247059   present: 12   in FES: 7
** Event #1974784   t=6193.338389095034   Elapsed: 6193.28s (1h 43m)  98% completed  (98% total)
     Speed:     ev/sec=492.945   simsec/sec=0.999855   ev/simsec=493.016
     Messages:  created: 247191   present: 22   in FES: 6
** Event #1975808   t=6196.123266516498   Elapsed: 6196.07s (1h 43m)  98% completed  (98% total)
     Speed:     ev/sec=367.74   simsec/sec=1.00011   ev/simsec=367.7
     Messages:  created: 247314   present: 8   in FES: 5
** Event #1976832   t=6198.318412929756   Elapsed: 6198.26s (1h 43m)  98% completed  (98% total)
     Speed:     ev/sec=466.484   simsec/sec=1   ev/simsec=466.484
     Messages:  created: 247447   present: 21   in FES: 7
** Event #1977856   t=6200.904939406651   Elapsed: 6200.85s (1h 43m)  98% completed  (98% total)
     Speed:     ev/sec=395.898   simsec/sec=1   ev/simsec=395.898
     Messages:  created: 247572   present: 13   in FES: 7
** Event #1978624   t=6203.233094002436   Elapsed: 6203.18s (1h 43m)  98% completed  (98% total)
     Speed:     ev/sec=329.875   simsec/sec=1   ev/simsec=329.875
     Messages:  created: 247666   present: 8   in FES: 5
** Event #1979648   t=6205.857369521931   Elapsed: 6205.8s (1h 43m)  98% completed  (98% total)
     Speed:     ev/sec=390.202   simsec/sec=0.999998   ev/simsec=390.203
     Messages:  created: 247795   present: 10   in FES: 6
** Event #1980672   t=6208.02375080775   Elapsed: 6207.97s (1h 43m)  98% completed  (98% total)
     Speed:     ev/sec=472.678   simsec/sec=1   ev/simsec=472.678
     Messages:  created: 247923   present: 10   in FES: 6
** Event #1981440   t=6210.033732554652   Elapsed: 6209.98s (1h 43m)  98% completed  (98% total)
     Speed:     ev/sec=382.093   simsec/sec=1   ev/simsec=382.093
     Messages:  created: 248022   present: 18   in FES: 7
** Event #1981952   t=6212.175810234034   Elapsed: 6212.12s (1h 43m)  98% completed  (98% total)
     Speed:     ev/sec=239.02   simsec/sec=0.999999   ev/simsec=239.02
     Messages:  created: 248085   present: 17   in FES: 7
** Event #1982464   t=6214.347641791283   Elapsed: 6214.29s (1h 43m)  98% completed  (98% total)
     Speed:     ev/sec=235.746   simsec/sec=1   ev/simsec=235.746
     Messages:  created: 248146   present: 9   in FES: 6
** Event #1982976   t=6216.617138973301   Elapsed: 6216.56s (1h 43m)  98% completed  (98% total)
     Speed:     ev/sec=225.6   simsec/sec=0.999997   ev/simsec=225.601
     Messages:  created: 248210   present: 9   in FES: 6
** Event #1983744   t=6219.265350060908   Elapsed: 6219.21s (1h 43m)  98% completed  (98% total)
     Speed:     ev/sec=290.007   simsec/sec=1   ev/simsec=290.007
     Messages:  created: 248307   present: 11   in FES: 7
** Event #1984768   t=6221.946040652141   Elapsed: 6221.89s (1h 43m)  98% completed  (98% total)
     Speed:     ev/sec=381.991   simsec/sec=0.999999   ev/simsec=381.991
     Messages:  created: 248434   present: 9   in FES: 6
** Event #1985792   t=6224.282636731302   Elapsed: 6224.24s (1h 43m)  98% completed  (98% total)
     Speed:     ev/sec=436.83   simsec/sec=0.996773   ev/simsec=438.244
     Messages:  created: 248564   present: 14   in FES: 6
** Event #1986560   t=6226.634966099474   Elapsed: 6226.58s (1h 43m)  98% completed  (98% total)
     Speed:     ev/sec=327.539   simsec/sec=1.00323   ev/simsec=326.485
     Messages:  created: 248658   present: 8   in FES: 5
** Event #1987072   t=6228.646160308365   Elapsed: 6228.59s (1h 43m)  98% completed  (98% total)
     Speed:     ev/sec=254.575   simsec/sec=1   ev/simsec=254.575
     Messages:  created: 248723   present: 10   in FES: 7
** Event #1987840   t=6231.144536897443   Elapsed: 6231.09s (1h 43m)  98% completed  (98% total)
     Speed:     ev/sec=307.4   simsec/sec=1   ev/simsec=307.4
     Messages:  created: 248819   present: 11   in FES: 6
** Event #1988608   t=6233.545103157456   Elapsed: 6233.49s (1h 43m)  98% completed  (98% total)
     Speed:     ev/sec=319.932   simsec/sec=1.00002   ev/simsec=319.925
     Messages:  created: 248915   present: 11   in FES: 7
** Event #1989376   t=6235.994433031319   Elapsed: 6235.94s (1h 43m)  98% completed  (98% total)
     Speed:     ev/sec=313.539   simsec/sec=0.999948   ev/simsec=313.555
     Messages:  created: 249010   present: 8   in FES: 5
** Event #1989888   t=6238.048440232853   Elapsed: 6237.99s (1h 43m)  99% completed  (99% total)
     Speed:     ev/sec=249.278   simsec/sec=1.00004   ev/simsec=249.269
     Messages:  created: 249075   present: 12   in FES: 7
** Event #1991168   t=6240.456340107231   Elapsed: 6240.42s (1h 44m)  99% completed  (99% total)
     Speed:     ev/sec=527.347   simsec/sec=0.99203   ev/simsec=531.584
     Messages:  created: 249236   present: 15   in FES: 6
** Event #1991936   t=6242.642077814058   Elapsed: 6242.59s (1h 44m)  99% completed  (99% total)
     Speed:     ev/sec=354.035   simsec/sec=1.00759   ev/simsec=351.369
     Messages:  created: 249331   present: 13   in FES: 6
t=6242.901846 executing addServer()
adding server with latency=60
** Event #1992704   t=6244.67209541581   Elapsed: 6244.62s (1h 44m)  99% completed  (99% total)
     Speed:     ev/sec=378.86   simsec/sec=1.00142   ev/simsec=378.322
     Messages:  created: 249428   present: 12   in FES: 8
** Event #1993728   t=6246.739829359522   Elapsed: 6246.69s (1h 44m)  99% completed  (99% total)
     Speed:     ev/sec=495.229   simsec/sec=1   ev/simsec=495.228
     Messages:  created: 249557   present: 14   in FES: 8
** Event #1994496   t=6248.773609928886   Elapsed: 6248.73s (1h 44m)  99% completed  (99% total)
     Speed:     ev/sec=376.566   simsec/sec=0.997203   ev/simsec=377.622
     Messages:  created: 249651   present: 10   in FES: 6
** Event #1995008   t=6251.274142618965   Elapsed: 6251.23s (1h 44m)  99% completed  (99% total)
     Speed:     ev/sec=204.425   simsec/sec=0.998379   ev/simsec=204.756
     Messages:  created: 249715   present: 10   in FES: 6
** Event #1995776   t=6253.569603681255   Elapsed: 6253.52s (1h 44m)  99% completed  (99% total)
     Speed:     ev/sec=336.002   simsec/sec=1.00427   ev/simsec=334.573
     Messages:  created: 249813   present: 14   in FES: 8
** Event #1996800   t=6256.136854936605   Elapsed: 6256.08s (1h 44m)  99% completed  (99% total)
     Speed:     ev/sec=398.869   simsec/sec=0.999998   ev/simsec=398.87
     Messages:  created: 249940   present: 12   in FES: 7
** Event #1997312   t=6258.262791636721   Elapsed: 6258.22s (1h 44m)  99% completed  (99% total)
     Speed:     ev/sec=239.622   simsec/sec=0.994962   ev/simsec=240.835
     Messages:  created: 250003   present: 10   in FES: 6
** Event #1997824   t=6260.414681680131   Elapsed: 6260.38s (1h 44m)  99% completed  (99% total)
     Speed:     ev/sec=237.406   simsec/sec=0.997794   ev/simsec=237.93
     Messages:  created: 250067   present: 10   in FES: 6
** Event #1998592   t=6263.097650396071   Elapsed: 6263.04s (1h 44m)  99% completed  (99% total)
     Speed:     ev/sec=287.916   simsec/sec=1.00582   ev/simsec=286.25
     Messages:  created: 250164   present: 13   in FES: 8
** Event #1999104   t=6265.379829753702   Elapsed: 6265.33s (1h 44m)  99% completed  (99% total)
     Speed:     ev/sec=224.264   simsec/sec=0.999629   ev/simsec=224.347
     Messages:  created: 250227   present: 10   in FES: 6
** Event #1999872   t=6267.832574663073   Elapsed: 6267.78s (1h 44m)  99% completed  (99% total)
     Speed:     ev/sec=312.994   simsec/sec=0.999601   ev/simsec=313.119
     Messages:  created: 250323   present: 10   in FES: 6
** Event #2000640   t=6270.263362880712   Elapsed: 6270.22s (1h 44m)  99% completed  (99% total)
     Speed:     ev/sec=315.368   simsec/sec=0.998167   ev/simsec=315.947
     Messages:  created: 250422   present: 18   in FES: 7
** Event #2001152   t=6272.712301129184   Elapsed: 6272.66s (1h 44m)  99% completed  (99% total)
     Speed:     ev/sec=209.549   simsec/sec=1.00229   ev/simsec=209.07
     Messages:  created: 250483   present: 10   in FES: 6
** Event #2001920   t=6274.915621799402   Elapsed: 6274.86s (1h 44m)  99% completed  (99% total)
     Speed:     ev/sec=348.528   simsec/sec=0.999894   ev/simsec=348.565
     Messages:  created: 250579   present: 10   in FES: 6
** Event #2002688   t=6277.779760905056   Elapsed: 6277.73s (1h 44m)  99% completed  (99% total)
     Speed:     ev/sec=268.23   simsec/sec=1.00032   ev/simsec=268.143
     Messages:  created: 250677   present: 14   in FES: 8
** Event #2003456   t=6279.836617999211   Elapsed: 6279.79s (1h 44m)  99% completed  (99% total)
     Speed:     ev/sec=371.607   simsec/sec=0.995238   ev/simsec=373.385
     Messages:  created: 250771   present: 10   in FES: 6
** Event #2004480   t=6282.303087763849   Elapsed: 6282.25s (1h 44m)  99% completed  (99% total)
     Speed:     ev/sec=416.553   simsec/sec=1.00334   ev/simsec=415.168
     Messages:  created: 250899   present: 10   in FES: 6
** Event #2004992   t=6284.801809927563   Elapsed: 6284.75s (1h 44m)  99% completed  (99% total)
     Speed:     ev/sec=205.039   simsec/sec=1.00066   ev/simsec=204.905
     Messages:  created: 250964   present: 12   in FES: 8
** Event #2005760   t=6287.347319001166   Elapsed: 6287.3s (1h 44m)  99% completed  (99% total)
     Speed:     ev/sec=301.142   simsec/sec=0.998124   ev/simsec=301.708
     Messages:  created: 251059   present: 10   in FES: 6
** Event #2006528   t=6289.686377149426   Elapsed: 6289.63s (1h 44m)  99% completed  (99% total)
     Speed:     ev/sec=329.01   simsec/sec=1.00205   ev/simsec=328.337
     Messages:  created: 251157   present: 14   in FES: 8
** Event #2007040   t=6292.29272845684   Elapsed: 6292.24s (1h 44m)  99% completed  (99% total)
     Speed:     ev/sec=195.969   simsec/sec=0.997585   ev/simsec=196.443
     Messages:  created: 251219   present: 10   in FES: 6
** Event #2007552   t=6294.459219874814   Elapsed: 6294.41s (1h 44m)  99% completed  (99% total)
     Speed:     ev/sec=236.832   simsec/sec=1.00214   ev/simsec=236.327
     Messages:  created: 251283   present: 10   in FES: 6
** Event #2008064   t=6296.55347121567   Elapsed: 6296.5s (1h 44m)  99% completed  (99% total)
     Speed:     ev/sec=244.676   simsec/sec=1.00081   ev/simsec=244.479
     Messages:  created: 251349   present: 14   in FES: 8
** Event #2008832   t=6298.758332730232   Elapsed: 6298.71s (1h 44m)  99% completed  (99% total)
     Speed:     ev/sec=347.723   simsec/sec=0.998284   ev/simsec=348.321
     Messages:  created: 251443   present: 10   in FES: 6
** Event #2009177   t=6300   Elapsed: 6299.95s (1h 44m)  100% completed  (100% total)
     Speed:     ev/sec=277.748   simsec/sec=1.00253   ev/simsec=277.047
     Messages:  created: 251486   present: 11   in FES: 7

<!> Simulation time limit reached -- at t=6300s, event #2009177

Calling finish() at end of Run #6...

End.
